file_a,file_b,class_name,dhash_dist,phash_dist,confidence
bored_1365.jpg,bored_1390.jpg,bored,1,0,high_confidence
bored_1365.jpg,bored_1512.jpg,bored,0,0,high_confidence
bored_1365.jpg,bored_1543.jpg,bored,0,0,high_confidence
bored_1365.jpg,bored_1595.jpg,bored,2,2,high_confidence
bored_1390.jpg,bored_1512.jpg,bored,1,0,high_confidence
bored_1390.jpg,bored_1543.jpg,bored,1,0,high_confidence
bored_1390.jpg,bored_1595.jpg,bored,1,2,high_confidence
bored_1512.jpg,bored_1543.jpg,bored,0,0,high_confidence
bored_1512.jpg,bored_1595.jpg,bored,2,2,high_confidence
bored_1543.jpg,bored_1595.jpg,bored,2,2,high_confidence
bored_1755.jpg,bored_1902.jpg,bored,1,2,high_confidence
bored_2193.jpg,bored_2230.jpg,bored,0,2,high_confidence
bored_2193.jpg,bored_2201.jpg,bored,0,0,high_confidence
bored_2196.jpg,bored_2288.jpg,bored,0,0,high_confidence
bored_2230.jpg,bored_2201.jpg,bored,0,2,high_confidence
bored_4455.jpg,bored_4458.jpg,bored,0,0,high_confidence
bored_4455.jpg,bored_4461.jpg,bored,0,0,high_confidence
bored_4455.jpg,bored_4463.jpg,bored,0,0,high_confidence
bored_4455.jpg,bored_4505.jpg,bored,0,0,high_confidence
bored_4455.jpg,bored_4509.jpg,bored,0,0,high_confidence
bored_4455.jpg,bored_4515.jpg,bored,1,0,high_confidence
bored_4455.jpg,bored_4491.jpg,bored,0,0,high_confidence
bored_4458.jpg,bored_4461.jpg,bored,0,0,high_confidence
bored_4458.jpg,bored_4463.jpg,bored,0,0,high_confidence
bored_4458.jpg,bored_4505.jpg,bored,0,0,high_confidence
bored_4458.jpg,bored_4509.jpg,bored,0,0,high_confidence
bored_4458.jpg,bored_4515.jpg,bored,1,0,high_confidence
bored_4458.jpg,bored_4491.jpg,bored,0,0,high_confidence
bored_4461.jpg,bored_4463.jpg,bored,0,0,high_confidence
bored_4461.jpg,bored_4505.jpg,bored,0,0,high_confidence
bored_4461.jpg,bored_4509.jpg,bored,0,0,high_confidence
bored_4461.jpg,bored_4515.jpg,bored,1,0,high_confidence
bored_4461.jpg,bored_4491.jpg,bored,0,0,high_confidence
bored_4463.jpg,bored_4505.jpg,bored,0,0,high_confidence
bored_4463.jpg,bored_4509.jpg,bored,0,0,high_confidence
bored_4463.jpg,bored_4515.jpg,bored,1,0,high_confidence
bored_4463.jpg,bored_4491.jpg,bored,0,0,high_confidence
bored_4505.jpg,bored_4509.jpg,bored,0,0,high_confidence
bored_4505.jpg,bored_4515.jpg,bored,1,0,high_confidence
bored_4505.jpg,bored_4491.jpg,bored,0,0,high_confidence
bored_4509.jpg,bored_4515.jpg,bored,1,0,high_confidence
bored_4509.jpg,bored_4491.jpg,bored,0,0,high_confidence
bored_4515.jpg,bored_4491.jpg,bored,1,0,high_confidence
bored_4749.jpg,bored_4839.jpg,bored,2,2,high_confidence
bored_4880.jpg,bored_4708.jpg,bored,1,2,high_confidence
bored_5123.jpg,bored_5166.jpg,bored,0,0,high_confidence
bored_5123.jpg,bored_5171.jpg,bored,0,0,high_confidence
bored_5123.jpg,bored_5177.jpg,bored,0,0,high_confidence
bored_5123.jpg,bored_5182.jpg,bored,0,0,high_confidence
bored_5123.jpg,bored_5188.jpg,bored,0,0,high_confidence
bored_5123.jpg,bored_5197.jpg,bored,0,0,high_confidence
bored_5123.jpg,bored_5202.jpg,bored,0,0,high_confidence
bored_5123.jpg,bored_5207.jpg,bored,0,0,high_confidence
bored_5123.jpg,bored_5212.jpg,bored,0,0,high_confidence
bored_5123.jpg,bored_5217.jpg,bored,0,0,high_confidence
bored_5123.jpg,bored_5543.jpg,bored,0,2,high_confidence
bored_5123.jpg,bored_5553.jpg,bored,0,2,high_confidence
bored_5123.jpg,bored_5596.jpg,bored,0,2,high_confidence
bored_5123.jpg,bored_5606.jpg,bored,0,2,high_confidence
bored_5123.jpg,bored_5193.jpg,bored,0,0,high_confidence
bored_5123.jpg,bored_5222.jpg,bored,0,0,high_confidence
bored_5123.jpg,bored_5226.jpg,bored,0,0,high_confidence
bored_5166.jpg,bored_5171.jpg,bored,0,0,high_confidence
bored_5166.jpg,bored_5177.jpg,bored,0,0,high_confidence
bored_5166.jpg,bored_5182.jpg,bored,0,0,high_confidence
bored_5166.jpg,bored_5188.jpg,bored,0,0,high_confidence
bored_5166.jpg,bored_5197.jpg,bored,0,0,high_confidence
bored_5166.jpg,bored_5202.jpg,bored,0,0,high_confidence
bored_5166.jpg,bored_5207.jpg,bored,0,0,high_confidence
bored_5166.jpg,bored_5212.jpg,bored,0,0,high_confidence
bored_5166.jpg,bored_5217.jpg,bored,0,0,high_confidence
bored_5166.jpg,bored_5543.jpg,bored,0,2,high_confidence
bored_5166.jpg,bored_5553.jpg,bored,0,2,high_confidence
bored_5166.jpg,bored_5596.jpg,bored,0,2,high_confidence
bored_5166.jpg,bored_5606.jpg,bored,0,2,high_confidence
bored_5166.jpg,bored_5193.jpg,bored,0,0,high_confidence
bored_5166.jpg,bored_5222.jpg,bored,0,0,high_confidence
bored_5166.jpg,bored_5226.jpg,bored,0,0,high_confidence
bored_5169.jpg,bored_5306.jpg,bored,0,0,high_confidence
bored_5171.jpg,bored_5177.jpg,bored,0,0,high_confidence
bored_5171.jpg,bored_5182.jpg,bored,0,0,high_confidence
bored_5171.jpg,bored_5188.jpg,bored,0,0,high_confidence
bored_5171.jpg,bored_5197.jpg,bored,0,0,high_confidence
bored_5171.jpg,bored_5202.jpg,bored,0,0,high_confidence
bored_5171.jpg,bored_5207.jpg,bored,0,0,high_confidence
bored_5171.jpg,bored_5212.jpg,bored,0,0,high_confidence
bored_5171.jpg,bored_5217.jpg,bored,0,0,high_confidence
bored_5171.jpg,bored_5543.jpg,bored,0,2,high_confidence
bored_5171.jpg,bored_5553.jpg,bored,0,2,high_confidence
bored_5171.jpg,bored_5596.jpg,bored,0,2,high_confidence
bored_5171.jpg,bored_5606.jpg,bored,0,2,high_confidence
bored_5171.jpg,bored_5193.jpg,bored,0,0,high_confidence
bored_5171.jpg,bored_5222.jpg,bored,0,0,high_confidence
bored_5171.jpg,bored_5226.jpg,bored,0,0,high_confidence
bored_5177.jpg,bored_5182.jpg,bored,0,0,high_confidence
bored_5177.jpg,bored_5188.jpg,bored,0,0,high_confidence
bored_5177.jpg,bored_5197.jpg,bored,0,0,high_confidence
bored_5177.jpg,bored_5202.jpg,bored,0,0,high_confidence
bored_5177.jpg,bored_5207.jpg,bored,0,0,high_confidence
bored_5177.jpg,bored_5212.jpg,bored,0,0,high_confidence
bored_5177.jpg,bored_5217.jpg,bored,0,0,high_confidence
bored_5177.jpg,bored_5543.jpg,bored,0,2,high_confidence
bored_5177.jpg,bored_5553.jpg,bored,0,2,high_confidence
bored_5177.jpg,bored_5596.jpg,bored,0,2,high_confidence
bored_5177.jpg,bored_5606.jpg,bored,0,2,high_confidence
bored_5177.jpg,bored_5193.jpg,bored,0,0,high_confidence
bored_5177.jpg,bored_5222.jpg,bored,0,0,high_confidence
bored_5177.jpg,bored_5226.jpg,bored,0,0,high_confidence
bored_5182.jpg,bored_5188.jpg,bored,0,0,high_confidence
bored_5182.jpg,bored_5197.jpg,bored,0,0,high_confidence
bored_5182.jpg,bored_5202.jpg,bored,0,0,high_confidence
bored_5182.jpg,bored_5207.jpg,bored,0,0,high_confidence
bored_5182.jpg,bored_5212.jpg,bored,0,0,high_confidence
bored_5182.jpg,bored_5217.jpg,bored,0,0,high_confidence
bored_5182.jpg,bored_5543.jpg,bored,0,2,high_confidence
bored_5182.jpg,bored_5553.jpg,bored,0,2,high_confidence
bored_5182.jpg,bored_5596.jpg,bored,0,2,high_confidence
bored_5182.jpg,bored_5606.jpg,bored,0,2,high_confidence
bored_5182.jpg,bored_5193.jpg,bored,0,0,high_confidence
bored_5182.jpg,bored_5222.jpg,bored,0,0,high_confidence
bored_5182.jpg,bored_5226.jpg,bored,0,0,high_confidence
bored_5188.jpg,bored_5197.jpg,bored,0,0,high_confidence
bored_5188.jpg,bored_5202.jpg,bored,0,0,high_confidence
bored_5188.jpg,bored_5207.jpg,bored,0,0,high_confidence
bored_5188.jpg,bored_5212.jpg,bored,0,0,high_confidence
bored_5188.jpg,bored_5217.jpg,bored,0,0,high_confidence
bored_5188.jpg,bored_5543.jpg,bored,0,2,high_confidence
bored_5188.jpg,bored_5553.jpg,bored,0,2,high_confidence
bored_5188.jpg,bored_5596.jpg,bored,0,2,high_confidence
bored_5188.jpg,bored_5606.jpg,bored,0,2,high_confidence
bored_5188.jpg,bored_5193.jpg,bored,0,0,high_confidence
bored_5188.jpg,bored_5222.jpg,bored,0,0,high_confidence
bored_5188.jpg,bored_5226.jpg,bored,0,0,high_confidence
bored_5197.jpg,bored_5202.jpg,bored,0,0,high_confidence
bored_5197.jpg,bored_5207.jpg,bored,0,0,high_confidence
bored_5197.jpg,bored_5212.jpg,bored,0,0,high_confidence
bored_5197.jpg,bored_5217.jpg,bored,0,0,high_confidence
bored_5197.jpg,bored_5543.jpg,bored,0,2,high_confidence
bored_5197.jpg,bored_5553.jpg,bored,0,2,high_confidence
bored_5197.jpg,bored_5596.jpg,bored,0,2,high_confidence
bored_5197.jpg,bored_5606.jpg,bored,0,2,high_confidence
bored_5197.jpg,bored_5193.jpg,bored,0,0,high_confidence
bored_5197.jpg,bored_5222.jpg,bored,0,0,high_confidence
bored_5197.jpg,bored_5226.jpg,bored,0,0,high_confidence
bored_5202.jpg,bored_5207.jpg,bored,0,0,high_confidence
bored_5202.jpg,bored_5212.jpg,bored,0,0,high_confidence
bored_5202.jpg,bored_5217.jpg,bored,0,0,high_confidence
bored_5202.jpg,bored_5543.jpg,bored,0,2,high_confidence
bored_5202.jpg,bored_5553.jpg,bored,0,2,high_confidence
bored_5202.jpg,bored_5596.jpg,bored,0,2,high_confidence
bored_5202.jpg,bored_5606.jpg,bored,0,2,high_confidence
bored_5202.jpg,bored_5193.jpg,bored,0,0,high_confidence
bored_5202.jpg,bored_5222.jpg,bored,0,0,high_confidence
bored_5202.jpg,bored_5226.jpg,bored,0,0,high_confidence
bored_5207.jpg,bored_5212.jpg,bored,0,0,high_confidence
bored_5207.jpg,bored_5217.jpg,bored,0,0,high_confidence
bored_5207.jpg,bored_5543.jpg,bored,0,2,high_confidence
bored_5207.jpg,bored_5553.jpg,bored,0,2,high_confidence
bored_5207.jpg,bored_5596.jpg,bored,0,2,high_confidence
bored_5207.jpg,bored_5606.jpg,bored,0,2,high_confidence
bored_5207.jpg,bored_5193.jpg,bored,0,0,high_confidence
bored_5207.jpg,bored_5222.jpg,bored,0,0,high_confidence
bored_5207.jpg,bored_5226.jpg,bored,0,0,high_confidence
bored_5212.jpg,bored_5217.jpg,bored,0,0,high_confidence
bored_5212.jpg,bored_5543.jpg,bored,0,2,high_confidence
bored_5212.jpg,bored_5553.jpg,bored,0,2,high_confidence
bored_5212.jpg,bored_5596.jpg,bored,0,2,high_confidence
bored_5212.jpg,bored_5606.jpg,bored,0,2,high_confidence
bored_5212.jpg,bored_5193.jpg,bored,0,0,high_confidence
bored_5212.jpg,bored_5222.jpg,bored,0,0,high_confidence
bored_5212.jpg,bored_5226.jpg,bored,0,0,high_confidence
bored_5217.jpg,bored_5543.jpg,bored,0,2,high_confidence
bored_5217.jpg,bored_5553.jpg,bored,0,2,high_confidence
bored_5217.jpg,bored_5596.jpg,bored,0,2,high_confidence
bored_5217.jpg,bored_5606.jpg,bored,0,2,high_confidence
bored_5217.jpg,bored_5193.jpg,bored,0,0,high_confidence
bored_5217.jpg,bored_5222.jpg,bored,0,0,high_confidence
bored_5217.jpg,bored_5226.jpg,bored,0,0,high_confidence
bored_5543.jpg,bored_5553.jpg,bored,0,0,high_confidence
bored_5543.jpg,bored_5596.jpg,bored,0,0,high_confidence
bored_5543.jpg,bored_5606.jpg,bored,0,0,high_confidence
bored_5543.jpg,bored_5193.jpg,bored,0,2,high_confidence
bored_5543.jpg,bored_5222.jpg,bored,0,2,high_confidence
bored_5543.jpg,bored_5226.jpg,bored,0,2,high_confidence
bored_5553.jpg,bored_5596.jpg,bored,0,0,high_confidence
bored_5553.jpg,bored_5606.jpg,bored,0,0,high_confidence
bored_5553.jpg,bored_5193.jpg,bored,0,2,high_confidence
bored_5553.jpg,bored_5222.jpg,bored,0,2,high_confidence
bored_5553.jpg,bored_5226.jpg,bored,0,2,high_confidence
bored_5596.jpg,bored_5606.jpg,bored,0,0,high_confidence
bored_5596.jpg,bored_5193.jpg,bored,0,2,high_confidence
bored_5596.jpg,bored_5222.jpg,bored,0,2,high_confidence
bored_5596.jpg,bored_5226.jpg,bored,0,2,high_confidence
bored_5606.jpg,bored_5193.jpg,bored,0,2,high_confidence
bored_5606.jpg,bored_5222.jpg,bored,0,2,high_confidence
bored_5606.jpg,bored_5226.jpg,bored,0,2,high_confidence
bored_5700.jpg,bored_5706.jpg,bored,0,0,high_confidence
bored_5700.jpg,bored_5695.jpg,bored,0,0,high_confidence
bored_5700.jpg,bored_5685.jpg,bored,1,2,high_confidence
bored_5706.jpg,bored_5695.jpg,bored,0,0,high_confidence
bored_5706.jpg,bored_5685.jpg,bored,1,2,high_confidence
bored_5867.jpg,bored_5893.jpg,bored,0,0,high_confidence
bored_5867.jpg,bored_5899.jpg,bored,0,0,high_confidence
bored_5867.jpg,bored_5905.jpg,bored,0,0,high_confidence
bored_5867.jpg,bored_5914.jpg,bored,0,0,high_confidence
bored_5867.jpg,bored_5919.jpg,bored,1,0,high_confidence
bored_5867.jpg,bored_6005.jpg,bored,1,0,high_confidence
bored_5867.jpg,bored_6010.jpg,bored,1,0,high_confidence
bored_5867.jpg,bored_6016.jpg,bored,1,0,high_confidence
bored_5867.jpg,bored_6022.jpg,bored,1,0,high_confidence
bored_5867.jpg,bored_6027.jpg,bored,1,0,high_confidence
bored_5867.jpg,bored_6032.jpg,bored,1,0,high_confidence
bored_5867.jpg,bored_6037.jpg,bored,1,0,high_confidence
bored_5867.jpg,bored_6042.jpg,bored,1,0,high_confidence
bored_5867.jpg,bored_6080.jpg,bored,1,0,high_confidence
bored_5867.jpg,bored_5910.jpg,bored,0,0,high_confidence
bored_5867.jpg,bored_6047.jpg,bored,1,0,high_confidence
bored_5893.jpg,bored_5899.jpg,bored,0,0,high_confidence
bored_5893.jpg,bored_5905.jpg,bored,0,0,high_confidence
bored_5893.jpg,bored_5914.jpg,bored,0,0,high_confidence
bored_5893.jpg,bored_5919.jpg,bored,1,0,high_confidence
bored_5893.jpg,bored_6005.jpg,bored,1,0,high_confidence
bored_5893.jpg,bored_6010.jpg,bored,1,0,high_confidence
bored_5893.jpg,bored_6016.jpg,bored,1,0,high_confidence
bored_5893.jpg,bored_6022.jpg,bored,1,0,high_confidence
bored_5893.jpg,bored_6027.jpg,bored,1,0,high_confidence
bored_5893.jpg,bored_6032.jpg,bored,1,0,high_confidence
bored_5893.jpg,bored_6037.jpg,bored,1,0,high_confidence
bored_5893.jpg,bored_6042.jpg,bored,1,0,high_confidence
bored_5893.jpg,bored_6080.jpg,bored,1,0,high_confidence
bored_5893.jpg,bored_5910.jpg,bored,0,0,high_confidence
bored_5893.jpg,bored_6047.jpg,bored,1,0,high_confidence
bored_5899.jpg,bored_5905.jpg,bored,0,0,high_confidence
bored_5899.jpg,bored_5914.jpg,bored,0,0,high_confidence
bored_5899.jpg,bored_5919.jpg,bored,1,0,high_confidence
bored_5899.jpg,bored_6005.jpg,bored,1,0,high_confidence
bored_5899.jpg,bored_6010.jpg,bored,1,0,high_confidence
bored_5899.jpg,bored_6016.jpg,bored,1,0,high_confidence
bored_5899.jpg,bored_6022.jpg,bored,1,0,high_confidence
bored_5899.jpg,bored_6027.jpg,bored,1,0,high_confidence
bored_5899.jpg,bored_6032.jpg,bored,1,0,high_confidence
bored_5899.jpg,bored_6037.jpg,bored,1,0,high_confidence
bored_5899.jpg,bored_6042.jpg,bored,1,0,high_confidence
bored_5899.jpg,bored_6080.jpg,bored,1,0,high_confidence
bored_5899.jpg,bored_5910.jpg,bored,0,0,high_confidence
bored_5899.jpg,bored_6047.jpg,bored,1,0,high_confidence
bored_5905.jpg,bored_5914.jpg,bored,0,0,high_confidence
bored_5905.jpg,bored_5919.jpg,bored,1,0,high_confidence
bored_5905.jpg,bored_6005.jpg,bored,1,0,high_confidence
bored_5905.jpg,bored_6010.jpg,bored,1,0,high_confidence
bored_5905.jpg,bored_6016.jpg,bored,1,0,high_confidence
bored_5905.jpg,bored_6022.jpg,bored,1,0,high_confidence
bored_5905.jpg,bored_6027.jpg,bored,1,0,high_confidence
bored_5905.jpg,bored_6032.jpg,bored,1,0,high_confidence
bored_5905.jpg,bored_6037.jpg,bored,1,0,high_confidence
bored_5905.jpg,bored_6042.jpg,bored,1,0,high_confidence
bored_5905.jpg,bored_6080.jpg,bored,1,0,high_confidence
bored_5905.jpg,bored_5910.jpg,bored,0,0,high_confidence
bored_5905.jpg,bored_6047.jpg,bored,1,0,high_confidence
bored_5914.jpg,bored_5919.jpg,bored,1,0,high_confidence
bored_5914.jpg,bored_6005.jpg,bored,1,0,high_confidence
bored_5914.jpg,bored_6010.jpg,bored,1,0,high_confidence
bored_5914.jpg,bored_6016.jpg,bored,1,0,high_confidence
bored_5914.jpg,bored_6022.jpg,bored,1,0,high_confidence
bored_5914.jpg,bored_6027.jpg,bored,1,0,high_confidence
bored_5914.jpg,bored_6032.jpg,bored,1,0,high_confidence
bored_5914.jpg,bored_6037.jpg,bored,1,0,high_confidence
bored_5914.jpg,bored_6042.jpg,bored,1,0,high_confidence
bored_5914.jpg,bored_6080.jpg,bored,1,0,high_confidence
bored_5914.jpg,bored_5910.jpg,bored,0,0,high_confidence
bored_5914.jpg,bored_6047.jpg,bored,1,0,high_confidence
bored_5919.jpg,bored_6005.jpg,bored,0,0,high_confidence
bored_5919.jpg,bored_6010.jpg,bored,0,0,high_confidence
bored_5919.jpg,bored_6016.jpg,bored,0,0,high_confidence
bored_5919.jpg,bored_6022.jpg,bored,0,0,high_confidence
bored_5919.jpg,bored_6027.jpg,bored,0,0,high_confidence
bored_5919.jpg,bored_6032.jpg,bored,0,0,high_confidence
bored_5919.jpg,bored_6037.jpg,bored,0,0,high_confidence
bored_5919.jpg,bored_6042.jpg,bored,0,0,high_confidence
bored_5919.jpg,bored_6080.jpg,bored,0,0,high_confidence
bored_5919.jpg,bored_5910.jpg,bored,1,0,high_confidence
bored_5919.jpg,bored_6047.jpg,bored,0,0,high_confidence
bored_6005.jpg,bored_6010.jpg,bored,0,0,high_confidence
bored_6005.jpg,bored_6016.jpg,bored,0,0,high_confidence
bored_6005.jpg,bored_6022.jpg,bored,0,0,high_confidence
bored_6005.jpg,bored_6027.jpg,bored,0,0,high_confidence
bored_6005.jpg,bored_6032.jpg,bored,0,0,high_confidence
bored_6005.jpg,bored_6037.jpg,bored,0,0,high_confidence
bored_6005.jpg,bored_6042.jpg,bored,0,0,high_confidence
bored_6005.jpg,bored_6080.jpg,bored,0,0,high_confidence
bored_6005.jpg,bored_5910.jpg,bored,1,0,high_confidence
bored_6005.jpg,bored_6047.jpg,bored,0,0,high_confidence
bored_6010.jpg,bored_6016.jpg,bored,0,0,high_confidence
bored_6010.jpg,bored_6022.jpg,bored,0,0,high_confidence
bored_6010.jpg,bored_6027.jpg,bored,0,0,high_confidence
bored_6010.jpg,bored_6032.jpg,bored,0,0,high_confidence
bored_6010.jpg,bored_6037.jpg,bored,0,0,high_confidence
bored_6010.jpg,bored_6042.jpg,bored,0,0,high_confidence
bored_6010.jpg,bored_6080.jpg,bored,0,0,high_confidence
bored_6010.jpg,bored_5910.jpg,bored,1,0,high_confidence
bored_6010.jpg,bored_6047.jpg,bored,0,0,high_confidence
bored_6016.jpg,bored_6022.jpg,bored,0,0,high_confidence
bored_6016.jpg,bored_6027.jpg,bored,0,0,high_confidence
bored_6016.jpg,bored_6032.jpg,bored,0,0,high_confidence
bored_6016.jpg,bored_6037.jpg,bored,0,0,high_confidence
bored_6016.jpg,bored_6042.jpg,bored,0,0,high_confidence
bored_6016.jpg,bored_6080.jpg,bored,0,0,high_confidence
bored_6016.jpg,bored_5910.jpg,bored,1,0,high_confidence
bored_6016.jpg,bored_6047.jpg,bored,0,0,high_confidence
bored_6022.jpg,bored_6027.jpg,bored,0,0,high_confidence
bored_6022.jpg,bored_6032.jpg,bored,0,0,high_confidence
bored_6022.jpg,bored_6037.jpg,bored,0,0,high_confidence
bored_6022.jpg,bored_6042.jpg,bored,0,0,high_confidence
bored_6022.jpg,bored_6080.jpg,bored,0,0,high_confidence
bored_6022.jpg,bored_5910.jpg,bored,1,0,high_confidence
bored_6022.jpg,bored_6047.jpg,bored,0,0,high_confidence
bored_6027.jpg,bored_6032.jpg,bored,0,0,high_confidence
bored_6027.jpg,bored_6037.jpg,bored,0,0,high_confidence
bored_6027.jpg,bored_6042.jpg,bored,0,0,high_confidence
bored_6027.jpg,bored_6080.jpg,bored,0,0,high_confidence
bored_6027.jpg,bored_5910.jpg,bored,1,0,high_confidence
bored_6027.jpg,bored_6047.jpg,bored,0,0,high_confidence
bored_6032.jpg,bored_6037.jpg,bored,0,0,high_confidence
bored_6032.jpg,bored_6042.jpg,bored,0,0,high_confidence
bored_6032.jpg,bored_6080.jpg,bored,0,0,high_confidence
bored_6032.jpg,bored_5910.jpg,bored,1,0,high_confidence
bored_6032.jpg,bored_6047.jpg,bored,0,0,high_confidence
bored_6037.jpg,bored_6042.jpg,bored,0,0,high_confidence
bored_6037.jpg,bored_6080.jpg,bored,0,0,high_confidence
bored_6037.jpg,bored_5910.jpg,bored,1,0,high_confidence
bored_6037.jpg,bored_6047.jpg,bored,0,0,high_confidence
bored_6042.jpg,bored_6080.jpg,bored,0,0,high_confidence
bored_6042.jpg,bored_5910.jpg,bored,1,0,high_confidence
bored_6042.jpg,bored_6047.jpg,bored,0,0,high_confidence
bored_6080.jpg,bored_5910.jpg,bored,1,0,high_confidence
bored_6080.jpg,bored_6047.jpg,bored,0,0,high_confidence
bored_6265.jpg,bored_6271.jpg,bored,0,2,high_confidence
bored_6265.jpg,bored_6275.jpg,bored,0,2,high_confidence
bored_6265.jpg,bored_6294.jpg,bored,0,2,high_confidence
bored_6265.jpg,bored_6298.jpg,bored,0,0,high_confidence
bored_6265.jpg,bored_6302.jpg,bored,0,2,high_confidence
bored_6265.jpg,bored_7026.jpg,bored,1,2,high_confidence
bored_6265.jpg,bored_7069.jpg,bored,2,2,high_confidence
bored_6265.jpg,bored_7078.jpg,bored,2,2,high_confidence
bored_6265.jpg,bored_7081.jpg,bored,2,2,high_confidence
bored_6265.jpg,bored_7097.jpg,bored,2,2,high_confidence
bored_6265.jpg,bored_7104.jpg,bored,2,2,high_confidence
bored_6265.jpg,bored_7110.jpg,bored,2,2,high_confidence
bored_6265.jpg,bored_7122.jpg,bored,2,2,high_confidence
bored_6265.jpg,bored_7126.jpg,bored,2,2,high_confidence
bored_6265.jpg,bored_7128.jpg,bored,2,2,high_confidence
bored_6265.jpg,bored_7131.jpg,bored,2,2,high_confidence
bored_6265.jpg,bored_7160.jpg,bored,2,2,high_confidence
bored_6265.jpg,bored_7164.jpg,bored,2,2,high_confidence
bored_6265.jpg,bored_6290.jpg,bored,0,2,high_confidence
bored_6265.jpg,bored_7035.jpg,bored,2,2,high_confidence
bored_6265.jpg,bored_7074.jpg,bored,2,2,high_confidence
bored_6265.jpg,bored_7114.jpg,bored,2,2,high_confidence
bored_6265.jpg,bored_6279.jpg,bored,0,2,high_confidence
bored_6265.jpg,bored_7094.jpg,bored,2,2,high_confidence
bored_6265.jpg,bored_7107.jpg,bored,2,2,high_confidence
bored_6271.jpg,bored_6275.jpg,bored,0,0,high_confidence
bored_6271.jpg,bored_6294.jpg,bored,0,0,high_confidence
bored_6271.jpg,bored_6298.jpg,bored,0,2,high_confidence
bored_6271.jpg,bored_6302.jpg,bored,0,0,high_confidence
bored_6271.jpg,bored_7026.jpg,bored,1,2,high_confidence
bored_6271.jpg,bored_6290.jpg,bored,0,0,high_confidence
bored_6271.jpg,bored_6279.jpg,bored,0,0,high_confidence
bored_6275.jpg,bored_6294.jpg,bored,0,0,high_confidence
bored_6275.jpg,bored_6298.jpg,bored,0,2,high_confidence
bored_6275.jpg,bored_6302.jpg,bored,0,0,high_confidence
bored_6275.jpg,bored_7026.jpg,bored,1,2,high_confidence
bored_6275.jpg,bored_6290.jpg,bored,0,0,high_confidence
bored_6275.jpg,bored_6279.jpg,bored,0,0,high_confidence
bored_6294.jpg,bored_6298.jpg,bored,0,2,high_confidence
bored_6294.jpg,bored_6302.jpg,bored,0,0,high_confidence
bored_6294.jpg,bored_7026.jpg,bored,1,2,high_confidence
bored_6294.jpg,bored_6290.jpg,bored,0,0,high_confidence
bored_6294.jpg,bored_6279.jpg,bored,0,0,high_confidence
bored_6298.jpg,bored_6302.jpg,bored,0,2,high_confidence
bored_6298.jpg,bored_7026.jpg,bored,1,2,high_confidence
bored_6298.jpg,bored_7069.jpg,bored,2,2,high_confidence
bored_6298.jpg,bored_7078.jpg,bored,2,2,high_confidence
bored_6298.jpg,bored_7081.jpg,bored,2,2,high_confidence
bored_6298.jpg,bored_7097.jpg,bored,2,2,high_confidence
bored_6298.jpg,bored_7104.jpg,bored,2,2,high_confidence
bored_6298.jpg,bored_7110.jpg,bored,2,2,high_confidence
bored_6298.jpg,bored_7122.jpg,bored,2,2,high_confidence
bored_6298.jpg,bored_7126.jpg,bored,2,2,high_confidence
bored_6298.jpg,bored_7128.jpg,bored,2,2,high_confidence
bored_6298.jpg,bored_7131.jpg,bored,2,2,high_confidence
bored_6298.jpg,bored_7160.jpg,bored,2,2,high_confidence
bored_6298.jpg,bored_7164.jpg,bored,2,2,high_confidence
bored_6298.jpg,bored_6290.jpg,bored,0,2,high_confidence
bored_6298.jpg,bored_7035.jpg,bored,2,2,high_confidence
bored_6298.jpg,bored_7074.jpg,bored,2,2,high_confidence
bored_6298.jpg,bored_7114.jpg,bored,2,2,high_confidence
bored_6298.jpg,bored_6279.jpg,bored,0,2,high_confidence
bored_6298.jpg,bored_7094.jpg,bored,2,2,high_confidence
bored_6298.jpg,bored_7107.jpg,bored,2,2,high_confidence
bored_6302.jpg,bored_7026.jpg,bored,1,2,high_confidence
bored_6302.jpg,bored_6290.jpg,bored,0,0,high_confidence
bored_6302.jpg,bored_6279.jpg,bored,0,0,high_confidence
bored_6375.jpg,bored_6405.jpg,bored,1,0,high_confidence
bored_6375.jpg,bored_6410.jpg,bored,1,0,high_confidence
bored_6375.jpg,bored_7026.jpg,bored,2,2,high_confidence
bored_6375.jpg,bored_7069.jpg,bored,1,2,high_confidence
bored_6375.jpg,bored_7078.jpg,bored,1,2,high_confidence
bored_6375.jpg,bored_7081.jpg,bored,1,2,high_confidence
bored_6375.jpg,bored_7097.jpg,bored,1,2,high_confidence
bored_6375.jpg,bored_7104.jpg,bored,1,2,high_confidence
bored_6375.jpg,bored_7110.jpg,bored,1,2,high_confidence
bored_6375.jpg,bored_7122.jpg,bored,1,2,high_confidence
bored_6375.jpg,bored_7126.jpg,bored,1,2,high_confidence
bored_6375.jpg,bored_7128.jpg,bored,1,2,high_confidence
bored_6375.jpg,bored_7131.jpg,bored,1,2,high_confidence
bored_6375.jpg,bored_7160.jpg,bored,1,2,high_confidence
bored_6375.jpg,bored_7164.jpg,bored,1,2,high_confidence
bored_6375.jpg,bored_7035.jpg,bored,1,2,high_confidence
bored_6375.jpg,bored_7074.jpg,bored,1,2,high_confidence
bored_6375.jpg,bored_7114.jpg,bored,1,2,high_confidence
bored_6375.jpg,bored_6379.jpg,bored,1,0,high_confidence
bored_6375.jpg,bored_7094.jpg,bored,1,2,high_confidence
bored_6375.jpg,bored_7107.jpg,bored,1,2,high_confidence
bored_6405.jpg,bored_6410.jpg,bored,0,0,high_confidence
bored_6405.jpg,bored_7026.jpg,bored,1,2,high_confidence
bored_6405.jpg,bored_7069.jpg,bored,0,2,high_confidence
bored_6405.jpg,bored_7078.jpg,bored,0,2,high_confidence
bored_6405.jpg,bored_7081.jpg,bored,0,2,high_confidence
bored_6405.jpg,bored_7097.jpg,bored,0,2,high_confidence
bored_6405.jpg,bored_7104.jpg,bored,0,2,high_confidence
bored_6405.jpg,bored_7110.jpg,bored,0,2,high_confidence
bored_6405.jpg,bored_7122.jpg,bored,0,2,high_confidence
bored_6405.jpg,bored_7126.jpg,bored,0,2,high_confidence
bored_6405.jpg,bored_7128.jpg,bored,0,2,high_confidence
bored_6405.jpg,bored_7131.jpg,bored,0,2,high_confidence
bored_6405.jpg,bored_7160.jpg,bored,0,2,high_confidence
bored_6405.jpg,bored_7164.jpg,bored,0,2,high_confidence
bored_6405.jpg,bored_7035.jpg,bored,0,2,high_confidence
bored_6405.jpg,bored_7074.jpg,bored,0,2,high_confidence
bored_6405.jpg,bored_7114.jpg,bored,0,2,high_confidence
bored_6405.jpg,bored_6379.jpg,bored,0,0,high_confidence
bored_6405.jpg,bored_7094.jpg,bored,0,2,high_confidence
bored_6405.jpg,bored_7107.jpg,bored,0,2,high_confidence
bored_6410.jpg,bored_7026.jpg,bored,1,2,high_confidence
bored_6410.jpg,bored_7069.jpg,bored,0,2,high_confidence
bored_6410.jpg,bored_7078.jpg,bored,0,2,high_confidence
bored_6410.jpg,bored_7081.jpg,bored,0,2,high_confidence
bored_6410.jpg,bored_7097.jpg,bored,0,2,high_confidence
bored_6410.jpg,bored_7104.jpg,bored,0,2,high_confidence
bored_6410.jpg,bored_7110.jpg,bored,0,2,high_confidence
bored_6410.jpg,bored_7122.jpg,bored,0,2,high_confidence
bored_6410.jpg,bored_7126.jpg,bored,0,2,high_confidence
bored_6410.jpg,bored_7128.jpg,bored,0,2,high_confidence
bored_6410.jpg,bored_7131.jpg,bored,0,2,high_confidence
bored_6410.jpg,bored_7160.jpg,bored,0,2,high_confidence
bored_6410.jpg,bored_7164.jpg,bored,0,2,high_confidence
bored_6410.jpg,bored_7035.jpg,bored,0,2,high_confidence
bored_6410.jpg,bored_7074.jpg,bored,0,2,high_confidence
bored_6410.jpg,bored_7114.jpg,bored,0,2,high_confidence
bored_6410.jpg,bored_6379.jpg,bored,0,0,high_confidence
bored_6410.jpg,bored_7094.jpg,bored,0,2,high_confidence
bored_6410.jpg,bored_7107.jpg,bored,0,2,high_confidence
bored_6881.jpg,bored_6887.jpg,bored,1,0,high_confidence
bored_6881.jpg,bored_6891.jpg,bored,1,2,high_confidence
bored_6881.jpg,bored_6895.jpg,bored,1,2,high_confidence
bored_6881.jpg,bored_6902.jpg,bored,1,2,high_confidence
bored_6881.jpg,bored_6919.jpg,bored,1,0,high_confidence
bored_6881.jpg,bored_6920.jpg,bored,1,0,high_confidence
bored_6881.jpg,bored_6918.jpg,bored,1,2,high_confidence
bored_6887.jpg,bored_6891.jpg,bored,0,2,high_confidence
bored_6887.jpg,bored_6895.jpg,bored,0,2,high_confidence
bored_6887.jpg,bored_6902.jpg,bored,0,2,high_confidence
bored_6887.jpg,bored_6919.jpg,bored,0,0,high_confidence
bored_6887.jpg,bored_6920.jpg,bored,0,0,high_confidence
bored_6887.jpg,bored_6918.jpg,bored,0,2,high_confidence
bored_6891.jpg,bored_6895.jpg,bored,0,0,high_confidence
bored_6891.jpg,bored_6902.jpg,bored,0,0,high_confidence
bored_6891.jpg,bored_6919.jpg,bored,0,2,high_confidence
bored_6891.jpg,bored_6920.jpg,bored,0,2,high_confidence
bored_6891.jpg,bored_6918.jpg,bored,0,0,high_confidence
bored_6895.jpg,bored_6902.jpg,bored,0,0,high_confidence
bored_6895.jpg,bored_6919.jpg,bored,0,2,high_confidence
bored_6895.jpg,bored_6920.jpg,bored,0,2,high_confidence
bored_6895.jpg,bored_6918.jpg,bored,0,0,high_confidence
bored_6902.jpg,bored_6919.jpg,bored,0,2,high_confidence
bored_6902.jpg,bored_6920.jpg,bored,0,2,high_confidence
bored_6902.jpg,bored_6918.jpg,bored,0,0,high_confidence
bored_6919.jpg,bored_6920.jpg,bored,0,0,high_confidence
bored_6919.jpg,bored_6918.jpg,bored,0,2,high_confidence
bored_6920.jpg,bored_6918.jpg,bored,0,2,high_confidence
bored_7026.jpg,bored_7069.jpg,bored,1,2,high_confidence
bored_7026.jpg,bored_7078.jpg,bored,1,2,high_confidence
bored_7026.jpg,bored_7081.jpg,bored,1,2,high_confidence
bored_7026.jpg,bored_7097.jpg,bored,1,2,high_confidence
bored_7026.jpg,bored_7104.jpg,bored,1,2,high_confidence
bored_7026.jpg,bored_7110.jpg,bored,1,2,high_confidence
bored_7026.jpg,bored_7122.jpg,bored,1,2,high_confidence
bored_7026.jpg,bored_7126.jpg,bored,1,2,high_confidence
bored_7026.jpg,bored_7128.jpg,bored,1,2,high_confidence
bored_7026.jpg,bored_7131.jpg,bored,1,2,high_confidence
bored_7026.jpg,bored_7160.jpg,bored,1,2,high_confidence
bored_7026.jpg,bored_7164.jpg,bored,1,2,high_confidence
bored_7026.jpg,bored_6290.jpg,bored,1,2,high_confidence
bored_7026.jpg,bored_7035.jpg,bored,1,2,high_confidence
bored_7026.jpg,bored_7074.jpg,bored,1,2,high_confidence
bored_7026.jpg,bored_7114.jpg,bored,1,2,high_confidence
bored_7026.jpg,bored_6279.jpg,bored,1,2,high_confidence
bored_7026.jpg,bored_6379.jpg,bored,1,2,high_confidence
bored_7026.jpg,bored_7094.jpg,bored,1,2,high_confidence
bored_7026.jpg,bored_7107.jpg,bored,1,2,high_confidence
bored_7069.jpg,bored_7078.jpg,bored,0,0,high_confidence
bored_7069.jpg,bored_7081.jpg,bored,0,0,high_confidence
bored_7069.jpg,bored_7097.jpg,bored,0,0,high_confidence
bored_7069.jpg,bored_7104.jpg,bored,0,0,high_confidence
bored_7069.jpg,bored_7110.jpg,bored,0,0,high_confidence
bored_7069.jpg,bored_7122.jpg,bored,0,0,high_confidence
bored_7069.jpg,bored_7126.jpg,bored,0,0,high_confidence
bored_7069.jpg,bored_7128.jpg,bored,0,0,high_confidence
bored_7069.jpg,bored_7131.jpg,bored,0,0,high_confidence
bored_7069.jpg,bored_7160.jpg,bored,0,0,high_confidence
bored_7069.jpg,bored_7164.jpg,bored,0,0,high_confidence
bored_7069.jpg,bored_7035.jpg,bored,0,0,high_confidence
bored_7069.jpg,bored_7074.jpg,bored,0,0,high_confidence
bored_7069.jpg,bored_7114.jpg,bored,0,0,high_confidence
bored_7069.jpg,bored_6379.jpg,bored,0,2,high_confidence
bored_7069.jpg,bored_7094.jpg,bored,0,0,high_confidence
bored_7069.jpg,bored_7107.jpg,bored,0,0,high_confidence
bored_7078.jpg,bored_7081.jpg,bored,0,0,high_confidence
bored_7078.jpg,bored_7097.jpg,bored,0,0,high_confidence
bored_7078.jpg,bored_7104.jpg,bored,0,0,high_confidence
bored_7078.jpg,bored_7110.jpg,bored,0,0,high_confidence
bored_7078.jpg,bored_7122.jpg,bored,0,0,high_confidence
bored_7078.jpg,bored_7126.jpg,bored,0,0,high_confidence
bored_7078.jpg,bored_7128.jpg,bored,0,0,high_confidence
bored_7078.jpg,bored_7131.jpg,bored,0,0,high_confidence
bored_7078.jpg,bored_7160.jpg,bored,0,0,high_confidence
bored_7078.jpg,bored_7164.jpg,bored,0,0,high_confidence
bored_7078.jpg,bored_7035.jpg,bored,0,0,high_confidence
bored_7078.jpg,bored_7074.jpg,bored,0,0,high_confidence
bored_7078.jpg,bored_7114.jpg,bored,0,0,high_confidence
bored_7078.jpg,bored_6379.jpg,bored,0,2,high_confidence
bored_7078.jpg,bored_7094.jpg,bored,0,0,high_confidence
bored_7078.jpg,bored_7107.jpg,bored,0,0,high_confidence
bored_7081.jpg,bored_7097.jpg,bored,0,0,high_confidence
bored_7081.jpg,bored_7104.jpg,bored,0,0,high_confidence
bored_7081.jpg,bored_7110.jpg,bored,0,0,high_confidence
bored_7081.jpg,bored_7122.jpg,bored,0,0,high_confidence
bored_7081.jpg,bored_7126.jpg,bored,0,0,high_confidence
bored_7081.jpg,bored_7128.jpg,bored,0,0,high_confidence
bored_7081.jpg,bored_7131.jpg,bored,0,0,high_confidence
bored_7081.jpg,bored_7160.jpg,bored,0,0,high_confidence
bored_7081.jpg,bored_7164.jpg,bored,0,0,high_confidence
bored_7081.jpg,bored_7035.jpg,bored,0,0,high_confidence
bored_7081.jpg,bored_7074.jpg,bored,0,0,high_confidence
bored_7081.jpg,bored_7114.jpg,bored,0,0,high_confidence
bored_7081.jpg,bored_6379.jpg,bored,0,2,high_confidence
bored_7081.jpg,bored_7094.jpg,bored,0,0,high_confidence
bored_7081.jpg,bored_7107.jpg,bored,0,0,high_confidence
bored_7097.jpg,bored_7104.jpg,bored,0,0,high_confidence
bored_7097.jpg,bored_7110.jpg,bored,0,0,high_confidence
bored_7097.jpg,bored_7122.jpg,bored,0,0,high_confidence
bored_7097.jpg,bored_7126.jpg,bored,0,0,high_confidence
bored_7097.jpg,bored_7128.jpg,bored,0,0,high_confidence
bored_7097.jpg,bored_7131.jpg,bored,0,0,high_confidence
bored_7097.jpg,bored_7160.jpg,bored,0,0,high_confidence
bored_7097.jpg,bored_7164.jpg,bored,0,0,high_confidence
bored_7097.jpg,bored_7035.jpg,bored,0,0,high_confidence
bored_7097.jpg,bored_7074.jpg,bored,0,0,high_confidence
bored_7097.jpg,bored_7114.jpg,bored,0,0,high_confidence
bored_7097.jpg,bored_6379.jpg,bored,0,2,high_confidence
bored_7097.jpg,bored_7094.jpg,bored,0,0,high_confidence
bored_7097.jpg,bored_7107.jpg,bored,0,0,high_confidence
bored_7104.jpg,bored_7110.jpg,bored,0,0,high_confidence
bored_7104.jpg,bored_7122.jpg,bored,0,0,high_confidence
bored_7104.jpg,bored_7126.jpg,bored,0,0,high_confidence
bored_7104.jpg,bored_7128.jpg,bored,0,0,high_confidence
bored_7104.jpg,bored_7131.jpg,bored,0,0,high_confidence
bored_7104.jpg,bored_7160.jpg,bored,0,0,high_confidence
bored_7104.jpg,bored_7164.jpg,bored,0,0,high_confidence
bored_7104.jpg,bored_7035.jpg,bored,0,0,high_confidence
bored_7104.jpg,bored_7074.jpg,bored,0,0,high_confidence
bored_7104.jpg,bored_7114.jpg,bored,0,0,high_confidence
bored_7104.jpg,bored_6379.jpg,bored,0,2,high_confidence
bored_7104.jpg,bored_7094.jpg,bored,0,0,high_confidence
bored_7104.jpg,bored_7107.jpg,bored,0,0,high_confidence
bored_7110.jpg,bored_7122.jpg,bored,0,0,high_confidence
bored_7110.jpg,bored_7126.jpg,bored,0,0,high_confidence
bored_7110.jpg,bored_7128.jpg,bored,0,0,high_confidence
bored_7110.jpg,bored_7131.jpg,bored,0,0,high_confidence
bored_7110.jpg,bored_7160.jpg,bored,0,0,high_confidence
bored_7110.jpg,bored_7164.jpg,bored,0,0,high_confidence
bored_7110.jpg,bored_7035.jpg,bored,0,0,high_confidence
bored_7110.jpg,bored_7074.jpg,bored,0,0,high_confidence
bored_7110.jpg,bored_7114.jpg,bored,0,0,high_confidence
bored_7110.jpg,bored_6379.jpg,bored,0,2,high_confidence
bored_7110.jpg,bored_7094.jpg,bored,0,0,high_confidence
bored_7110.jpg,bored_7107.jpg,bored,0,0,high_confidence
bored_7122.jpg,bored_7126.jpg,bored,0,0,high_confidence
bored_7122.jpg,bored_7128.jpg,bored,0,0,high_confidence
bored_7122.jpg,bored_7131.jpg,bored,0,0,high_confidence
bored_7122.jpg,bored_7160.jpg,bored,0,0,high_confidence
bored_7122.jpg,bored_7164.jpg,bored,0,0,high_confidence
bored_7122.jpg,bored_7035.jpg,bored,0,0,high_confidence
bored_7122.jpg,bored_7074.jpg,bored,0,0,high_confidence
bored_7122.jpg,bored_7114.jpg,bored,0,0,high_confidence
bored_7122.jpg,bored_6379.jpg,bored,0,2,high_confidence
bored_7122.jpg,bored_7094.jpg,bored,0,0,high_confidence
bored_7122.jpg,bored_7107.jpg,bored,0,0,high_confidence
bored_7126.jpg,bored_7128.jpg,bored,0,0,high_confidence
bored_7126.jpg,bored_7131.jpg,bored,0,0,high_confidence
bored_7126.jpg,bored_7160.jpg,bored,0,0,high_confidence
bored_7126.jpg,bored_7164.jpg,bored,0,0,high_confidence
bored_7126.jpg,bored_7035.jpg,bored,0,0,high_confidence
bored_7126.jpg,bored_7074.jpg,bored,0,0,high_confidence
bored_7126.jpg,bored_7114.jpg,bored,0,0,high_confidence
bored_7126.jpg,bored_6379.jpg,bored,0,2,high_confidence
bored_7126.jpg,bored_7094.jpg,bored,0,0,high_confidence
bored_7126.jpg,bored_7107.jpg,bored,0,0,high_confidence
bored_7128.jpg,bored_7131.jpg,bored,0,0,high_confidence
bored_7128.jpg,bored_7160.jpg,bored,0,0,high_confidence
bored_7128.jpg,bored_7164.jpg,bored,0,0,high_confidence
bored_7128.jpg,bored_7035.jpg,bored,0,0,high_confidence
bored_7128.jpg,bored_7074.jpg,bored,0,0,high_confidence
bored_7128.jpg,bored_7114.jpg,bored,0,0,high_confidence
bored_7128.jpg,bored_6379.jpg,bored,0,2,high_confidence
bored_7128.jpg,bored_7094.jpg,bored,0,0,high_confidence
bored_7128.jpg,bored_7107.jpg,bored,0,0,high_confidence
bored_7131.jpg,bored_7160.jpg,bored,0,0,high_confidence
bored_7131.jpg,bored_7164.jpg,bored,0,0,high_confidence
bored_7131.jpg,bored_7035.jpg,bored,0,0,high_confidence
bored_7131.jpg,bored_7074.jpg,bored,0,0,high_confidence
bored_7131.jpg,bored_7114.jpg,bored,0,0,high_confidence
bored_7131.jpg,bored_6379.jpg,bored,0,2,high_confidence
bored_7131.jpg,bored_7094.jpg,bored,0,0,high_confidence
bored_7131.jpg,bored_7107.jpg,bored,0,0,high_confidence
bored_7160.jpg,bored_7164.jpg,bored,0,0,high_confidence
bored_7160.jpg,bored_7035.jpg,bored,0,0,high_confidence
bored_7160.jpg,bored_7074.jpg,bored,0,0,high_confidence
bored_7160.jpg,bored_7114.jpg,bored,0,0,high_confidence
bored_7160.jpg,bored_6379.jpg,bored,0,2,high_confidence
bored_7160.jpg,bored_7094.jpg,bored,0,0,high_confidence
bored_7160.jpg,bored_7107.jpg,bored,0,0,high_confidence
bored_7164.jpg,bored_7035.jpg,bored,0,0,high_confidence
bored_7164.jpg,bored_7074.jpg,bored,0,0,high_confidence
bored_7164.jpg,bored_7114.jpg,bored,0,0,high_confidence
bored_7164.jpg,bored_6379.jpg,bored,0,2,high_confidence
bored_7164.jpg,bored_7094.jpg,bored,0,0,high_confidence
bored_7164.jpg,bored_7107.jpg,bored,0,0,high_confidence
confused_1009.jpg,confused_1036.jpg,confused,1,0,high_confidence
confused_1009.jpg,confused_1090.jpg,confused,1,2,high_confidence
confused_1036.jpg,confused_1090.jpg,confused,0,2,high_confidence
confused_1056.jpg,confused_1061.jpg,confused,0,0,high_confidence
confused_1056.jpg,confused_1063.jpg,confused,0,0,high_confidence
confused_1056.jpg,confused_1068.jpg,confused,0,0,high_confidence
confused_1056.jpg,confused_1077.jpg,confused,1,2,high_confidence
confused_1056.jpg,confused_1079.jpg,confused,1,2,high_confidence
confused_1056.jpg,confused_1083.jpg,confused,0,2,high_confidence
confused_1056.jpg,confused_1094.jpg,confused,0,2,high_confidence
confused_1056.jpg,confused_1098.jpg,confused,0,2,high_confidence
confused_1056.jpg,confused_1115.jpg,confused,1,2,high_confidence
confused_1056.jpg,confused_1118.jpg,confused,0,2,high_confidence
confused_1056.jpg,confused_1123.jpg,confused,0,2,high_confidence
confused_1056.jpg,confused_1126.jpg,confused,1,2,high_confidence
confused_1056.jpg,confused_1134.jpg,confused,2,2,high_confidence
confused_1056.jpg,confused_1138.jpg,confused,1,2,high_confidence
confused_1056.jpg,confused_1145.jpg,confused,2,2,high_confidence
confused_1056.jpg,confused_958.jpg,confused,2,2,high_confidence
confused_1056.jpg,confused_1104.jpg,confused,0,2,high_confidence
confused_1056.jpg,confused_955.jpg,confused,2,2,high_confidence
confused_1061.jpg,confused_1063.jpg,confused,0,0,high_confidence
confused_1061.jpg,confused_1068.jpg,confused,0,0,high_confidence
confused_1061.jpg,confused_1077.jpg,confused,1,2,high_confidence
confused_1061.jpg,confused_1079.jpg,confused,1,2,high_confidence
confused_1061.jpg,confused_1083.jpg,confused,0,2,high_confidence
confused_1061.jpg,confused_1094.jpg,confused,0,2,high_confidence
confused_1061.jpg,confused_1098.jpg,confused,0,2,high_confidence
confused_1061.jpg,confused_1115.jpg,confused,1,2,high_confidence
confused_1061.jpg,confused_1118.jpg,confused,0,2,high_confidence
confused_1061.jpg,confused_1123.jpg,confused,0,2,high_confidence
confused_1061.jpg,confused_1126.jpg,confused,1,2,high_confidence
confused_1061.jpg,confused_1134.jpg,confused,2,2,high_confidence
confused_1061.jpg,confused_1138.jpg,confused,1,2,high_confidence
confused_1061.jpg,confused_1145.jpg,confused,2,2,high_confidence
confused_1061.jpg,confused_958.jpg,confused,2,2,high_confidence
confused_1061.jpg,confused_1104.jpg,confused,0,2,high_confidence
confused_1061.jpg,confused_955.jpg,confused,2,2,high_confidence
confused_1063.jpg,confused_1068.jpg,confused,0,0,high_confidence
confused_1063.jpg,confused_1077.jpg,confused,1,2,high_confidence
confused_1063.jpg,confused_1079.jpg,confused,1,2,high_confidence
confused_1063.jpg,confused_1083.jpg,confused,0,2,high_confidence
confused_1063.jpg,confused_1094.jpg,confused,0,2,high_confidence
confused_1063.jpg,confused_1098.jpg,confused,0,2,high_confidence
confused_1063.jpg,confused_1115.jpg,confused,1,2,high_confidence
confused_1063.jpg,confused_1118.jpg,confused,0,2,high_confidence
confused_1063.jpg,confused_1123.jpg,confused,0,2,high_confidence
confused_1063.jpg,confused_1126.jpg,confused,1,2,high_confidence
confused_1063.jpg,confused_1134.jpg,confused,2,2,high_confidence
confused_1063.jpg,confused_1138.jpg,confused,1,2,high_confidence
confused_1063.jpg,confused_1145.jpg,confused,2,2,high_confidence
confused_1063.jpg,confused_958.jpg,confused,2,2,high_confidence
confused_1063.jpg,confused_1104.jpg,confused,0,2,high_confidence
confused_1063.jpg,confused_955.jpg,confused,2,2,high_confidence
confused_1068.jpg,confused_1077.jpg,confused,1,2,high_confidence
confused_1068.jpg,confused_1079.jpg,confused,1,2,high_confidence
confused_1068.jpg,confused_1083.jpg,confused,0,2,high_confidence
confused_1068.jpg,confused_1094.jpg,confused,0,2,high_confidence
confused_1068.jpg,confused_1098.jpg,confused,0,2,high_confidence
confused_1068.jpg,confused_1115.jpg,confused,1,2,high_confidence
confused_1068.jpg,confused_1118.jpg,confused,0,2,high_confidence
confused_1068.jpg,confused_1123.jpg,confused,0,2,high_confidence
confused_1068.jpg,confused_1126.jpg,confused,1,2,high_confidence
confused_1068.jpg,confused_1134.jpg,confused,2,2,high_confidence
confused_1068.jpg,confused_1138.jpg,confused,1,2,high_confidence
confused_1068.jpg,confused_1145.jpg,confused,2,2,high_confidence
confused_1068.jpg,confused_958.jpg,confused,2,2,high_confidence
confused_1068.jpg,confused_1104.jpg,confused,0,2,high_confidence
confused_1068.jpg,confused_955.jpg,confused,2,2,high_confidence
confused_1077.jpg,confused_1079.jpg,confused,0,0,high_confidence
confused_1077.jpg,confused_1083.jpg,confused,1,0,high_confidence
confused_1077.jpg,confused_1094.jpg,confused,1,0,high_confidence
confused_1077.jpg,confused_1098.jpg,confused,1,0,high_confidence
confused_1077.jpg,confused_1115.jpg,confused,2,0,high_confidence
confused_1077.jpg,confused_1118.jpg,confused,1,0,high_confidence
confused_1077.jpg,confused_1123.jpg,confused,1,0,high_confidence
confused_1077.jpg,confused_1126.jpg,confused,2,0,high_confidence
confused_1077.jpg,confused_1134.jpg,confused,1,0,high_confidence
confused_1077.jpg,confused_1138.jpg,confused,0,0,high_confidence
confused_1077.jpg,confused_1145.jpg,confused,1,0,high_confidence
confused_1077.jpg,confused_1151.jpg,confused,2,2,high_confidence
confused_1077.jpg,confused_1164.jpg,confused,2,0,high_confidence
confused_1077.jpg,confused_1197.jpg,confused,2,2,high_confidence
confused_1077.jpg,confused_958.jpg,confused,1,2,high_confidence
confused_1077.jpg,confused_1104.jpg,confused,1,0,high_confidence
confused_1077.jpg,confused_955.jpg,confused,1,2,high_confidence
confused_1079.jpg,confused_1083.jpg,confused,1,0,high_confidence
confused_1079.jpg,confused_1094.jpg,confused,1,0,high_confidence
confused_1079.jpg,confused_1098.jpg,confused,1,0,high_confidence
confused_1079.jpg,confused_1115.jpg,confused,2,0,high_confidence
confused_1079.jpg,confused_1118.jpg,confused,1,0,high_confidence
confused_1079.jpg,confused_1123.jpg,confused,1,0,high_confidence
confused_1079.jpg,confused_1126.jpg,confused,2,0,high_confidence
confused_1079.jpg,confused_1134.jpg,confused,1,0,high_confidence
confused_1079.jpg,confused_1138.jpg,confused,0,0,high_confidence
confused_1079.jpg,confused_1145.jpg,confused,1,0,high_confidence
confused_1079.jpg,confused_1151.jpg,confused,2,2,high_confidence
confused_1079.jpg,confused_1164.jpg,confused,2,0,high_confidence
confused_1079.jpg,confused_1197.jpg,confused,2,2,high_confidence
confused_1079.jpg,confused_958.jpg,confused,1,2,high_confidence
confused_1079.jpg,confused_1104.jpg,confused,1,0,high_confidence
confused_1079.jpg,confused_955.jpg,confused,1,2,high_confidence
confused_1083.jpg,confused_1094.jpg,confused,0,0,high_confidence
confused_1083.jpg,confused_1098.jpg,confused,0,0,high_confidence
confused_1083.jpg,confused_1115.jpg,confused,1,0,high_confidence
confused_1083.jpg,confused_1118.jpg,confused,0,0,high_confidence
confused_1083.jpg,confused_1123.jpg,confused,0,0,high_confidence
confused_1083.jpg,confused_1126.jpg,confused,1,0,high_confidence
confused_1083.jpg,confused_1134.jpg,confused,2,0,high_confidence
confused_1083.jpg,confused_1138.jpg,confused,1,0,high_confidence
confused_1083.jpg,confused_1145.jpg,confused,2,0,high_confidence
confused_1083.jpg,confused_1197.jpg,confused,1,2,high_confidence
confused_1083.jpg,confused_958.jpg,confused,2,2,high_confidence
confused_1083.jpg,confused_1104.jpg,confused,0,0,high_confidence
confused_1083.jpg,confused_955.jpg,confused,2,2,high_confidence
confused_1094.jpg,confused_1098.jpg,confused,0,0,high_confidence
confused_1094.jpg,confused_1115.jpg,confused,1,0,high_confidence
confused_1094.jpg,confused_1118.jpg,confused,0,0,high_confidence
confused_1094.jpg,confused_1123.jpg,confused,0,0,high_confidence
confused_1094.jpg,confused_1126.jpg,confused,1,0,high_confidence
confused_1094.jpg,confused_1134.jpg,confused,2,0,high_confidence
confused_1094.jpg,confused_1138.jpg,confused,1,0,high_confidence
confused_1094.jpg,confused_1145.jpg,confused,2,0,high_confidence
confused_1094.jpg,confused_1197.jpg,confused,1,2,high_confidence
confused_1094.jpg,confused_958.jpg,confused,2,2,high_confidence
confused_1094.jpg,confused_1104.jpg,confused,0,0,high_confidence
confused_1094.jpg,confused_955.jpg,confused,2,2,high_confidence
confused_1098.jpg,confused_1115.jpg,confused,1,0,high_confidence
confused_1098.jpg,confused_1118.jpg,confused,0,0,high_confidence
confused_1098.jpg,confused_1123.jpg,confused,0,0,high_confidence
confused_1098.jpg,confused_1126.jpg,confused,1,0,high_confidence
confused_1098.jpg,confused_1134.jpg,confused,2,0,high_confidence
confused_1098.jpg,confused_1138.jpg,confused,1,0,high_confidence
confused_1098.jpg,confused_1145.jpg,confused,2,0,high_confidence
confused_1098.jpg,confused_1197.jpg,confused,1,2,high_confidence
confused_1098.jpg,confused_958.jpg,confused,2,2,high_confidence
confused_1098.jpg,confused_1104.jpg,confused,0,0,high_confidence
confused_1098.jpg,confused_955.jpg,confused,2,2,high_confidence
confused_1115.jpg,confused_1118.jpg,confused,1,0,high_confidence
confused_1115.jpg,confused_1123.jpg,confused,1,0,high_confidence
confused_1115.jpg,confused_1126.jpg,confused,2,0,high_confidence
confused_1115.jpg,confused_1138.jpg,confused,2,0,high_confidence
confused_1115.jpg,confused_1197.jpg,confused,2,2,high_confidence
confused_1115.jpg,confused_1104.jpg,confused,1,0,high_confidence
confused_1118.jpg,confused_1123.jpg,confused,0,0,high_confidence
confused_1118.jpg,confused_1126.jpg,confused,1,0,high_confidence
confused_1118.jpg,confused_1134.jpg,confused,2,0,high_confidence
confused_1118.jpg,confused_1138.jpg,confused,1,0,high_confidence
confused_1118.jpg,confused_1145.jpg,confused,2,0,high_confidence
confused_1118.jpg,confused_1197.jpg,confused,1,2,high_confidence
confused_1118.jpg,confused_958.jpg,confused,2,2,high_confidence
confused_1118.jpg,confused_1104.jpg,confused,0,0,high_confidence
confused_1118.jpg,confused_955.jpg,confused,2,2,high_confidence
confused_1123.jpg,confused_1126.jpg,confused,1,0,high_confidence
confused_1123.jpg,confused_1134.jpg,confused,2,0,high_confidence
confused_1123.jpg,confused_1138.jpg,confused,1,0,high_confidence
confused_1123.jpg,confused_1145.jpg,confused,2,0,high_confidence
confused_1123.jpg,confused_1197.jpg,confused,1,2,high_confidence
confused_1123.jpg,confused_958.jpg,confused,2,2,high_confidence
confused_1123.jpg,confused_1104.jpg,confused,0,0,high_confidence
confused_1123.jpg,confused_955.jpg,confused,2,2,high_confidence
confused_1126.jpg,confused_1134.jpg,confused,1,0,high_confidence
confused_1126.jpg,confused_1138.jpg,confused,2,0,high_confidence
confused_1126.jpg,confused_1145.jpg,confused,1,0,high_confidence
confused_1126.jpg,confused_1151.jpg,confused,2,2,high_confidence
confused_1126.jpg,confused_1156.jpg,confused,2,2,high_confidence
confused_1126.jpg,confused_1164.jpg,confused,2,0,high_confidence
confused_1126.jpg,confused_1197.jpg,confused,2,2,high_confidence
confused_1126.jpg,confused_1104.jpg,confused,1,0,high_confidence
confused_1134.jpg,confused_1138.jpg,confused,1,0,high_confidence
confused_1134.jpg,confused_1145.jpg,confused,0,0,high_confidence
confused_1134.jpg,confused_1151.jpg,confused,1,2,high_confidence
confused_1134.jpg,confused_1164.jpg,confused,1,0,high_confidence
confused_1134.jpg,confused_958.jpg,confused,2,2,high_confidence
confused_1134.jpg,confused_1104.jpg,confused,2,0,high_confidence
confused_1134.jpg,confused_955.jpg,confused,2,2,high_confidence
confused_1138.jpg,confused_1145.jpg,confused,1,0,high_confidence
confused_1138.jpg,confused_1151.jpg,confused,2,2,high_confidence
confused_1138.jpg,confused_1164.jpg,confused,2,0,high_confidence
confused_1138.jpg,confused_1197.jpg,confused,2,2,high_confidence
confused_1138.jpg,confused_958.jpg,confused,1,2,high_confidence
confused_1138.jpg,confused_1104.jpg,confused,1,0,high_confidence
confused_1138.jpg,confused_955.jpg,confused,1,2,high_confidence
confused_1145.jpg,confused_1151.jpg,confused,1,2,high_confidence
confused_1145.jpg,confused_1164.jpg,confused,1,0,high_confidence
confused_1145.jpg,confused_958.jpg,confused,2,2,high_confidence
confused_1145.jpg,confused_1104.jpg,confused,2,0,high_confidence
confused_1145.jpg,confused_955.jpg,confused,2,2,high_confidence
confused_1151.jpg,confused_1156.jpg,confused,2,2,high_confidence
confused_1151.jpg,confused_1164.jpg,confused,0,2,high_confidence
confused_1156.jpg,confused_1164.jpg,confused,2,2,high_confidence
confused_1197.jpg,confused_1104.jpg,confused,1,2,high_confidence
confused_12818.jpg,confused_12876.jpg,confused,0,2,high_confidence
confused_12818.jpg,confused_12882.jpg,confused,0,2,high_confidence
confused_12818.jpg,confused_12887.jpg,confused,0,2,high_confidence
confused_12818.jpg,confused_12891.jpg,confused,0,2,high_confidence
confused_12818.jpg,confused_12896.jpg,confused,0,2,high_confidence
confused_12818.jpg,confused_13005.jpg,confused,0,2,high_confidence
confused_12818.jpg,confused_13009.jpg,confused,0,2,high_confidence
confused_12818.jpg,confused_13023.jpg,confused,0,2,high_confidence
confused_12818.jpg,confused_12902.jpg,confused,0,2,high_confidence
confused_12818.jpg,confused_13013.jpg,confused,0,2,high_confidence
confused_12818.jpg,confused_13018.jpg,confused,0,2,high_confidence
confused_12876.jpg,confused_12882.jpg,confused,0,0,high_confidence
confused_12876.jpg,confused_12887.jpg,confused,0,0,high_confidence
confused_12876.jpg,confused_12891.jpg,confused,0,0,high_confidence
confused_12876.jpg,confused_12896.jpg,confused,0,0,high_confidence
confused_12876.jpg,confused_13005.jpg,confused,0,0,high_confidence
confused_12876.jpg,confused_13009.jpg,confused,0,0,high_confidence
confused_12876.jpg,confused_13023.jpg,confused,0,0,high_confidence
confused_12876.jpg,confused_12902.jpg,confused,0,0,high_confidence
confused_12876.jpg,confused_13013.jpg,confused,0,0,high_confidence
confused_12876.jpg,confused_13018.jpg,confused,0,0,high_confidence
confused_12882.jpg,confused_12887.jpg,confused,0,0,high_confidence
confused_12882.jpg,confused_12891.jpg,confused,0,0,high_confidence
confused_12882.jpg,confused_12896.jpg,confused,0,0,high_confidence
confused_12882.jpg,confused_13005.jpg,confused,0,0,high_confidence
confused_12882.jpg,confused_13009.jpg,confused,0,0,high_confidence
confused_12882.jpg,confused_13023.jpg,confused,0,0,high_confidence
confused_12882.jpg,confused_12902.jpg,confused,0,0,high_confidence
confused_12882.jpg,confused_13013.jpg,confused,0,0,high_confidence
confused_12882.jpg,confused_13018.jpg,confused,0,0,high_confidence
confused_12887.jpg,confused_12891.jpg,confused,0,0,high_confidence
confused_12887.jpg,confused_12896.jpg,confused,0,0,high_confidence
confused_12887.jpg,confused_13005.jpg,confused,0,0,high_confidence
confused_12887.jpg,confused_13009.jpg,confused,0,0,high_confidence
confused_12887.jpg,confused_13023.jpg,confused,0,0,high_confidence
confused_12887.jpg,confused_12902.jpg,confused,0,0,high_confidence
confused_12887.jpg,confused_13013.jpg,confused,0,0,high_confidence
confused_12887.jpg,confused_13018.jpg,confused,0,0,high_confidence
confused_12891.jpg,confused_12896.jpg,confused,0,0,high_confidence
confused_12891.jpg,confused_13005.jpg,confused,0,0,high_confidence
confused_12891.jpg,confused_13009.jpg,confused,0,0,high_confidence
confused_12891.jpg,confused_13023.jpg,confused,0,0,high_confidence
confused_12891.jpg,confused_12902.jpg,confused,0,0,high_confidence
confused_12891.jpg,confused_13013.jpg,confused,0,0,high_confidence
confused_12891.jpg,confused_13018.jpg,confused,0,0,high_confidence
confused_12896.jpg,confused_13005.jpg,confused,0,0,high_confidence
confused_12896.jpg,confused_13009.jpg,confused,0,0,high_confidence
confused_12896.jpg,confused_13023.jpg,confused,0,0,high_confidence
confused_12896.jpg,confused_12902.jpg,confused,0,0,high_confidence
confused_12896.jpg,confused_13013.jpg,confused,0,0,high_confidence
confused_12896.jpg,confused_13018.jpg,confused,0,0,high_confidence
confused_13005.jpg,confused_13009.jpg,confused,0,0,high_confidence
confused_13005.jpg,confused_13023.jpg,confused,0,0,high_confidence
confused_13005.jpg,confused_12902.jpg,confused,0,0,high_confidence
confused_13005.jpg,confused_13013.jpg,confused,0,0,high_confidence
confused_13005.jpg,confused_13018.jpg,confused,0,0,high_confidence
confused_13009.jpg,confused_13023.jpg,confused,0,0,high_confidence
confused_13009.jpg,confused_12902.jpg,confused,0,0,high_confidence
confused_13009.jpg,confused_13013.jpg,confused,0,0,high_confidence
confused_13009.jpg,confused_13018.jpg,confused,0,0,high_confidence
confused_13023.jpg,confused_12902.jpg,confused,0,0,high_confidence
confused_13023.jpg,confused_13013.jpg,confused,0,0,high_confidence
confused_13023.jpg,confused_13018.jpg,confused,0,0,high_confidence
confused_3191.jpg,confused_3299.jpg,confused,2,0,high_confidence
confused_3197.jpg,confused_3241.jpg,confused,2,2,high_confidence
confused_3197.jpg,confused_3257.jpg,confused,2,2,high_confidence
confused_3216.jpg,confused_3218.jpg,confused,0,0,high_confidence
confused_3216.jpg,confused_3227.jpg,confused,0,2,high_confidence
confused_3216.jpg,confused_3235.jpg,confused,0,0,high_confidence
confused_3216.jpg,confused_3239.jpg,confused,0,2,high_confidence
confused_3216.jpg,confused_3243.jpg,confused,0,2,high_confidence
confused_3216.jpg,confused_3231.jpg,confused,0,2,high_confidence
confused_3218.jpg,confused_3227.jpg,confused,0,2,high_confidence
confused_3218.jpg,confused_3235.jpg,confused,0,0,high_confidence
confused_3218.jpg,confused_3239.jpg,confused,0,2,high_confidence
confused_3218.jpg,confused_3243.jpg,confused,0,2,high_confidence
confused_3218.jpg,confused_3231.jpg,confused,0,2,high_confidence
confused_3227.jpg,confused_3235.jpg,confused,0,2,high_confidence
confused_3227.jpg,confused_3239.jpg,confused,0,0,high_confidence
confused_3227.jpg,confused_3243.jpg,confused,0,0,high_confidence
confused_3227.jpg,confused_3248.jpg,confused,0,2,high_confidence
confused_3227.jpg,confused_3231.jpg,confused,0,0,high_confidence
confused_3235.jpg,confused_3239.jpg,confused,0,2,high_confidence
confused_3235.jpg,confused_3243.jpg,confused,0,2,high_confidence
confused_3235.jpg,confused_3231.jpg,confused,0,2,high_confidence
confused_3239.jpg,confused_3243.jpg,confused,0,0,high_confidence
confused_3239.jpg,confused_3248.jpg,confused,0,2,high_confidence
confused_3239.jpg,confused_3231.jpg,confused,0,0,high_confidence
confused_3241.jpg,confused_3257.jpg,confused,0,0,high_confidence
confused_3241.jpg,confused_3269.jpg,confused,1,2,high_confidence
confused_3241.jpg,confused_3299.jpg,confused,1,2,high_confidence
confused_3243.jpg,confused_3248.jpg,confused,0,2,high_confidence
confused_3243.jpg,confused_3231.jpg,confused,0,0,high_confidence
confused_3248.jpg,confused_3252.jpg,confused,0,2,high_confidence
confused_3248.jpg,confused_3231.jpg,confused,0,2,high_confidence
confused_3257.jpg,confused_3269.jpg,confused,1,2,high_confidence
confused_3257.jpg,confused_3299.jpg,confused,1,2,high_confidence
confused_3262.jpg,confused_3266.jpg,confused,0,0,high_confidence
confused_3262.jpg,confused_3271.jpg,confused,0,2,high_confidence
confused_3266.jpg,confused_3271.jpg,confused,0,2,high_confidence
confused_3376.jpg,confused_3417.jpg,confused,1,0,high_confidence
confused_3376.jpg,confused_3861.jpg,confused,2,2,high_confidence
confused_3376.jpg,confused_3897.jpg,confused,2,2,high_confidence
confused_3376.jpg,confused_4697.jpg,confused,2,2,high_confidence
confused_3376.jpg,confused_4701.jpg,confused,2,2,high_confidence
confused_3376.jpg,confused_4706.jpg,confused,2,2,high_confidence
confused_3376.jpg,confused_4711.jpg,confused,2,2,high_confidence
confused_3376.jpg,confused_4716.jpg,confused,2,2,high_confidence
confused_3376.jpg,confused_4721.jpg,confused,2,2,high_confidence
confused_3376.jpg,confused_4726.jpg,confused,2,2,high_confidence
confused_3376.jpg,confused_4730.jpg,confused,2,2,high_confidence
confused_3376.jpg,confused_4734.jpg,confused,2,2,high_confidence
confused_3417.jpg,confused_4697.jpg,confused,1,2,high_confidence
confused_3417.jpg,confused_4701.jpg,confused,1,2,high_confidence
confused_3417.jpg,confused_4706.jpg,confused,1,2,high_confidence
confused_3417.jpg,confused_4711.jpg,confused,1,2,high_confidence
confused_3417.jpg,confused_4716.jpg,confused,1,2,high_confidence
confused_3417.jpg,confused_4721.jpg,confused,1,2,high_confidence
confused_3417.jpg,confused_4726.jpg,confused,1,2,high_confidence
confused_3417.jpg,confused_4730.jpg,confused,1,2,high_confidence
confused_3417.jpg,confused_4734.jpg,confused,1,2,high_confidence
confused_3861.jpg,confused_3879.jpg,confused,0,2,high_confidence
confused_3861.jpg,confused_3883.jpg,confused,0,2,high_confidence
confused_3861.jpg,confused_3892.jpg,confused,0,2,high_confidence
confused_3861.jpg,confused_3897.jpg,confused,0,0,high_confidence
confused_3861.jpg,confused_3975.jpg,confused,1,2,high_confidence
confused_3861.jpg,confused_3984.jpg,confused,1,2,high_confidence
confused_3861.jpg,confused_3887.jpg,confused,0,2,high_confidence
confused_3879.jpg,confused_3883.jpg,confused,0,0,high_confidence
confused_3879.jpg,confused_3892.jpg,confused,0,0,high_confidence
confused_3879.jpg,confused_3897.jpg,confused,0,2,high_confidence
confused_3879.jpg,confused_3975.jpg,confused,1,0,high_confidence
confused_3879.jpg,confused_3984.jpg,confused,1,0,high_confidence
confused_3879.jpg,confused_3887.jpg,confused,0,0,high_confidence
confused_3883.jpg,confused_3892.jpg,confused,0,0,high_confidence
confused_3883.jpg,confused_3897.jpg,confused,0,2,high_confidence
confused_3883.jpg,confused_3975.jpg,confused,1,0,high_confidence
confused_3883.jpg,confused_3984.jpg,confused,1,0,high_confidence
confused_3883.jpg,confused_3887.jpg,confused,0,0,high_confidence
confused_3892.jpg,confused_3897.jpg,confused,0,2,high_confidence
confused_3892.jpg,confused_3975.jpg,confused,1,0,high_confidence
confused_3892.jpg,confused_3984.jpg,confused,1,0,high_confidence
confused_3892.jpg,confused_3887.jpg,confused,0,0,high_confidence
confused_3897.jpg,confused_3975.jpg,confused,1,2,high_confidence
confused_3897.jpg,confused_3984.jpg,confused,1,2,high_confidence
confused_3897.jpg,confused_3887.jpg,confused,0,2,high_confidence
confused_3975.jpg,confused_3984.jpg,confused,0,0,high_confidence
confused_3975.jpg,confused_3887.jpg,confused,1,0,high_confidence
confused_3984.jpg,confused_3887.jpg,confused,1,0,high_confidence
confused_4055.jpg,confused_4139.jpg,confused,0,2,high_confidence
confused_4055.jpg,confused_4147.jpg,confused,0,2,high_confidence
confused_4055.jpg,confused_4153.jpg,confused,0,2,high_confidence
confused_4055.jpg,confused_4239.jpg,confused,2,2,high_confidence
confused_4055.jpg,confused_4253.jpg,confused,1,2,high_confidence
confused_4055.jpg,confused_4134.jpg,confused,0,2,high_confidence
confused_4055.jpg,confused_4142.jpg,confused,0,2,high_confidence
confused_4139.jpg,confused_4147.jpg,confused,0,0,high_confidence
confused_4139.jpg,confused_4153.jpg,confused,0,0,high_confidence
confused_4139.jpg,confused_4234.jpg,confused,2,2,high_confidence
confused_4139.jpg,confused_4239.jpg,confused,2,0,high_confidence
confused_4139.jpg,confused_4253.jpg,confused,1,0,high_confidence
confused_4139.jpg,confused_4134.jpg,confused,0,2,high_confidence
confused_4139.jpg,confused_4142.jpg,confused,0,0,high_confidence
confused_4147.jpg,confused_4153.jpg,confused,0,0,high_confidence
confused_4147.jpg,confused_4234.jpg,confused,2,2,high_confidence
confused_4147.jpg,confused_4239.jpg,confused,2,0,high_confidence
confused_4147.jpg,confused_4253.jpg,confused,1,0,high_confidence
confused_4147.jpg,confused_4134.jpg,confused,0,2,high_confidence
confused_4147.jpg,confused_4142.jpg,confused,0,0,high_confidence
confused_4153.jpg,confused_4234.jpg,confused,2,2,high_confidence
confused_4153.jpg,confused_4239.jpg,confused,2,0,high_confidence
confused_4153.jpg,confused_4253.jpg,confused,1,0,high_confidence
confused_4153.jpg,confused_4134.jpg,confused,0,2,high_confidence
confused_4153.jpg,confused_4142.jpg,confused,0,0,high_confidence
confused_4207.jpg,confused_4217.jpg,confused,0,2,high_confidence
confused_4207.jpg,confused_4229.jpg,confused,0,2,high_confidence
confused_4207.jpg,confused_4212.jpg,confused,0,2,high_confidence
confused_4217.jpg,confused_4229.jpg,confused,0,0,high_confidence
confused_4217.jpg,confused_4234.jpg,confused,2,2,high_confidence
confused_4217.jpg,confused_4212.jpg,confused,0,0,high_confidence
confused_4229.jpg,confused_4234.jpg,confused,2,2,high_confidence
confused_4229.jpg,confused_4212.jpg,confused,0,0,high_confidence
confused_4234.jpg,confused_4239.jpg,confused,0,2,high_confidence
confused_4234.jpg,confused_4253.jpg,confused,1,2,high_confidence
confused_4234.jpg,confused_4212.jpg,confused,2,2,high_confidence
confused_4234.jpg,confused_4142.jpg,confused,2,2,high_confidence
confused_4239.jpg,confused_4253.jpg,confused,1,0,high_confidence
confused_4239.jpg,confused_4134.jpg,confused,2,2,high_confidence
confused_4239.jpg,confused_4142.jpg,confused,2,0,high_confidence
confused_4253.jpg,confused_4134.jpg,confused,1,2,high_confidence
confused_4253.jpg,confused_4142.jpg,confused,1,0,high_confidence
confused_4347.jpg,confused_4351.jpg,confused,0,0,high_confidence
confused_4347.jpg,confused_4356.jpg,confused,0,0,high_confidence
confused_4347.jpg,confused_4367.jpg,confused,0,0,high_confidence
confused_4347.jpg,confused_4371.jpg,confused,0,0,high_confidence
confused_4347.jpg,confused_4375.jpg,confused,0,0,high_confidence
confused_4347.jpg,confused_4361.jpg,confused,0,0,high_confidence
confused_4351.jpg,confused_4356.jpg,confused,0,0,high_confidence
confused_4351.jpg,confused_4367.jpg,confused,0,0,high_confidence
confused_4351.jpg,confused_4371.jpg,confused,0,0,high_confidence
confused_4351.jpg,confused_4375.jpg,confused,0,0,high_confidence
confused_4351.jpg,confused_4361.jpg,confused,0,0,high_confidence
confused_4356.jpg,confused_4367.jpg,confused,0,0,high_confidence
confused_4356.jpg,confused_4371.jpg,confused,0,0,high_confidence
confused_4356.jpg,confused_4375.jpg,confused,0,0,high_confidence
confused_4356.jpg,confused_4361.jpg,confused,0,0,high_confidence
confused_4367.jpg,confused_4371.jpg,confused,0,0,high_confidence
confused_4367.jpg,confused_4375.jpg,confused,0,0,high_confidence
confused_4367.jpg,confused_4361.jpg,confused,0,0,high_confidence
confused_4371.jpg,confused_4375.jpg,confused,0,0,high_confidence
confused_4371.jpg,confused_4361.jpg,confused,0,0,high_confidence
confused_4375.jpg,confused_4361.jpg,confused,0,0,high_confidence
confused_4414.jpg,confused_4559.jpg,confused,0,2,high_confidence
confused_4519.jpg,confused_4523.jpg,confused,0,0,high_confidence
confused_4519.jpg,confused_4527.jpg,confused,0,0,high_confidence
confused_4519.jpg,confused_4532.jpg,confused,0,0,high_confidence
confused_4519.jpg,confused_4536.jpg,confused,0,0,high_confidence
confused_4519.jpg,confused_4540.jpg,confused,0,0,high_confidence
confused_4519.jpg,confused_4544.jpg,confused,0,0,high_confidence
confused_4519.jpg,confused_4563.jpg,confused,0,0,high_confidence
confused_4519.jpg,confused_4568.jpg,confused,0,0,high_confidence
confused_4519.jpg,confused_4573.jpg,confused,0,0,high_confidence
confused_4519.jpg,confused_4578.jpg,confused,0,0,high_confidence
confused_4519.jpg,confused_4584.jpg,confused,0,0,high_confidence
confused_4523.jpg,confused_4527.jpg,confused,0,0,high_confidence
confused_4523.jpg,confused_4532.jpg,confused,0,0,high_confidence
confused_4523.jpg,confused_4536.jpg,confused,0,0,high_confidence
confused_4523.jpg,confused_4540.jpg,confused,0,0,high_confidence
confused_4523.jpg,confused_4544.jpg,confused,0,0,high_confidence
confused_4523.jpg,confused_4563.jpg,confused,0,0,high_confidence
confused_4523.jpg,confused_4568.jpg,confused,0,0,high_confidence
confused_4523.jpg,confused_4573.jpg,confused,0,0,high_confidence
confused_4523.jpg,confused_4578.jpg,confused,0,0,high_confidence
confused_4523.jpg,confused_4584.jpg,confused,0,0,high_confidence
confused_4527.jpg,confused_4532.jpg,confused,0,0,high_confidence
confused_4527.jpg,confused_4536.jpg,confused,0,0,high_confidence
confused_4527.jpg,confused_4540.jpg,confused,0,0,high_confidence
confused_4527.jpg,confused_4544.jpg,confused,0,0,high_confidence
confused_4527.jpg,confused_4563.jpg,confused,0,0,high_confidence
confused_4527.jpg,confused_4568.jpg,confused,0,0,high_confidence
confused_4527.jpg,confused_4573.jpg,confused,0,0,high_confidence
confused_4527.jpg,confused_4578.jpg,confused,0,0,high_confidence
confused_4527.jpg,confused_4584.jpg,confused,0,0,high_confidence
confused_4532.jpg,confused_4536.jpg,confused,0,0,high_confidence
confused_4532.jpg,confused_4540.jpg,confused,0,0,high_confidence
confused_4532.jpg,confused_4544.jpg,confused,0,0,high_confidence
confused_4532.jpg,confused_4563.jpg,confused,0,0,high_confidence
confused_4532.jpg,confused_4568.jpg,confused,0,0,high_confidence
confused_4532.jpg,confused_4573.jpg,confused,0,0,high_confidence
confused_4532.jpg,confused_4578.jpg,confused,0,0,high_confidence
confused_4532.jpg,confused_4584.jpg,confused,0,0,high_confidence
confused_4536.jpg,confused_4540.jpg,confused,0,0,high_confidence
confused_4536.jpg,confused_4544.jpg,confused,0,0,high_confidence
confused_4536.jpg,confused_4563.jpg,confused,0,0,high_confidence
confused_4536.jpg,confused_4568.jpg,confused,0,0,high_confidence
confused_4536.jpg,confused_4573.jpg,confused,0,0,high_confidence
confused_4536.jpg,confused_4578.jpg,confused,0,0,high_confidence
confused_4536.jpg,confused_4584.jpg,confused,0,0,high_confidence
confused_4540.jpg,confused_4544.jpg,confused,0,0,high_confidence
confused_4540.jpg,confused_4563.jpg,confused,0,0,high_confidence
confused_4540.jpg,confused_4568.jpg,confused,0,0,high_confidence
confused_4540.jpg,confused_4573.jpg,confused,0,0,high_confidence
confused_4540.jpg,confused_4578.jpg,confused,0,0,high_confidence
confused_4540.jpg,confused_4584.jpg,confused,0,0,high_confidence
confused_4544.jpg,confused_4563.jpg,confused,0,0,high_confidence
confused_4544.jpg,confused_4568.jpg,confused,0,0,high_confidence
confused_4544.jpg,confused_4573.jpg,confused,0,0,high_confidence
confused_4544.jpg,confused_4578.jpg,confused,0,0,high_confidence
confused_4544.jpg,confused_4584.jpg,confused,0,0,high_confidence
confused_4563.jpg,confused_4568.jpg,confused,0,0,high_confidence
confused_4563.jpg,confused_4573.jpg,confused,0,0,high_confidence
confused_4563.jpg,confused_4578.jpg,confused,0,0,high_confidence
confused_4563.jpg,confused_4584.jpg,confused,0,0,high_confidence
confused_4568.jpg,confused_4573.jpg,confused,0,0,high_confidence
confused_4568.jpg,confused_4578.jpg,confused,0,0,high_confidence
confused_4568.jpg,confused_4584.jpg,confused,0,0,high_confidence
confused_4573.jpg,confused_4578.jpg,confused,0,0,high_confidence
confused_4573.jpg,confused_4584.jpg,confused,0,0,high_confidence
confused_4578.jpg,confused_4584.jpg,confused,0,0,high_confidence
confused_4697.jpg,confused_4701.jpg,confused,0,0,high_confidence
confused_4697.jpg,confused_4706.jpg,confused,0,0,high_confidence
confused_4697.jpg,confused_4711.jpg,confused,0,0,high_confidence
confused_4697.jpg,confused_4716.jpg,confused,0,0,high_confidence
confused_4697.jpg,confused_4721.jpg,confused,0,0,high_confidence
confused_4697.jpg,confused_4726.jpg,confused,0,0,high_confidence
confused_4697.jpg,confused_4730.jpg,confused,0,0,high_confidence
confused_4697.jpg,confused_4739.jpg,confused,0,2,high_confidence
confused_4697.jpg,confused_4734.jpg,confused,0,0,high_confidence
confused_4697.jpg,confused_4744.jpg,confused,0,2,high_confidence
confused_4701.jpg,confused_4706.jpg,confused,0,0,high_confidence
confused_4701.jpg,confused_4711.jpg,confused,0,0,high_confidence
confused_4701.jpg,confused_4716.jpg,confused,0,0,high_confidence
confused_4701.jpg,confused_4721.jpg,confused,0,0,high_confidence
confused_4701.jpg,confused_4726.jpg,confused,0,0,high_confidence
confused_4701.jpg,confused_4730.jpg,confused,0,0,high_confidence
confused_4701.jpg,confused_4739.jpg,confused,0,2,high_confidence
confused_4701.jpg,confused_4734.jpg,confused,0,0,high_confidence
confused_4701.jpg,confused_4744.jpg,confused,0,2,high_confidence
confused_4706.jpg,confused_4711.jpg,confused,0,0,high_confidence
confused_4706.jpg,confused_4716.jpg,confused,0,0,high_confidence
confused_4706.jpg,confused_4721.jpg,confused,0,0,high_confidence
confused_4706.jpg,confused_4726.jpg,confused,0,0,high_confidence
confused_4706.jpg,confused_4730.jpg,confused,0,0,high_confidence
confused_4706.jpg,confused_4739.jpg,confused,0,2,high_confidence
confused_4706.jpg,confused_4734.jpg,confused,0,0,high_confidence
confused_4706.jpg,confused_4744.jpg,confused,0,2,high_confidence
confused_4711.jpg,confused_4716.jpg,confused,0,0,high_confidence
confused_4711.jpg,confused_4721.jpg,confused,0,0,high_confidence
confused_4711.jpg,confused_4726.jpg,confused,0,0,high_confidence
confused_4711.jpg,confused_4730.jpg,confused,0,0,high_confidence
confused_4711.jpg,confused_4739.jpg,confused,0,2,high_confidence
confused_4711.jpg,confused_4734.jpg,confused,0,0,high_confidence
confused_4711.jpg,confused_4744.jpg,confused,0,2,high_confidence
confused_4716.jpg,confused_4721.jpg,confused,0,0,high_confidence
confused_4716.jpg,confused_4726.jpg,confused,0,0,high_confidence
confused_4716.jpg,confused_4730.jpg,confused,0,0,high_confidence
confused_4716.jpg,confused_4739.jpg,confused,0,2,high_confidence
confused_4716.jpg,confused_4734.jpg,confused,0,0,high_confidence
confused_4716.jpg,confused_4744.jpg,confused,0,2,high_confidence
confused_4721.jpg,confused_4726.jpg,confused,0,0,high_confidence
confused_4721.jpg,confused_4730.jpg,confused,0,0,high_confidence
confused_4721.jpg,confused_4739.jpg,confused,0,2,high_confidence
confused_4721.jpg,confused_4734.jpg,confused,0,0,high_confidence
confused_4721.jpg,confused_4744.jpg,confused,0,2,high_confidence
confused_4726.jpg,confused_4730.jpg,confused,0,0,high_confidence
confused_4726.jpg,confused_4739.jpg,confused,0,2,high_confidence
confused_4726.jpg,confused_4734.jpg,confused,0,0,high_confidence
confused_4726.jpg,confused_4744.jpg,confused,0,2,high_confidence
confused_4730.jpg,confused_4739.jpg,confused,0,2,high_confidence
confused_4730.jpg,confused_4734.jpg,confused,0,0,high_confidence
confused_4730.jpg,confused_4744.jpg,confused,0,2,high_confidence
confused_4739.jpg,confused_4734.jpg,confused,0,2,high_confidence
confused_4739.jpg,confused_4744.jpg,confused,0,0,high_confidence
confused_8595.jpg,confused_8629.jpg,confused,0,0,high_confidence
confused_8698.jpg,confused_8743.jpg,confused,0,0,high_confidence
confused_8698.jpg,confused_8748.jpg,confused,0,0,high_confidence
confused_8698.jpg,confused_8778.jpg,confused,0,0,high_confidence
confused_8698.jpg,confused_8753.jpg,confused,0,0,high_confidence
confused_8743.jpg,confused_8748.jpg,confused,0,0,high_confidence
confused_8743.jpg,confused_8778.jpg,confused,0,0,high_confidence
confused_8743.jpg,confused_8753.jpg,confused,0,0,high_confidence
confused_8748.jpg,confused_8778.jpg,confused,0,0,high_confidence
confused_8748.jpg,confused_8753.jpg,confused,0,0,high_confidence
confused_8778.jpg,confused_8753.jpg,confused,0,0,high_confidence
confused_958.jpg,confused_1104.jpg,confused,2,2,high_confidence
confused_958.jpg,confused_955.jpg,confused,0,2,high_confidence
engaged_1086.jpg,engaged_1091.jpg,engaged,0,0,high_confidence
engaged_1086.jpg,engaged_1098.jpg,engaged,0,0,high_confidence
engaged_1086.jpg,engaged_1124.jpg,engaged,2,2,high_confidence
engaged_1091.jpg,engaged_1098.jpg,engaged,0,0,high_confidence
engaged_1091.jpg,engaged_1124.jpg,engaged,2,2,high_confidence
engaged_1098.jpg,engaged_1124.jpg,engaged,2,2,high_confidence
engaged_1124.jpg,engaged_1160.jpg,engaged,2,0,high_confidence
engaged_1124.jpg,engaged_1168.jpg,engaged,2,0,high_confidence
engaged_1124.jpg,engaged_1129.jpg,engaged,1,0,high_confidence
engaged_1160.jpg,engaged_1168.jpg,engaged,0,0,high_confidence
engaged_1160.jpg,engaged_1129.jpg,engaged,1,0,high_confidence
engaged_1168.jpg,engaged_1129.jpg,engaged,1,0,high_confidence
engaged_1327.jpg,engaged_1339.jpg,engaged,0,0,high_confidence
engaged_1327.jpg,engaged_1377.jpg,engaged,1,2,high_confidence
engaged_1327.jpg,engaged_1379.jpg,engaged,1,2,high_confidence
engaged_1327.jpg,engaged_1386.jpg,engaged,0,2,high_confidence
engaged_1327.jpg,engaged_1387.jpg,engaged,0,2,high_confidence
engaged_1327.jpg,engaged_1388.jpg,engaged,0,2,high_confidence
engaged_1327.jpg,engaged_1389.jpg,engaged,0,2,high_confidence
engaged_1327.jpg,engaged_1390.jpg,engaged,0,2,high_confidence
engaged_1327.jpg,engaged_1391.jpg,engaged,0,2,high_confidence
engaged_1327.jpg,engaged_1392.jpg,engaged,0,2,high_confidence
engaged_1327.jpg,engaged_1393.jpg,engaged,0,2,high_confidence
engaged_1327.jpg,engaged_1404.jpg,engaged,1,2,high_confidence
engaged_1327.jpg,engaged_1406.jpg,engaged,1,2,high_confidence
engaged_1327.jpg,engaged_1407.jpg,engaged,1,2,high_confidence
engaged_1327.jpg,engaged_911.jpg,engaged,1,0,high_confidence
engaged_1327.jpg,engaged_1314.jpg,engaged,0,0,high_confidence
engaged_1327.jpg,engaged_1343.jpg,engaged,0,2,high_confidence
engaged_1327.jpg,engaged_1347.jpg,engaged,0,2,high_confidence
engaged_1327.jpg,engaged_1376.jpg,engaged,1,2,high_confidence
engaged_1327.jpg,engaged_1405.jpg,engaged,1,2,high_confidence
engaged_1327.jpg,engaged_817.jpg,engaged,1,2,high_confidence
engaged_1327.jpg,engaged_1056.jpg,engaged,1,0,high_confidence
engaged_1327.jpg,engaged_1333.jpg,engaged,0,0,high_confidence
engaged_1327.jpg,engaged_1378.jpg,engaged,1,2,high_confidence
engaged_1327.jpg,engaged_752.jpg,engaged,2,2,high_confidence
engaged_1330.jpg,engaged_1299.jpg,engaged,2,0,high_confidence
engaged_1339.jpg,engaged_1377.jpg,engaged,1,2,high_confidence
engaged_1339.jpg,engaged_1379.jpg,engaged,1,2,high_confidence
engaged_1339.jpg,engaged_1386.jpg,engaged,0,2,high_confidence
engaged_1339.jpg,engaged_1387.jpg,engaged,0,2,high_confidence
engaged_1339.jpg,engaged_1388.jpg,engaged,0,2,high_confidence
engaged_1339.jpg,engaged_1389.jpg,engaged,0,2,high_confidence
engaged_1339.jpg,engaged_1390.jpg,engaged,0,2,high_confidence
engaged_1339.jpg,engaged_1391.jpg,engaged,0,2,high_confidence
engaged_1339.jpg,engaged_1392.jpg,engaged,0,2,high_confidence
engaged_1339.jpg,engaged_1393.jpg,engaged,0,2,high_confidence
engaged_1339.jpg,engaged_1404.jpg,engaged,1,2,high_confidence
engaged_1339.jpg,engaged_1406.jpg,engaged,1,2,high_confidence
engaged_1339.jpg,engaged_1407.jpg,engaged,1,2,high_confidence
engaged_1339.jpg,engaged_911.jpg,engaged,1,0,high_confidence
engaged_1339.jpg,engaged_1314.jpg,engaged,0,0,high_confidence
engaged_1339.jpg,engaged_1343.jpg,engaged,0,2,high_confidence
engaged_1339.jpg,engaged_1347.jpg,engaged,0,2,high_confidence
engaged_1339.jpg,engaged_1376.jpg,engaged,1,2,high_confidence
engaged_1339.jpg,engaged_1405.jpg,engaged,1,2,high_confidence
engaged_1339.jpg,engaged_817.jpg,engaged,1,2,high_confidence
engaged_1339.jpg,engaged_1056.jpg,engaged,1,0,high_confidence
engaged_1339.jpg,engaged_1333.jpg,engaged,0,0,high_confidence
engaged_1339.jpg,engaged_1378.jpg,engaged,1,2,high_confidence
engaged_1339.jpg,engaged_752.jpg,engaged,2,2,high_confidence
engaged_1377.jpg,engaged_1379.jpg,engaged,0,0,high_confidence
engaged_1377.jpg,engaged_1386.jpg,engaged,1,0,high_confidence
engaged_1377.jpg,engaged_1387.jpg,engaged,1,0,high_confidence
engaged_1377.jpg,engaged_1388.jpg,engaged,1,0,high_confidence
engaged_1377.jpg,engaged_1389.jpg,engaged,1,0,high_confidence
engaged_1377.jpg,engaged_1390.jpg,engaged,1,0,high_confidence
engaged_1377.jpg,engaged_1391.jpg,engaged,1,0,high_confidence
engaged_1377.jpg,engaged_1392.jpg,engaged,1,0,high_confidence
engaged_1377.jpg,engaged_1393.jpg,engaged,1,0,high_confidence
engaged_1377.jpg,engaged_1404.jpg,engaged,0,0,high_confidence
engaged_1377.jpg,engaged_1406.jpg,engaged,0,0,high_confidence
engaged_1377.jpg,engaged_1407.jpg,engaged,0,0,high_confidence
engaged_1377.jpg,engaged_911.jpg,engaged,2,2,high_confidence
engaged_1377.jpg,engaged_1314.jpg,engaged,1,2,high_confidence
engaged_1377.jpg,engaged_1343.jpg,engaged,1,0,high_confidence
engaged_1377.jpg,engaged_1347.jpg,engaged,1,0,high_confidence
engaged_1377.jpg,engaged_1376.jpg,engaged,0,0,high_confidence
engaged_1377.jpg,engaged_1405.jpg,engaged,0,0,high_confidence
engaged_1377.jpg,engaged_1056.jpg,engaged,0,2,high_confidence
engaged_1377.jpg,engaged_1333.jpg,engaged,1,2,high_confidence
engaged_1377.jpg,engaged_1378.jpg,engaged,0,0,high_confidence
engaged_1379.jpg,engaged_1386.jpg,engaged,1,0,high_confidence
engaged_1379.jpg,engaged_1387.jpg,engaged,1,0,high_confidence
engaged_1379.jpg,engaged_1388.jpg,engaged,1,0,high_confidence
engaged_1379.jpg,engaged_1389.jpg,engaged,1,0,high_confidence
engaged_1379.jpg,engaged_1390.jpg,engaged,1,0,high_confidence
engaged_1379.jpg,engaged_1391.jpg,engaged,1,0,high_confidence
engaged_1379.jpg,engaged_1392.jpg,engaged,1,0,high_confidence
engaged_1379.jpg,engaged_1393.jpg,engaged,1,0,high_confidence
engaged_1379.jpg,engaged_1404.jpg,engaged,0,0,high_confidence
engaged_1379.jpg,engaged_1406.jpg,engaged,0,0,high_confidence
engaged_1379.jpg,engaged_1407.jpg,engaged,0,0,high_confidence
engaged_1379.jpg,engaged_911.jpg,engaged,2,2,high_confidence
engaged_1379.jpg,engaged_1314.jpg,engaged,1,2,high_confidence
engaged_1379.jpg,engaged_1343.jpg,engaged,1,0,high_confidence
engaged_1379.jpg,engaged_1347.jpg,engaged,1,0,high_confidence
engaged_1379.jpg,engaged_1376.jpg,engaged,0,0,high_confidence
engaged_1379.jpg,engaged_1405.jpg,engaged,0,0,high_confidence
engaged_1379.jpg,engaged_1056.jpg,engaged,0,2,high_confidence
engaged_1379.jpg,engaged_1333.jpg,engaged,1,2,high_confidence
engaged_1379.jpg,engaged_1378.jpg,engaged,0,0,high_confidence
engaged_1386.jpg,engaged_1387.jpg,engaged,0,0,high_confidence
engaged_1386.jpg,engaged_1388.jpg,engaged,0,0,high_confidence
engaged_1386.jpg,engaged_1389.jpg,engaged,0,0,high_confidence
engaged_1386.jpg,engaged_1390.jpg,engaged,0,0,high_confidence
engaged_1386.jpg,engaged_1391.jpg,engaged,0,0,high_confidence
engaged_1386.jpg,engaged_1392.jpg,engaged,0,0,high_confidence
engaged_1386.jpg,engaged_1393.jpg,engaged,0,0,high_confidence
engaged_1386.jpg,engaged_1404.jpg,engaged,1,0,high_confidence
engaged_1386.jpg,engaged_1406.jpg,engaged,1,0,high_confidence
engaged_1386.jpg,engaged_1407.jpg,engaged,1,0,high_confidence
engaged_1386.jpg,engaged_911.jpg,engaged,1,2,high_confidence
engaged_1386.jpg,engaged_1314.jpg,engaged,0,2,high_confidence
engaged_1386.jpg,engaged_1343.jpg,engaged,0,0,high_confidence
engaged_1386.jpg,engaged_1347.jpg,engaged,0,0,high_confidence
engaged_1386.jpg,engaged_1376.jpg,engaged,1,0,high_confidence
engaged_1386.jpg,engaged_1405.jpg,engaged,1,0,high_confidence
engaged_1386.jpg,engaged_1056.jpg,engaged,1,2,high_confidence
engaged_1386.jpg,engaged_1333.jpg,engaged,0,2,high_confidence
engaged_1386.jpg,engaged_1378.jpg,engaged,1,0,high_confidence
engaged_1387.jpg,engaged_1388.jpg,engaged,0,0,high_confidence
engaged_1387.jpg,engaged_1389.jpg,engaged,0,0,high_confidence
engaged_1387.jpg,engaged_1390.jpg,engaged,0,0,high_confidence
engaged_1387.jpg,engaged_1391.jpg,engaged,0,0,high_confidence
engaged_1387.jpg,engaged_1392.jpg,engaged,0,0,high_confidence
engaged_1387.jpg,engaged_1393.jpg,engaged,0,0,high_confidence
engaged_1387.jpg,engaged_1404.jpg,engaged,1,0,high_confidence
engaged_1387.jpg,engaged_1406.jpg,engaged,1,0,high_confidence
engaged_1387.jpg,engaged_1407.jpg,engaged,1,0,high_confidence
engaged_1387.jpg,engaged_911.jpg,engaged,1,2,high_confidence
engaged_1387.jpg,engaged_1314.jpg,engaged,0,2,high_confidence
engaged_1387.jpg,engaged_1343.jpg,engaged,0,0,high_confidence
engaged_1387.jpg,engaged_1347.jpg,engaged,0,0,high_confidence
engaged_1387.jpg,engaged_1376.jpg,engaged,1,0,high_confidence
engaged_1387.jpg,engaged_1405.jpg,engaged,1,0,high_confidence
engaged_1387.jpg,engaged_1056.jpg,engaged,1,2,high_confidence
engaged_1387.jpg,engaged_1333.jpg,engaged,0,2,high_confidence
engaged_1387.jpg,engaged_1378.jpg,engaged,1,0,high_confidence
engaged_1388.jpg,engaged_1389.jpg,engaged,0,0,high_confidence
engaged_1388.jpg,engaged_1390.jpg,engaged,0,0,high_confidence
engaged_1388.jpg,engaged_1391.jpg,engaged,0,0,high_confidence
engaged_1388.jpg,engaged_1392.jpg,engaged,0,0,high_confidence
engaged_1388.jpg,engaged_1393.jpg,engaged,0,0,high_confidence
engaged_1388.jpg,engaged_1404.jpg,engaged,1,0,high_confidence
engaged_1388.jpg,engaged_1406.jpg,engaged,1,0,high_confidence
engaged_1388.jpg,engaged_1407.jpg,engaged,1,0,high_confidence
engaged_1388.jpg,engaged_911.jpg,engaged,1,2,high_confidence
engaged_1388.jpg,engaged_1314.jpg,engaged,0,2,high_confidence
engaged_1388.jpg,engaged_1343.jpg,engaged,0,0,high_confidence
engaged_1388.jpg,engaged_1347.jpg,engaged,0,0,high_confidence
engaged_1388.jpg,engaged_1376.jpg,engaged,1,0,high_confidence
engaged_1388.jpg,engaged_1405.jpg,engaged,1,0,high_confidence
engaged_1388.jpg,engaged_1056.jpg,engaged,1,2,high_confidence
engaged_1388.jpg,engaged_1333.jpg,engaged,0,2,high_confidence
engaged_1388.jpg,engaged_1378.jpg,engaged,1,0,high_confidence
engaged_1389.jpg,engaged_1390.jpg,engaged,0,0,high_confidence
engaged_1389.jpg,engaged_1391.jpg,engaged,0,0,high_confidence
engaged_1389.jpg,engaged_1392.jpg,engaged,0,0,high_confidence
engaged_1389.jpg,engaged_1393.jpg,engaged,0,0,high_confidence
engaged_1389.jpg,engaged_1404.jpg,engaged,1,0,high_confidence
engaged_1389.jpg,engaged_1406.jpg,engaged,1,0,high_confidence
engaged_1389.jpg,engaged_1407.jpg,engaged,1,0,high_confidence
engaged_1389.jpg,engaged_911.jpg,engaged,1,2,high_confidence
engaged_1389.jpg,engaged_1314.jpg,engaged,0,2,high_confidence
engaged_1389.jpg,engaged_1343.jpg,engaged,0,0,high_confidence
engaged_1389.jpg,engaged_1347.jpg,engaged,0,0,high_confidence
engaged_1389.jpg,engaged_1376.jpg,engaged,1,0,high_confidence
engaged_1389.jpg,engaged_1405.jpg,engaged,1,0,high_confidence
engaged_1389.jpg,engaged_1056.jpg,engaged,1,2,high_confidence
engaged_1389.jpg,engaged_1333.jpg,engaged,0,2,high_confidence
engaged_1389.jpg,engaged_1378.jpg,engaged,1,0,high_confidence
engaged_1390.jpg,engaged_1391.jpg,engaged,0,0,high_confidence
engaged_1390.jpg,engaged_1392.jpg,engaged,0,0,high_confidence
engaged_1390.jpg,engaged_1393.jpg,engaged,0,0,high_confidence
engaged_1390.jpg,engaged_1404.jpg,engaged,1,0,high_confidence
engaged_1390.jpg,engaged_1406.jpg,engaged,1,0,high_confidence
engaged_1390.jpg,engaged_1407.jpg,engaged,1,0,high_confidence
engaged_1390.jpg,engaged_911.jpg,engaged,1,2,high_confidence
engaged_1390.jpg,engaged_1314.jpg,engaged,0,2,high_confidence
engaged_1390.jpg,engaged_1343.jpg,engaged,0,0,high_confidence
engaged_1390.jpg,engaged_1347.jpg,engaged,0,0,high_confidence
engaged_1390.jpg,engaged_1376.jpg,engaged,1,0,high_confidence
engaged_1390.jpg,engaged_1405.jpg,engaged,1,0,high_confidence
engaged_1390.jpg,engaged_1056.jpg,engaged,1,2,high_confidence
engaged_1390.jpg,engaged_1333.jpg,engaged,0,2,high_confidence
engaged_1390.jpg,engaged_1378.jpg,engaged,1,0,high_confidence
engaged_1391.jpg,engaged_1392.jpg,engaged,0,0,high_confidence
engaged_1391.jpg,engaged_1393.jpg,engaged,0,0,high_confidence
engaged_1391.jpg,engaged_1404.jpg,engaged,1,0,high_confidence
engaged_1391.jpg,engaged_1406.jpg,engaged,1,0,high_confidence
engaged_1391.jpg,engaged_1407.jpg,engaged,1,0,high_confidence
engaged_1391.jpg,engaged_911.jpg,engaged,1,2,high_confidence
engaged_1391.jpg,engaged_1314.jpg,engaged,0,2,high_confidence
engaged_1391.jpg,engaged_1343.jpg,engaged,0,0,high_confidence
engaged_1391.jpg,engaged_1347.jpg,engaged,0,0,high_confidence
engaged_1391.jpg,engaged_1376.jpg,engaged,1,0,high_confidence
engaged_1391.jpg,engaged_1405.jpg,engaged,1,0,high_confidence
engaged_1391.jpg,engaged_1056.jpg,engaged,1,2,high_confidence
engaged_1391.jpg,engaged_1333.jpg,engaged,0,2,high_confidence
engaged_1391.jpg,engaged_1378.jpg,engaged,1,0,high_confidence
engaged_1392.jpg,engaged_1393.jpg,engaged,0,0,high_confidence
engaged_1392.jpg,engaged_1404.jpg,engaged,1,0,high_confidence
engaged_1392.jpg,engaged_1406.jpg,engaged,1,0,high_confidence
engaged_1392.jpg,engaged_1407.jpg,engaged,1,0,high_confidence
engaged_1392.jpg,engaged_911.jpg,engaged,1,2,high_confidence
engaged_1392.jpg,engaged_1314.jpg,engaged,0,2,high_confidence
engaged_1392.jpg,engaged_1343.jpg,engaged,0,0,high_confidence
engaged_1392.jpg,engaged_1347.jpg,engaged,0,0,high_confidence
engaged_1392.jpg,engaged_1376.jpg,engaged,1,0,high_confidence
engaged_1392.jpg,engaged_1405.jpg,engaged,1,0,high_confidence
engaged_1392.jpg,engaged_1056.jpg,engaged,1,2,high_confidence
engaged_1392.jpg,engaged_1333.jpg,engaged,0,2,high_confidence
engaged_1392.jpg,engaged_1378.jpg,engaged,1,0,high_confidence
engaged_1393.jpg,engaged_1404.jpg,engaged,1,0,high_confidence
engaged_1393.jpg,engaged_1406.jpg,engaged,1,0,high_confidence
engaged_1393.jpg,engaged_1407.jpg,engaged,1,0,high_confidence
engaged_1393.jpg,engaged_911.jpg,engaged,1,2,high_confidence
engaged_1393.jpg,engaged_1314.jpg,engaged,0,2,high_confidence
engaged_1393.jpg,engaged_1343.jpg,engaged,0,0,high_confidence
engaged_1393.jpg,engaged_1347.jpg,engaged,0,0,high_confidence
engaged_1393.jpg,engaged_1376.jpg,engaged,1,0,high_confidence
engaged_1393.jpg,engaged_1405.jpg,engaged,1,0,high_confidence
engaged_1393.jpg,engaged_1056.jpg,engaged,1,2,high_confidence
engaged_1393.jpg,engaged_1333.jpg,engaged,0,2,high_confidence
engaged_1393.jpg,engaged_1378.jpg,engaged,1,0,high_confidence
engaged_1404.jpg,engaged_1406.jpg,engaged,0,0,high_confidence
engaged_1404.jpg,engaged_1407.jpg,engaged,0,0,high_confidence
engaged_1404.jpg,engaged_911.jpg,engaged,2,2,high_confidence
engaged_1404.jpg,engaged_1314.jpg,engaged,1,2,high_confidence
engaged_1404.jpg,engaged_1343.jpg,engaged,1,0,high_confidence
engaged_1404.jpg,engaged_1347.jpg,engaged,1,0,high_confidence
engaged_1404.jpg,engaged_1376.jpg,engaged,0,0,high_confidence
engaged_1404.jpg,engaged_1405.jpg,engaged,0,0,high_confidence
engaged_1404.jpg,engaged_1056.jpg,engaged,0,2,high_confidence
engaged_1404.jpg,engaged_1333.jpg,engaged,1,2,high_confidence
engaged_1404.jpg,engaged_1378.jpg,engaged,0,0,high_confidence
engaged_1406.jpg,engaged_1407.jpg,engaged,0,0,high_confidence
engaged_1406.jpg,engaged_911.jpg,engaged,2,2,high_confidence
engaged_1406.jpg,engaged_1314.jpg,engaged,1,2,high_confidence
engaged_1406.jpg,engaged_1343.jpg,engaged,1,0,high_confidence
engaged_1406.jpg,engaged_1347.jpg,engaged,1,0,high_confidence
engaged_1406.jpg,engaged_1376.jpg,engaged,0,0,high_confidence
engaged_1406.jpg,engaged_1405.jpg,engaged,0,0,high_confidence
engaged_1406.jpg,engaged_1056.jpg,engaged,0,2,high_confidence
engaged_1406.jpg,engaged_1333.jpg,engaged,1,2,high_confidence
engaged_1406.jpg,engaged_1378.jpg,engaged,0,0,high_confidence
engaged_1407.jpg,engaged_911.jpg,engaged,2,2,high_confidence
engaged_1407.jpg,engaged_1314.jpg,engaged,1,2,high_confidence
engaged_1407.jpg,engaged_1343.jpg,engaged,1,0,high_confidence
engaged_1407.jpg,engaged_1347.jpg,engaged,1,0,high_confidence
engaged_1407.jpg,engaged_1376.jpg,engaged,0,0,high_confidence
engaged_1407.jpg,engaged_1405.jpg,engaged,0,0,high_confidence
engaged_1407.jpg,engaged_1056.jpg,engaged,0,2,high_confidence
engaged_1407.jpg,engaged_1333.jpg,engaged,1,2,high_confidence
engaged_1407.jpg,engaged_1378.jpg,engaged,0,0,high_confidence
engaged_1481.jpg,engaged_1495.jpg,engaged,0,0,high_confidence
engaged_1481.jpg,engaged_1523.jpg,engaged,0,2,high_confidence
engaged_1481.jpg,engaged_1621.jpg,engaged,1,2,high_confidence
engaged_1495.jpg,engaged_1523.jpg,engaged,0,2,high_confidence
engaged_1495.jpg,engaged_1621.jpg,engaged,1,2,high_confidence
engaged_15068.jpg,engaged_15057.jpg,engaged,0,0,high_confidence
engaged_1523.jpg,engaged_1621.jpg,engaged,1,0,high_confidence
engaged_1621.jpg,engaged_1699.jpg,engaged,2,2,high_confidence
engaged_1711.jpg,engaged_1714.jpg,engaged,0,0,high_confidence
engaged_1711.jpg,engaged_1737.jpg,engaged,1,2,high_confidence
engaged_1714.jpg,engaged_1737.jpg,engaged,1,2,high_confidence
engaged_1737.jpg,engaged_1741.jpg,engaged,0,2,high_confidence
engaged_1737.jpg,engaged_1745.jpg,engaged,0,2,high_confidence
engaged_1737.jpg,engaged_1771.jpg,engaged,0,2,high_confidence
engaged_1737.jpg,engaged_1795.jpg,engaged,0,2,high_confidence
engaged_1737.jpg,engaged_1796.jpg,engaged,0,2,high_confidence
engaged_1737.jpg,engaged_1802.jpg,engaged,0,2,high_confidence
engaged_1737.jpg,engaged_1803.jpg,engaged,0,2,high_confidence
engaged_1737.jpg,engaged_1804.jpg,engaged,0,2,high_confidence
engaged_1737.jpg,engaged_1805.jpg,engaged,0,2,high_confidence
engaged_1737.jpg,engaged_1807.jpg,engaged,0,2,high_confidence
engaged_1737.jpg,engaged_1808.jpg,engaged,0,2,high_confidence
engaged_1737.jpg,engaged_1809.jpg,engaged,0,2,high_confidence
engaged_1737.jpg,engaged_1810.jpg,engaged,0,2,high_confidence
engaged_1737.jpg,engaged_1817.jpg,engaged,0,2,high_confidence
engaged_1737.jpg,engaged_1852.jpg,engaged,1,2,high_confidence
engaged_1737.jpg,engaged_1853.jpg,engaged,1,2,high_confidence
engaged_1737.jpg,engaged_1854.jpg,engaged,0,2,high_confidence
engaged_1737.jpg,engaged_1858.jpg,engaged,0,2,high_confidence
engaged_1737.jpg,engaged_1859.jpg,engaged,0,2,high_confidence
engaged_1737.jpg,engaged_1866.jpg,engaged,0,2,high_confidence
engaged_1737.jpg,engaged_1868.jpg,engaged,0,2,high_confidence
engaged_1737.jpg,engaged_1869.jpg,engaged,0,2,high_confidence
engaged_1737.jpg,engaged_1900.jpg,engaged,1,2,high_confidence
engaged_1737.jpg,engaged_1923.jpg,engaged,0,2,high_confidence
engaged_1737.jpg,engaged_1924.jpg,engaged,0,2,high_confidence
engaged_1737.jpg,engaged_1933.jpg,engaged,0,2,high_confidence
engaged_1737.jpg,engaged_1934.jpg,engaged,0,2,high_confidence
engaged_1737.jpg,engaged_1956.jpg,engaged,0,2,high_confidence
engaged_1737.jpg,engaged_1957.jpg,engaged,0,2,high_confidence
engaged_1737.jpg,engaged_1983.jpg,engaged,0,2,high_confidence
engaged_1737.jpg,engaged_1993.jpg,engaged,0,2,high_confidence
engaged_1737.jpg,engaged_1994.jpg,engaged,0,2,high_confidence
engaged_1737.jpg,engaged_2000.jpg,engaged,0,2,high_confidence
engaged_1737.jpg,engaged_2046.jpg,engaged,0,2,high_confidence
engaged_1737.jpg,engaged_2049.jpg,engaged,0,2,high_confidence
engaged_1737.jpg,engaged_2068.jpg,engaged,1,2,high_confidence
engaged_1737.jpg,engaged_2069.jpg,engaged,1,2,high_confidence
engaged_1737.jpg,engaged_2070.jpg,engaged,1,2,high_confidence
engaged_1737.jpg,engaged_2074.jpg,engaged,1,2,high_confidence
engaged_1737.jpg,engaged_2075.jpg,engaged,1,2,high_confidence
engaged_1737.jpg,engaged_2076.jpg,engaged,1,2,high_confidence
engaged_1737.jpg,engaged_2093.jpg,engaged,1,2,high_confidence
engaged_1737.jpg,engaged_2097.jpg,engaged,1,2,high_confidence
engaged_1737.jpg,engaged_2098.jpg,engaged,1,2,high_confidence
engaged_1737.jpg,engaged_2102.jpg,engaged,1,2,high_confidence
engaged_1737.jpg,engaged_2107.jpg,engaged,1,2,high_confidence
engaged_1737.jpg,engaged_2117.jpg,engaged,1,2,high_confidence
engaged_1737.jpg,engaged_2118.jpg,engaged,1,2,high_confidence
engaged_1737.jpg,engaged_2119.jpg,engaged,1,2,high_confidence
engaged_1737.jpg,engaged_2120.jpg,engaged,1,2,high_confidence
engaged_1737.jpg,engaged_2123.jpg,engaged,1,2,high_confidence
engaged_1737.jpg,engaged_2124.jpg,engaged,1,2,high_confidence
engaged_1737.jpg,engaged_2126.jpg,engaged,1,2,high_confidence
engaged_1737.jpg,engaged_2134.jpg,engaged,1,2,high_confidence
engaged_1737.jpg,engaged_2135.jpg,engaged,1,2,high_confidence
engaged_1737.jpg,engaged_2137.jpg,engaged,1,2,high_confidence
engaged_1737.jpg,engaged_2145.jpg,engaged,1,2,high_confidence
engaged_1737.jpg,engaged_2146.jpg,engaged,1,2,high_confidence
engaged_1737.jpg,engaged_2148.jpg,engaged,1,2,high_confidence
engaged_1737.jpg,engaged_2149.jpg,engaged,1,2,high_confidence
engaged_1737.jpg,engaged_2150.jpg,engaged,1,2,high_confidence
engaged_1737.jpg,engaged_2155.jpg,engaged,1,2,high_confidence
engaged_1737.jpg,engaged_2157.jpg,engaged,1,2,high_confidence
engaged_1737.jpg,engaged_2158.jpg,engaged,1,2,high_confidence
engaged_1737.jpg,engaged_2159.jpg,engaged,1,2,high_confidence
engaged_1737.jpg,engaged_2160.jpg,engaged,1,2,high_confidence
engaged_1737.jpg,engaged_2163.jpg,engaged,1,2,high_confidence
engaged_1737.jpg,engaged_2164.jpg,engaged,1,2,high_confidence
engaged_1737.jpg,engaged_2165.jpg,engaged,1,2,high_confidence
engaged_1737.jpg,engaged_2170.jpg,engaged,1,2,high_confidence
engaged_1737.jpg,engaged_2171.jpg,engaged,1,2,high_confidence
engaged_1737.jpg,engaged_2173.jpg,engaged,1,2,high_confidence
engaged_1737.jpg,engaged_2174.jpg,engaged,1,2,high_confidence
engaged_1737.jpg,engaged_2175.jpg,engaged,1,2,high_confidence
engaged_1737.jpg,engaged_2180.jpg,engaged,1,2,high_confidence
engaged_1737.jpg,engaged_2182.jpg,engaged,1,2,high_confidence
engaged_1737.jpg,engaged_2183.jpg,engaged,1,2,high_confidence
engaged_1737.jpg,engaged_2184.jpg,engaged,1,2,high_confidence
engaged_1737.jpg,engaged_2185.jpg,engaged,1,2,high_confidence
engaged_1737.jpg,engaged_2187.jpg,engaged,1,2,high_confidence
engaged_1737.jpg,engaged_2188.jpg,engaged,1,2,high_confidence
engaged_1737.jpg,engaged_2189.jpg,engaged,1,2,high_confidence
engaged_1737.jpg,engaged_2190.jpg,engaged,1,2,high_confidence
engaged_1737.jpg,engaged_2192.jpg,engaged,1,2,high_confidence
engaged_1737.jpg,engaged_2194.jpg,engaged,1,2,high_confidence
engaged_1737.jpg,engaged_2199.jpg,engaged,1,2,high_confidence
engaged_1737.jpg,engaged_2200.jpg,engaged,1,2,high_confidence
engaged_1737.jpg,engaged_2201.jpg,engaged,1,2,high_confidence
engaged_1737.jpg,engaged_2202.jpg,engaged,1,2,high_confidence
engaged_1737.jpg,engaged_2204.jpg,engaged,1,2,high_confidence
engaged_1737.jpg,engaged_2210.jpg,engaged,1,2,high_confidence
engaged_1737.jpg,engaged_2211.jpg,engaged,1,2,high_confidence
engaged_1737.jpg,engaged_2212.jpg,engaged,1,2,high_confidence
engaged_1737.jpg,engaged_2215.jpg,engaged,1,2,high_confidence
engaged_1737.jpg,engaged_1775.jpg,engaged,0,2,high_confidence
engaged_1737.jpg,engaged_1779.jpg,engaged,0,2,high_confidence
engaged_1737.jpg,engaged_1836.jpg,engaged,1,2,high_confidence
engaged_1737.jpg,engaged_1867.jpg,engaged,0,2,high_confidence
engaged_1737.jpg,engaged_1979.jpg,engaged,0,2,high_confidence
engaged_1737.jpg,engaged_2045.jpg,engaged,0,2,high_confidence
engaged_1737.jpg,engaged_2079.jpg,engaged,1,2,high_confidence
engaged_1737.jpg,engaged_2080.jpg,engaged,1,2,high_confidence
engaged_1737.jpg,engaged_2086.jpg,engaged,1,2,high_confidence
engaged_1737.jpg,engaged_2096.jpg,engaged,1,2,high_confidence
engaged_1737.jpg,engaged_2103.jpg,engaged,1,2,high_confidence
engaged_1737.jpg,engaged_2121.jpg,engaged,1,2,high_confidence
engaged_1737.jpg,engaged_2136.jpg,engaged,1,2,high_confidence
engaged_1737.jpg,engaged_2166.jpg,engaged,1,2,high_confidence
engaged_1737.jpg,engaged_2172.jpg,engaged,1,2,high_confidence
engaged_1737.jpg,engaged_2213.jpg,engaged,1,2,high_confidence
engaged_1737.jpg,engaged_1806.jpg,engaged,0,2,high_confidence
engaged_1737.jpg,engaged_1860.jpg,engaged,0,2,high_confidence
engaged_1737.jpg,engaged_1916.jpg,engaged,0,2,high_confidence
engaged_1737.jpg,engaged_1925.jpg,engaged,0,2,high_confidence
engaged_1737.jpg,engaged_1982.jpg,engaged,0,2,high_confidence
engaged_1737.jpg,engaged_2048.jpg,engaged,0,2,high_confidence
engaged_1737.jpg,engaged_2073.jpg,engaged,1,2,high_confidence
engaged_1737.jpg,engaged_2081.jpg,engaged,1,2,high_confidence
engaged_1737.jpg,engaged_2092.jpg,engaged,1,2,high_confidence
engaged_1737.jpg,engaged_2106.jpg,engaged,1,2,high_confidence
engaged_1737.jpg,engaged_2111.jpg,engaged,1,2,high_confidence
engaged_1737.jpg,engaged_2116.jpg,engaged,1,2,high_confidence
engaged_1737.jpg,engaged_2125.jpg,engaged,1,2,high_confidence
engaged_1737.jpg,engaged_2156.jpg,engaged,1,2,high_confidence
engaged_1737.jpg,engaged_2181.jpg,engaged,1,2,high_confidence
engaged_1737.jpg,engaged_2191.jpg,engaged,1,2,high_confidence
engaged_1737.jpg,engaged_2198.jpg,engaged,1,2,high_confidence
engaged_1737.jpg,engaged_2203.jpg,engaged,1,2,high_confidence
engaged_1737.jpg,engaged_2214.jpg,engaged,1,2,high_confidence
engaged_1737.jpg,engaged_2216.jpg,engaged,1,2,high_confidence
engaged_1741.jpg,engaged_1745.jpg,engaged,0,0,high_confidence
engaged_1741.jpg,engaged_1771.jpg,engaged,0,0,high_confidence
engaged_1741.jpg,engaged_1795.jpg,engaged,0,0,high_confidence
engaged_1741.jpg,engaged_1796.jpg,engaged,0,0,high_confidence
engaged_1741.jpg,engaged_1802.jpg,engaged,0,0,high_confidence
engaged_1741.jpg,engaged_1803.jpg,engaged,0,0,high_confidence
engaged_1741.jpg,engaged_1804.jpg,engaged,0,0,high_confidence
engaged_1741.jpg,engaged_1805.jpg,engaged,0,0,high_confidence
engaged_1741.jpg,engaged_1807.jpg,engaged,0,0,high_confidence
engaged_1741.jpg,engaged_1808.jpg,engaged,0,0,high_confidence
engaged_1741.jpg,engaged_1809.jpg,engaged,0,0,high_confidence
engaged_1741.jpg,engaged_1810.jpg,engaged,0,0,high_confidence
engaged_1741.jpg,engaged_1817.jpg,engaged,0,0,high_confidence
engaged_1741.jpg,engaged_1852.jpg,engaged,1,0,high_confidence
engaged_1741.jpg,engaged_1853.jpg,engaged,1,0,high_confidence
engaged_1741.jpg,engaged_1854.jpg,engaged,0,0,high_confidence
engaged_1741.jpg,engaged_1858.jpg,engaged,0,0,high_confidence
engaged_1741.jpg,engaged_1859.jpg,engaged,0,0,high_confidence
engaged_1741.jpg,engaged_1866.jpg,engaged,0,0,high_confidence
engaged_1741.jpg,engaged_1868.jpg,engaged,0,0,high_confidence
engaged_1741.jpg,engaged_1869.jpg,engaged,0,0,high_confidence
engaged_1741.jpg,engaged_1900.jpg,engaged,1,0,high_confidence
engaged_1741.jpg,engaged_1923.jpg,engaged,0,0,high_confidence
engaged_1741.jpg,engaged_1924.jpg,engaged,0,0,high_confidence
engaged_1741.jpg,engaged_1933.jpg,engaged,0,0,high_confidence
engaged_1741.jpg,engaged_1934.jpg,engaged,0,0,high_confidence
engaged_1741.jpg,engaged_1956.jpg,engaged,0,0,high_confidence
engaged_1741.jpg,engaged_1957.jpg,engaged,0,0,high_confidence
engaged_1741.jpg,engaged_1983.jpg,engaged,0,0,high_confidence
engaged_1741.jpg,engaged_1993.jpg,engaged,0,0,high_confidence
engaged_1741.jpg,engaged_1994.jpg,engaged,0,0,high_confidence
engaged_1741.jpg,engaged_2000.jpg,engaged,0,0,high_confidence
engaged_1741.jpg,engaged_2046.jpg,engaged,0,0,high_confidence
engaged_1741.jpg,engaged_2049.jpg,engaged,0,0,high_confidence
engaged_1741.jpg,engaged_2068.jpg,engaged,1,0,high_confidence
engaged_1741.jpg,engaged_2069.jpg,engaged,1,0,high_confidence
engaged_1741.jpg,engaged_2070.jpg,engaged,1,0,high_confidence
engaged_1741.jpg,engaged_2074.jpg,engaged,1,0,high_confidence
engaged_1741.jpg,engaged_2075.jpg,engaged,1,0,high_confidence
engaged_1741.jpg,engaged_2076.jpg,engaged,1,0,high_confidence
engaged_1741.jpg,engaged_2093.jpg,engaged,1,0,high_confidence
engaged_1741.jpg,engaged_2097.jpg,engaged,1,0,high_confidence
engaged_1741.jpg,engaged_2098.jpg,engaged,1,0,high_confidence
engaged_1741.jpg,engaged_2102.jpg,engaged,1,0,high_confidence
engaged_1741.jpg,engaged_2107.jpg,engaged,1,0,high_confidence
engaged_1741.jpg,engaged_2117.jpg,engaged,1,0,high_confidence
engaged_1741.jpg,engaged_2118.jpg,engaged,1,0,high_confidence
engaged_1741.jpg,engaged_2119.jpg,engaged,1,0,high_confidence
engaged_1741.jpg,engaged_2120.jpg,engaged,1,0,high_confidence
engaged_1741.jpg,engaged_2123.jpg,engaged,1,0,high_confidence
engaged_1741.jpg,engaged_2124.jpg,engaged,1,0,high_confidence
engaged_1741.jpg,engaged_2126.jpg,engaged,1,0,high_confidence
engaged_1741.jpg,engaged_2134.jpg,engaged,1,0,high_confidence
engaged_1741.jpg,engaged_2135.jpg,engaged,1,0,high_confidence
engaged_1741.jpg,engaged_2137.jpg,engaged,1,0,high_confidence
engaged_1741.jpg,engaged_2145.jpg,engaged,1,0,high_confidence
engaged_1741.jpg,engaged_2146.jpg,engaged,1,0,high_confidence
engaged_1741.jpg,engaged_2148.jpg,engaged,1,0,high_confidence
engaged_1741.jpg,engaged_2149.jpg,engaged,1,0,high_confidence
engaged_1741.jpg,engaged_2150.jpg,engaged,1,0,high_confidence
engaged_1741.jpg,engaged_2155.jpg,engaged,1,0,high_confidence
engaged_1741.jpg,engaged_2157.jpg,engaged,1,0,high_confidence
engaged_1741.jpg,engaged_2158.jpg,engaged,1,0,high_confidence
engaged_1741.jpg,engaged_2159.jpg,engaged,1,0,high_confidence
engaged_1741.jpg,engaged_2160.jpg,engaged,1,0,high_confidence
engaged_1741.jpg,engaged_2163.jpg,engaged,1,0,high_confidence
engaged_1741.jpg,engaged_2164.jpg,engaged,1,0,high_confidence
engaged_1741.jpg,engaged_2165.jpg,engaged,1,0,high_confidence
engaged_1741.jpg,engaged_2170.jpg,engaged,1,0,high_confidence
engaged_1741.jpg,engaged_2171.jpg,engaged,1,0,high_confidence
engaged_1741.jpg,engaged_2173.jpg,engaged,1,0,high_confidence
engaged_1741.jpg,engaged_2174.jpg,engaged,1,0,high_confidence
engaged_1741.jpg,engaged_2175.jpg,engaged,1,0,high_confidence
engaged_1741.jpg,engaged_2180.jpg,engaged,1,0,high_confidence
engaged_1741.jpg,engaged_2182.jpg,engaged,1,0,high_confidence
engaged_1741.jpg,engaged_2183.jpg,engaged,1,0,high_confidence
engaged_1741.jpg,engaged_2184.jpg,engaged,1,0,high_confidence
engaged_1741.jpg,engaged_2185.jpg,engaged,1,0,high_confidence
engaged_1741.jpg,engaged_2187.jpg,engaged,1,0,high_confidence
engaged_1741.jpg,engaged_2188.jpg,engaged,1,0,high_confidence
engaged_1741.jpg,engaged_2189.jpg,engaged,1,0,high_confidence
engaged_1741.jpg,engaged_2190.jpg,engaged,1,0,high_confidence
engaged_1741.jpg,engaged_2192.jpg,engaged,1,0,high_confidence
engaged_1741.jpg,engaged_2194.jpg,engaged,1,0,high_confidence
engaged_1741.jpg,engaged_2199.jpg,engaged,1,0,high_confidence
engaged_1741.jpg,engaged_2200.jpg,engaged,1,0,high_confidence
engaged_1741.jpg,engaged_2201.jpg,engaged,1,0,high_confidence
engaged_1741.jpg,engaged_2202.jpg,engaged,1,0,high_confidence
engaged_1741.jpg,engaged_2204.jpg,engaged,1,0,high_confidence
engaged_1741.jpg,engaged_2210.jpg,engaged,1,0,high_confidence
engaged_1741.jpg,engaged_2211.jpg,engaged,1,0,high_confidence
engaged_1741.jpg,engaged_2212.jpg,engaged,1,0,high_confidence
engaged_1741.jpg,engaged_2215.jpg,engaged,1,0,high_confidence
engaged_1741.jpg,engaged_1775.jpg,engaged,0,0,high_confidence
engaged_1741.jpg,engaged_1779.jpg,engaged,0,0,high_confidence
engaged_1741.jpg,engaged_1836.jpg,engaged,1,0,high_confidence
engaged_1741.jpg,engaged_1867.jpg,engaged,0,0,high_confidence
engaged_1741.jpg,engaged_1979.jpg,engaged,0,0,high_confidence
engaged_1741.jpg,engaged_2045.jpg,engaged,0,0,high_confidence
engaged_1741.jpg,engaged_2079.jpg,engaged,1,0,high_confidence
engaged_1741.jpg,engaged_2080.jpg,engaged,1,0,high_confidence
engaged_1741.jpg,engaged_2086.jpg,engaged,1,0,high_confidence
engaged_1741.jpg,engaged_2096.jpg,engaged,1,0,high_confidence
engaged_1741.jpg,engaged_2103.jpg,engaged,1,0,high_confidence
engaged_1741.jpg,engaged_2121.jpg,engaged,1,0,high_confidence
engaged_1741.jpg,engaged_2136.jpg,engaged,1,0,high_confidence
engaged_1741.jpg,engaged_2166.jpg,engaged,1,0,high_confidence
engaged_1741.jpg,engaged_2172.jpg,engaged,1,0,high_confidence
engaged_1741.jpg,engaged_2213.jpg,engaged,1,0,high_confidence
engaged_1741.jpg,engaged_1806.jpg,engaged,0,0,high_confidence
engaged_1741.jpg,engaged_1860.jpg,engaged,0,0,high_confidence
engaged_1741.jpg,engaged_1916.jpg,engaged,0,0,high_confidence
engaged_1741.jpg,engaged_1925.jpg,engaged,0,0,high_confidence
engaged_1741.jpg,engaged_1982.jpg,engaged,0,0,high_confidence
engaged_1741.jpg,engaged_2048.jpg,engaged,0,0,high_confidence
engaged_1741.jpg,engaged_2073.jpg,engaged,1,0,high_confidence
engaged_1741.jpg,engaged_2081.jpg,engaged,1,0,high_confidence
engaged_1741.jpg,engaged_2092.jpg,engaged,1,0,high_confidence
engaged_1741.jpg,engaged_2106.jpg,engaged,1,0,high_confidence
engaged_1741.jpg,engaged_2111.jpg,engaged,1,0,high_confidence
engaged_1741.jpg,engaged_2116.jpg,engaged,1,0,high_confidence
engaged_1741.jpg,engaged_2125.jpg,engaged,1,0,high_confidence
engaged_1741.jpg,engaged_2156.jpg,engaged,1,0,high_confidence
engaged_1741.jpg,engaged_2181.jpg,engaged,1,0,high_confidence
engaged_1741.jpg,engaged_2191.jpg,engaged,1,0,high_confidence
engaged_1741.jpg,engaged_2198.jpg,engaged,1,0,high_confidence
engaged_1741.jpg,engaged_2203.jpg,engaged,1,0,high_confidence
engaged_1741.jpg,engaged_2214.jpg,engaged,1,0,high_confidence
engaged_1741.jpg,engaged_2216.jpg,engaged,1,0,high_confidence
engaged_1745.jpg,engaged_1771.jpg,engaged,0,0,high_confidence
engaged_1745.jpg,engaged_1795.jpg,engaged,0,0,high_confidence
engaged_1745.jpg,engaged_1796.jpg,engaged,0,0,high_confidence
engaged_1745.jpg,engaged_1802.jpg,engaged,0,0,high_confidence
engaged_1745.jpg,engaged_1803.jpg,engaged,0,0,high_confidence
engaged_1745.jpg,engaged_1804.jpg,engaged,0,0,high_confidence
engaged_1745.jpg,engaged_1805.jpg,engaged,0,0,high_confidence
engaged_1745.jpg,engaged_1807.jpg,engaged,0,0,high_confidence
engaged_1745.jpg,engaged_1808.jpg,engaged,0,0,high_confidence
engaged_1745.jpg,engaged_1809.jpg,engaged,0,0,high_confidence
engaged_1745.jpg,engaged_1810.jpg,engaged,0,0,high_confidence
engaged_1745.jpg,engaged_1817.jpg,engaged,0,0,high_confidence
engaged_1745.jpg,engaged_1852.jpg,engaged,1,0,high_confidence
engaged_1745.jpg,engaged_1853.jpg,engaged,1,0,high_confidence
engaged_1745.jpg,engaged_1854.jpg,engaged,0,0,high_confidence
engaged_1745.jpg,engaged_1858.jpg,engaged,0,0,high_confidence
engaged_1745.jpg,engaged_1859.jpg,engaged,0,0,high_confidence
engaged_1745.jpg,engaged_1866.jpg,engaged,0,0,high_confidence
engaged_1745.jpg,engaged_1868.jpg,engaged,0,0,high_confidence
engaged_1745.jpg,engaged_1869.jpg,engaged,0,0,high_confidence
engaged_1745.jpg,engaged_1900.jpg,engaged,1,0,high_confidence
engaged_1745.jpg,engaged_1923.jpg,engaged,0,0,high_confidence
engaged_1745.jpg,engaged_1924.jpg,engaged,0,0,high_confidence
engaged_1745.jpg,engaged_1933.jpg,engaged,0,0,high_confidence
engaged_1745.jpg,engaged_1934.jpg,engaged,0,0,high_confidence
engaged_1745.jpg,engaged_1956.jpg,engaged,0,0,high_confidence
engaged_1745.jpg,engaged_1957.jpg,engaged,0,0,high_confidence
engaged_1745.jpg,engaged_1983.jpg,engaged,0,0,high_confidence
engaged_1745.jpg,engaged_1993.jpg,engaged,0,0,high_confidence
engaged_1745.jpg,engaged_1994.jpg,engaged,0,0,high_confidence
engaged_1745.jpg,engaged_2000.jpg,engaged,0,0,high_confidence
engaged_1745.jpg,engaged_2046.jpg,engaged,0,0,high_confidence
engaged_1745.jpg,engaged_2049.jpg,engaged,0,0,high_confidence
engaged_1745.jpg,engaged_2068.jpg,engaged,1,0,high_confidence
engaged_1745.jpg,engaged_2069.jpg,engaged,1,0,high_confidence
engaged_1745.jpg,engaged_2070.jpg,engaged,1,0,high_confidence
engaged_1745.jpg,engaged_2074.jpg,engaged,1,0,high_confidence
engaged_1745.jpg,engaged_2075.jpg,engaged,1,0,high_confidence
engaged_1745.jpg,engaged_2076.jpg,engaged,1,0,high_confidence
engaged_1745.jpg,engaged_2093.jpg,engaged,1,0,high_confidence
engaged_1745.jpg,engaged_2097.jpg,engaged,1,0,high_confidence
engaged_1745.jpg,engaged_2098.jpg,engaged,1,0,high_confidence
engaged_1745.jpg,engaged_2102.jpg,engaged,1,0,high_confidence
engaged_1745.jpg,engaged_2107.jpg,engaged,1,0,high_confidence
engaged_1745.jpg,engaged_2117.jpg,engaged,1,0,high_confidence
engaged_1745.jpg,engaged_2118.jpg,engaged,1,0,high_confidence
engaged_1745.jpg,engaged_2119.jpg,engaged,1,0,high_confidence
engaged_1745.jpg,engaged_2120.jpg,engaged,1,0,high_confidence
engaged_1745.jpg,engaged_2123.jpg,engaged,1,0,high_confidence
engaged_1745.jpg,engaged_2124.jpg,engaged,1,0,high_confidence
engaged_1745.jpg,engaged_2126.jpg,engaged,1,0,high_confidence
engaged_1745.jpg,engaged_2134.jpg,engaged,1,0,high_confidence
engaged_1745.jpg,engaged_2135.jpg,engaged,1,0,high_confidence
engaged_1745.jpg,engaged_2137.jpg,engaged,1,0,high_confidence
engaged_1745.jpg,engaged_2145.jpg,engaged,1,0,high_confidence
engaged_1745.jpg,engaged_2146.jpg,engaged,1,0,high_confidence
engaged_1745.jpg,engaged_2148.jpg,engaged,1,0,high_confidence
engaged_1745.jpg,engaged_2149.jpg,engaged,1,0,high_confidence
engaged_1745.jpg,engaged_2150.jpg,engaged,1,0,high_confidence
engaged_1745.jpg,engaged_2155.jpg,engaged,1,0,high_confidence
engaged_1745.jpg,engaged_2157.jpg,engaged,1,0,high_confidence
engaged_1745.jpg,engaged_2158.jpg,engaged,1,0,high_confidence
engaged_1745.jpg,engaged_2159.jpg,engaged,1,0,high_confidence
engaged_1745.jpg,engaged_2160.jpg,engaged,1,0,high_confidence
engaged_1745.jpg,engaged_2163.jpg,engaged,1,0,high_confidence
engaged_1745.jpg,engaged_2164.jpg,engaged,1,0,high_confidence
engaged_1745.jpg,engaged_2165.jpg,engaged,1,0,high_confidence
engaged_1745.jpg,engaged_2170.jpg,engaged,1,0,high_confidence
engaged_1745.jpg,engaged_2171.jpg,engaged,1,0,high_confidence
engaged_1745.jpg,engaged_2173.jpg,engaged,1,0,high_confidence
engaged_1745.jpg,engaged_2174.jpg,engaged,1,0,high_confidence
engaged_1745.jpg,engaged_2175.jpg,engaged,1,0,high_confidence
engaged_1745.jpg,engaged_2180.jpg,engaged,1,0,high_confidence
engaged_1745.jpg,engaged_2182.jpg,engaged,1,0,high_confidence
engaged_1745.jpg,engaged_2183.jpg,engaged,1,0,high_confidence
engaged_1745.jpg,engaged_2184.jpg,engaged,1,0,high_confidence
engaged_1745.jpg,engaged_2185.jpg,engaged,1,0,high_confidence
engaged_1745.jpg,engaged_2187.jpg,engaged,1,0,high_confidence
engaged_1745.jpg,engaged_2188.jpg,engaged,1,0,high_confidence
engaged_1745.jpg,engaged_2189.jpg,engaged,1,0,high_confidence
engaged_1745.jpg,engaged_2190.jpg,engaged,1,0,high_confidence
engaged_1745.jpg,engaged_2192.jpg,engaged,1,0,high_confidence
engaged_1745.jpg,engaged_2194.jpg,engaged,1,0,high_confidence
engaged_1745.jpg,engaged_2199.jpg,engaged,1,0,high_confidence
engaged_1745.jpg,engaged_2200.jpg,engaged,1,0,high_confidence
engaged_1745.jpg,engaged_2201.jpg,engaged,1,0,high_confidence
engaged_1745.jpg,engaged_2202.jpg,engaged,1,0,high_confidence
engaged_1745.jpg,engaged_2204.jpg,engaged,1,0,high_confidence
engaged_1745.jpg,engaged_2210.jpg,engaged,1,0,high_confidence
engaged_1745.jpg,engaged_2211.jpg,engaged,1,0,high_confidence
engaged_1745.jpg,engaged_2212.jpg,engaged,1,0,high_confidence
engaged_1745.jpg,engaged_2215.jpg,engaged,1,0,high_confidence
engaged_1745.jpg,engaged_1775.jpg,engaged,0,0,high_confidence
engaged_1745.jpg,engaged_1779.jpg,engaged,0,0,high_confidence
engaged_1745.jpg,engaged_1836.jpg,engaged,1,0,high_confidence
engaged_1745.jpg,engaged_1867.jpg,engaged,0,0,high_confidence
engaged_1745.jpg,engaged_1979.jpg,engaged,0,0,high_confidence
engaged_1745.jpg,engaged_2045.jpg,engaged,0,0,high_confidence
engaged_1745.jpg,engaged_2079.jpg,engaged,1,0,high_confidence
engaged_1745.jpg,engaged_2080.jpg,engaged,1,0,high_confidence
engaged_1745.jpg,engaged_2086.jpg,engaged,1,0,high_confidence
engaged_1745.jpg,engaged_2096.jpg,engaged,1,0,high_confidence
engaged_1745.jpg,engaged_2103.jpg,engaged,1,0,high_confidence
engaged_1745.jpg,engaged_2121.jpg,engaged,1,0,high_confidence
engaged_1745.jpg,engaged_2136.jpg,engaged,1,0,high_confidence
engaged_1745.jpg,engaged_2166.jpg,engaged,1,0,high_confidence
engaged_1745.jpg,engaged_2172.jpg,engaged,1,0,high_confidence
engaged_1745.jpg,engaged_2213.jpg,engaged,1,0,high_confidence
engaged_1745.jpg,engaged_1806.jpg,engaged,0,0,high_confidence
engaged_1745.jpg,engaged_1860.jpg,engaged,0,0,high_confidence
engaged_1745.jpg,engaged_1916.jpg,engaged,0,0,high_confidence
engaged_1745.jpg,engaged_1925.jpg,engaged,0,0,high_confidence
engaged_1745.jpg,engaged_1982.jpg,engaged,0,0,high_confidence
engaged_1745.jpg,engaged_2048.jpg,engaged,0,0,high_confidence
engaged_1745.jpg,engaged_2073.jpg,engaged,1,0,high_confidence
engaged_1745.jpg,engaged_2081.jpg,engaged,1,0,high_confidence
engaged_1745.jpg,engaged_2092.jpg,engaged,1,0,high_confidence
engaged_1745.jpg,engaged_2106.jpg,engaged,1,0,high_confidence
engaged_1745.jpg,engaged_2111.jpg,engaged,1,0,high_confidence
engaged_1745.jpg,engaged_2116.jpg,engaged,1,0,high_confidence
engaged_1745.jpg,engaged_2125.jpg,engaged,1,0,high_confidence
engaged_1745.jpg,engaged_2156.jpg,engaged,1,0,high_confidence
engaged_1745.jpg,engaged_2181.jpg,engaged,1,0,high_confidence
engaged_1745.jpg,engaged_2191.jpg,engaged,1,0,high_confidence
engaged_1745.jpg,engaged_2198.jpg,engaged,1,0,high_confidence
engaged_1745.jpg,engaged_2203.jpg,engaged,1,0,high_confidence
engaged_1745.jpg,engaged_2214.jpg,engaged,1,0,high_confidence
engaged_1745.jpg,engaged_2216.jpg,engaged,1,0,high_confidence
engaged_1771.jpg,engaged_1795.jpg,engaged,0,0,high_confidence
engaged_1771.jpg,engaged_1796.jpg,engaged,0,0,high_confidence
engaged_1771.jpg,engaged_1802.jpg,engaged,0,0,high_confidence
engaged_1771.jpg,engaged_1803.jpg,engaged,0,0,high_confidence
engaged_1771.jpg,engaged_1804.jpg,engaged,0,0,high_confidence
engaged_1771.jpg,engaged_1805.jpg,engaged,0,0,high_confidence
engaged_1771.jpg,engaged_1807.jpg,engaged,0,0,high_confidence
engaged_1771.jpg,engaged_1808.jpg,engaged,0,0,high_confidence
engaged_1771.jpg,engaged_1809.jpg,engaged,0,0,high_confidence
engaged_1771.jpg,engaged_1810.jpg,engaged,0,0,high_confidence
engaged_1771.jpg,engaged_1817.jpg,engaged,0,0,high_confidence
engaged_1771.jpg,engaged_1852.jpg,engaged,1,0,high_confidence
engaged_1771.jpg,engaged_1853.jpg,engaged,1,0,high_confidence
engaged_1771.jpg,engaged_1854.jpg,engaged,0,0,high_confidence
engaged_1771.jpg,engaged_1858.jpg,engaged,0,0,high_confidence
engaged_1771.jpg,engaged_1859.jpg,engaged,0,0,high_confidence
engaged_1771.jpg,engaged_1866.jpg,engaged,0,0,high_confidence
engaged_1771.jpg,engaged_1868.jpg,engaged,0,0,high_confidence
engaged_1771.jpg,engaged_1869.jpg,engaged,0,0,high_confidence
engaged_1771.jpg,engaged_1900.jpg,engaged,1,0,high_confidence
engaged_1771.jpg,engaged_1923.jpg,engaged,0,0,high_confidence
engaged_1771.jpg,engaged_1924.jpg,engaged,0,0,high_confidence
engaged_1771.jpg,engaged_1933.jpg,engaged,0,0,high_confidence
engaged_1771.jpg,engaged_1934.jpg,engaged,0,0,high_confidence
engaged_1771.jpg,engaged_1956.jpg,engaged,0,0,high_confidence
engaged_1771.jpg,engaged_1957.jpg,engaged,0,0,high_confidence
engaged_1771.jpg,engaged_1983.jpg,engaged,0,0,high_confidence
engaged_1771.jpg,engaged_1993.jpg,engaged,0,0,high_confidence
engaged_1771.jpg,engaged_1994.jpg,engaged,0,0,high_confidence
engaged_1771.jpg,engaged_2000.jpg,engaged,0,0,high_confidence
engaged_1771.jpg,engaged_2046.jpg,engaged,0,0,high_confidence
engaged_1771.jpg,engaged_2049.jpg,engaged,0,0,high_confidence
engaged_1771.jpg,engaged_2068.jpg,engaged,1,0,high_confidence
engaged_1771.jpg,engaged_2069.jpg,engaged,1,0,high_confidence
engaged_1771.jpg,engaged_2070.jpg,engaged,1,0,high_confidence
engaged_1771.jpg,engaged_2074.jpg,engaged,1,0,high_confidence
engaged_1771.jpg,engaged_2075.jpg,engaged,1,0,high_confidence
engaged_1771.jpg,engaged_2076.jpg,engaged,1,0,high_confidence
engaged_1771.jpg,engaged_2093.jpg,engaged,1,0,high_confidence
engaged_1771.jpg,engaged_2097.jpg,engaged,1,0,high_confidence
engaged_1771.jpg,engaged_2098.jpg,engaged,1,0,high_confidence
engaged_1771.jpg,engaged_2102.jpg,engaged,1,0,high_confidence
engaged_1771.jpg,engaged_2107.jpg,engaged,1,0,high_confidence
engaged_1771.jpg,engaged_2117.jpg,engaged,1,0,high_confidence
engaged_1771.jpg,engaged_2118.jpg,engaged,1,0,high_confidence
engaged_1771.jpg,engaged_2119.jpg,engaged,1,0,high_confidence
engaged_1771.jpg,engaged_2120.jpg,engaged,1,0,high_confidence
engaged_1771.jpg,engaged_2123.jpg,engaged,1,0,high_confidence
engaged_1771.jpg,engaged_2124.jpg,engaged,1,0,high_confidence
engaged_1771.jpg,engaged_2126.jpg,engaged,1,0,high_confidence
engaged_1771.jpg,engaged_2134.jpg,engaged,1,0,high_confidence
engaged_1771.jpg,engaged_2135.jpg,engaged,1,0,high_confidence
engaged_1771.jpg,engaged_2137.jpg,engaged,1,0,high_confidence
engaged_1771.jpg,engaged_2145.jpg,engaged,1,0,high_confidence
engaged_1771.jpg,engaged_2146.jpg,engaged,1,0,high_confidence
engaged_1771.jpg,engaged_2148.jpg,engaged,1,0,high_confidence
engaged_1771.jpg,engaged_2149.jpg,engaged,1,0,high_confidence
engaged_1771.jpg,engaged_2150.jpg,engaged,1,0,high_confidence
engaged_1771.jpg,engaged_2155.jpg,engaged,1,0,high_confidence
engaged_1771.jpg,engaged_2157.jpg,engaged,1,0,high_confidence
engaged_1771.jpg,engaged_2158.jpg,engaged,1,0,high_confidence
engaged_1771.jpg,engaged_2159.jpg,engaged,1,0,high_confidence
engaged_1771.jpg,engaged_2160.jpg,engaged,1,0,high_confidence
engaged_1771.jpg,engaged_2163.jpg,engaged,1,0,high_confidence
engaged_1771.jpg,engaged_2164.jpg,engaged,1,0,high_confidence
engaged_1771.jpg,engaged_2165.jpg,engaged,1,0,high_confidence
engaged_1771.jpg,engaged_2170.jpg,engaged,1,0,high_confidence
engaged_1771.jpg,engaged_2171.jpg,engaged,1,0,high_confidence
engaged_1771.jpg,engaged_2173.jpg,engaged,1,0,high_confidence
engaged_1771.jpg,engaged_2174.jpg,engaged,1,0,high_confidence
engaged_1771.jpg,engaged_2175.jpg,engaged,1,0,high_confidence
engaged_1771.jpg,engaged_2180.jpg,engaged,1,0,high_confidence
engaged_1771.jpg,engaged_2182.jpg,engaged,1,0,high_confidence
engaged_1771.jpg,engaged_2183.jpg,engaged,1,0,high_confidence
engaged_1771.jpg,engaged_2184.jpg,engaged,1,0,high_confidence
engaged_1771.jpg,engaged_2185.jpg,engaged,1,0,high_confidence
engaged_1771.jpg,engaged_2187.jpg,engaged,1,0,high_confidence
engaged_1771.jpg,engaged_2188.jpg,engaged,1,0,high_confidence
engaged_1771.jpg,engaged_2189.jpg,engaged,1,0,high_confidence
engaged_1771.jpg,engaged_2190.jpg,engaged,1,0,high_confidence
engaged_1771.jpg,engaged_2192.jpg,engaged,1,0,high_confidence
engaged_1771.jpg,engaged_2194.jpg,engaged,1,0,high_confidence
engaged_1771.jpg,engaged_2199.jpg,engaged,1,0,high_confidence
engaged_1771.jpg,engaged_2200.jpg,engaged,1,0,high_confidence
engaged_1771.jpg,engaged_2201.jpg,engaged,1,0,high_confidence
engaged_1771.jpg,engaged_2202.jpg,engaged,1,0,high_confidence
engaged_1771.jpg,engaged_2204.jpg,engaged,1,0,high_confidence
engaged_1771.jpg,engaged_2210.jpg,engaged,1,0,high_confidence
engaged_1771.jpg,engaged_2211.jpg,engaged,1,0,high_confidence
engaged_1771.jpg,engaged_2212.jpg,engaged,1,0,high_confidence
engaged_1771.jpg,engaged_2215.jpg,engaged,1,0,high_confidence
engaged_1771.jpg,engaged_1775.jpg,engaged,0,0,high_confidence
engaged_1771.jpg,engaged_1779.jpg,engaged,0,0,high_confidence
engaged_1771.jpg,engaged_1836.jpg,engaged,1,0,high_confidence
engaged_1771.jpg,engaged_1867.jpg,engaged,0,0,high_confidence
engaged_1771.jpg,engaged_1979.jpg,engaged,0,0,high_confidence
engaged_1771.jpg,engaged_2045.jpg,engaged,0,0,high_confidence
engaged_1771.jpg,engaged_2079.jpg,engaged,1,0,high_confidence
engaged_1771.jpg,engaged_2080.jpg,engaged,1,0,high_confidence
engaged_1771.jpg,engaged_2086.jpg,engaged,1,0,high_confidence
engaged_1771.jpg,engaged_2096.jpg,engaged,1,0,high_confidence
engaged_1771.jpg,engaged_2103.jpg,engaged,1,0,high_confidence
engaged_1771.jpg,engaged_2121.jpg,engaged,1,0,high_confidence
engaged_1771.jpg,engaged_2136.jpg,engaged,1,0,high_confidence
engaged_1771.jpg,engaged_2166.jpg,engaged,1,0,high_confidence
engaged_1771.jpg,engaged_2172.jpg,engaged,1,0,high_confidence
engaged_1771.jpg,engaged_2213.jpg,engaged,1,0,high_confidence
engaged_1771.jpg,engaged_1806.jpg,engaged,0,0,high_confidence
engaged_1771.jpg,engaged_1860.jpg,engaged,0,0,high_confidence
engaged_1771.jpg,engaged_1916.jpg,engaged,0,0,high_confidence
engaged_1771.jpg,engaged_1925.jpg,engaged,0,0,high_confidence
engaged_1771.jpg,engaged_1982.jpg,engaged,0,0,high_confidence
engaged_1771.jpg,engaged_2048.jpg,engaged,0,0,high_confidence
engaged_1771.jpg,engaged_2073.jpg,engaged,1,0,high_confidence
engaged_1771.jpg,engaged_2081.jpg,engaged,1,0,high_confidence
engaged_1771.jpg,engaged_2092.jpg,engaged,1,0,high_confidence
engaged_1771.jpg,engaged_2106.jpg,engaged,1,0,high_confidence
engaged_1771.jpg,engaged_2111.jpg,engaged,1,0,high_confidence
engaged_1771.jpg,engaged_2116.jpg,engaged,1,0,high_confidence
engaged_1771.jpg,engaged_2125.jpg,engaged,1,0,high_confidence
engaged_1771.jpg,engaged_2156.jpg,engaged,1,0,high_confidence
engaged_1771.jpg,engaged_2181.jpg,engaged,1,0,high_confidence
engaged_1771.jpg,engaged_2191.jpg,engaged,1,0,high_confidence
engaged_1771.jpg,engaged_2198.jpg,engaged,1,0,high_confidence
engaged_1771.jpg,engaged_2203.jpg,engaged,1,0,high_confidence
engaged_1771.jpg,engaged_2214.jpg,engaged,1,0,high_confidence
engaged_1771.jpg,engaged_2216.jpg,engaged,1,0,high_confidence
engaged_1795.jpg,engaged_1796.jpg,engaged,0,0,high_confidence
engaged_1795.jpg,engaged_1802.jpg,engaged,0,0,high_confidence
engaged_1795.jpg,engaged_1803.jpg,engaged,0,0,high_confidence
engaged_1795.jpg,engaged_1804.jpg,engaged,0,0,high_confidence
engaged_1795.jpg,engaged_1805.jpg,engaged,0,0,high_confidence
engaged_1795.jpg,engaged_1807.jpg,engaged,0,0,high_confidence
engaged_1795.jpg,engaged_1808.jpg,engaged,0,0,high_confidence
engaged_1795.jpg,engaged_1809.jpg,engaged,0,0,high_confidence
engaged_1795.jpg,engaged_1810.jpg,engaged,0,0,high_confidence
engaged_1795.jpg,engaged_1817.jpg,engaged,0,0,high_confidence
engaged_1795.jpg,engaged_1852.jpg,engaged,1,0,high_confidence
engaged_1795.jpg,engaged_1853.jpg,engaged,1,0,high_confidence
engaged_1795.jpg,engaged_1854.jpg,engaged,0,0,high_confidence
engaged_1795.jpg,engaged_1858.jpg,engaged,0,0,high_confidence
engaged_1795.jpg,engaged_1859.jpg,engaged,0,0,high_confidence
engaged_1795.jpg,engaged_1866.jpg,engaged,0,0,high_confidence
engaged_1795.jpg,engaged_1868.jpg,engaged,0,0,high_confidence
engaged_1795.jpg,engaged_1869.jpg,engaged,0,0,high_confidence
engaged_1795.jpg,engaged_1900.jpg,engaged,1,0,high_confidence
engaged_1795.jpg,engaged_1923.jpg,engaged,0,0,high_confidence
engaged_1795.jpg,engaged_1924.jpg,engaged,0,0,high_confidence
engaged_1795.jpg,engaged_1933.jpg,engaged,0,0,high_confidence
engaged_1795.jpg,engaged_1934.jpg,engaged,0,0,high_confidence
engaged_1795.jpg,engaged_1956.jpg,engaged,0,0,high_confidence
engaged_1795.jpg,engaged_1957.jpg,engaged,0,0,high_confidence
engaged_1795.jpg,engaged_1983.jpg,engaged,0,0,high_confidence
engaged_1795.jpg,engaged_1993.jpg,engaged,0,0,high_confidence
engaged_1795.jpg,engaged_1994.jpg,engaged,0,0,high_confidence
engaged_1795.jpg,engaged_2000.jpg,engaged,0,0,high_confidence
engaged_1795.jpg,engaged_2046.jpg,engaged,0,0,high_confidence
engaged_1795.jpg,engaged_2049.jpg,engaged,0,0,high_confidence
engaged_1795.jpg,engaged_2068.jpg,engaged,1,0,high_confidence
engaged_1795.jpg,engaged_2069.jpg,engaged,1,0,high_confidence
engaged_1795.jpg,engaged_2070.jpg,engaged,1,0,high_confidence
engaged_1795.jpg,engaged_2074.jpg,engaged,1,0,high_confidence
engaged_1795.jpg,engaged_2075.jpg,engaged,1,0,high_confidence
engaged_1795.jpg,engaged_2076.jpg,engaged,1,0,high_confidence
engaged_1795.jpg,engaged_2093.jpg,engaged,1,0,high_confidence
engaged_1795.jpg,engaged_2097.jpg,engaged,1,0,high_confidence
engaged_1795.jpg,engaged_2098.jpg,engaged,1,0,high_confidence
engaged_1795.jpg,engaged_2102.jpg,engaged,1,0,high_confidence
engaged_1795.jpg,engaged_2107.jpg,engaged,1,0,high_confidence
engaged_1795.jpg,engaged_2117.jpg,engaged,1,0,high_confidence
engaged_1795.jpg,engaged_2118.jpg,engaged,1,0,high_confidence
engaged_1795.jpg,engaged_2119.jpg,engaged,1,0,high_confidence
engaged_1795.jpg,engaged_2120.jpg,engaged,1,0,high_confidence
engaged_1795.jpg,engaged_2123.jpg,engaged,1,0,high_confidence
engaged_1795.jpg,engaged_2124.jpg,engaged,1,0,high_confidence
engaged_1795.jpg,engaged_2126.jpg,engaged,1,0,high_confidence
engaged_1795.jpg,engaged_2134.jpg,engaged,1,0,high_confidence
engaged_1795.jpg,engaged_2135.jpg,engaged,1,0,high_confidence
engaged_1795.jpg,engaged_2137.jpg,engaged,1,0,high_confidence
engaged_1795.jpg,engaged_2145.jpg,engaged,1,0,high_confidence
engaged_1795.jpg,engaged_2146.jpg,engaged,1,0,high_confidence
engaged_1795.jpg,engaged_2148.jpg,engaged,1,0,high_confidence
engaged_1795.jpg,engaged_2149.jpg,engaged,1,0,high_confidence
engaged_1795.jpg,engaged_2150.jpg,engaged,1,0,high_confidence
engaged_1795.jpg,engaged_2155.jpg,engaged,1,0,high_confidence
engaged_1795.jpg,engaged_2157.jpg,engaged,1,0,high_confidence
engaged_1795.jpg,engaged_2158.jpg,engaged,1,0,high_confidence
engaged_1795.jpg,engaged_2159.jpg,engaged,1,0,high_confidence
engaged_1795.jpg,engaged_2160.jpg,engaged,1,0,high_confidence
engaged_1795.jpg,engaged_2163.jpg,engaged,1,0,high_confidence
engaged_1795.jpg,engaged_2164.jpg,engaged,1,0,high_confidence
engaged_1795.jpg,engaged_2165.jpg,engaged,1,0,high_confidence
engaged_1795.jpg,engaged_2170.jpg,engaged,1,0,high_confidence
engaged_1795.jpg,engaged_2171.jpg,engaged,1,0,high_confidence
engaged_1795.jpg,engaged_2173.jpg,engaged,1,0,high_confidence
engaged_1795.jpg,engaged_2174.jpg,engaged,1,0,high_confidence
engaged_1795.jpg,engaged_2175.jpg,engaged,1,0,high_confidence
engaged_1795.jpg,engaged_2180.jpg,engaged,1,0,high_confidence
engaged_1795.jpg,engaged_2182.jpg,engaged,1,0,high_confidence
engaged_1795.jpg,engaged_2183.jpg,engaged,1,0,high_confidence
engaged_1795.jpg,engaged_2184.jpg,engaged,1,0,high_confidence
engaged_1795.jpg,engaged_2185.jpg,engaged,1,0,high_confidence
engaged_1795.jpg,engaged_2187.jpg,engaged,1,0,high_confidence
engaged_1795.jpg,engaged_2188.jpg,engaged,1,0,high_confidence
engaged_1795.jpg,engaged_2189.jpg,engaged,1,0,high_confidence
engaged_1795.jpg,engaged_2190.jpg,engaged,1,0,high_confidence
engaged_1795.jpg,engaged_2192.jpg,engaged,1,0,high_confidence
engaged_1795.jpg,engaged_2194.jpg,engaged,1,0,high_confidence
engaged_1795.jpg,engaged_2199.jpg,engaged,1,0,high_confidence
engaged_1795.jpg,engaged_2200.jpg,engaged,1,0,high_confidence
engaged_1795.jpg,engaged_2201.jpg,engaged,1,0,high_confidence
engaged_1795.jpg,engaged_2202.jpg,engaged,1,0,high_confidence
engaged_1795.jpg,engaged_2204.jpg,engaged,1,0,high_confidence
engaged_1795.jpg,engaged_2210.jpg,engaged,1,0,high_confidence
engaged_1795.jpg,engaged_2211.jpg,engaged,1,0,high_confidence
engaged_1795.jpg,engaged_2212.jpg,engaged,1,0,high_confidence
engaged_1795.jpg,engaged_2215.jpg,engaged,1,0,high_confidence
engaged_1795.jpg,engaged_1775.jpg,engaged,0,0,high_confidence
engaged_1795.jpg,engaged_1779.jpg,engaged,0,0,high_confidence
engaged_1795.jpg,engaged_1836.jpg,engaged,1,0,high_confidence
engaged_1795.jpg,engaged_1867.jpg,engaged,0,0,high_confidence
engaged_1795.jpg,engaged_1979.jpg,engaged,0,0,high_confidence
engaged_1795.jpg,engaged_2045.jpg,engaged,0,0,high_confidence
engaged_1795.jpg,engaged_2079.jpg,engaged,1,0,high_confidence
engaged_1795.jpg,engaged_2080.jpg,engaged,1,0,high_confidence
engaged_1795.jpg,engaged_2086.jpg,engaged,1,0,high_confidence
engaged_1795.jpg,engaged_2096.jpg,engaged,1,0,high_confidence
engaged_1795.jpg,engaged_2103.jpg,engaged,1,0,high_confidence
engaged_1795.jpg,engaged_2121.jpg,engaged,1,0,high_confidence
engaged_1795.jpg,engaged_2136.jpg,engaged,1,0,high_confidence
engaged_1795.jpg,engaged_2166.jpg,engaged,1,0,high_confidence
engaged_1795.jpg,engaged_2172.jpg,engaged,1,0,high_confidence
engaged_1795.jpg,engaged_2213.jpg,engaged,1,0,high_confidence
engaged_1795.jpg,engaged_1806.jpg,engaged,0,0,high_confidence
engaged_1795.jpg,engaged_1860.jpg,engaged,0,0,high_confidence
engaged_1795.jpg,engaged_1916.jpg,engaged,0,0,high_confidence
engaged_1795.jpg,engaged_1925.jpg,engaged,0,0,high_confidence
engaged_1795.jpg,engaged_1982.jpg,engaged,0,0,high_confidence
engaged_1795.jpg,engaged_2048.jpg,engaged,0,0,high_confidence
engaged_1795.jpg,engaged_2073.jpg,engaged,1,0,high_confidence
engaged_1795.jpg,engaged_2081.jpg,engaged,1,0,high_confidence
engaged_1795.jpg,engaged_2092.jpg,engaged,1,0,high_confidence
engaged_1795.jpg,engaged_2106.jpg,engaged,1,0,high_confidence
engaged_1795.jpg,engaged_2111.jpg,engaged,1,0,high_confidence
engaged_1795.jpg,engaged_2116.jpg,engaged,1,0,high_confidence
engaged_1795.jpg,engaged_2125.jpg,engaged,1,0,high_confidence
engaged_1795.jpg,engaged_2156.jpg,engaged,1,0,high_confidence
engaged_1795.jpg,engaged_2181.jpg,engaged,1,0,high_confidence
engaged_1795.jpg,engaged_2191.jpg,engaged,1,0,high_confidence
engaged_1795.jpg,engaged_2198.jpg,engaged,1,0,high_confidence
engaged_1795.jpg,engaged_2203.jpg,engaged,1,0,high_confidence
engaged_1795.jpg,engaged_2214.jpg,engaged,1,0,high_confidence
engaged_1795.jpg,engaged_2216.jpg,engaged,1,0,high_confidence
engaged_1796.jpg,engaged_1802.jpg,engaged,0,0,high_confidence
engaged_1796.jpg,engaged_1803.jpg,engaged,0,0,high_confidence
engaged_1796.jpg,engaged_1804.jpg,engaged,0,0,high_confidence
engaged_1796.jpg,engaged_1805.jpg,engaged,0,0,high_confidence
engaged_1796.jpg,engaged_1807.jpg,engaged,0,0,high_confidence
engaged_1796.jpg,engaged_1808.jpg,engaged,0,0,high_confidence
engaged_1796.jpg,engaged_1809.jpg,engaged,0,0,high_confidence
engaged_1796.jpg,engaged_1810.jpg,engaged,0,0,high_confidence
engaged_1796.jpg,engaged_1817.jpg,engaged,0,0,high_confidence
engaged_1796.jpg,engaged_1852.jpg,engaged,1,0,high_confidence
engaged_1796.jpg,engaged_1853.jpg,engaged,1,0,high_confidence
engaged_1796.jpg,engaged_1854.jpg,engaged,0,0,high_confidence
engaged_1796.jpg,engaged_1858.jpg,engaged,0,0,high_confidence
engaged_1796.jpg,engaged_1859.jpg,engaged,0,0,high_confidence
engaged_1796.jpg,engaged_1866.jpg,engaged,0,0,high_confidence
engaged_1796.jpg,engaged_1868.jpg,engaged,0,0,high_confidence
engaged_1796.jpg,engaged_1869.jpg,engaged,0,0,high_confidence
engaged_1796.jpg,engaged_1900.jpg,engaged,1,0,high_confidence
engaged_1796.jpg,engaged_1923.jpg,engaged,0,0,high_confidence
engaged_1796.jpg,engaged_1924.jpg,engaged,0,0,high_confidence
engaged_1796.jpg,engaged_1933.jpg,engaged,0,0,high_confidence
engaged_1796.jpg,engaged_1934.jpg,engaged,0,0,high_confidence
engaged_1796.jpg,engaged_1956.jpg,engaged,0,0,high_confidence
engaged_1796.jpg,engaged_1957.jpg,engaged,0,0,high_confidence
engaged_1796.jpg,engaged_1983.jpg,engaged,0,0,high_confidence
engaged_1796.jpg,engaged_1993.jpg,engaged,0,0,high_confidence
engaged_1796.jpg,engaged_1994.jpg,engaged,0,0,high_confidence
engaged_1796.jpg,engaged_2000.jpg,engaged,0,0,high_confidence
engaged_1796.jpg,engaged_2046.jpg,engaged,0,0,high_confidence
engaged_1796.jpg,engaged_2049.jpg,engaged,0,0,high_confidence
engaged_1796.jpg,engaged_2068.jpg,engaged,1,0,high_confidence
engaged_1796.jpg,engaged_2069.jpg,engaged,1,0,high_confidence
engaged_1796.jpg,engaged_2070.jpg,engaged,1,0,high_confidence
engaged_1796.jpg,engaged_2074.jpg,engaged,1,0,high_confidence
engaged_1796.jpg,engaged_2075.jpg,engaged,1,0,high_confidence
engaged_1796.jpg,engaged_2076.jpg,engaged,1,0,high_confidence
engaged_1796.jpg,engaged_2093.jpg,engaged,1,0,high_confidence
engaged_1796.jpg,engaged_2097.jpg,engaged,1,0,high_confidence
engaged_1796.jpg,engaged_2098.jpg,engaged,1,0,high_confidence
engaged_1796.jpg,engaged_2102.jpg,engaged,1,0,high_confidence
engaged_1796.jpg,engaged_2107.jpg,engaged,1,0,high_confidence
engaged_1796.jpg,engaged_2117.jpg,engaged,1,0,high_confidence
engaged_1796.jpg,engaged_2118.jpg,engaged,1,0,high_confidence
engaged_1796.jpg,engaged_2119.jpg,engaged,1,0,high_confidence
engaged_1796.jpg,engaged_2120.jpg,engaged,1,0,high_confidence
engaged_1796.jpg,engaged_2123.jpg,engaged,1,0,high_confidence
engaged_1796.jpg,engaged_2124.jpg,engaged,1,0,high_confidence
engaged_1796.jpg,engaged_2126.jpg,engaged,1,0,high_confidence
engaged_1796.jpg,engaged_2134.jpg,engaged,1,0,high_confidence
engaged_1796.jpg,engaged_2135.jpg,engaged,1,0,high_confidence
engaged_1796.jpg,engaged_2137.jpg,engaged,1,0,high_confidence
engaged_1796.jpg,engaged_2145.jpg,engaged,1,0,high_confidence
engaged_1796.jpg,engaged_2146.jpg,engaged,1,0,high_confidence
engaged_1796.jpg,engaged_2148.jpg,engaged,1,0,high_confidence
engaged_1796.jpg,engaged_2149.jpg,engaged,1,0,high_confidence
engaged_1796.jpg,engaged_2150.jpg,engaged,1,0,high_confidence
engaged_1796.jpg,engaged_2155.jpg,engaged,1,0,high_confidence
engaged_1796.jpg,engaged_2157.jpg,engaged,1,0,high_confidence
engaged_1796.jpg,engaged_2158.jpg,engaged,1,0,high_confidence
engaged_1796.jpg,engaged_2159.jpg,engaged,1,0,high_confidence
engaged_1796.jpg,engaged_2160.jpg,engaged,1,0,high_confidence
engaged_1796.jpg,engaged_2163.jpg,engaged,1,0,high_confidence
engaged_1796.jpg,engaged_2164.jpg,engaged,1,0,high_confidence
engaged_1796.jpg,engaged_2165.jpg,engaged,1,0,high_confidence
engaged_1796.jpg,engaged_2170.jpg,engaged,1,0,high_confidence
engaged_1796.jpg,engaged_2171.jpg,engaged,1,0,high_confidence
engaged_1796.jpg,engaged_2173.jpg,engaged,1,0,high_confidence
engaged_1796.jpg,engaged_2174.jpg,engaged,1,0,high_confidence
engaged_1796.jpg,engaged_2175.jpg,engaged,1,0,high_confidence
engaged_1796.jpg,engaged_2180.jpg,engaged,1,0,high_confidence
engaged_1796.jpg,engaged_2182.jpg,engaged,1,0,high_confidence
engaged_1796.jpg,engaged_2183.jpg,engaged,1,0,high_confidence
engaged_1796.jpg,engaged_2184.jpg,engaged,1,0,high_confidence
engaged_1796.jpg,engaged_2185.jpg,engaged,1,0,high_confidence
engaged_1796.jpg,engaged_2187.jpg,engaged,1,0,high_confidence
engaged_1796.jpg,engaged_2188.jpg,engaged,1,0,high_confidence
engaged_1796.jpg,engaged_2189.jpg,engaged,1,0,high_confidence
engaged_1796.jpg,engaged_2190.jpg,engaged,1,0,high_confidence
engaged_1796.jpg,engaged_2192.jpg,engaged,1,0,high_confidence
engaged_1796.jpg,engaged_2194.jpg,engaged,1,0,high_confidence
engaged_1796.jpg,engaged_2199.jpg,engaged,1,0,high_confidence
engaged_1796.jpg,engaged_2200.jpg,engaged,1,0,high_confidence
engaged_1796.jpg,engaged_2201.jpg,engaged,1,0,high_confidence
engaged_1796.jpg,engaged_2202.jpg,engaged,1,0,high_confidence
engaged_1796.jpg,engaged_2204.jpg,engaged,1,0,high_confidence
engaged_1796.jpg,engaged_2210.jpg,engaged,1,0,high_confidence
engaged_1796.jpg,engaged_2211.jpg,engaged,1,0,high_confidence
engaged_1796.jpg,engaged_2212.jpg,engaged,1,0,high_confidence
engaged_1796.jpg,engaged_2215.jpg,engaged,1,0,high_confidence
engaged_1796.jpg,engaged_1775.jpg,engaged,0,0,high_confidence
engaged_1796.jpg,engaged_1779.jpg,engaged,0,0,high_confidence
engaged_1796.jpg,engaged_1836.jpg,engaged,1,0,high_confidence
engaged_1796.jpg,engaged_1867.jpg,engaged,0,0,high_confidence
engaged_1796.jpg,engaged_1979.jpg,engaged,0,0,high_confidence
engaged_1796.jpg,engaged_2045.jpg,engaged,0,0,high_confidence
engaged_1796.jpg,engaged_2079.jpg,engaged,1,0,high_confidence
engaged_1796.jpg,engaged_2080.jpg,engaged,1,0,high_confidence
engaged_1796.jpg,engaged_2086.jpg,engaged,1,0,high_confidence
engaged_1796.jpg,engaged_2096.jpg,engaged,1,0,high_confidence
engaged_1796.jpg,engaged_2103.jpg,engaged,1,0,high_confidence
engaged_1796.jpg,engaged_2121.jpg,engaged,1,0,high_confidence
engaged_1796.jpg,engaged_2136.jpg,engaged,1,0,high_confidence
engaged_1796.jpg,engaged_2166.jpg,engaged,1,0,high_confidence
engaged_1796.jpg,engaged_2172.jpg,engaged,1,0,high_confidence
engaged_1796.jpg,engaged_2213.jpg,engaged,1,0,high_confidence
engaged_1796.jpg,engaged_1806.jpg,engaged,0,0,high_confidence
engaged_1796.jpg,engaged_1860.jpg,engaged,0,0,high_confidence
engaged_1796.jpg,engaged_1916.jpg,engaged,0,0,high_confidence
engaged_1796.jpg,engaged_1925.jpg,engaged,0,0,high_confidence
engaged_1796.jpg,engaged_1982.jpg,engaged,0,0,high_confidence
engaged_1796.jpg,engaged_2048.jpg,engaged,0,0,high_confidence
engaged_1796.jpg,engaged_2073.jpg,engaged,1,0,high_confidence
engaged_1796.jpg,engaged_2081.jpg,engaged,1,0,high_confidence
engaged_1796.jpg,engaged_2092.jpg,engaged,1,0,high_confidence
engaged_1796.jpg,engaged_2106.jpg,engaged,1,0,high_confidence
engaged_1796.jpg,engaged_2111.jpg,engaged,1,0,high_confidence
engaged_1796.jpg,engaged_2116.jpg,engaged,1,0,high_confidence
engaged_1796.jpg,engaged_2125.jpg,engaged,1,0,high_confidence
engaged_1796.jpg,engaged_2156.jpg,engaged,1,0,high_confidence
engaged_1796.jpg,engaged_2181.jpg,engaged,1,0,high_confidence
engaged_1796.jpg,engaged_2191.jpg,engaged,1,0,high_confidence
engaged_1796.jpg,engaged_2198.jpg,engaged,1,0,high_confidence
engaged_1796.jpg,engaged_2203.jpg,engaged,1,0,high_confidence
engaged_1796.jpg,engaged_2214.jpg,engaged,1,0,high_confidence
engaged_1796.jpg,engaged_2216.jpg,engaged,1,0,high_confidence
engaged_1802.jpg,engaged_1803.jpg,engaged,0,0,high_confidence
engaged_1802.jpg,engaged_1804.jpg,engaged,0,0,high_confidence
engaged_1802.jpg,engaged_1805.jpg,engaged,0,0,high_confidence
engaged_1802.jpg,engaged_1807.jpg,engaged,0,0,high_confidence
engaged_1802.jpg,engaged_1808.jpg,engaged,0,0,high_confidence
engaged_1802.jpg,engaged_1809.jpg,engaged,0,0,high_confidence
engaged_1802.jpg,engaged_1810.jpg,engaged,0,0,high_confidence
engaged_1802.jpg,engaged_1817.jpg,engaged,0,0,high_confidence
engaged_1802.jpg,engaged_1852.jpg,engaged,1,0,high_confidence
engaged_1802.jpg,engaged_1853.jpg,engaged,1,0,high_confidence
engaged_1802.jpg,engaged_1854.jpg,engaged,0,0,high_confidence
engaged_1802.jpg,engaged_1858.jpg,engaged,0,0,high_confidence
engaged_1802.jpg,engaged_1859.jpg,engaged,0,0,high_confidence
engaged_1802.jpg,engaged_1866.jpg,engaged,0,0,high_confidence
engaged_1802.jpg,engaged_1868.jpg,engaged,0,0,high_confidence
engaged_1802.jpg,engaged_1869.jpg,engaged,0,0,high_confidence
engaged_1802.jpg,engaged_1900.jpg,engaged,1,0,high_confidence
engaged_1802.jpg,engaged_1923.jpg,engaged,0,0,high_confidence
engaged_1802.jpg,engaged_1924.jpg,engaged,0,0,high_confidence
engaged_1802.jpg,engaged_1933.jpg,engaged,0,0,high_confidence
engaged_1802.jpg,engaged_1934.jpg,engaged,0,0,high_confidence
engaged_1802.jpg,engaged_1956.jpg,engaged,0,0,high_confidence
engaged_1802.jpg,engaged_1957.jpg,engaged,0,0,high_confidence
engaged_1802.jpg,engaged_1983.jpg,engaged,0,0,high_confidence
engaged_1802.jpg,engaged_1993.jpg,engaged,0,0,high_confidence
engaged_1802.jpg,engaged_1994.jpg,engaged,0,0,high_confidence
engaged_1802.jpg,engaged_2000.jpg,engaged,0,0,high_confidence
engaged_1802.jpg,engaged_2046.jpg,engaged,0,0,high_confidence
engaged_1802.jpg,engaged_2049.jpg,engaged,0,0,high_confidence
engaged_1802.jpg,engaged_2068.jpg,engaged,1,0,high_confidence
engaged_1802.jpg,engaged_2069.jpg,engaged,1,0,high_confidence
engaged_1802.jpg,engaged_2070.jpg,engaged,1,0,high_confidence
engaged_1802.jpg,engaged_2074.jpg,engaged,1,0,high_confidence
engaged_1802.jpg,engaged_2075.jpg,engaged,1,0,high_confidence
engaged_1802.jpg,engaged_2076.jpg,engaged,1,0,high_confidence
engaged_1802.jpg,engaged_2093.jpg,engaged,1,0,high_confidence
engaged_1802.jpg,engaged_2097.jpg,engaged,1,0,high_confidence
engaged_1802.jpg,engaged_2098.jpg,engaged,1,0,high_confidence
engaged_1802.jpg,engaged_2102.jpg,engaged,1,0,high_confidence
engaged_1802.jpg,engaged_2107.jpg,engaged,1,0,high_confidence
engaged_1802.jpg,engaged_2117.jpg,engaged,1,0,high_confidence
engaged_1802.jpg,engaged_2118.jpg,engaged,1,0,high_confidence
engaged_1802.jpg,engaged_2119.jpg,engaged,1,0,high_confidence
engaged_1802.jpg,engaged_2120.jpg,engaged,1,0,high_confidence
engaged_1802.jpg,engaged_2123.jpg,engaged,1,0,high_confidence
engaged_1802.jpg,engaged_2124.jpg,engaged,1,0,high_confidence
engaged_1802.jpg,engaged_2126.jpg,engaged,1,0,high_confidence
engaged_1802.jpg,engaged_2134.jpg,engaged,1,0,high_confidence
engaged_1802.jpg,engaged_2135.jpg,engaged,1,0,high_confidence
engaged_1802.jpg,engaged_2137.jpg,engaged,1,0,high_confidence
engaged_1802.jpg,engaged_2145.jpg,engaged,1,0,high_confidence
engaged_1802.jpg,engaged_2146.jpg,engaged,1,0,high_confidence
engaged_1802.jpg,engaged_2148.jpg,engaged,1,0,high_confidence
engaged_1802.jpg,engaged_2149.jpg,engaged,1,0,high_confidence
engaged_1802.jpg,engaged_2150.jpg,engaged,1,0,high_confidence
engaged_1802.jpg,engaged_2155.jpg,engaged,1,0,high_confidence
engaged_1802.jpg,engaged_2157.jpg,engaged,1,0,high_confidence
engaged_1802.jpg,engaged_2158.jpg,engaged,1,0,high_confidence
engaged_1802.jpg,engaged_2159.jpg,engaged,1,0,high_confidence
engaged_1802.jpg,engaged_2160.jpg,engaged,1,0,high_confidence
engaged_1802.jpg,engaged_2163.jpg,engaged,1,0,high_confidence
engaged_1802.jpg,engaged_2164.jpg,engaged,1,0,high_confidence
engaged_1802.jpg,engaged_2165.jpg,engaged,1,0,high_confidence
engaged_1802.jpg,engaged_2170.jpg,engaged,1,0,high_confidence
engaged_1802.jpg,engaged_2171.jpg,engaged,1,0,high_confidence
engaged_1802.jpg,engaged_2173.jpg,engaged,1,0,high_confidence
engaged_1802.jpg,engaged_2174.jpg,engaged,1,0,high_confidence
engaged_1802.jpg,engaged_2175.jpg,engaged,1,0,high_confidence
engaged_1802.jpg,engaged_2180.jpg,engaged,1,0,high_confidence
engaged_1802.jpg,engaged_2182.jpg,engaged,1,0,high_confidence
engaged_1802.jpg,engaged_2183.jpg,engaged,1,0,high_confidence
engaged_1802.jpg,engaged_2184.jpg,engaged,1,0,high_confidence
engaged_1802.jpg,engaged_2185.jpg,engaged,1,0,high_confidence
engaged_1802.jpg,engaged_2187.jpg,engaged,1,0,high_confidence
engaged_1802.jpg,engaged_2188.jpg,engaged,1,0,high_confidence
engaged_1802.jpg,engaged_2189.jpg,engaged,1,0,high_confidence
engaged_1802.jpg,engaged_2190.jpg,engaged,1,0,high_confidence
engaged_1802.jpg,engaged_2192.jpg,engaged,1,0,high_confidence
engaged_1802.jpg,engaged_2194.jpg,engaged,1,0,high_confidence
engaged_1802.jpg,engaged_2199.jpg,engaged,1,0,high_confidence
engaged_1802.jpg,engaged_2200.jpg,engaged,1,0,high_confidence
engaged_1802.jpg,engaged_2201.jpg,engaged,1,0,high_confidence
engaged_1802.jpg,engaged_2202.jpg,engaged,1,0,high_confidence
engaged_1802.jpg,engaged_2204.jpg,engaged,1,0,high_confidence
engaged_1802.jpg,engaged_2210.jpg,engaged,1,0,high_confidence
engaged_1802.jpg,engaged_2211.jpg,engaged,1,0,high_confidence
engaged_1802.jpg,engaged_2212.jpg,engaged,1,0,high_confidence
engaged_1802.jpg,engaged_2215.jpg,engaged,1,0,high_confidence
engaged_1802.jpg,engaged_1775.jpg,engaged,0,0,high_confidence
engaged_1802.jpg,engaged_1779.jpg,engaged,0,0,high_confidence
engaged_1802.jpg,engaged_1836.jpg,engaged,1,0,high_confidence
engaged_1802.jpg,engaged_1867.jpg,engaged,0,0,high_confidence
engaged_1802.jpg,engaged_1979.jpg,engaged,0,0,high_confidence
engaged_1802.jpg,engaged_2045.jpg,engaged,0,0,high_confidence
engaged_1802.jpg,engaged_2079.jpg,engaged,1,0,high_confidence
engaged_1802.jpg,engaged_2080.jpg,engaged,1,0,high_confidence
engaged_1802.jpg,engaged_2086.jpg,engaged,1,0,high_confidence
engaged_1802.jpg,engaged_2096.jpg,engaged,1,0,high_confidence
engaged_1802.jpg,engaged_2103.jpg,engaged,1,0,high_confidence
engaged_1802.jpg,engaged_2121.jpg,engaged,1,0,high_confidence
engaged_1802.jpg,engaged_2136.jpg,engaged,1,0,high_confidence
engaged_1802.jpg,engaged_2166.jpg,engaged,1,0,high_confidence
engaged_1802.jpg,engaged_2172.jpg,engaged,1,0,high_confidence
engaged_1802.jpg,engaged_2213.jpg,engaged,1,0,high_confidence
engaged_1802.jpg,engaged_1806.jpg,engaged,0,0,high_confidence
engaged_1802.jpg,engaged_1860.jpg,engaged,0,0,high_confidence
engaged_1802.jpg,engaged_1916.jpg,engaged,0,0,high_confidence
engaged_1802.jpg,engaged_1925.jpg,engaged,0,0,high_confidence
engaged_1802.jpg,engaged_1982.jpg,engaged,0,0,high_confidence
engaged_1802.jpg,engaged_2048.jpg,engaged,0,0,high_confidence
engaged_1802.jpg,engaged_2073.jpg,engaged,1,0,high_confidence
engaged_1802.jpg,engaged_2081.jpg,engaged,1,0,high_confidence
engaged_1802.jpg,engaged_2092.jpg,engaged,1,0,high_confidence
engaged_1802.jpg,engaged_2106.jpg,engaged,1,0,high_confidence
engaged_1802.jpg,engaged_2111.jpg,engaged,1,0,high_confidence
engaged_1802.jpg,engaged_2116.jpg,engaged,1,0,high_confidence
engaged_1802.jpg,engaged_2125.jpg,engaged,1,0,high_confidence
engaged_1802.jpg,engaged_2156.jpg,engaged,1,0,high_confidence
engaged_1802.jpg,engaged_2181.jpg,engaged,1,0,high_confidence
engaged_1802.jpg,engaged_2191.jpg,engaged,1,0,high_confidence
engaged_1802.jpg,engaged_2198.jpg,engaged,1,0,high_confidence
engaged_1802.jpg,engaged_2203.jpg,engaged,1,0,high_confidence
engaged_1802.jpg,engaged_2214.jpg,engaged,1,0,high_confidence
engaged_1802.jpg,engaged_2216.jpg,engaged,1,0,high_confidence
engaged_1803.jpg,engaged_1804.jpg,engaged,0,0,high_confidence
engaged_1803.jpg,engaged_1805.jpg,engaged,0,0,high_confidence
engaged_1803.jpg,engaged_1807.jpg,engaged,0,0,high_confidence
engaged_1803.jpg,engaged_1808.jpg,engaged,0,0,high_confidence
engaged_1803.jpg,engaged_1809.jpg,engaged,0,0,high_confidence
engaged_1803.jpg,engaged_1810.jpg,engaged,0,0,high_confidence
engaged_1803.jpg,engaged_1817.jpg,engaged,0,0,high_confidence
engaged_1803.jpg,engaged_1852.jpg,engaged,1,0,high_confidence
engaged_1803.jpg,engaged_1853.jpg,engaged,1,0,high_confidence
engaged_1803.jpg,engaged_1854.jpg,engaged,0,0,high_confidence
engaged_1803.jpg,engaged_1858.jpg,engaged,0,0,high_confidence
engaged_1803.jpg,engaged_1859.jpg,engaged,0,0,high_confidence
engaged_1803.jpg,engaged_1866.jpg,engaged,0,0,high_confidence
engaged_1803.jpg,engaged_1868.jpg,engaged,0,0,high_confidence
engaged_1803.jpg,engaged_1869.jpg,engaged,0,0,high_confidence
engaged_1803.jpg,engaged_1900.jpg,engaged,1,0,high_confidence
engaged_1803.jpg,engaged_1923.jpg,engaged,0,0,high_confidence
engaged_1803.jpg,engaged_1924.jpg,engaged,0,0,high_confidence
engaged_1803.jpg,engaged_1933.jpg,engaged,0,0,high_confidence
engaged_1803.jpg,engaged_1934.jpg,engaged,0,0,high_confidence
engaged_1803.jpg,engaged_1956.jpg,engaged,0,0,high_confidence
engaged_1803.jpg,engaged_1957.jpg,engaged,0,0,high_confidence
engaged_1803.jpg,engaged_1983.jpg,engaged,0,0,high_confidence
engaged_1803.jpg,engaged_1993.jpg,engaged,0,0,high_confidence
engaged_1803.jpg,engaged_1994.jpg,engaged,0,0,high_confidence
engaged_1803.jpg,engaged_2000.jpg,engaged,0,0,high_confidence
engaged_1803.jpg,engaged_2046.jpg,engaged,0,0,high_confidence
engaged_1803.jpg,engaged_2049.jpg,engaged,0,0,high_confidence
engaged_1803.jpg,engaged_2068.jpg,engaged,1,0,high_confidence
engaged_1803.jpg,engaged_2069.jpg,engaged,1,0,high_confidence
engaged_1803.jpg,engaged_2070.jpg,engaged,1,0,high_confidence
engaged_1803.jpg,engaged_2074.jpg,engaged,1,0,high_confidence
engaged_1803.jpg,engaged_2075.jpg,engaged,1,0,high_confidence
engaged_1803.jpg,engaged_2076.jpg,engaged,1,0,high_confidence
engaged_1803.jpg,engaged_2093.jpg,engaged,1,0,high_confidence
engaged_1803.jpg,engaged_2097.jpg,engaged,1,0,high_confidence
engaged_1803.jpg,engaged_2098.jpg,engaged,1,0,high_confidence
engaged_1803.jpg,engaged_2102.jpg,engaged,1,0,high_confidence
engaged_1803.jpg,engaged_2107.jpg,engaged,1,0,high_confidence
engaged_1803.jpg,engaged_2117.jpg,engaged,1,0,high_confidence
engaged_1803.jpg,engaged_2118.jpg,engaged,1,0,high_confidence
engaged_1803.jpg,engaged_2119.jpg,engaged,1,0,high_confidence
engaged_1803.jpg,engaged_2120.jpg,engaged,1,0,high_confidence
engaged_1803.jpg,engaged_2123.jpg,engaged,1,0,high_confidence
engaged_1803.jpg,engaged_2124.jpg,engaged,1,0,high_confidence
engaged_1803.jpg,engaged_2126.jpg,engaged,1,0,high_confidence
engaged_1803.jpg,engaged_2134.jpg,engaged,1,0,high_confidence
engaged_1803.jpg,engaged_2135.jpg,engaged,1,0,high_confidence
engaged_1803.jpg,engaged_2137.jpg,engaged,1,0,high_confidence
engaged_1803.jpg,engaged_2145.jpg,engaged,1,0,high_confidence
engaged_1803.jpg,engaged_2146.jpg,engaged,1,0,high_confidence
engaged_1803.jpg,engaged_2148.jpg,engaged,1,0,high_confidence
engaged_1803.jpg,engaged_2149.jpg,engaged,1,0,high_confidence
engaged_1803.jpg,engaged_2150.jpg,engaged,1,0,high_confidence
engaged_1803.jpg,engaged_2155.jpg,engaged,1,0,high_confidence
engaged_1803.jpg,engaged_2157.jpg,engaged,1,0,high_confidence
engaged_1803.jpg,engaged_2158.jpg,engaged,1,0,high_confidence
engaged_1803.jpg,engaged_2159.jpg,engaged,1,0,high_confidence
engaged_1803.jpg,engaged_2160.jpg,engaged,1,0,high_confidence
engaged_1803.jpg,engaged_2163.jpg,engaged,1,0,high_confidence
engaged_1803.jpg,engaged_2164.jpg,engaged,1,0,high_confidence
engaged_1803.jpg,engaged_2165.jpg,engaged,1,0,high_confidence
engaged_1803.jpg,engaged_2170.jpg,engaged,1,0,high_confidence
engaged_1803.jpg,engaged_2171.jpg,engaged,1,0,high_confidence
engaged_1803.jpg,engaged_2173.jpg,engaged,1,0,high_confidence
engaged_1803.jpg,engaged_2174.jpg,engaged,1,0,high_confidence
engaged_1803.jpg,engaged_2175.jpg,engaged,1,0,high_confidence
engaged_1803.jpg,engaged_2180.jpg,engaged,1,0,high_confidence
engaged_1803.jpg,engaged_2182.jpg,engaged,1,0,high_confidence
engaged_1803.jpg,engaged_2183.jpg,engaged,1,0,high_confidence
engaged_1803.jpg,engaged_2184.jpg,engaged,1,0,high_confidence
engaged_1803.jpg,engaged_2185.jpg,engaged,1,0,high_confidence
engaged_1803.jpg,engaged_2187.jpg,engaged,1,0,high_confidence
engaged_1803.jpg,engaged_2188.jpg,engaged,1,0,high_confidence
engaged_1803.jpg,engaged_2189.jpg,engaged,1,0,high_confidence
engaged_1803.jpg,engaged_2190.jpg,engaged,1,0,high_confidence
engaged_1803.jpg,engaged_2192.jpg,engaged,1,0,high_confidence
engaged_1803.jpg,engaged_2194.jpg,engaged,1,0,high_confidence
engaged_1803.jpg,engaged_2199.jpg,engaged,1,0,high_confidence
engaged_1803.jpg,engaged_2200.jpg,engaged,1,0,high_confidence
engaged_1803.jpg,engaged_2201.jpg,engaged,1,0,high_confidence
engaged_1803.jpg,engaged_2202.jpg,engaged,1,0,high_confidence
engaged_1803.jpg,engaged_2204.jpg,engaged,1,0,high_confidence
engaged_1803.jpg,engaged_2210.jpg,engaged,1,0,high_confidence
engaged_1803.jpg,engaged_2211.jpg,engaged,1,0,high_confidence
engaged_1803.jpg,engaged_2212.jpg,engaged,1,0,high_confidence
engaged_1803.jpg,engaged_2215.jpg,engaged,1,0,high_confidence
engaged_1803.jpg,engaged_1775.jpg,engaged,0,0,high_confidence
engaged_1803.jpg,engaged_1779.jpg,engaged,0,0,high_confidence
engaged_1803.jpg,engaged_1836.jpg,engaged,1,0,high_confidence
engaged_1803.jpg,engaged_1867.jpg,engaged,0,0,high_confidence
engaged_1803.jpg,engaged_1979.jpg,engaged,0,0,high_confidence
engaged_1803.jpg,engaged_2045.jpg,engaged,0,0,high_confidence
engaged_1803.jpg,engaged_2079.jpg,engaged,1,0,high_confidence
engaged_1803.jpg,engaged_2080.jpg,engaged,1,0,high_confidence
engaged_1803.jpg,engaged_2086.jpg,engaged,1,0,high_confidence
engaged_1803.jpg,engaged_2096.jpg,engaged,1,0,high_confidence
engaged_1803.jpg,engaged_2103.jpg,engaged,1,0,high_confidence
engaged_1803.jpg,engaged_2121.jpg,engaged,1,0,high_confidence
engaged_1803.jpg,engaged_2136.jpg,engaged,1,0,high_confidence
engaged_1803.jpg,engaged_2166.jpg,engaged,1,0,high_confidence
engaged_1803.jpg,engaged_2172.jpg,engaged,1,0,high_confidence
engaged_1803.jpg,engaged_2213.jpg,engaged,1,0,high_confidence
engaged_1803.jpg,engaged_1806.jpg,engaged,0,0,high_confidence
engaged_1803.jpg,engaged_1860.jpg,engaged,0,0,high_confidence
engaged_1803.jpg,engaged_1916.jpg,engaged,0,0,high_confidence
engaged_1803.jpg,engaged_1925.jpg,engaged,0,0,high_confidence
engaged_1803.jpg,engaged_1982.jpg,engaged,0,0,high_confidence
engaged_1803.jpg,engaged_2048.jpg,engaged,0,0,high_confidence
engaged_1803.jpg,engaged_2073.jpg,engaged,1,0,high_confidence
engaged_1803.jpg,engaged_2081.jpg,engaged,1,0,high_confidence
engaged_1803.jpg,engaged_2092.jpg,engaged,1,0,high_confidence
engaged_1803.jpg,engaged_2106.jpg,engaged,1,0,high_confidence
engaged_1803.jpg,engaged_2111.jpg,engaged,1,0,high_confidence
engaged_1803.jpg,engaged_2116.jpg,engaged,1,0,high_confidence
engaged_1803.jpg,engaged_2125.jpg,engaged,1,0,high_confidence
engaged_1803.jpg,engaged_2156.jpg,engaged,1,0,high_confidence
engaged_1803.jpg,engaged_2181.jpg,engaged,1,0,high_confidence
engaged_1803.jpg,engaged_2191.jpg,engaged,1,0,high_confidence
engaged_1803.jpg,engaged_2198.jpg,engaged,1,0,high_confidence
engaged_1803.jpg,engaged_2203.jpg,engaged,1,0,high_confidence
engaged_1803.jpg,engaged_2214.jpg,engaged,1,0,high_confidence
engaged_1803.jpg,engaged_2216.jpg,engaged,1,0,high_confidence
engaged_1804.jpg,engaged_1805.jpg,engaged,0,0,high_confidence
engaged_1804.jpg,engaged_1807.jpg,engaged,0,0,high_confidence
engaged_1804.jpg,engaged_1808.jpg,engaged,0,0,high_confidence
engaged_1804.jpg,engaged_1809.jpg,engaged,0,0,high_confidence
engaged_1804.jpg,engaged_1810.jpg,engaged,0,0,high_confidence
engaged_1804.jpg,engaged_1817.jpg,engaged,0,0,high_confidence
engaged_1804.jpg,engaged_1852.jpg,engaged,1,0,high_confidence
engaged_1804.jpg,engaged_1853.jpg,engaged,1,0,high_confidence
engaged_1804.jpg,engaged_1854.jpg,engaged,0,0,high_confidence
engaged_1804.jpg,engaged_1858.jpg,engaged,0,0,high_confidence
engaged_1804.jpg,engaged_1859.jpg,engaged,0,0,high_confidence
engaged_1804.jpg,engaged_1866.jpg,engaged,0,0,high_confidence
engaged_1804.jpg,engaged_1868.jpg,engaged,0,0,high_confidence
engaged_1804.jpg,engaged_1869.jpg,engaged,0,0,high_confidence
engaged_1804.jpg,engaged_1900.jpg,engaged,1,0,high_confidence
engaged_1804.jpg,engaged_1923.jpg,engaged,0,0,high_confidence
engaged_1804.jpg,engaged_1924.jpg,engaged,0,0,high_confidence
engaged_1804.jpg,engaged_1933.jpg,engaged,0,0,high_confidence
engaged_1804.jpg,engaged_1934.jpg,engaged,0,0,high_confidence
engaged_1804.jpg,engaged_1956.jpg,engaged,0,0,high_confidence
engaged_1804.jpg,engaged_1957.jpg,engaged,0,0,high_confidence
engaged_1804.jpg,engaged_1983.jpg,engaged,0,0,high_confidence
engaged_1804.jpg,engaged_1993.jpg,engaged,0,0,high_confidence
engaged_1804.jpg,engaged_1994.jpg,engaged,0,0,high_confidence
engaged_1804.jpg,engaged_2000.jpg,engaged,0,0,high_confidence
engaged_1804.jpg,engaged_2046.jpg,engaged,0,0,high_confidence
engaged_1804.jpg,engaged_2049.jpg,engaged,0,0,high_confidence
engaged_1804.jpg,engaged_2068.jpg,engaged,1,0,high_confidence
engaged_1804.jpg,engaged_2069.jpg,engaged,1,0,high_confidence
engaged_1804.jpg,engaged_2070.jpg,engaged,1,0,high_confidence
engaged_1804.jpg,engaged_2074.jpg,engaged,1,0,high_confidence
engaged_1804.jpg,engaged_2075.jpg,engaged,1,0,high_confidence
engaged_1804.jpg,engaged_2076.jpg,engaged,1,0,high_confidence
engaged_1804.jpg,engaged_2093.jpg,engaged,1,0,high_confidence
engaged_1804.jpg,engaged_2097.jpg,engaged,1,0,high_confidence
engaged_1804.jpg,engaged_2098.jpg,engaged,1,0,high_confidence
engaged_1804.jpg,engaged_2102.jpg,engaged,1,0,high_confidence
engaged_1804.jpg,engaged_2107.jpg,engaged,1,0,high_confidence
engaged_1804.jpg,engaged_2117.jpg,engaged,1,0,high_confidence
engaged_1804.jpg,engaged_2118.jpg,engaged,1,0,high_confidence
engaged_1804.jpg,engaged_2119.jpg,engaged,1,0,high_confidence
engaged_1804.jpg,engaged_2120.jpg,engaged,1,0,high_confidence
engaged_1804.jpg,engaged_2123.jpg,engaged,1,0,high_confidence
engaged_1804.jpg,engaged_2124.jpg,engaged,1,0,high_confidence
engaged_1804.jpg,engaged_2126.jpg,engaged,1,0,high_confidence
engaged_1804.jpg,engaged_2134.jpg,engaged,1,0,high_confidence
engaged_1804.jpg,engaged_2135.jpg,engaged,1,0,high_confidence
engaged_1804.jpg,engaged_2137.jpg,engaged,1,0,high_confidence
engaged_1804.jpg,engaged_2145.jpg,engaged,1,0,high_confidence
engaged_1804.jpg,engaged_2146.jpg,engaged,1,0,high_confidence
engaged_1804.jpg,engaged_2148.jpg,engaged,1,0,high_confidence
engaged_1804.jpg,engaged_2149.jpg,engaged,1,0,high_confidence
engaged_1804.jpg,engaged_2150.jpg,engaged,1,0,high_confidence
engaged_1804.jpg,engaged_2155.jpg,engaged,1,0,high_confidence
engaged_1804.jpg,engaged_2157.jpg,engaged,1,0,high_confidence
engaged_1804.jpg,engaged_2158.jpg,engaged,1,0,high_confidence
engaged_1804.jpg,engaged_2159.jpg,engaged,1,0,high_confidence
engaged_1804.jpg,engaged_2160.jpg,engaged,1,0,high_confidence
engaged_1804.jpg,engaged_2163.jpg,engaged,1,0,high_confidence
engaged_1804.jpg,engaged_2164.jpg,engaged,1,0,high_confidence
engaged_1804.jpg,engaged_2165.jpg,engaged,1,0,high_confidence
engaged_1804.jpg,engaged_2170.jpg,engaged,1,0,high_confidence
engaged_1804.jpg,engaged_2171.jpg,engaged,1,0,high_confidence
engaged_1804.jpg,engaged_2173.jpg,engaged,1,0,high_confidence
engaged_1804.jpg,engaged_2174.jpg,engaged,1,0,high_confidence
engaged_1804.jpg,engaged_2175.jpg,engaged,1,0,high_confidence
engaged_1804.jpg,engaged_2180.jpg,engaged,1,0,high_confidence
engaged_1804.jpg,engaged_2182.jpg,engaged,1,0,high_confidence
engaged_1804.jpg,engaged_2183.jpg,engaged,1,0,high_confidence
engaged_1804.jpg,engaged_2184.jpg,engaged,1,0,high_confidence
engaged_1804.jpg,engaged_2185.jpg,engaged,1,0,high_confidence
engaged_1804.jpg,engaged_2187.jpg,engaged,1,0,high_confidence
engaged_1804.jpg,engaged_2188.jpg,engaged,1,0,high_confidence
engaged_1804.jpg,engaged_2189.jpg,engaged,1,0,high_confidence
engaged_1804.jpg,engaged_2190.jpg,engaged,1,0,high_confidence
engaged_1804.jpg,engaged_2192.jpg,engaged,1,0,high_confidence
engaged_1804.jpg,engaged_2194.jpg,engaged,1,0,high_confidence
engaged_1804.jpg,engaged_2199.jpg,engaged,1,0,high_confidence
engaged_1804.jpg,engaged_2200.jpg,engaged,1,0,high_confidence
engaged_1804.jpg,engaged_2201.jpg,engaged,1,0,high_confidence
engaged_1804.jpg,engaged_2202.jpg,engaged,1,0,high_confidence
engaged_1804.jpg,engaged_2204.jpg,engaged,1,0,high_confidence
engaged_1804.jpg,engaged_2210.jpg,engaged,1,0,high_confidence
engaged_1804.jpg,engaged_2211.jpg,engaged,1,0,high_confidence
engaged_1804.jpg,engaged_2212.jpg,engaged,1,0,high_confidence
engaged_1804.jpg,engaged_2215.jpg,engaged,1,0,high_confidence
engaged_1804.jpg,engaged_1775.jpg,engaged,0,0,high_confidence
engaged_1804.jpg,engaged_1779.jpg,engaged,0,0,high_confidence
engaged_1804.jpg,engaged_1836.jpg,engaged,1,0,high_confidence
engaged_1804.jpg,engaged_1867.jpg,engaged,0,0,high_confidence
engaged_1804.jpg,engaged_1979.jpg,engaged,0,0,high_confidence
engaged_1804.jpg,engaged_2045.jpg,engaged,0,0,high_confidence
engaged_1804.jpg,engaged_2079.jpg,engaged,1,0,high_confidence
engaged_1804.jpg,engaged_2080.jpg,engaged,1,0,high_confidence
engaged_1804.jpg,engaged_2086.jpg,engaged,1,0,high_confidence
engaged_1804.jpg,engaged_2096.jpg,engaged,1,0,high_confidence
engaged_1804.jpg,engaged_2103.jpg,engaged,1,0,high_confidence
engaged_1804.jpg,engaged_2121.jpg,engaged,1,0,high_confidence
engaged_1804.jpg,engaged_2136.jpg,engaged,1,0,high_confidence
engaged_1804.jpg,engaged_2166.jpg,engaged,1,0,high_confidence
engaged_1804.jpg,engaged_2172.jpg,engaged,1,0,high_confidence
engaged_1804.jpg,engaged_2213.jpg,engaged,1,0,high_confidence
engaged_1804.jpg,engaged_1806.jpg,engaged,0,0,high_confidence
engaged_1804.jpg,engaged_1860.jpg,engaged,0,0,high_confidence
engaged_1804.jpg,engaged_1916.jpg,engaged,0,0,high_confidence
engaged_1804.jpg,engaged_1925.jpg,engaged,0,0,high_confidence
engaged_1804.jpg,engaged_1982.jpg,engaged,0,0,high_confidence
engaged_1804.jpg,engaged_2048.jpg,engaged,0,0,high_confidence
engaged_1804.jpg,engaged_2073.jpg,engaged,1,0,high_confidence
engaged_1804.jpg,engaged_2081.jpg,engaged,1,0,high_confidence
engaged_1804.jpg,engaged_2092.jpg,engaged,1,0,high_confidence
engaged_1804.jpg,engaged_2106.jpg,engaged,1,0,high_confidence
engaged_1804.jpg,engaged_2111.jpg,engaged,1,0,high_confidence
engaged_1804.jpg,engaged_2116.jpg,engaged,1,0,high_confidence
engaged_1804.jpg,engaged_2125.jpg,engaged,1,0,high_confidence
engaged_1804.jpg,engaged_2156.jpg,engaged,1,0,high_confidence
engaged_1804.jpg,engaged_2181.jpg,engaged,1,0,high_confidence
engaged_1804.jpg,engaged_2191.jpg,engaged,1,0,high_confidence
engaged_1804.jpg,engaged_2198.jpg,engaged,1,0,high_confidence
engaged_1804.jpg,engaged_2203.jpg,engaged,1,0,high_confidence
engaged_1804.jpg,engaged_2214.jpg,engaged,1,0,high_confidence
engaged_1804.jpg,engaged_2216.jpg,engaged,1,0,high_confidence
engaged_1805.jpg,engaged_1807.jpg,engaged,0,0,high_confidence
engaged_1805.jpg,engaged_1808.jpg,engaged,0,0,high_confidence
engaged_1805.jpg,engaged_1809.jpg,engaged,0,0,high_confidence
engaged_1805.jpg,engaged_1810.jpg,engaged,0,0,high_confidence
engaged_1805.jpg,engaged_1817.jpg,engaged,0,0,high_confidence
engaged_1805.jpg,engaged_1852.jpg,engaged,1,0,high_confidence
engaged_1805.jpg,engaged_1853.jpg,engaged,1,0,high_confidence
engaged_1805.jpg,engaged_1854.jpg,engaged,0,0,high_confidence
engaged_1805.jpg,engaged_1858.jpg,engaged,0,0,high_confidence
engaged_1805.jpg,engaged_1859.jpg,engaged,0,0,high_confidence
engaged_1805.jpg,engaged_1866.jpg,engaged,0,0,high_confidence
engaged_1805.jpg,engaged_1868.jpg,engaged,0,0,high_confidence
engaged_1805.jpg,engaged_1869.jpg,engaged,0,0,high_confidence
engaged_1805.jpg,engaged_1900.jpg,engaged,1,0,high_confidence
engaged_1805.jpg,engaged_1923.jpg,engaged,0,0,high_confidence
engaged_1805.jpg,engaged_1924.jpg,engaged,0,0,high_confidence
engaged_1805.jpg,engaged_1933.jpg,engaged,0,0,high_confidence
engaged_1805.jpg,engaged_1934.jpg,engaged,0,0,high_confidence
engaged_1805.jpg,engaged_1956.jpg,engaged,0,0,high_confidence
engaged_1805.jpg,engaged_1957.jpg,engaged,0,0,high_confidence
engaged_1805.jpg,engaged_1983.jpg,engaged,0,0,high_confidence
engaged_1805.jpg,engaged_1993.jpg,engaged,0,0,high_confidence
engaged_1805.jpg,engaged_1994.jpg,engaged,0,0,high_confidence
engaged_1805.jpg,engaged_2000.jpg,engaged,0,0,high_confidence
engaged_1805.jpg,engaged_2046.jpg,engaged,0,0,high_confidence
engaged_1805.jpg,engaged_2049.jpg,engaged,0,0,high_confidence
engaged_1805.jpg,engaged_2068.jpg,engaged,1,0,high_confidence
engaged_1805.jpg,engaged_2069.jpg,engaged,1,0,high_confidence
engaged_1805.jpg,engaged_2070.jpg,engaged,1,0,high_confidence
engaged_1805.jpg,engaged_2074.jpg,engaged,1,0,high_confidence
engaged_1805.jpg,engaged_2075.jpg,engaged,1,0,high_confidence
engaged_1805.jpg,engaged_2076.jpg,engaged,1,0,high_confidence
engaged_1805.jpg,engaged_2093.jpg,engaged,1,0,high_confidence
engaged_1805.jpg,engaged_2097.jpg,engaged,1,0,high_confidence
engaged_1805.jpg,engaged_2098.jpg,engaged,1,0,high_confidence
engaged_1805.jpg,engaged_2102.jpg,engaged,1,0,high_confidence
engaged_1805.jpg,engaged_2107.jpg,engaged,1,0,high_confidence
engaged_1805.jpg,engaged_2117.jpg,engaged,1,0,high_confidence
engaged_1805.jpg,engaged_2118.jpg,engaged,1,0,high_confidence
engaged_1805.jpg,engaged_2119.jpg,engaged,1,0,high_confidence
engaged_1805.jpg,engaged_2120.jpg,engaged,1,0,high_confidence
engaged_1805.jpg,engaged_2123.jpg,engaged,1,0,high_confidence
engaged_1805.jpg,engaged_2124.jpg,engaged,1,0,high_confidence
engaged_1805.jpg,engaged_2126.jpg,engaged,1,0,high_confidence
engaged_1805.jpg,engaged_2134.jpg,engaged,1,0,high_confidence
engaged_1805.jpg,engaged_2135.jpg,engaged,1,0,high_confidence
engaged_1805.jpg,engaged_2137.jpg,engaged,1,0,high_confidence
engaged_1805.jpg,engaged_2145.jpg,engaged,1,0,high_confidence
engaged_1805.jpg,engaged_2146.jpg,engaged,1,0,high_confidence
engaged_1805.jpg,engaged_2148.jpg,engaged,1,0,high_confidence
engaged_1805.jpg,engaged_2149.jpg,engaged,1,0,high_confidence
engaged_1805.jpg,engaged_2150.jpg,engaged,1,0,high_confidence
engaged_1805.jpg,engaged_2155.jpg,engaged,1,0,high_confidence
engaged_1805.jpg,engaged_2157.jpg,engaged,1,0,high_confidence
engaged_1805.jpg,engaged_2158.jpg,engaged,1,0,high_confidence
engaged_1805.jpg,engaged_2159.jpg,engaged,1,0,high_confidence
engaged_1805.jpg,engaged_2160.jpg,engaged,1,0,high_confidence
engaged_1805.jpg,engaged_2163.jpg,engaged,1,0,high_confidence
engaged_1805.jpg,engaged_2164.jpg,engaged,1,0,high_confidence
engaged_1805.jpg,engaged_2165.jpg,engaged,1,0,high_confidence
engaged_1805.jpg,engaged_2170.jpg,engaged,1,0,high_confidence
engaged_1805.jpg,engaged_2171.jpg,engaged,1,0,high_confidence
engaged_1805.jpg,engaged_2173.jpg,engaged,1,0,high_confidence
engaged_1805.jpg,engaged_2174.jpg,engaged,1,0,high_confidence
engaged_1805.jpg,engaged_2175.jpg,engaged,1,0,high_confidence
engaged_1805.jpg,engaged_2180.jpg,engaged,1,0,high_confidence
engaged_1805.jpg,engaged_2182.jpg,engaged,1,0,high_confidence
engaged_1805.jpg,engaged_2183.jpg,engaged,1,0,high_confidence
engaged_1805.jpg,engaged_2184.jpg,engaged,1,0,high_confidence
engaged_1805.jpg,engaged_2185.jpg,engaged,1,0,high_confidence
engaged_1805.jpg,engaged_2187.jpg,engaged,1,0,high_confidence
engaged_1805.jpg,engaged_2188.jpg,engaged,1,0,high_confidence
engaged_1805.jpg,engaged_2189.jpg,engaged,1,0,high_confidence
engaged_1805.jpg,engaged_2190.jpg,engaged,1,0,high_confidence
engaged_1805.jpg,engaged_2192.jpg,engaged,1,0,high_confidence
engaged_1805.jpg,engaged_2194.jpg,engaged,1,0,high_confidence
engaged_1805.jpg,engaged_2199.jpg,engaged,1,0,high_confidence
engaged_1805.jpg,engaged_2200.jpg,engaged,1,0,high_confidence
engaged_1805.jpg,engaged_2201.jpg,engaged,1,0,high_confidence
engaged_1805.jpg,engaged_2202.jpg,engaged,1,0,high_confidence
engaged_1805.jpg,engaged_2204.jpg,engaged,1,0,high_confidence
engaged_1805.jpg,engaged_2210.jpg,engaged,1,0,high_confidence
engaged_1805.jpg,engaged_2211.jpg,engaged,1,0,high_confidence
engaged_1805.jpg,engaged_2212.jpg,engaged,1,0,high_confidence
engaged_1805.jpg,engaged_2215.jpg,engaged,1,0,high_confidence
engaged_1805.jpg,engaged_1775.jpg,engaged,0,0,high_confidence
engaged_1805.jpg,engaged_1779.jpg,engaged,0,0,high_confidence
engaged_1805.jpg,engaged_1836.jpg,engaged,1,0,high_confidence
engaged_1805.jpg,engaged_1867.jpg,engaged,0,0,high_confidence
engaged_1805.jpg,engaged_1979.jpg,engaged,0,0,high_confidence
engaged_1805.jpg,engaged_2045.jpg,engaged,0,0,high_confidence
engaged_1805.jpg,engaged_2079.jpg,engaged,1,0,high_confidence
engaged_1805.jpg,engaged_2080.jpg,engaged,1,0,high_confidence
engaged_1805.jpg,engaged_2086.jpg,engaged,1,0,high_confidence
engaged_1805.jpg,engaged_2096.jpg,engaged,1,0,high_confidence
engaged_1805.jpg,engaged_2103.jpg,engaged,1,0,high_confidence
engaged_1805.jpg,engaged_2121.jpg,engaged,1,0,high_confidence
engaged_1805.jpg,engaged_2136.jpg,engaged,1,0,high_confidence
engaged_1805.jpg,engaged_2166.jpg,engaged,1,0,high_confidence
engaged_1805.jpg,engaged_2172.jpg,engaged,1,0,high_confidence
engaged_1805.jpg,engaged_2213.jpg,engaged,1,0,high_confidence
engaged_1805.jpg,engaged_1806.jpg,engaged,0,0,high_confidence
engaged_1805.jpg,engaged_1860.jpg,engaged,0,0,high_confidence
engaged_1805.jpg,engaged_1916.jpg,engaged,0,0,high_confidence
engaged_1805.jpg,engaged_1925.jpg,engaged,0,0,high_confidence
engaged_1805.jpg,engaged_1982.jpg,engaged,0,0,high_confidence
engaged_1805.jpg,engaged_2048.jpg,engaged,0,0,high_confidence
engaged_1805.jpg,engaged_2073.jpg,engaged,1,0,high_confidence
engaged_1805.jpg,engaged_2081.jpg,engaged,1,0,high_confidence
engaged_1805.jpg,engaged_2092.jpg,engaged,1,0,high_confidence
engaged_1805.jpg,engaged_2106.jpg,engaged,1,0,high_confidence
engaged_1805.jpg,engaged_2111.jpg,engaged,1,0,high_confidence
engaged_1805.jpg,engaged_2116.jpg,engaged,1,0,high_confidence
engaged_1805.jpg,engaged_2125.jpg,engaged,1,0,high_confidence
engaged_1805.jpg,engaged_2156.jpg,engaged,1,0,high_confidence
engaged_1805.jpg,engaged_2181.jpg,engaged,1,0,high_confidence
engaged_1805.jpg,engaged_2191.jpg,engaged,1,0,high_confidence
engaged_1805.jpg,engaged_2198.jpg,engaged,1,0,high_confidence
engaged_1805.jpg,engaged_2203.jpg,engaged,1,0,high_confidence
engaged_1805.jpg,engaged_2214.jpg,engaged,1,0,high_confidence
engaged_1805.jpg,engaged_2216.jpg,engaged,1,0,high_confidence
engaged_1807.jpg,engaged_1808.jpg,engaged,0,0,high_confidence
engaged_1807.jpg,engaged_1809.jpg,engaged,0,0,high_confidence
engaged_1807.jpg,engaged_1810.jpg,engaged,0,0,high_confidence
engaged_1807.jpg,engaged_1817.jpg,engaged,0,0,high_confidence
engaged_1807.jpg,engaged_1852.jpg,engaged,1,0,high_confidence
engaged_1807.jpg,engaged_1853.jpg,engaged,1,0,high_confidence
engaged_1807.jpg,engaged_1854.jpg,engaged,0,0,high_confidence
engaged_1807.jpg,engaged_1858.jpg,engaged,0,0,high_confidence
engaged_1807.jpg,engaged_1859.jpg,engaged,0,0,high_confidence
engaged_1807.jpg,engaged_1866.jpg,engaged,0,0,high_confidence
engaged_1807.jpg,engaged_1868.jpg,engaged,0,0,high_confidence
engaged_1807.jpg,engaged_1869.jpg,engaged,0,0,high_confidence
engaged_1807.jpg,engaged_1900.jpg,engaged,1,0,high_confidence
engaged_1807.jpg,engaged_1923.jpg,engaged,0,0,high_confidence
engaged_1807.jpg,engaged_1924.jpg,engaged,0,0,high_confidence
engaged_1807.jpg,engaged_1933.jpg,engaged,0,0,high_confidence
engaged_1807.jpg,engaged_1934.jpg,engaged,0,0,high_confidence
engaged_1807.jpg,engaged_1956.jpg,engaged,0,0,high_confidence
engaged_1807.jpg,engaged_1957.jpg,engaged,0,0,high_confidence
engaged_1807.jpg,engaged_1983.jpg,engaged,0,0,high_confidence
engaged_1807.jpg,engaged_1993.jpg,engaged,0,0,high_confidence
engaged_1807.jpg,engaged_1994.jpg,engaged,0,0,high_confidence
engaged_1807.jpg,engaged_2000.jpg,engaged,0,0,high_confidence
engaged_1807.jpg,engaged_2046.jpg,engaged,0,0,high_confidence
engaged_1807.jpg,engaged_2049.jpg,engaged,0,0,high_confidence
engaged_1807.jpg,engaged_2068.jpg,engaged,1,0,high_confidence
engaged_1807.jpg,engaged_2069.jpg,engaged,1,0,high_confidence
engaged_1807.jpg,engaged_2070.jpg,engaged,1,0,high_confidence
engaged_1807.jpg,engaged_2074.jpg,engaged,1,0,high_confidence
engaged_1807.jpg,engaged_2075.jpg,engaged,1,0,high_confidence
engaged_1807.jpg,engaged_2076.jpg,engaged,1,0,high_confidence
engaged_1807.jpg,engaged_2093.jpg,engaged,1,0,high_confidence
engaged_1807.jpg,engaged_2097.jpg,engaged,1,0,high_confidence
engaged_1807.jpg,engaged_2098.jpg,engaged,1,0,high_confidence
engaged_1807.jpg,engaged_2102.jpg,engaged,1,0,high_confidence
engaged_1807.jpg,engaged_2107.jpg,engaged,1,0,high_confidence
engaged_1807.jpg,engaged_2117.jpg,engaged,1,0,high_confidence
engaged_1807.jpg,engaged_2118.jpg,engaged,1,0,high_confidence
engaged_1807.jpg,engaged_2119.jpg,engaged,1,0,high_confidence
engaged_1807.jpg,engaged_2120.jpg,engaged,1,0,high_confidence
engaged_1807.jpg,engaged_2123.jpg,engaged,1,0,high_confidence
engaged_1807.jpg,engaged_2124.jpg,engaged,1,0,high_confidence
engaged_1807.jpg,engaged_2126.jpg,engaged,1,0,high_confidence
engaged_1807.jpg,engaged_2134.jpg,engaged,1,0,high_confidence
engaged_1807.jpg,engaged_2135.jpg,engaged,1,0,high_confidence
engaged_1807.jpg,engaged_2137.jpg,engaged,1,0,high_confidence
engaged_1807.jpg,engaged_2145.jpg,engaged,1,0,high_confidence
engaged_1807.jpg,engaged_2146.jpg,engaged,1,0,high_confidence
engaged_1807.jpg,engaged_2148.jpg,engaged,1,0,high_confidence
engaged_1807.jpg,engaged_2149.jpg,engaged,1,0,high_confidence
engaged_1807.jpg,engaged_2150.jpg,engaged,1,0,high_confidence
engaged_1807.jpg,engaged_2155.jpg,engaged,1,0,high_confidence
engaged_1807.jpg,engaged_2157.jpg,engaged,1,0,high_confidence
engaged_1807.jpg,engaged_2158.jpg,engaged,1,0,high_confidence
engaged_1807.jpg,engaged_2159.jpg,engaged,1,0,high_confidence
engaged_1807.jpg,engaged_2160.jpg,engaged,1,0,high_confidence
engaged_1807.jpg,engaged_2163.jpg,engaged,1,0,high_confidence
engaged_1807.jpg,engaged_2164.jpg,engaged,1,0,high_confidence
engaged_1807.jpg,engaged_2165.jpg,engaged,1,0,high_confidence
engaged_1807.jpg,engaged_2170.jpg,engaged,1,0,high_confidence
engaged_1807.jpg,engaged_2171.jpg,engaged,1,0,high_confidence
engaged_1807.jpg,engaged_2173.jpg,engaged,1,0,high_confidence
engaged_1807.jpg,engaged_2174.jpg,engaged,1,0,high_confidence
engaged_1807.jpg,engaged_2175.jpg,engaged,1,0,high_confidence
engaged_1807.jpg,engaged_2180.jpg,engaged,1,0,high_confidence
engaged_1807.jpg,engaged_2182.jpg,engaged,1,0,high_confidence
engaged_1807.jpg,engaged_2183.jpg,engaged,1,0,high_confidence
engaged_1807.jpg,engaged_2184.jpg,engaged,1,0,high_confidence
engaged_1807.jpg,engaged_2185.jpg,engaged,1,0,high_confidence
engaged_1807.jpg,engaged_2187.jpg,engaged,1,0,high_confidence
engaged_1807.jpg,engaged_2188.jpg,engaged,1,0,high_confidence
engaged_1807.jpg,engaged_2189.jpg,engaged,1,0,high_confidence
engaged_1807.jpg,engaged_2190.jpg,engaged,1,0,high_confidence
engaged_1807.jpg,engaged_2192.jpg,engaged,1,0,high_confidence
engaged_1807.jpg,engaged_2194.jpg,engaged,1,0,high_confidence
engaged_1807.jpg,engaged_2199.jpg,engaged,1,0,high_confidence
engaged_1807.jpg,engaged_2200.jpg,engaged,1,0,high_confidence
engaged_1807.jpg,engaged_2201.jpg,engaged,1,0,high_confidence
engaged_1807.jpg,engaged_2202.jpg,engaged,1,0,high_confidence
engaged_1807.jpg,engaged_2204.jpg,engaged,1,0,high_confidence
engaged_1807.jpg,engaged_2210.jpg,engaged,1,0,high_confidence
engaged_1807.jpg,engaged_2211.jpg,engaged,1,0,high_confidence
engaged_1807.jpg,engaged_2212.jpg,engaged,1,0,high_confidence
engaged_1807.jpg,engaged_2215.jpg,engaged,1,0,high_confidence
engaged_1807.jpg,engaged_1775.jpg,engaged,0,0,high_confidence
engaged_1807.jpg,engaged_1779.jpg,engaged,0,0,high_confidence
engaged_1807.jpg,engaged_1836.jpg,engaged,1,0,high_confidence
engaged_1807.jpg,engaged_1867.jpg,engaged,0,0,high_confidence
engaged_1807.jpg,engaged_1979.jpg,engaged,0,0,high_confidence
engaged_1807.jpg,engaged_2045.jpg,engaged,0,0,high_confidence
engaged_1807.jpg,engaged_2079.jpg,engaged,1,0,high_confidence
engaged_1807.jpg,engaged_2080.jpg,engaged,1,0,high_confidence
engaged_1807.jpg,engaged_2086.jpg,engaged,1,0,high_confidence
engaged_1807.jpg,engaged_2096.jpg,engaged,1,0,high_confidence
engaged_1807.jpg,engaged_2103.jpg,engaged,1,0,high_confidence
engaged_1807.jpg,engaged_2121.jpg,engaged,1,0,high_confidence
engaged_1807.jpg,engaged_2136.jpg,engaged,1,0,high_confidence
engaged_1807.jpg,engaged_2166.jpg,engaged,1,0,high_confidence
engaged_1807.jpg,engaged_2172.jpg,engaged,1,0,high_confidence
engaged_1807.jpg,engaged_2213.jpg,engaged,1,0,high_confidence
engaged_1807.jpg,engaged_1806.jpg,engaged,0,0,high_confidence
engaged_1807.jpg,engaged_1860.jpg,engaged,0,0,high_confidence
engaged_1807.jpg,engaged_1916.jpg,engaged,0,0,high_confidence
engaged_1807.jpg,engaged_1925.jpg,engaged,0,0,high_confidence
engaged_1807.jpg,engaged_1982.jpg,engaged,0,0,high_confidence
engaged_1807.jpg,engaged_2048.jpg,engaged,0,0,high_confidence
engaged_1807.jpg,engaged_2073.jpg,engaged,1,0,high_confidence
engaged_1807.jpg,engaged_2081.jpg,engaged,1,0,high_confidence
engaged_1807.jpg,engaged_2092.jpg,engaged,1,0,high_confidence
engaged_1807.jpg,engaged_2106.jpg,engaged,1,0,high_confidence
engaged_1807.jpg,engaged_2111.jpg,engaged,1,0,high_confidence
engaged_1807.jpg,engaged_2116.jpg,engaged,1,0,high_confidence
engaged_1807.jpg,engaged_2125.jpg,engaged,1,0,high_confidence
engaged_1807.jpg,engaged_2156.jpg,engaged,1,0,high_confidence
engaged_1807.jpg,engaged_2181.jpg,engaged,1,0,high_confidence
engaged_1807.jpg,engaged_2191.jpg,engaged,1,0,high_confidence
engaged_1807.jpg,engaged_2198.jpg,engaged,1,0,high_confidence
engaged_1807.jpg,engaged_2203.jpg,engaged,1,0,high_confidence
engaged_1807.jpg,engaged_2214.jpg,engaged,1,0,high_confidence
engaged_1807.jpg,engaged_2216.jpg,engaged,1,0,high_confidence
engaged_1808.jpg,engaged_1809.jpg,engaged,0,0,high_confidence
engaged_1808.jpg,engaged_1810.jpg,engaged,0,0,high_confidence
engaged_1808.jpg,engaged_1817.jpg,engaged,0,0,high_confidence
engaged_1808.jpg,engaged_1852.jpg,engaged,1,0,high_confidence
engaged_1808.jpg,engaged_1853.jpg,engaged,1,0,high_confidence
engaged_1808.jpg,engaged_1854.jpg,engaged,0,0,high_confidence
engaged_1808.jpg,engaged_1858.jpg,engaged,0,0,high_confidence
engaged_1808.jpg,engaged_1859.jpg,engaged,0,0,high_confidence
engaged_1808.jpg,engaged_1866.jpg,engaged,0,0,high_confidence
engaged_1808.jpg,engaged_1868.jpg,engaged,0,0,high_confidence
engaged_1808.jpg,engaged_1869.jpg,engaged,0,0,high_confidence
engaged_1808.jpg,engaged_1900.jpg,engaged,1,0,high_confidence
engaged_1808.jpg,engaged_1923.jpg,engaged,0,0,high_confidence
engaged_1808.jpg,engaged_1924.jpg,engaged,0,0,high_confidence
engaged_1808.jpg,engaged_1933.jpg,engaged,0,0,high_confidence
engaged_1808.jpg,engaged_1934.jpg,engaged,0,0,high_confidence
engaged_1808.jpg,engaged_1956.jpg,engaged,0,0,high_confidence
engaged_1808.jpg,engaged_1957.jpg,engaged,0,0,high_confidence
engaged_1808.jpg,engaged_1983.jpg,engaged,0,0,high_confidence
engaged_1808.jpg,engaged_1993.jpg,engaged,0,0,high_confidence
engaged_1808.jpg,engaged_1994.jpg,engaged,0,0,high_confidence
engaged_1808.jpg,engaged_2000.jpg,engaged,0,0,high_confidence
engaged_1808.jpg,engaged_2046.jpg,engaged,0,0,high_confidence
engaged_1808.jpg,engaged_2049.jpg,engaged,0,0,high_confidence
engaged_1808.jpg,engaged_2068.jpg,engaged,1,0,high_confidence
engaged_1808.jpg,engaged_2069.jpg,engaged,1,0,high_confidence
engaged_1808.jpg,engaged_2070.jpg,engaged,1,0,high_confidence
engaged_1808.jpg,engaged_2074.jpg,engaged,1,0,high_confidence
engaged_1808.jpg,engaged_2075.jpg,engaged,1,0,high_confidence
engaged_1808.jpg,engaged_2076.jpg,engaged,1,0,high_confidence
engaged_1808.jpg,engaged_2093.jpg,engaged,1,0,high_confidence
engaged_1808.jpg,engaged_2097.jpg,engaged,1,0,high_confidence
engaged_1808.jpg,engaged_2098.jpg,engaged,1,0,high_confidence
engaged_1808.jpg,engaged_2102.jpg,engaged,1,0,high_confidence
engaged_1808.jpg,engaged_2107.jpg,engaged,1,0,high_confidence
engaged_1808.jpg,engaged_2117.jpg,engaged,1,0,high_confidence
engaged_1808.jpg,engaged_2118.jpg,engaged,1,0,high_confidence
engaged_1808.jpg,engaged_2119.jpg,engaged,1,0,high_confidence
engaged_1808.jpg,engaged_2120.jpg,engaged,1,0,high_confidence
engaged_1808.jpg,engaged_2123.jpg,engaged,1,0,high_confidence
engaged_1808.jpg,engaged_2124.jpg,engaged,1,0,high_confidence
engaged_1808.jpg,engaged_2126.jpg,engaged,1,0,high_confidence
engaged_1808.jpg,engaged_2134.jpg,engaged,1,0,high_confidence
engaged_1808.jpg,engaged_2135.jpg,engaged,1,0,high_confidence
engaged_1808.jpg,engaged_2137.jpg,engaged,1,0,high_confidence
engaged_1808.jpg,engaged_2145.jpg,engaged,1,0,high_confidence
engaged_1808.jpg,engaged_2146.jpg,engaged,1,0,high_confidence
engaged_1808.jpg,engaged_2148.jpg,engaged,1,0,high_confidence
engaged_1808.jpg,engaged_2149.jpg,engaged,1,0,high_confidence
engaged_1808.jpg,engaged_2150.jpg,engaged,1,0,high_confidence
engaged_1808.jpg,engaged_2155.jpg,engaged,1,0,high_confidence
engaged_1808.jpg,engaged_2157.jpg,engaged,1,0,high_confidence
engaged_1808.jpg,engaged_2158.jpg,engaged,1,0,high_confidence
engaged_1808.jpg,engaged_2159.jpg,engaged,1,0,high_confidence
engaged_1808.jpg,engaged_2160.jpg,engaged,1,0,high_confidence
engaged_1808.jpg,engaged_2163.jpg,engaged,1,0,high_confidence
engaged_1808.jpg,engaged_2164.jpg,engaged,1,0,high_confidence
engaged_1808.jpg,engaged_2165.jpg,engaged,1,0,high_confidence
engaged_1808.jpg,engaged_2170.jpg,engaged,1,0,high_confidence
engaged_1808.jpg,engaged_2171.jpg,engaged,1,0,high_confidence
engaged_1808.jpg,engaged_2173.jpg,engaged,1,0,high_confidence
engaged_1808.jpg,engaged_2174.jpg,engaged,1,0,high_confidence
engaged_1808.jpg,engaged_2175.jpg,engaged,1,0,high_confidence
engaged_1808.jpg,engaged_2180.jpg,engaged,1,0,high_confidence
engaged_1808.jpg,engaged_2182.jpg,engaged,1,0,high_confidence
engaged_1808.jpg,engaged_2183.jpg,engaged,1,0,high_confidence
engaged_1808.jpg,engaged_2184.jpg,engaged,1,0,high_confidence
engaged_1808.jpg,engaged_2185.jpg,engaged,1,0,high_confidence
engaged_1808.jpg,engaged_2187.jpg,engaged,1,0,high_confidence
engaged_1808.jpg,engaged_2188.jpg,engaged,1,0,high_confidence
engaged_1808.jpg,engaged_2189.jpg,engaged,1,0,high_confidence
engaged_1808.jpg,engaged_2190.jpg,engaged,1,0,high_confidence
engaged_1808.jpg,engaged_2192.jpg,engaged,1,0,high_confidence
engaged_1808.jpg,engaged_2194.jpg,engaged,1,0,high_confidence
engaged_1808.jpg,engaged_2199.jpg,engaged,1,0,high_confidence
engaged_1808.jpg,engaged_2200.jpg,engaged,1,0,high_confidence
engaged_1808.jpg,engaged_2201.jpg,engaged,1,0,high_confidence
engaged_1808.jpg,engaged_2202.jpg,engaged,1,0,high_confidence
engaged_1808.jpg,engaged_2204.jpg,engaged,1,0,high_confidence
engaged_1808.jpg,engaged_2210.jpg,engaged,1,0,high_confidence
engaged_1808.jpg,engaged_2211.jpg,engaged,1,0,high_confidence
engaged_1808.jpg,engaged_2212.jpg,engaged,1,0,high_confidence
engaged_1808.jpg,engaged_2215.jpg,engaged,1,0,high_confidence
engaged_1808.jpg,engaged_1775.jpg,engaged,0,0,high_confidence
engaged_1808.jpg,engaged_1779.jpg,engaged,0,0,high_confidence
engaged_1808.jpg,engaged_1836.jpg,engaged,1,0,high_confidence
engaged_1808.jpg,engaged_1867.jpg,engaged,0,0,high_confidence
engaged_1808.jpg,engaged_1979.jpg,engaged,0,0,high_confidence
engaged_1808.jpg,engaged_2045.jpg,engaged,0,0,high_confidence
engaged_1808.jpg,engaged_2079.jpg,engaged,1,0,high_confidence
engaged_1808.jpg,engaged_2080.jpg,engaged,1,0,high_confidence
engaged_1808.jpg,engaged_2086.jpg,engaged,1,0,high_confidence
engaged_1808.jpg,engaged_2096.jpg,engaged,1,0,high_confidence
engaged_1808.jpg,engaged_2103.jpg,engaged,1,0,high_confidence
engaged_1808.jpg,engaged_2121.jpg,engaged,1,0,high_confidence
engaged_1808.jpg,engaged_2136.jpg,engaged,1,0,high_confidence
engaged_1808.jpg,engaged_2166.jpg,engaged,1,0,high_confidence
engaged_1808.jpg,engaged_2172.jpg,engaged,1,0,high_confidence
engaged_1808.jpg,engaged_2213.jpg,engaged,1,0,high_confidence
engaged_1808.jpg,engaged_1806.jpg,engaged,0,0,high_confidence
engaged_1808.jpg,engaged_1860.jpg,engaged,0,0,high_confidence
engaged_1808.jpg,engaged_1916.jpg,engaged,0,0,high_confidence
engaged_1808.jpg,engaged_1925.jpg,engaged,0,0,high_confidence
engaged_1808.jpg,engaged_1982.jpg,engaged,0,0,high_confidence
engaged_1808.jpg,engaged_2048.jpg,engaged,0,0,high_confidence
engaged_1808.jpg,engaged_2073.jpg,engaged,1,0,high_confidence
engaged_1808.jpg,engaged_2081.jpg,engaged,1,0,high_confidence
engaged_1808.jpg,engaged_2092.jpg,engaged,1,0,high_confidence
engaged_1808.jpg,engaged_2106.jpg,engaged,1,0,high_confidence
engaged_1808.jpg,engaged_2111.jpg,engaged,1,0,high_confidence
engaged_1808.jpg,engaged_2116.jpg,engaged,1,0,high_confidence
engaged_1808.jpg,engaged_2125.jpg,engaged,1,0,high_confidence
engaged_1808.jpg,engaged_2156.jpg,engaged,1,0,high_confidence
engaged_1808.jpg,engaged_2181.jpg,engaged,1,0,high_confidence
engaged_1808.jpg,engaged_2191.jpg,engaged,1,0,high_confidence
engaged_1808.jpg,engaged_2198.jpg,engaged,1,0,high_confidence
engaged_1808.jpg,engaged_2203.jpg,engaged,1,0,high_confidence
engaged_1808.jpg,engaged_2214.jpg,engaged,1,0,high_confidence
engaged_1808.jpg,engaged_2216.jpg,engaged,1,0,high_confidence
engaged_1809.jpg,engaged_1810.jpg,engaged,0,0,high_confidence
engaged_1809.jpg,engaged_1817.jpg,engaged,0,0,high_confidence
engaged_1809.jpg,engaged_1852.jpg,engaged,1,0,high_confidence
engaged_1809.jpg,engaged_1853.jpg,engaged,1,0,high_confidence
engaged_1809.jpg,engaged_1854.jpg,engaged,0,0,high_confidence
engaged_1809.jpg,engaged_1858.jpg,engaged,0,0,high_confidence
engaged_1809.jpg,engaged_1859.jpg,engaged,0,0,high_confidence
engaged_1809.jpg,engaged_1866.jpg,engaged,0,0,high_confidence
engaged_1809.jpg,engaged_1868.jpg,engaged,0,0,high_confidence
engaged_1809.jpg,engaged_1869.jpg,engaged,0,0,high_confidence
engaged_1809.jpg,engaged_1900.jpg,engaged,1,0,high_confidence
engaged_1809.jpg,engaged_1923.jpg,engaged,0,0,high_confidence
engaged_1809.jpg,engaged_1924.jpg,engaged,0,0,high_confidence
engaged_1809.jpg,engaged_1933.jpg,engaged,0,0,high_confidence
engaged_1809.jpg,engaged_1934.jpg,engaged,0,0,high_confidence
engaged_1809.jpg,engaged_1956.jpg,engaged,0,0,high_confidence
engaged_1809.jpg,engaged_1957.jpg,engaged,0,0,high_confidence
engaged_1809.jpg,engaged_1983.jpg,engaged,0,0,high_confidence
engaged_1809.jpg,engaged_1993.jpg,engaged,0,0,high_confidence
engaged_1809.jpg,engaged_1994.jpg,engaged,0,0,high_confidence
engaged_1809.jpg,engaged_2000.jpg,engaged,0,0,high_confidence
engaged_1809.jpg,engaged_2046.jpg,engaged,0,0,high_confidence
engaged_1809.jpg,engaged_2049.jpg,engaged,0,0,high_confidence
engaged_1809.jpg,engaged_2068.jpg,engaged,1,0,high_confidence
engaged_1809.jpg,engaged_2069.jpg,engaged,1,0,high_confidence
engaged_1809.jpg,engaged_2070.jpg,engaged,1,0,high_confidence
engaged_1809.jpg,engaged_2074.jpg,engaged,1,0,high_confidence
engaged_1809.jpg,engaged_2075.jpg,engaged,1,0,high_confidence
engaged_1809.jpg,engaged_2076.jpg,engaged,1,0,high_confidence
engaged_1809.jpg,engaged_2093.jpg,engaged,1,0,high_confidence
engaged_1809.jpg,engaged_2097.jpg,engaged,1,0,high_confidence
engaged_1809.jpg,engaged_2098.jpg,engaged,1,0,high_confidence
engaged_1809.jpg,engaged_2102.jpg,engaged,1,0,high_confidence
engaged_1809.jpg,engaged_2107.jpg,engaged,1,0,high_confidence
engaged_1809.jpg,engaged_2117.jpg,engaged,1,0,high_confidence
engaged_1809.jpg,engaged_2118.jpg,engaged,1,0,high_confidence
engaged_1809.jpg,engaged_2119.jpg,engaged,1,0,high_confidence
engaged_1809.jpg,engaged_2120.jpg,engaged,1,0,high_confidence
engaged_1809.jpg,engaged_2123.jpg,engaged,1,0,high_confidence
engaged_1809.jpg,engaged_2124.jpg,engaged,1,0,high_confidence
engaged_1809.jpg,engaged_2126.jpg,engaged,1,0,high_confidence
engaged_1809.jpg,engaged_2134.jpg,engaged,1,0,high_confidence
engaged_1809.jpg,engaged_2135.jpg,engaged,1,0,high_confidence
engaged_1809.jpg,engaged_2137.jpg,engaged,1,0,high_confidence
engaged_1809.jpg,engaged_2145.jpg,engaged,1,0,high_confidence
engaged_1809.jpg,engaged_2146.jpg,engaged,1,0,high_confidence
engaged_1809.jpg,engaged_2148.jpg,engaged,1,0,high_confidence
engaged_1809.jpg,engaged_2149.jpg,engaged,1,0,high_confidence
engaged_1809.jpg,engaged_2150.jpg,engaged,1,0,high_confidence
engaged_1809.jpg,engaged_2155.jpg,engaged,1,0,high_confidence
engaged_1809.jpg,engaged_2157.jpg,engaged,1,0,high_confidence
engaged_1809.jpg,engaged_2158.jpg,engaged,1,0,high_confidence
engaged_1809.jpg,engaged_2159.jpg,engaged,1,0,high_confidence
engaged_1809.jpg,engaged_2160.jpg,engaged,1,0,high_confidence
engaged_1809.jpg,engaged_2163.jpg,engaged,1,0,high_confidence
engaged_1809.jpg,engaged_2164.jpg,engaged,1,0,high_confidence
engaged_1809.jpg,engaged_2165.jpg,engaged,1,0,high_confidence
engaged_1809.jpg,engaged_2170.jpg,engaged,1,0,high_confidence
engaged_1809.jpg,engaged_2171.jpg,engaged,1,0,high_confidence
engaged_1809.jpg,engaged_2173.jpg,engaged,1,0,high_confidence
engaged_1809.jpg,engaged_2174.jpg,engaged,1,0,high_confidence
engaged_1809.jpg,engaged_2175.jpg,engaged,1,0,high_confidence
engaged_1809.jpg,engaged_2180.jpg,engaged,1,0,high_confidence
engaged_1809.jpg,engaged_2182.jpg,engaged,1,0,high_confidence
engaged_1809.jpg,engaged_2183.jpg,engaged,1,0,high_confidence
engaged_1809.jpg,engaged_2184.jpg,engaged,1,0,high_confidence
engaged_1809.jpg,engaged_2185.jpg,engaged,1,0,high_confidence
engaged_1809.jpg,engaged_2187.jpg,engaged,1,0,high_confidence
engaged_1809.jpg,engaged_2188.jpg,engaged,1,0,high_confidence
engaged_1809.jpg,engaged_2189.jpg,engaged,1,0,high_confidence
engaged_1809.jpg,engaged_2190.jpg,engaged,1,0,high_confidence
engaged_1809.jpg,engaged_2192.jpg,engaged,1,0,high_confidence
engaged_1809.jpg,engaged_2194.jpg,engaged,1,0,high_confidence
engaged_1809.jpg,engaged_2199.jpg,engaged,1,0,high_confidence
engaged_1809.jpg,engaged_2200.jpg,engaged,1,0,high_confidence
engaged_1809.jpg,engaged_2201.jpg,engaged,1,0,high_confidence
engaged_1809.jpg,engaged_2202.jpg,engaged,1,0,high_confidence
engaged_1809.jpg,engaged_2204.jpg,engaged,1,0,high_confidence
engaged_1809.jpg,engaged_2210.jpg,engaged,1,0,high_confidence
engaged_1809.jpg,engaged_2211.jpg,engaged,1,0,high_confidence
engaged_1809.jpg,engaged_2212.jpg,engaged,1,0,high_confidence
engaged_1809.jpg,engaged_2215.jpg,engaged,1,0,high_confidence
engaged_1809.jpg,engaged_1775.jpg,engaged,0,0,high_confidence
engaged_1809.jpg,engaged_1779.jpg,engaged,0,0,high_confidence
engaged_1809.jpg,engaged_1836.jpg,engaged,1,0,high_confidence
engaged_1809.jpg,engaged_1867.jpg,engaged,0,0,high_confidence
engaged_1809.jpg,engaged_1979.jpg,engaged,0,0,high_confidence
engaged_1809.jpg,engaged_2045.jpg,engaged,0,0,high_confidence
engaged_1809.jpg,engaged_2079.jpg,engaged,1,0,high_confidence
engaged_1809.jpg,engaged_2080.jpg,engaged,1,0,high_confidence
engaged_1809.jpg,engaged_2086.jpg,engaged,1,0,high_confidence
engaged_1809.jpg,engaged_2096.jpg,engaged,1,0,high_confidence
engaged_1809.jpg,engaged_2103.jpg,engaged,1,0,high_confidence
engaged_1809.jpg,engaged_2121.jpg,engaged,1,0,high_confidence
engaged_1809.jpg,engaged_2136.jpg,engaged,1,0,high_confidence
engaged_1809.jpg,engaged_2166.jpg,engaged,1,0,high_confidence
engaged_1809.jpg,engaged_2172.jpg,engaged,1,0,high_confidence
engaged_1809.jpg,engaged_2213.jpg,engaged,1,0,high_confidence
engaged_1809.jpg,engaged_1806.jpg,engaged,0,0,high_confidence
engaged_1809.jpg,engaged_1860.jpg,engaged,0,0,high_confidence
engaged_1809.jpg,engaged_1916.jpg,engaged,0,0,high_confidence
engaged_1809.jpg,engaged_1925.jpg,engaged,0,0,high_confidence
engaged_1809.jpg,engaged_1982.jpg,engaged,0,0,high_confidence
engaged_1809.jpg,engaged_2048.jpg,engaged,0,0,high_confidence
engaged_1809.jpg,engaged_2073.jpg,engaged,1,0,high_confidence
engaged_1809.jpg,engaged_2081.jpg,engaged,1,0,high_confidence
engaged_1809.jpg,engaged_2092.jpg,engaged,1,0,high_confidence
engaged_1809.jpg,engaged_2106.jpg,engaged,1,0,high_confidence
engaged_1809.jpg,engaged_2111.jpg,engaged,1,0,high_confidence
engaged_1809.jpg,engaged_2116.jpg,engaged,1,0,high_confidence
engaged_1809.jpg,engaged_2125.jpg,engaged,1,0,high_confidence
engaged_1809.jpg,engaged_2156.jpg,engaged,1,0,high_confidence
engaged_1809.jpg,engaged_2181.jpg,engaged,1,0,high_confidence
engaged_1809.jpg,engaged_2191.jpg,engaged,1,0,high_confidence
engaged_1809.jpg,engaged_2198.jpg,engaged,1,0,high_confidence
engaged_1809.jpg,engaged_2203.jpg,engaged,1,0,high_confidence
engaged_1809.jpg,engaged_2214.jpg,engaged,1,0,high_confidence
engaged_1809.jpg,engaged_2216.jpg,engaged,1,0,high_confidence
engaged_1810.jpg,engaged_1817.jpg,engaged,0,0,high_confidence
engaged_1810.jpg,engaged_1852.jpg,engaged,1,0,high_confidence
engaged_1810.jpg,engaged_1853.jpg,engaged,1,0,high_confidence
engaged_1810.jpg,engaged_1854.jpg,engaged,0,0,high_confidence
engaged_1810.jpg,engaged_1858.jpg,engaged,0,0,high_confidence
engaged_1810.jpg,engaged_1859.jpg,engaged,0,0,high_confidence
engaged_1810.jpg,engaged_1866.jpg,engaged,0,0,high_confidence
engaged_1810.jpg,engaged_1868.jpg,engaged,0,0,high_confidence
engaged_1810.jpg,engaged_1869.jpg,engaged,0,0,high_confidence
engaged_1810.jpg,engaged_1900.jpg,engaged,1,0,high_confidence
engaged_1810.jpg,engaged_1923.jpg,engaged,0,0,high_confidence
engaged_1810.jpg,engaged_1924.jpg,engaged,0,0,high_confidence
engaged_1810.jpg,engaged_1933.jpg,engaged,0,0,high_confidence
engaged_1810.jpg,engaged_1934.jpg,engaged,0,0,high_confidence
engaged_1810.jpg,engaged_1956.jpg,engaged,0,0,high_confidence
engaged_1810.jpg,engaged_1957.jpg,engaged,0,0,high_confidence
engaged_1810.jpg,engaged_1983.jpg,engaged,0,0,high_confidence
engaged_1810.jpg,engaged_1993.jpg,engaged,0,0,high_confidence
engaged_1810.jpg,engaged_1994.jpg,engaged,0,0,high_confidence
engaged_1810.jpg,engaged_2000.jpg,engaged,0,0,high_confidence
engaged_1810.jpg,engaged_2046.jpg,engaged,0,0,high_confidence
engaged_1810.jpg,engaged_2049.jpg,engaged,0,0,high_confidence
engaged_1810.jpg,engaged_2068.jpg,engaged,1,0,high_confidence
engaged_1810.jpg,engaged_2069.jpg,engaged,1,0,high_confidence
engaged_1810.jpg,engaged_2070.jpg,engaged,1,0,high_confidence
engaged_1810.jpg,engaged_2074.jpg,engaged,1,0,high_confidence
engaged_1810.jpg,engaged_2075.jpg,engaged,1,0,high_confidence
engaged_1810.jpg,engaged_2076.jpg,engaged,1,0,high_confidence
engaged_1810.jpg,engaged_2093.jpg,engaged,1,0,high_confidence
engaged_1810.jpg,engaged_2097.jpg,engaged,1,0,high_confidence
engaged_1810.jpg,engaged_2098.jpg,engaged,1,0,high_confidence
engaged_1810.jpg,engaged_2102.jpg,engaged,1,0,high_confidence
engaged_1810.jpg,engaged_2107.jpg,engaged,1,0,high_confidence
engaged_1810.jpg,engaged_2117.jpg,engaged,1,0,high_confidence
engaged_1810.jpg,engaged_2118.jpg,engaged,1,0,high_confidence
engaged_1810.jpg,engaged_2119.jpg,engaged,1,0,high_confidence
engaged_1810.jpg,engaged_2120.jpg,engaged,1,0,high_confidence
engaged_1810.jpg,engaged_2123.jpg,engaged,1,0,high_confidence
engaged_1810.jpg,engaged_2124.jpg,engaged,1,0,high_confidence
engaged_1810.jpg,engaged_2126.jpg,engaged,1,0,high_confidence
engaged_1810.jpg,engaged_2134.jpg,engaged,1,0,high_confidence
engaged_1810.jpg,engaged_2135.jpg,engaged,1,0,high_confidence
engaged_1810.jpg,engaged_2137.jpg,engaged,1,0,high_confidence
engaged_1810.jpg,engaged_2145.jpg,engaged,1,0,high_confidence
engaged_1810.jpg,engaged_2146.jpg,engaged,1,0,high_confidence
engaged_1810.jpg,engaged_2148.jpg,engaged,1,0,high_confidence
engaged_1810.jpg,engaged_2149.jpg,engaged,1,0,high_confidence
engaged_1810.jpg,engaged_2150.jpg,engaged,1,0,high_confidence
engaged_1810.jpg,engaged_2155.jpg,engaged,1,0,high_confidence
engaged_1810.jpg,engaged_2157.jpg,engaged,1,0,high_confidence
engaged_1810.jpg,engaged_2158.jpg,engaged,1,0,high_confidence
engaged_1810.jpg,engaged_2159.jpg,engaged,1,0,high_confidence
engaged_1810.jpg,engaged_2160.jpg,engaged,1,0,high_confidence
engaged_1810.jpg,engaged_2163.jpg,engaged,1,0,high_confidence
engaged_1810.jpg,engaged_2164.jpg,engaged,1,0,high_confidence
engaged_1810.jpg,engaged_2165.jpg,engaged,1,0,high_confidence
engaged_1810.jpg,engaged_2170.jpg,engaged,1,0,high_confidence
engaged_1810.jpg,engaged_2171.jpg,engaged,1,0,high_confidence
engaged_1810.jpg,engaged_2173.jpg,engaged,1,0,high_confidence
engaged_1810.jpg,engaged_2174.jpg,engaged,1,0,high_confidence
engaged_1810.jpg,engaged_2175.jpg,engaged,1,0,high_confidence
engaged_1810.jpg,engaged_2180.jpg,engaged,1,0,high_confidence
engaged_1810.jpg,engaged_2182.jpg,engaged,1,0,high_confidence
engaged_1810.jpg,engaged_2183.jpg,engaged,1,0,high_confidence
engaged_1810.jpg,engaged_2184.jpg,engaged,1,0,high_confidence
engaged_1810.jpg,engaged_2185.jpg,engaged,1,0,high_confidence
engaged_1810.jpg,engaged_2187.jpg,engaged,1,0,high_confidence
engaged_1810.jpg,engaged_2188.jpg,engaged,1,0,high_confidence
engaged_1810.jpg,engaged_2189.jpg,engaged,1,0,high_confidence
engaged_1810.jpg,engaged_2190.jpg,engaged,1,0,high_confidence
engaged_1810.jpg,engaged_2192.jpg,engaged,1,0,high_confidence
engaged_1810.jpg,engaged_2194.jpg,engaged,1,0,high_confidence
engaged_1810.jpg,engaged_2199.jpg,engaged,1,0,high_confidence
engaged_1810.jpg,engaged_2200.jpg,engaged,1,0,high_confidence
engaged_1810.jpg,engaged_2201.jpg,engaged,1,0,high_confidence
engaged_1810.jpg,engaged_2202.jpg,engaged,1,0,high_confidence
engaged_1810.jpg,engaged_2204.jpg,engaged,1,0,high_confidence
engaged_1810.jpg,engaged_2210.jpg,engaged,1,0,high_confidence
engaged_1810.jpg,engaged_2211.jpg,engaged,1,0,high_confidence
engaged_1810.jpg,engaged_2212.jpg,engaged,1,0,high_confidence
engaged_1810.jpg,engaged_2215.jpg,engaged,1,0,high_confidence
engaged_1810.jpg,engaged_1775.jpg,engaged,0,0,high_confidence
engaged_1810.jpg,engaged_1779.jpg,engaged,0,0,high_confidence
engaged_1810.jpg,engaged_1836.jpg,engaged,1,0,high_confidence
engaged_1810.jpg,engaged_1867.jpg,engaged,0,0,high_confidence
engaged_1810.jpg,engaged_1979.jpg,engaged,0,0,high_confidence
engaged_1810.jpg,engaged_2045.jpg,engaged,0,0,high_confidence
engaged_1810.jpg,engaged_2079.jpg,engaged,1,0,high_confidence
engaged_1810.jpg,engaged_2080.jpg,engaged,1,0,high_confidence
engaged_1810.jpg,engaged_2086.jpg,engaged,1,0,high_confidence
engaged_1810.jpg,engaged_2096.jpg,engaged,1,0,high_confidence
engaged_1810.jpg,engaged_2103.jpg,engaged,1,0,high_confidence
engaged_1810.jpg,engaged_2121.jpg,engaged,1,0,high_confidence
engaged_1810.jpg,engaged_2136.jpg,engaged,1,0,high_confidence
engaged_1810.jpg,engaged_2166.jpg,engaged,1,0,high_confidence
engaged_1810.jpg,engaged_2172.jpg,engaged,1,0,high_confidence
engaged_1810.jpg,engaged_2213.jpg,engaged,1,0,high_confidence
engaged_1810.jpg,engaged_1806.jpg,engaged,0,0,high_confidence
engaged_1810.jpg,engaged_1860.jpg,engaged,0,0,high_confidence
engaged_1810.jpg,engaged_1916.jpg,engaged,0,0,high_confidence
engaged_1810.jpg,engaged_1925.jpg,engaged,0,0,high_confidence
engaged_1810.jpg,engaged_1982.jpg,engaged,0,0,high_confidence
engaged_1810.jpg,engaged_2048.jpg,engaged,0,0,high_confidence
engaged_1810.jpg,engaged_2073.jpg,engaged,1,0,high_confidence
engaged_1810.jpg,engaged_2081.jpg,engaged,1,0,high_confidence
engaged_1810.jpg,engaged_2092.jpg,engaged,1,0,high_confidence
engaged_1810.jpg,engaged_2106.jpg,engaged,1,0,high_confidence
engaged_1810.jpg,engaged_2111.jpg,engaged,1,0,high_confidence
engaged_1810.jpg,engaged_2116.jpg,engaged,1,0,high_confidence
engaged_1810.jpg,engaged_2125.jpg,engaged,1,0,high_confidence
engaged_1810.jpg,engaged_2156.jpg,engaged,1,0,high_confidence
engaged_1810.jpg,engaged_2181.jpg,engaged,1,0,high_confidence
engaged_1810.jpg,engaged_2191.jpg,engaged,1,0,high_confidence
engaged_1810.jpg,engaged_2198.jpg,engaged,1,0,high_confidence
engaged_1810.jpg,engaged_2203.jpg,engaged,1,0,high_confidence
engaged_1810.jpg,engaged_2214.jpg,engaged,1,0,high_confidence
engaged_1810.jpg,engaged_2216.jpg,engaged,1,0,high_confidence
engaged_1817.jpg,engaged_1852.jpg,engaged,1,0,high_confidence
engaged_1817.jpg,engaged_1853.jpg,engaged,1,0,high_confidence
engaged_1817.jpg,engaged_1854.jpg,engaged,0,0,high_confidence
engaged_1817.jpg,engaged_1858.jpg,engaged,0,0,high_confidence
engaged_1817.jpg,engaged_1859.jpg,engaged,0,0,high_confidence
engaged_1817.jpg,engaged_1866.jpg,engaged,0,0,high_confidence
engaged_1817.jpg,engaged_1868.jpg,engaged,0,0,high_confidence
engaged_1817.jpg,engaged_1869.jpg,engaged,0,0,high_confidence
engaged_1817.jpg,engaged_1900.jpg,engaged,1,0,high_confidence
engaged_1817.jpg,engaged_1923.jpg,engaged,0,0,high_confidence
engaged_1817.jpg,engaged_1924.jpg,engaged,0,0,high_confidence
engaged_1817.jpg,engaged_1933.jpg,engaged,0,0,high_confidence
engaged_1817.jpg,engaged_1934.jpg,engaged,0,0,high_confidence
engaged_1817.jpg,engaged_1956.jpg,engaged,0,0,high_confidence
engaged_1817.jpg,engaged_1957.jpg,engaged,0,0,high_confidence
engaged_1817.jpg,engaged_1983.jpg,engaged,0,0,high_confidence
engaged_1817.jpg,engaged_1993.jpg,engaged,0,0,high_confidence
engaged_1817.jpg,engaged_1994.jpg,engaged,0,0,high_confidence
engaged_1817.jpg,engaged_2000.jpg,engaged,0,0,high_confidence
engaged_1817.jpg,engaged_2046.jpg,engaged,0,0,high_confidence
engaged_1817.jpg,engaged_2049.jpg,engaged,0,0,high_confidence
engaged_1817.jpg,engaged_2068.jpg,engaged,1,0,high_confidence
engaged_1817.jpg,engaged_2069.jpg,engaged,1,0,high_confidence
engaged_1817.jpg,engaged_2070.jpg,engaged,1,0,high_confidence
engaged_1817.jpg,engaged_2074.jpg,engaged,1,0,high_confidence
engaged_1817.jpg,engaged_2075.jpg,engaged,1,0,high_confidence
engaged_1817.jpg,engaged_2076.jpg,engaged,1,0,high_confidence
engaged_1817.jpg,engaged_2093.jpg,engaged,1,0,high_confidence
engaged_1817.jpg,engaged_2097.jpg,engaged,1,0,high_confidence
engaged_1817.jpg,engaged_2098.jpg,engaged,1,0,high_confidence
engaged_1817.jpg,engaged_2102.jpg,engaged,1,0,high_confidence
engaged_1817.jpg,engaged_2107.jpg,engaged,1,0,high_confidence
engaged_1817.jpg,engaged_2117.jpg,engaged,1,0,high_confidence
engaged_1817.jpg,engaged_2118.jpg,engaged,1,0,high_confidence
engaged_1817.jpg,engaged_2119.jpg,engaged,1,0,high_confidence
engaged_1817.jpg,engaged_2120.jpg,engaged,1,0,high_confidence
engaged_1817.jpg,engaged_2123.jpg,engaged,1,0,high_confidence
engaged_1817.jpg,engaged_2124.jpg,engaged,1,0,high_confidence
engaged_1817.jpg,engaged_2126.jpg,engaged,1,0,high_confidence
engaged_1817.jpg,engaged_2134.jpg,engaged,1,0,high_confidence
engaged_1817.jpg,engaged_2135.jpg,engaged,1,0,high_confidence
engaged_1817.jpg,engaged_2137.jpg,engaged,1,0,high_confidence
engaged_1817.jpg,engaged_2145.jpg,engaged,1,0,high_confidence
engaged_1817.jpg,engaged_2146.jpg,engaged,1,0,high_confidence
engaged_1817.jpg,engaged_2148.jpg,engaged,1,0,high_confidence
engaged_1817.jpg,engaged_2149.jpg,engaged,1,0,high_confidence
engaged_1817.jpg,engaged_2150.jpg,engaged,1,0,high_confidence
engaged_1817.jpg,engaged_2155.jpg,engaged,1,0,high_confidence
engaged_1817.jpg,engaged_2157.jpg,engaged,1,0,high_confidence
engaged_1817.jpg,engaged_2158.jpg,engaged,1,0,high_confidence
engaged_1817.jpg,engaged_2159.jpg,engaged,1,0,high_confidence
engaged_1817.jpg,engaged_2160.jpg,engaged,1,0,high_confidence
engaged_1817.jpg,engaged_2163.jpg,engaged,1,0,high_confidence
engaged_1817.jpg,engaged_2164.jpg,engaged,1,0,high_confidence
engaged_1817.jpg,engaged_2165.jpg,engaged,1,0,high_confidence
engaged_1817.jpg,engaged_2170.jpg,engaged,1,0,high_confidence
engaged_1817.jpg,engaged_2171.jpg,engaged,1,0,high_confidence
engaged_1817.jpg,engaged_2173.jpg,engaged,1,0,high_confidence
engaged_1817.jpg,engaged_2174.jpg,engaged,1,0,high_confidence
engaged_1817.jpg,engaged_2175.jpg,engaged,1,0,high_confidence
engaged_1817.jpg,engaged_2180.jpg,engaged,1,0,high_confidence
engaged_1817.jpg,engaged_2182.jpg,engaged,1,0,high_confidence
engaged_1817.jpg,engaged_2183.jpg,engaged,1,0,high_confidence
engaged_1817.jpg,engaged_2184.jpg,engaged,1,0,high_confidence
engaged_1817.jpg,engaged_2185.jpg,engaged,1,0,high_confidence
engaged_1817.jpg,engaged_2187.jpg,engaged,1,0,high_confidence
engaged_1817.jpg,engaged_2188.jpg,engaged,1,0,high_confidence
engaged_1817.jpg,engaged_2189.jpg,engaged,1,0,high_confidence
engaged_1817.jpg,engaged_2190.jpg,engaged,1,0,high_confidence
engaged_1817.jpg,engaged_2192.jpg,engaged,1,0,high_confidence
engaged_1817.jpg,engaged_2194.jpg,engaged,1,0,high_confidence
engaged_1817.jpg,engaged_2199.jpg,engaged,1,0,high_confidence
engaged_1817.jpg,engaged_2200.jpg,engaged,1,0,high_confidence
engaged_1817.jpg,engaged_2201.jpg,engaged,1,0,high_confidence
engaged_1817.jpg,engaged_2202.jpg,engaged,1,0,high_confidence
engaged_1817.jpg,engaged_2204.jpg,engaged,1,0,high_confidence
engaged_1817.jpg,engaged_2210.jpg,engaged,1,0,high_confidence
engaged_1817.jpg,engaged_2211.jpg,engaged,1,0,high_confidence
engaged_1817.jpg,engaged_2212.jpg,engaged,1,0,high_confidence
engaged_1817.jpg,engaged_2215.jpg,engaged,1,0,high_confidence
engaged_1817.jpg,engaged_1775.jpg,engaged,0,0,high_confidence
engaged_1817.jpg,engaged_1779.jpg,engaged,0,0,high_confidence
engaged_1817.jpg,engaged_1836.jpg,engaged,1,0,high_confidence
engaged_1817.jpg,engaged_1867.jpg,engaged,0,0,high_confidence
engaged_1817.jpg,engaged_1979.jpg,engaged,0,0,high_confidence
engaged_1817.jpg,engaged_2045.jpg,engaged,0,0,high_confidence
engaged_1817.jpg,engaged_2079.jpg,engaged,1,0,high_confidence
engaged_1817.jpg,engaged_2080.jpg,engaged,1,0,high_confidence
engaged_1817.jpg,engaged_2086.jpg,engaged,1,0,high_confidence
engaged_1817.jpg,engaged_2096.jpg,engaged,1,0,high_confidence
engaged_1817.jpg,engaged_2103.jpg,engaged,1,0,high_confidence
engaged_1817.jpg,engaged_2121.jpg,engaged,1,0,high_confidence
engaged_1817.jpg,engaged_2136.jpg,engaged,1,0,high_confidence
engaged_1817.jpg,engaged_2166.jpg,engaged,1,0,high_confidence
engaged_1817.jpg,engaged_2172.jpg,engaged,1,0,high_confidence
engaged_1817.jpg,engaged_2213.jpg,engaged,1,0,high_confidence
engaged_1817.jpg,engaged_1806.jpg,engaged,0,0,high_confidence
engaged_1817.jpg,engaged_1860.jpg,engaged,0,0,high_confidence
engaged_1817.jpg,engaged_1916.jpg,engaged,0,0,high_confidence
engaged_1817.jpg,engaged_1925.jpg,engaged,0,0,high_confidence
engaged_1817.jpg,engaged_1982.jpg,engaged,0,0,high_confidence
engaged_1817.jpg,engaged_2048.jpg,engaged,0,0,high_confidence
engaged_1817.jpg,engaged_2073.jpg,engaged,1,0,high_confidence
engaged_1817.jpg,engaged_2081.jpg,engaged,1,0,high_confidence
engaged_1817.jpg,engaged_2092.jpg,engaged,1,0,high_confidence
engaged_1817.jpg,engaged_2106.jpg,engaged,1,0,high_confidence
engaged_1817.jpg,engaged_2111.jpg,engaged,1,0,high_confidence
engaged_1817.jpg,engaged_2116.jpg,engaged,1,0,high_confidence
engaged_1817.jpg,engaged_2125.jpg,engaged,1,0,high_confidence
engaged_1817.jpg,engaged_2156.jpg,engaged,1,0,high_confidence
engaged_1817.jpg,engaged_2181.jpg,engaged,1,0,high_confidence
engaged_1817.jpg,engaged_2191.jpg,engaged,1,0,high_confidence
engaged_1817.jpg,engaged_2198.jpg,engaged,1,0,high_confidence
engaged_1817.jpg,engaged_2203.jpg,engaged,1,0,high_confidence
engaged_1817.jpg,engaged_2214.jpg,engaged,1,0,high_confidence
engaged_1817.jpg,engaged_2216.jpg,engaged,1,0,high_confidence
engaged_1852.jpg,engaged_1853.jpg,engaged,0,0,high_confidence
engaged_1852.jpg,engaged_1854.jpg,engaged,1,0,high_confidence
engaged_1852.jpg,engaged_1858.jpg,engaged,1,0,high_confidence
engaged_1852.jpg,engaged_1859.jpg,engaged,1,0,high_confidence
engaged_1852.jpg,engaged_1866.jpg,engaged,1,0,high_confidence
engaged_1852.jpg,engaged_1868.jpg,engaged,1,0,high_confidence
engaged_1852.jpg,engaged_1869.jpg,engaged,1,0,high_confidence
engaged_1852.jpg,engaged_1900.jpg,engaged,0,0,high_confidence
engaged_1852.jpg,engaged_1923.jpg,engaged,1,0,high_confidence
engaged_1852.jpg,engaged_1924.jpg,engaged,1,0,high_confidence
engaged_1852.jpg,engaged_1933.jpg,engaged,1,0,high_confidence
engaged_1852.jpg,engaged_1934.jpg,engaged,1,0,high_confidence
engaged_1852.jpg,engaged_1956.jpg,engaged,1,0,high_confidence
engaged_1852.jpg,engaged_1957.jpg,engaged,1,0,high_confidence
engaged_1852.jpg,engaged_1983.jpg,engaged,1,0,high_confidence
engaged_1852.jpg,engaged_1993.jpg,engaged,1,0,high_confidence
engaged_1852.jpg,engaged_1994.jpg,engaged,1,0,high_confidence
engaged_1852.jpg,engaged_2000.jpg,engaged,1,0,high_confidence
engaged_1852.jpg,engaged_2046.jpg,engaged,1,0,high_confidence
engaged_1852.jpg,engaged_2049.jpg,engaged,1,0,high_confidence
engaged_1852.jpg,engaged_2068.jpg,engaged,0,0,high_confidence
engaged_1852.jpg,engaged_2069.jpg,engaged,0,0,high_confidence
engaged_1852.jpg,engaged_2070.jpg,engaged,0,0,high_confidence
engaged_1852.jpg,engaged_2074.jpg,engaged,0,0,high_confidence
engaged_1852.jpg,engaged_2075.jpg,engaged,0,0,high_confidence
engaged_1852.jpg,engaged_2076.jpg,engaged,0,0,high_confidence
engaged_1852.jpg,engaged_2093.jpg,engaged,0,0,high_confidence
engaged_1852.jpg,engaged_2097.jpg,engaged,0,0,high_confidence
engaged_1852.jpg,engaged_2098.jpg,engaged,0,0,high_confidence
engaged_1852.jpg,engaged_2102.jpg,engaged,0,0,high_confidence
engaged_1852.jpg,engaged_2107.jpg,engaged,0,0,high_confidence
engaged_1852.jpg,engaged_2117.jpg,engaged,0,0,high_confidence
engaged_1852.jpg,engaged_2118.jpg,engaged,0,0,high_confidence
engaged_1852.jpg,engaged_2119.jpg,engaged,0,0,high_confidence
engaged_1852.jpg,engaged_2120.jpg,engaged,0,0,high_confidence
engaged_1852.jpg,engaged_2123.jpg,engaged,0,0,high_confidence
engaged_1852.jpg,engaged_2124.jpg,engaged,0,0,high_confidence
engaged_1852.jpg,engaged_2126.jpg,engaged,0,0,high_confidence
engaged_1852.jpg,engaged_2134.jpg,engaged,0,0,high_confidence
engaged_1852.jpg,engaged_2135.jpg,engaged,0,0,high_confidence
engaged_1852.jpg,engaged_2137.jpg,engaged,0,0,high_confidence
engaged_1852.jpg,engaged_2145.jpg,engaged,0,0,high_confidence
engaged_1852.jpg,engaged_2146.jpg,engaged,0,0,high_confidence
engaged_1852.jpg,engaged_2148.jpg,engaged,0,0,high_confidence
engaged_1852.jpg,engaged_2149.jpg,engaged,0,0,high_confidence
engaged_1852.jpg,engaged_2150.jpg,engaged,0,0,high_confidence
engaged_1852.jpg,engaged_2155.jpg,engaged,0,0,high_confidence
engaged_1852.jpg,engaged_2157.jpg,engaged,0,0,high_confidence
engaged_1852.jpg,engaged_2158.jpg,engaged,0,0,high_confidence
engaged_1852.jpg,engaged_2159.jpg,engaged,0,0,high_confidence
engaged_1852.jpg,engaged_2160.jpg,engaged,0,0,high_confidence
engaged_1852.jpg,engaged_2163.jpg,engaged,0,0,high_confidence
engaged_1852.jpg,engaged_2164.jpg,engaged,0,0,high_confidence
engaged_1852.jpg,engaged_2165.jpg,engaged,0,0,high_confidence
engaged_1852.jpg,engaged_2170.jpg,engaged,0,0,high_confidence
engaged_1852.jpg,engaged_2171.jpg,engaged,0,0,high_confidence
engaged_1852.jpg,engaged_2173.jpg,engaged,0,0,high_confidence
engaged_1852.jpg,engaged_2174.jpg,engaged,0,0,high_confidence
engaged_1852.jpg,engaged_2175.jpg,engaged,0,0,high_confidence
engaged_1852.jpg,engaged_2180.jpg,engaged,0,0,high_confidence
engaged_1852.jpg,engaged_2182.jpg,engaged,0,0,high_confidence
engaged_1852.jpg,engaged_2183.jpg,engaged,0,0,high_confidence
engaged_1852.jpg,engaged_2184.jpg,engaged,0,0,high_confidence
engaged_1852.jpg,engaged_2185.jpg,engaged,0,0,high_confidence
engaged_1852.jpg,engaged_2187.jpg,engaged,0,0,high_confidence
engaged_1852.jpg,engaged_2188.jpg,engaged,0,0,high_confidence
engaged_1852.jpg,engaged_2189.jpg,engaged,0,0,high_confidence
engaged_1852.jpg,engaged_2190.jpg,engaged,0,0,high_confidence
engaged_1852.jpg,engaged_2192.jpg,engaged,0,0,high_confidence
engaged_1852.jpg,engaged_2194.jpg,engaged,0,0,high_confidence
engaged_1852.jpg,engaged_2199.jpg,engaged,0,0,high_confidence
engaged_1852.jpg,engaged_2200.jpg,engaged,0,0,high_confidence
engaged_1852.jpg,engaged_2201.jpg,engaged,0,0,high_confidence
engaged_1852.jpg,engaged_2202.jpg,engaged,0,0,high_confidence
engaged_1852.jpg,engaged_2204.jpg,engaged,0,0,high_confidence
engaged_1852.jpg,engaged_2210.jpg,engaged,0,0,high_confidence
engaged_1852.jpg,engaged_2211.jpg,engaged,0,0,high_confidence
engaged_1852.jpg,engaged_2212.jpg,engaged,0,0,high_confidence
engaged_1852.jpg,engaged_2215.jpg,engaged,0,0,high_confidence
engaged_1852.jpg,engaged_1775.jpg,engaged,1,0,high_confidence
engaged_1852.jpg,engaged_1779.jpg,engaged,1,0,high_confidence
engaged_1852.jpg,engaged_1836.jpg,engaged,0,0,high_confidence
engaged_1852.jpg,engaged_1867.jpg,engaged,1,0,high_confidence
engaged_1852.jpg,engaged_1979.jpg,engaged,1,0,high_confidence
engaged_1852.jpg,engaged_2045.jpg,engaged,1,0,high_confidence
engaged_1852.jpg,engaged_2079.jpg,engaged,0,0,high_confidence
engaged_1852.jpg,engaged_2080.jpg,engaged,0,0,high_confidence
engaged_1852.jpg,engaged_2086.jpg,engaged,0,0,high_confidence
engaged_1852.jpg,engaged_2096.jpg,engaged,0,0,high_confidence
engaged_1852.jpg,engaged_2103.jpg,engaged,0,0,high_confidence
engaged_1852.jpg,engaged_2121.jpg,engaged,0,0,high_confidence
engaged_1852.jpg,engaged_2136.jpg,engaged,0,0,high_confidence
engaged_1852.jpg,engaged_2166.jpg,engaged,0,0,high_confidence
engaged_1852.jpg,engaged_2172.jpg,engaged,0,0,high_confidence
engaged_1852.jpg,engaged_2213.jpg,engaged,0,0,high_confidence
engaged_1852.jpg,engaged_1806.jpg,engaged,1,0,high_confidence
engaged_1852.jpg,engaged_1860.jpg,engaged,1,0,high_confidence
engaged_1852.jpg,engaged_1916.jpg,engaged,1,0,high_confidence
engaged_1852.jpg,engaged_1925.jpg,engaged,1,0,high_confidence
engaged_1852.jpg,engaged_1982.jpg,engaged,1,0,high_confidence
engaged_1852.jpg,engaged_2048.jpg,engaged,1,0,high_confidence
engaged_1852.jpg,engaged_2073.jpg,engaged,0,0,high_confidence
engaged_1852.jpg,engaged_2081.jpg,engaged,0,0,high_confidence
engaged_1852.jpg,engaged_2092.jpg,engaged,0,0,high_confidence
engaged_1852.jpg,engaged_2106.jpg,engaged,0,0,high_confidence
engaged_1852.jpg,engaged_2111.jpg,engaged,0,0,high_confidence
engaged_1852.jpg,engaged_2116.jpg,engaged,0,0,high_confidence
engaged_1852.jpg,engaged_2125.jpg,engaged,0,0,high_confidence
engaged_1852.jpg,engaged_2156.jpg,engaged,0,0,high_confidence
engaged_1852.jpg,engaged_2181.jpg,engaged,0,0,high_confidence
engaged_1852.jpg,engaged_2191.jpg,engaged,0,0,high_confidence
engaged_1852.jpg,engaged_2198.jpg,engaged,0,0,high_confidence
engaged_1852.jpg,engaged_2203.jpg,engaged,0,0,high_confidence
engaged_1852.jpg,engaged_2214.jpg,engaged,0,0,high_confidence
engaged_1852.jpg,engaged_2216.jpg,engaged,0,0,high_confidence
engaged_1853.jpg,engaged_1854.jpg,engaged,1,0,high_confidence
engaged_1853.jpg,engaged_1858.jpg,engaged,1,0,high_confidence
engaged_1853.jpg,engaged_1859.jpg,engaged,1,0,high_confidence
engaged_1853.jpg,engaged_1866.jpg,engaged,1,0,high_confidence
engaged_1853.jpg,engaged_1868.jpg,engaged,1,0,high_confidence
engaged_1853.jpg,engaged_1869.jpg,engaged,1,0,high_confidence
engaged_1853.jpg,engaged_1900.jpg,engaged,0,0,high_confidence
engaged_1853.jpg,engaged_1923.jpg,engaged,1,0,high_confidence
engaged_1853.jpg,engaged_1924.jpg,engaged,1,0,high_confidence
engaged_1853.jpg,engaged_1933.jpg,engaged,1,0,high_confidence
engaged_1853.jpg,engaged_1934.jpg,engaged,1,0,high_confidence
engaged_1853.jpg,engaged_1956.jpg,engaged,1,0,high_confidence
engaged_1853.jpg,engaged_1957.jpg,engaged,1,0,high_confidence
engaged_1853.jpg,engaged_1983.jpg,engaged,1,0,high_confidence
engaged_1853.jpg,engaged_1993.jpg,engaged,1,0,high_confidence
engaged_1853.jpg,engaged_1994.jpg,engaged,1,0,high_confidence
engaged_1853.jpg,engaged_2000.jpg,engaged,1,0,high_confidence
engaged_1853.jpg,engaged_2046.jpg,engaged,1,0,high_confidence
engaged_1853.jpg,engaged_2049.jpg,engaged,1,0,high_confidence
engaged_1853.jpg,engaged_2068.jpg,engaged,0,0,high_confidence
engaged_1853.jpg,engaged_2069.jpg,engaged,0,0,high_confidence
engaged_1853.jpg,engaged_2070.jpg,engaged,0,0,high_confidence
engaged_1853.jpg,engaged_2074.jpg,engaged,0,0,high_confidence
engaged_1853.jpg,engaged_2075.jpg,engaged,0,0,high_confidence
engaged_1853.jpg,engaged_2076.jpg,engaged,0,0,high_confidence
engaged_1853.jpg,engaged_2093.jpg,engaged,0,0,high_confidence
engaged_1853.jpg,engaged_2097.jpg,engaged,0,0,high_confidence
engaged_1853.jpg,engaged_2098.jpg,engaged,0,0,high_confidence
engaged_1853.jpg,engaged_2102.jpg,engaged,0,0,high_confidence
engaged_1853.jpg,engaged_2107.jpg,engaged,0,0,high_confidence
engaged_1853.jpg,engaged_2117.jpg,engaged,0,0,high_confidence
engaged_1853.jpg,engaged_2118.jpg,engaged,0,0,high_confidence
engaged_1853.jpg,engaged_2119.jpg,engaged,0,0,high_confidence
engaged_1853.jpg,engaged_2120.jpg,engaged,0,0,high_confidence
engaged_1853.jpg,engaged_2123.jpg,engaged,0,0,high_confidence
engaged_1853.jpg,engaged_2124.jpg,engaged,0,0,high_confidence
engaged_1853.jpg,engaged_2126.jpg,engaged,0,0,high_confidence
engaged_1853.jpg,engaged_2134.jpg,engaged,0,0,high_confidence
engaged_1853.jpg,engaged_2135.jpg,engaged,0,0,high_confidence
engaged_1853.jpg,engaged_2137.jpg,engaged,0,0,high_confidence
engaged_1853.jpg,engaged_2145.jpg,engaged,0,0,high_confidence
engaged_1853.jpg,engaged_2146.jpg,engaged,0,0,high_confidence
engaged_1853.jpg,engaged_2148.jpg,engaged,0,0,high_confidence
engaged_1853.jpg,engaged_2149.jpg,engaged,0,0,high_confidence
engaged_1853.jpg,engaged_2150.jpg,engaged,0,0,high_confidence
engaged_1853.jpg,engaged_2155.jpg,engaged,0,0,high_confidence
engaged_1853.jpg,engaged_2157.jpg,engaged,0,0,high_confidence
engaged_1853.jpg,engaged_2158.jpg,engaged,0,0,high_confidence
engaged_1853.jpg,engaged_2159.jpg,engaged,0,0,high_confidence
engaged_1853.jpg,engaged_2160.jpg,engaged,0,0,high_confidence
engaged_1853.jpg,engaged_2163.jpg,engaged,0,0,high_confidence
engaged_1853.jpg,engaged_2164.jpg,engaged,0,0,high_confidence
engaged_1853.jpg,engaged_2165.jpg,engaged,0,0,high_confidence
engaged_1853.jpg,engaged_2170.jpg,engaged,0,0,high_confidence
engaged_1853.jpg,engaged_2171.jpg,engaged,0,0,high_confidence
engaged_1853.jpg,engaged_2173.jpg,engaged,0,0,high_confidence
engaged_1853.jpg,engaged_2174.jpg,engaged,0,0,high_confidence
engaged_1853.jpg,engaged_2175.jpg,engaged,0,0,high_confidence
engaged_1853.jpg,engaged_2180.jpg,engaged,0,0,high_confidence
engaged_1853.jpg,engaged_2182.jpg,engaged,0,0,high_confidence
engaged_1853.jpg,engaged_2183.jpg,engaged,0,0,high_confidence
engaged_1853.jpg,engaged_2184.jpg,engaged,0,0,high_confidence
engaged_1853.jpg,engaged_2185.jpg,engaged,0,0,high_confidence
engaged_1853.jpg,engaged_2187.jpg,engaged,0,0,high_confidence
engaged_1853.jpg,engaged_2188.jpg,engaged,0,0,high_confidence
engaged_1853.jpg,engaged_2189.jpg,engaged,0,0,high_confidence
engaged_1853.jpg,engaged_2190.jpg,engaged,0,0,high_confidence
engaged_1853.jpg,engaged_2192.jpg,engaged,0,0,high_confidence
engaged_1853.jpg,engaged_2194.jpg,engaged,0,0,high_confidence
engaged_1853.jpg,engaged_2199.jpg,engaged,0,0,high_confidence
engaged_1853.jpg,engaged_2200.jpg,engaged,0,0,high_confidence
engaged_1853.jpg,engaged_2201.jpg,engaged,0,0,high_confidence
engaged_1853.jpg,engaged_2202.jpg,engaged,0,0,high_confidence
engaged_1853.jpg,engaged_2204.jpg,engaged,0,0,high_confidence
engaged_1853.jpg,engaged_2210.jpg,engaged,0,0,high_confidence
engaged_1853.jpg,engaged_2211.jpg,engaged,0,0,high_confidence
engaged_1853.jpg,engaged_2212.jpg,engaged,0,0,high_confidence
engaged_1853.jpg,engaged_2215.jpg,engaged,0,0,high_confidence
engaged_1853.jpg,engaged_1775.jpg,engaged,1,0,high_confidence
engaged_1853.jpg,engaged_1779.jpg,engaged,1,0,high_confidence
engaged_1853.jpg,engaged_1836.jpg,engaged,0,0,high_confidence
engaged_1853.jpg,engaged_1867.jpg,engaged,1,0,high_confidence
engaged_1853.jpg,engaged_1979.jpg,engaged,1,0,high_confidence
engaged_1853.jpg,engaged_2045.jpg,engaged,1,0,high_confidence
engaged_1853.jpg,engaged_2079.jpg,engaged,0,0,high_confidence
engaged_1853.jpg,engaged_2080.jpg,engaged,0,0,high_confidence
engaged_1853.jpg,engaged_2086.jpg,engaged,0,0,high_confidence
engaged_1853.jpg,engaged_2096.jpg,engaged,0,0,high_confidence
engaged_1853.jpg,engaged_2103.jpg,engaged,0,0,high_confidence
engaged_1853.jpg,engaged_2121.jpg,engaged,0,0,high_confidence
engaged_1853.jpg,engaged_2136.jpg,engaged,0,0,high_confidence
engaged_1853.jpg,engaged_2166.jpg,engaged,0,0,high_confidence
engaged_1853.jpg,engaged_2172.jpg,engaged,0,0,high_confidence
engaged_1853.jpg,engaged_2213.jpg,engaged,0,0,high_confidence
engaged_1853.jpg,engaged_1806.jpg,engaged,1,0,high_confidence
engaged_1853.jpg,engaged_1860.jpg,engaged,1,0,high_confidence
engaged_1853.jpg,engaged_1916.jpg,engaged,1,0,high_confidence
engaged_1853.jpg,engaged_1925.jpg,engaged,1,0,high_confidence
engaged_1853.jpg,engaged_1982.jpg,engaged,1,0,high_confidence
engaged_1853.jpg,engaged_2048.jpg,engaged,1,0,high_confidence
engaged_1853.jpg,engaged_2073.jpg,engaged,0,0,high_confidence
engaged_1853.jpg,engaged_2081.jpg,engaged,0,0,high_confidence
engaged_1853.jpg,engaged_2092.jpg,engaged,0,0,high_confidence
engaged_1853.jpg,engaged_2106.jpg,engaged,0,0,high_confidence
engaged_1853.jpg,engaged_2111.jpg,engaged,0,0,high_confidence
engaged_1853.jpg,engaged_2116.jpg,engaged,0,0,high_confidence
engaged_1853.jpg,engaged_2125.jpg,engaged,0,0,high_confidence
engaged_1853.jpg,engaged_2156.jpg,engaged,0,0,high_confidence
engaged_1853.jpg,engaged_2181.jpg,engaged,0,0,high_confidence
engaged_1853.jpg,engaged_2191.jpg,engaged,0,0,high_confidence
engaged_1853.jpg,engaged_2198.jpg,engaged,0,0,high_confidence
engaged_1853.jpg,engaged_2203.jpg,engaged,0,0,high_confidence
engaged_1853.jpg,engaged_2214.jpg,engaged,0,0,high_confidence
engaged_1853.jpg,engaged_2216.jpg,engaged,0,0,high_confidence
engaged_1854.jpg,engaged_1858.jpg,engaged,0,0,high_confidence
engaged_1854.jpg,engaged_1859.jpg,engaged,0,0,high_confidence
engaged_1854.jpg,engaged_1866.jpg,engaged,0,0,high_confidence
engaged_1854.jpg,engaged_1868.jpg,engaged,0,0,high_confidence
engaged_1854.jpg,engaged_1869.jpg,engaged,0,0,high_confidence
engaged_1854.jpg,engaged_1900.jpg,engaged,1,0,high_confidence
engaged_1854.jpg,engaged_1923.jpg,engaged,0,0,high_confidence
engaged_1854.jpg,engaged_1924.jpg,engaged,0,0,high_confidence
engaged_1854.jpg,engaged_1933.jpg,engaged,0,0,high_confidence
engaged_1854.jpg,engaged_1934.jpg,engaged,0,0,high_confidence
engaged_1854.jpg,engaged_1956.jpg,engaged,0,0,high_confidence
engaged_1854.jpg,engaged_1957.jpg,engaged,0,0,high_confidence
engaged_1854.jpg,engaged_1983.jpg,engaged,0,0,high_confidence
engaged_1854.jpg,engaged_1993.jpg,engaged,0,0,high_confidence
engaged_1854.jpg,engaged_1994.jpg,engaged,0,0,high_confidence
engaged_1854.jpg,engaged_2000.jpg,engaged,0,0,high_confidence
engaged_1854.jpg,engaged_2046.jpg,engaged,0,0,high_confidence
engaged_1854.jpg,engaged_2049.jpg,engaged,0,0,high_confidence
engaged_1854.jpg,engaged_2068.jpg,engaged,1,0,high_confidence
engaged_1854.jpg,engaged_2069.jpg,engaged,1,0,high_confidence
engaged_1854.jpg,engaged_2070.jpg,engaged,1,0,high_confidence
engaged_1854.jpg,engaged_2074.jpg,engaged,1,0,high_confidence
engaged_1854.jpg,engaged_2075.jpg,engaged,1,0,high_confidence
engaged_1854.jpg,engaged_2076.jpg,engaged,1,0,high_confidence
engaged_1854.jpg,engaged_2093.jpg,engaged,1,0,high_confidence
engaged_1854.jpg,engaged_2097.jpg,engaged,1,0,high_confidence
engaged_1854.jpg,engaged_2098.jpg,engaged,1,0,high_confidence
engaged_1854.jpg,engaged_2102.jpg,engaged,1,0,high_confidence
engaged_1854.jpg,engaged_2107.jpg,engaged,1,0,high_confidence
engaged_1854.jpg,engaged_2117.jpg,engaged,1,0,high_confidence
engaged_1854.jpg,engaged_2118.jpg,engaged,1,0,high_confidence
engaged_1854.jpg,engaged_2119.jpg,engaged,1,0,high_confidence
engaged_1854.jpg,engaged_2120.jpg,engaged,1,0,high_confidence
engaged_1854.jpg,engaged_2123.jpg,engaged,1,0,high_confidence
engaged_1854.jpg,engaged_2124.jpg,engaged,1,0,high_confidence
engaged_1854.jpg,engaged_2126.jpg,engaged,1,0,high_confidence
engaged_1854.jpg,engaged_2134.jpg,engaged,1,0,high_confidence
engaged_1854.jpg,engaged_2135.jpg,engaged,1,0,high_confidence
engaged_1854.jpg,engaged_2137.jpg,engaged,1,0,high_confidence
engaged_1854.jpg,engaged_2145.jpg,engaged,1,0,high_confidence
engaged_1854.jpg,engaged_2146.jpg,engaged,1,0,high_confidence
engaged_1854.jpg,engaged_2148.jpg,engaged,1,0,high_confidence
engaged_1854.jpg,engaged_2149.jpg,engaged,1,0,high_confidence
engaged_1854.jpg,engaged_2150.jpg,engaged,1,0,high_confidence
engaged_1854.jpg,engaged_2155.jpg,engaged,1,0,high_confidence
engaged_1854.jpg,engaged_2157.jpg,engaged,1,0,high_confidence
engaged_1854.jpg,engaged_2158.jpg,engaged,1,0,high_confidence
engaged_1854.jpg,engaged_2159.jpg,engaged,1,0,high_confidence
engaged_1854.jpg,engaged_2160.jpg,engaged,1,0,high_confidence
engaged_1854.jpg,engaged_2163.jpg,engaged,1,0,high_confidence
engaged_1854.jpg,engaged_2164.jpg,engaged,1,0,high_confidence
engaged_1854.jpg,engaged_2165.jpg,engaged,1,0,high_confidence
engaged_1854.jpg,engaged_2170.jpg,engaged,1,0,high_confidence
engaged_1854.jpg,engaged_2171.jpg,engaged,1,0,high_confidence
engaged_1854.jpg,engaged_2173.jpg,engaged,1,0,high_confidence
engaged_1854.jpg,engaged_2174.jpg,engaged,1,0,high_confidence
engaged_1854.jpg,engaged_2175.jpg,engaged,1,0,high_confidence
engaged_1854.jpg,engaged_2180.jpg,engaged,1,0,high_confidence
engaged_1854.jpg,engaged_2182.jpg,engaged,1,0,high_confidence
engaged_1854.jpg,engaged_2183.jpg,engaged,1,0,high_confidence
engaged_1854.jpg,engaged_2184.jpg,engaged,1,0,high_confidence
engaged_1854.jpg,engaged_2185.jpg,engaged,1,0,high_confidence
engaged_1854.jpg,engaged_2187.jpg,engaged,1,0,high_confidence
engaged_1854.jpg,engaged_2188.jpg,engaged,1,0,high_confidence
engaged_1854.jpg,engaged_2189.jpg,engaged,1,0,high_confidence
engaged_1854.jpg,engaged_2190.jpg,engaged,1,0,high_confidence
engaged_1854.jpg,engaged_2192.jpg,engaged,1,0,high_confidence
engaged_1854.jpg,engaged_2194.jpg,engaged,1,0,high_confidence
engaged_1854.jpg,engaged_2199.jpg,engaged,1,0,high_confidence
engaged_1854.jpg,engaged_2200.jpg,engaged,1,0,high_confidence
engaged_1854.jpg,engaged_2201.jpg,engaged,1,0,high_confidence
engaged_1854.jpg,engaged_2202.jpg,engaged,1,0,high_confidence
engaged_1854.jpg,engaged_2204.jpg,engaged,1,0,high_confidence
engaged_1854.jpg,engaged_2210.jpg,engaged,1,0,high_confidence
engaged_1854.jpg,engaged_2211.jpg,engaged,1,0,high_confidence
engaged_1854.jpg,engaged_2212.jpg,engaged,1,0,high_confidence
engaged_1854.jpg,engaged_2215.jpg,engaged,1,0,high_confidence
engaged_1854.jpg,engaged_1775.jpg,engaged,0,0,high_confidence
engaged_1854.jpg,engaged_1779.jpg,engaged,0,0,high_confidence
engaged_1854.jpg,engaged_1836.jpg,engaged,1,0,high_confidence
engaged_1854.jpg,engaged_1867.jpg,engaged,0,0,high_confidence
engaged_1854.jpg,engaged_1979.jpg,engaged,0,0,high_confidence
engaged_1854.jpg,engaged_2045.jpg,engaged,0,0,high_confidence
engaged_1854.jpg,engaged_2079.jpg,engaged,1,0,high_confidence
engaged_1854.jpg,engaged_2080.jpg,engaged,1,0,high_confidence
engaged_1854.jpg,engaged_2086.jpg,engaged,1,0,high_confidence
engaged_1854.jpg,engaged_2096.jpg,engaged,1,0,high_confidence
engaged_1854.jpg,engaged_2103.jpg,engaged,1,0,high_confidence
engaged_1854.jpg,engaged_2121.jpg,engaged,1,0,high_confidence
engaged_1854.jpg,engaged_2136.jpg,engaged,1,0,high_confidence
engaged_1854.jpg,engaged_2166.jpg,engaged,1,0,high_confidence
engaged_1854.jpg,engaged_2172.jpg,engaged,1,0,high_confidence
engaged_1854.jpg,engaged_2213.jpg,engaged,1,0,high_confidence
engaged_1854.jpg,engaged_1806.jpg,engaged,0,0,high_confidence
engaged_1854.jpg,engaged_1860.jpg,engaged,0,0,high_confidence
engaged_1854.jpg,engaged_1916.jpg,engaged,0,0,high_confidence
engaged_1854.jpg,engaged_1925.jpg,engaged,0,0,high_confidence
engaged_1854.jpg,engaged_1982.jpg,engaged,0,0,high_confidence
engaged_1854.jpg,engaged_2048.jpg,engaged,0,0,high_confidence
engaged_1854.jpg,engaged_2073.jpg,engaged,1,0,high_confidence
engaged_1854.jpg,engaged_2081.jpg,engaged,1,0,high_confidence
engaged_1854.jpg,engaged_2092.jpg,engaged,1,0,high_confidence
engaged_1854.jpg,engaged_2106.jpg,engaged,1,0,high_confidence
engaged_1854.jpg,engaged_2111.jpg,engaged,1,0,high_confidence
engaged_1854.jpg,engaged_2116.jpg,engaged,1,0,high_confidence
engaged_1854.jpg,engaged_2125.jpg,engaged,1,0,high_confidence
engaged_1854.jpg,engaged_2156.jpg,engaged,1,0,high_confidence
engaged_1854.jpg,engaged_2181.jpg,engaged,1,0,high_confidence
engaged_1854.jpg,engaged_2191.jpg,engaged,1,0,high_confidence
engaged_1854.jpg,engaged_2198.jpg,engaged,1,0,high_confidence
engaged_1854.jpg,engaged_2203.jpg,engaged,1,0,high_confidence
engaged_1854.jpg,engaged_2214.jpg,engaged,1,0,high_confidence
engaged_1854.jpg,engaged_2216.jpg,engaged,1,0,high_confidence
engaged_1858.jpg,engaged_1859.jpg,engaged,0,0,high_confidence
engaged_1858.jpg,engaged_1866.jpg,engaged,0,0,high_confidence
engaged_1858.jpg,engaged_1868.jpg,engaged,0,0,high_confidence
engaged_1858.jpg,engaged_1869.jpg,engaged,0,0,high_confidence
engaged_1858.jpg,engaged_1900.jpg,engaged,1,0,high_confidence
engaged_1858.jpg,engaged_1923.jpg,engaged,0,0,high_confidence
engaged_1858.jpg,engaged_1924.jpg,engaged,0,0,high_confidence
engaged_1858.jpg,engaged_1933.jpg,engaged,0,0,high_confidence
engaged_1858.jpg,engaged_1934.jpg,engaged,0,0,high_confidence
engaged_1858.jpg,engaged_1956.jpg,engaged,0,0,high_confidence
engaged_1858.jpg,engaged_1957.jpg,engaged,0,0,high_confidence
engaged_1858.jpg,engaged_1983.jpg,engaged,0,0,high_confidence
engaged_1858.jpg,engaged_1993.jpg,engaged,0,0,high_confidence
engaged_1858.jpg,engaged_1994.jpg,engaged,0,0,high_confidence
engaged_1858.jpg,engaged_2000.jpg,engaged,0,0,high_confidence
engaged_1858.jpg,engaged_2046.jpg,engaged,0,0,high_confidence
engaged_1858.jpg,engaged_2049.jpg,engaged,0,0,high_confidence
engaged_1858.jpg,engaged_2068.jpg,engaged,1,0,high_confidence
engaged_1858.jpg,engaged_2069.jpg,engaged,1,0,high_confidence
engaged_1858.jpg,engaged_2070.jpg,engaged,1,0,high_confidence
engaged_1858.jpg,engaged_2074.jpg,engaged,1,0,high_confidence
engaged_1858.jpg,engaged_2075.jpg,engaged,1,0,high_confidence
engaged_1858.jpg,engaged_2076.jpg,engaged,1,0,high_confidence
engaged_1858.jpg,engaged_2093.jpg,engaged,1,0,high_confidence
engaged_1858.jpg,engaged_2097.jpg,engaged,1,0,high_confidence
engaged_1858.jpg,engaged_2098.jpg,engaged,1,0,high_confidence
engaged_1858.jpg,engaged_2102.jpg,engaged,1,0,high_confidence
engaged_1858.jpg,engaged_2107.jpg,engaged,1,0,high_confidence
engaged_1858.jpg,engaged_2117.jpg,engaged,1,0,high_confidence
engaged_1858.jpg,engaged_2118.jpg,engaged,1,0,high_confidence
engaged_1858.jpg,engaged_2119.jpg,engaged,1,0,high_confidence
engaged_1858.jpg,engaged_2120.jpg,engaged,1,0,high_confidence
engaged_1858.jpg,engaged_2123.jpg,engaged,1,0,high_confidence
engaged_1858.jpg,engaged_2124.jpg,engaged,1,0,high_confidence
engaged_1858.jpg,engaged_2126.jpg,engaged,1,0,high_confidence
engaged_1858.jpg,engaged_2134.jpg,engaged,1,0,high_confidence
engaged_1858.jpg,engaged_2135.jpg,engaged,1,0,high_confidence
engaged_1858.jpg,engaged_2137.jpg,engaged,1,0,high_confidence
engaged_1858.jpg,engaged_2145.jpg,engaged,1,0,high_confidence
engaged_1858.jpg,engaged_2146.jpg,engaged,1,0,high_confidence
engaged_1858.jpg,engaged_2148.jpg,engaged,1,0,high_confidence
engaged_1858.jpg,engaged_2149.jpg,engaged,1,0,high_confidence
engaged_1858.jpg,engaged_2150.jpg,engaged,1,0,high_confidence
engaged_1858.jpg,engaged_2155.jpg,engaged,1,0,high_confidence
engaged_1858.jpg,engaged_2157.jpg,engaged,1,0,high_confidence
engaged_1858.jpg,engaged_2158.jpg,engaged,1,0,high_confidence
engaged_1858.jpg,engaged_2159.jpg,engaged,1,0,high_confidence
engaged_1858.jpg,engaged_2160.jpg,engaged,1,0,high_confidence
engaged_1858.jpg,engaged_2163.jpg,engaged,1,0,high_confidence
engaged_1858.jpg,engaged_2164.jpg,engaged,1,0,high_confidence
engaged_1858.jpg,engaged_2165.jpg,engaged,1,0,high_confidence
engaged_1858.jpg,engaged_2170.jpg,engaged,1,0,high_confidence
engaged_1858.jpg,engaged_2171.jpg,engaged,1,0,high_confidence
engaged_1858.jpg,engaged_2173.jpg,engaged,1,0,high_confidence
engaged_1858.jpg,engaged_2174.jpg,engaged,1,0,high_confidence
engaged_1858.jpg,engaged_2175.jpg,engaged,1,0,high_confidence
engaged_1858.jpg,engaged_2180.jpg,engaged,1,0,high_confidence
engaged_1858.jpg,engaged_2182.jpg,engaged,1,0,high_confidence
engaged_1858.jpg,engaged_2183.jpg,engaged,1,0,high_confidence
engaged_1858.jpg,engaged_2184.jpg,engaged,1,0,high_confidence
engaged_1858.jpg,engaged_2185.jpg,engaged,1,0,high_confidence
engaged_1858.jpg,engaged_2187.jpg,engaged,1,0,high_confidence
engaged_1858.jpg,engaged_2188.jpg,engaged,1,0,high_confidence
engaged_1858.jpg,engaged_2189.jpg,engaged,1,0,high_confidence
engaged_1858.jpg,engaged_2190.jpg,engaged,1,0,high_confidence
engaged_1858.jpg,engaged_2192.jpg,engaged,1,0,high_confidence
engaged_1858.jpg,engaged_2194.jpg,engaged,1,0,high_confidence
engaged_1858.jpg,engaged_2199.jpg,engaged,1,0,high_confidence
engaged_1858.jpg,engaged_2200.jpg,engaged,1,0,high_confidence
engaged_1858.jpg,engaged_2201.jpg,engaged,1,0,high_confidence
engaged_1858.jpg,engaged_2202.jpg,engaged,1,0,high_confidence
engaged_1858.jpg,engaged_2204.jpg,engaged,1,0,high_confidence
engaged_1858.jpg,engaged_2210.jpg,engaged,1,0,high_confidence
engaged_1858.jpg,engaged_2211.jpg,engaged,1,0,high_confidence
engaged_1858.jpg,engaged_2212.jpg,engaged,1,0,high_confidence
engaged_1858.jpg,engaged_2215.jpg,engaged,1,0,high_confidence
engaged_1858.jpg,engaged_1775.jpg,engaged,0,0,high_confidence
engaged_1858.jpg,engaged_1779.jpg,engaged,0,0,high_confidence
engaged_1858.jpg,engaged_1836.jpg,engaged,1,0,high_confidence
engaged_1858.jpg,engaged_1867.jpg,engaged,0,0,high_confidence
engaged_1858.jpg,engaged_1979.jpg,engaged,0,0,high_confidence
engaged_1858.jpg,engaged_2045.jpg,engaged,0,0,high_confidence
engaged_1858.jpg,engaged_2079.jpg,engaged,1,0,high_confidence
engaged_1858.jpg,engaged_2080.jpg,engaged,1,0,high_confidence
engaged_1858.jpg,engaged_2086.jpg,engaged,1,0,high_confidence
engaged_1858.jpg,engaged_2096.jpg,engaged,1,0,high_confidence
engaged_1858.jpg,engaged_2103.jpg,engaged,1,0,high_confidence
engaged_1858.jpg,engaged_2121.jpg,engaged,1,0,high_confidence
engaged_1858.jpg,engaged_2136.jpg,engaged,1,0,high_confidence
engaged_1858.jpg,engaged_2166.jpg,engaged,1,0,high_confidence
engaged_1858.jpg,engaged_2172.jpg,engaged,1,0,high_confidence
engaged_1858.jpg,engaged_2213.jpg,engaged,1,0,high_confidence
engaged_1858.jpg,engaged_1806.jpg,engaged,0,0,high_confidence
engaged_1858.jpg,engaged_1860.jpg,engaged,0,0,high_confidence
engaged_1858.jpg,engaged_1916.jpg,engaged,0,0,high_confidence
engaged_1858.jpg,engaged_1925.jpg,engaged,0,0,high_confidence
engaged_1858.jpg,engaged_1982.jpg,engaged,0,0,high_confidence
engaged_1858.jpg,engaged_2048.jpg,engaged,0,0,high_confidence
engaged_1858.jpg,engaged_2073.jpg,engaged,1,0,high_confidence
engaged_1858.jpg,engaged_2081.jpg,engaged,1,0,high_confidence
engaged_1858.jpg,engaged_2092.jpg,engaged,1,0,high_confidence
engaged_1858.jpg,engaged_2106.jpg,engaged,1,0,high_confidence
engaged_1858.jpg,engaged_2111.jpg,engaged,1,0,high_confidence
engaged_1858.jpg,engaged_2116.jpg,engaged,1,0,high_confidence
engaged_1858.jpg,engaged_2125.jpg,engaged,1,0,high_confidence
engaged_1858.jpg,engaged_2156.jpg,engaged,1,0,high_confidence
engaged_1858.jpg,engaged_2181.jpg,engaged,1,0,high_confidence
engaged_1858.jpg,engaged_2191.jpg,engaged,1,0,high_confidence
engaged_1858.jpg,engaged_2198.jpg,engaged,1,0,high_confidence
engaged_1858.jpg,engaged_2203.jpg,engaged,1,0,high_confidence
engaged_1858.jpg,engaged_2214.jpg,engaged,1,0,high_confidence
engaged_1858.jpg,engaged_2216.jpg,engaged,1,0,high_confidence
engaged_1859.jpg,engaged_1866.jpg,engaged,0,0,high_confidence
engaged_1859.jpg,engaged_1868.jpg,engaged,0,0,high_confidence
engaged_1859.jpg,engaged_1869.jpg,engaged,0,0,high_confidence
engaged_1859.jpg,engaged_1900.jpg,engaged,1,0,high_confidence
engaged_1859.jpg,engaged_1923.jpg,engaged,0,0,high_confidence
engaged_1859.jpg,engaged_1924.jpg,engaged,0,0,high_confidence
engaged_1859.jpg,engaged_1933.jpg,engaged,0,0,high_confidence
engaged_1859.jpg,engaged_1934.jpg,engaged,0,0,high_confidence
engaged_1859.jpg,engaged_1956.jpg,engaged,0,0,high_confidence
engaged_1859.jpg,engaged_1957.jpg,engaged,0,0,high_confidence
engaged_1859.jpg,engaged_1983.jpg,engaged,0,0,high_confidence
engaged_1859.jpg,engaged_1993.jpg,engaged,0,0,high_confidence
engaged_1859.jpg,engaged_1994.jpg,engaged,0,0,high_confidence
engaged_1859.jpg,engaged_2000.jpg,engaged,0,0,high_confidence
engaged_1859.jpg,engaged_2046.jpg,engaged,0,0,high_confidence
engaged_1859.jpg,engaged_2049.jpg,engaged,0,0,high_confidence
engaged_1859.jpg,engaged_2068.jpg,engaged,1,0,high_confidence
engaged_1859.jpg,engaged_2069.jpg,engaged,1,0,high_confidence
engaged_1859.jpg,engaged_2070.jpg,engaged,1,0,high_confidence
engaged_1859.jpg,engaged_2074.jpg,engaged,1,0,high_confidence
engaged_1859.jpg,engaged_2075.jpg,engaged,1,0,high_confidence
engaged_1859.jpg,engaged_2076.jpg,engaged,1,0,high_confidence
engaged_1859.jpg,engaged_2093.jpg,engaged,1,0,high_confidence
engaged_1859.jpg,engaged_2097.jpg,engaged,1,0,high_confidence
engaged_1859.jpg,engaged_2098.jpg,engaged,1,0,high_confidence
engaged_1859.jpg,engaged_2102.jpg,engaged,1,0,high_confidence
engaged_1859.jpg,engaged_2107.jpg,engaged,1,0,high_confidence
engaged_1859.jpg,engaged_2117.jpg,engaged,1,0,high_confidence
engaged_1859.jpg,engaged_2118.jpg,engaged,1,0,high_confidence
engaged_1859.jpg,engaged_2119.jpg,engaged,1,0,high_confidence
engaged_1859.jpg,engaged_2120.jpg,engaged,1,0,high_confidence
engaged_1859.jpg,engaged_2123.jpg,engaged,1,0,high_confidence
engaged_1859.jpg,engaged_2124.jpg,engaged,1,0,high_confidence
engaged_1859.jpg,engaged_2126.jpg,engaged,1,0,high_confidence
engaged_1859.jpg,engaged_2134.jpg,engaged,1,0,high_confidence
engaged_1859.jpg,engaged_2135.jpg,engaged,1,0,high_confidence
engaged_1859.jpg,engaged_2137.jpg,engaged,1,0,high_confidence
engaged_1859.jpg,engaged_2145.jpg,engaged,1,0,high_confidence
engaged_1859.jpg,engaged_2146.jpg,engaged,1,0,high_confidence
engaged_1859.jpg,engaged_2148.jpg,engaged,1,0,high_confidence
engaged_1859.jpg,engaged_2149.jpg,engaged,1,0,high_confidence
engaged_1859.jpg,engaged_2150.jpg,engaged,1,0,high_confidence
engaged_1859.jpg,engaged_2155.jpg,engaged,1,0,high_confidence
engaged_1859.jpg,engaged_2157.jpg,engaged,1,0,high_confidence
engaged_1859.jpg,engaged_2158.jpg,engaged,1,0,high_confidence
engaged_1859.jpg,engaged_2159.jpg,engaged,1,0,high_confidence
engaged_1859.jpg,engaged_2160.jpg,engaged,1,0,high_confidence
engaged_1859.jpg,engaged_2163.jpg,engaged,1,0,high_confidence
engaged_1859.jpg,engaged_2164.jpg,engaged,1,0,high_confidence
engaged_1859.jpg,engaged_2165.jpg,engaged,1,0,high_confidence
engaged_1859.jpg,engaged_2170.jpg,engaged,1,0,high_confidence
engaged_1859.jpg,engaged_2171.jpg,engaged,1,0,high_confidence
engaged_1859.jpg,engaged_2173.jpg,engaged,1,0,high_confidence
engaged_1859.jpg,engaged_2174.jpg,engaged,1,0,high_confidence
engaged_1859.jpg,engaged_2175.jpg,engaged,1,0,high_confidence
engaged_1859.jpg,engaged_2180.jpg,engaged,1,0,high_confidence
engaged_1859.jpg,engaged_2182.jpg,engaged,1,0,high_confidence
engaged_1859.jpg,engaged_2183.jpg,engaged,1,0,high_confidence
engaged_1859.jpg,engaged_2184.jpg,engaged,1,0,high_confidence
engaged_1859.jpg,engaged_2185.jpg,engaged,1,0,high_confidence
engaged_1859.jpg,engaged_2187.jpg,engaged,1,0,high_confidence
engaged_1859.jpg,engaged_2188.jpg,engaged,1,0,high_confidence
engaged_1859.jpg,engaged_2189.jpg,engaged,1,0,high_confidence
engaged_1859.jpg,engaged_2190.jpg,engaged,1,0,high_confidence
engaged_1859.jpg,engaged_2192.jpg,engaged,1,0,high_confidence
engaged_1859.jpg,engaged_2194.jpg,engaged,1,0,high_confidence
engaged_1859.jpg,engaged_2199.jpg,engaged,1,0,high_confidence
engaged_1859.jpg,engaged_2200.jpg,engaged,1,0,high_confidence
engaged_1859.jpg,engaged_2201.jpg,engaged,1,0,high_confidence
engaged_1859.jpg,engaged_2202.jpg,engaged,1,0,high_confidence
engaged_1859.jpg,engaged_2204.jpg,engaged,1,0,high_confidence
engaged_1859.jpg,engaged_2210.jpg,engaged,1,0,high_confidence
engaged_1859.jpg,engaged_2211.jpg,engaged,1,0,high_confidence
engaged_1859.jpg,engaged_2212.jpg,engaged,1,0,high_confidence
engaged_1859.jpg,engaged_2215.jpg,engaged,1,0,high_confidence
engaged_1859.jpg,engaged_1775.jpg,engaged,0,0,high_confidence
engaged_1859.jpg,engaged_1779.jpg,engaged,0,0,high_confidence
engaged_1859.jpg,engaged_1836.jpg,engaged,1,0,high_confidence
engaged_1859.jpg,engaged_1867.jpg,engaged,0,0,high_confidence
engaged_1859.jpg,engaged_1979.jpg,engaged,0,0,high_confidence
engaged_1859.jpg,engaged_2045.jpg,engaged,0,0,high_confidence
engaged_1859.jpg,engaged_2079.jpg,engaged,1,0,high_confidence
engaged_1859.jpg,engaged_2080.jpg,engaged,1,0,high_confidence
engaged_1859.jpg,engaged_2086.jpg,engaged,1,0,high_confidence
engaged_1859.jpg,engaged_2096.jpg,engaged,1,0,high_confidence
engaged_1859.jpg,engaged_2103.jpg,engaged,1,0,high_confidence
engaged_1859.jpg,engaged_2121.jpg,engaged,1,0,high_confidence
engaged_1859.jpg,engaged_2136.jpg,engaged,1,0,high_confidence
engaged_1859.jpg,engaged_2166.jpg,engaged,1,0,high_confidence
engaged_1859.jpg,engaged_2172.jpg,engaged,1,0,high_confidence
engaged_1859.jpg,engaged_2213.jpg,engaged,1,0,high_confidence
engaged_1859.jpg,engaged_1806.jpg,engaged,0,0,high_confidence
engaged_1859.jpg,engaged_1860.jpg,engaged,0,0,high_confidence
engaged_1859.jpg,engaged_1916.jpg,engaged,0,0,high_confidence
engaged_1859.jpg,engaged_1925.jpg,engaged,0,0,high_confidence
engaged_1859.jpg,engaged_1982.jpg,engaged,0,0,high_confidence
engaged_1859.jpg,engaged_2048.jpg,engaged,0,0,high_confidence
engaged_1859.jpg,engaged_2073.jpg,engaged,1,0,high_confidence
engaged_1859.jpg,engaged_2081.jpg,engaged,1,0,high_confidence
engaged_1859.jpg,engaged_2092.jpg,engaged,1,0,high_confidence
engaged_1859.jpg,engaged_2106.jpg,engaged,1,0,high_confidence
engaged_1859.jpg,engaged_2111.jpg,engaged,1,0,high_confidence
engaged_1859.jpg,engaged_2116.jpg,engaged,1,0,high_confidence
engaged_1859.jpg,engaged_2125.jpg,engaged,1,0,high_confidence
engaged_1859.jpg,engaged_2156.jpg,engaged,1,0,high_confidence
engaged_1859.jpg,engaged_2181.jpg,engaged,1,0,high_confidence
engaged_1859.jpg,engaged_2191.jpg,engaged,1,0,high_confidence
engaged_1859.jpg,engaged_2198.jpg,engaged,1,0,high_confidence
engaged_1859.jpg,engaged_2203.jpg,engaged,1,0,high_confidence
engaged_1859.jpg,engaged_2214.jpg,engaged,1,0,high_confidence
engaged_1859.jpg,engaged_2216.jpg,engaged,1,0,high_confidence
engaged_1866.jpg,engaged_1868.jpg,engaged,0,0,high_confidence
engaged_1866.jpg,engaged_1869.jpg,engaged,0,0,high_confidence
engaged_1866.jpg,engaged_1900.jpg,engaged,1,0,high_confidence
engaged_1866.jpg,engaged_1923.jpg,engaged,0,0,high_confidence
engaged_1866.jpg,engaged_1924.jpg,engaged,0,0,high_confidence
engaged_1866.jpg,engaged_1933.jpg,engaged,0,0,high_confidence
engaged_1866.jpg,engaged_1934.jpg,engaged,0,0,high_confidence
engaged_1866.jpg,engaged_1956.jpg,engaged,0,0,high_confidence
engaged_1866.jpg,engaged_1957.jpg,engaged,0,0,high_confidence
engaged_1866.jpg,engaged_1983.jpg,engaged,0,0,high_confidence
engaged_1866.jpg,engaged_1993.jpg,engaged,0,0,high_confidence
engaged_1866.jpg,engaged_1994.jpg,engaged,0,0,high_confidence
engaged_1866.jpg,engaged_2000.jpg,engaged,0,0,high_confidence
engaged_1866.jpg,engaged_2046.jpg,engaged,0,0,high_confidence
engaged_1866.jpg,engaged_2049.jpg,engaged,0,0,high_confidence
engaged_1866.jpg,engaged_2068.jpg,engaged,1,0,high_confidence
engaged_1866.jpg,engaged_2069.jpg,engaged,1,0,high_confidence
engaged_1866.jpg,engaged_2070.jpg,engaged,1,0,high_confidence
engaged_1866.jpg,engaged_2074.jpg,engaged,1,0,high_confidence
engaged_1866.jpg,engaged_2075.jpg,engaged,1,0,high_confidence
engaged_1866.jpg,engaged_2076.jpg,engaged,1,0,high_confidence
engaged_1866.jpg,engaged_2093.jpg,engaged,1,0,high_confidence
engaged_1866.jpg,engaged_2097.jpg,engaged,1,0,high_confidence
engaged_1866.jpg,engaged_2098.jpg,engaged,1,0,high_confidence
engaged_1866.jpg,engaged_2102.jpg,engaged,1,0,high_confidence
engaged_1866.jpg,engaged_2107.jpg,engaged,1,0,high_confidence
engaged_1866.jpg,engaged_2117.jpg,engaged,1,0,high_confidence
engaged_1866.jpg,engaged_2118.jpg,engaged,1,0,high_confidence
engaged_1866.jpg,engaged_2119.jpg,engaged,1,0,high_confidence
engaged_1866.jpg,engaged_2120.jpg,engaged,1,0,high_confidence
engaged_1866.jpg,engaged_2123.jpg,engaged,1,0,high_confidence
engaged_1866.jpg,engaged_2124.jpg,engaged,1,0,high_confidence
engaged_1866.jpg,engaged_2126.jpg,engaged,1,0,high_confidence
engaged_1866.jpg,engaged_2134.jpg,engaged,1,0,high_confidence
engaged_1866.jpg,engaged_2135.jpg,engaged,1,0,high_confidence
engaged_1866.jpg,engaged_2137.jpg,engaged,1,0,high_confidence
engaged_1866.jpg,engaged_2145.jpg,engaged,1,0,high_confidence
engaged_1866.jpg,engaged_2146.jpg,engaged,1,0,high_confidence
engaged_1866.jpg,engaged_2148.jpg,engaged,1,0,high_confidence
engaged_1866.jpg,engaged_2149.jpg,engaged,1,0,high_confidence
engaged_1866.jpg,engaged_2150.jpg,engaged,1,0,high_confidence
engaged_1866.jpg,engaged_2155.jpg,engaged,1,0,high_confidence
engaged_1866.jpg,engaged_2157.jpg,engaged,1,0,high_confidence
engaged_1866.jpg,engaged_2158.jpg,engaged,1,0,high_confidence
engaged_1866.jpg,engaged_2159.jpg,engaged,1,0,high_confidence
engaged_1866.jpg,engaged_2160.jpg,engaged,1,0,high_confidence
engaged_1866.jpg,engaged_2163.jpg,engaged,1,0,high_confidence
engaged_1866.jpg,engaged_2164.jpg,engaged,1,0,high_confidence
engaged_1866.jpg,engaged_2165.jpg,engaged,1,0,high_confidence
engaged_1866.jpg,engaged_2170.jpg,engaged,1,0,high_confidence
engaged_1866.jpg,engaged_2171.jpg,engaged,1,0,high_confidence
engaged_1866.jpg,engaged_2173.jpg,engaged,1,0,high_confidence
engaged_1866.jpg,engaged_2174.jpg,engaged,1,0,high_confidence
engaged_1866.jpg,engaged_2175.jpg,engaged,1,0,high_confidence
engaged_1866.jpg,engaged_2180.jpg,engaged,1,0,high_confidence
engaged_1866.jpg,engaged_2182.jpg,engaged,1,0,high_confidence
engaged_1866.jpg,engaged_2183.jpg,engaged,1,0,high_confidence
engaged_1866.jpg,engaged_2184.jpg,engaged,1,0,high_confidence
engaged_1866.jpg,engaged_2185.jpg,engaged,1,0,high_confidence
engaged_1866.jpg,engaged_2187.jpg,engaged,1,0,high_confidence
engaged_1866.jpg,engaged_2188.jpg,engaged,1,0,high_confidence
engaged_1866.jpg,engaged_2189.jpg,engaged,1,0,high_confidence
engaged_1866.jpg,engaged_2190.jpg,engaged,1,0,high_confidence
engaged_1866.jpg,engaged_2192.jpg,engaged,1,0,high_confidence
engaged_1866.jpg,engaged_2194.jpg,engaged,1,0,high_confidence
engaged_1866.jpg,engaged_2199.jpg,engaged,1,0,high_confidence
engaged_1866.jpg,engaged_2200.jpg,engaged,1,0,high_confidence
engaged_1866.jpg,engaged_2201.jpg,engaged,1,0,high_confidence
engaged_1866.jpg,engaged_2202.jpg,engaged,1,0,high_confidence
engaged_1866.jpg,engaged_2204.jpg,engaged,1,0,high_confidence
engaged_1866.jpg,engaged_2210.jpg,engaged,1,0,high_confidence
engaged_1866.jpg,engaged_2211.jpg,engaged,1,0,high_confidence
engaged_1866.jpg,engaged_2212.jpg,engaged,1,0,high_confidence
engaged_1866.jpg,engaged_2215.jpg,engaged,1,0,high_confidence
engaged_1866.jpg,engaged_1775.jpg,engaged,0,0,high_confidence
engaged_1866.jpg,engaged_1779.jpg,engaged,0,0,high_confidence
engaged_1866.jpg,engaged_1836.jpg,engaged,1,0,high_confidence
engaged_1866.jpg,engaged_1867.jpg,engaged,0,0,high_confidence
engaged_1866.jpg,engaged_1979.jpg,engaged,0,0,high_confidence
engaged_1866.jpg,engaged_2045.jpg,engaged,0,0,high_confidence
engaged_1866.jpg,engaged_2079.jpg,engaged,1,0,high_confidence
engaged_1866.jpg,engaged_2080.jpg,engaged,1,0,high_confidence
engaged_1866.jpg,engaged_2086.jpg,engaged,1,0,high_confidence
engaged_1866.jpg,engaged_2096.jpg,engaged,1,0,high_confidence
engaged_1866.jpg,engaged_2103.jpg,engaged,1,0,high_confidence
engaged_1866.jpg,engaged_2121.jpg,engaged,1,0,high_confidence
engaged_1866.jpg,engaged_2136.jpg,engaged,1,0,high_confidence
engaged_1866.jpg,engaged_2166.jpg,engaged,1,0,high_confidence
engaged_1866.jpg,engaged_2172.jpg,engaged,1,0,high_confidence
engaged_1866.jpg,engaged_2213.jpg,engaged,1,0,high_confidence
engaged_1866.jpg,engaged_1806.jpg,engaged,0,0,high_confidence
engaged_1866.jpg,engaged_1860.jpg,engaged,0,0,high_confidence
engaged_1866.jpg,engaged_1916.jpg,engaged,0,0,high_confidence
engaged_1866.jpg,engaged_1925.jpg,engaged,0,0,high_confidence
engaged_1866.jpg,engaged_1982.jpg,engaged,0,0,high_confidence
engaged_1866.jpg,engaged_2048.jpg,engaged,0,0,high_confidence
engaged_1866.jpg,engaged_2073.jpg,engaged,1,0,high_confidence
engaged_1866.jpg,engaged_2081.jpg,engaged,1,0,high_confidence
engaged_1866.jpg,engaged_2092.jpg,engaged,1,0,high_confidence
engaged_1866.jpg,engaged_2106.jpg,engaged,1,0,high_confidence
engaged_1866.jpg,engaged_2111.jpg,engaged,1,0,high_confidence
engaged_1866.jpg,engaged_2116.jpg,engaged,1,0,high_confidence
engaged_1866.jpg,engaged_2125.jpg,engaged,1,0,high_confidence
engaged_1866.jpg,engaged_2156.jpg,engaged,1,0,high_confidence
engaged_1866.jpg,engaged_2181.jpg,engaged,1,0,high_confidence
engaged_1866.jpg,engaged_2191.jpg,engaged,1,0,high_confidence
engaged_1866.jpg,engaged_2198.jpg,engaged,1,0,high_confidence
engaged_1866.jpg,engaged_2203.jpg,engaged,1,0,high_confidence
engaged_1866.jpg,engaged_2214.jpg,engaged,1,0,high_confidence
engaged_1866.jpg,engaged_2216.jpg,engaged,1,0,high_confidence
engaged_1868.jpg,engaged_1869.jpg,engaged,0,0,high_confidence
engaged_1868.jpg,engaged_1900.jpg,engaged,1,0,high_confidence
engaged_1868.jpg,engaged_1923.jpg,engaged,0,0,high_confidence
engaged_1868.jpg,engaged_1924.jpg,engaged,0,0,high_confidence
engaged_1868.jpg,engaged_1933.jpg,engaged,0,0,high_confidence
engaged_1868.jpg,engaged_1934.jpg,engaged,0,0,high_confidence
engaged_1868.jpg,engaged_1956.jpg,engaged,0,0,high_confidence
engaged_1868.jpg,engaged_1957.jpg,engaged,0,0,high_confidence
engaged_1868.jpg,engaged_1983.jpg,engaged,0,0,high_confidence
engaged_1868.jpg,engaged_1993.jpg,engaged,0,0,high_confidence
engaged_1868.jpg,engaged_1994.jpg,engaged,0,0,high_confidence
engaged_1868.jpg,engaged_2000.jpg,engaged,0,0,high_confidence
engaged_1868.jpg,engaged_2046.jpg,engaged,0,0,high_confidence
engaged_1868.jpg,engaged_2049.jpg,engaged,0,0,high_confidence
engaged_1868.jpg,engaged_2068.jpg,engaged,1,0,high_confidence
engaged_1868.jpg,engaged_2069.jpg,engaged,1,0,high_confidence
engaged_1868.jpg,engaged_2070.jpg,engaged,1,0,high_confidence
engaged_1868.jpg,engaged_2074.jpg,engaged,1,0,high_confidence
engaged_1868.jpg,engaged_2075.jpg,engaged,1,0,high_confidence
engaged_1868.jpg,engaged_2076.jpg,engaged,1,0,high_confidence
engaged_1868.jpg,engaged_2093.jpg,engaged,1,0,high_confidence
engaged_1868.jpg,engaged_2097.jpg,engaged,1,0,high_confidence
engaged_1868.jpg,engaged_2098.jpg,engaged,1,0,high_confidence
engaged_1868.jpg,engaged_2102.jpg,engaged,1,0,high_confidence
engaged_1868.jpg,engaged_2107.jpg,engaged,1,0,high_confidence
engaged_1868.jpg,engaged_2117.jpg,engaged,1,0,high_confidence
engaged_1868.jpg,engaged_2118.jpg,engaged,1,0,high_confidence
engaged_1868.jpg,engaged_2119.jpg,engaged,1,0,high_confidence
engaged_1868.jpg,engaged_2120.jpg,engaged,1,0,high_confidence
engaged_1868.jpg,engaged_2123.jpg,engaged,1,0,high_confidence
engaged_1868.jpg,engaged_2124.jpg,engaged,1,0,high_confidence
engaged_1868.jpg,engaged_2126.jpg,engaged,1,0,high_confidence
engaged_1868.jpg,engaged_2134.jpg,engaged,1,0,high_confidence
engaged_1868.jpg,engaged_2135.jpg,engaged,1,0,high_confidence
engaged_1868.jpg,engaged_2137.jpg,engaged,1,0,high_confidence
engaged_1868.jpg,engaged_2145.jpg,engaged,1,0,high_confidence
engaged_1868.jpg,engaged_2146.jpg,engaged,1,0,high_confidence
engaged_1868.jpg,engaged_2148.jpg,engaged,1,0,high_confidence
engaged_1868.jpg,engaged_2149.jpg,engaged,1,0,high_confidence
engaged_1868.jpg,engaged_2150.jpg,engaged,1,0,high_confidence
engaged_1868.jpg,engaged_2155.jpg,engaged,1,0,high_confidence
engaged_1868.jpg,engaged_2157.jpg,engaged,1,0,high_confidence
engaged_1868.jpg,engaged_2158.jpg,engaged,1,0,high_confidence
engaged_1868.jpg,engaged_2159.jpg,engaged,1,0,high_confidence
engaged_1868.jpg,engaged_2160.jpg,engaged,1,0,high_confidence
engaged_1868.jpg,engaged_2163.jpg,engaged,1,0,high_confidence
engaged_1868.jpg,engaged_2164.jpg,engaged,1,0,high_confidence
engaged_1868.jpg,engaged_2165.jpg,engaged,1,0,high_confidence
engaged_1868.jpg,engaged_2170.jpg,engaged,1,0,high_confidence
engaged_1868.jpg,engaged_2171.jpg,engaged,1,0,high_confidence
engaged_1868.jpg,engaged_2173.jpg,engaged,1,0,high_confidence
engaged_1868.jpg,engaged_2174.jpg,engaged,1,0,high_confidence
engaged_1868.jpg,engaged_2175.jpg,engaged,1,0,high_confidence
engaged_1868.jpg,engaged_2180.jpg,engaged,1,0,high_confidence
engaged_1868.jpg,engaged_2182.jpg,engaged,1,0,high_confidence
engaged_1868.jpg,engaged_2183.jpg,engaged,1,0,high_confidence
engaged_1868.jpg,engaged_2184.jpg,engaged,1,0,high_confidence
engaged_1868.jpg,engaged_2185.jpg,engaged,1,0,high_confidence
engaged_1868.jpg,engaged_2187.jpg,engaged,1,0,high_confidence
engaged_1868.jpg,engaged_2188.jpg,engaged,1,0,high_confidence
engaged_1868.jpg,engaged_2189.jpg,engaged,1,0,high_confidence
engaged_1868.jpg,engaged_2190.jpg,engaged,1,0,high_confidence
engaged_1868.jpg,engaged_2192.jpg,engaged,1,0,high_confidence
engaged_1868.jpg,engaged_2194.jpg,engaged,1,0,high_confidence
engaged_1868.jpg,engaged_2199.jpg,engaged,1,0,high_confidence
engaged_1868.jpg,engaged_2200.jpg,engaged,1,0,high_confidence
engaged_1868.jpg,engaged_2201.jpg,engaged,1,0,high_confidence
engaged_1868.jpg,engaged_2202.jpg,engaged,1,0,high_confidence
engaged_1868.jpg,engaged_2204.jpg,engaged,1,0,high_confidence
engaged_1868.jpg,engaged_2210.jpg,engaged,1,0,high_confidence
engaged_1868.jpg,engaged_2211.jpg,engaged,1,0,high_confidence
engaged_1868.jpg,engaged_2212.jpg,engaged,1,0,high_confidence
engaged_1868.jpg,engaged_2215.jpg,engaged,1,0,high_confidence
engaged_1868.jpg,engaged_1775.jpg,engaged,0,0,high_confidence
engaged_1868.jpg,engaged_1779.jpg,engaged,0,0,high_confidence
engaged_1868.jpg,engaged_1836.jpg,engaged,1,0,high_confidence
engaged_1868.jpg,engaged_1867.jpg,engaged,0,0,high_confidence
engaged_1868.jpg,engaged_1979.jpg,engaged,0,0,high_confidence
engaged_1868.jpg,engaged_2045.jpg,engaged,0,0,high_confidence
engaged_1868.jpg,engaged_2079.jpg,engaged,1,0,high_confidence
engaged_1868.jpg,engaged_2080.jpg,engaged,1,0,high_confidence
engaged_1868.jpg,engaged_2086.jpg,engaged,1,0,high_confidence
engaged_1868.jpg,engaged_2096.jpg,engaged,1,0,high_confidence
engaged_1868.jpg,engaged_2103.jpg,engaged,1,0,high_confidence
engaged_1868.jpg,engaged_2121.jpg,engaged,1,0,high_confidence
engaged_1868.jpg,engaged_2136.jpg,engaged,1,0,high_confidence
engaged_1868.jpg,engaged_2166.jpg,engaged,1,0,high_confidence
engaged_1868.jpg,engaged_2172.jpg,engaged,1,0,high_confidence
engaged_1868.jpg,engaged_2213.jpg,engaged,1,0,high_confidence
engaged_1868.jpg,engaged_1806.jpg,engaged,0,0,high_confidence
engaged_1868.jpg,engaged_1860.jpg,engaged,0,0,high_confidence
engaged_1868.jpg,engaged_1916.jpg,engaged,0,0,high_confidence
engaged_1868.jpg,engaged_1925.jpg,engaged,0,0,high_confidence
engaged_1868.jpg,engaged_1982.jpg,engaged,0,0,high_confidence
engaged_1868.jpg,engaged_2048.jpg,engaged,0,0,high_confidence
engaged_1868.jpg,engaged_2073.jpg,engaged,1,0,high_confidence
engaged_1868.jpg,engaged_2081.jpg,engaged,1,0,high_confidence
engaged_1868.jpg,engaged_2092.jpg,engaged,1,0,high_confidence
engaged_1868.jpg,engaged_2106.jpg,engaged,1,0,high_confidence
engaged_1868.jpg,engaged_2111.jpg,engaged,1,0,high_confidence
engaged_1868.jpg,engaged_2116.jpg,engaged,1,0,high_confidence
engaged_1868.jpg,engaged_2125.jpg,engaged,1,0,high_confidence
engaged_1868.jpg,engaged_2156.jpg,engaged,1,0,high_confidence
engaged_1868.jpg,engaged_2181.jpg,engaged,1,0,high_confidence
engaged_1868.jpg,engaged_2191.jpg,engaged,1,0,high_confidence
engaged_1868.jpg,engaged_2198.jpg,engaged,1,0,high_confidence
engaged_1868.jpg,engaged_2203.jpg,engaged,1,0,high_confidence
engaged_1868.jpg,engaged_2214.jpg,engaged,1,0,high_confidence
engaged_1868.jpg,engaged_2216.jpg,engaged,1,0,high_confidence
engaged_1869.jpg,engaged_1900.jpg,engaged,1,0,high_confidence
engaged_1869.jpg,engaged_1923.jpg,engaged,0,0,high_confidence
engaged_1869.jpg,engaged_1924.jpg,engaged,0,0,high_confidence
engaged_1869.jpg,engaged_1933.jpg,engaged,0,0,high_confidence
engaged_1869.jpg,engaged_1934.jpg,engaged,0,0,high_confidence
engaged_1869.jpg,engaged_1956.jpg,engaged,0,0,high_confidence
engaged_1869.jpg,engaged_1957.jpg,engaged,0,0,high_confidence
engaged_1869.jpg,engaged_1983.jpg,engaged,0,0,high_confidence
engaged_1869.jpg,engaged_1993.jpg,engaged,0,0,high_confidence
engaged_1869.jpg,engaged_1994.jpg,engaged,0,0,high_confidence
engaged_1869.jpg,engaged_2000.jpg,engaged,0,0,high_confidence
engaged_1869.jpg,engaged_2046.jpg,engaged,0,0,high_confidence
engaged_1869.jpg,engaged_2049.jpg,engaged,0,0,high_confidence
engaged_1869.jpg,engaged_2068.jpg,engaged,1,0,high_confidence
engaged_1869.jpg,engaged_2069.jpg,engaged,1,0,high_confidence
engaged_1869.jpg,engaged_2070.jpg,engaged,1,0,high_confidence
engaged_1869.jpg,engaged_2074.jpg,engaged,1,0,high_confidence
engaged_1869.jpg,engaged_2075.jpg,engaged,1,0,high_confidence
engaged_1869.jpg,engaged_2076.jpg,engaged,1,0,high_confidence
engaged_1869.jpg,engaged_2093.jpg,engaged,1,0,high_confidence
engaged_1869.jpg,engaged_2097.jpg,engaged,1,0,high_confidence
engaged_1869.jpg,engaged_2098.jpg,engaged,1,0,high_confidence
engaged_1869.jpg,engaged_2102.jpg,engaged,1,0,high_confidence
engaged_1869.jpg,engaged_2107.jpg,engaged,1,0,high_confidence
engaged_1869.jpg,engaged_2117.jpg,engaged,1,0,high_confidence
engaged_1869.jpg,engaged_2118.jpg,engaged,1,0,high_confidence
engaged_1869.jpg,engaged_2119.jpg,engaged,1,0,high_confidence
engaged_1869.jpg,engaged_2120.jpg,engaged,1,0,high_confidence
engaged_1869.jpg,engaged_2123.jpg,engaged,1,0,high_confidence
engaged_1869.jpg,engaged_2124.jpg,engaged,1,0,high_confidence
engaged_1869.jpg,engaged_2126.jpg,engaged,1,0,high_confidence
engaged_1869.jpg,engaged_2134.jpg,engaged,1,0,high_confidence
engaged_1869.jpg,engaged_2135.jpg,engaged,1,0,high_confidence
engaged_1869.jpg,engaged_2137.jpg,engaged,1,0,high_confidence
engaged_1869.jpg,engaged_2145.jpg,engaged,1,0,high_confidence
engaged_1869.jpg,engaged_2146.jpg,engaged,1,0,high_confidence
engaged_1869.jpg,engaged_2148.jpg,engaged,1,0,high_confidence
engaged_1869.jpg,engaged_2149.jpg,engaged,1,0,high_confidence
engaged_1869.jpg,engaged_2150.jpg,engaged,1,0,high_confidence
engaged_1869.jpg,engaged_2155.jpg,engaged,1,0,high_confidence
engaged_1869.jpg,engaged_2157.jpg,engaged,1,0,high_confidence
engaged_1869.jpg,engaged_2158.jpg,engaged,1,0,high_confidence
engaged_1869.jpg,engaged_2159.jpg,engaged,1,0,high_confidence
engaged_1869.jpg,engaged_2160.jpg,engaged,1,0,high_confidence
engaged_1869.jpg,engaged_2163.jpg,engaged,1,0,high_confidence
engaged_1869.jpg,engaged_2164.jpg,engaged,1,0,high_confidence
engaged_1869.jpg,engaged_2165.jpg,engaged,1,0,high_confidence
engaged_1869.jpg,engaged_2170.jpg,engaged,1,0,high_confidence
engaged_1869.jpg,engaged_2171.jpg,engaged,1,0,high_confidence
engaged_1869.jpg,engaged_2173.jpg,engaged,1,0,high_confidence
engaged_1869.jpg,engaged_2174.jpg,engaged,1,0,high_confidence
engaged_1869.jpg,engaged_2175.jpg,engaged,1,0,high_confidence
engaged_1869.jpg,engaged_2180.jpg,engaged,1,0,high_confidence
engaged_1869.jpg,engaged_2182.jpg,engaged,1,0,high_confidence
engaged_1869.jpg,engaged_2183.jpg,engaged,1,0,high_confidence
engaged_1869.jpg,engaged_2184.jpg,engaged,1,0,high_confidence
engaged_1869.jpg,engaged_2185.jpg,engaged,1,0,high_confidence
engaged_1869.jpg,engaged_2187.jpg,engaged,1,0,high_confidence
engaged_1869.jpg,engaged_2188.jpg,engaged,1,0,high_confidence
engaged_1869.jpg,engaged_2189.jpg,engaged,1,0,high_confidence
engaged_1869.jpg,engaged_2190.jpg,engaged,1,0,high_confidence
engaged_1869.jpg,engaged_2192.jpg,engaged,1,0,high_confidence
engaged_1869.jpg,engaged_2194.jpg,engaged,1,0,high_confidence
engaged_1869.jpg,engaged_2199.jpg,engaged,1,0,high_confidence
engaged_1869.jpg,engaged_2200.jpg,engaged,1,0,high_confidence
engaged_1869.jpg,engaged_2201.jpg,engaged,1,0,high_confidence
engaged_1869.jpg,engaged_2202.jpg,engaged,1,0,high_confidence
engaged_1869.jpg,engaged_2204.jpg,engaged,1,0,high_confidence
engaged_1869.jpg,engaged_2210.jpg,engaged,1,0,high_confidence
engaged_1869.jpg,engaged_2211.jpg,engaged,1,0,high_confidence
engaged_1869.jpg,engaged_2212.jpg,engaged,1,0,high_confidence
engaged_1869.jpg,engaged_2215.jpg,engaged,1,0,high_confidence
engaged_1869.jpg,engaged_1775.jpg,engaged,0,0,high_confidence
engaged_1869.jpg,engaged_1779.jpg,engaged,0,0,high_confidence
engaged_1869.jpg,engaged_1836.jpg,engaged,1,0,high_confidence
engaged_1869.jpg,engaged_1867.jpg,engaged,0,0,high_confidence
engaged_1869.jpg,engaged_1979.jpg,engaged,0,0,high_confidence
engaged_1869.jpg,engaged_2045.jpg,engaged,0,0,high_confidence
engaged_1869.jpg,engaged_2079.jpg,engaged,1,0,high_confidence
engaged_1869.jpg,engaged_2080.jpg,engaged,1,0,high_confidence
engaged_1869.jpg,engaged_2086.jpg,engaged,1,0,high_confidence
engaged_1869.jpg,engaged_2096.jpg,engaged,1,0,high_confidence
engaged_1869.jpg,engaged_2103.jpg,engaged,1,0,high_confidence
engaged_1869.jpg,engaged_2121.jpg,engaged,1,0,high_confidence
engaged_1869.jpg,engaged_2136.jpg,engaged,1,0,high_confidence
engaged_1869.jpg,engaged_2166.jpg,engaged,1,0,high_confidence
engaged_1869.jpg,engaged_2172.jpg,engaged,1,0,high_confidence
engaged_1869.jpg,engaged_2213.jpg,engaged,1,0,high_confidence
engaged_1869.jpg,engaged_1806.jpg,engaged,0,0,high_confidence
engaged_1869.jpg,engaged_1860.jpg,engaged,0,0,high_confidence
engaged_1869.jpg,engaged_1916.jpg,engaged,0,0,high_confidence
engaged_1869.jpg,engaged_1925.jpg,engaged,0,0,high_confidence
engaged_1869.jpg,engaged_1982.jpg,engaged,0,0,high_confidence
engaged_1869.jpg,engaged_2048.jpg,engaged,0,0,high_confidence
engaged_1869.jpg,engaged_2073.jpg,engaged,1,0,high_confidence
engaged_1869.jpg,engaged_2081.jpg,engaged,1,0,high_confidence
engaged_1869.jpg,engaged_2092.jpg,engaged,1,0,high_confidence
engaged_1869.jpg,engaged_2106.jpg,engaged,1,0,high_confidence
engaged_1869.jpg,engaged_2111.jpg,engaged,1,0,high_confidence
engaged_1869.jpg,engaged_2116.jpg,engaged,1,0,high_confidence
engaged_1869.jpg,engaged_2125.jpg,engaged,1,0,high_confidence
engaged_1869.jpg,engaged_2156.jpg,engaged,1,0,high_confidence
engaged_1869.jpg,engaged_2181.jpg,engaged,1,0,high_confidence
engaged_1869.jpg,engaged_2191.jpg,engaged,1,0,high_confidence
engaged_1869.jpg,engaged_2198.jpg,engaged,1,0,high_confidence
engaged_1869.jpg,engaged_2203.jpg,engaged,1,0,high_confidence
engaged_1869.jpg,engaged_2214.jpg,engaged,1,0,high_confidence
engaged_1869.jpg,engaged_2216.jpg,engaged,1,0,high_confidence
engaged_1900.jpg,engaged_1923.jpg,engaged,1,0,high_confidence
engaged_1900.jpg,engaged_1924.jpg,engaged,1,0,high_confidence
engaged_1900.jpg,engaged_1933.jpg,engaged,1,0,high_confidence
engaged_1900.jpg,engaged_1934.jpg,engaged,1,0,high_confidence
engaged_1900.jpg,engaged_1956.jpg,engaged,1,0,high_confidence
engaged_1900.jpg,engaged_1957.jpg,engaged,1,0,high_confidence
engaged_1900.jpg,engaged_1983.jpg,engaged,1,0,high_confidence
engaged_1900.jpg,engaged_1993.jpg,engaged,1,0,high_confidence
engaged_1900.jpg,engaged_1994.jpg,engaged,1,0,high_confidence
engaged_1900.jpg,engaged_2000.jpg,engaged,1,0,high_confidence
engaged_1900.jpg,engaged_2046.jpg,engaged,1,0,high_confidence
engaged_1900.jpg,engaged_2049.jpg,engaged,1,0,high_confidence
engaged_1900.jpg,engaged_2068.jpg,engaged,0,0,high_confidence
engaged_1900.jpg,engaged_2069.jpg,engaged,0,0,high_confidence
engaged_1900.jpg,engaged_2070.jpg,engaged,0,0,high_confidence
engaged_1900.jpg,engaged_2074.jpg,engaged,0,0,high_confidence
engaged_1900.jpg,engaged_2075.jpg,engaged,0,0,high_confidence
engaged_1900.jpg,engaged_2076.jpg,engaged,0,0,high_confidence
engaged_1900.jpg,engaged_2093.jpg,engaged,0,0,high_confidence
engaged_1900.jpg,engaged_2097.jpg,engaged,0,0,high_confidence
engaged_1900.jpg,engaged_2098.jpg,engaged,0,0,high_confidence
engaged_1900.jpg,engaged_2102.jpg,engaged,0,0,high_confidence
engaged_1900.jpg,engaged_2107.jpg,engaged,0,0,high_confidence
engaged_1900.jpg,engaged_2117.jpg,engaged,0,0,high_confidence
engaged_1900.jpg,engaged_2118.jpg,engaged,0,0,high_confidence
engaged_1900.jpg,engaged_2119.jpg,engaged,0,0,high_confidence
engaged_1900.jpg,engaged_2120.jpg,engaged,0,0,high_confidence
engaged_1900.jpg,engaged_2123.jpg,engaged,0,0,high_confidence
engaged_1900.jpg,engaged_2124.jpg,engaged,0,0,high_confidence
engaged_1900.jpg,engaged_2126.jpg,engaged,0,0,high_confidence
engaged_1900.jpg,engaged_2134.jpg,engaged,0,0,high_confidence
engaged_1900.jpg,engaged_2135.jpg,engaged,0,0,high_confidence
engaged_1900.jpg,engaged_2137.jpg,engaged,0,0,high_confidence
engaged_1900.jpg,engaged_2145.jpg,engaged,0,0,high_confidence
engaged_1900.jpg,engaged_2146.jpg,engaged,0,0,high_confidence
engaged_1900.jpg,engaged_2148.jpg,engaged,0,0,high_confidence
engaged_1900.jpg,engaged_2149.jpg,engaged,0,0,high_confidence
engaged_1900.jpg,engaged_2150.jpg,engaged,0,0,high_confidence
engaged_1900.jpg,engaged_2155.jpg,engaged,0,0,high_confidence
engaged_1900.jpg,engaged_2157.jpg,engaged,0,0,high_confidence
engaged_1900.jpg,engaged_2158.jpg,engaged,0,0,high_confidence
engaged_1900.jpg,engaged_2159.jpg,engaged,0,0,high_confidence
engaged_1900.jpg,engaged_2160.jpg,engaged,0,0,high_confidence
engaged_1900.jpg,engaged_2163.jpg,engaged,0,0,high_confidence
engaged_1900.jpg,engaged_2164.jpg,engaged,0,0,high_confidence
engaged_1900.jpg,engaged_2165.jpg,engaged,0,0,high_confidence
engaged_1900.jpg,engaged_2170.jpg,engaged,0,0,high_confidence
engaged_1900.jpg,engaged_2171.jpg,engaged,0,0,high_confidence
engaged_1900.jpg,engaged_2173.jpg,engaged,0,0,high_confidence
engaged_1900.jpg,engaged_2174.jpg,engaged,0,0,high_confidence
engaged_1900.jpg,engaged_2175.jpg,engaged,0,0,high_confidence
engaged_1900.jpg,engaged_2180.jpg,engaged,0,0,high_confidence
engaged_1900.jpg,engaged_2182.jpg,engaged,0,0,high_confidence
engaged_1900.jpg,engaged_2183.jpg,engaged,0,0,high_confidence
engaged_1900.jpg,engaged_2184.jpg,engaged,0,0,high_confidence
engaged_1900.jpg,engaged_2185.jpg,engaged,0,0,high_confidence
engaged_1900.jpg,engaged_2187.jpg,engaged,0,0,high_confidence
engaged_1900.jpg,engaged_2188.jpg,engaged,0,0,high_confidence
engaged_1900.jpg,engaged_2189.jpg,engaged,0,0,high_confidence
engaged_1900.jpg,engaged_2190.jpg,engaged,0,0,high_confidence
engaged_1900.jpg,engaged_2192.jpg,engaged,0,0,high_confidence
engaged_1900.jpg,engaged_2194.jpg,engaged,0,0,high_confidence
engaged_1900.jpg,engaged_2199.jpg,engaged,0,0,high_confidence
engaged_1900.jpg,engaged_2200.jpg,engaged,0,0,high_confidence
engaged_1900.jpg,engaged_2201.jpg,engaged,0,0,high_confidence
engaged_1900.jpg,engaged_2202.jpg,engaged,0,0,high_confidence
engaged_1900.jpg,engaged_2204.jpg,engaged,0,0,high_confidence
engaged_1900.jpg,engaged_2210.jpg,engaged,0,0,high_confidence
engaged_1900.jpg,engaged_2211.jpg,engaged,0,0,high_confidence
engaged_1900.jpg,engaged_2212.jpg,engaged,0,0,high_confidence
engaged_1900.jpg,engaged_2215.jpg,engaged,0,0,high_confidence
engaged_1900.jpg,engaged_1775.jpg,engaged,1,0,high_confidence
engaged_1900.jpg,engaged_1779.jpg,engaged,1,0,high_confidence
engaged_1900.jpg,engaged_1836.jpg,engaged,0,0,high_confidence
engaged_1900.jpg,engaged_1867.jpg,engaged,1,0,high_confidence
engaged_1900.jpg,engaged_1979.jpg,engaged,1,0,high_confidence
engaged_1900.jpg,engaged_2045.jpg,engaged,1,0,high_confidence
engaged_1900.jpg,engaged_2079.jpg,engaged,0,0,high_confidence
engaged_1900.jpg,engaged_2080.jpg,engaged,0,0,high_confidence
engaged_1900.jpg,engaged_2086.jpg,engaged,0,0,high_confidence
engaged_1900.jpg,engaged_2096.jpg,engaged,0,0,high_confidence
engaged_1900.jpg,engaged_2103.jpg,engaged,0,0,high_confidence
engaged_1900.jpg,engaged_2121.jpg,engaged,0,0,high_confidence
engaged_1900.jpg,engaged_2136.jpg,engaged,0,0,high_confidence
engaged_1900.jpg,engaged_2166.jpg,engaged,0,0,high_confidence
engaged_1900.jpg,engaged_2172.jpg,engaged,0,0,high_confidence
engaged_1900.jpg,engaged_2213.jpg,engaged,0,0,high_confidence
engaged_1900.jpg,engaged_1806.jpg,engaged,1,0,high_confidence
engaged_1900.jpg,engaged_1860.jpg,engaged,1,0,high_confidence
engaged_1900.jpg,engaged_1916.jpg,engaged,1,0,high_confidence
engaged_1900.jpg,engaged_1925.jpg,engaged,1,0,high_confidence
engaged_1900.jpg,engaged_1982.jpg,engaged,1,0,high_confidence
engaged_1900.jpg,engaged_2048.jpg,engaged,1,0,high_confidence
engaged_1900.jpg,engaged_2073.jpg,engaged,0,0,high_confidence
engaged_1900.jpg,engaged_2081.jpg,engaged,0,0,high_confidence
engaged_1900.jpg,engaged_2092.jpg,engaged,0,0,high_confidence
engaged_1900.jpg,engaged_2106.jpg,engaged,0,0,high_confidence
engaged_1900.jpg,engaged_2111.jpg,engaged,0,0,high_confidence
engaged_1900.jpg,engaged_2116.jpg,engaged,0,0,high_confidence
engaged_1900.jpg,engaged_2125.jpg,engaged,0,0,high_confidence
engaged_1900.jpg,engaged_2156.jpg,engaged,0,0,high_confidence
engaged_1900.jpg,engaged_2181.jpg,engaged,0,0,high_confidence
engaged_1900.jpg,engaged_2191.jpg,engaged,0,0,high_confidence
engaged_1900.jpg,engaged_2198.jpg,engaged,0,0,high_confidence
engaged_1900.jpg,engaged_2203.jpg,engaged,0,0,high_confidence
engaged_1900.jpg,engaged_2214.jpg,engaged,0,0,high_confidence
engaged_1900.jpg,engaged_2216.jpg,engaged,0,0,high_confidence
engaged_1923.jpg,engaged_1924.jpg,engaged,0,0,high_confidence
engaged_1923.jpg,engaged_1933.jpg,engaged,0,0,high_confidence
engaged_1923.jpg,engaged_1934.jpg,engaged,0,0,high_confidence
engaged_1923.jpg,engaged_1956.jpg,engaged,0,0,high_confidence
engaged_1923.jpg,engaged_1957.jpg,engaged,0,0,high_confidence
engaged_1923.jpg,engaged_1983.jpg,engaged,0,0,high_confidence
engaged_1923.jpg,engaged_1993.jpg,engaged,0,0,high_confidence
engaged_1923.jpg,engaged_1994.jpg,engaged,0,0,high_confidence
engaged_1923.jpg,engaged_2000.jpg,engaged,0,0,high_confidence
engaged_1923.jpg,engaged_2046.jpg,engaged,0,0,high_confidence
engaged_1923.jpg,engaged_2049.jpg,engaged,0,0,high_confidence
engaged_1923.jpg,engaged_2068.jpg,engaged,1,0,high_confidence
engaged_1923.jpg,engaged_2069.jpg,engaged,1,0,high_confidence
engaged_1923.jpg,engaged_2070.jpg,engaged,1,0,high_confidence
engaged_1923.jpg,engaged_2074.jpg,engaged,1,0,high_confidence
engaged_1923.jpg,engaged_2075.jpg,engaged,1,0,high_confidence
engaged_1923.jpg,engaged_2076.jpg,engaged,1,0,high_confidence
engaged_1923.jpg,engaged_2093.jpg,engaged,1,0,high_confidence
engaged_1923.jpg,engaged_2097.jpg,engaged,1,0,high_confidence
engaged_1923.jpg,engaged_2098.jpg,engaged,1,0,high_confidence
engaged_1923.jpg,engaged_2102.jpg,engaged,1,0,high_confidence
engaged_1923.jpg,engaged_2107.jpg,engaged,1,0,high_confidence
engaged_1923.jpg,engaged_2117.jpg,engaged,1,0,high_confidence
engaged_1923.jpg,engaged_2118.jpg,engaged,1,0,high_confidence
engaged_1923.jpg,engaged_2119.jpg,engaged,1,0,high_confidence
engaged_1923.jpg,engaged_2120.jpg,engaged,1,0,high_confidence
engaged_1923.jpg,engaged_2123.jpg,engaged,1,0,high_confidence
engaged_1923.jpg,engaged_2124.jpg,engaged,1,0,high_confidence
engaged_1923.jpg,engaged_2126.jpg,engaged,1,0,high_confidence
engaged_1923.jpg,engaged_2134.jpg,engaged,1,0,high_confidence
engaged_1923.jpg,engaged_2135.jpg,engaged,1,0,high_confidence
engaged_1923.jpg,engaged_2137.jpg,engaged,1,0,high_confidence
engaged_1923.jpg,engaged_2145.jpg,engaged,1,0,high_confidence
engaged_1923.jpg,engaged_2146.jpg,engaged,1,0,high_confidence
engaged_1923.jpg,engaged_2148.jpg,engaged,1,0,high_confidence
engaged_1923.jpg,engaged_2149.jpg,engaged,1,0,high_confidence
engaged_1923.jpg,engaged_2150.jpg,engaged,1,0,high_confidence
engaged_1923.jpg,engaged_2155.jpg,engaged,1,0,high_confidence
engaged_1923.jpg,engaged_2157.jpg,engaged,1,0,high_confidence
engaged_1923.jpg,engaged_2158.jpg,engaged,1,0,high_confidence
engaged_1923.jpg,engaged_2159.jpg,engaged,1,0,high_confidence
engaged_1923.jpg,engaged_2160.jpg,engaged,1,0,high_confidence
engaged_1923.jpg,engaged_2163.jpg,engaged,1,0,high_confidence
engaged_1923.jpg,engaged_2164.jpg,engaged,1,0,high_confidence
engaged_1923.jpg,engaged_2165.jpg,engaged,1,0,high_confidence
engaged_1923.jpg,engaged_2170.jpg,engaged,1,0,high_confidence
engaged_1923.jpg,engaged_2171.jpg,engaged,1,0,high_confidence
engaged_1923.jpg,engaged_2173.jpg,engaged,1,0,high_confidence
engaged_1923.jpg,engaged_2174.jpg,engaged,1,0,high_confidence
engaged_1923.jpg,engaged_2175.jpg,engaged,1,0,high_confidence
engaged_1923.jpg,engaged_2180.jpg,engaged,1,0,high_confidence
engaged_1923.jpg,engaged_2182.jpg,engaged,1,0,high_confidence
engaged_1923.jpg,engaged_2183.jpg,engaged,1,0,high_confidence
engaged_1923.jpg,engaged_2184.jpg,engaged,1,0,high_confidence
engaged_1923.jpg,engaged_2185.jpg,engaged,1,0,high_confidence
engaged_1923.jpg,engaged_2187.jpg,engaged,1,0,high_confidence
engaged_1923.jpg,engaged_2188.jpg,engaged,1,0,high_confidence
engaged_1923.jpg,engaged_2189.jpg,engaged,1,0,high_confidence
engaged_1923.jpg,engaged_2190.jpg,engaged,1,0,high_confidence
engaged_1923.jpg,engaged_2192.jpg,engaged,1,0,high_confidence
engaged_1923.jpg,engaged_2194.jpg,engaged,1,0,high_confidence
engaged_1923.jpg,engaged_2199.jpg,engaged,1,0,high_confidence
engaged_1923.jpg,engaged_2200.jpg,engaged,1,0,high_confidence
engaged_1923.jpg,engaged_2201.jpg,engaged,1,0,high_confidence
engaged_1923.jpg,engaged_2202.jpg,engaged,1,0,high_confidence
engaged_1923.jpg,engaged_2204.jpg,engaged,1,0,high_confidence
engaged_1923.jpg,engaged_2210.jpg,engaged,1,0,high_confidence
engaged_1923.jpg,engaged_2211.jpg,engaged,1,0,high_confidence
engaged_1923.jpg,engaged_2212.jpg,engaged,1,0,high_confidence
engaged_1923.jpg,engaged_2215.jpg,engaged,1,0,high_confidence
engaged_1923.jpg,engaged_1775.jpg,engaged,0,0,high_confidence
engaged_1923.jpg,engaged_1779.jpg,engaged,0,0,high_confidence
engaged_1923.jpg,engaged_1836.jpg,engaged,1,0,high_confidence
engaged_1923.jpg,engaged_1867.jpg,engaged,0,0,high_confidence
engaged_1923.jpg,engaged_1979.jpg,engaged,0,0,high_confidence
engaged_1923.jpg,engaged_2045.jpg,engaged,0,0,high_confidence
engaged_1923.jpg,engaged_2079.jpg,engaged,1,0,high_confidence
engaged_1923.jpg,engaged_2080.jpg,engaged,1,0,high_confidence
engaged_1923.jpg,engaged_2086.jpg,engaged,1,0,high_confidence
engaged_1923.jpg,engaged_2096.jpg,engaged,1,0,high_confidence
engaged_1923.jpg,engaged_2103.jpg,engaged,1,0,high_confidence
engaged_1923.jpg,engaged_2121.jpg,engaged,1,0,high_confidence
engaged_1923.jpg,engaged_2136.jpg,engaged,1,0,high_confidence
engaged_1923.jpg,engaged_2166.jpg,engaged,1,0,high_confidence
engaged_1923.jpg,engaged_2172.jpg,engaged,1,0,high_confidence
engaged_1923.jpg,engaged_2213.jpg,engaged,1,0,high_confidence
engaged_1923.jpg,engaged_1806.jpg,engaged,0,0,high_confidence
engaged_1923.jpg,engaged_1860.jpg,engaged,0,0,high_confidence
engaged_1923.jpg,engaged_1916.jpg,engaged,0,0,high_confidence
engaged_1923.jpg,engaged_1925.jpg,engaged,0,0,high_confidence
engaged_1923.jpg,engaged_1982.jpg,engaged,0,0,high_confidence
engaged_1923.jpg,engaged_2048.jpg,engaged,0,0,high_confidence
engaged_1923.jpg,engaged_2073.jpg,engaged,1,0,high_confidence
engaged_1923.jpg,engaged_2081.jpg,engaged,1,0,high_confidence
engaged_1923.jpg,engaged_2092.jpg,engaged,1,0,high_confidence
engaged_1923.jpg,engaged_2106.jpg,engaged,1,0,high_confidence
engaged_1923.jpg,engaged_2111.jpg,engaged,1,0,high_confidence
engaged_1923.jpg,engaged_2116.jpg,engaged,1,0,high_confidence
engaged_1923.jpg,engaged_2125.jpg,engaged,1,0,high_confidence
engaged_1923.jpg,engaged_2156.jpg,engaged,1,0,high_confidence
engaged_1923.jpg,engaged_2181.jpg,engaged,1,0,high_confidence
engaged_1923.jpg,engaged_2191.jpg,engaged,1,0,high_confidence
engaged_1923.jpg,engaged_2198.jpg,engaged,1,0,high_confidence
engaged_1923.jpg,engaged_2203.jpg,engaged,1,0,high_confidence
engaged_1923.jpg,engaged_2214.jpg,engaged,1,0,high_confidence
engaged_1923.jpg,engaged_2216.jpg,engaged,1,0,high_confidence
engaged_1924.jpg,engaged_1933.jpg,engaged,0,0,high_confidence
engaged_1924.jpg,engaged_1934.jpg,engaged,0,0,high_confidence
engaged_1924.jpg,engaged_1956.jpg,engaged,0,0,high_confidence
engaged_1924.jpg,engaged_1957.jpg,engaged,0,0,high_confidence
engaged_1924.jpg,engaged_1983.jpg,engaged,0,0,high_confidence
engaged_1924.jpg,engaged_1993.jpg,engaged,0,0,high_confidence
engaged_1924.jpg,engaged_1994.jpg,engaged,0,0,high_confidence
engaged_1924.jpg,engaged_2000.jpg,engaged,0,0,high_confidence
engaged_1924.jpg,engaged_2046.jpg,engaged,0,0,high_confidence
engaged_1924.jpg,engaged_2049.jpg,engaged,0,0,high_confidence
engaged_1924.jpg,engaged_2068.jpg,engaged,1,0,high_confidence
engaged_1924.jpg,engaged_2069.jpg,engaged,1,0,high_confidence
engaged_1924.jpg,engaged_2070.jpg,engaged,1,0,high_confidence
engaged_1924.jpg,engaged_2074.jpg,engaged,1,0,high_confidence
engaged_1924.jpg,engaged_2075.jpg,engaged,1,0,high_confidence
engaged_1924.jpg,engaged_2076.jpg,engaged,1,0,high_confidence
engaged_1924.jpg,engaged_2093.jpg,engaged,1,0,high_confidence
engaged_1924.jpg,engaged_2097.jpg,engaged,1,0,high_confidence
engaged_1924.jpg,engaged_2098.jpg,engaged,1,0,high_confidence
engaged_1924.jpg,engaged_2102.jpg,engaged,1,0,high_confidence
engaged_1924.jpg,engaged_2107.jpg,engaged,1,0,high_confidence
engaged_1924.jpg,engaged_2117.jpg,engaged,1,0,high_confidence
engaged_1924.jpg,engaged_2118.jpg,engaged,1,0,high_confidence
engaged_1924.jpg,engaged_2119.jpg,engaged,1,0,high_confidence
engaged_1924.jpg,engaged_2120.jpg,engaged,1,0,high_confidence
engaged_1924.jpg,engaged_2123.jpg,engaged,1,0,high_confidence
engaged_1924.jpg,engaged_2124.jpg,engaged,1,0,high_confidence
engaged_1924.jpg,engaged_2126.jpg,engaged,1,0,high_confidence
engaged_1924.jpg,engaged_2134.jpg,engaged,1,0,high_confidence
engaged_1924.jpg,engaged_2135.jpg,engaged,1,0,high_confidence
engaged_1924.jpg,engaged_2137.jpg,engaged,1,0,high_confidence
engaged_1924.jpg,engaged_2145.jpg,engaged,1,0,high_confidence
engaged_1924.jpg,engaged_2146.jpg,engaged,1,0,high_confidence
engaged_1924.jpg,engaged_2148.jpg,engaged,1,0,high_confidence
engaged_1924.jpg,engaged_2149.jpg,engaged,1,0,high_confidence
engaged_1924.jpg,engaged_2150.jpg,engaged,1,0,high_confidence
engaged_1924.jpg,engaged_2155.jpg,engaged,1,0,high_confidence
engaged_1924.jpg,engaged_2157.jpg,engaged,1,0,high_confidence
engaged_1924.jpg,engaged_2158.jpg,engaged,1,0,high_confidence
engaged_1924.jpg,engaged_2159.jpg,engaged,1,0,high_confidence
engaged_1924.jpg,engaged_2160.jpg,engaged,1,0,high_confidence
engaged_1924.jpg,engaged_2163.jpg,engaged,1,0,high_confidence
engaged_1924.jpg,engaged_2164.jpg,engaged,1,0,high_confidence
engaged_1924.jpg,engaged_2165.jpg,engaged,1,0,high_confidence
engaged_1924.jpg,engaged_2170.jpg,engaged,1,0,high_confidence
engaged_1924.jpg,engaged_2171.jpg,engaged,1,0,high_confidence
engaged_1924.jpg,engaged_2173.jpg,engaged,1,0,high_confidence
engaged_1924.jpg,engaged_2174.jpg,engaged,1,0,high_confidence
engaged_1924.jpg,engaged_2175.jpg,engaged,1,0,high_confidence
engaged_1924.jpg,engaged_2180.jpg,engaged,1,0,high_confidence
engaged_1924.jpg,engaged_2182.jpg,engaged,1,0,high_confidence
engaged_1924.jpg,engaged_2183.jpg,engaged,1,0,high_confidence
engaged_1924.jpg,engaged_2184.jpg,engaged,1,0,high_confidence
engaged_1924.jpg,engaged_2185.jpg,engaged,1,0,high_confidence
engaged_1924.jpg,engaged_2187.jpg,engaged,1,0,high_confidence
engaged_1924.jpg,engaged_2188.jpg,engaged,1,0,high_confidence
engaged_1924.jpg,engaged_2189.jpg,engaged,1,0,high_confidence
engaged_1924.jpg,engaged_2190.jpg,engaged,1,0,high_confidence
engaged_1924.jpg,engaged_2192.jpg,engaged,1,0,high_confidence
engaged_1924.jpg,engaged_2194.jpg,engaged,1,0,high_confidence
engaged_1924.jpg,engaged_2199.jpg,engaged,1,0,high_confidence
engaged_1924.jpg,engaged_2200.jpg,engaged,1,0,high_confidence
engaged_1924.jpg,engaged_2201.jpg,engaged,1,0,high_confidence
engaged_1924.jpg,engaged_2202.jpg,engaged,1,0,high_confidence
engaged_1924.jpg,engaged_2204.jpg,engaged,1,0,high_confidence
engaged_1924.jpg,engaged_2210.jpg,engaged,1,0,high_confidence
engaged_1924.jpg,engaged_2211.jpg,engaged,1,0,high_confidence
engaged_1924.jpg,engaged_2212.jpg,engaged,1,0,high_confidence
engaged_1924.jpg,engaged_2215.jpg,engaged,1,0,high_confidence
engaged_1924.jpg,engaged_1775.jpg,engaged,0,0,high_confidence
engaged_1924.jpg,engaged_1779.jpg,engaged,0,0,high_confidence
engaged_1924.jpg,engaged_1836.jpg,engaged,1,0,high_confidence
engaged_1924.jpg,engaged_1867.jpg,engaged,0,0,high_confidence
engaged_1924.jpg,engaged_1979.jpg,engaged,0,0,high_confidence
engaged_1924.jpg,engaged_2045.jpg,engaged,0,0,high_confidence
engaged_1924.jpg,engaged_2079.jpg,engaged,1,0,high_confidence
engaged_1924.jpg,engaged_2080.jpg,engaged,1,0,high_confidence
engaged_1924.jpg,engaged_2086.jpg,engaged,1,0,high_confidence
engaged_1924.jpg,engaged_2096.jpg,engaged,1,0,high_confidence
engaged_1924.jpg,engaged_2103.jpg,engaged,1,0,high_confidence
engaged_1924.jpg,engaged_2121.jpg,engaged,1,0,high_confidence
engaged_1924.jpg,engaged_2136.jpg,engaged,1,0,high_confidence
engaged_1924.jpg,engaged_2166.jpg,engaged,1,0,high_confidence
engaged_1924.jpg,engaged_2172.jpg,engaged,1,0,high_confidence
engaged_1924.jpg,engaged_2213.jpg,engaged,1,0,high_confidence
engaged_1924.jpg,engaged_1806.jpg,engaged,0,0,high_confidence
engaged_1924.jpg,engaged_1860.jpg,engaged,0,0,high_confidence
engaged_1924.jpg,engaged_1916.jpg,engaged,0,0,high_confidence
engaged_1924.jpg,engaged_1925.jpg,engaged,0,0,high_confidence
engaged_1924.jpg,engaged_1982.jpg,engaged,0,0,high_confidence
engaged_1924.jpg,engaged_2048.jpg,engaged,0,0,high_confidence
engaged_1924.jpg,engaged_2073.jpg,engaged,1,0,high_confidence
engaged_1924.jpg,engaged_2081.jpg,engaged,1,0,high_confidence
engaged_1924.jpg,engaged_2092.jpg,engaged,1,0,high_confidence
engaged_1924.jpg,engaged_2106.jpg,engaged,1,0,high_confidence
engaged_1924.jpg,engaged_2111.jpg,engaged,1,0,high_confidence
engaged_1924.jpg,engaged_2116.jpg,engaged,1,0,high_confidence
engaged_1924.jpg,engaged_2125.jpg,engaged,1,0,high_confidence
engaged_1924.jpg,engaged_2156.jpg,engaged,1,0,high_confidence
engaged_1924.jpg,engaged_2181.jpg,engaged,1,0,high_confidence
engaged_1924.jpg,engaged_2191.jpg,engaged,1,0,high_confidence
engaged_1924.jpg,engaged_2198.jpg,engaged,1,0,high_confidence
engaged_1924.jpg,engaged_2203.jpg,engaged,1,0,high_confidence
engaged_1924.jpg,engaged_2214.jpg,engaged,1,0,high_confidence
engaged_1924.jpg,engaged_2216.jpg,engaged,1,0,high_confidence
engaged_1933.jpg,engaged_1934.jpg,engaged,0,0,high_confidence
engaged_1933.jpg,engaged_1956.jpg,engaged,0,0,high_confidence
engaged_1933.jpg,engaged_1957.jpg,engaged,0,0,high_confidence
engaged_1933.jpg,engaged_1983.jpg,engaged,0,0,high_confidence
engaged_1933.jpg,engaged_1993.jpg,engaged,0,0,high_confidence
engaged_1933.jpg,engaged_1994.jpg,engaged,0,0,high_confidence
engaged_1933.jpg,engaged_2000.jpg,engaged,0,0,high_confidence
engaged_1933.jpg,engaged_2046.jpg,engaged,0,0,high_confidence
engaged_1933.jpg,engaged_2049.jpg,engaged,0,0,high_confidence
engaged_1933.jpg,engaged_2068.jpg,engaged,1,0,high_confidence
engaged_1933.jpg,engaged_2069.jpg,engaged,1,0,high_confidence
engaged_1933.jpg,engaged_2070.jpg,engaged,1,0,high_confidence
engaged_1933.jpg,engaged_2074.jpg,engaged,1,0,high_confidence
engaged_1933.jpg,engaged_2075.jpg,engaged,1,0,high_confidence
engaged_1933.jpg,engaged_2076.jpg,engaged,1,0,high_confidence
engaged_1933.jpg,engaged_2093.jpg,engaged,1,0,high_confidence
engaged_1933.jpg,engaged_2097.jpg,engaged,1,0,high_confidence
engaged_1933.jpg,engaged_2098.jpg,engaged,1,0,high_confidence
engaged_1933.jpg,engaged_2102.jpg,engaged,1,0,high_confidence
engaged_1933.jpg,engaged_2107.jpg,engaged,1,0,high_confidence
engaged_1933.jpg,engaged_2117.jpg,engaged,1,0,high_confidence
engaged_1933.jpg,engaged_2118.jpg,engaged,1,0,high_confidence
engaged_1933.jpg,engaged_2119.jpg,engaged,1,0,high_confidence
engaged_1933.jpg,engaged_2120.jpg,engaged,1,0,high_confidence
engaged_1933.jpg,engaged_2123.jpg,engaged,1,0,high_confidence
engaged_1933.jpg,engaged_2124.jpg,engaged,1,0,high_confidence
engaged_1933.jpg,engaged_2126.jpg,engaged,1,0,high_confidence
engaged_1933.jpg,engaged_2134.jpg,engaged,1,0,high_confidence
engaged_1933.jpg,engaged_2135.jpg,engaged,1,0,high_confidence
engaged_1933.jpg,engaged_2137.jpg,engaged,1,0,high_confidence
engaged_1933.jpg,engaged_2145.jpg,engaged,1,0,high_confidence
engaged_1933.jpg,engaged_2146.jpg,engaged,1,0,high_confidence
engaged_1933.jpg,engaged_2148.jpg,engaged,1,0,high_confidence
engaged_1933.jpg,engaged_2149.jpg,engaged,1,0,high_confidence
engaged_1933.jpg,engaged_2150.jpg,engaged,1,0,high_confidence
engaged_1933.jpg,engaged_2155.jpg,engaged,1,0,high_confidence
engaged_1933.jpg,engaged_2157.jpg,engaged,1,0,high_confidence
engaged_1933.jpg,engaged_2158.jpg,engaged,1,0,high_confidence
engaged_1933.jpg,engaged_2159.jpg,engaged,1,0,high_confidence
engaged_1933.jpg,engaged_2160.jpg,engaged,1,0,high_confidence
engaged_1933.jpg,engaged_2163.jpg,engaged,1,0,high_confidence
engaged_1933.jpg,engaged_2164.jpg,engaged,1,0,high_confidence
engaged_1933.jpg,engaged_2165.jpg,engaged,1,0,high_confidence
engaged_1933.jpg,engaged_2170.jpg,engaged,1,0,high_confidence
engaged_1933.jpg,engaged_2171.jpg,engaged,1,0,high_confidence
engaged_1933.jpg,engaged_2173.jpg,engaged,1,0,high_confidence
engaged_1933.jpg,engaged_2174.jpg,engaged,1,0,high_confidence
engaged_1933.jpg,engaged_2175.jpg,engaged,1,0,high_confidence
engaged_1933.jpg,engaged_2180.jpg,engaged,1,0,high_confidence
engaged_1933.jpg,engaged_2182.jpg,engaged,1,0,high_confidence
engaged_1933.jpg,engaged_2183.jpg,engaged,1,0,high_confidence
engaged_1933.jpg,engaged_2184.jpg,engaged,1,0,high_confidence
engaged_1933.jpg,engaged_2185.jpg,engaged,1,0,high_confidence
engaged_1933.jpg,engaged_2187.jpg,engaged,1,0,high_confidence
engaged_1933.jpg,engaged_2188.jpg,engaged,1,0,high_confidence
engaged_1933.jpg,engaged_2189.jpg,engaged,1,0,high_confidence
engaged_1933.jpg,engaged_2190.jpg,engaged,1,0,high_confidence
engaged_1933.jpg,engaged_2192.jpg,engaged,1,0,high_confidence
engaged_1933.jpg,engaged_2194.jpg,engaged,1,0,high_confidence
engaged_1933.jpg,engaged_2199.jpg,engaged,1,0,high_confidence
engaged_1933.jpg,engaged_2200.jpg,engaged,1,0,high_confidence
engaged_1933.jpg,engaged_2201.jpg,engaged,1,0,high_confidence
engaged_1933.jpg,engaged_2202.jpg,engaged,1,0,high_confidence
engaged_1933.jpg,engaged_2204.jpg,engaged,1,0,high_confidence
engaged_1933.jpg,engaged_2210.jpg,engaged,1,0,high_confidence
engaged_1933.jpg,engaged_2211.jpg,engaged,1,0,high_confidence
engaged_1933.jpg,engaged_2212.jpg,engaged,1,0,high_confidence
engaged_1933.jpg,engaged_2215.jpg,engaged,1,0,high_confidence
engaged_1933.jpg,engaged_1775.jpg,engaged,0,0,high_confidence
engaged_1933.jpg,engaged_1779.jpg,engaged,0,0,high_confidence
engaged_1933.jpg,engaged_1836.jpg,engaged,1,0,high_confidence
engaged_1933.jpg,engaged_1867.jpg,engaged,0,0,high_confidence
engaged_1933.jpg,engaged_1979.jpg,engaged,0,0,high_confidence
engaged_1933.jpg,engaged_2045.jpg,engaged,0,0,high_confidence
engaged_1933.jpg,engaged_2079.jpg,engaged,1,0,high_confidence
engaged_1933.jpg,engaged_2080.jpg,engaged,1,0,high_confidence
engaged_1933.jpg,engaged_2086.jpg,engaged,1,0,high_confidence
engaged_1933.jpg,engaged_2096.jpg,engaged,1,0,high_confidence
engaged_1933.jpg,engaged_2103.jpg,engaged,1,0,high_confidence
engaged_1933.jpg,engaged_2121.jpg,engaged,1,0,high_confidence
engaged_1933.jpg,engaged_2136.jpg,engaged,1,0,high_confidence
engaged_1933.jpg,engaged_2166.jpg,engaged,1,0,high_confidence
engaged_1933.jpg,engaged_2172.jpg,engaged,1,0,high_confidence
engaged_1933.jpg,engaged_2213.jpg,engaged,1,0,high_confidence
engaged_1933.jpg,engaged_1806.jpg,engaged,0,0,high_confidence
engaged_1933.jpg,engaged_1860.jpg,engaged,0,0,high_confidence
engaged_1933.jpg,engaged_1916.jpg,engaged,0,0,high_confidence
engaged_1933.jpg,engaged_1925.jpg,engaged,0,0,high_confidence
engaged_1933.jpg,engaged_1982.jpg,engaged,0,0,high_confidence
engaged_1933.jpg,engaged_2048.jpg,engaged,0,0,high_confidence
engaged_1933.jpg,engaged_2073.jpg,engaged,1,0,high_confidence
engaged_1933.jpg,engaged_2081.jpg,engaged,1,0,high_confidence
engaged_1933.jpg,engaged_2092.jpg,engaged,1,0,high_confidence
engaged_1933.jpg,engaged_2106.jpg,engaged,1,0,high_confidence
engaged_1933.jpg,engaged_2111.jpg,engaged,1,0,high_confidence
engaged_1933.jpg,engaged_2116.jpg,engaged,1,0,high_confidence
engaged_1933.jpg,engaged_2125.jpg,engaged,1,0,high_confidence
engaged_1933.jpg,engaged_2156.jpg,engaged,1,0,high_confidence
engaged_1933.jpg,engaged_2181.jpg,engaged,1,0,high_confidence
engaged_1933.jpg,engaged_2191.jpg,engaged,1,0,high_confidence
engaged_1933.jpg,engaged_2198.jpg,engaged,1,0,high_confidence
engaged_1933.jpg,engaged_2203.jpg,engaged,1,0,high_confidence
engaged_1933.jpg,engaged_2214.jpg,engaged,1,0,high_confidence
engaged_1933.jpg,engaged_2216.jpg,engaged,1,0,high_confidence
engaged_1934.jpg,engaged_1956.jpg,engaged,0,0,high_confidence
engaged_1934.jpg,engaged_1957.jpg,engaged,0,0,high_confidence
engaged_1934.jpg,engaged_1983.jpg,engaged,0,0,high_confidence
engaged_1934.jpg,engaged_1993.jpg,engaged,0,0,high_confidence
engaged_1934.jpg,engaged_1994.jpg,engaged,0,0,high_confidence
engaged_1934.jpg,engaged_2000.jpg,engaged,0,0,high_confidence
engaged_1934.jpg,engaged_2046.jpg,engaged,0,0,high_confidence
engaged_1934.jpg,engaged_2049.jpg,engaged,0,0,high_confidence
engaged_1934.jpg,engaged_2068.jpg,engaged,1,0,high_confidence
engaged_1934.jpg,engaged_2069.jpg,engaged,1,0,high_confidence
engaged_1934.jpg,engaged_2070.jpg,engaged,1,0,high_confidence
engaged_1934.jpg,engaged_2074.jpg,engaged,1,0,high_confidence
engaged_1934.jpg,engaged_2075.jpg,engaged,1,0,high_confidence
engaged_1934.jpg,engaged_2076.jpg,engaged,1,0,high_confidence
engaged_1934.jpg,engaged_2093.jpg,engaged,1,0,high_confidence
engaged_1934.jpg,engaged_2097.jpg,engaged,1,0,high_confidence
engaged_1934.jpg,engaged_2098.jpg,engaged,1,0,high_confidence
engaged_1934.jpg,engaged_2102.jpg,engaged,1,0,high_confidence
engaged_1934.jpg,engaged_2107.jpg,engaged,1,0,high_confidence
engaged_1934.jpg,engaged_2117.jpg,engaged,1,0,high_confidence
engaged_1934.jpg,engaged_2118.jpg,engaged,1,0,high_confidence
engaged_1934.jpg,engaged_2119.jpg,engaged,1,0,high_confidence
engaged_1934.jpg,engaged_2120.jpg,engaged,1,0,high_confidence
engaged_1934.jpg,engaged_2123.jpg,engaged,1,0,high_confidence
engaged_1934.jpg,engaged_2124.jpg,engaged,1,0,high_confidence
engaged_1934.jpg,engaged_2126.jpg,engaged,1,0,high_confidence
engaged_1934.jpg,engaged_2134.jpg,engaged,1,0,high_confidence
engaged_1934.jpg,engaged_2135.jpg,engaged,1,0,high_confidence
engaged_1934.jpg,engaged_2137.jpg,engaged,1,0,high_confidence
engaged_1934.jpg,engaged_2145.jpg,engaged,1,0,high_confidence
engaged_1934.jpg,engaged_2146.jpg,engaged,1,0,high_confidence
engaged_1934.jpg,engaged_2148.jpg,engaged,1,0,high_confidence
engaged_1934.jpg,engaged_2149.jpg,engaged,1,0,high_confidence
engaged_1934.jpg,engaged_2150.jpg,engaged,1,0,high_confidence
engaged_1934.jpg,engaged_2155.jpg,engaged,1,0,high_confidence
engaged_1934.jpg,engaged_2157.jpg,engaged,1,0,high_confidence
engaged_1934.jpg,engaged_2158.jpg,engaged,1,0,high_confidence
engaged_1934.jpg,engaged_2159.jpg,engaged,1,0,high_confidence
engaged_1934.jpg,engaged_2160.jpg,engaged,1,0,high_confidence
engaged_1934.jpg,engaged_2163.jpg,engaged,1,0,high_confidence
engaged_1934.jpg,engaged_2164.jpg,engaged,1,0,high_confidence
engaged_1934.jpg,engaged_2165.jpg,engaged,1,0,high_confidence
engaged_1934.jpg,engaged_2170.jpg,engaged,1,0,high_confidence
engaged_1934.jpg,engaged_2171.jpg,engaged,1,0,high_confidence
engaged_1934.jpg,engaged_2173.jpg,engaged,1,0,high_confidence
engaged_1934.jpg,engaged_2174.jpg,engaged,1,0,high_confidence
engaged_1934.jpg,engaged_2175.jpg,engaged,1,0,high_confidence
engaged_1934.jpg,engaged_2180.jpg,engaged,1,0,high_confidence
engaged_1934.jpg,engaged_2182.jpg,engaged,1,0,high_confidence
engaged_1934.jpg,engaged_2183.jpg,engaged,1,0,high_confidence
engaged_1934.jpg,engaged_2184.jpg,engaged,1,0,high_confidence
engaged_1934.jpg,engaged_2185.jpg,engaged,1,0,high_confidence
engaged_1934.jpg,engaged_2187.jpg,engaged,1,0,high_confidence
engaged_1934.jpg,engaged_2188.jpg,engaged,1,0,high_confidence
engaged_1934.jpg,engaged_2189.jpg,engaged,1,0,high_confidence
engaged_1934.jpg,engaged_2190.jpg,engaged,1,0,high_confidence
engaged_1934.jpg,engaged_2192.jpg,engaged,1,0,high_confidence
engaged_1934.jpg,engaged_2194.jpg,engaged,1,0,high_confidence
engaged_1934.jpg,engaged_2199.jpg,engaged,1,0,high_confidence
engaged_1934.jpg,engaged_2200.jpg,engaged,1,0,high_confidence
engaged_1934.jpg,engaged_2201.jpg,engaged,1,0,high_confidence
engaged_1934.jpg,engaged_2202.jpg,engaged,1,0,high_confidence
engaged_1934.jpg,engaged_2204.jpg,engaged,1,0,high_confidence
engaged_1934.jpg,engaged_2210.jpg,engaged,1,0,high_confidence
engaged_1934.jpg,engaged_2211.jpg,engaged,1,0,high_confidence
engaged_1934.jpg,engaged_2212.jpg,engaged,1,0,high_confidence
engaged_1934.jpg,engaged_2215.jpg,engaged,1,0,high_confidence
engaged_1934.jpg,engaged_1775.jpg,engaged,0,0,high_confidence
engaged_1934.jpg,engaged_1779.jpg,engaged,0,0,high_confidence
engaged_1934.jpg,engaged_1836.jpg,engaged,1,0,high_confidence
engaged_1934.jpg,engaged_1867.jpg,engaged,0,0,high_confidence
engaged_1934.jpg,engaged_1979.jpg,engaged,0,0,high_confidence
engaged_1934.jpg,engaged_2045.jpg,engaged,0,0,high_confidence
engaged_1934.jpg,engaged_2079.jpg,engaged,1,0,high_confidence
engaged_1934.jpg,engaged_2080.jpg,engaged,1,0,high_confidence
engaged_1934.jpg,engaged_2086.jpg,engaged,1,0,high_confidence
engaged_1934.jpg,engaged_2096.jpg,engaged,1,0,high_confidence
engaged_1934.jpg,engaged_2103.jpg,engaged,1,0,high_confidence
engaged_1934.jpg,engaged_2121.jpg,engaged,1,0,high_confidence
engaged_1934.jpg,engaged_2136.jpg,engaged,1,0,high_confidence
engaged_1934.jpg,engaged_2166.jpg,engaged,1,0,high_confidence
engaged_1934.jpg,engaged_2172.jpg,engaged,1,0,high_confidence
engaged_1934.jpg,engaged_2213.jpg,engaged,1,0,high_confidence
engaged_1934.jpg,engaged_1806.jpg,engaged,0,0,high_confidence
engaged_1934.jpg,engaged_1860.jpg,engaged,0,0,high_confidence
engaged_1934.jpg,engaged_1916.jpg,engaged,0,0,high_confidence
engaged_1934.jpg,engaged_1925.jpg,engaged,0,0,high_confidence
engaged_1934.jpg,engaged_1982.jpg,engaged,0,0,high_confidence
engaged_1934.jpg,engaged_2048.jpg,engaged,0,0,high_confidence
engaged_1934.jpg,engaged_2073.jpg,engaged,1,0,high_confidence
engaged_1934.jpg,engaged_2081.jpg,engaged,1,0,high_confidence
engaged_1934.jpg,engaged_2092.jpg,engaged,1,0,high_confidence
engaged_1934.jpg,engaged_2106.jpg,engaged,1,0,high_confidence
engaged_1934.jpg,engaged_2111.jpg,engaged,1,0,high_confidence
engaged_1934.jpg,engaged_2116.jpg,engaged,1,0,high_confidence
engaged_1934.jpg,engaged_2125.jpg,engaged,1,0,high_confidence
engaged_1934.jpg,engaged_2156.jpg,engaged,1,0,high_confidence
engaged_1934.jpg,engaged_2181.jpg,engaged,1,0,high_confidence
engaged_1934.jpg,engaged_2191.jpg,engaged,1,0,high_confidence
engaged_1934.jpg,engaged_2198.jpg,engaged,1,0,high_confidence
engaged_1934.jpg,engaged_2203.jpg,engaged,1,0,high_confidence
engaged_1934.jpg,engaged_2214.jpg,engaged,1,0,high_confidence
engaged_1934.jpg,engaged_2216.jpg,engaged,1,0,high_confidence
engaged_1956.jpg,engaged_1957.jpg,engaged,0,0,high_confidence
engaged_1956.jpg,engaged_1983.jpg,engaged,0,0,high_confidence
engaged_1956.jpg,engaged_1993.jpg,engaged,0,0,high_confidence
engaged_1956.jpg,engaged_1994.jpg,engaged,0,0,high_confidence
engaged_1956.jpg,engaged_2000.jpg,engaged,0,0,high_confidence
engaged_1956.jpg,engaged_2046.jpg,engaged,0,0,high_confidence
engaged_1956.jpg,engaged_2049.jpg,engaged,0,0,high_confidence
engaged_1956.jpg,engaged_2068.jpg,engaged,1,0,high_confidence
engaged_1956.jpg,engaged_2069.jpg,engaged,1,0,high_confidence
engaged_1956.jpg,engaged_2070.jpg,engaged,1,0,high_confidence
engaged_1956.jpg,engaged_2074.jpg,engaged,1,0,high_confidence
engaged_1956.jpg,engaged_2075.jpg,engaged,1,0,high_confidence
engaged_1956.jpg,engaged_2076.jpg,engaged,1,0,high_confidence
engaged_1956.jpg,engaged_2093.jpg,engaged,1,0,high_confidence
engaged_1956.jpg,engaged_2097.jpg,engaged,1,0,high_confidence
engaged_1956.jpg,engaged_2098.jpg,engaged,1,0,high_confidence
engaged_1956.jpg,engaged_2102.jpg,engaged,1,0,high_confidence
engaged_1956.jpg,engaged_2107.jpg,engaged,1,0,high_confidence
engaged_1956.jpg,engaged_2117.jpg,engaged,1,0,high_confidence
engaged_1956.jpg,engaged_2118.jpg,engaged,1,0,high_confidence
engaged_1956.jpg,engaged_2119.jpg,engaged,1,0,high_confidence
engaged_1956.jpg,engaged_2120.jpg,engaged,1,0,high_confidence
engaged_1956.jpg,engaged_2123.jpg,engaged,1,0,high_confidence
engaged_1956.jpg,engaged_2124.jpg,engaged,1,0,high_confidence
engaged_1956.jpg,engaged_2126.jpg,engaged,1,0,high_confidence
engaged_1956.jpg,engaged_2134.jpg,engaged,1,0,high_confidence
engaged_1956.jpg,engaged_2135.jpg,engaged,1,0,high_confidence
engaged_1956.jpg,engaged_2137.jpg,engaged,1,0,high_confidence
engaged_1956.jpg,engaged_2145.jpg,engaged,1,0,high_confidence
engaged_1956.jpg,engaged_2146.jpg,engaged,1,0,high_confidence
engaged_1956.jpg,engaged_2148.jpg,engaged,1,0,high_confidence
engaged_1956.jpg,engaged_2149.jpg,engaged,1,0,high_confidence
engaged_1956.jpg,engaged_2150.jpg,engaged,1,0,high_confidence
engaged_1956.jpg,engaged_2155.jpg,engaged,1,0,high_confidence
engaged_1956.jpg,engaged_2157.jpg,engaged,1,0,high_confidence
engaged_1956.jpg,engaged_2158.jpg,engaged,1,0,high_confidence
engaged_1956.jpg,engaged_2159.jpg,engaged,1,0,high_confidence
engaged_1956.jpg,engaged_2160.jpg,engaged,1,0,high_confidence
engaged_1956.jpg,engaged_2163.jpg,engaged,1,0,high_confidence
engaged_1956.jpg,engaged_2164.jpg,engaged,1,0,high_confidence
engaged_1956.jpg,engaged_2165.jpg,engaged,1,0,high_confidence
engaged_1956.jpg,engaged_2170.jpg,engaged,1,0,high_confidence
engaged_1956.jpg,engaged_2171.jpg,engaged,1,0,high_confidence
engaged_1956.jpg,engaged_2173.jpg,engaged,1,0,high_confidence
engaged_1956.jpg,engaged_2174.jpg,engaged,1,0,high_confidence
engaged_1956.jpg,engaged_2175.jpg,engaged,1,0,high_confidence
engaged_1956.jpg,engaged_2180.jpg,engaged,1,0,high_confidence
engaged_1956.jpg,engaged_2182.jpg,engaged,1,0,high_confidence
engaged_1956.jpg,engaged_2183.jpg,engaged,1,0,high_confidence
engaged_1956.jpg,engaged_2184.jpg,engaged,1,0,high_confidence
engaged_1956.jpg,engaged_2185.jpg,engaged,1,0,high_confidence
engaged_1956.jpg,engaged_2187.jpg,engaged,1,0,high_confidence
engaged_1956.jpg,engaged_2188.jpg,engaged,1,0,high_confidence
engaged_1956.jpg,engaged_2189.jpg,engaged,1,0,high_confidence
engaged_1956.jpg,engaged_2190.jpg,engaged,1,0,high_confidence
engaged_1956.jpg,engaged_2192.jpg,engaged,1,0,high_confidence
engaged_1956.jpg,engaged_2194.jpg,engaged,1,0,high_confidence
engaged_1956.jpg,engaged_2199.jpg,engaged,1,0,high_confidence
engaged_1956.jpg,engaged_2200.jpg,engaged,1,0,high_confidence
engaged_1956.jpg,engaged_2201.jpg,engaged,1,0,high_confidence
engaged_1956.jpg,engaged_2202.jpg,engaged,1,0,high_confidence
engaged_1956.jpg,engaged_2204.jpg,engaged,1,0,high_confidence
engaged_1956.jpg,engaged_2210.jpg,engaged,1,0,high_confidence
engaged_1956.jpg,engaged_2211.jpg,engaged,1,0,high_confidence
engaged_1956.jpg,engaged_2212.jpg,engaged,1,0,high_confidence
engaged_1956.jpg,engaged_2215.jpg,engaged,1,0,high_confidence
engaged_1956.jpg,engaged_1775.jpg,engaged,0,0,high_confidence
engaged_1956.jpg,engaged_1779.jpg,engaged,0,0,high_confidence
engaged_1956.jpg,engaged_1836.jpg,engaged,1,0,high_confidence
engaged_1956.jpg,engaged_1867.jpg,engaged,0,0,high_confidence
engaged_1956.jpg,engaged_1979.jpg,engaged,0,0,high_confidence
engaged_1956.jpg,engaged_2045.jpg,engaged,0,0,high_confidence
engaged_1956.jpg,engaged_2079.jpg,engaged,1,0,high_confidence
engaged_1956.jpg,engaged_2080.jpg,engaged,1,0,high_confidence
engaged_1956.jpg,engaged_2086.jpg,engaged,1,0,high_confidence
engaged_1956.jpg,engaged_2096.jpg,engaged,1,0,high_confidence
engaged_1956.jpg,engaged_2103.jpg,engaged,1,0,high_confidence
engaged_1956.jpg,engaged_2121.jpg,engaged,1,0,high_confidence
engaged_1956.jpg,engaged_2136.jpg,engaged,1,0,high_confidence
engaged_1956.jpg,engaged_2166.jpg,engaged,1,0,high_confidence
engaged_1956.jpg,engaged_2172.jpg,engaged,1,0,high_confidence
engaged_1956.jpg,engaged_2213.jpg,engaged,1,0,high_confidence
engaged_1956.jpg,engaged_1806.jpg,engaged,0,0,high_confidence
engaged_1956.jpg,engaged_1860.jpg,engaged,0,0,high_confidence
engaged_1956.jpg,engaged_1916.jpg,engaged,0,0,high_confidence
engaged_1956.jpg,engaged_1925.jpg,engaged,0,0,high_confidence
engaged_1956.jpg,engaged_1982.jpg,engaged,0,0,high_confidence
engaged_1956.jpg,engaged_2048.jpg,engaged,0,0,high_confidence
engaged_1956.jpg,engaged_2073.jpg,engaged,1,0,high_confidence
engaged_1956.jpg,engaged_2081.jpg,engaged,1,0,high_confidence
engaged_1956.jpg,engaged_2092.jpg,engaged,1,0,high_confidence
engaged_1956.jpg,engaged_2106.jpg,engaged,1,0,high_confidence
engaged_1956.jpg,engaged_2111.jpg,engaged,1,0,high_confidence
engaged_1956.jpg,engaged_2116.jpg,engaged,1,0,high_confidence
engaged_1956.jpg,engaged_2125.jpg,engaged,1,0,high_confidence
engaged_1956.jpg,engaged_2156.jpg,engaged,1,0,high_confidence
engaged_1956.jpg,engaged_2181.jpg,engaged,1,0,high_confidence
engaged_1956.jpg,engaged_2191.jpg,engaged,1,0,high_confidence
engaged_1956.jpg,engaged_2198.jpg,engaged,1,0,high_confidence
engaged_1956.jpg,engaged_2203.jpg,engaged,1,0,high_confidence
engaged_1956.jpg,engaged_2214.jpg,engaged,1,0,high_confidence
engaged_1956.jpg,engaged_2216.jpg,engaged,1,0,high_confidence
engaged_1957.jpg,engaged_1983.jpg,engaged,0,0,high_confidence
engaged_1957.jpg,engaged_1993.jpg,engaged,0,0,high_confidence
engaged_1957.jpg,engaged_1994.jpg,engaged,0,0,high_confidence
engaged_1957.jpg,engaged_2000.jpg,engaged,0,0,high_confidence
engaged_1957.jpg,engaged_2046.jpg,engaged,0,0,high_confidence
engaged_1957.jpg,engaged_2049.jpg,engaged,0,0,high_confidence
engaged_1957.jpg,engaged_2068.jpg,engaged,1,0,high_confidence
engaged_1957.jpg,engaged_2069.jpg,engaged,1,0,high_confidence
engaged_1957.jpg,engaged_2070.jpg,engaged,1,0,high_confidence
engaged_1957.jpg,engaged_2074.jpg,engaged,1,0,high_confidence
engaged_1957.jpg,engaged_2075.jpg,engaged,1,0,high_confidence
engaged_1957.jpg,engaged_2076.jpg,engaged,1,0,high_confidence
engaged_1957.jpg,engaged_2093.jpg,engaged,1,0,high_confidence
engaged_1957.jpg,engaged_2097.jpg,engaged,1,0,high_confidence
engaged_1957.jpg,engaged_2098.jpg,engaged,1,0,high_confidence
engaged_1957.jpg,engaged_2102.jpg,engaged,1,0,high_confidence
engaged_1957.jpg,engaged_2107.jpg,engaged,1,0,high_confidence
engaged_1957.jpg,engaged_2117.jpg,engaged,1,0,high_confidence
engaged_1957.jpg,engaged_2118.jpg,engaged,1,0,high_confidence
engaged_1957.jpg,engaged_2119.jpg,engaged,1,0,high_confidence
engaged_1957.jpg,engaged_2120.jpg,engaged,1,0,high_confidence
engaged_1957.jpg,engaged_2123.jpg,engaged,1,0,high_confidence
engaged_1957.jpg,engaged_2124.jpg,engaged,1,0,high_confidence
engaged_1957.jpg,engaged_2126.jpg,engaged,1,0,high_confidence
engaged_1957.jpg,engaged_2134.jpg,engaged,1,0,high_confidence
engaged_1957.jpg,engaged_2135.jpg,engaged,1,0,high_confidence
engaged_1957.jpg,engaged_2137.jpg,engaged,1,0,high_confidence
engaged_1957.jpg,engaged_2145.jpg,engaged,1,0,high_confidence
engaged_1957.jpg,engaged_2146.jpg,engaged,1,0,high_confidence
engaged_1957.jpg,engaged_2148.jpg,engaged,1,0,high_confidence
engaged_1957.jpg,engaged_2149.jpg,engaged,1,0,high_confidence
engaged_1957.jpg,engaged_2150.jpg,engaged,1,0,high_confidence
engaged_1957.jpg,engaged_2155.jpg,engaged,1,0,high_confidence
engaged_1957.jpg,engaged_2157.jpg,engaged,1,0,high_confidence
engaged_1957.jpg,engaged_2158.jpg,engaged,1,0,high_confidence
engaged_1957.jpg,engaged_2159.jpg,engaged,1,0,high_confidence
engaged_1957.jpg,engaged_2160.jpg,engaged,1,0,high_confidence
engaged_1957.jpg,engaged_2163.jpg,engaged,1,0,high_confidence
engaged_1957.jpg,engaged_2164.jpg,engaged,1,0,high_confidence
engaged_1957.jpg,engaged_2165.jpg,engaged,1,0,high_confidence
engaged_1957.jpg,engaged_2170.jpg,engaged,1,0,high_confidence
engaged_1957.jpg,engaged_2171.jpg,engaged,1,0,high_confidence
engaged_1957.jpg,engaged_2173.jpg,engaged,1,0,high_confidence
engaged_1957.jpg,engaged_2174.jpg,engaged,1,0,high_confidence
engaged_1957.jpg,engaged_2175.jpg,engaged,1,0,high_confidence
engaged_1957.jpg,engaged_2180.jpg,engaged,1,0,high_confidence
engaged_1957.jpg,engaged_2182.jpg,engaged,1,0,high_confidence
engaged_1957.jpg,engaged_2183.jpg,engaged,1,0,high_confidence
engaged_1957.jpg,engaged_2184.jpg,engaged,1,0,high_confidence
engaged_1957.jpg,engaged_2185.jpg,engaged,1,0,high_confidence
engaged_1957.jpg,engaged_2187.jpg,engaged,1,0,high_confidence
engaged_1957.jpg,engaged_2188.jpg,engaged,1,0,high_confidence
engaged_1957.jpg,engaged_2189.jpg,engaged,1,0,high_confidence
engaged_1957.jpg,engaged_2190.jpg,engaged,1,0,high_confidence
engaged_1957.jpg,engaged_2192.jpg,engaged,1,0,high_confidence
engaged_1957.jpg,engaged_2194.jpg,engaged,1,0,high_confidence
engaged_1957.jpg,engaged_2199.jpg,engaged,1,0,high_confidence
engaged_1957.jpg,engaged_2200.jpg,engaged,1,0,high_confidence
engaged_1957.jpg,engaged_2201.jpg,engaged,1,0,high_confidence
engaged_1957.jpg,engaged_2202.jpg,engaged,1,0,high_confidence
engaged_1957.jpg,engaged_2204.jpg,engaged,1,0,high_confidence
engaged_1957.jpg,engaged_2210.jpg,engaged,1,0,high_confidence
engaged_1957.jpg,engaged_2211.jpg,engaged,1,0,high_confidence
engaged_1957.jpg,engaged_2212.jpg,engaged,1,0,high_confidence
engaged_1957.jpg,engaged_2215.jpg,engaged,1,0,high_confidence
engaged_1957.jpg,engaged_1775.jpg,engaged,0,0,high_confidence
engaged_1957.jpg,engaged_1779.jpg,engaged,0,0,high_confidence
engaged_1957.jpg,engaged_1836.jpg,engaged,1,0,high_confidence
engaged_1957.jpg,engaged_1867.jpg,engaged,0,0,high_confidence
engaged_1957.jpg,engaged_1979.jpg,engaged,0,0,high_confidence
engaged_1957.jpg,engaged_2045.jpg,engaged,0,0,high_confidence
engaged_1957.jpg,engaged_2079.jpg,engaged,1,0,high_confidence
engaged_1957.jpg,engaged_2080.jpg,engaged,1,0,high_confidence
engaged_1957.jpg,engaged_2086.jpg,engaged,1,0,high_confidence
engaged_1957.jpg,engaged_2096.jpg,engaged,1,0,high_confidence
engaged_1957.jpg,engaged_2103.jpg,engaged,1,0,high_confidence
engaged_1957.jpg,engaged_2121.jpg,engaged,1,0,high_confidence
engaged_1957.jpg,engaged_2136.jpg,engaged,1,0,high_confidence
engaged_1957.jpg,engaged_2166.jpg,engaged,1,0,high_confidence
engaged_1957.jpg,engaged_2172.jpg,engaged,1,0,high_confidence
engaged_1957.jpg,engaged_2213.jpg,engaged,1,0,high_confidence
engaged_1957.jpg,engaged_1806.jpg,engaged,0,0,high_confidence
engaged_1957.jpg,engaged_1860.jpg,engaged,0,0,high_confidence
engaged_1957.jpg,engaged_1916.jpg,engaged,0,0,high_confidence
engaged_1957.jpg,engaged_1925.jpg,engaged,0,0,high_confidence
engaged_1957.jpg,engaged_1982.jpg,engaged,0,0,high_confidence
engaged_1957.jpg,engaged_2048.jpg,engaged,0,0,high_confidence
engaged_1957.jpg,engaged_2073.jpg,engaged,1,0,high_confidence
engaged_1957.jpg,engaged_2081.jpg,engaged,1,0,high_confidence
engaged_1957.jpg,engaged_2092.jpg,engaged,1,0,high_confidence
engaged_1957.jpg,engaged_2106.jpg,engaged,1,0,high_confidence
engaged_1957.jpg,engaged_2111.jpg,engaged,1,0,high_confidence
engaged_1957.jpg,engaged_2116.jpg,engaged,1,0,high_confidence
engaged_1957.jpg,engaged_2125.jpg,engaged,1,0,high_confidence
engaged_1957.jpg,engaged_2156.jpg,engaged,1,0,high_confidence
engaged_1957.jpg,engaged_2181.jpg,engaged,1,0,high_confidence
engaged_1957.jpg,engaged_2191.jpg,engaged,1,0,high_confidence
engaged_1957.jpg,engaged_2198.jpg,engaged,1,0,high_confidence
engaged_1957.jpg,engaged_2203.jpg,engaged,1,0,high_confidence
engaged_1957.jpg,engaged_2214.jpg,engaged,1,0,high_confidence
engaged_1957.jpg,engaged_2216.jpg,engaged,1,0,high_confidence
engaged_1983.jpg,engaged_1993.jpg,engaged,0,0,high_confidence
engaged_1983.jpg,engaged_1994.jpg,engaged,0,0,high_confidence
engaged_1983.jpg,engaged_2000.jpg,engaged,0,0,high_confidence
engaged_1983.jpg,engaged_2046.jpg,engaged,0,0,high_confidence
engaged_1983.jpg,engaged_2049.jpg,engaged,0,0,high_confidence
engaged_1983.jpg,engaged_2068.jpg,engaged,1,0,high_confidence
engaged_1983.jpg,engaged_2069.jpg,engaged,1,0,high_confidence
engaged_1983.jpg,engaged_2070.jpg,engaged,1,0,high_confidence
engaged_1983.jpg,engaged_2074.jpg,engaged,1,0,high_confidence
engaged_1983.jpg,engaged_2075.jpg,engaged,1,0,high_confidence
engaged_1983.jpg,engaged_2076.jpg,engaged,1,0,high_confidence
engaged_1983.jpg,engaged_2093.jpg,engaged,1,0,high_confidence
engaged_1983.jpg,engaged_2097.jpg,engaged,1,0,high_confidence
engaged_1983.jpg,engaged_2098.jpg,engaged,1,0,high_confidence
engaged_1983.jpg,engaged_2102.jpg,engaged,1,0,high_confidence
engaged_1983.jpg,engaged_2107.jpg,engaged,1,0,high_confidence
engaged_1983.jpg,engaged_2117.jpg,engaged,1,0,high_confidence
engaged_1983.jpg,engaged_2118.jpg,engaged,1,0,high_confidence
engaged_1983.jpg,engaged_2119.jpg,engaged,1,0,high_confidence
engaged_1983.jpg,engaged_2120.jpg,engaged,1,0,high_confidence
engaged_1983.jpg,engaged_2123.jpg,engaged,1,0,high_confidence
engaged_1983.jpg,engaged_2124.jpg,engaged,1,0,high_confidence
engaged_1983.jpg,engaged_2126.jpg,engaged,1,0,high_confidence
engaged_1983.jpg,engaged_2134.jpg,engaged,1,0,high_confidence
engaged_1983.jpg,engaged_2135.jpg,engaged,1,0,high_confidence
engaged_1983.jpg,engaged_2137.jpg,engaged,1,0,high_confidence
engaged_1983.jpg,engaged_2145.jpg,engaged,1,0,high_confidence
engaged_1983.jpg,engaged_2146.jpg,engaged,1,0,high_confidence
engaged_1983.jpg,engaged_2148.jpg,engaged,1,0,high_confidence
engaged_1983.jpg,engaged_2149.jpg,engaged,1,0,high_confidence
engaged_1983.jpg,engaged_2150.jpg,engaged,1,0,high_confidence
engaged_1983.jpg,engaged_2155.jpg,engaged,1,0,high_confidence
engaged_1983.jpg,engaged_2157.jpg,engaged,1,0,high_confidence
engaged_1983.jpg,engaged_2158.jpg,engaged,1,0,high_confidence
engaged_1983.jpg,engaged_2159.jpg,engaged,1,0,high_confidence
engaged_1983.jpg,engaged_2160.jpg,engaged,1,0,high_confidence
engaged_1983.jpg,engaged_2163.jpg,engaged,1,0,high_confidence
engaged_1983.jpg,engaged_2164.jpg,engaged,1,0,high_confidence
engaged_1983.jpg,engaged_2165.jpg,engaged,1,0,high_confidence
engaged_1983.jpg,engaged_2170.jpg,engaged,1,0,high_confidence
engaged_1983.jpg,engaged_2171.jpg,engaged,1,0,high_confidence
engaged_1983.jpg,engaged_2173.jpg,engaged,1,0,high_confidence
engaged_1983.jpg,engaged_2174.jpg,engaged,1,0,high_confidence
engaged_1983.jpg,engaged_2175.jpg,engaged,1,0,high_confidence
engaged_1983.jpg,engaged_2180.jpg,engaged,1,0,high_confidence
engaged_1983.jpg,engaged_2182.jpg,engaged,1,0,high_confidence
engaged_1983.jpg,engaged_2183.jpg,engaged,1,0,high_confidence
engaged_1983.jpg,engaged_2184.jpg,engaged,1,0,high_confidence
engaged_1983.jpg,engaged_2185.jpg,engaged,1,0,high_confidence
engaged_1983.jpg,engaged_2187.jpg,engaged,1,0,high_confidence
engaged_1983.jpg,engaged_2188.jpg,engaged,1,0,high_confidence
engaged_1983.jpg,engaged_2189.jpg,engaged,1,0,high_confidence
engaged_1983.jpg,engaged_2190.jpg,engaged,1,0,high_confidence
engaged_1983.jpg,engaged_2192.jpg,engaged,1,0,high_confidence
engaged_1983.jpg,engaged_2194.jpg,engaged,1,0,high_confidence
engaged_1983.jpg,engaged_2199.jpg,engaged,1,0,high_confidence
engaged_1983.jpg,engaged_2200.jpg,engaged,1,0,high_confidence
engaged_1983.jpg,engaged_2201.jpg,engaged,1,0,high_confidence
engaged_1983.jpg,engaged_2202.jpg,engaged,1,0,high_confidence
engaged_1983.jpg,engaged_2204.jpg,engaged,1,0,high_confidence
engaged_1983.jpg,engaged_2210.jpg,engaged,1,0,high_confidence
engaged_1983.jpg,engaged_2211.jpg,engaged,1,0,high_confidence
engaged_1983.jpg,engaged_2212.jpg,engaged,1,0,high_confidence
engaged_1983.jpg,engaged_2215.jpg,engaged,1,0,high_confidence
engaged_1983.jpg,engaged_1775.jpg,engaged,0,0,high_confidence
engaged_1983.jpg,engaged_1779.jpg,engaged,0,0,high_confidence
engaged_1983.jpg,engaged_1836.jpg,engaged,1,0,high_confidence
engaged_1983.jpg,engaged_1867.jpg,engaged,0,0,high_confidence
engaged_1983.jpg,engaged_1979.jpg,engaged,0,0,high_confidence
engaged_1983.jpg,engaged_2045.jpg,engaged,0,0,high_confidence
engaged_1983.jpg,engaged_2079.jpg,engaged,1,0,high_confidence
engaged_1983.jpg,engaged_2080.jpg,engaged,1,0,high_confidence
engaged_1983.jpg,engaged_2086.jpg,engaged,1,0,high_confidence
engaged_1983.jpg,engaged_2096.jpg,engaged,1,0,high_confidence
engaged_1983.jpg,engaged_2103.jpg,engaged,1,0,high_confidence
engaged_1983.jpg,engaged_2121.jpg,engaged,1,0,high_confidence
engaged_1983.jpg,engaged_2136.jpg,engaged,1,0,high_confidence
engaged_1983.jpg,engaged_2166.jpg,engaged,1,0,high_confidence
engaged_1983.jpg,engaged_2172.jpg,engaged,1,0,high_confidence
engaged_1983.jpg,engaged_2213.jpg,engaged,1,0,high_confidence
engaged_1983.jpg,engaged_1806.jpg,engaged,0,0,high_confidence
engaged_1983.jpg,engaged_1860.jpg,engaged,0,0,high_confidence
engaged_1983.jpg,engaged_1916.jpg,engaged,0,0,high_confidence
engaged_1983.jpg,engaged_1925.jpg,engaged,0,0,high_confidence
engaged_1983.jpg,engaged_1982.jpg,engaged,0,0,high_confidence
engaged_1983.jpg,engaged_2048.jpg,engaged,0,0,high_confidence
engaged_1983.jpg,engaged_2073.jpg,engaged,1,0,high_confidence
engaged_1983.jpg,engaged_2081.jpg,engaged,1,0,high_confidence
engaged_1983.jpg,engaged_2092.jpg,engaged,1,0,high_confidence
engaged_1983.jpg,engaged_2106.jpg,engaged,1,0,high_confidence
engaged_1983.jpg,engaged_2111.jpg,engaged,1,0,high_confidence
engaged_1983.jpg,engaged_2116.jpg,engaged,1,0,high_confidence
engaged_1983.jpg,engaged_2125.jpg,engaged,1,0,high_confidence
engaged_1983.jpg,engaged_2156.jpg,engaged,1,0,high_confidence
engaged_1983.jpg,engaged_2181.jpg,engaged,1,0,high_confidence
engaged_1983.jpg,engaged_2191.jpg,engaged,1,0,high_confidence
engaged_1983.jpg,engaged_2198.jpg,engaged,1,0,high_confidence
engaged_1983.jpg,engaged_2203.jpg,engaged,1,0,high_confidence
engaged_1983.jpg,engaged_2214.jpg,engaged,1,0,high_confidence
engaged_1983.jpg,engaged_2216.jpg,engaged,1,0,high_confidence
engaged_1993.jpg,engaged_1994.jpg,engaged,0,0,high_confidence
engaged_1993.jpg,engaged_2000.jpg,engaged,0,0,high_confidence
engaged_1993.jpg,engaged_2046.jpg,engaged,0,0,high_confidence
engaged_1993.jpg,engaged_2049.jpg,engaged,0,0,high_confidence
engaged_1993.jpg,engaged_2068.jpg,engaged,1,0,high_confidence
engaged_1993.jpg,engaged_2069.jpg,engaged,1,0,high_confidence
engaged_1993.jpg,engaged_2070.jpg,engaged,1,0,high_confidence
engaged_1993.jpg,engaged_2074.jpg,engaged,1,0,high_confidence
engaged_1993.jpg,engaged_2075.jpg,engaged,1,0,high_confidence
engaged_1993.jpg,engaged_2076.jpg,engaged,1,0,high_confidence
engaged_1993.jpg,engaged_2093.jpg,engaged,1,0,high_confidence
engaged_1993.jpg,engaged_2097.jpg,engaged,1,0,high_confidence
engaged_1993.jpg,engaged_2098.jpg,engaged,1,0,high_confidence
engaged_1993.jpg,engaged_2102.jpg,engaged,1,0,high_confidence
engaged_1993.jpg,engaged_2107.jpg,engaged,1,0,high_confidence
engaged_1993.jpg,engaged_2117.jpg,engaged,1,0,high_confidence
engaged_1993.jpg,engaged_2118.jpg,engaged,1,0,high_confidence
engaged_1993.jpg,engaged_2119.jpg,engaged,1,0,high_confidence
engaged_1993.jpg,engaged_2120.jpg,engaged,1,0,high_confidence
engaged_1993.jpg,engaged_2123.jpg,engaged,1,0,high_confidence
engaged_1993.jpg,engaged_2124.jpg,engaged,1,0,high_confidence
engaged_1993.jpg,engaged_2126.jpg,engaged,1,0,high_confidence
engaged_1993.jpg,engaged_2134.jpg,engaged,1,0,high_confidence
engaged_1993.jpg,engaged_2135.jpg,engaged,1,0,high_confidence
engaged_1993.jpg,engaged_2137.jpg,engaged,1,0,high_confidence
engaged_1993.jpg,engaged_2145.jpg,engaged,1,0,high_confidence
engaged_1993.jpg,engaged_2146.jpg,engaged,1,0,high_confidence
engaged_1993.jpg,engaged_2148.jpg,engaged,1,0,high_confidence
engaged_1993.jpg,engaged_2149.jpg,engaged,1,0,high_confidence
engaged_1993.jpg,engaged_2150.jpg,engaged,1,0,high_confidence
engaged_1993.jpg,engaged_2155.jpg,engaged,1,0,high_confidence
engaged_1993.jpg,engaged_2157.jpg,engaged,1,0,high_confidence
engaged_1993.jpg,engaged_2158.jpg,engaged,1,0,high_confidence
engaged_1993.jpg,engaged_2159.jpg,engaged,1,0,high_confidence
engaged_1993.jpg,engaged_2160.jpg,engaged,1,0,high_confidence
engaged_1993.jpg,engaged_2163.jpg,engaged,1,0,high_confidence
engaged_1993.jpg,engaged_2164.jpg,engaged,1,0,high_confidence
engaged_1993.jpg,engaged_2165.jpg,engaged,1,0,high_confidence
engaged_1993.jpg,engaged_2170.jpg,engaged,1,0,high_confidence
engaged_1993.jpg,engaged_2171.jpg,engaged,1,0,high_confidence
engaged_1993.jpg,engaged_2173.jpg,engaged,1,0,high_confidence
engaged_1993.jpg,engaged_2174.jpg,engaged,1,0,high_confidence
engaged_1993.jpg,engaged_2175.jpg,engaged,1,0,high_confidence
engaged_1993.jpg,engaged_2180.jpg,engaged,1,0,high_confidence
engaged_1993.jpg,engaged_2182.jpg,engaged,1,0,high_confidence
engaged_1993.jpg,engaged_2183.jpg,engaged,1,0,high_confidence
engaged_1993.jpg,engaged_2184.jpg,engaged,1,0,high_confidence
engaged_1993.jpg,engaged_2185.jpg,engaged,1,0,high_confidence
engaged_1993.jpg,engaged_2187.jpg,engaged,1,0,high_confidence
engaged_1993.jpg,engaged_2188.jpg,engaged,1,0,high_confidence
engaged_1993.jpg,engaged_2189.jpg,engaged,1,0,high_confidence
engaged_1993.jpg,engaged_2190.jpg,engaged,1,0,high_confidence
engaged_1993.jpg,engaged_2192.jpg,engaged,1,0,high_confidence
engaged_1993.jpg,engaged_2194.jpg,engaged,1,0,high_confidence
engaged_1993.jpg,engaged_2199.jpg,engaged,1,0,high_confidence
engaged_1993.jpg,engaged_2200.jpg,engaged,1,0,high_confidence
engaged_1993.jpg,engaged_2201.jpg,engaged,1,0,high_confidence
engaged_1993.jpg,engaged_2202.jpg,engaged,1,0,high_confidence
engaged_1993.jpg,engaged_2204.jpg,engaged,1,0,high_confidence
engaged_1993.jpg,engaged_2210.jpg,engaged,1,0,high_confidence
engaged_1993.jpg,engaged_2211.jpg,engaged,1,0,high_confidence
engaged_1993.jpg,engaged_2212.jpg,engaged,1,0,high_confidence
engaged_1993.jpg,engaged_2215.jpg,engaged,1,0,high_confidence
engaged_1993.jpg,engaged_1775.jpg,engaged,0,0,high_confidence
engaged_1993.jpg,engaged_1779.jpg,engaged,0,0,high_confidence
engaged_1993.jpg,engaged_1836.jpg,engaged,1,0,high_confidence
engaged_1993.jpg,engaged_1867.jpg,engaged,0,0,high_confidence
engaged_1993.jpg,engaged_1979.jpg,engaged,0,0,high_confidence
engaged_1993.jpg,engaged_2045.jpg,engaged,0,0,high_confidence
engaged_1993.jpg,engaged_2079.jpg,engaged,1,0,high_confidence
engaged_1993.jpg,engaged_2080.jpg,engaged,1,0,high_confidence
engaged_1993.jpg,engaged_2086.jpg,engaged,1,0,high_confidence
engaged_1993.jpg,engaged_2096.jpg,engaged,1,0,high_confidence
engaged_1993.jpg,engaged_2103.jpg,engaged,1,0,high_confidence
engaged_1993.jpg,engaged_2121.jpg,engaged,1,0,high_confidence
engaged_1993.jpg,engaged_2136.jpg,engaged,1,0,high_confidence
engaged_1993.jpg,engaged_2166.jpg,engaged,1,0,high_confidence
engaged_1993.jpg,engaged_2172.jpg,engaged,1,0,high_confidence
engaged_1993.jpg,engaged_2213.jpg,engaged,1,0,high_confidence
engaged_1993.jpg,engaged_1806.jpg,engaged,0,0,high_confidence
engaged_1993.jpg,engaged_1860.jpg,engaged,0,0,high_confidence
engaged_1993.jpg,engaged_1916.jpg,engaged,0,0,high_confidence
engaged_1993.jpg,engaged_1925.jpg,engaged,0,0,high_confidence
engaged_1993.jpg,engaged_1982.jpg,engaged,0,0,high_confidence
engaged_1993.jpg,engaged_2048.jpg,engaged,0,0,high_confidence
engaged_1993.jpg,engaged_2073.jpg,engaged,1,0,high_confidence
engaged_1993.jpg,engaged_2081.jpg,engaged,1,0,high_confidence
engaged_1993.jpg,engaged_2092.jpg,engaged,1,0,high_confidence
engaged_1993.jpg,engaged_2106.jpg,engaged,1,0,high_confidence
engaged_1993.jpg,engaged_2111.jpg,engaged,1,0,high_confidence
engaged_1993.jpg,engaged_2116.jpg,engaged,1,0,high_confidence
engaged_1993.jpg,engaged_2125.jpg,engaged,1,0,high_confidence
engaged_1993.jpg,engaged_2156.jpg,engaged,1,0,high_confidence
engaged_1993.jpg,engaged_2181.jpg,engaged,1,0,high_confidence
engaged_1993.jpg,engaged_2191.jpg,engaged,1,0,high_confidence
engaged_1993.jpg,engaged_2198.jpg,engaged,1,0,high_confidence
engaged_1993.jpg,engaged_2203.jpg,engaged,1,0,high_confidence
engaged_1993.jpg,engaged_2214.jpg,engaged,1,0,high_confidence
engaged_1993.jpg,engaged_2216.jpg,engaged,1,0,high_confidence
engaged_1994.jpg,engaged_2000.jpg,engaged,0,0,high_confidence
engaged_1994.jpg,engaged_2046.jpg,engaged,0,0,high_confidence
engaged_1994.jpg,engaged_2049.jpg,engaged,0,0,high_confidence
engaged_1994.jpg,engaged_2068.jpg,engaged,1,0,high_confidence
engaged_1994.jpg,engaged_2069.jpg,engaged,1,0,high_confidence
engaged_1994.jpg,engaged_2070.jpg,engaged,1,0,high_confidence
engaged_1994.jpg,engaged_2074.jpg,engaged,1,0,high_confidence
engaged_1994.jpg,engaged_2075.jpg,engaged,1,0,high_confidence
engaged_1994.jpg,engaged_2076.jpg,engaged,1,0,high_confidence
engaged_1994.jpg,engaged_2093.jpg,engaged,1,0,high_confidence
engaged_1994.jpg,engaged_2097.jpg,engaged,1,0,high_confidence
engaged_1994.jpg,engaged_2098.jpg,engaged,1,0,high_confidence
engaged_1994.jpg,engaged_2102.jpg,engaged,1,0,high_confidence
engaged_1994.jpg,engaged_2107.jpg,engaged,1,0,high_confidence
engaged_1994.jpg,engaged_2117.jpg,engaged,1,0,high_confidence
engaged_1994.jpg,engaged_2118.jpg,engaged,1,0,high_confidence
engaged_1994.jpg,engaged_2119.jpg,engaged,1,0,high_confidence
engaged_1994.jpg,engaged_2120.jpg,engaged,1,0,high_confidence
engaged_1994.jpg,engaged_2123.jpg,engaged,1,0,high_confidence
engaged_1994.jpg,engaged_2124.jpg,engaged,1,0,high_confidence
engaged_1994.jpg,engaged_2126.jpg,engaged,1,0,high_confidence
engaged_1994.jpg,engaged_2134.jpg,engaged,1,0,high_confidence
engaged_1994.jpg,engaged_2135.jpg,engaged,1,0,high_confidence
engaged_1994.jpg,engaged_2137.jpg,engaged,1,0,high_confidence
engaged_1994.jpg,engaged_2145.jpg,engaged,1,0,high_confidence
engaged_1994.jpg,engaged_2146.jpg,engaged,1,0,high_confidence
engaged_1994.jpg,engaged_2148.jpg,engaged,1,0,high_confidence
engaged_1994.jpg,engaged_2149.jpg,engaged,1,0,high_confidence
engaged_1994.jpg,engaged_2150.jpg,engaged,1,0,high_confidence
engaged_1994.jpg,engaged_2155.jpg,engaged,1,0,high_confidence
engaged_1994.jpg,engaged_2157.jpg,engaged,1,0,high_confidence
engaged_1994.jpg,engaged_2158.jpg,engaged,1,0,high_confidence
engaged_1994.jpg,engaged_2159.jpg,engaged,1,0,high_confidence
engaged_1994.jpg,engaged_2160.jpg,engaged,1,0,high_confidence
engaged_1994.jpg,engaged_2163.jpg,engaged,1,0,high_confidence
engaged_1994.jpg,engaged_2164.jpg,engaged,1,0,high_confidence
engaged_1994.jpg,engaged_2165.jpg,engaged,1,0,high_confidence
engaged_1994.jpg,engaged_2170.jpg,engaged,1,0,high_confidence
engaged_1994.jpg,engaged_2171.jpg,engaged,1,0,high_confidence
engaged_1994.jpg,engaged_2173.jpg,engaged,1,0,high_confidence
engaged_1994.jpg,engaged_2174.jpg,engaged,1,0,high_confidence
engaged_1994.jpg,engaged_2175.jpg,engaged,1,0,high_confidence
engaged_1994.jpg,engaged_2180.jpg,engaged,1,0,high_confidence
engaged_1994.jpg,engaged_2182.jpg,engaged,1,0,high_confidence
engaged_1994.jpg,engaged_2183.jpg,engaged,1,0,high_confidence
engaged_1994.jpg,engaged_2184.jpg,engaged,1,0,high_confidence
engaged_1994.jpg,engaged_2185.jpg,engaged,1,0,high_confidence
engaged_1994.jpg,engaged_2187.jpg,engaged,1,0,high_confidence
engaged_1994.jpg,engaged_2188.jpg,engaged,1,0,high_confidence
engaged_1994.jpg,engaged_2189.jpg,engaged,1,0,high_confidence
engaged_1994.jpg,engaged_2190.jpg,engaged,1,0,high_confidence
engaged_1994.jpg,engaged_2192.jpg,engaged,1,0,high_confidence
engaged_1994.jpg,engaged_2194.jpg,engaged,1,0,high_confidence
engaged_1994.jpg,engaged_2199.jpg,engaged,1,0,high_confidence
engaged_1994.jpg,engaged_2200.jpg,engaged,1,0,high_confidence
engaged_1994.jpg,engaged_2201.jpg,engaged,1,0,high_confidence
engaged_1994.jpg,engaged_2202.jpg,engaged,1,0,high_confidence
engaged_1994.jpg,engaged_2204.jpg,engaged,1,0,high_confidence
engaged_1994.jpg,engaged_2210.jpg,engaged,1,0,high_confidence
engaged_1994.jpg,engaged_2211.jpg,engaged,1,0,high_confidence
engaged_1994.jpg,engaged_2212.jpg,engaged,1,0,high_confidence
engaged_1994.jpg,engaged_2215.jpg,engaged,1,0,high_confidence
engaged_1994.jpg,engaged_1775.jpg,engaged,0,0,high_confidence
engaged_1994.jpg,engaged_1779.jpg,engaged,0,0,high_confidence
engaged_1994.jpg,engaged_1836.jpg,engaged,1,0,high_confidence
engaged_1994.jpg,engaged_1867.jpg,engaged,0,0,high_confidence
engaged_1994.jpg,engaged_1979.jpg,engaged,0,0,high_confidence
engaged_1994.jpg,engaged_2045.jpg,engaged,0,0,high_confidence
engaged_1994.jpg,engaged_2079.jpg,engaged,1,0,high_confidence
engaged_1994.jpg,engaged_2080.jpg,engaged,1,0,high_confidence
engaged_1994.jpg,engaged_2086.jpg,engaged,1,0,high_confidence
engaged_1994.jpg,engaged_2096.jpg,engaged,1,0,high_confidence
engaged_1994.jpg,engaged_2103.jpg,engaged,1,0,high_confidence
engaged_1994.jpg,engaged_2121.jpg,engaged,1,0,high_confidence
engaged_1994.jpg,engaged_2136.jpg,engaged,1,0,high_confidence
engaged_1994.jpg,engaged_2166.jpg,engaged,1,0,high_confidence
engaged_1994.jpg,engaged_2172.jpg,engaged,1,0,high_confidence
engaged_1994.jpg,engaged_2213.jpg,engaged,1,0,high_confidence
engaged_1994.jpg,engaged_1806.jpg,engaged,0,0,high_confidence
engaged_1994.jpg,engaged_1860.jpg,engaged,0,0,high_confidence
engaged_1994.jpg,engaged_1916.jpg,engaged,0,0,high_confidence
engaged_1994.jpg,engaged_1925.jpg,engaged,0,0,high_confidence
engaged_1994.jpg,engaged_1982.jpg,engaged,0,0,high_confidence
engaged_1994.jpg,engaged_2048.jpg,engaged,0,0,high_confidence
engaged_1994.jpg,engaged_2073.jpg,engaged,1,0,high_confidence
engaged_1994.jpg,engaged_2081.jpg,engaged,1,0,high_confidence
engaged_1994.jpg,engaged_2092.jpg,engaged,1,0,high_confidence
engaged_1994.jpg,engaged_2106.jpg,engaged,1,0,high_confidence
engaged_1994.jpg,engaged_2111.jpg,engaged,1,0,high_confidence
engaged_1994.jpg,engaged_2116.jpg,engaged,1,0,high_confidence
engaged_1994.jpg,engaged_2125.jpg,engaged,1,0,high_confidence
engaged_1994.jpg,engaged_2156.jpg,engaged,1,0,high_confidence
engaged_1994.jpg,engaged_2181.jpg,engaged,1,0,high_confidence
engaged_1994.jpg,engaged_2191.jpg,engaged,1,0,high_confidence
engaged_1994.jpg,engaged_2198.jpg,engaged,1,0,high_confidence
engaged_1994.jpg,engaged_2203.jpg,engaged,1,0,high_confidence
engaged_1994.jpg,engaged_2214.jpg,engaged,1,0,high_confidence
engaged_1994.jpg,engaged_2216.jpg,engaged,1,0,high_confidence
engaged_2000.jpg,engaged_2046.jpg,engaged,0,0,high_confidence
engaged_2000.jpg,engaged_2049.jpg,engaged,0,0,high_confidence
engaged_2000.jpg,engaged_2068.jpg,engaged,1,0,high_confidence
engaged_2000.jpg,engaged_2069.jpg,engaged,1,0,high_confidence
engaged_2000.jpg,engaged_2070.jpg,engaged,1,0,high_confidence
engaged_2000.jpg,engaged_2074.jpg,engaged,1,0,high_confidence
engaged_2000.jpg,engaged_2075.jpg,engaged,1,0,high_confidence
engaged_2000.jpg,engaged_2076.jpg,engaged,1,0,high_confidence
engaged_2000.jpg,engaged_2093.jpg,engaged,1,0,high_confidence
engaged_2000.jpg,engaged_2097.jpg,engaged,1,0,high_confidence
engaged_2000.jpg,engaged_2098.jpg,engaged,1,0,high_confidence
engaged_2000.jpg,engaged_2102.jpg,engaged,1,0,high_confidence
engaged_2000.jpg,engaged_2107.jpg,engaged,1,0,high_confidence
engaged_2000.jpg,engaged_2117.jpg,engaged,1,0,high_confidence
engaged_2000.jpg,engaged_2118.jpg,engaged,1,0,high_confidence
engaged_2000.jpg,engaged_2119.jpg,engaged,1,0,high_confidence
engaged_2000.jpg,engaged_2120.jpg,engaged,1,0,high_confidence
engaged_2000.jpg,engaged_2123.jpg,engaged,1,0,high_confidence
engaged_2000.jpg,engaged_2124.jpg,engaged,1,0,high_confidence
engaged_2000.jpg,engaged_2126.jpg,engaged,1,0,high_confidence
engaged_2000.jpg,engaged_2134.jpg,engaged,1,0,high_confidence
engaged_2000.jpg,engaged_2135.jpg,engaged,1,0,high_confidence
engaged_2000.jpg,engaged_2137.jpg,engaged,1,0,high_confidence
engaged_2000.jpg,engaged_2145.jpg,engaged,1,0,high_confidence
engaged_2000.jpg,engaged_2146.jpg,engaged,1,0,high_confidence
engaged_2000.jpg,engaged_2148.jpg,engaged,1,0,high_confidence
engaged_2000.jpg,engaged_2149.jpg,engaged,1,0,high_confidence
engaged_2000.jpg,engaged_2150.jpg,engaged,1,0,high_confidence
engaged_2000.jpg,engaged_2155.jpg,engaged,1,0,high_confidence
engaged_2000.jpg,engaged_2157.jpg,engaged,1,0,high_confidence
engaged_2000.jpg,engaged_2158.jpg,engaged,1,0,high_confidence
engaged_2000.jpg,engaged_2159.jpg,engaged,1,0,high_confidence
engaged_2000.jpg,engaged_2160.jpg,engaged,1,0,high_confidence
engaged_2000.jpg,engaged_2163.jpg,engaged,1,0,high_confidence
engaged_2000.jpg,engaged_2164.jpg,engaged,1,0,high_confidence
engaged_2000.jpg,engaged_2165.jpg,engaged,1,0,high_confidence
engaged_2000.jpg,engaged_2170.jpg,engaged,1,0,high_confidence
engaged_2000.jpg,engaged_2171.jpg,engaged,1,0,high_confidence
engaged_2000.jpg,engaged_2173.jpg,engaged,1,0,high_confidence
engaged_2000.jpg,engaged_2174.jpg,engaged,1,0,high_confidence
engaged_2000.jpg,engaged_2175.jpg,engaged,1,0,high_confidence
engaged_2000.jpg,engaged_2180.jpg,engaged,1,0,high_confidence
engaged_2000.jpg,engaged_2182.jpg,engaged,1,0,high_confidence
engaged_2000.jpg,engaged_2183.jpg,engaged,1,0,high_confidence
engaged_2000.jpg,engaged_2184.jpg,engaged,1,0,high_confidence
engaged_2000.jpg,engaged_2185.jpg,engaged,1,0,high_confidence
engaged_2000.jpg,engaged_2187.jpg,engaged,1,0,high_confidence
engaged_2000.jpg,engaged_2188.jpg,engaged,1,0,high_confidence
engaged_2000.jpg,engaged_2189.jpg,engaged,1,0,high_confidence
engaged_2000.jpg,engaged_2190.jpg,engaged,1,0,high_confidence
engaged_2000.jpg,engaged_2192.jpg,engaged,1,0,high_confidence
engaged_2000.jpg,engaged_2194.jpg,engaged,1,0,high_confidence
engaged_2000.jpg,engaged_2199.jpg,engaged,1,0,high_confidence
engaged_2000.jpg,engaged_2200.jpg,engaged,1,0,high_confidence
engaged_2000.jpg,engaged_2201.jpg,engaged,1,0,high_confidence
engaged_2000.jpg,engaged_2202.jpg,engaged,1,0,high_confidence
engaged_2000.jpg,engaged_2204.jpg,engaged,1,0,high_confidence
engaged_2000.jpg,engaged_2210.jpg,engaged,1,0,high_confidence
engaged_2000.jpg,engaged_2211.jpg,engaged,1,0,high_confidence
engaged_2000.jpg,engaged_2212.jpg,engaged,1,0,high_confidence
engaged_2000.jpg,engaged_2215.jpg,engaged,1,0,high_confidence
engaged_2000.jpg,engaged_1775.jpg,engaged,0,0,high_confidence
engaged_2000.jpg,engaged_1779.jpg,engaged,0,0,high_confidence
engaged_2000.jpg,engaged_1836.jpg,engaged,1,0,high_confidence
engaged_2000.jpg,engaged_1867.jpg,engaged,0,0,high_confidence
engaged_2000.jpg,engaged_1979.jpg,engaged,0,0,high_confidence
engaged_2000.jpg,engaged_2045.jpg,engaged,0,0,high_confidence
engaged_2000.jpg,engaged_2079.jpg,engaged,1,0,high_confidence
engaged_2000.jpg,engaged_2080.jpg,engaged,1,0,high_confidence
engaged_2000.jpg,engaged_2086.jpg,engaged,1,0,high_confidence
engaged_2000.jpg,engaged_2096.jpg,engaged,1,0,high_confidence
engaged_2000.jpg,engaged_2103.jpg,engaged,1,0,high_confidence
engaged_2000.jpg,engaged_2121.jpg,engaged,1,0,high_confidence
engaged_2000.jpg,engaged_2136.jpg,engaged,1,0,high_confidence
engaged_2000.jpg,engaged_2166.jpg,engaged,1,0,high_confidence
engaged_2000.jpg,engaged_2172.jpg,engaged,1,0,high_confidence
engaged_2000.jpg,engaged_2213.jpg,engaged,1,0,high_confidence
engaged_2000.jpg,engaged_1806.jpg,engaged,0,0,high_confidence
engaged_2000.jpg,engaged_1860.jpg,engaged,0,0,high_confidence
engaged_2000.jpg,engaged_1916.jpg,engaged,0,0,high_confidence
engaged_2000.jpg,engaged_1925.jpg,engaged,0,0,high_confidence
engaged_2000.jpg,engaged_1982.jpg,engaged,0,0,high_confidence
engaged_2000.jpg,engaged_2048.jpg,engaged,0,0,high_confidence
engaged_2000.jpg,engaged_2073.jpg,engaged,1,0,high_confidence
engaged_2000.jpg,engaged_2081.jpg,engaged,1,0,high_confidence
engaged_2000.jpg,engaged_2092.jpg,engaged,1,0,high_confidence
engaged_2000.jpg,engaged_2106.jpg,engaged,1,0,high_confidence
engaged_2000.jpg,engaged_2111.jpg,engaged,1,0,high_confidence
engaged_2000.jpg,engaged_2116.jpg,engaged,1,0,high_confidence
engaged_2000.jpg,engaged_2125.jpg,engaged,1,0,high_confidence
engaged_2000.jpg,engaged_2156.jpg,engaged,1,0,high_confidence
engaged_2000.jpg,engaged_2181.jpg,engaged,1,0,high_confidence
engaged_2000.jpg,engaged_2191.jpg,engaged,1,0,high_confidence
engaged_2000.jpg,engaged_2198.jpg,engaged,1,0,high_confidence
engaged_2000.jpg,engaged_2203.jpg,engaged,1,0,high_confidence
engaged_2000.jpg,engaged_2214.jpg,engaged,1,0,high_confidence
engaged_2000.jpg,engaged_2216.jpg,engaged,1,0,high_confidence
engaged_2046.jpg,engaged_2049.jpg,engaged,0,0,high_confidence
engaged_2046.jpg,engaged_2068.jpg,engaged,1,0,high_confidence
engaged_2046.jpg,engaged_2069.jpg,engaged,1,0,high_confidence
engaged_2046.jpg,engaged_2070.jpg,engaged,1,0,high_confidence
engaged_2046.jpg,engaged_2074.jpg,engaged,1,0,high_confidence
engaged_2046.jpg,engaged_2075.jpg,engaged,1,0,high_confidence
engaged_2046.jpg,engaged_2076.jpg,engaged,1,0,high_confidence
engaged_2046.jpg,engaged_2093.jpg,engaged,1,0,high_confidence
engaged_2046.jpg,engaged_2097.jpg,engaged,1,0,high_confidence
engaged_2046.jpg,engaged_2098.jpg,engaged,1,0,high_confidence
engaged_2046.jpg,engaged_2102.jpg,engaged,1,0,high_confidence
engaged_2046.jpg,engaged_2107.jpg,engaged,1,0,high_confidence
engaged_2046.jpg,engaged_2117.jpg,engaged,1,0,high_confidence
engaged_2046.jpg,engaged_2118.jpg,engaged,1,0,high_confidence
engaged_2046.jpg,engaged_2119.jpg,engaged,1,0,high_confidence
engaged_2046.jpg,engaged_2120.jpg,engaged,1,0,high_confidence
engaged_2046.jpg,engaged_2123.jpg,engaged,1,0,high_confidence
engaged_2046.jpg,engaged_2124.jpg,engaged,1,0,high_confidence
engaged_2046.jpg,engaged_2126.jpg,engaged,1,0,high_confidence
engaged_2046.jpg,engaged_2134.jpg,engaged,1,0,high_confidence
engaged_2046.jpg,engaged_2135.jpg,engaged,1,0,high_confidence
engaged_2046.jpg,engaged_2137.jpg,engaged,1,0,high_confidence
engaged_2046.jpg,engaged_2145.jpg,engaged,1,0,high_confidence
engaged_2046.jpg,engaged_2146.jpg,engaged,1,0,high_confidence
engaged_2046.jpg,engaged_2148.jpg,engaged,1,0,high_confidence
engaged_2046.jpg,engaged_2149.jpg,engaged,1,0,high_confidence
engaged_2046.jpg,engaged_2150.jpg,engaged,1,0,high_confidence
engaged_2046.jpg,engaged_2155.jpg,engaged,1,0,high_confidence
engaged_2046.jpg,engaged_2157.jpg,engaged,1,0,high_confidence
engaged_2046.jpg,engaged_2158.jpg,engaged,1,0,high_confidence
engaged_2046.jpg,engaged_2159.jpg,engaged,1,0,high_confidence
engaged_2046.jpg,engaged_2160.jpg,engaged,1,0,high_confidence
engaged_2046.jpg,engaged_2163.jpg,engaged,1,0,high_confidence
engaged_2046.jpg,engaged_2164.jpg,engaged,1,0,high_confidence
engaged_2046.jpg,engaged_2165.jpg,engaged,1,0,high_confidence
engaged_2046.jpg,engaged_2170.jpg,engaged,1,0,high_confidence
engaged_2046.jpg,engaged_2171.jpg,engaged,1,0,high_confidence
engaged_2046.jpg,engaged_2173.jpg,engaged,1,0,high_confidence
engaged_2046.jpg,engaged_2174.jpg,engaged,1,0,high_confidence
engaged_2046.jpg,engaged_2175.jpg,engaged,1,0,high_confidence
engaged_2046.jpg,engaged_2180.jpg,engaged,1,0,high_confidence
engaged_2046.jpg,engaged_2182.jpg,engaged,1,0,high_confidence
engaged_2046.jpg,engaged_2183.jpg,engaged,1,0,high_confidence
engaged_2046.jpg,engaged_2184.jpg,engaged,1,0,high_confidence
engaged_2046.jpg,engaged_2185.jpg,engaged,1,0,high_confidence
engaged_2046.jpg,engaged_2187.jpg,engaged,1,0,high_confidence
engaged_2046.jpg,engaged_2188.jpg,engaged,1,0,high_confidence
engaged_2046.jpg,engaged_2189.jpg,engaged,1,0,high_confidence
engaged_2046.jpg,engaged_2190.jpg,engaged,1,0,high_confidence
engaged_2046.jpg,engaged_2192.jpg,engaged,1,0,high_confidence
engaged_2046.jpg,engaged_2194.jpg,engaged,1,0,high_confidence
engaged_2046.jpg,engaged_2199.jpg,engaged,1,0,high_confidence
engaged_2046.jpg,engaged_2200.jpg,engaged,1,0,high_confidence
engaged_2046.jpg,engaged_2201.jpg,engaged,1,0,high_confidence
engaged_2046.jpg,engaged_2202.jpg,engaged,1,0,high_confidence
engaged_2046.jpg,engaged_2204.jpg,engaged,1,0,high_confidence
engaged_2046.jpg,engaged_2210.jpg,engaged,1,0,high_confidence
engaged_2046.jpg,engaged_2211.jpg,engaged,1,0,high_confidence
engaged_2046.jpg,engaged_2212.jpg,engaged,1,0,high_confidence
engaged_2046.jpg,engaged_2215.jpg,engaged,1,0,high_confidence
engaged_2046.jpg,engaged_1775.jpg,engaged,0,0,high_confidence
engaged_2046.jpg,engaged_1779.jpg,engaged,0,0,high_confidence
engaged_2046.jpg,engaged_1836.jpg,engaged,1,0,high_confidence
engaged_2046.jpg,engaged_1867.jpg,engaged,0,0,high_confidence
engaged_2046.jpg,engaged_1979.jpg,engaged,0,0,high_confidence
engaged_2046.jpg,engaged_2045.jpg,engaged,0,0,high_confidence
engaged_2046.jpg,engaged_2079.jpg,engaged,1,0,high_confidence
engaged_2046.jpg,engaged_2080.jpg,engaged,1,0,high_confidence
engaged_2046.jpg,engaged_2086.jpg,engaged,1,0,high_confidence
engaged_2046.jpg,engaged_2096.jpg,engaged,1,0,high_confidence
engaged_2046.jpg,engaged_2103.jpg,engaged,1,0,high_confidence
engaged_2046.jpg,engaged_2121.jpg,engaged,1,0,high_confidence
engaged_2046.jpg,engaged_2136.jpg,engaged,1,0,high_confidence
engaged_2046.jpg,engaged_2166.jpg,engaged,1,0,high_confidence
engaged_2046.jpg,engaged_2172.jpg,engaged,1,0,high_confidence
engaged_2046.jpg,engaged_2213.jpg,engaged,1,0,high_confidence
engaged_2046.jpg,engaged_1806.jpg,engaged,0,0,high_confidence
engaged_2046.jpg,engaged_1860.jpg,engaged,0,0,high_confidence
engaged_2046.jpg,engaged_1916.jpg,engaged,0,0,high_confidence
engaged_2046.jpg,engaged_1925.jpg,engaged,0,0,high_confidence
engaged_2046.jpg,engaged_1982.jpg,engaged,0,0,high_confidence
engaged_2046.jpg,engaged_2048.jpg,engaged,0,0,high_confidence
engaged_2046.jpg,engaged_2073.jpg,engaged,1,0,high_confidence
engaged_2046.jpg,engaged_2081.jpg,engaged,1,0,high_confidence
engaged_2046.jpg,engaged_2092.jpg,engaged,1,0,high_confidence
engaged_2046.jpg,engaged_2106.jpg,engaged,1,0,high_confidence
engaged_2046.jpg,engaged_2111.jpg,engaged,1,0,high_confidence
engaged_2046.jpg,engaged_2116.jpg,engaged,1,0,high_confidence
engaged_2046.jpg,engaged_2125.jpg,engaged,1,0,high_confidence
engaged_2046.jpg,engaged_2156.jpg,engaged,1,0,high_confidence
engaged_2046.jpg,engaged_2181.jpg,engaged,1,0,high_confidence
engaged_2046.jpg,engaged_2191.jpg,engaged,1,0,high_confidence
engaged_2046.jpg,engaged_2198.jpg,engaged,1,0,high_confidence
engaged_2046.jpg,engaged_2203.jpg,engaged,1,0,high_confidence
engaged_2046.jpg,engaged_2214.jpg,engaged,1,0,high_confidence
engaged_2046.jpg,engaged_2216.jpg,engaged,1,0,high_confidence
engaged_2049.jpg,engaged_2068.jpg,engaged,1,0,high_confidence
engaged_2049.jpg,engaged_2069.jpg,engaged,1,0,high_confidence
engaged_2049.jpg,engaged_2070.jpg,engaged,1,0,high_confidence
engaged_2049.jpg,engaged_2074.jpg,engaged,1,0,high_confidence
engaged_2049.jpg,engaged_2075.jpg,engaged,1,0,high_confidence
engaged_2049.jpg,engaged_2076.jpg,engaged,1,0,high_confidence
engaged_2049.jpg,engaged_2093.jpg,engaged,1,0,high_confidence
engaged_2049.jpg,engaged_2097.jpg,engaged,1,0,high_confidence
engaged_2049.jpg,engaged_2098.jpg,engaged,1,0,high_confidence
engaged_2049.jpg,engaged_2102.jpg,engaged,1,0,high_confidence
engaged_2049.jpg,engaged_2107.jpg,engaged,1,0,high_confidence
engaged_2049.jpg,engaged_2117.jpg,engaged,1,0,high_confidence
engaged_2049.jpg,engaged_2118.jpg,engaged,1,0,high_confidence
engaged_2049.jpg,engaged_2119.jpg,engaged,1,0,high_confidence
engaged_2049.jpg,engaged_2120.jpg,engaged,1,0,high_confidence
engaged_2049.jpg,engaged_2123.jpg,engaged,1,0,high_confidence
engaged_2049.jpg,engaged_2124.jpg,engaged,1,0,high_confidence
engaged_2049.jpg,engaged_2126.jpg,engaged,1,0,high_confidence
engaged_2049.jpg,engaged_2134.jpg,engaged,1,0,high_confidence
engaged_2049.jpg,engaged_2135.jpg,engaged,1,0,high_confidence
engaged_2049.jpg,engaged_2137.jpg,engaged,1,0,high_confidence
engaged_2049.jpg,engaged_2145.jpg,engaged,1,0,high_confidence
engaged_2049.jpg,engaged_2146.jpg,engaged,1,0,high_confidence
engaged_2049.jpg,engaged_2148.jpg,engaged,1,0,high_confidence
engaged_2049.jpg,engaged_2149.jpg,engaged,1,0,high_confidence
engaged_2049.jpg,engaged_2150.jpg,engaged,1,0,high_confidence
engaged_2049.jpg,engaged_2155.jpg,engaged,1,0,high_confidence
engaged_2049.jpg,engaged_2157.jpg,engaged,1,0,high_confidence
engaged_2049.jpg,engaged_2158.jpg,engaged,1,0,high_confidence
engaged_2049.jpg,engaged_2159.jpg,engaged,1,0,high_confidence
engaged_2049.jpg,engaged_2160.jpg,engaged,1,0,high_confidence
engaged_2049.jpg,engaged_2163.jpg,engaged,1,0,high_confidence
engaged_2049.jpg,engaged_2164.jpg,engaged,1,0,high_confidence
engaged_2049.jpg,engaged_2165.jpg,engaged,1,0,high_confidence
engaged_2049.jpg,engaged_2170.jpg,engaged,1,0,high_confidence
engaged_2049.jpg,engaged_2171.jpg,engaged,1,0,high_confidence
engaged_2049.jpg,engaged_2173.jpg,engaged,1,0,high_confidence
engaged_2049.jpg,engaged_2174.jpg,engaged,1,0,high_confidence
engaged_2049.jpg,engaged_2175.jpg,engaged,1,0,high_confidence
engaged_2049.jpg,engaged_2180.jpg,engaged,1,0,high_confidence
engaged_2049.jpg,engaged_2182.jpg,engaged,1,0,high_confidence
engaged_2049.jpg,engaged_2183.jpg,engaged,1,0,high_confidence
engaged_2049.jpg,engaged_2184.jpg,engaged,1,0,high_confidence
engaged_2049.jpg,engaged_2185.jpg,engaged,1,0,high_confidence
engaged_2049.jpg,engaged_2187.jpg,engaged,1,0,high_confidence
engaged_2049.jpg,engaged_2188.jpg,engaged,1,0,high_confidence
engaged_2049.jpg,engaged_2189.jpg,engaged,1,0,high_confidence
engaged_2049.jpg,engaged_2190.jpg,engaged,1,0,high_confidence
engaged_2049.jpg,engaged_2192.jpg,engaged,1,0,high_confidence
engaged_2049.jpg,engaged_2194.jpg,engaged,1,0,high_confidence
engaged_2049.jpg,engaged_2199.jpg,engaged,1,0,high_confidence
engaged_2049.jpg,engaged_2200.jpg,engaged,1,0,high_confidence
engaged_2049.jpg,engaged_2201.jpg,engaged,1,0,high_confidence
engaged_2049.jpg,engaged_2202.jpg,engaged,1,0,high_confidence
engaged_2049.jpg,engaged_2204.jpg,engaged,1,0,high_confidence
engaged_2049.jpg,engaged_2210.jpg,engaged,1,0,high_confidence
engaged_2049.jpg,engaged_2211.jpg,engaged,1,0,high_confidence
engaged_2049.jpg,engaged_2212.jpg,engaged,1,0,high_confidence
engaged_2049.jpg,engaged_2215.jpg,engaged,1,0,high_confidence
engaged_2049.jpg,engaged_1775.jpg,engaged,0,0,high_confidence
engaged_2049.jpg,engaged_1779.jpg,engaged,0,0,high_confidence
engaged_2049.jpg,engaged_1836.jpg,engaged,1,0,high_confidence
engaged_2049.jpg,engaged_1867.jpg,engaged,0,0,high_confidence
engaged_2049.jpg,engaged_1979.jpg,engaged,0,0,high_confidence
engaged_2049.jpg,engaged_2045.jpg,engaged,0,0,high_confidence
engaged_2049.jpg,engaged_2079.jpg,engaged,1,0,high_confidence
engaged_2049.jpg,engaged_2080.jpg,engaged,1,0,high_confidence
engaged_2049.jpg,engaged_2086.jpg,engaged,1,0,high_confidence
engaged_2049.jpg,engaged_2096.jpg,engaged,1,0,high_confidence
engaged_2049.jpg,engaged_2103.jpg,engaged,1,0,high_confidence
engaged_2049.jpg,engaged_2121.jpg,engaged,1,0,high_confidence
engaged_2049.jpg,engaged_2136.jpg,engaged,1,0,high_confidence
engaged_2049.jpg,engaged_2166.jpg,engaged,1,0,high_confidence
engaged_2049.jpg,engaged_2172.jpg,engaged,1,0,high_confidence
engaged_2049.jpg,engaged_2213.jpg,engaged,1,0,high_confidence
engaged_2049.jpg,engaged_1806.jpg,engaged,0,0,high_confidence
engaged_2049.jpg,engaged_1860.jpg,engaged,0,0,high_confidence
engaged_2049.jpg,engaged_1916.jpg,engaged,0,0,high_confidence
engaged_2049.jpg,engaged_1925.jpg,engaged,0,0,high_confidence
engaged_2049.jpg,engaged_1982.jpg,engaged,0,0,high_confidence
engaged_2049.jpg,engaged_2048.jpg,engaged,0,0,high_confidence
engaged_2049.jpg,engaged_2073.jpg,engaged,1,0,high_confidence
engaged_2049.jpg,engaged_2081.jpg,engaged,1,0,high_confidence
engaged_2049.jpg,engaged_2092.jpg,engaged,1,0,high_confidence
engaged_2049.jpg,engaged_2106.jpg,engaged,1,0,high_confidence
engaged_2049.jpg,engaged_2111.jpg,engaged,1,0,high_confidence
engaged_2049.jpg,engaged_2116.jpg,engaged,1,0,high_confidence
engaged_2049.jpg,engaged_2125.jpg,engaged,1,0,high_confidence
engaged_2049.jpg,engaged_2156.jpg,engaged,1,0,high_confidence
engaged_2049.jpg,engaged_2181.jpg,engaged,1,0,high_confidence
engaged_2049.jpg,engaged_2191.jpg,engaged,1,0,high_confidence
engaged_2049.jpg,engaged_2198.jpg,engaged,1,0,high_confidence
engaged_2049.jpg,engaged_2203.jpg,engaged,1,0,high_confidence
engaged_2049.jpg,engaged_2214.jpg,engaged,1,0,high_confidence
engaged_2049.jpg,engaged_2216.jpg,engaged,1,0,high_confidence
engaged_2068.jpg,engaged_2069.jpg,engaged,0,0,high_confidence
engaged_2068.jpg,engaged_2070.jpg,engaged,0,0,high_confidence
engaged_2068.jpg,engaged_2074.jpg,engaged,0,0,high_confidence
engaged_2068.jpg,engaged_2075.jpg,engaged,0,0,high_confidence
engaged_2068.jpg,engaged_2076.jpg,engaged,0,0,high_confidence
engaged_2068.jpg,engaged_2093.jpg,engaged,0,0,high_confidence
engaged_2068.jpg,engaged_2097.jpg,engaged,0,0,high_confidence
engaged_2068.jpg,engaged_2098.jpg,engaged,0,0,high_confidence
engaged_2068.jpg,engaged_2102.jpg,engaged,0,0,high_confidence
engaged_2068.jpg,engaged_2107.jpg,engaged,0,0,high_confidence
engaged_2068.jpg,engaged_2117.jpg,engaged,0,0,high_confidence
engaged_2068.jpg,engaged_2118.jpg,engaged,0,0,high_confidence
engaged_2068.jpg,engaged_2119.jpg,engaged,0,0,high_confidence
engaged_2068.jpg,engaged_2120.jpg,engaged,0,0,high_confidence
engaged_2068.jpg,engaged_2123.jpg,engaged,0,0,high_confidence
engaged_2068.jpg,engaged_2124.jpg,engaged,0,0,high_confidence
engaged_2068.jpg,engaged_2126.jpg,engaged,0,0,high_confidence
engaged_2068.jpg,engaged_2134.jpg,engaged,0,0,high_confidence
engaged_2068.jpg,engaged_2135.jpg,engaged,0,0,high_confidence
engaged_2068.jpg,engaged_2137.jpg,engaged,0,0,high_confidence
engaged_2068.jpg,engaged_2145.jpg,engaged,0,0,high_confidence
engaged_2068.jpg,engaged_2146.jpg,engaged,0,0,high_confidence
engaged_2068.jpg,engaged_2148.jpg,engaged,0,0,high_confidence
engaged_2068.jpg,engaged_2149.jpg,engaged,0,0,high_confidence
engaged_2068.jpg,engaged_2150.jpg,engaged,0,0,high_confidence
engaged_2068.jpg,engaged_2155.jpg,engaged,0,0,high_confidence
engaged_2068.jpg,engaged_2157.jpg,engaged,0,0,high_confidence
engaged_2068.jpg,engaged_2158.jpg,engaged,0,0,high_confidence
engaged_2068.jpg,engaged_2159.jpg,engaged,0,0,high_confidence
engaged_2068.jpg,engaged_2160.jpg,engaged,0,0,high_confidence
engaged_2068.jpg,engaged_2163.jpg,engaged,0,0,high_confidence
engaged_2068.jpg,engaged_2164.jpg,engaged,0,0,high_confidence
engaged_2068.jpg,engaged_2165.jpg,engaged,0,0,high_confidence
engaged_2068.jpg,engaged_2170.jpg,engaged,0,0,high_confidence
engaged_2068.jpg,engaged_2171.jpg,engaged,0,0,high_confidence
engaged_2068.jpg,engaged_2173.jpg,engaged,0,0,high_confidence
engaged_2068.jpg,engaged_2174.jpg,engaged,0,0,high_confidence
engaged_2068.jpg,engaged_2175.jpg,engaged,0,0,high_confidence
engaged_2068.jpg,engaged_2180.jpg,engaged,0,0,high_confidence
engaged_2068.jpg,engaged_2182.jpg,engaged,0,0,high_confidence
engaged_2068.jpg,engaged_2183.jpg,engaged,0,0,high_confidence
engaged_2068.jpg,engaged_2184.jpg,engaged,0,0,high_confidence
engaged_2068.jpg,engaged_2185.jpg,engaged,0,0,high_confidence
engaged_2068.jpg,engaged_2187.jpg,engaged,0,0,high_confidence
engaged_2068.jpg,engaged_2188.jpg,engaged,0,0,high_confidence
engaged_2068.jpg,engaged_2189.jpg,engaged,0,0,high_confidence
engaged_2068.jpg,engaged_2190.jpg,engaged,0,0,high_confidence
engaged_2068.jpg,engaged_2192.jpg,engaged,0,0,high_confidence
engaged_2068.jpg,engaged_2194.jpg,engaged,0,0,high_confidence
engaged_2068.jpg,engaged_2199.jpg,engaged,0,0,high_confidence
engaged_2068.jpg,engaged_2200.jpg,engaged,0,0,high_confidence
engaged_2068.jpg,engaged_2201.jpg,engaged,0,0,high_confidence
engaged_2068.jpg,engaged_2202.jpg,engaged,0,0,high_confidence
engaged_2068.jpg,engaged_2204.jpg,engaged,0,0,high_confidence
engaged_2068.jpg,engaged_2210.jpg,engaged,0,0,high_confidence
engaged_2068.jpg,engaged_2211.jpg,engaged,0,0,high_confidence
engaged_2068.jpg,engaged_2212.jpg,engaged,0,0,high_confidence
engaged_2068.jpg,engaged_2215.jpg,engaged,0,0,high_confidence
engaged_2068.jpg,engaged_1775.jpg,engaged,1,0,high_confidence
engaged_2068.jpg,engaged_1779.jpg,engaged,1,0,high_confidence
engaged_2068.jpg,engaged_1836.jpg,engaged,0,0,high_confidence
engaged_2068.jpg,engaged_1867.jpg,engaged,1,0,high_confidence
engaged_2068.jpg,engaged_1979.jpg,engaged,1,0,high_confidence
engaged_2068.jpg,engaged_2045.jpg,engaged,1,0,high_confidence
engaged_2068.jpg,engaged_2079.jpg,engaged,0,0,high_confidence
engaged_2068.jpg,engaged_2080.jpg,engaged,0,0,high_confidence
engaged_2068.jpg,engaged_2086.jpg,engaged,0,0,high_confidence
engaged_2068.jpg,engaged_2096.jpg,engaged,0,0,high_confidence
engaged_2068.jpg,engaged_2103.jpg,engaged,0,0,high_confidence
engaged_2068.jpg,engaged_2121.jpg,engaged,0,0,high_confidence
engaged_2068.jpg,engaged_2136.jpg,engaged,0,0,high_confidence
engaged_2068.jpg,engaged_2166.jpg,engaged,0,0,high_confidence
engaged_2068.jpg,engaged_2172.jpg,engaged,0,0,high_confidence
engaged_2068.jpg,engaged_2213.jpg,engaged,0,0,high_confidence
engaged_2068.jpg,engaged_1806.jpg,engaged,1,0,high_confidence
engaged_2068.jpg,engaged_1860.jpg,engaged,1,0,high_confidence
engaged_2068.jpg,engaged_1916.jpg,engaged,1,0,high_confidence
engaged_2068.jpg,engaged_1925.jpg,engaged,1,0,high_confidence
engaged_2068.jpg,engaged_1982.jpg,engaged,1,0,high_confidence
engaged_2068.jpg,engaged_2048.jpg,engaged,1,0,high_confidence
engaged_2068.jpg,engaged_2073.jpg,engaged,0,0,high_confidence
engaged_2068.jpg,engaged_2081.jpg,engaged,0,0,high_confidence
engaged_2068.jpg,engaged_2092.jpg,engaged,0,0,high_confidence
engaged_2068.jpg,engaged_2106.jpg,engaged,0,0,high_confidence
engaged_2068.jpg,engaged_2111.jpg,engaged,0,0,high_confidence
engaged_2068.jpg,engaged_2116.jpg,engaged,0,0,high_confidence
engaged_2068.jpg,engaged_2125.jpg,engaged,0,0,high_confidence
engaged_2068.jpg,engaged_2156.jpg,engaged,0,0,high_confidence
engaged_2068.jpg,engaged_2181.jpg,engaged,0,0,high_confidence
engaged_2068.jpg,engaged_2191.jpg,engaged,0,0,high_confidence
engaged_2068.jpg,engaged_2198.jpg,engaged,0,0,high_confidence
engaged_2068.jpg,engaged_2203.jpg,engaged,0,0,high_confidence
engaged_2068.jpg,engaged_2214.jpg,engaged,0,0,high_confidence
engaged_2068.jpg,engaged_2216.jpg,engaged,0,0,high_confidence
engaged_2069.jpg,engaged_2070.jpg,engaged,0,0,high_confidence
engaged_2069.jpg,engaged_2074.jpg,engaged,0,0,high_confidence
engaged_2069.jpg,engaged_2075.jpg,engaged,0,0,high_confidence
engaged_2069.jpg,engaged_2076.jpg,engaged,0,0,high_confidence
engaged_2069.jpg,engaged_2093.jpg,engaged,0,0,high_confidence
engaged_2069.jpg,engaged_2097.jpg,engaged,0,0,high_confidence
engaged_2069.jpg,engaged_2098.jpg,engaged,0,0,high_confidence
engaged_2069.jpg,engaged_2102.jpg,engaged,0,0,high_confidence
engaged_2069.jpg,engaged_2107.jpg,engaged,0,0,high_confidence
engaged_2069.jpg,engaged_2117.jpg,engaged,0,0,high_confidence
engaged_2069.jpg,engaged_2118.jpg,engaged,0,0,high_confidence
engaged_2069.jpg,engaged_2119.jpg,engaged,0,0,high_confidence
engaged_2069.jpg,engaged_2120.jpg,engaged,0,0,high_confidence
engaged_2069.jpg,engaged_2123.jpg,engaged,0,0,high_confidence
engaged_2069.jpg,engaged_2124.jpg,engaged,0,0,high_confidence
engaged_2069.jpg,engaged_2126.jpg,engaged,0,0,high_confidence
engaged_2069.jpg,engaged_2134.jpg,engaged,0,0,high_confidence
engaged_2069.jpg,engaged_2135.jpg,engaged,0,0,high_confidence
engaged_2069.jpg,engaged_2137.jpg,engaged,0,0,high_confidence
engaged_2069.jpg,engaged_2145.jpg,engaged,0,0,high_confidence
engaged_2069.jpg,engaged_2146.jpg,engaged,0,0,high_confidence
engaged_2069.jpg,engaged_2148.jpg,engaged,0,0,high_confidence
engaged_2069.jpg,engaged_2149.jpg,engaged,0,0,high_confidence
engaged_2069.jpg,engaged_2150.jpg,engaged,0,0,high_confidence
engaged_2069.jpg,engaged_2155.jpg,engaged,0,0,high_confidence
engaged_2069.jpg,engaged_2157.jpg,engaged,0,0,high_confidence
engaged_2069.jpg,engaged_2158.jpg,engaged,0,0,high_confidence
engaged_2069.jpg,engaged_2159.jpg,engaged,0,0,high_confidence
engaged_2069.jpg,engaged_2160.jpg,engaged,0,0,high_confidence
engaged_2069.jpg,engaged_2163.jpg,engaged,0,0,high_confidence
engaged_2069.jpg,engaged_2164.jpg,engaged,0,0,high_confidence
engaged_2069.jpg,engaged_2165.jpg,engaged,0,0,high_confidence
engaged_2069.jpg,engaged_2170.jpg,engaged,0,0,high_confidence
engaged_2069.jpg,engaged_2171.jpg,engaged,0,0,high_confidence
engaged_2069.jpg,engaged_2173.jpg,engaged,0,0,high_confidence
engaged_2069.jpg,engaged_2174.jpg,engaged,0,0,high_confidence
engaged_2069.jpg,engaged_2175.jpg,engaged,0,0,high_confidence
engaged_2069.jpg,engaged_2180.jpg,engaged,0,0,high_confidence
engaged_2069.jpg,engaged_2182.jpg,engaged,0,0,high_confidence
engaged_2069.jpg,engaged_2183.jpg,engaged,0,0,high_confidence
engaged_2069.jpg,engaged_2184.jpg,engaged,0,0,high_confidence
engaged_2069.jpg,engaged_2185.jpg,engaged,0,0,high_confidence
engaged_2069.jpg,engaged_2187.jpg,engaged,0,0,high_confidence
engaged_2069.jpg,engaged_2188.jpg,engaged,0,0,high_confidence
engaged_2069.jpg,engaged_2189.jpg,engaged,0,0,high_confidence
engaged_2069.jpg,engaged_2190.jpg,engaged,0,0,high_confidence
engaged_2069.jpg,engaged_2192.jpg,engaged,0,0,high_confidence
engaged_2069.jpg,engaged_2194.jpg,engaged,0,0,high_confidence
engaged_2069.jpg,engaged_2199.jpg,engaged,0,0,high_confidence
engaged_2069.jpg,engaged_2200.jpg,engaged,0,0,high_confidence
engaged_2069.jpg,engaged_2201.jpg,engaged,0,0,high_confidence
engaged_2069.jpg,engaged_2202.jpg,engaged,0,0,high_confidence
engaged_2069.jpg,engaged_2204.jpg,engaged,0,0,high_confidence
engaged_2069.jpg,engaged_2210.jpg,engaged,0,0,high_confidence
engaged_2069.jpg,engaged_2211.jpg,engaged,0,0,high_confidence
engaged_2069.jpg,engaged_2212.jpg,engaged,0,0,high_confidence
engaged_2069.jpg,engaged_2215.jpg,engaged,0,0,high_confidence
engaged_2069.jpg,engaged_1775.jpg,engaged,1,0,high_confidence
engaged_2069.jpg,engaged_1779.jpg,engaged,1,0,high_confidence
engaged_2069.jpg,engaged_1836.jpg,engaged,0,0,high_confidence
engaged_2069.jpg,engaged_1867.jpg,engaged,1,0,high_confidence
engaged_2069.jpg,engaged_1979.jpg,engaged,1,0,high_confidence
engaged_2069.jpg,engaged_2045.jpg,engaged,1,0,high_confidence
engaged_2069.jpg,engaged_2079.jpg,engaged,0,0,high_confidence
engaged_2069.jpg,engaged_2080.jpg,engaged,0,0,high_confidence
engaged_2069.jpg,engaged_2086.jpg,engaged,0,0,high_confidence
engaged_2069.jpg,engaged_2096.jpg,engaged,0,0,high_confidence
engaged_2069.jpg,engaged_2103.jpg,engaged,0,0,high_confidence
engaged_2069.jpg,engaged_2121.jpg,engaged,0,0,high_confidence
engaged_2069.jpg,engaged_2136.jpg,engaged,0,0,high_confidence
engaged_2069.jpg,engaged_2166.jpg,engaged,0,0,high_confidence
engaged_2069.jpg,engaged_2172.jpg,engaged,0,0,high_confidence
engaged_2069.jpg,engaged_2213.jpg,engaged,0,0,high_confidence
engaged_2069.jpg,engaged_1806.jpg,engaged,1,0,high_confidence
engaged_2069.jpg,engaged_1860.jpg,engaged,1,0,high_confidence
engaged_2069.jpg,engaged_1916.jpg,engaged,1,0,high_confidence
engaged_2069.jpg,engaged_1925.jpg,engaged,1,0,high_confidence
engaged_2069.jpg,engaged_1982.jpg,engaged,1,0,high_confidence
engaged_2069.jpg,engaged_2048.jpg,engaged,1,0,high_confidence
engaged_2069.jpg,engaged_2073.jpg,engaged,0,0,high_confidence
engaged_2069.jpg,engaged_2081.jpg,engaged,0,0,high_confidence
engaged_2069.jpg,engaged_2092.jpg,engaged,0,0,high_confidence
engaged_2069.jpg,engaged_2106.jpg,engaged,0,0,high_confidence
engaged_2069.jpg,engaged_2111.jpg,engaged,0,0,high_confidence
engaged_2069.jpg,engaged_2116.jpg,engaged,0,0,high_confidence
engaged_2069.jpg,engaged_2125.jpg,engaged,0,0,high_confidence
engaged_2069.jpg,engaged_2156.jpg,engaged,0,0,high_confidence
engaged_2069.jpg,engaged_2181.jpg,engaged,0,0,high_confidence
engaged_2069.jpg,engaged_2191.jpg,engaged,0,0,high_confidence
engaged_2069.jpg,engaged_2198.jpg,engaged,0,0,high_confidence
engaged_2069.jpg,engaged_2203.jpg,engaged,0,0,high_confidence
engaged_2069.jpg,engaged_2214.jpg,engaged,0,0,high_confidence
engaged_2069.jpg,engaged_2216.jpg,engaged,0,0,high_confidence
engaged_2070.jpg,engaged_2074.jpg,engaged,0,0,high_confidence
engaged_2070.jpg,engaged_2075.jpg,engaged,0,0,high_confidence
engaged_2070.jpg,engaged_2076.jpg,engaged,0,0,high_confidence
engaged_2070.jpg,engaged_2093.jpg,engaged,0,0,high_confidence
engaged_2070.jpg,engaged_2097.jpg,engaged,0,0,high_confidence
engaged_2070.jpg,engaged_2098.jpg,engaged,0,0,high_confidence
engaged_2070.jpg,engaged_2102.jpg,engaged,0,0,high_confidence
engaged_2070.jpg,engaged_2107.jpg,engaged,0,0,high_confidence
engaged_2070.jpg,engaged_2117.jpg,engaged,0,0,high_confidence
engaged_2070.jpg,engaged_2118.jpg,engaged,0,0,high_confidence
engaged_2070.jpg,engaged_2119.jpg,engaged,0,0,high_confidence
engaged_2070.jpg,engaged_2120.jpg,engaged,0,0,high_confidence
engaged_2070.jpg,engaged_2123.jpg,engaged,0,0,high_confidence
engaged_2070.jpg,engaged_2124.jpg,engaged,0,0,high_confidence
engaged_2070.jpg,engaged_2126.jpg,engaged,0,0,high_confidence
engaged_2070.jpg,engaged_2134.jpg,engaged,0,0,high_confidence
engaged_2070.jpg,engaged_2135.jpg,engaged,0,0,high_confidence
engaged_2070.jpg,engaged_2137.jpg,engaged,0,0,high_confidence
engaged_2070.jpg,engaged_2145.jpg,engaged,0,0,high_confidence
engaged_2070.jpg,engaged_2146.jpg,engaged,0,0,high_confidence
engaged_2070.jpg,engaged_2148.jpg,engaged,0,0,high_confidence
engaged_2070.jpg,engaged_2149.jpg,engaged,0,0,high_confidence
engaged_2070.jpg,engaged_2150.jpg,engaged,0,0,high_confidence
engaged_2070.jpg,engaged_2155.jpg,engaged,0,0,high_confidence
engaged_2070.jpg,engaged_2157.jpg,engaged,0,0,high_confidence
engaged_2070.jpg,engaged_2158.jpg,engaged,0,0,high_confidence
engaged_2070.jpg,engaged_2159.jpg,engaged,0,0,high_confidence
engaged_2070.jpg,engaged_2160.jpg,engaged,0,0,high_confidence
engaged_2070.jpg,engaged_2163.jpg,engaged,0,0,high_confidence
engaged_2070.jpg,engaged_2164.jpg,engaged,0,0,high_confidence
engaged_2070.jpg,engaged_2165.jpg,engaged,0,0,high_confidence
engaged_2070.jpg,engaged_2170.jpg,engaged,0,0,high_confidence
engaged_2070.jpg,engaged_2171.jpg,engaged,0,0,high_confidence
engaged_2070.jpg,engaged_2173.jpg,engaged,0,0,high_confidence
engaged_2070.jpg,engaged_2174.jpg,engaged,0,0,high_confidence
engaged_2070.jpg,engaged_2175.jpg,engaged,0,0,high_confidence
engaged_2070.jpg,engaged_2180.jpg,engaged,0,0,high_confidence
engaged_2070.jpg,engaged_2182.jpg,engaged,0,0,high_confidence
engaged_2070.jpg,engaged_2183.jpg,engaged,0,0,high_confidence
engaged_2070.jpg,engaged_2184.jpg,engaged,0,0,high_confidence
engaged_2070.jpg,engaged_2185.jpg,engaged,0,0,high_confidence
engaged_2070.jpg,engaged_2187.jpg,engaged,0,0,high_confidence
engaged_2070.jpg,engaged_2188.jpg,engaged,0,0,high_confidence
engaged_2070.jpg,engaged_2189.jpg,engaged,0,0,high_confidence
engaged_2070.jpg,engaged_2190.jpg,engaged,0,0,high_confidence
engaged_2070.jpg,engaged_2192.jpg,engaged,0,0,high_confidence
engaged_2070.jpg,engaged_2194.jpg,engaged,0,0,high_confidence
engaged_2070.jpg,engaged_2199.jpg,engaged,0,0,high_confidence
engaged_2070.jpg,engaged_2200.jpg,engaged,0,0,high_confidence
engaged_2070.jpg,engaged_2201.jpg,engaged,0,0,high_confidence
engaged_2070.jpg,engaged_2202.jpg,engaged,0,0,high_confidence
engaged_2070.jpg,engaged_2204.jpg,engaged,0,0,high_confidence
engaged_2070.jpg,engaged_2210.jpg,engaged,0,0,high_confidence
engaged_2070.jpg,engaged_2211.jpg,engaged,0,0,high_confidence
engaged_2070.jpg,engaged_2212.jpg,engaged,0,0,high_confidence
engaged_2070.jpg,engaged_2215.jpg,engaged,0,0,high_confidence
engaged_2070.jpg,engaged_1775.jpg,engaged,1,0,high_confidence
engaged_2070.jpg,engaged_1779.jpg,engaged,1,0,high_confidence
engaged_2070.jpg,engaged_1836.jpg,engaged,0,0,high_confidence
engaged_2070.jpg,engaged_1867.jpg,engaged,1,0,high_confidence
engaged_2070.jpg,engaged_1979.jpg,engaged,1,0,high_confidence
engaged_2070.jpg,engaged_2045.jpg,engaged,1,0,high_confidence
engaged_2070.jpg,engaged_2079.jpg,engaged,0,0,high_confidence
engaged_2070.jpg,engaged_2080.jpg,engaged,0,0,high_confidence
engaged_2070.jpg,engaged_2086.jpg,engaged,0,0,high_confidence
engaged_2070.jpg,engaged_2096.jpg,engaged,0,0,high_confidence
engaged_2070.jpg,engaged_2103.jpg,engaged,0,0,high_confidence
engaged_2070.jpg,engaged_2121.jpg,engaged,0,0,high_confidence
engaged_2070.jpg,engaged_2136.jpg,engaged,0,0,high_confidence
engaged_2070.jpg,engaged_2166.jpg,engaged,0,0,high_confidence
engaged_2070.jpg,engaged_2172.jpg,engaged,0,0,high_confidence
engaged_2070.jpg,engaged_2213.jpg,engaged,0,0,high_confidence
engaged_2070.jpg,engaged_1806.jpg,engaged,1,0,high_confidence
engaged_2070.jpg,engaged_1860.jpg,engaged,1,0,high_confidence
engaged_2070.jpg,engaged_1916.jpg,engaged,1,0,high_confidence
engaged_2070.jpg,engaged_1925.jpg,engaged,1,0,high_confidence
engaged_2070.jpg,engaged_1982.jpg,engaged,1,0,high_confidence
engaged_2070.jpg,engaged_2048.jpg,engaged,1,0,high_confidence
engaged_2070.jpg,engaged_2073.jpg,engaged,0,0,high_confidence
engaged_2070.jpg,engaged_2081.jpg,engaged,0,0,high_confidence
engaged_2070.jpg,engaged_2092.jpg,engaged,0,0,high_confidence
engaged_2070.jpg,engaged_2106.jpg,engaged,0,0,high_confidence
engaged_2070.jpg,engaged_2111.jpg,engaged,0,0,high_confidence
engaged_2070.jpg,engaged_2116.jpg,engaged,0,0,high_confidence
engaged_2070.jpg,engaged_2125.jpg,engaged,0,0,high_confidence
engaged_2070.jpg,engaged_2156.jpg,engaged,0,0,high_confidence
engaged_2070.jpg,engaged_2181.jpg,engaged,0,0,high_confidence
engaged_2070.jpg,engaged_2191.jpg,engaged,0,0,high_confidence
engaged_2070.jpg,engaged_2198.jpg,engaged,0,0,high_confidence
engaged_2070.jpg,engaged_2203.jpg,engaged,0,0,high_confidence
engaged_2070.jpg,engaged_2214.jpg,engaged,0,0,high_confidence
engaged_2070.jpg,engaged_2216.jpg,engaged,0,0,high_confidence
engaged_2074.jpg,engaged_2075.jpg,engaged,0,0,high_confidence
engaged_2074.jpg,engaged_2076.jpg,engaged,0,0,high_confidence
engaged_2074.jpg,engaged_2093.jpg,engaged,0,0,high_confidence
engaged_2074.jpg,engaged_2097.jpg,engaged,0,0,high_confidence
engaged_2074.jpg,engaged_2098.jpg,engaged,0,0,high_confidence
engaged_2074.jpg,engaged_2102.jpg,engaged,0,0,high_confidence
engaged_2074.jpg,engaged_2107.jpg,engaged,0,0,high_confidence
engaged_2074.jpg,engaged_2117.jpg,engaged,0,0,high_confidence
engaged_2074.jpg,engaged_2118.jpg,engaged,0,0,high_confidence
engaged_2074.jpg,engaged_2119.jpg,engaged,0,0,high_confidence
engaged_2074.jpg,engaged_2120.jpg,engaged,0,0,high_confidence
engaged_2074.jpg,engaged_2123.jpg,engaged,0,0,high_confidence
engaged_2074.jpg,engaged_2124.jpg,engaged,0,0,high_confidence
engaged_2074.jpg,engaged_2126.jpg,engaged,0,0,high_confidence
engaged_2074.jpg,engaged_2134.jpg,engaged,0,0,high_confidence
engaged_2074.jpg,engaged_2135.jpg,engaged,0,0,high_confidence
engaged_2074.jpg,engaged_2137.jpg,engaged,0,0,high_confidence
engaged_2074.jpg,engaged_2145.jpg,engaged,0,0,high_confidence
engaged_2074.jpg,engaged_2146.jpg,engaged,0,0,high_confidence
engaged_2074.jpg,engaged_2148.jpg,engaged,0,0,high_confidence
engaged_2074.jpg,engaged_2149.jpg,engaged,0,0,high_confidence
engaged_2074.jpg,engaged_2150.jpg,engaged,0,0,high_confidence
engaged_2074.jpg,engaged_2155.jpg,engaged,0,0,high_confidence
engaged_2074.jpg,engaged_2157.jpg,engaged,0,0,high_confidence
engaged_2074.jpg,engaged_2158.jpg,engaged,0,0,high_confidence
engaged_2074.jpg,engaged_2159.jpg,engaged,0,0,high_confidence
engaged_2074.jpg,engaged_2160.jpg,engaged,0,0,high_confidence
engaged_2074.jpg,engaged_2163.jpg,engaged,0,0,high_confidence
engaged_2074.jpg,engaged_2164.jpg,engaged,0,0,high_confidence
engaged_2074.jpg,engaged_2165.jpg,engaged,0,0,high_confidence
engaged_2074.jpg,engaged_2170.jpg,engaged,0,0,high_confidence
engaged_2074.jpg,engaged_2171.jpg,engaged,0,0,high_confidence
engaged_2074.jpg,engaged_2173.jpg,engaged,0,0,high_confidence
engaged_2074.jpg,engaged_2174.jpg,engaged,0,0,high_confidence
engaged_2074.jpg,engaged_2175.jpg,engaged,0,0,high_confidence
engaged_2074.jpg,engaged_2180.jpg,engaged,0,0,high_confidence
engaged_2074.jpg,engaged_2182.jpg,engaged,0,0,high_confidence
engaged_2074.jpg,engaged_2183.jpg,engaged,0,0,high_confidence
engaged_2074.jpg,engaged_2184.jpg,engaged,0,0,high_confidence
engaged_2074.jpg,engaged_2185.jpg,engaged,0,0,high_confidence
engaged_2074.jpg,engaged_2187.jpg,engaged,0,0,high_confidence
engaged_2074.jpg,engaged_2188.jpg,engaged,0,0,high_confidence
engaged_2074.jpg,engaged_2189.jpg,engaged,0,0,high_confidence
engaged_2074.jpg,engaged_2190.jpg,engaged,0,0,high_confidence
engaged_2074.jpg,engaged_2192.jpg,engaged,0,0,high_confidence
engaged_2074.jpg,engaged_2194.jpg,engaged,0,0,high_confidence
engaged_2074.jpg,engaged_2199.jpg,engaged,0,0,high_confidence
engaged_2074.jpg,engaged_2200.jpg,engaged,0,0,high_confidence
engaged_2074.jpg,engaged_2201.jpg,engaged,0,0,high_confidence
engaged_2074.jpg,engaged_2202.jpg,engaged,0,0,high_confidence
engaged_2074.jpg,engaged_2204.jpg,engaged,0,0,high_confidence
engaged_2074.jpg,engaged_2210.jpg,engaged,0,0,high_confidence
engaged_2074.jpg,engaged_2211.jpg,engaged,0,0,high_confidence
engaged_2074.jpg,engaged_2212.jpg,engaged,0,0,high_confidence
engaged_2074.jpg,engaged_2215.jpg,engaged,0,0,high_confidence
engaged_2074.jpg,engaged_1775.jpg,engaged,1,0,high_confidence
engaged_2074.jpg,engaged_1779.jpg,engaged,1,0,high_confidence
engaged_2074.jpg,engaged_1836.jpg,engaged,0,0,high_confidence
engaged_2074.jpg,engaged_1867.jpg,engaged,1,0,high_confidence
engaged_2074.jpg,engaged_1979.jpg,engaged,1,0,high_confidence
engaged_2074.jpg,engaged_2045.jpg,engaged,1,0,high_confidence
engaged_2074.jpg,engaged_2079.jpg,engaged,0,0,high_confidence
engaged_2074.jpg,engaged_2080.jpg,engaged,0,0,high_confidence
engaged_2074.jpg,engaged_2086.jpg,engaged,0,0,high_confidence
engaged_2074.jpg,engaged_2096.jpg,engaged,0,0,high_confidence
engaged_2074.jpg,engaged_2103.jpg,engaged,0,0,high_confidence
engaged_2074.jpg,engaged_2121.jpg,engaged,0,0,high_confidence
engaged_2074.jpg,engaged_2136.jpg,engaged,0,0,high_confidence
engaged_2074.jpg,engaged_2166.jpg,engaged,0,0,high_confidence
engaged_2074.jpg,engaged_2172.jpg,engaged,0,0,high_confidence
engaged_2074.jpg,engaged_2213.jpg,engaged,0,0,high_confidence
engaged_2074.jpg,engaged_1806.jpg,engaged,1,0,high_confidence
engaged_2074.jpg,engaged_1860.jpg,engaged,1,0,high_confidence
engaged_2074.jpg,engaged_1916.jpg,engaged,1,0,high_confidence
engaged_2074.jpg,engaged_1925.jpg,engaged,1,0,high_confidence
engaged_2074.jpg,engaged_1982.jpg,engaged,1,0,high_confidence
engaged_2074.jpg,engaged_2048.jpg,engaged,1,0,high_confidence
engaged_2074.jpg,engaged_2073.jpg,engaged,0,0,high_confidence
engaged_2074.jpg,engaged_2081.jpg,engaged,0,0,high_confidence
engaged_2074.jpg,engaged_2092.jpg,engaged,0,0,high_confidence
engaged_2074.jpg,engaged_2106.jpg,engaged,0,0,high_confidence
engaged_2074.jpg,engaged_2111.jpg,engaged,0,0,high_confidence
engaged_2074.jpg,engaged_2116.jpg,engaged,0,0,high_confidence
engaged_2074.jpg,engaged_2125.jpg,engaged,0,0,high_confidence
engaged_2074.jpg,engaged_2156.jpg,engaged,0,0,high_confidence
engaged_2074.jpg,engaged_2181.jpg,engaged,0,0,high_confidence
engaged_2074.jpg,engaged_2191.jpg,engaged,0,0,high_confidence
engaged_2074.jpg,engaged_2198.jpg,engaged,0,0,high_confidence
engaged_2074.jpg,engaged_2203.jpg,engaged,0,0,high_confidence
engaged_2074.jpg,engaged_2214.jpg,engaged,0,0,high_confidence
engaged_2074.jpg,engaged_2216.jpg,engaged,0,0,high_confidence
engaged_2075.jpg,engaged_2076.jpg,engaged,0,0,high_confidence
engaged_2075.jpg,engaged_2093.jpg,engaged,0,0,high_confidence
engaged_2075.jpg,engaged_2097.jpg,engaged,0,0,high_confidence
engaged_2075.jpg,engaged_2098.jpg,engaged,0,0,high_confidence
engaged_2075.jpg,engaged_2102.jpg,engaged,0,0,high_confidence
engaged_2075.jpg,engaged_2107.jpg,engaged,0,0,high_confidence
engaged_2075.jpg,engaged_2117.jpg,engaged,0,0,high_confidence
engaged_2075.jpg,engaged_2118.jpg,engaged,0,0,high_confidence
engaged_2075.jpg,engaged_2119.jpg,engaged,0,0,high_confidence
engaged_2075.jpg,engaged_2120.jpg,engaged,0,0,high_confidence
engaged_2075.jpg,engaged_2123.jpg,engaged,0,0,high_confidence
engaged_2075.jpg,engaged_2124.jpg,engaged,0,0,high_confidence
engaged_2075.jpg,engaged_2126.jpg,engaged,0,0,high_confidence
engaged_2075.jpg,engaged_2134.jpg,engaged,0,0,high_confidence
engaged_2075.jpg,engaged_2135.jpg,engaged,0,0,high_confidence
engaged_2075.jpg,engaged_2137.jpg,engaged,0,0,high_confidence
engaged_2075.jpg,engaged_2145.jpg,engaged,0,0,high_confidence
engaged_2075.jpg,engaged_2146.jpg,engaged,0,0,high_confidence
engaged_2075.jpg,engaged_2148.jpg,engaged,0,0,high_confidence
engaged_2075.jpg,engaged_2149.jpg,engaged,0,0,high_confidence
engaged_2075.jpg,engaged_2150.jpg,engaged,0,0,high_confidence
engaged_2075.jpg,engaged_2155.jpg,engaged,0,0,high_confidence
engaged_2075.jpg,engaged_2157.jpg,engaged,0,0,high_confidence
engaged_2075.jpg,engaged_2158.jpg,engaged,0,0,high_confidence
engaged_2075.jpg,engaged_2159.jpg,engaged,0,0,high_confidence
engaged_2075.jpg,engaged_2160.jpg,engaged,0,0,high_confidence
engaged_2075.jpg,engaged_2163.jpg,engaged,0,0,high_confidence
engaged_2075.jpg,engaged_2164.jpg,engaged,0,0,high_confidence
engaged_2075.jpg,engaged_2165.jpg,engaged,0,0,high_confidence
engaged_2075.jpg,engaged_2170.jpg,engaged,0,0,high_confidence
engaged_2075.jpg,engaged_2171.jpg,engaged,0,0,high_confidence
engaged_2075.jpg,engaged_2173.jpg,engaged,0,0,high_confidence
engaged_2075.jpg,engaged_2174.jpg,engaged,0,0,high_confidence
engaged_2075.jpg,engaged_2175.jpg,engaged,0,0,high_confidence
engaged_2075.jpg,engaged_2180.jpg,engaged,0,0,high_confidence
engaged_2075.jpg,engaged_2182.jpg,engaged,0,0,high_confidence
engaged_2075.jpg,engaged_2183.jpg,engaged,0,0,high_confidence
engaged_2075.jpg,engaged_2184.jpg,engaged,0,0,high_confidence
engaged_2075.jpg,engaged_2185.jpg,engaged,0,0,high_confidence
engaged_2075.jpg,engaged_2187.jpg,engaged,0,0,high_confidence
engaged_2075.jpg,engaged_2188.jpg,engaged,0,0,high_confidence
engaged_2075.jpg,engaged_2189.jpg,engaged,0,0,high_confidence
engaged_2075.jpg,engaged_2190.jpg,engaged,0,0,high_confidence
engaged_2075.jpg,engaged_2192.jpg,engaged,0,0,high_confidence
engaged_2075.jpg,engaged_2194.jpg,engaged,0,0,high_confidence
engaged_2075.jpg,engaged_2199.jpg,engaged,0,0,high_confidence
engaged_2075.jpg,engaged_2200.jpg,engaged,0,0,high_confidence
engaged_2075.jpg,engaged_2201.jpg,engaged,0,0,high_confidence
engaged_2075.jpg,engaged_2202.jpg,engaged,0,0,high_confidence
engaged_2075.jpg,engaged_2204.jpg,engaged,0,0,high_confidence
engaged_2075.jpg,engaged_2210.jpg,engaged,0,0,high_confidence
engaged_2075.jpg,engaged_2211.jpg,engaged,0,0,high_confidence
engaged_2075.jpg,engaged_2212.jpg,engaged,0,0,high_confidence
engaged_2075.jpg,engaged_2215.jpg,engaged,0,0,high_confidence
engaged_2075.jpg,engaged_1775.jpg,engaged,1,0,high_confidence
engaged_2075.jpg,engaged_1779.jpg,engaged,1,0,high_confidence
engaged_2075.jpg,engaged_1836.jpg,engaged,0,0,high_confidence
engaged_2075.jpg,engaged_1867.jpg,engaged,1,0,high_confidence
engaged_2075.jpg,engaged_1979.jpg,engaged,1,0,high_confidence
engaged_2075.jpg,engaged_2045.jpg,engaged,1,0,high_confidence
engaged_2075.jpg,engaged_2079.jpg,engaged,0,0,high_confidence
engaged_2075.jpg,engaged_2080.jpg,engaged,0,0,high_confidence
engaged_2075.jpg,engaged_2086.jpg,engaged,0,0,high_confidence
engaged_2075.jpg,engaged_2096.jpg,engaged,0,0,high_confidence
engaged_2075.jpg,engaged_2103.jpg,engaged,0,0,high_confidence
engaged_2075.jpg,engaged_2121.jpg,engaged,0,0,high_confidence
engaged_2075.jpg,engaged_2136.jpg,engaged,0,0,high_confidence
engaged_2075.jpg,engaged_2166.jpg,engaged,0,0,high_confidence
engaged_2075.jpg,engaged_2172.jpg,engaged,0,0,high_confidence
engaged_2075.jpg,engaged_2213.jpg,engaged,0,0,high_confidence
engaged_2075.jpg,engaged_1806.jpg,engaged,1,0,high_confidence
engaged_2075.jpg,engaged_1860.jpg,engaged,1,0,high_confidence
engaged_2075.jpg,engaged_1916.jpg,engaged,1,0,high_confidence
engaged_2075.jpg,engaged_1925.jpg,engaged,1,0,high_confidence
engaged_2075.jpg,engaged_1982.jpg,engaged,1,0,high_confidence
engaged_2075.jpg,engaged_2048.jpg,engaged,1,0,high_confidence
engaged_2075.jpg,engaged_2073.jpg,engaged,0,0,high_confidence
engaged_2075.jpg,engaged_2081.jpg,engaged,0,0,high_confidence
engaged_2075.jpg,engaged_2092.jpg,engaged,0,0,high_confidence
engaged_2075.jpg,engaged_2106.jpg,engaged,0,0,high_confidence
engaged_2075.jpg,engaged_2111.jpg,engaged,0,0,high_confidence
engaged_2075.jpg,engaged_2116.jpg,engaged,0,0,high_confidence
engaged_2075.jpg,engaged_2125.jpg,engaged,0,0,high_confidence
engaged_2075.jpg,engaged_2156.jpg,engaged,0,0,high_confidence
engaged_2075.jpg,engaged_2181.jpg,engaged,0,0,high_confidence
engaged_2075.jpg,engaged_2191.jpg,engaged,0,0,high_confidence
engaged_2075.jpg,engaged_2198.jpg,engaged,0,0,high_confidence
engaged_2075.jpg,engaged_2203.jpg,engaged,0,0,high_confidence
engaged_2075.jpg,engaged_2214.jpg,engaged,0,0,high_confidence
engaged_2075.jpg,engaged_2216.jpg,engaged,0,0,high_confidence
engaged_2076.jpg,engaged_2093.jpg,engaged,0,0,high_confidence
engaged_2076.jpg,engaged_2097.jpg,engaged,0,0,high_confidence
engaged_2076.jpg,engaged_2098.jpg,engaged,0,0,high_confidence
engaged_2076.jpg,engaged_2102.jpg,engaged,0,0,high_confidence
engaged_2076.jpg,engaged_2107.jpg,engaged,0,0,high_confidence
engaged_2076.jpg,engaged_2117.jpg,engaged,0,0,high_confidence
engaged_2076.jpg,engaged_2118.jpg,engaged,0,0,high_confidence
engaged_2076.jpg,engaged_2119.jpg,engaged,0,0,high_confidence
engaged_2076.jpg,engaged_2120.jpg,engaged,0,0,high_confidence
engaged_2076.jpg,engaged_2123.jpg,engaged,0,0,high_confidence
engaged_2076.jpg,engaged_2124.jpg,engaged,0,0,high_confidence
engaged_2076.jpg,engaged_2126.jpg,engaged,0,0,high_confidence
engaged_2076.jpg,engaged_2134.jpg,engaged,0,0,high_confidence
engaged_2076.jpg,engaged_2135.jpg,engaged,0,0,high_confidence
engaged_2076.jpg,engaged_2137.jpg,engaged,0,0,high_confidence
engaged_2076.jpg,engaged_2145.jpg,engaged,0,0,high_confidence
engaged_2076.jpg,engaged_2146.jpg,engaged,0,0,high_confidence
engaged_2076.jpg,engaged_2148.jpg,engaged,0,0,high_confidence
engaged_2076.jpg,engaged_2149.jpg,engaged,0,0,high_confidence
engaged_2076.jpg,engaged_2150.jpg,engaged,0,0,high_confidence
engaged_2076.jpg,engaged_2155.jpg,engaged,0,0,high_confidence
engaged_2076.jpg,engaged_2157.jpg,engaged,0,0,high_confidence
engaged_2076.jpg,engaged_2158.jpg,engaged,0,0,high_confidence
engaged_2076.jpg,engaged_2159.jpg,engaged,0,0,high_confidence
engaged_2076.jpg,engaged_2160.jpg,engaged,0,0,high_confidence
engaged_2076.jpg,engaged_2163.jpg,engaged,0,0,high_confidence
engaged_2076.jpg,engaged_2164.jpg,engaged,0,0,high_confidence
engaged_2076.jpg,engaged_2165.jpg,engaged,0,0,high_confidence
engaged_2076.jpg,engaged_2170.jpg,engaged,0,0,high_confidence
engaged_2076.jpg,engaged_2171.jpg,engaged,0,0,high_confidence
engaged_2076.jpg,engaged_2173.jpg,engaged,0,0,high_confidence
engaged_2076.jpg,engaged_2174.jpg,engaged,0,0,high_confidence
engaged_2076.jpg,engaged_2175.jpg,engaged,0,0,high_confidence
engaged_2076.jpg,engaged_2180.jpg,engaged,0,0,high_confidence
engaged_2076.jpg,engaged_2182.jpg,engaged,0,0,high_confidence
engaged_2076.jpg,engaged_2183.jpg,engaged,0,0,high_confidence
engaged_2076.jpg,engaged_2184.jpg,engaged,0,0,high_confidence
engaged_2076.jpg,engaged_2185.jpg,engaged,0,0,high_confidence
engaged_2076.jpg,engaged_2187.jpg,engaged,0,0,high_confidence
engaged_2076.jpg,engaged_2188.jpg,engaged,0,0,high_confidence
engaged_2076.jpg,engaged_2189.jpg,engaged,0,0,high_confidence
engaged_2076.jpg,engaged_2190.jpg,engaged,0,0,high_confidence
engaged_2076.jpg,engaged_2192.jpg,engaged,0,0,high_confidence
engaged_2076.jpg,engaged_2194.jpg,engaged,0,0,high_confidence
engaged_2076.jpg,engaged_2199.jpg,engaged,0,0,high_confidence
engaged_2076.jpg,engaged_2200.jpg,engaged,0,0,high_confidence
engaged_2076.jpg,engaged_2201.jpg,engaged,0,0,high_confidence
engaged_2076.jpg,engaged_2202.jpg,engaged,0,0,high_confidence
engaged_2076.jpg,engaged_2204.jpg,engaged,0,0,high_confidence
engaged_2076.jpg,engaged_2210.jpg,engaged,0,0,high_confidence
engaged_2076.jpg,engaged_2211.jpg,engaged,0,0,high_confidence
engaged_2076.jpg,engaged_2212.jpg,engaged,0,0,high_confidence
engaged_2076.jpg,engaged_2215.jpg,engaged,0,0,high_confidence
engaged_2076.jpg,engaged_1775.jpg,engaged,1,0,high_confidence
engaged_2076.jpg,engaged_1779.jpg,engaged,1,0,high_confidence
engaged_2076.jpg,engaged_1836.jpg,engaged,0,0,high_confidence
engaged_2076.jpg,engaged_1867.jpg,engaged,1,0,high_confidence
engaged_2076.jpg,engaged_1979.jpg,engaged,1,0,high_confidence
engaged_2076.jpg,engaged_2045.jpg,engaged,1,0,high_confidence
engaged_2076.jpg,engaged_2079.jpg,engaged,0,0,high_confidence
engaged_2076.jpg,engaged_2080.jpg,engaged,0,0,high_confidence
engaged_2076.jpg,engaged_2086.jpg,engaged,0,0,high_confidence
engaged_2076.jpg,engaged_2096.jpg,engaged,0,0,high_confidence
engaged_2076.jpg,engaged_2103.jpg,engaged,0,0,high_confidence
engaged_2076.jpg,engaged_2121.jpg,engaged,0,0,high_confidence
engaged_2076.jpg,engaged_2136.jpg,engaged,0,0,high_confidence
engaged_2076.jpg,engaged_2166.jpg,engaged,0,0,high_confidence
engaged_2076.jpg,engaged_2172.jpg,engaged,0,0,high_confidence
engaged_2076.jpg,engaged_2213.jpg,engaged,0,0,high_confidence
engaged_2076.jpg,engaged_1806.jpg,engaged,1,0,high_confidence
engaged_2076.jpg,engaged_1860.jpg,engaged,1,0,high_confidence
engaged_2076.jpg,engaged_1916.jpg,engaged,1,0,high_confidence
engaged_2076.jpg,engaged_1925.jpg,engaged,1,0,high_confidence
engaged_2076.jpg,engaged_1982.jpg,engaged,1,0,high_confidence
engaged_2076.jpg,engaged_2048.jpg,engaged,1,0,high_confidence
engaged_2076.jpg,engaged_2073.jpg,engaged,0,0,high_confidence
engaged_2076.jpg,engaged_2081.jpg,engaged,0,0,high_confidence
engaged_2076.jpg,engaged_2092.jpg,engaged,0,0,high_confidence
engaged_2076.jpg,engaged_2106.jpg,engaged,0,0,high_confidence
engaged_2076.jpg,engaged_2111.jpg,engaged,0,0,high_confidence
engaged_2076.jpg,engaged_2116.jpg,engaged,0,0,high_confidence
engaged_2076.jpg,engaged_2125.jpg,engaged,0,0,high_confidence
engaged_2076.jpg,engaged_2156.jpg,engaged,0,0,high_confidence
engaged_2076.jpg,engaged_2181.jpg,engaged,0,0,high_confidence
engaged_2076.jpg,engaged_2191.jpg,engaged,0,0,high_confidence
engaged_2076.jpg,engaged_2198.jpg,engaged,0,0,high_confidence
engaged_2076.jpg,engaged_2203.jpg,engaged,0,0,high_confidence
engaged_2076.jpg,engaged_2214.jpg,engaged,0,0,high_confidence
engaged_2076.jpg,engaged_2216.jpg,engaged,0,0,high_confidence
engaged_2093.jpg,engaged_2097.jpg,engaged,0,0,high_confidence
engaged_2093.jpg,engaged_2098.jpg,engaged,0,0,high_confidence
engaged_2093.jpg,engaged_2102.jpg,engaged,0,0,high_confidence
engaged_2093.jpg,engaged_2107.jpg,engaged,0,0,high_confidence
engaged_2093.jpg,engaged_2117.jpg,engaged,0,0,high_confidence
engaged_2093.jpg,engaged_2118.jpg,engaged,0,0,high_confidence
engaged_2093.jpg,engaged_2119.jpg,engaged,0,0,high_confidence
engaged_2093.jpg,engaged_2120.jpg,engaged,0,0,high_confidence
engaged_2093.jpg,engaged_2123.jpg,engaged,0,0,high_confidence
engaged_2093.jpg,engaged_2124.jpg,engaged,0,0,high_confidence
engaged_2093.jpg,engaged_2126.jpg,engaged,0,0,high_confidence
engaged_2093.jpg,engaged_2134.jpg,engaged,0,0,high_confidence
engaged_2093.jpg,engaged_2135.jpg,engaged,0,0,high_confidence
engaged_2093.jpg,engaged_2137.jpg,engaged,0,0,high_confidence
engaged_2093.jpg,engaged_2145.jpg,engaged,0,0,high_confidence
engaged_2093.jpg,engaged_2146.jpg,engaged,0,0,high_confidence
engaged_2093.jpg,engaged_2148.jpg,engaged,0,0,high_confidence
engaged_2093.jpg,engaged_2149.jpg,engaged,0,0,high_confidence
engaged_2093.jpg,engaged_2150.jpg,engaged,0,0,high_confidence
engaged_2093.jpg,engaged_2155.jpg,engaged,0,0,high_confidence
engaged_2093.jpg,engaged_2157.jpg,engaged,0,0,high_confidence
engaged_2093.jpg,engaged_2158.jpg,engaged,0,0,high_confidence
engaged_2093.jpg,engaged_2159.jpg,engaged,0,0,high_confidence
engaged_2093.jpg,engaged_2160.jpg,engaged,0,0,high_confidence
engaged_2093.jpg,engaged_2163.jpg,engaged,0,0,high_confidence
engaged_2093.jpg,engaged_2164.jpg,engaged,0,0,high_confidence
engaged_2093.jpg,engaged_2165.jpg,engaged,0,0,high_confidence
engaged_2093.jpg,engaged_2170.jpg,engaged,0,0,high_confidence
engaged_2093.jpg,engaged_2171.jpg,engaged,0,0,high_confidence
engaged_2093.jpg,engaged_2173.jpg,engaged,0,0,high_confidence
engaged_2093.jpg,engaged_2174.jpg,engaged,0,0,high_confidence
engaged_2093.jpg,engaged_2175.jpg,engaged,0,0,high_confidence
engaged_2093.jpg,engaged_2180.jpg,engaged,0,0,high_confidence
engaged_2093.jpg,engaged_2182.jpg,engaged,0,0,high_confidence
engaged_2093.jpg,engaged_2183.jpg,engaged,0,0,high_confidence
engaged_2093.jpg,engaged_2184.jpg,engaged,0,0,high_confidence
engaged_2093.jpg,engaged_2185.jpg,engaged,0,0,high_confidence
engaged_2093.jpg,engaged_2187.jpg,engaged,0,0,high_confidence
engaged_2093.jpg,engaged_2188.jpg,engaged,0,0,high_confidence
engaged_2093.jpg,engaged_2189.jpg,engaged,0,0,high_confidence
engaged_2093.jpg,engaged_2190.jpg,engaged,0,0,high_confidence
engaged_2093.jpg,engaged_2192.jpg,engaged,0,0,high_confidence
engaged_2093.jpg,engaged_2194.jpg,engaged,0,0,high_confidence
engaged_2093.jpg,engaged_2199.jpg,engaged,0,0,high_confidence
engaged_2093.jpg,engaged_2200.jpg,engaged,0,0,high_confidence
engaged_2093.jpg,engaged_2201.jpg,engaged,0,0,high_confidence
engaged_2093.jpg,engaged_2202.jpg,engaged,0,0,high_confidence
engaged_2093.jpg,engaged_2204.jpg,engaged,0,0,high_confidence
engaged_2093.jpg,engaged_2210.jpg,engaged,0,0,high_confidence
engaged_2093.jpg,engaged_2211.jpg,engaged,0,0,high_confidence
engaged_2093.jpg,engaged_2212.jpg,engaged,0,0,high_confidence
engaged_2093.jpg,engaged_2215.jpg,engaged,0,0,high_confidence
engaged_2093.jpg,engaged_1775.jpg,engaged,1,0,high_confidence
engaged_2093.jpg,engaged_1779.jpg,engaged,1,0,high_confidence
engaged_2093.jpg,engaged_1836.jpg,engaged,0,0,high_confidence
engaged_2093.jpg,engaged_1867.jpg,engaged,1,0,high_confidence
engaged_2093.jpg,engaged_1979.jpg,engaged,1,0,high_confidence
engaged_2093.jpg,engaged_2045.jpg,engaged,1,0,high_confidence
engaged_2093.jpg,engaged_2079.jpg,engaged,0,0,high_confidence
engaged_2093.jpg,engaged_2080.jpg,engaged,0,0,high_confidence
engaged_2093.jpg,engaged_2086.jpg,engaged,0,0,high_confidence
engaged_2093.jpg,engaged_2096.jpg,engaged,0,0,high_confidence
engaged_2093.jpg,engaged_2103.jpg,engaged,0,0,high_confidence
engaged_2093.jpg,engaged_2121.jpg,engaged,0,0,high_confidence
engaged_2093.jpg,engaged_2136.jpg,engaged,0,0,high_confidence
engaged_2093.jpg,engaged_2166.jpg,engaged,0,0,high_confidence
engaged_2093.jpg,engaged_2172.jpg,engaged,0,0,high_confidence
engaged_2093.jpg,engaged_2213.jpg,engaged,0,0,high_confidence
engaged_2093.jpg,engaged_1806.jpg,engaged,1,0,high_confidence
engaged_2093.jpg,engaged_1860.jpg,engaged,1,0,high_confidence
engaged_2093.jpg,engaged_1916.jpg,engaged,1,0,high_confidence
engaged_2093.jpg,engaged_1925.jpg,engaged,1,0,high_confidence
engaged_2093.jpg,engaged_1982.jpg,engaged,1,0,high_confidence
engaged_2093.jpg,engaged_2048.jpg,engaged,1,0,high_confidence
engaged_2093.jpg,engaged_2073.jpg,engaged,0,0,high_confidence
engaged_2093.jpg,engaged_2081.jpg,engaged,0,0,high_confidence
engaged_2093.jpg,engaged_2092.jpg,engaged,0,0,high_confidence
engaged_2093.jpg,engaged_2106.jpg,engaged,0,0,high_confidence
engaged_2093.jpg,engaged_2111.jpg,engaged,0,0,high_confidence
engaged_2093.jpg,engaged_2116.jpg,engaged,0,0,high_confidence
engaged_2093.jpg,engaged_2125.jpg,engaged,0,0,high_confidence
engaged_2093.jpg,engaged_2156.jpg,engaged,0,0,high_confidence
engaged_2093.jpg,engaged_2181.jpg,engaged,0,0,high_confidence
engaged_2093.jpg,engaged_2191.jpg,engaged,0,0,high_confidence
engaged_2093.jpg,engaged_2198.jpg,engaged,0,0,high_confidence
engaged_2093.jpg,engaged_2203.jpg,engaged,0,0,high_confidence
engaged_2093.jpg,engaged_2214.jpg,engaged,0,0,high_confidence
engaged_2093.jpg,engaged_2216.jpg,engaged,0,0,high_confidence
engaged_2097.jpg,engaged_2098.jpg,engaged,0,0,high_confidence
engaged_2097.jpg,engaged_2102.jpg,engaged,0,0,high_confidence
engaged_2097.jpg,engaged_2107.jpg,engaged,0,0,high_confidence
engaged_2097.jpg,engaged_2117.jpg,engaged,0,0,high_confidence
engaged_2097.jpg,engaged_2118.jpg,engaged,0,0,high_confidence
engaged_2097.jpg,engaged_2119.jpg,engaged,0,0,high_confidence
engaged_2097.jpg,engaged_2120.jpg,engaged,0,0,high_confidence
engaged_2097.jpg,engaged_2123.jpg,engaged,0,0,high_confidence
engaged_2097.jpg,engaged_2124.jpg,engaged,0,0,high_confidence
engaged_2097.jpg,engaged_2126.jpg,engaged,0,0,high_confidence
engaged_2097.jpg,engaged_2134.jpg,engaged,0,0,high_confidence
engaged_2097.jpg,engaged_2135.jpg,engaged,0,0,high_confidence
engaged_2097.jpg,engaged_2137.jpg,engaged,0,0,high_confidence
engaged_2097.jpg,engaged_2145.jpg,engaged,0,0,high_confidence
engaged_2097.jpg,engaged_2146.jpg,engaged,0,0,high_confidence
engaged_2097.jpg,engaged_2148.jpg,engaged,0,0,high_confidence
engaged_2097.jpg,engaged_2149.jpg,engaged,0,0,high_confidence
engaged_2097.jpg,engaged_2150.jpg,engaged,0,0,high_confidence
engaged_2097.jpg,engaged_2155.jpg,engaged,0,0,high_confidence
engaged_2097.jpg,engaged_2157.jpg,engaged,0,0,high_confidence
engaged_2097.jpg,engaged_2158.jpg,engaged,0,0,high_confidence
engaged_2097.jpg,engaged_2159.jpg,engaged,0,0,high_confidence
engaged_2097.jpg,engaged_2160.jpg,engaged,0,0,high_confidence
engaged_2097.jpg,engaged_2163.jpg,engaged,0,0,high_confidence
engaged_2097.jpg,engaged_2164.jpg,engaged,0,0,high_confidence
engaged_2097.jpg,engaged_2165.jpg,engaged,0,0,high_confidence
engaged_2097.jpg,engaged_2170.jpg,engaged,0,0,high_confidence
engaged_2097.jpg,engaged_2171.jpg,engaged,0,0,high_confidence
engaged_2097.jpg,engaged_2173.jpg,engaged,0,0,high_confidence
engaged_2097.jpg,engaged_2174.jpg,engaged,0,0,high_confidence
engaged_2097.jpg,engaged_2175.jpg,engaged,0,0,high_confidence
engaged_2097.jpg,engaged_2180.jpg,engaged,0,0,high_confidence
engaged_2097.jpg,engaged_2182.jpg,engaged,0,0,high_confidence
engaged_2097.jpg,engaged_2183.jpg,engaged,0,0,high_confidence
engaged_2097.jpg,engaged_2184.jpg,engaged,0,0,high_confidence
engaged_2097.jpg,engaged_2185.jpg,engaged,0,0,high_confidence
engaged_2097.jpg,engaged_2187.jpg,engaged,0,0,high_confidence
engaged_2097.jpg,engaged_2188.jpg,engaged,0,0,high_confidence
engaged_2097.jpg,engaged_2189.jpg,engaged,0,0,high_confidence
engaged_2097.jpg,engaged_2190.jpg,engaged,0,0,high_confidence
engaged_2097.jpg,engaged_2192.jpg,engaged,0,0,high_confidence
engaged_2097.jpg,engaged_2194.jpg,engaged,0,0,high_confidence
engaged_2097.jpg,engaged_2199.jpg,engaged,0,0,high_confidence
engaged_2097.jpg,engaged_2200.jpg,engaged,0,0,high_confidence
engaged_2097.jpg,engaged_2201.jpg,engaged,0,0,high_confidence
engaged_2097.jpg,engaged_2202.jpg,engaged,0,0,high_confidence
engaged_2097.jpg,engaged_2204.jpg,engaged,0,0,high_confidence
engaged_2097.jpg,engaged_2210.jpg,engaged,0,0,high_confidence
engaged_2097.jpg,engaged_2211.jpg,engaged,0,0,high_confidence
engaged_2097.jpg,engaged_2212.jpg,engaged,0,0,high_confidence
engaged_2097.jpg,engaged_2215.jpg,engaged,0,0,high_confidence
engaged_2097.jpg,engaged_1775.jpg,engaged,1,0,high_confidence
engaged_2097.jpg,engaged_1779.jpg,engaged,1,0,high_confidence
engaged_2097.jpg,engaged_1836.jpg,engaged,0,0,high_confidence
engaged_2097.jpg,engaged_1867.jpg,engaged,1,0,high_confidence
engaged_2097.jpg,engaged_1979.jpg,engaged,1,0,high_confidence
engaged_2097.jpg,engaged_2045.jpg,engaged,1,0,high_confidence
engaged_2097.jpg,engaged_2079.jpg,engaged,0,0,high_confidence
engaged_2097.jpg,engaged_2080.jpg,engaged,0,0,high_confidence
engaged_2097.jpg,engaged_2086.jpg,engaged,0,0,high_confidence
engaged_2097.jpg,engaged_2096.jpg,engaged,0,0,high_confidence
engaged_2097.jpg,engaged_2103.jpg,engaged,0,0,high_confidence
engaged_2097.jpg,engaged_2121.jpg,engaged,0,0,high_confidence
engaged_2097.jpg,engaged_2136.jpg,engaged,0,0,high_confidence
engaged_2097.jpg,engaged_2166.jpg,engaged,0,0,high_confidence
engaged_2097.jpg,engaged_2172.jpg,engaged,0,0,high_confidence
engaged_2097.jpg,engaged_2213.jpg,engaged,0,0,high_confidence
engaged_2097.jpg,engaged_1806.jpg,engaged,1,0,high_confidence
engaged_2097.jpg,engaged_1860.jpg,engaged,1,0,high_confidence
engaged_2097.jpg,engaged_1916.jpg,engaged,1,0,high_confidence
engaged_2097.jpg,engaged_1925.jpg,engaged,1,0,high_confidence
engaged_2097.jpg,engaged_1982.jpg,engaged,1,0,high_confidence
engaged_2097.jpg,engaged_2048.jpg,engaged,1,0,high_confidence
engaged_2097.jpg,engaged_2073.jpg,engaged,0,0,high_confidence
engaged_2097.jpg,engaged_2081.jpg,engaged,0,0,high_confidence
engaged_2097.jpg,engaged_2092.jpg,engaged,0,0,high_confidence
engaged_2097.jpg,engaged_2106.jpg,engaged,0,0,high_confidence
engaged_2097.jpg,engaged_2111.jpg,engaged,0,0,high_confidence
engaged_2097.jpg,engaged_2116.jpg,engaged,0,0,high_confidence
engaged_2097.jpg,engaged_2125.jpg,engaged,0,0,high_confidence
engaged_2097.jpg,engaged_2156.jpg,engaged,0,0,high_confidence
engaged_2097.jpg,engaged_2181.jpg,engaged,0,0,high_confidence
engaged_2097.jpg,engaged_2191.jpg,engaged,0,0,high_confidence
engaged_2097.jpg,engaged_2198.jpg,engaged,0,0,high_confidence
engaged_2097.jpg,engaged_2203.jpg,engaged,0,0,high_confidence
engaged_2097.jpg,engaged_2214.jpg,engaged,0,0,high_confidence
engaged_2097.jpg,engaged_2216.jpg,engaged,0,0,high_confidence
engaged_2098.jpg,engaged_2102.jpg,engaged,0,0,high_confidence
engaged_2098.jpg,engaged_2107.jpg,engaged,0,0,high_confidence
engaged_2098.jpg,engaged_2117.jpg,engaged,0,0,high_confidence
engaged_2098.jpg,engaged_2118.jpg,engaged,0,0,high_confidence
engaged_2098.jpg,engaged_2119.jpg,engaged,0,0,high_confidence
engaged_2098.jpg,engaged_2120.jpg,engaged,0,0,high_confidence
engaged_2098.jpg,engaged_2123.jpg,engaged,0,0,high_confidence
engaged_2098.jpg,engaged_2124.jpg,engaged,0,0,high_confidence
engaged_2098.jpg,engaged_2126.jpg,engaged,0,0,high_confidence
engaged_2098.jpg,engaged_2134.jpg,engaged,0,0,high_confidence
engaged_2098.jpg,engaged_2135.jpg,engaged,0,0,high_confidence
engaged_2098.jpg,engaged_2137.jpg,engaged,0,0,high_confidence
engaged_2098.jpg,engaged_2145.jpg,engaged,0,0,high_confidence
engaged_2098.jpg,engaged_2146.jpg,engaged,0,0,high_confidence
engaged_2098.jpg,engaged_2148.jpg,engaged,0,0,high_confidence
engaged_2098.jpg,engaged_2149.jpg,engaged,0,0,high_confidence
engaged_2098.jpg,engaged_2150.jpg,engaged,0,0,high_confidence
engaged_2098.jpg,engaged_2155.jpg,engaged,0,0,high_confidence
engaged_2098.jpg,engaged_2157.jpg,engaged,0,0,high_confidence
engaged_2098.jpg,engaged_2158.jpg,engaged,0,0,high_confidence
engaged_2098.jpg,engaged_2159.jpg,engaged,0,0,high_confidence
engaged_2098.jpg,engaged_2160.jpg,engaged,0,0,high_confidence
engaged_2098.jpg,engaged_2163.jpg,engaged,0,0,high_confidence
engaged_2098.jpg,engaged_2164.jpg,engaged,0,0,high_confidence
engaged_2098.jpg,engaged_2165.jpg,engaged,0,0,high_confidence
engaged_2098.jpg,engaged_2170.jpg,engaged,0,0,high_confidence
engaged_2098.jpg,engaged_2171.jpg,engaged,0,0,high_confidence
engaged_2098.jpg,engaged_2173.jpg,engaged,0,0,high_confidence
engaged_2098.jpg,engaged_2174.jpg,engaged,0,0,high_confidence
engaged_2098.jpg,engaged_2175.jpg,engaged,0,0,high_confidence
engaged_2098.jpg,engaged_2180.jpg,engaged,0,0,high_confidence
engaged_2098.jpg,engaged_2182.jpg,engaged,0,0,high_confidence
engaged_2098.jpg,engaged_2183.jpg,engaged,0,0,high_confidence
engaged_2098.jpg,engaged_2184.jpg,engaged,0,0,high_confidence
engaged_2098.jpg,engaged_2185.jpg,engaged,0,0,high_confidence
engaged_2098.jpg,engaged_2187.jpg,engaged,0,0,high_confidence
engaged_2098.jpg,engaged_2188.jpg,engaged,0,0,high_confidence
engaged_2098.jpg,engaged_2189.jpg,engaged,0,0,high_confidence
engaged_2098.jpg,engaged_2190.jpg,engaged,0,0,high_confidence
engaged_2098.jpg,engaged_2192.jpg,engaged,0,0,high_confidence
engaged_2098.jpg,engaged_2194.jpg,engaged,0,0,high_confidence
engaged_2098.jpg,engaged_2199.jpg,engaged,0,0,high_confidence
engaged_2098.jpg,engaged_2200.jpg,engaged,0,0,high_confidence
engaged_2098.jpg,engaged_2201.jpg,engaged,0,0,high_confidence
engaged_2098.jpg,engaged_2202.jpg,engaged,0,0,high_confidence
engaged_2098.jpg,engaged_2204.jpg,engaged,0,0,high_confidence
engaged_2098.jpg,engaged_2210.jpg,engaged,0,0,high_confidence
engaged_2098.jpg,engaged_2211.jpg,engaged,0,0,high_confidence
engaged_2098.jpg,engaged_2212.jpg,engaged,0,0,high_confidence
engaged_2098.jpg,engaged_2215.jpg,engaged,0,0,high_confidence
engaged_2098.jpg,engaged_1775.jpg,engaged,1,0,high_confidence
engaged_2098.jpg,engaged_1779.jpg,engaged,1,0,high_confidence
engaged_2098.jpg,engaged_1836.jpg,engaged,0,0,high_confidence
engaged_2098.jpg,engaged_1867.jpg,engaged,1,0,high_confidence
engaged_2098.jpg,engaged_1979.jpg,engaged,1,0,high_confidence
engaged_2098.jpg,engaged_2045.jpg,engaged,1,0,high_confidence
engaged_2098.jpg,engaged_2079.jpg,engaged,0,0,high_confidence
engaged_2098.jpg,engaged_2080.jpg,engaged,0,0,high_confidence
engaged_2098.jpg,engaged_2086.jpg,engaged,0,0,high_confidence
engaged_2098.jpg,engaged_2096.jpg,engaged,0,0,high_confidence
engaged_2098.jpg,engaged_2103.jpg,engaged,0,0,high_confidence
engaged_2098.jpg,engaged_2121.jpg,engaged,0,0,high_confidence
engaged_2098.jpg,engaged_2136.jpg,engaged,0,0,high_confidence
engaged_2098.jpg,engaged_2166.jpg,engaged,0,0,high_confidence
engaged_2098.jpg,engaged_2172.jpg,engaged,0,0,high_confidence
engaged_2098.jpg,engaged_2213.jpg,engaged,0,0,high_confidence
engaged_2098.jpg,engaged_1806.jpg,engaged,1,0,high_confidence
engaged_2098.jpg,engaged_1860.jpg,engaged,1,0,high_confidence
engaged_2098.jpg,engaged_1916.jpg,engaged,1,0,high_confidence
engaged_2098.jpg,engaged_1925.jpg,engaged,1,0,high_confidence
engaged_2098.jpg,engaged_1982.jpg,engaged,1,0,high_confidence
engaged_2098.jpg,engaged_2048.jpg,engaged,1,0,high_confidence
engaged_2098.jpg,engaged_2073.jpg,engaged,0,0,high_confidence
engaged_2098.jpg,engaged_2081.jpg,engaged,0,0,high_confidence
engaged_2098.jpg,engaged_2092.jpg,engaged,0,0,high_confidence
engaged_2098.jpg,engaged_2106.jpg,engaged,0,0,high_confidence
engaged_2098.jpg,engaged_2111.jpg,engaged,0,0,high_confidence
engaged_2098.jpg,engaged_2116.jpg,engaged,0,0,high_confidence
engaged_2098.jpg,engaged_2125.jpg,engaged,0,0,high_confidence
engaged_2098.jpg,engaged_2156.jpg,engaged,0,0,high_confidence
engaged_2098.jpg,engaged_2181.jpg,engaged,0,0,high_confidence
engaged_2098.jpg,engaged_2191.jpg,engaged,0,0,high_confidence
engaged_2098.jpg,engaged_2198.jpg,engaged,0,0,high_confidence
engaged_2098.jpg,engaged_2203.jpg,engaged,0,0,high_confidence
engaged_2098.jpg,engaged_2214.jpg,engaged,0,0,high_confidence
engaged_2098.jpg,engaged_2216.jpg,engaged,0,0,high_confidence
engaged_2102.jpg,engaged_2107.jpg,engaged,0,0,high_confidence
engaged_2102.jpg,engaged_2117.jpg,engaged,0,0,high_confidence
engaged_2102.jpg,engaged_2118.jpg,engaged,0,0,high_confidence
engaged_2102.jpg,engaged_2119.jpg,engaged,0,0,high_confidence
engaged_2102.jpg,engaged_2120.jpg,engaged,0,0,high_confidence
engaged_2102.jpg,engaged_2123.jpg,engaged,0,0,high_confidence
engaged_2102.jpg,engaged_2124.jpg,engaged,0,0,high_confidence
engaged_2102.jpg,engaged_2126.jpg,engaged,0,0,high_confidence
engaged_2102.jpg,engaged_2134.jpg,engaged,0,0,high_confidence
engaged_2102.jpg,engaged_2135.jpg,engaged,0,0,high_confidence
engaged_2102.jpg,engaged_2137.jpg,engaged,0,0,high_confidence
engaged_2102.jpg,engaged_2145.jpg,engaged,0,0,high_confidence
engaged_2102.jpg,engaged_2146.jpg,engaged,0,0,high_confidence
engaged_2102.jpg,engaged_2148.jpg,engaged,0,0,high_confidence
engaged_2102.jpg,engaged_2149.jpg,engaged,0,0,high_confidence
engaged_2102.jpg,engaged_2150.jpg,engaged,0,0,high_confidence
engaged_2102.jpg,engaged_2155.jpg,engaged,0,0,high_confidence
engaged_2102.jpg,engaged_2157.jpg,engaged,0,0,high_confidence
engaged_2102.jpg,engaged_2158.jpg,engaged,0,0,high_confidence
engaged_2102.jpg,engaged_2159.jpg,engaged,0,0,high_confidence
engaged_2102.jpg,engaged_2160.jpg,engaged,0,0,high_confidence
engaged_2102.jpg,engaged_2163.jpg,engaged,0,0,high_confidence
engaged_2102.jpg,engaged_2164.jpg,engaged,0,0,high_confidence
engaged_2102.jpg,engaged_2165.jpg,engaged,0,0,high_confidence
engaged_2102.jpg,engaged_2170.jpg,engaged,0,0,high_confidence
engaged_2102.jpg,engaged_2171.jpg,engaged,0,0,high_confidence
engaged_2102.jpg,engaged_2173.jpg,engaged,0,0,high_confidence
engaged_2102.jpg,engaged_2174.jpg,engaged,0,0,high_confidence
engaged_2102.jpg,engaged_2175.jpg,engaged,0,0,high_confidence
engaged_2102.jpg,engaged_2180.jpg,engaged,0,0,high_confidence
engaged_2102.jpg,engaged_2182.jpg,engaged,0,0,high_confidence
engaged_2102.jpg,engaged_2183.jpg,engaged,0,0,high_confidence
engaged_2102.jpg,engaged_2184.jpg,engaged,0,0,high_confidence
engaged_2102.jpg,engaged_2185.jpg,engaged,0,0,high_confidence
engaged_2102.jpg,engaged_2187.jpg,engaged,0,0,high_confidence
engaged_2102.jpg,engaged_2188.jpg,engaged,0,0,high_confidence
engaged_2102.jpg,engaged_2189.jpg,engaged,0,0,high_confidence
engaged_2102.jpg,engaged_2190.jpg,engaged,0,0,high_confidence
engaged_2102.jpg,engaged_2192.jpg,engaged,0,0,high_confidence
engaged_2102.jpg,engaged_2194.jpg,engaged,0,0,high_confidence
engaged_2102.jpg,engaged_2199.jpg,engaged,0,0,high_confidence
engaged_2102.jpg,engaged_2200.jpg,engaged,0,0,high_confidence
engaged_2102.jpg,engaged_2201.jpg,engaged,0,0,high_confidence
engaged_2102.jpg,engaged_2202.jpg,engaged,0,0,high_confidence
engaged_2102.jpg,engaged_2204.jpg,engaged,0,0,high_confidence
engaged_2102.jpg,engaged_2210.jpg,engaged,0,0,high_confidence
engaged_2102.jpg,engaged_2211.jpg,engaged,0,0,high_confidence
engaged_2102.jpg,engaged_2212.jpg,engaged,0,0,high_confidence
engaged_2102.jpg,engaged_2215.jpg,engaged,0,0,high_confidence
engaged_2102.jpg,engaged_1775.jpg,engaged,1,0,high_confidence
engaged_2102.jpg,engaged_1779.jpg,engaged,1,0,high_confidence
engaged_2102.jpg,engaged_1836.jpg,engaged,0,0,high_confidence
engaged_2102.jpg,engaged_1867.jpg,engaged,1,0,high_confidence
engaged_2102.jpg,engaged_1979.jpg,engaged,1,0,high_confidence
engaged_2102.jpg,engaged_2045.jpg,engaged,1,0,high_confidence
engaged_2102.jpg,engaged_2079.jpg,engaged,0,0,high_confidence
engaged_2102.jpg,engaged_2080.jpg,engaged,0,0,high_confidence
engaged_2102.jpg,engaged_2086.jpg,engaged,0,0,high_confidence
engaged_2102.jpg,engaged_2096.jpg,engaged,0,0,high_confidence
engaged_2102.jpg,engaged_2103.jpg,engaged,0,0,high_confidence
engaged_2102.jpg,engaged_2121.jpg,engaged,0,0,high_confidence
engaged_2102.jpg,engaged_2136.jpg,engaged,0,0,high_confidence
engaged_2102.jpg,engaged_2166.jpg,engaged,0,0,high_confidence
engaged_2102.jpg,engaged_2172.jpg,engaged,0,0,high_confidence
engaged_2102.jpg,engaged_2213.jpg,engaged,0,0,high_confidence
engaged_2102.jpg,engaged_1806.jpg,engaged,1,0,high_confidence
engaged_2102.jpg,engaged_1860.jpg,engaged,1,0,high_confidence
engaged_2102.jpg,engaged_1916.jpg,engaged,1,0,high_confidence
engaged_2102.jpg,engaged_1925.jpg,engaged,1,0,high_confidence
engaged_2102.jpg,engaged_1982.jpg,engaged,1,0,high_confidence
engaged_2102.jpg,engaged_2048.jpg,engaged,1,0,high_confidence
engaged_2102.jpg,engaged_2073.jpg,engaged,0,0,high_confidence
engaged_2102.jpg,engaged_2081.jpg,engaged,0,0,high_confidence
engaged_2102.jpg,engaged_2092.jpg,engaged,0,0,high_confidence
engaged_2102.jpg,engaged_2106.jpg,engaged,0,0,high_confidence
engaged_2102.jpg,engaged_2111.jpg,engaged,0,0,high_confidence
engaged_2102.jpg,engaged_2116.jpg,engaged,0,0,high_confidence
engaged_2102.jpg,engaged_2125.jpg,engaged,0,0,high_confidence
engaged_2102.jpg,engaged_2156.jpg,engaged,0,0,high_confidence
engaged_2102.jpg,engaged_2181.jpg,engaged,0,0,high_confidence
engaged_2102.jpg,engaged_2191.jpg,engaged,0,0,high_confidence
engaged_2102.jpg,engaged_2198.jpg,engaged,0,0,high_confidence
engaged_2102.jpg,engaged_2203.jpg,engaged,0,0,high_confidence
engaged_2102.jpg,engaged_2214.jpg,engaged,0,0,high_confidence
engaged_2102.jpg,engaged_2216.jpg,engaged,0,0,high_confidence
engaged_2107.jpg,engaged_2117.jpg,engaged,0,0,high_confidence
engaged_2107.jpg,engaged_2118.jpg,engaged,0,0,high_confidence
engaged_2107.jpg,engaged_2119.jpg,engaged,0,0,high_confidence
engaged_2107.jpg,engaged_2120.jpg,engaged,0,0,high_confidence
engaged_2107.jpg,engaged_2123.jpg,engaged,0,0,high_confidence
engaged_2107.jpg,engaged_2124.jpg,engaged,0,0,high_confidence
engaged_2107.jpg,engaged_2126.jpg,engaged,0,0,high_confidence
engaged_2107.jpg,engaged_2134.jpg,engaged,0,0,high_confidence
engaged_2107.jpg,engaged_2135.jpg,engaged,0,0,high_confidence
engaged_2107.jpg,engaged_2137.jpg,engaged,0,0,high_confidence
engaged_2107.jpg,engaged_2145.jpg,engaged,0,0,high_confidence
engaged_2107.jpg,engaged_2146.jpg,engaged,0,0,high_confidence
engaged_2107.jpg,engaged_2148.jpg,engaged,0,0,high_confidence
engaged_2107.jpg,engaged_2149.jpg,engaged,0,0,high_confidence
engaged_2107.jpg,engaged_2150.jpg,engaged,0,0,high_confidence
engaged_2107.jpg,engaged_2155.jpg,engaged,0,0,high_confidence
engaged_2107.jpg,engaged_2157.jpg,engaged,0,0,high_confidence
engaged_2107.jpg,engaged_2158.jpg,engaged,0,0,high_confidence
engaged_2107.jpg,engaged_2159.jpg,engaged,0,0,high_confidence
engaged_2107.jpg,engaged_2160.jpg,engaged,0,0,high_confidence
engaged_2107.jpg,engaged_2163.jpg,engaged,0,0,high_confidence
engaged_2107.jpg,engaged_2164.jpg,engaged,0,0,high_confidence
engaged_2107.jpg,engaged_2165.jpg,engaged,0,0,high_confidence
engaged_2107.jpg,engaged_2170.jpg,engaged,0,0,high_confidence
engaged_2107.jpg,engaged_2171.jpg,engaged,0,0,high_confidence
engaged_2107.jpg,engaged_2173.jpg,engaged,0,0,high_confidence
engaged_2107.jpg,engaged_2174.jpg,engaged,0,0,high_confidence
engaged_2107.jpg,engaged_2175.jpg,engaged,0,0,high_confidence
engaged_2107.jpg,engaged_2180.jpg,engaged,0,0,high_confidence
engaged_2107.jpg,engaged_2182.jpg,engaged,0,0,high_confidence
engaged_2107.jpg,engaged_2183.jpg,engaged,0,0,high_confidence
engaged_2107.jpg,engaged_2184.jpg,engaged,0,0,high_confidence
engaged_2107.jpg,engaged_2185.jpg,engaged,0,0,high_confidence
engaged_2107.jpg,engaged_2187.jpg,engaged,0,0,high_confidence
engaged_2107.jpg,engaged_2188.jpg,engaged,0,0,high_confidence
engaged_2107.jpg,engaged_2189.jpg,engaged,0,0,high_confidence
engaged_2107.jpg,engaged_2190.jpg,engaged,0,0,high_confidence
engaged_2107.jpg,engaged_2192.jpg,engaged,0,0,high_confidence
engaged_2107.jpg,engaged_2194.jpg,engaged,0,0,high_confidence
engaged_2107.jpg,engaged_2199.jpg,engaged,0,0,high_confidence
engaged_2107.jpg,engaged_2200.jpg,engaged,0,0,high_confidence
engaged_2107.jpg,engaged_2201.jpg,engaged,0,0,high_confidence
engaged_2107.jpg,engaged_2202.jpg,engaged,0,0,high_confidence
engaged_2107.jpg,engaged_2204.jpg,engaged,0,0,high_confidence
engaged_2107.jpg,engaged_2210.jpg,engaged,0,0,high_confidence
engaged_2107.jpg,engaged_2211.jpg,engaged,0,0,high_confidence
engaged_2107.jpg,engaged_2212.jpg,engaged,0,0,high_confidence
engaged_2107.jpg,engaged_2215.jpg,engaged,0,0,high_confidence
engaged_2107.jpg,engaged_1775.jpg,engaged,1,0,high_confidence
engaged_2107.jpg,engaged_1779.jpg,engaged,1,0,high_confidence
engaged_2107.jpg,engaged_1836.jpg,engaged,0,0,high_confidence
engaged_2107.jpg,engaged_1867.jpg,engaged,1,0,high_confidence
engaged_2107.jpg,engaged_1979.jpg,engaged,1,0,high_confidence
engaged_2107.jpg,engaged_2045.jpg,engaged,1,0,high_confidence
engaged_2107.jpg,engaged_2079.jpg,engaged,0,0,high_confidence
engaged_2107.jpg,engaged_2080.jpg,engaged,0,0,high_confidence
engaged_2107.jpg,engaged_2086.jpg,engaged,0,0,high_confidence
engaged_2107.jpg,engaged_2096.jpg,engaged,0,0,high_confidence
engaged_2107.jpg,engaged_2103.jpg,engaged,0,0,high_confidence
engaged_2107.jpg,engaged_2121.jpg,engaged,0,0,high_confidence
engaged_2107.jpg,engaged_2136.jpg,engaged,0,0,high_confidence
engaged_2107.jpg,engaged_2166.jpg,engaged,0,0,high_confidence
engaged_2107.jpg,engaged_2172.jpg,engaged,0,0,high_confidence
engaged_2107.jpg,engaged_2213.jpg,engaged,0,0,high_confidence
engaged_2107.jpg,engaged_1806.jpg,engaged,1,0,high_confidence
engaged_2107.jpg,engaged_1860.jpg,engaged,1,0,high_confidence
engaged_2107.jpg,engaged_1916.jpg,engaged,1,0,high_confidence
engaged_2107.jpg,engaged_1925.jpg,engaged,1,0,high_confidence
engaged_2107.jpg,engaged_1982.jpg,engaged,1,0,high_confidence
engaged_2107.jpg,engaged_2048.jpg,engaged,1,0,high_confidence
engaged_2107.jpg,engaged_2073.jpg,engaged,0,0,high_confidence
engaged_2107.jpg,engaged_2081.jpg,engaged,0,0,high_confidence
engaged_2107.jpg,engaged_2092.jpg,engaged,0,0,high_confidence
engaged_2107.jpg,engaged_2106.jpg,engaged,0,0,high_confidence
engaged_2107.jpg,engaged_2111.jpg,engaged,0,0,high_confidence
engaged_2107.jpg,engaged_2116.jpg,engaged,0,0,high_confidence
engaged_2107.jpg,engaged_2125.jpg,engaged,0,0,high_confidence
engaged_2107.jpg,engaged_2156.jpg,engaged,0,0,high_confidence
engaged_2107.jpg,engaged_2181.jpg,engaged,0,0,high_confidence
engaged_2107.jpg,engaged_2191.jpg,engaged,0,0,high_confidence
engaged_2107.jpg,engaged_2198.jpg,engaged,0,0,high_confidence
engaged_2107.jpg,engaged_2203.jpg,engaged,0,0,high_confidence
engaged_2107.jpg,engaged_2214.jpg,engaged,0,0,high_confidence
engaged_2107.jpg,engaged_2216.jpg,engaged,0,0,high_confidence
engaged_2117.jpg,engaged_2118.jpg,engaged,0,0,high_confidence
engaged_2117.jpg,engaged_2119.jpg,engaged,0,0,high_confidence
engaged_2117.jpg,engaged_2120.jpg,engaged,0,0,high_confidence
engaged_2117.jpg,engaged_2123.jpg,engaged,0,0,high_confidence
engaged_2117.jpg,engaged_2124.jpg,engaged,0,0,high_confidence
engaged_2117.jpg,engaged_2126.jpg,engaged,0,0,high_confidence
engaged_2117.jpg,engaged_2134.jpg,engaged,0,0,high_confidence
engaged_2117.jpg,engaged_2135.jpg,engaged,0,0,high_confidence
engaged_2117.jpg,engaged_2137.jpg,engaged,0,0,high_confidence
engaged_2117.jpg,engaged_2145.jpg,engaged,0,0,high_confidence
engaged_2117.jpg,engaged_2146.jpg,engaged,0,0,high_confidence
engaged_2117.jpg,engaged_2148.jpg,engaged,0,0,high_confidence
engaged_2117.jpg,engaged_2149.jpg,engaged,0,0,high_confidence
engaged_2117.jpg,engaged_2150.jpg,engaged,0,0,high_confidence
engaged_2117.jpg,engaged_2155.jpg,engaged,0,0,high_confidence
engaged_2117.jpg,engaged_2157.jpg,engaged,0,0,high_confidence
engaged_2117.jpg,engaged_2158.jpg,engaged,0,0,high_confidence
engaged_2117.jpg,engaged_2159.jpg,engaged,0,0,high_confidence
engaged_2117.jpg,engaged_2160.jpg,engaged,0,0,high_confidence
engaged_2117.jpg,engaged_2163.jpg,engaged,0,0,high_confidence
engaged_2117.jpg,engaged_2164.jpg,engaged,0,0,high_confidence
engaged_2117.jpg,engaged_2165.jpg,engaged,0,0,high_confidence
engaged_2117.jpg,engaged_2170.jpg,engaged,0,0,high_confidence
engaged_2117.jpg,engaged_2171.jpg,engaged,0,0,high_confidence
engaged_2117.jpg,engaged_2173.jpg,engaged,0,0,high_confidence
engaged_2117.jpg,engaged_2174.jpg,engaged,0,0,high_confidence
engaged_2117.jpg,engaged_2175.jpg,engaged,0,0,high_confidence
engaged_2117.jpg,engaged_2180.jpg,engaged,0,0,high_confidence
engaged_2117.jpg,engaged_2182.jpg,engaged,0,0,high_confidence
engaged_2117.jpg,engaged_2183.jpg,engaged,0,0,high_confidence
engaged_2117.jpg,engaged_2184.jpg,engaged,0,0,high_confidence
engaged_2117.jpg,engaged_2185.jpg,engaged,0,0,high_confidence
engaged_2117.jpg,engaged_2187.jpg,engaged,0,0,high_confidence
engaged_2117.jpg,engaged_2188.jpg,engaged,0,0,high_confidence
engaged_2117.jpg,engaged_2189.jpg,engaged,0,0,high_confidence
engaged_2117.jpg,engaged_2190.jpg,engaged,0,0,high_confidence
engaged_2117.jpg,engaged_2192.jpg,engaged,0,0,high_confidence
engaged_2117.jpg,engaged_2194.jpg,engaged,0,0,high_confidence
engaged_2117.jpg,engaged_2199.jpg,engaged,0,0,high_confidence
engaged_2117.jpg,engaged_2200.jpg,engaged,0,0,high_confidence
engaged_2117.jpg,engaged_2201.jpg,engaged,0,0,high_confidence
engaged_2117.jpg,engaged_2202.jpg,engaged,0,0,high_confidence
engaged_2117.jpg,engaged_2204.jpg,engaged,0,0,high_confidence
engaged_2117.jpg,engaged_2210.jpg,engaged,0,0,high_confidence
engaged_2117.jpg,engaged_2211.jpg,engaged,0,0,high_confidence
engaged_2117.jpg,engaged_2212.jpg,engaged,0,0,high_confidence
engaged_2117.jpg,engaged_2215.jpg,engaged,0,0,high_confidence
engaged_2117.jpg,engaged_1775.jpg,engaged,1,0,high_confidence
engaged_2117.jpg,engaged_1779.jpg,engaged,1,0,high_confidence
engaged_2117.jpg,engaged_1836.jpg,engaged,0,0,high_confidence
engaged_2117.jpg,engaged_1867.jpg,engaged,1,0,high_confidence
engaged_2117.jpg,engaged_1979.jpg,engaged,1,0,high_confidence
engaged_2117.jpg,engaged_2045.jpg,engaged,1,0,high_confidence
engaged_2117.jpg,engaged_2079.jpg,engaged,0,0,high_confidence
engaged_2117.jpg,engaged_2080.jpg,engaged,0,0,high_confidence
engaged_2117.jpg,engaged_2086.jpg,engaged,0,0,high_confidence
engaged_2117.jpg,engaged_2096.jpg,engaged,0,0,high_confidence
engaged_2117.jpg,engaged_2103.jpg,engaged,0,0,high_confidence
engaged_2117.jpg,engaged_2121.jpg,engaged,0,0,high_confidence
engaged_2117.jpg,engaged_2136.jpg,engaged,0,0,high_confidence
engaged_2117.jpg,engaged_2166.jpg,engaged,0,0,high_confidence
engaged_2117.jpg,engaged_2172.jpg,engaged,0,0,high_confidence
engaged_2117.jpg,engaged_2213.jpg,engaged,0,0,high_confidence
engaged_2117.jpg,engaged_1806.jpg,engaged,1,0,high_confidence
engaged_2117.jpg,engaged_1860.jpg,engaged,1,0,high_confidence
engaged_2117.jpg,engaged_1916.jpg,engaged,1,0,high_confidence
engaged_2117.jpg,engaged_1925.jpg,engaged,1,0,high_confidence
engaged_2117.jpg,engaged_1982.jpg,engaged,1,0,high_confidence
engaged_2117.jpg,engaged_2048.jpg,engaged,1,0,high_confidence
engaged_2117.jpg,engaged_2073.jpg,engaged,0,0,high_confidence
engaged_2117.jpg,engaged_2081.jpg,engaged,0,0,high_confidence
engaged_2117.jpg,engaged_2092.jpg,engaged,0,0,high_confidence
engaged_2117.jpg,engaged_2106.jpg,engaged,0,0,high_confidence
engaged_2117.jpg,engaged_2111.jpg,engaged,0,0,high_confidence
engaged_2117.jpg,engaged_2116.jpg,engaged,0,0,high_confidence
engaged_2117.jpg,engaged_2125.jpg,engaged,0,0,high_confidence
engaged_2117.jpg,engaged_2156.jpg,engaged,0,0,high_confidence
engaged_2117.jpg,engaged_2181.jpg,engaged,0,0,high_confidence
engaged_2117.jpg,engaged_2191.jpg,engaged,0,0,high_confidence
engaged_2117.jpg,engaged_2198.jpg,engaged,0,0,high_confidence
engaged_2117.jpg,engaged_2203.jpg,engaged,0,0,high_confidence
engaged_2117.jpg,engaged_2214.jpg,engaged,0,0,high_confidence
engaged_2117.jpg,engaged_2216.jpg,engaged,0,0,high_confidence
engaged_2118.jpg,engaged_2119.jpg,engaged,0,0,high_confidence
engaged_2118.jpg,engaged_2120.jpg,engaged,0,0,high_confidence
engaged_2118.jpg,engaged_2123.jpg,engaged,0,0,high_confidence
engaged_2118.jpg,engaged_2124.jpg,engaged,0,0,high_confidence
engaged_2118.jpg,engaged_2126.jpg,engaged,0,0,high_confidence
engaged_2118.jpg,engaged_2134.jpg,engaged,0,0,high_confidence
engaged_2118.jpg,engaged_2135.jpg,engaged,0,0,high_confidence
engaged_2118.jpg,engaged_2137.jpg,engaged,0,0,high_confidence
engaged_2118.jpg,engaged_2145.jpg,engaged,0,0,high_confidence
engaged_2118.jpg,engaged_2146.jpg,engaged,0,0,high_confidence
engaged_2118.jpg,engaged_2148.jpg,engaged,0,0,high_confidence
engaged_2118.jpg,engaged_2149.jpg,engaged,0,0,high_confidence
engaged_2118.jpg,engaged_2150.jpg,engaged,0,0,high_confidence
engaged_2118.jpg,engaged_2155.jpg,engaged,0,0,high_confidence
engaged_2118.jpg,engaged_2157.jpg,engaged,0,0,high_confidence
engaged_2118.jpg,engaged_2158.jpg,engaged,0,0,high_confidence
engaged_2118.jpg,engaged_2159.jpg,engaged,0,0,high_confidence
engaged_2118.jpg,engaged_2160.jpg,engaged,0,0,high_confidence
engaged_2118.jpg,engaged_2163.jpg,engaged,0,0,high_confidence
engaged_2118.jpg,engaged_2164.jpg,engaged,0,0,high_confidence
engaged_2118.jpg,engaged_2165.jpg,engaged,0,0,high_confidence
engaged_2118.jpg,engaged_2170.jpg,engaged,0,0,high_confidence
engaged_2118.jpg,engaged_2171.jpg,engaged,0,0,high_confidence
engaged_2118.jpg,engaged_2173.jpg,engaged,0,0,high_confidence
engaged_2118.jpg,engaged_2174.jpg,engaged,0,0,high_confidence
engaged_2118.jpg,engaged_2175.jpg,engaged,0,0,high_confidence
engaged_2118.jpg,engaged_2180.jpg,engaged,0,0,high_confidence
engaged_2118.jpg,engaged_2182.jpg,engaged,0,0,high_confidence
engaged_2118.jpg,engaged_2183.jpg,engaged,0,0,high_confidence
engaged_2118.jpg,engaged_2184.jpg,engaged,0,0,high_confidence
engaged_2118.jpg,engaged_2185.jpg,engaged,0,0,high_confidence
engaged_2118.jpg,engaged_2187.jpg,engaged,0,0,high_confidence
engaged_2118.jpg,engaged_2188.jpg,engaged,0,0,high_confidence
engaged_2118.jpg,engaged_2189.jpg,engaged,0,0,high_confidence
engaged_2118.jpg,engaged_2190.jpg,engaged,0,0,high_confidence
engaged_2118.jpg,engaged_2192.jpg,engaged,0,0,high_confidence
engaged_2118.jpg,engaged_2194.jpg,engaged,0,0,high_confidence
engaged_2118.jpg,engaged_2199.jpg,engaged,0,0,high_confidence
engaged_2118.jpg,engaged_2200.jpg,engaged,0,0,high_confidence
engaged_2118.jpg,engaged_2201.jpg,engaged,0,0,high_confidence
engaged_2118.jpg,engaged_2202.jpg,engaged,0,0,high_confidence
engaged_2118.jpg,engaged_2204.jpg,engaged,0,0,high_confidence
engaged_2118.jpg,engaged_2210.jpg,engaged,0,0,high_confidence
engaged_2118.jpg,engaged_2211.jpg,engaged,0,0,high_confidence
engaged_2118.jpg,engaged_2212.jpg,engaged,0,0,high_confidence
engaged_2118.jpg,engaged_2215.jpg,engaged,0,0,high_confidence
engaged_2118.jpg,engaged_1775.jpg,engaged,1,0,high_confidence
engaged_2118.jpg,engaged_1779.jpg,engaged,1,0,high_confidence
engaged_2118.jpg,engaged_1836.jpg,engaged,0,0,high_confidence
engaged_2118.jpg,engaged_1867.jpg,engaged,1,0,high_confidence
engaged_2118.jpg,engaged_1979.jpg,engaged,1,0,high_confidence
engaged_2118.jpg,engaged_2045.jpg,engaged,1,0,high_confidence
engaged_2118.jpg,engaged_2079.jpg,engaged,0,0,high_confidence
engaged_2118.jpg,engaged_2080.jpg,engaged,0,0,high_confidence
engaged_2118.jpg,engaged_2086.jpg,engaged,0,0,high_confidence
engaged_2118.jpg,engaged_2096.jpg,engaged,0,0,high_confidence
engaged_2118.jpg,engaged_2103.jpg,engaged,0,0,high_confidence
engaged_2118.jpg,engaged_2121.jpg,engaged,0,0,high_confidence
engaged_2118.jpg,engaged_2136.jpg,engaged,0,0,high_confidence
engaged_2118.jpg,engaged_2166.jpg,engaged,0,0,high_confidence
engaged_2118.jpg,engaged_2172.jpg,engaged,0,0,high_confidence
engaged_2118.jpg,engaged_2213.jpg,engaged,0,0,high_confidence
engaged_2118.jpg,engaged_1806.jpg,engaged,1,0,high_confidence
engaged_2118.jpg,engaged_1860.jpg,engaged,1,0,high_confidence
engaged_2118.jpg,engaged_1916.jpg,engaged,1,0,high_confidence
engaged_2118.jpg,engaged_1925.jpg,engaged,1,0,high_confidence
engaged_2118.jpg,engaged_1982.jpg,engaged,1,0,high_confidence
engaged_2118.jpg,engaged_2048.jpg,engaged,1,0,high_confidence
engaged_2118.jpg,engaged_2073.jpg,engaged,0,0,high_confidence
engaged_2118.jpg,engaged_2081.jpg,engaged,0,0,high_confidence
engaged_2118.jpg,engaged_2092.jpg,engaged,0,0,high_confidence
engaged_2118.jpg,engaged_2106.jpg,engaged,0,0,high_confidence
engaged_2118.jpg,engaged_2111.jpg,engaged,0,0,high_confidence
engaged_2118.jpg,engaged_2116.jpg,engaged,0,0,high_confidence
engaged_2118.jpg,engaged_2125.jpg,engaged,0,0,high_confidence
engaged_2118.jpg,engaged_2156.jpg,engaged,0,0,high_confidence
engaged_2118.jpg,engaged_2181.jpg,engaged,0,0,high_confidence
engaged_2118.jpg,engaged_2191.jpg,engaged,0,0,high_confidence
engaged_2118.jpg,engaged_2198.jpg,engaged,0,0,high_confidence
engaged_2118.jpg,engaged_2203.jpg,engaged,0,0,high_confidence
engaged_2118.jpg,engaged_2214.jpg,engaged,0,0,high_confidence
engaged_2118.jpg,engaged_2216.jpg,engaged,0,0,high_confidence
engaged_2119.jpg,engaged_2120.jpg,engaged,0,0,high_confidence
engaged_2119.jpg,engaged_2123.jpg,engaged,0,0,high_confidence
engaged_2119.jpg,engaged_2124.jpg,engaged,0,0,high_confidence
engaged_2119.jpg,engaged_2126.jpg,engaged,0,0,high_confidence
engaged_2119.jpg,engaged_2134.jpg,engaged,0,0,high_confidence
engaged_2119.jpg,engaged_2135.jpg,engaged,0,0,high_confidence
engaged_2119.jpg,engaged_2137.jpg,engaged,0,0,high_confidence
engaged_2119.jpg,engaged_2145.jpg,engaged,0,0,high_confidence
engaged_2119.jpg,engaged_2146.jpg,engaged,0,0,high_confidence
engaged_2119.jpg,engaged_2148.jpg,engaged,0,0,high_confidence
engaged_2119.jpg,engaged_2149.jpg,engaged,0,0,high_confidence
engaged_2119.jpg,engaged_2150.jpg,engaged,0,0,high_confidence
engaged_2119.jpg,engaged_2155.jpg,engaged,0,0,high_confidence
engaged_2119.jpg,engaged_2157.jpg,engaged,0,0,high_confidence
engaged_2119.jpg,engaged_2158.jpg,engaged,0,0,high_confidence
engaged_2119.jpg,engaged_2159.jpg,engaged,0,0,high_confidence
engaged_2119.jpg,engaged_2160.jpg,engaged,0,0,high_confidence
engaged_2119.jpg,engaged_2163.jpg,engaged,0,0,high_confidence
engaged_2119.jpg,engaged_2164.jpg,engaged,0,0,high_confidence
engaged_2119.jpg,engaged_2165.jpg,engaged,0,0,high_confidence
engaged_2119.jpg,engaged_2170.jpg,engaged,0,0,high_confidence
engaged_2119.jpg,engaged_2171.jpg,engaged,0,0,high_confidence
engaged_2119.jpg,engaged_2173.jpg,engaged,0,0,high_confidence
engaged_2119.jpg,engaged_2174.jpg,engaged,0,0,high_confidence
engaged_2119.jpg,engaged_2175.jpg,engaged,0,0,high_confidence
engaged_2119.jpg,engaged_2180.jpg,engaged,0,0,high_confidence
engaged_2119.jpg,engaged_2182.jpg,engaged,0,0,high_confidence
engaged_2119.jpg,engaged_2183.jpg,engaged,0,0,high_confidence
engaged_2119.jpg,engaged_2184.jpg,engaged,0,0,high_confidence
engaged_2119.jpg,engaged_2185.jpg,engaged,0,0,high_confidence
engaged_2119.jpg,engaged_2187.jpg,engaged,0,0,high_confidence
engaged_2119.jpg,engaged_2188.jpg,engaged,0,0,high_confidence
engaged_2119.jpg,engaged_2189.jpg,engaged,0,0,high_confidence
engaged_2119.jpg,engaged_2190.jpg,engaged,0,0,high_confidence
engaged_2119.jpg,engaged_2192.jpg,engaged,0,0,high_confidence
engaged_2119.jpg,engaged_2194.jpg,engaged,0,0,high_confidence
engaged_2119.jpg,engaged_2199.jpg,engaged,0,0,high_confidence
engaged_2119.jpg,engaged_2200.jpg,engaged,0,0,high_confidence
engaged_2119.jpg,engaged_2201.jpg,engaged,0,0,high_confidence
engaged_2119.jpg,engaged_2202.jpg,engaged,0,0,high_confidence
engaged_2119.jpg,engaged_2204.jpg,engaged,0,0,high_confidence
engaged_2119.jpg,engaged_2210.jpg,engaged,0,0,high_confidence
engaged_2119.jpg,engaged_2211.jpg,engaged,0,0,high_confidence
engaged_2119.jpg,engaged_2212.jpg,engaged,0,0,high_confidence
engaged_2119.jpg,engaged_2215.jpg,engaged,0,0,high_confidence
engaged_2119.jpg,engaged_1775.jpg,engaged,1,0,high_confidence
engaged_2119.jpg,engaged_1779.jpg,engaged,1,0,high_confidence
engaged_2119.jpg,engaged_1836.jpg,engaged,0,0,high_confidence
engaged_2119.jpg,engaged_1867.jpg,engaged,1,0,high_confidence
engaged_2119.jpg,engaged_1979.jpg,engaged,1,0,high_confidence
engaged_2119.jpg,engaged_2045.jpg,engaged,1,0,high_confidence
engaged_2119.jpg,engaged_2079.jpg,engaged,0,0,high_confidence
engaged_2119.jpg,engaged_2080.jpg,engaged,0,0,high_confidence
engaged_2119.jpg,engaged_2086.jpg,engaged,0,0,high_confidence
engaged_2119.jpg,engaged_2096.jpg,engaged,0,0,high_confidence
engaged_2119.jpg,engaged_2103.jpg,engaged,0,0,high_confidence
engaged_2119.jpg,engaged_2121.jpg,engaged,0,0,high_confidence
engaged_2119.jpg,engaged_2136.jpg,engaged,0,0,high_confidence
engaged_2119.jpg,engaged_2166.jpg,engaged,0,0,high_confidence
engaged_2119.jpg,engaged_2172.jpg,engaged,0,0,high_confidence
engaged_2119.jpg,engaged_2213.jpg,engaged,0,0,high_confidence
engaged_2119.jpg,engaged_1806.jpg,engaged,1,0,high_confidence
engaged_2119.jpg,engaged_1860.jpg,engaged,1,0,high_confidence
engaged_2119.jpg,engaged_1916.jpg,engaged,1,0,high_confidence
engaged_2119.jpg,engaged_1925.jpg,engaged,1,0,high_confidence
engaged_2119.jpg,engaged_1982.jpg,engaged,1,0,high_confidence
engaged_2119.jpg,engaged_2048.jpg,engaged,1,0,high_confidence
engaged_2119.jpg,engaged_2073.jpg,engaged,0,0,high_confidence
engaged_2119.jpg,engaged_2081.jpg,engaged,0,0,high_confidence
engaged_2119.jpg,engaged_2092.jpg,engaged,0,0,high_confidence
engaged_2119.jpg,engaged_2106.jpg,engaged,0,0,high_confidence
engaged_2119.jpg,engaged_2111.jpg,engaged,0,0,high_confidence
engaged_2119.jpg,engaged_2116.jpg,engaged,0,0,high_confidence
engaged_2119.jpg,engaged_2125.jpg,engaged,0,0,high_confidence
engaged_2119.jpg,engaged_2156.jpg,engaged,0,0,high_confidence
engaged_2119.jpg,engaged_2181.jpg,engaged,0,0,high_confidence
engaged_2119.jpg,engaged_2191.jpg,engaged,0,0,high_confidence
engaged_2119.jpg,engaged_2198.jpg,engaged,0,0,high_confidence
engaged_2119.jpg,engaged_2203.jpg,engaged,0,0,high_confidence
engaged_2119.jpg,engaged_2214.jpg,engaged,0,0,high_confidence
engaged_2119.jpg,engaged_2216.jpg,engaged,0,0,high_confidence
engaged_2120.jpg,engaged_2123.jpg,engaged,0,0,high_confidence
engaged_2120.jpg,engaged_2124.jpg,engaged,0,0,high_confidence
engaged_2120.jpg,engaged_2126.jpg,engaged,0,0,high_confidence
engaged_2120.jpg,engaged_2134.jpg,engaged,0,0,high_confidence
engaged_2120.jpg,engaged_2135.jpg,engaged,0,0,high_confidence
engaged_2120.jpg,engaged_2137.jpg,engaged,0,0,high_confidence
engaged_2120.jpg,engaged_2145.jpg,engaged,0,0,high_confidence
engaged_2120.jpg,engaged_2146.jpg,engaged,0,0,high_confidence
engaged_2120.jpg,engaged_2148.jpg,engaged,0,0,high_confidence
engaged_2120.jpg,engaged_2149.jpg,engaged,0,0,high_confidence
engaged_2120.jpg,engaged_2150.jpg,engaged,0,0,high_confidence
engaged_2120.jpg,engaged_2155.jpg,engaged,0,0,high_confidence
engaged_2120.jpg,engaged_2157.jpg,engaged,0,0,high_confidence
engaged_2120.jpg,engaged_2158.jpg,engaged,0,0,high_confidence
engaged_2120.jpg,engaged_2159.jpg,engaged,0,0,high_confidence
engaged_2120.jpg,engaged_2160.jpg,engaged,0,0,high_confidence
engaged_2120.jpg,engaged_2163.jpg,engaged,0,0,high_confidence
engaged_2120.jpg,engaged_2164.jpg,engaged,0,0,high_confidence
engaged_2120.jpg,engaged_2165.jpg,engaged,0,0,high_confidence
engaged_2120.jpg,engaged_2170.jpg,engaged,0,0,high_confidence
engaged_2120.jpg,engaged_2171.jpg,engaged,0,0,high_confidence
engaged_2120.jpg,engaged_2173.jpg,engaged,0,0,high_confidence
engaged_2120.jpg,engaged_2174.jpg,engaged,0,0,high_confidence
engaged_2120.jpg,engaged_2175.jpg,engaged,0,0,high_confidence
engaged_2120.jpg,engaged_2180.jpg,engaged,0,0,high_confidence
engaged_2120.jpg,engaged_2182.jpg,engaged,0,0,high_confidence
engaged_2120.jpg,engaged_2183.jpg,engaged,0,0,high_confidence
engaged_2120.jpg,engaged_2184.jpg,engaged,0,0,high_confidence
engaged_2120.jpg,engaged_2185.jpg,engaged,0,0,high_confidence
engaged_2120.jpg,engaged_2187.jpg,engaged,0,0,high_confidence
engaged_2120.jpg,engaged_2188.jpg,engaged,0,0,high_confidence
engaged_2120.jpg,engaged_2189.jpg,engaged,0,0,high_confidence
engaged_2120.jpg,engaged_2190.jpg,engaged,0,0,high_confidence
engaged_2120.jpg,engaged_2192.jpg,engaged,0,0,high_confidence
engaged_2120.jpg,engaged_2194.jpg,engaged,0,0,high_confidence
engaged_2120.jpg,engaged_2199.jpg,engaged,0,0,high_confidence
engaged_2120.jpg,engaged_2200.jpg,engaged,0,0,high_confidence
engaged_2120.jpg,engaged_2201.jpg,engaged,0,0,high_confidence
engaged_2120.jpg,engaged_2202.jpg,engaged,0,0,high_confidence
engaged_2120.jpg,engaged_2204.jpg,engaged,0,0,high_confidence
engaged_2120.jpg,engaged_2210.jpg,engaged,0,0,high_confidence
engaged_2120.jpg,engaged_2211.jpg,engaged,0,0,high_confidence
engaged_2120.jpg,engaged_2212.jpg,engaged,0,0,high_confidence
engaged_2120.jpg,engaged_2215.jpg,engaged,0,0,high_confidence
engaged_2120.jpg,engaged_1775.jpg,engaged,1,0,high_confidence
engaged_2120.jpg,engaged_1779.jpg,engaged,1,0,high_confidence
engaged_2120.jpg,engaged_1836.jpg,engaged,0,0,high_confidence
engaged_2120.jpg,engaged_1867.jpg,engaged,1,0,high_confidence
engaged_2120.jpg,engaged_1979.jpg,engaged,1,0,high_confidence
engaged_2120.jpg,engaged_2045.jpg,engaged,1,0,high_confidence
engaged_2120.jpg,engaged_2079.jpg,engaged,0,0,high_confidence
engaged_2120.jpg,engaged_2080.jpg,engaged,0,0,high_confidence
engaged_2120.jpg,engaged_2086.jpg,engaged,0,0,high_confidence
engaged_2120.jpg,engaged_2096.jpg,engaged,0,0,high_confidence
engaged_2120.jpg,engaged_2103.jpg,engaged,0,0,high_confidence
engaged_2120.jpg,engaged_2121.jpg,engaged,0,0,high_confidence
engaged_2120.jpg,engaged_2136.jpg,engaged,0,0,high_confidence
engaged_2120.jpg,engaged_2166.jpg,engaged,0,0,high_confidence
engaged_2120.jpg,engaged_2172.jpg,engaged,0,0,high_confidence
engaged_2120.jpg,engaged_2213.jpg,engaged,0,0,high_confidence
engaged_2120.jpg,engaged_1806.jpg,engaged,1,0,high_confidence
engaged_2120.jpg,engaged_1860.jpg,engaged,1,0,high_confidence
engaged_2120.jpg,engaged_1916.jpg,engaged,1,0,high_confidence
engaged_2120.jpg,engaged_1925.jpg,engaged,1,0,high_confidence
engaged_2120.jpg,engaged_1982.jpg,engaged,1,0,high_confidence
engaged_2120.jpg,engaged_2048.jpg,engaged,1,0,high_confidence
engaged_2120.jpg,engaged_2073.jpg,engaged,0,0,high_confidence
engaged_2120.jpg,engaged_2081.jpg,engaged,0,0,high_confidence
engaged_2120.jpg,engaged_2092.jpg,engaged,0,0,high_confidence
engaged_2120.jpg,engaged_2106.jpg,engaged,0,0,high_confidence
engaged_2120.jpg,engaged_2111.jpg,engaged,0,0,high_confidence
engaged_2120.jpg,engaged_2116.jpg,engaged,0,0,high_confidence
engaged_2120.jpg,engaged_2125.jpg,engaged,0,0,high_confidence
engaged_2120.jpg,engaged_2156.jpg,engaged,0,0,high_confidence
engaged_2120.jpg,engaged_2181.jpg,engaged,0,0,high_confidence
engaged_2120.jpg,engaged_2191.jpg,engaged,0,0,high_confidence
engaged_2120.jpg,engaged_2198.jpg,engaged,0,0,high_confidence
engaged_2120.jpg,engaged_2203.jpg,engaged,0,0,high_confidence
engaged_2120.jpg,engaged_2214.jpg,engaged,0,0,high_confidence
engaged_2120.jpg,engaged_2216.jpg,engaged,0,0,high_confidence
engaged_2123.jpg,engaged_2124.jpg,engaged,0,0,high_confidence
engaged_2123.jpg,engaged_2126.jpg,engaged,0,0,high_confidence
engaged_2123.jpg,engaged_2134.jpg,engaged,0,0,high_confidence
engaged_2123.jpg,engaged_2135.jpg,engaged,0,0,high_confidence
engaged_2123.jpg,engaged_2137.jpg,engaged,0,0,high_confidence
engaged_2123.jpg,engaged_2145.jpg,engaged,0,0,high_confidence
engaged_2123.jpg,engaged_2146.jpg,engaged,0,0,high_confidence
engaged_2123.jpg,engaged_2148.jpg,engaged,0,0,high_confidence
engaged_2123.jpg,engaged_2149.jpg,engaged,0,0,high_confidence
engaged_2123.jpg,engaged_2150.jpg,engaged,0,0,high_confidence
engaged_2123.jpg,engaged_2155.jpg,engaged,0,0,high_confidence
engaged_2123.jpg,engaged_2157.jpg,engaged,0,0,high_confidence
engaged_2123.jpg,engaged_2158.jpg,engaged,0,0,high_confidence
engaged_2123.jpg,engaged_2159.jpg,engaged,0,0,high_confidence
engaged_2123.jpg,engaged_2160.jpg,engaged,0,0,high_confidence
engaged_2123.jpg,engaged_2163.jpg,engaged,0,0,high_confidence
engaged_2123.jpg,engaged_2164.jpg,engaged,0,0,high_confidence
engaged_2123.jpg,engaged_2165.jpg,engaged,0,0,high_confidence
engaged_2123.jpg,engaged_2170.jpg,engaged,0,0,high_confidence
engaged_2123.jpg,engaged_2171.jpg,engaged,0,0,high_confidence
engaged_2123.jpg,engaged_2173.jpg,engaged,0,0,high_confidence
engaged_2123.jpg,engaged_2174.jpg,engaged,0,0,high_confidence
engaged_2123.jpg,engaged_2175.jpg,engaged,0,0,high_confidence
engaged_2123.jpg,engaged_2180.jpg,engaged,0,0,high_confidence
engaged_2123.jpg,engaged_2182.jpg,engaged,0,0,high_confidence
engaged_2123.jpg,engaged_2183.jpg,engaged,0,0,high_confidence
engaged_2123.jpg,engaged_2184.jpg,engaged,0,0,high_confidence
engaged_2123.jpg,engaged_2185.jpg,engaged,0,0,high_confidence
engaged_2123.jpg,engaged_2187.jpg,engaged,0,0,high_confidence
engaged_2123.jpg,engaged_2188.jpg,engaged,0,0,high_confidence
engaged_2123.jpg,engaged_2189.jpg,engaged,0,0,high_confidence
engaged_2123.jpg,engaged_2190.jpg,engaged,0,0,high_confidence
engaged_2123.jpg,engaged_2192.jpg,engaged,0,0,high_confidence
engaged_2123.jpg,engaged_2194.jpg,engaged,0,0,high_confidence
engaged_2123.jpg,engaged_2199.jpg,engaged,0,0,high_confidence
engaged_2123.jpg,engaged_2200.jpg,engaged,0,0,high_confidence
engaged_2123.jpg,engaged_2201.jpg,engaged,0,0,high_confidence
engaged_2123.jpg,engaged_2202.jpg,engaged,0,0,high_confidence
engaged_2123.jpg,engaged_2204.jpg,engaged,0,0,high_confidence
engaged_2123.jpg,engaged_2210.jpg,engaged,0,0,high_confidence
engaged_2123.jpg,engaged_2211.jpg,engaged,0,0,high_confidence
engaged_2123.jpg,engaged_2212.jpg,engaged,0,0,high_confidence
engaged_2123.jpg,engaged_2215.jpg,engaged,0,0,high_confidence
engaged_2123.jpg,engaged_1775.jpg,engaged,1,0,high_confidence
engaged_2123.jpg,engaged_1779.jpg,engaged,1,0,high_confidence
engaged_2123.jpg,engaged_1836.jpg,engaged,0,0,high_confidence
engaged_2123.jpg,engaged_1867.jpg,engaged,1,0,high_confidence
engaged_2123.jpg,engaged_1979.jpg,engaged,1,0,high_confidence
engaged_2123.jpg,engaged_2045.jpg,engaged,1,0,high_confidence
engaged_2123.jpg,engaged_2079.jpg,engaged,0,0,high_confidence
engaged_2123.jpg,engaged_2080.jpg,engaged,0,0,high_confidence
engaged_2123.jpg,engaged_2086.jpg,engaged,0,0,high_confidence
engaged_2123.jpg,engaged_2096.jpg,engaged,0,0,high_confidence
engaged_2123.jpg,engaged_2103.jpg,engaged,0,0,high_confidence
engaged_2123.jpg,engaged_2121.jpg,engaged,0,0,high_confidence
engaged_2123.jpg,engaged_2136.jpg,engaged,0,0,high_confidence
engaged_2123.jpg,engaged_2166.jpg,engaged,0,0,high_confidence
engaged_2123.jpg,engaged_2172.jpg,engaged,0,0,high_confidence
engaged_2123.jpg,engaged_2213.jpg,engaged,0,0,high_confidence
engaged_2123.jpg,engaged_1806.jpg,engaged,1,0,high_confidence
engaged_2123.jpg,engaged_1860.jpg,engaged,1,0,high_confidence
engaged_2123.jpg,engaged_1916.jpg,engaged,1,0,high_confidence
engaged_2123.jpg,engaged_1925.jpg,engaged,1,0,high_confidence
engaged_2123.jpg,engaged_1982.jpg,engaged,1,0,high_confidence
engaged_2123.jpg,engaged_2048.jpg,engaged,1,0,high_confidence
engaged_2123.jpg,engaged_2073.jpg,engaged,0,0,high_confidence
engaged_2123.jpg,engaged_2081.jpg,engaged,0,0,high_confidence
engaged_2123.jpg,engaged_2092.jpg,engaged,0,0,high_confidence
engaged_2123.jpg,engaged_2106.jpg,engaged,0,0,high_confidence
engaged_2123.jpg,engaged_2111.jpg,engaged,0,0,high_confidence
engaged_2123.jpg,engaged_2116.jpg,engaged,0,0,high_confidence
engaged_2123.jpg,engaged_2125.jpg,engaged,0,0,high_confidence
engaged_2123.jpg,engaged_2156.jpg,engaged,0,0,high_confidence
engaged_2123.jpg,engaged_2181.jpg,engaged,0,0,high_confidence
engaged_2123.jpg,engaged_2191.jpg,engaged,0,0,high_confidence
engaged_2123.jpg,engaged_2198.jpg,engaged,0,0,high_confidence
engaged_2123.jpg,engaged_2203.jpg,engaged,0,0,high_confidence
engaged_2123.jpg,engaged_2214.jpg,engaged,0,0,high_confidence
engaged_2123.jpg,engaged_2216.jpg,engaged,0,0,high_confidence
engaged_2124.jpg,engaged_2126.jpg,engaged,0,0,high_confidence
engaged_2124.jpg,engaged_2134.jpg,engaged,0,0,high_confidence
engaged_2124.jpg,engaged_2135.jpg,engaged,0,0,high_confidence
engaged_2124.jpg,engaged_2137.jpg,engaged,0,0,high_confidence
engaged_2124.jpg,engaged_2145.jpg,engaged,0,0,high_confidence
engaged_2124.jpg,engaged_2146.jpg,engaged,0,0,high_confidence
engaged_2124.jpg,engaged_2148.jpg,engaged,0,0,high_confidence
engaged_2124.jpg,engaged_2149.jpg,engaged,0,0,high_confidence
engaged_2124.jpg,engaged_2150.jpg,engaged,0,0,high_confidence
engaged_2124.jpg,engaged_2155.jpg,engaged,0,0,high_confidence
engaged_2124.jpg,engaged_2157.jpg,engaged,0,0,high_confidence
engaged_2124.jpg,engaged_2158.jpg,engaged,0,0,high_confidence
engaged_2124.jpg,engaged_2159.jpg,engaged,0,0,high_confidence
engaged_2124.jpg,engaged_2160.jpg,engaged,0,0,high_confidence
engaged_2124.jpg,engaged_2163.jpg,engaged,0,0,high_confidence
engaged_2124.jpg,engaged_2164.jpg,engaged,0,0,high_confidence
engaged_2124.jpg,engaged_2165.jpg,engaged,0,0,high_confidence
engaged_2124.jpg,engaged_2170.jpg,engaged,0,0,high_confidence
engaged_2124.jpg,engaged_2171.jpg,engaged,0,0,high_confidence
engaged_2124.jpg,engaged_2173.jpg,engaged,0,0,high_confidence
engaged_2124.jpg,engaged_2174.jpg,engaged,0,0,high_confidence
engaged_2124.jpg,engaged_2175.jpg,engaged,0,0,high_confidence
engaged_2124.jpg,engaged_2180.jpg,engaged,0,0,high_confidence
engaged_2124.jpg,engaged_2182.jpg,engaged,0,0,high_confidence
engaged_2124.jpg,engaged_2183.jpg,engaged,0,0,high_confidence
engaged_2124.jpg,engaged_2184.jpg,engaged,0,0,high_confidence
engaged_2124.jpg,engaged_2185.jpg,engaged,0,0,high_confidence
engaged_2124.jpg,engaged_2187.jpg,engaged,0,0,high_confidence
engaged_2124.jpg,engaged_2188.jpg,engaged,0,0,high_confidence
engaged_2124.jpg,engaged_2189.jpg,engaged,0,0,high_confidence
engaged_2124.jpg,engaged_2190.jpg,engaged,0,0,high_confidence
engaged_2124.jpg,engaged_2192.jpg,engaged,0,0,high_confidence
engaged_2124.jpg,engaged_2194.jpg,engaged,0,0,high_confidence
engaged_2124.jpg,engaged_2199.jpg,engaged,0,0,high_confidence
engaged_2124.jpg,engaged_2200.jpg,engaged,0,0,high_confidence
engaged_2124.jpg,engaged_2201.jpg,engaged,0,0,high_confidence
engaged_2124.jpg,engaged_2202.jpg,engaged,0,0,high_confidence
engaged_2124.jpg,engaged_2204.jpg,engaged,0,0,high_confidence
engaged_2124.jpg,engaged_2210.jpg,engaged,0,0,high_confidence
engaged_2124.jpg,engaged_2211.jpg,engaged,0,0,high_confidence
engaged_2124.jpg,engaged_2212.jpg,engaged,0,0,high_confidence
engaged_2124.jpg,engaged_2215.jpg,engaged,0,0,high_confidence
engaged_2124.jpg,engaged_1775.jpg,engaged,1,0,high_confidence
engaged_2124.jpg,engaged_1779.jpg,engaged,1,0,high_confidence
engaged_2124.jpg,engaged_1836.jpg,engaged,0,0,high_confidence
engaged_2124.jpg,engaged_1867.jpg,engaged,1,0,high_confidence
engaged_2124.jpg,engaged_1979.jpg,engaged,1,0,high_confidence
engaged_2124.jpg,engaged_2045.jpg,engaged,1,0,high_confidence
engaged_2124.jpg,engaged_2079.jpg,engaged,0,0,high_confidence
engaged_2124.jpg,engaged_2080.jpg,engaged,0,0,high_confidence
engaged_2124.jpg,engaged_2086.jpg,engaged,0,0,high_confidence
engaged_2124.jpg,engaged_2096.jpg,engaged,0,0,high_confidence
engaged_2124.jpg,engaged_2103.jpg,engaged,0,0,high_confidence
engaged_2124.jpg,engaged_2121.jpg,engaged,0,0,high_confidence
engaged_2124.jpg,engaged_2136.jpg,engaged,0,0,high_confidence
engaged_2124.jpg,engaged_2166.jpg,engaged,0,0,high_confidence
engaged_2124.jpg,engaged_2172.jpg,engaged,0,0,high_confidence
engaged_2124.jpg,engaged_2213.jpg,engaged,0,0,high_confidence
engaged_2124.jpg,engaged_1806.jpg,engaged,1,0,high_confidence
engaged_2124.jpg,engaged_1860.jpg,engaged,1,0,high_confidence
engaged_2124.jpg,engaged_1916.jpg,engaged,1,0,high_confidence
engaged_2124.jpg,engaged_1925.jpg,engaged,1,0,high_confidence
engaged_2124.jpg,engaged_1982.jpg,engaged,1,0,high_confidence
engaged_2124.jpg,engaged_2048.jpg,engaged,1,0,high_confidence
engaged_2124.jpg,engaged_2073.jpg,engaged,0,0,high_confidence
engaged_2124.jpg,engaged_2081.jpg,engaged,0,0,high_confidence
engaged_2124.jpg,engaged_2092.jpg,engaged,0,0,high_confidence
engaged_2124.jpg,engaged_2106.jpg,engaged,0,0,high_confidence
engaged_2124.jpg,engaged_2111.jpg,engaged,0,0,high_confidence
engaged_2124.jpg,engaged_2116.jpg,engaged,0,0,high_confidence
engaged_2124.jpg,engaged_2125.jpg,engaged,0,0,high_confidence
engaged_2124.jpg,engaged_2156.jpg,engaged,0,0,high_confidence
engaged_2124.jpg,engaged_2181.jpg,engaged,0,0,high_confidence
engaged_2124.jpg,engaged_2191.jpg,engaged,0,0,high_confidence
engaged_2124.jpg,engaged_2198.jpg,engaged,0,0,high_confidence
engaged_2124.jpg,engaged_2203.jpg,engaged,0,0,high_confidence
engaged_2124.jpg,engaged_2214.jpg,engaged,0,0,high_confidence
engaged_2124.jpg,engaged_2216.jpg,engaged,0,0,high_confidence
engaged_2126.jpg,engaged_2134.jpg,engaged,0,0,high_confidence
engaged_2126.jpg,engaged_2135.jpg,engaged,0,0,high_confidence
engaged_2126.jpg,engaged_2137.jpg,engaged,0,0,high_confidence
engaged_2126.jpg,engaged_2145.jpg,engaged,0,0,high_confidence
engaged_2126.jpg,engaged_2146.jpg,engaged,0,0,high_confidence
engaged_2126.jpg,engaged_2148.jpg,engaged,0,0,high_confidence
engaged_2126.jpg,engaged_2149.jpg,engaged,0,0,high_confidence
engaged_2126.jpg,engaged_2150.jpg,engaged,0,0,high_confidence
engaged_2126.jpg,engaged_2155.jpg,engaged,0,0,high_confidence
engaged_2126.jpg,engaged_2157.jpg,engaged,0,0,high_confidence
engaged_2126.jpg,engaged_2158.jpg,engaged,0,0,high_confidence
engaged_2126.jpg,engaged_2159.jpg,engaged,0,0,high_confidence
engaged_2126.jpg,engaged_2160.jpg,engaged,0,0,high_confidence
engaged_2126.jpg,engaged_2163.jpg,engaged,0,0,high_confidence
engaged_2126.jpg,engaged_2164.jpg,engaged,0,0,high_confidence
engaged_2126.jpg,engaged_2165.jpg,engaged,0,0,high_confidence
engaged_2126.jpg,engaged_2170.jpg,engaged,0,0,high_confidence
engaged_2126.jpg,engaged_2171.jpg,engaged,0,0,high_confidence
engaged_2126.jpg,engaged_2173.jpg,engaged,0,0,high_confidence
engaged_2126.jpg,engaged_2174.jpg,engaged,0,0,high_confidence
engaged_2126.jpg,engaged_2175.jpg,engaged,0,0,high_confidence
engaged_2126.jpg,engaged_2180.jpg,engaged,0,0,high_confidence
engaged_2126.jpg,engaged_2182.jpg,engaged,0,0,high_confidence
engaged_2126.jpg,engaged_2183.jpg,engaged,0,0,high_confidence
engaged_2126.jpg,engaged_2184.jpg,engaged,0,0,high_confidence
engaged_2126.jpg,engaged_2185.jpg,engaged,0,0,high_confidence
engaged_2126.jpg,engaged_2187.jpg,engaged,0,0,high_confidence
engaged_2126.jpg,engaged_2188.jpg,engaged,0,0,high_confidence
engaged_2126.jpg,engaged_2189.jpg,engaged,0,0,high_confidence
engaged_2126.jpg,engaged_2190.jpg,engaged,0,0,high_confidence
engaged_2126.jpg,engaged_2192.jpg,engaged,0,0,high_confidence
engaged_2126.jpg,engaged_2194.jpg,engaged,0,0,high_confidence
engaged_2126.jpg,engaged_2199.jpg,engaged,0,0,high_confidence
engaged_2126.jpg,engaged_2200.jpg,engaged,0,0,high_confidence
engaged_2126.jpg,engaged_2201.jpg,engaged,0,0,high_confidence
engaged_2126.jpg,engaged_2202.jpg,engaged,0,0,high_confidence
engaged_2126.jpg,engaged_2204.jpg,engaged,0,0,high_confidence
engaged_2126.jpg,engaged_2210.jpg,engaged,0,0,high_confidence
engaged_2126.jpg,engaged_2211.jpg,engaged,0,0,high_confidence
engaged_2126.jpg,engaged_2212.jpg,engaged,0,0,high_confidence
engaged_2126.jpg,engaged_2215.jpg,engaged,0,0,high_confidence
engaged_2126.jpg,engaged_1775.jpg,engaged,1,0,high_confidence
engaged_2126.jpg,engaged_1779.jpg,engaged,1,0,high_confidence
engaged_2126.jpg,engaged_1836.jpg,engaged,0,0,high_confidence
engaged_2126.jpg,engaged_1867.jpg,engaged,1,0,high_confidence
engaged_2126.jpg,engaged_1979.jpg,engaged,1,0,high_confidence
engaged_2126.jpg,engaged_2045.jpg,engaged,1,0,high_confidence
engaged_2126.jpg,engaged_2079.jpg,engaged,0,0,high_confidence
engaged_2126.jpg,engaged_2080.jpg,engaged,0,0,high_confidence
engaged_2126.jpg,engaged_2086.jpg,engaged,0,0,high_confidence
engaged_2126.jpg,engaged_2096.jpg,engaged,0,0,high_confidence
engaged_2126.jpg,engaged_2103.jpg,engaged,0,0,high_confidence
engaged_2126.jpg,engaged_2121.jpg,engaged,0,0,high_confidence
engaged_2126.jpg,engaged_2136.jpg,engaged,0,0,high_confidence
engaged_2126.jpg,engaged_2166.jpg,engaged,0,0,high_confidence
engaged_2126.jpg,engaged_2172.jpg,engaged,0,0,high_confidence
engaged_2126.jpg,engaged_2213.jpg,engaged,0,0,high_confidence
engaged_2126.jpg,engaged_1806.jpg,engaged,1,0,high_confidence
engaged_2126.jpg,engaged_1860.jpg,engaged,1,0,high_confidence
engaged_2126.jpg,engaged_1916.jpg,engaged,1,0,high_confidence
engaged_2126.jpg,engaged_1925.jpg,engaged,1,0,high_confidence
engaged_2126.jpg,engaged_1982.jpg,engaged,1,0,high_confidence
engaged_2126.jpg,engaged_2048.jpg,engaged,1,0,high_confidence
engaged_2126.jpg,engaged_2073.jpg,engaged,0,0,high_confidence
engaged_2126.jpg,engaged_2081.jpg,engaged,0,0,high_confidence
engaged_2126.jpg,engaged_2092.jpg,engaged,0,0,high_confidence
engaged_2126.jpg,engaged_2106.jpg,engaged,0,0,high_confidence
engaged_2126.jpg,engaged_2111.jpg,engaged,0,0,high_confidence
engaged_2126.jpg,engaged_2116.jpg,engaged,0,0,high_confidence
engaged_2126.jpg,engaged_2125.jpg,engaged,0,0,high_confidence
engaged_2126.jpg,engaged_2156.jpg,engaged,0,0,high_confidence
engaged_2126.jpg,engaged_2181.jpg,engaged,0,0,high_confidence
engaged_2126.jpg,engaged_2191.jpg,engaged,0,0,high_confidence
engaged_2126.jpg,engaged_2198.jpg,engaged,0,0,high_confidence
engaged_2126.jpg,engaged_2203.jpg,engaged,0,0,high_confidence
engaged_2126.jpg,engaged_2214.jpg,engaged,0,0,high_confidence
engaged_2126.jpg,engaged_2216.jpg,engaged,0,0,high_confidence
engaged_2134.jpg,engaged_2135.jpg,engaged,0,0,high_confidence
engaged_2134.jpg,engaged_2137.jpg,engaged,0,0,high_confidence
engaged_2134.jpg,engaged_2145.jpg,engaged,0,0,high_confidence
engaged_2134.jpg,engaged_2146.jpg,engaged,0,0,high_confidence
engaged_2134.jpg,engaged_2148.jpg,engaged,0,0,high_confidence
engaged_2134.jpg,engaged_2149.jpg,engaged,0,0,high_confidence
engaged_2134.jpg,engaged_2150.jpg,engaged,0,0,high_confidence
engaged_2134.jpg,engaged_2155.jpg,engaged,0,0,high_confidence
engaged_2134.jpg,engaged_2157.jpg,engaged,0,0,high_confidence
engaged_2134.jpg,engaged_2158.jpg,engaged,0,0,high_confidence
engaged_2134.jpg,engaged_2159.jpg,engaged,0,0,high_confidence
engaged_2134.jpg,engaged_2160.jpg,engaged,0,0,high_confidence
engaged_2134.jpg,engaged_2163.jpg,engaged,0,0,high_confidence
engaged_2134.jpg,engaged_2164.jpg,engaged,0,0,high_confidence
engaged_2134.jpg,engaged_2165.jpg,engaged,0,0,high_confidence
engaged_2134.jpg,engaged_2170.jpg,engaged,0,0,high_confidence
engaged_2134.jpg,engaged_2171.jpg,engaged,0,0,high_confidence
engaged_2134.jpg,engaged_2173.jpg,engaged,0,0,high_confidence
engaged_2134.jpg,engaged_2174.jpg,engaged,0,0,high_confidence
engaged_2134.jpg,engaged_2175.jpg,engaged,0,0,high_confidence
engaged_2134.jpg,engaged_2180.jpg,engaged,0,0,high_confidence
engaged_2134.jpg,engaged_2182.jpg,engaged,0,0,high_confidence
engaged_2134.jpg,engaged_2183.jpg,engaged,0,0,high_confidence
engaged_2134.jpg,engaged_2184.jpg,engaged,0,0,high_confidence
engaged_2134.jpg,engaged_2185.jpg,engaged,0,0,high_confidence
engaged_2134.jpg,engaged_2187.jpg,engaged,0,0,high_confidence
engaged_2134.jpg,engaged_2188.jpg,engaged,0,0,high_confidence
engaged_2134.jpg,engaged_2189.jpg,engaged,0,0,high_confidence
engaged_2134.jpg,engaged_2190.jpg,engaged,0,0,high_confidence
engaged_2134.jpg,engaged_2192.jpg,engaged,0,0,high_confidence
engaged_2134.jpg,engaged_2194.jpg,engaged,0,0,high_confidence
engaged_2134.jpg,engaged_2199.jpg,engaged,0,0,high_confidence
engaged_2134.jpg,engaged_2200.jpg,engaged,0,0,high_confidence
engaged_2134.jpg,engaged_2201.jpg,engaged,0,0,high_confidence
engaged_2134.jpg,engaged_2202.jpg,engaged,0,0,high_confidence
engaged_2134.jpg,engaged_2204.jpg,engaged,0,0,high_confidence
engaged_2134.jpg,engaged_2210.jpg,engaged,0,0,high_confidence
engaged_2134.jpg,engaged_2211.jpg,engaged,0,0,high_confidence
engaged_2134.jpg,engaged_2212.jpg,engaged,0,0,high_confidence
engaged_2134.jpg,engaged_2215.jpg,engaged,0,0,high_confidence
engaged_2134.jpg,engaged_1775.jpg,engaged,1,0,high_confidence
engaged_2134.jpg,engaged_1779.jpg,engaged,1,0,high_confidence
engaged_2134.jpg,engaged_1836.jpg,engaged,0,0,high_confidence
engaged_2134.jpg,engaged_1867.jpg,engaged,1,0,high_confidence
engaged_2134.jpg,engaged_1979.jpg,engaged,1,0,high_confidence
engaged_2134.jpg,engaged_2045.jpg,engaged,1,0,high_confidence
engaged_2134.jpg,engaged_2079.jpg,engaged,0,0,high_confidence
engaged_2134.jpg,engaged_2080.jpg,engaged,0,0,high_confidence
engaged_2134.jpg,engaged_2086.jpg,engaged,0,0,high_confidence
engaged_2134.jpg,engaged_2096.jpg,engaged,0,0,high_confidence
engaged_2134.jpg,engaged_2103.jpg,engaged,0,0,high_confidence
engaged_2134.jpg,engaged_2121.jpg,engaged,0,0,high_confidence
engaged_2134.jpg,engaged_2136.jpg,engaged,0,0,high_confidence
engaged_2134.jpg,engaged_2166.jpg,engaged,0,0,high_confidence
engaged_2134.jpg,engaged_2172.jpg,engaged,0,0,high_confidence
engaged_2134.jpg,engaged_2213.jpg,engaged,0,0,high_confidence
engaged_2134.jpg,engaged_1806.jpg,engaged,1,0,high_confidence
engaged_2134.jpg,engaged_1860.jpg,engaged,1,0,high_confidence
engaged_2134.jpg,engaged_1916.jpg,engaged,1,0,high_confidence
engaged_2134.jpg,engaged_1925.jpg,engaged,1,0,high_confidence
engaged_2134.jpg,engaged_1982.jpg,engaged,1,0,high_confidence
engaged_2134.jpg,engaged_2048.jpg,engaged,1,0,high_confidence
engaged_2134.jpg,engaged_2073.jpg,engaged,0,0,high_confidence
engaged_2134.jpg,engaged_2081.jpg,engaged,0,0,high_confidence
engaged_2134.jpg,engaged_2092.jpg,engaged,0,0,high_confidence
engaged_2134.jpg,engaged_2106.jpg,engaged,0,0,high_confidence
engaged_2134.jpg,engaged_2111.jpg,engaged,0,0,high_confidence
engaged_2134.jpg,engaged_2116.jpg,engaged,0,0,high_confidence
engaged_2134.jpg,engaged_2125.jpg,engaged,0,0,high_confidence
engaged_2134.jpg,engaged_2156.jpg,engaged,0,0,high_confidence
engaged_2134.jpg,engaged_2181.jpg,engaged,0,0,high_confidence
engaged_2134.jpg,engaged_2191.jpg,engaged,0,0,high_confidence
engaged_2134.jpg,engaged_2198.jpg,engaged,0,0,high_confidence
engaged_2134.jpg,engaged_2203.jpg,engaged,0,0,high_confidence
engaged_2134.jpg,engaged_2214.jpg,engaged,0,0,high_confidence
engaged_2134.jpg,engaged_2216.jpg,engaged,0,0,high_confidence
engaged_2135.jpg,engaged_2137.jpg,engaged,0,0,high_confidence
engaged_2135.jpg,engaged_2145.jpg,engaged,0,0,high_confidence
engaged_2135.jpg,engaged_2146.jpg,engaged,0,0,high_confidence
engaged_2135.jpg,engaged_2148.jpg,engaged,0,0,high_confidence
engaged_2135.jpg,engaged_2149.jpg,engaged,0,0,high_confidence
engaged_2135.jpg,engaged_2150.jpg,engaged,0,0,high_confidence
engaged_2135.jpg,engaged_2155.jpg,engaged,0,0,high_confidence
engaged_2135.jpg,engaged_2157.jpg,engaged,0,0,high_confidence
engaged_2135.jpg,engaged_2158.jpg,engaged,0,0,high_confidence
engaged_2135.jpg,engaged_2159.jpg,engaged,0,0,high_confidence
engaged_2135.jpg,engaged_2160.jpg,engaged,0,0,high_confidence
engaged_2135.jpg,engaged_2163.jpg,engaged,0,0,high_confidence
engaged_2135.jpg,engaged_2164.jpg,engaged,0,0,high_confidence
engaged_2135.jpg,engaged_2165.jpg,engaged,0,0,high_confidence
engaged_2135.jpg,engaged_2170.jpg,engaged,0,0,high_confidence
engaged_2135.jpg,engaged_2171.jpg,engaged,0,0,high_confidence
engaged_2135.jpg,engaged_2173.jpg,engaged,0,0,high_confidence
engaged_2135.jpg,engaged_2174.jpg,engaged,0,0,high_confidence
engaged_2135.jpg,engaged_2175.jpg,engaged,0,0,high_confidence
engaged_2135.jpg,engaged_2180.jpg,engaged,0,0,high_confidence
engaged_2135.jpg,engaged_2182.jpg,engaged,0,0,high_confidence
engaged_2135.jpg,engaged_2183.jpg,engaged,0,0,high_confidence
engaged_2135.jpg,engaged_2184.jpg,engaged,0,0,high_confidence
engaged_2135.jpg,engaged_2185.jpg,engaged,0,0,high_confidence
engaged_2135.jpg,engaged_2187.jpg,engaged,0,0,high_confidence
engaged_2135.jpg,engaged_2188.jpg,engaged,0,0,high_confidence
engaged_2135.jpg,engaged_2189.jpg,engaged,0,0,high_confidence
engaged_2135.jpg,engaged_2190.jpg,engaged,0,0,high_confidence
engaged_2135.jpg,engaged_2192.jpg,engaged,0,0,high_confidence
engaged_2135.jpg,engaged_2194.jpg,engaged,0,0,high_confidence
engaged_2135.jpg,engaged_2199.jpg,engaged,0,0,high_confidence
engaged_2135.jpg,engaged_2200.jpg,engaged,0,0,high_confidence
engaged_2135.jpg,engaged_2201.jpg,engaged,0,0,high_confidence
engaged_2135.jpg,engaged_2202.jpg,engaged,0,0,high_confidence
engaged_2135.jpg,engaged_2204.jpg,engaged,0,0,high_confidence
engaged_2135.jpg,engaged_2210.jpg,engaged,0,0,high_confidence
engaged_2135.jpg,engaged_2211.jpg,engaged,0,0,high_confidence
engaged_2135.jpg,engaged_2212.jpg,engaged,0,0,high_confidence
engaged_2135.jpg,engaged_2215.jpg,engaged,0,0,high_confidence
engaged_2135.jpg,engaged_1775.jpg,engaged,1,0,high_confidence
engaged_2135.jpg,engaged_1779.jpg,engaged,1,0,high_confidence
engaged_2135.jpg,engaged_1836.jpg,engaged,0,0,high_confidence
engaged_2135.jpg,engaged_1867.jpg,engaged,1,0,high_confidence
engaged_2135.jpg,engaged_1979.jpg,engaged,1,0,high_confidence
engaged_2135.jpg,engaged_2045.jpg,engaged,1,0,high_confidence
engaged_2135.jpg,engaged_2079.jpg,engaged,0,0,high_confidence
engaged_2135.jpg,engaged_2080.jpg,engaged,0,0,high_confidence
engaged_2135.jpg,engaged_2086.jpg,engaged,0,0,high_confidence
engaged_2135.jpg,engaged_2096.jpg,engaged,0,0,high_confidence
engaged_2135.jpg,engaged_2103.jpg,engaged,0,0,high_confidence
engaged_2135.jpg,engaged_2121.jpg,engaged,0,0,high_confidence
engaged_2135.jpg,engaged_2136.jpg,engaged,0,0,high_confidence
engaged_2135.jpg,engaged_2166.jpg,engaged,0,0,high_confidence
engaged_2135.jpg,engaged_2172.jpg,engaged,0,0,high_confidence
engaged_2135.jpg,engaged_2213.jpg,engaged,0,0,high_confidence
engaged_2135.jpg,engaged_1806.jpg,engaged,1,0,high_confidence
engaged_2135.jpg,engaged_1860.jpg,engaged,1,0,high_confidence
engaged_2135.jpg,engaged_1916.jpg,engaged,1,0,high_confidence
engaged_2135.jpg,engaged_1925.jpg,engaged,1,0,high_confidence
engaged_2135.jpg,engaged_1982.jpg,engaged,1,0,high_confidence
engaged_2135.jpg,engaged_2048.jpg,engaged,1,0,high_confidence
engaged_2135.jpg,engaged_2073.jpg,engaged,0,0,high_confidence
engaged_2135.jpg,engaged_2081.jpg,engaged,0,0,high_confidence
engaged_2135.jpg,engaged_2092.jpg,engaged,0,0,high_confidence
engaged_2135.jpg,engaged_2106.jpg,engaged,0,0,high_confidence
engaged_2135.jpg,engaged_2111.jpg,engaged,0,0,high_confidence
engaged_2135.jpg,engaged_2116.jpg,engaged,0,0,high_confidence
engaged_2135.jpg,engaged_2125.jpg,engaged,0,0,high_confidence
engaged_2135.jpg,engaged_2156.jpg,engaged,0,0,high_confidence
engaged_2135.jpg,engaged_2181.jpg,engaged,0,0,high_confidence
engaged_2135.jpg,engaged_2191.jpg,engaged,0,0,high_confidence
engaged_2135.jpg,engaged_2198.jpg,engaged,0,0,high_confidence
engaged_2135.jpg,engaged_2203.jpg,engaged,0,0,high_confidence
engaged_2135.jpg,engaged_2214.jpg,engaged,0,0,high_confidence
engaged_2135.jpg,engaged_2216.jpg,engaged,0,0,high_confidence
engaged_2137.jpg,engaged_2145.jpg,engaged,0,0,high_confidence
engaged_2137.jpg,engaged_2146.jpg,engaged,0,0,high_confidence
engaged_2137.jpg,engaged_2148.jpg,engaged,0,0,high_confidence
engaged_2137.jpg,engaged_2149.jpg,engaged,0,0,high_confidence
engaged_2137.jpg,engaged_2150.jpg,engaged,0,0,high_confidence
engaged_2137.jpg,engaged_2155.jpg,engaged,0,0,high_confidence
engaged_2137.jpg,engaged_2157.jpg,engaged,0,0,high_confidence
engaged_2137.jpg,engaged_2158.jpg,engaged,0,0,high_confidence
engaged_2137.jpg,engaged_2159.jpg,engaged,0,0,high_confidence
engaged_2137.jpg,engaged_2160.jpg,engaged,0,0,high_confidence
engaged_2137.jpg,engaged_2163.jpg,engaged,0,0,high_confidence
engaged_2137.jpg,engaged_2164.jpg,engaged,0,0,high_confidence
engaged_2137.jpg,engaged_2165.jpg,engaged,0,0,high_confidence
engaged_2137.jpg,engaged_2170.jpg,engaged,0,0,high_confidence
engaged_2137.jpg,engaged_2171.jpg,engaged,0,0,high_confidence
engaged_2137.jpg,engaged_2173.jpg,engaged,0,0,high_confidence
engaged_2137.jpg,engaged_2174.jpg,engaged,0,0,high_confidence
engaged_2137.jpg,engaged_2175.jpg,engaged,0,0,high_confidence
engaged_2137.jpg,engaged_2180.jpg,engaged,0,0,high_confidence
engaged_2137.jpg,engaged_2182.jpg,engaged,0,0,high_confidence
engaged_2137.jpg,engaged_2183.jpg,engaged,0,0,high_confidence
engaged_2137.jpg,engaged_2184.jpg,engaged,0,0,high_confidence
engaged_2137.jpg,engaged_2185.jpg,engaged,0,0,high_confidence
engaged_2137.jpg,engaged_2187.jpg,engaged,0,0,high_confidence
engaged_2137.jpg,engaged_2188.jpg,engaged,0,0,high_confidence
engaged_2137.jpg,engaged_2189.jpg,engaged,0,0,high_confidence
engaged_2137.jpg,engaged_2190.jpg,engaged,0,0,high_confidence
engaged_2137.jpg,engaged_2192.jpg,engaged,0,0,high_confidence
engaged_2137.jpg,engaged_2194.jpg,engaged,0,0,high_confidence
engaged_2137.jpg,engaged_2199.jpg,engaged,0,0,high_confidence
engaged_2137.jpg,engaged_2200.jpg,engaged,0,0,high_confidence
engaged_2137.jpg,engaged_2201.jpg,engaged,0,0,high_confidence
engaged_2137.jpg,engaged_2202.jpg,engaged,0,0,high_confidence
engaged_2137.jpg,engaged_2204.jpg,engaged,0,0,high_confidence
engaged_2137.jpg,engaged_2210.jpg,engaged,0,0,high_confidence
engaged_2137.jpg,engaged_2211.jpg,engaged,0,0,high_confidence
engaged_2137.jpg,engaged_2212.jpg,engaged,0,0,high_confidence
engaged_2137.jpg,engaged_2215.jpg,engaged,0,0,high_confidence
engaged_2137.jpg,engaged_1775.jpg,engaged,1,0,high_confidence
engaged_2137.jpg,engaged_1779.jpg,engaged,1,0,high_confidence
engaged_2137.jpg,engaged_1836.jpg,engaged,0,0,high_confidence
engaged_2137.jpg,engaged_1867.jpg,engaged,1,0,high_confidence
engaged_2137.jpg,engaged_1979.jpg,engaged,1,0,high_confidence
engaged_2137.jpg,engaged_2045.jpg,engaged,1,0,high_confidence
engaged_2137.jpg,engaged_2079.jpg,engaged,0,0,high_confidence
engaged_2137.jpg,engaged_2080.jpg,engaged,0,0,high_confidence
engaged_2137.jpg,engaged_2086.jpg,engaged,0,0,high_confidence
engaged_2137.jpg,engaged_2096.jpg,engaged,0,0,high_confidence
engaged_2137.jpg,engaged_2103.jpg,engaged,0,0,high_confidence
engaged_2137.jpg,engaged_2121.jpg,engaged,0,0,high_confidence
engaged_2137.jpg,engaged_2136.jpg,engaged,0,0,high_confidence
engaged_2137.jpg,engaged_2166.jpg,engaged,0,0,high_confidence
engaged_2137.jpg,engaged_2172.jpg,engaged,0,0,high_confidence
engaged_2137.jpg,engaged_2213.jpg,engaged,0,0,high_confidence
engaged_2137.jpg,engaged_1806.jpg,engaged,1,0,high_confidence
engaged_2137.jpg,engaged_1860.jpg,engaged,1,0,high_confidence
engaged_2137.jpg,engaged_1916.jpg,engaged,1,0,high_confidence
engaged_2137.jpg,engaged_1925.jpg,engaged,1,0,high_confidence
engaged_2137.jpg,engaged_1982.jpg,engaged,1,0,high_confidence
engaged_2137.jpg,engaged_2048.jpg,engaged,1,0,high_confidence
engaged_2137.jpg,engaged_2073.jpg,engaged,0,0,high_confidence
engaged_2137.jpg,engaged_2081.jpg,engaged,0,0,high_confidence
engaged_2137.jpg,engaged_2092.jpg,engaged,0,0,high_confidence
engaged_2137.jpg,engaged_2106.jpg,engaged,0,0,high_confidence
engaged_2137.jpg,engaged_2111.jpg,engaged,0,0,high_confidence
engaged_2137.jpg,engaged_2116.jpg,engaged,0,0,high_confidence
engaged_2137.jpg,engaged_2125.jpg,engaged,0,0,high_confidence
engaged_2137.jpg,engaged_2156.jpg,engaged,0,0,high_confidence
engaged_2137.jpg,engaged_2181.jpg,engaged,0,0,high_confidence
engaged_2137.jpg,engaged_2191.jpg,engaged,0,0,high_confidence
engaged_2137.jpg,engaged_2198.jpg,engaged,0,0,high_confidence
engaged_2137.jpg,engaged_2203.jpg,engaged,0,0,high_confidence
engaged_2137.jpg,engaged_2214.jpg,engaged,0,0,high_confidence
engaged_2137.jpg,engaged_2216.jpg,engaged,0,0,high_confidence
engaged_2145.jpg,engaged_2146.jpg,engaged,0,0,high_confidence
engaged_2145.jpg,engaged_2148.jpg,engaged,0,0,high_confidence
engaged_2145.jpg,engaged_2149.jpg,engaged,0,0,high_confidence
engaged_2145.jpg,engaged_2150.jpg,engaged,0,0,high_confidence
engaged_2145.jpg,engaged_2155.jpg,engaged,0,0,high_confidence
engaged_2145.jpg,engaged_2157.jpg,engaged,0,0,high_confidence
engaged_2145.jpg,engaged_2158.jpg,engaged,0,0,high_confidence
engaged_2145.jpg,engaged_2159.jpg,engaged,0,0,high_confidence
engaged_2145.jpg,engaged_2160.jpg,engaged,0,0,high_confidence
engaged_2145.jpg,engaged_2163.jpg,engaged,0,0,high_confidence
engaged_2145.jpg,engaged_2164.jpg,engaged,0,0,high_confidence
engaged_2145.jpg,engaged_2165.jpg,engaged,0,0,high_confidence
engaged_2145.jpg,engaged_2170.jpg,engaged,0,0,high_confidence
engaged_2145.jpg,engaged_2171.jpg,engaged,0,0,high_confidence
engaged_2145.jpg,engaged_2173.jpg,engaged,0,0,high_confidence
engaged_2145.jpg,engaged_2174.jpg,engaged,0,0,high_confidence
engaged_2145.jpg,engaged_2175.jpg,engaged,0,0,high_confidence
engaged_2145.jpg,engaged_2180.jpg,engaged,0,0,high_confidence
engaged_2145.jpg,engaged_2182.jpg,engaged,0,0,high_confidence
engaged_2145.jpg,engaged_2183.jpg,engaged,0,0,high_confidence
engaged_2145.jpg,engaged_2184.jpg,engaged,0,0,high_confidence
engaged_2145.jpg,engaged_2185.jpg,engaged,0,0,high_confidence
engaged_2145.jpg,engaged_2187.jpg,engaged,0,0,high_confidence
engaged_2145.jpg,engaged_2188.jpg,engaged,0,0,high_confidence
engaged_2145.jpg,engaged_2189.jpg,engaged,0,0,high_confidence
engaged_2145.jpg,engaged_2190.jpg,engaged,0,0,high_confidence
engaged_2145.jpg,engaged_2192.jpg,engaged,0,0,high_confidence
engaged_2145.jpg,engaged_2194.jpg,engaged,0,0,high_confidence
engaged_2145.jpg,engaged_2199.jpg,engaged,0,0,high_confidence
engaged_2145.jpg,engaged_2200.jpg,engaged,0,0,high_confidence
engaged_2145.jpg,engaged_2201.jpg,engaged,0,0,high_confidence
engaged_2145.jpg,engaged_2202.jpg,engaged,0,0,high_confidence
engaged_2145.jpg,engaged_2204.jpg,engaged,0,0,high_confidence
engaged_2145.jpg,engaged_2210.jpg,engaged,0,0,high_confidence
engaged_2145.jpg,engaged_2211.jpg,engaged,0,0,high_confidence
engaged_2145.jpg,engaged_2212.jpg,engaged,0,0,high_confidence
engaged_2145.jpg,engaged_2215.jpg,engaged,0,0,high_confidence
engaged_2145.jpg,engaged_1775.jpg,engaged,1,0,high_confidence
engaged_2145.jpg,engaged_1779.jpg,engaged,1,0,high_confidence
engaged_2145.jpg,engaged_1836.jpg,engaged,0,0,high_confidence
engaged_2145.jpg,engaged_1867.jpg,engaged,1,0,high_confidence
engaged_2145.jpg,engaged_1979.jpg,engaged,1,0,high_confidence
engaged_2145.jpg,engaged_2045.jpg,engaged,1,0,high_confidence
engaged_2145.jpg,engaged_2079.jpg,engaged,0,0,high_confidence
engaged_2145.jpg,engaged_2080.jpg,engaged,0,0,high_confidence
engaged_2145.jpg,engaged_2086.jpg,engaged,0,0,high_confidence
engaged_2145.jpg,engaged_2096.jpg,engaged,0,0,high_confidence
engaged_2145.jpg,engaged_2103.jpg,engaged,0,0,high_confidence
engaged_2145.jpg,engaged_2121.jpg,engaged,0,0,high_confidence
engaged_2145.jpg,engaged_2136.jpg,engaged,0,0,high_confidence
engaged_2145.jpg,engaged_2166.jpg,engaged,0,0,high_confidence
engaged_2145.jpg,engaged_2172.jpg,engaged,0,0,high_confidence
engaged_2145.jpg,engaged_2213.jpg,engaged,0,0,high_confidence
engaged_2145.jpg,engaged_1806.jpg,engaged,1,0,high_confidence
engaged_2145.jpg,engaged_1860.jpg,engaged,1,0,high_confidence
engaged_2145.jpg,engaged_1916.jpg,engaged,1,0,high_confidence
engaged_2145.jpg,engaged_1925.jpg,engaged,1,0,high_confidence
engaged_2145.jpg,engaged_1982.jpg,engaged,1,0,high_confidence
engaged_2145.jpg,engaged_2048.jpg,engaged,1,0,high_confidence
engaged_2145.jpg,engaged_2073.jpg,engaged,0,0,high_confidence
engaged_2145.jpg,engaged_2081.jpg,engaged,0,0,high_confidence
engaged_2145.jpg,engaged_2092.jpg,engaged,0,0,high_confidence
engaged_2145.jpg,engaged_2106.jpg,engaged,0,0,high_confidence
engaged_2145.jpg,engaged_2111.jpg,engaged,0,0,high_confidence
engaged_2145.jpg,engaged_2116.jpg,engaged,0,0,high_confidence
engaged_2145.jpg,engaged_2125.jpg,engaged,0,0,high_confidence
engaged_2145.jpg,engaged_2156.jpg,engaged,0,0,high_confidence
engaged_2145.jpg,engaged_2181.jpg,engaged,0,0,high_confidence
engaged_2145.jpg,engaged_2191.jpg,engaged,0,0,high_confidence
engaged_2145.jpg,engaged_2198.jpg,engaged,0,0,high_confidence
engaged_2145.jpg,engaged_2203.jpg,engaged,0,0,high_confidence
engaged_2145.jpg,engaged_2214.jpg,engaged,0,0,high_confidence
engaged_2145.jpg,engaged_2216.jpg,engaged,0,0,high_confidence
engaged_2146.jpg,engaged_2148.jpg,engaged,0,0,high_confidence
engaged_2146.jpg,engaged_2149.jpg,engaged,0,0,high_confidence
engaged_2146.jpg,engaged_2150.jpg,engaged,0,0,high_confidence
engaged_2146.jpg,engaged_2155.jpg,engaged,0,0,high_confidence
engaged_2146.jpg,engaged_2157.jpg,engaged,0,0,high_confidence
engaged_2146.jpg,engaged_2158.jpg,engaged,0,0,high_confidence
engaged_2146.jpg,engaged_2159.jpg,engaged,0,0,high_confidence
engaged_2146.jpg,engaged_2160.jpg,engaged,0,0,high_confidence
engaged_2146.jpg,engaged_2163.jpg,engaged,0,0,high_confidence
engaged_2146.jpg,engaged_2164.jpg,engaged,0,0,high_confidence
engaged_2146.jpg,engaged_2165.jpg,engaged,0,0,high_confidence
engaged_2146.jpg,engaged_2170.jpg,engaged,0,0,high_confidence
engaged_2146.jpg,engaged_2171.jpg,engaged,0,0,high_confidence
engaged_2146.jpg,engaged_2173.jpg,engaged,0,0,high_confidence
engaged_2146.jpg,engaged_2174.jpg,engaged,0,0,high_confidence
engaged_2146.jpg,engaged_2175.jpg,engaged,0,0,high_confidence
engaged_2146.jpg,engaged_2180.jpg,engaged,0,0,high_confidence
engaged_2146.jpg,engaged_2182.jpg,engaged,0,0,high_confidence
engaged_2146.jpg,engaged_2183.jpg,engaged,0,0,high_confidence
engaged_2146.jpg,engaged_2184.jpg,engaged,0,0,high_confidence
engaged_2146.jpg,engaged_2185.jpg,engaged,0,0,high_confidence
engaged_2146.jpg,engaged_2187.jpg,engaged,0,0,high_confidence
engaged_2146.jpg,engaged_2188.jpg,engaged,0,0,high_confidence
engaged_2146.jpg,engaged_2189.jpg,engaged,0,0,high_confidence
engaged_2146.jpg,engaged_2190.jpg,engaged,0,0,high_confidence
engaged_2146.jpg,engaged_2192.jpg,engaged,0,0,high_confidence
engaged_2146.jpg,engaged_2194.jpg,engaged,0,0,high_confidence
engaged_2146.jpg,engaged_2199.jpg,engaged,0,0,high_confidence
engaged_2146.jpg,engaged_2200.jpg,engaged,0,0,high_confidence
engaged_2146.jpg,engaged_2201.jpg,engaged,0,0,high_confidence
engaged_2146.jpg,engaged_2202.jpg,engaged,0,0,high_confidence
engaged_2146.jpg,engaged_2204.jpg,engaged,0,0,high_confidence
engaged_2146.jpg,engaged_2210.jpg,engaged,0,0,high_confidence
engaged_2146.jpg,engaged_2211.jpg,engaged,0,0,high_confidence
engaged_2146.jpg,engaged_2212.jpg,engaged,0,0,high_confidence
engaged_2146.jpg,engaged_2215.jpg,engaged,0,0,high_confidence
engaged_2146.jpg,engaged_1775.jpg,engaged,1,0,high_confidence
engaged_2146.jpg,engaged_1779.jpg,engaged,1,0,high_confidence
engaged_2146.jpg,engaged_1836.jpg,engaged,0,0,high_confidence
engaged_2146.jpg,engaged_1867.jpg,engaged,1,0,high_confidence
engaged_2146.jpg,engaged_1979.jpg,engaged,1,0,high_confidence
engaged_2146.jpg,engaged_2045.jpg,engaged,1,0,high_confidence
engaged_2146.jpg,engaged_2079.jpg,engaged,0,0,high_confidence
engaged_2146.jpg,engaged_2080.jpg,engaged,0,0,high_confidence
engaged_2146.jpg,engaged_2086.jpg,engaged,0,0,high_confidence
engaged_2146.jpg,engaged_2096.jpg,engaged,0,0,high_confidence
engaged_2146.jpg,engaged_2103.jpg,engaged,0,0,high_confidence
engaged_2146.jpg,engaged_2121.jpg,engaged,0,0,high_confidence
engaged_2146.jpg,engaged_2136.jpg,engaged,0,0,high_confidence
engaged_2146.jpg,engaged_2166.jpg,engaged,0,0,high_confidence
engaged_2146.jpg,engaged_2172.jpg,engaged,0,0,high_confidence
engaged_2146.jpg,engaged_2213.jpg,engaged,0,0,high_confidence
engaged_2146.jpg,engaged_1806.jpg,engaged,1,0,high_confidence
engaged_2146.jpg,engaged_1860.jpg,engaged,1,0,high_confidence
engaged_2146.jpg,engaged_1916.jpg,engaged,1,0,high_confidence
engaged_2146.jpg,engaged_1925.jpg,engaged,1,0,high_confidence
engaged_2146.jpg,engaged_1982.jpg,engaged,1,0,high_confidence
engaged_2146.jpg,engaged_2048.jpg,engaged,1,0,high_confidence
engaged_2146.jpg,engaged_2073.jpg,engaged,0,0,high_confidence
engaged_2146.jpg,engaged_2081.jpg,engaged,0,0,high_confidence
engaged_2146.jpg,engaged_2092.jpg,engaged,0,0,high_confidence
engaged_2146.jpg,engaged_2106.jpg,engaged,0,0,high_confidence
engaged_2146.jpg,engaged_2111.jpg,engaged,0,0,high_confidence
engaged_2146.jpg,engaged_2116.jpg,engaged,0,0,high_confidence
engaged_2146.jpg,engaged_2125.jpg,engaged,0,0,high_confidence
engaged_2146.jpg,engaged_2156.jpg,engaged,0,0,high_confidence
engaged_2146.jpg,engaged_2181.jpg,engaged,0,0,high_confidence
engaged_2146.jpg,engaged_2191.jpg,engaged,0,0,high_confidence
engaged_2146.jpg,engaged_2198.jpg,engaged,0,0,high_confidence
engaged_2146.jpg,engaged_2203.jpg,engaged,0,0,high_confidence
engaged_2146.jpg,engaged_2214.jpg,engaged,0,0,high_confidence
engaged_2146.jpg,engaged_2216.jpg,engaged,0,0,high_confidence
engaged_2148.jpg,engaged_2149.jpg,engaged,0,0,high_confidence
engaged_2148.jpg,engaged_2150.jpg,engaged,0,0,high_confidence
engaged_2148.jpg,engaged_2155.jpg,engaged,0,0,high_confidence
engaged_2148.jpg,engaged_2157.jpg,engaged,0,0,high_confidence
engaged_2148.jpg,engaged_2158.jpg,engaged,0,0,high_confidence
engaged_2148.jpg,engaged_2159.jpg,engaged,0,0,high_confidence
engaged_2148.jpg,engaged_2160.jpg,engaged,0,0,high_confidence
engaged_2148.jpg,engaged_2163.jpg,engaged,0,0,high_confidence
engaged_2148.jpg,engaged_2164.jpg,engaged,0,0,high_confidence
engaged_2148.jpg,engaged_2165.jpg,engaged,0,0,high_confidence
engaged_2148.jpg,engaged_2170.jpg,engaged,0,0,high_confidence
engaged_2148.jpg,engaged_2171.jpg,engaged,0,0,high_confidence
engaged_2148.jpg,engaged_2173.jpg,engaged,0,0,high_confidence
engaged_2148.jpg,engaged_2174.jpg,engaged,0,0,high_confidence
engaged_2148.jpg,engaged_2175.jpg,engaged,0,0,high_confidence
engaged_2148.jpg,engaged_2180.jpg,engaged,0,0,high_confidence
engaged_2148.jpg,engaged_2182.jpg,engaged,0,0,high_confidence
engaged_2148.jpg,engaged_2183.jpg,engaged,0,0,high_confidence
engaged_2148.jpg,engaged_2184.jpg,engaged,0,0,high_confidence
engaged_2148.jpg,engaged_2185.jpg,engaged,0,0,high_confidence
engaged_2148.jpg,engaged_2187.jpg,engaged,0,0,high_confidence
engaged_2148.jpg,engaged_2188.jpg,engaged,0,0,high_confidence
engaged_2148.jpg,engaged_2189.jpg,engaged,0,0,high_confidence
engaged_2148.jpg,engaged_2190.jpg,engaged,0,0,high_confidence
engaged_2148.jpg,engaged_2192.jpg,engaged,0,0,high_confidence
engaged_2148.jpg,engaged_2194.jpg,engaged,0,0,high_confidence
engaged_2148.jpg,engaged_2199.jpg,engaged,0,0,high_confidence
engaged_2148.jpg,engaged_2200.jpg,engaged,0,0,high_confidence
engaged_2148.jpg,engaged_2201.jpg,engaged,0,0,high_confidence
engaged_2148.jpg,engaged_2202.jpg,engaged,0,0,high_confidence
engaged_2148.jpg,engaged_2204.jpg,engaged,0,0,high_confidence
engaged_2148.jpg,engaged_2210.jpg,engaged,0,0,high_confidence
engaged_2148.jpg,engaged_2211.jpg,engaged,0,0,high_confidence
engaged_2148.jpg,engaged_2212.jpg,engaged,0,0,high_confidence
engaged_2148.jpg,engaged_2215.jpg,engaged,0,0,high_confidence
engaged_2148.jpg,engaged_1775.jpg,engaged,1,0,high_confidence
engaged_2148.jpg,engaged_1779.jpg,engaged,1,0,high_confidence
engaged_2148.jpg,engaged_1836.jpg,engaged,0,0,high_confidence
engaged_2148.jpg,engaged_1867.jpg,engaged,1,0,high_confidence
engaged_2148.jpg,engaged_1979.jpg,engaged,1,0,high_confidence
engaged_2148.jpg,engaged_2045.jpg,engaged,1,0,high_confidence
engaged_2148.jpg,engaged_2079.jpg,engaged,0,0,high_confidence
engaged_2148.jpg,engaged_2080.jpg,engaged,0,0,high_confidence
engaged_2148.jpg,engaged_2086.jpg,engaged,0,0,high_confidence
engaged_2148.jpg,engaged_2096.jpg,engaged,0,0,high_confidence
engaged_2148.jpg,engaged_2103.jpg,engaged,0,0,high_confidence
engaged_2148.jpg,engaged_2121.jpg,engaged,0,0,high_confidence
engaged_2148.jpg,engaged_2136.jpg,engaged,0,0,high_confidence
engaged_2148.jpg,engaged_2166.jpg,engaged,0,0,high_confidence
engaged_2148.jpg,engaged_2172.jpg,engaged,0,0,high_confidence
engaged_2148.jpg,engaged_2213.jpg,engaged,0,0,high_confidence
engaged_2148.jpg,engaged_1806.jpg,engaged,1,0,high_confidence
engaged_2148.jpg,engaged_1860.jpg,engaged,1,0,high_confidence
engaged_2148.jpg,engaged_1916.jpg,engaged,1,0,high_confidence
engaged_2148.jpg,engaged_1925.jpg,engaged,1,0,high_confidence
engaged_2148.jpg,engaged_1982.jpg,engaged,1,0,high_confidence
engaged_2148.jpg,engaged_2048.jpg,engaged,1,0,high_confidence
engaged_2148.jpg,engaged_2073.jpg,engaged,0,0,high_confidence
engaged_2148.jpg,engaged_2081.jpg,engaged,0,0,high_confidence
engaged_2148.jpg,engaged_2092.jpg,engaged,0,0,high_confidence
engaged_2148.jpg,engaged_2106.jpg,engaged,0,0,high_confidence
engaged_2148.jpg,engaged_2111.jpg,engaged,0,0,high_confidence
engaged_2148.jpg,engaged_2116.jpg,engaged,0,0,high_confidence
engaged_2148.jpg,engaged_2125.jpg,engaged,0,0,high_confidence
engaged_2148.jpg,engaged_2156.jpg,engaged,0,0,high_confidence
engaged_2148.jpg,engaged_2181.jpg,engaged,0,0,high_confidence
engaged_2148.jpg,engaged_2191.jpg,engaged,0,0,high_confidence
engaged_2148.jpg,engaged_2198.jpg,engaged,0,0,high_confidence
engaged_2148.jpg,engaged_2203.jpg,engaged,0,0,high_confidence
engaged_2148.jpg,engaged_2214.jpg,engaged,0,0,high_confidence
engaged_2148.jpg,engaged_2216.jpg,engaged,0,0,high_confidence
engaged_2149.jpg,engaged_2150.jpg,engaged,0,0,high_confidence
engaged_2149.jpg,engaged_2155.jpg,engaged,0,0,high_confidence
engaged_2149.jpg,engaged_2157.jpg,engaged,0,0,high_confidence
engaged_2149.jpg,engaged_2158.jpg,engaged,0,0,high_confidence
engaged_2149.jpg,engaged_2159.jpg,engaged,0,0,high_confidence
engaged_2149.jpg,engaged_2160.jpg,engaged,0,0,high_confidence
engaged_2149.jpg,engaged_2163.jpg,engaged,0,0,high_confidence
engaged_2149.jpg,engaged_2164.jpg,engaged,0,0,high_confidence
engaged_2149.jpg,engaged_2165.jpg,engaged,0,0,high_confidence
engaged_2149.jpg,engaged_2170.jpg,engaged,0,0,high_confidence
engaged_2149.jpg,engaged_2171.jpg,engaged,0,0,high_confidence
engaged_2149.jpg,engaged_2173.jpg,engaged,0,0,high_confidence
engaged_2149.jpg,engaged_2174.jpg,engaged,0,0,high_confidence
engaged_2149.jpg,engaged_2175.jpg,engaged,0,0,high_confidence
engaged_2149.jpg,engaged_2180.jpg,engaged,0,0,high_confidence
engaged_2149.jpg,engaged_2182.jpg,engaged,0,0,high_confidence
engaged_2149.jpg,engaged_2183.jpg,engaged,0,0,high_confidence
engaged_2149.jpg,engaged_2184.jpg,engaged,0,0,high_confidence
engaged_2149.jpg,engaged_2185.jpg,engaged,0,0,high_confidence
engaged_2149.jpg,engaged_2187.jpg,engaged,0,0,high_confidence
engaged_2149.jpg,engaged_2188.jpg,engaged,0,0,high_confidence
engaged_2149.jpg,engaged_2189.jpg,engaged,0,0,high_confidence
engaged_2149.jpg,engaged_2190.jpg,engaged,0,0,high_confidence
engaged_2149.jpg,engaged_2192.jpg,engaged,0,0,high_confidence
engaged_2149.jpg,engaged_2194.jpg,engaged,0,0,high_confidence
engaged_2149.jpg,engaged_2199.jpg,engaged,0,0,high_confidence
engaged_2149.jpg,engaged_2200.jpg,engaged,0,0,high_confidence
engaged_2149.jpg,engaged_2201.jpg,engaged,0,0,high_confidence
engaged_2149.jpg,engaged_2202.jpg,engaged,0,0,high_confidence
engaged_2149.jpg,engaged_2204.jpg,engaged,0,0,high_confidence
engaged_2149.jpg,engaged_2210.jpg,engaged,0,0,high_confidence
engaged_2149.jpg,engaged_2211.jpg,engaged,0,0,high_confidence
engaged_2149.jpg,engaged_2212.jpg,engaged,0,0,high_confidence
engaged_2149.jpg,engaged_2215.jpg,engaged,0,0,high_confidence
engaged_2149.jpg,engaged_1775.jpg,engaged,1,0,high_confidence
engaged_2149.jpg,engaged_1779.jpg,engaged,1,0,high_confidence
engaged_2149.jpg,engaged_1836.jpg,engaged,0,0,high_confidence
engaged_2149.jpg,engaged_1867.jpg,engaged,1,0,high_confidence
engaged_2149.jpg,engaged_1979.jpg,engaged,1,0,high_confidence
engaged_2149.jpg,engaged_2045.jpg,engaged,1,0,high_confidence
engaged_2149.jpg,engaged_2079.jpg,engaged,0,0,high_confidence
engaged_2149.jpg,engaged_2080.jpg,engaged,0,0,high_confidence
engaged_2149.jpg,engaged_2086.jpg,engaged,0,0,high_confidence
engaged_2149.jpg,engaged_2096.jpg,engaged,0,0,high_confidence
engaged_2149.jpg,engaged_2103.jpg,engaged,0,0,high_confidence
engaged_2149.jpg,engaged_2121.jpg,engaged,0,0,high_confidence
engaged_2149.jpg,engaged_2136.jpg,engaged,0,0,high_confidence
engaged_2149.jpg,engaged_2166.jpg,engaged,0,0,high_confidence
engaged_2149.jpg,engaged_2172.jpg,engaged,0,0,high_confidence
engaged_2149.jpg,engaged_2213.jpg,engaged,0,0,high_confidence
engaged_2149.jpg,engaged_1806.jpg,engaged,1,0,high_confidence
engaged_2149.jpg,engaged_1860.jpg,engaged,1,0,high_confidence
engaged_2149.jpg,engaged_1916.jpg,engaged,1,0,high_confidence
engaged_2149.jpg,engaged_1925.jpg,engaged,1,0,high_confidence
engaged_2149.jpg,engaged_1982.jpg,engaged,1,0,high_confidence
engaged_2149.jpg,engaged_2048.jpg,engaged,1,0,high_confidence
engaged_2149.jpg,engaged_2073.jpg,engaged,0,0,high_confidence
engaged_2149.jpg,engaged_2081.jpg,engaged,0,0,high_confidence
engaged_2149.jpg,engaged_2092.jpg,engaged,0,0,high_confidence
engaged_2149.jpg,engaged_2106.jpg,engaged,0,0,high_confidence
engaged_2149.jpg,engaged_2111.jpg,engaged,0,0,high_confidence
engaged_2149.jpg,engaged_2116.jpg,engaged,0,0,high_confidence
engaged_2149.jpg,engaged_2125.jpg,engaged,0,0,high_confidence
engaged_2149.jpg,engaged_2156.jpg,engaged,0,0,high_confidence
engaged_2149.jpg,engaged_2181.jpg,engaged,0,0,high_confidence
engaged_2149.jpg,engaged_2191.jpg,engaged,0,0,high_confidence
engaged_2149.jpg,engaged_2198.jpg,engaged,0,0,high_confidence
engaged_2149.jpg,engaged_2203.jpg,engaged,0,0,high_confidence
engaged_2149.jpg,engaged_2214.jpg,engaged,0,0,high_confidence
engaged_2149.jpg,engaged_2216.jpg,engaged,0,0,high_confidence
engaged_2150.jpg,engaged_2155.jpg,engaged,0,0,high_confidence
engaged_2150.jpg,engaged_2157.jpg,engaged,0,0,high_confidence
engaged_2150.jpg,engaged_2158.jpg,engaged,0,0,high_confidence
engaged_2150.jpg,engaged_2159.jpg,engaged,0,0,high_confidence
engaged_2150.jpg,engaged_2160.jpg,engaged,0,0,high_confidence
engaged_2150.jpg,engaged_2163.jpg,engaged,0,0,high_confidence
engaged_2150.jpg,engaged_2164.jpg,engaged,0,0,high_confidence
engaged_2150.jpg,engaged_2165.jpg,engaged,0,0,high_confidence
engaged_2150.jpg,engaged_2170.jpg,engaged,0,0,high_confidence
engaged_2150.jpg,engaged_2171.jpg,engaged,0,0,high_confidence
engaged_2150.jpg,engaged_2173.jpg,engaged,0,0,high_confidence
engaged_2150.jpg,engaged_2174.jpg,engaged,0,0,high_confidence
engaged_2150.jpg,engaged_2175.jpg,engaged,0,0,high_confidence
engaged_2150.jpg,engaged_2180.jpg,engaged,0,0,high_confidence
engaged_2150.jpg,engaged_2182.jpg,engaged,0,0,high_confidence
engaged_2150.jpg,engaged_2183.jpg,engaged,0,0,high_confidence
engaged_2150.jpg,engaged_2184.jpg,engaged,0,0,high_confidence
engaged_2150.jpg,engaged_2185.jpg,engaged,0,0,high_confidence
engaged_2150.jpg,engaged_2187.jpg,engaged,0,0,high_confidence
engaged_2150.jpg,engaged_2188.jpg,engaged,0,0,high_confidence
engaged_2150.jpg,engaged_2189.jpg,engaged,0,0,high_confidence
engaged_2150.jpg,engaged_2190.jpg,engaged,0,0,high_confidence
engaged_2150.jpg,engaged_2192.jpg,engaged,0,0,high_confidence
engaged_2150.jpg,engaged_2194.jpg,engaged,0,0,high_confidence
engaged_2150.jpg,engaged_2199.jpg,engaged,0,0,high_confidence
engaged_2150.jpg,engaged_2200.jpg,engaged,0,0,high_confidence
engaged_2150.jpg,engaged_2201.jpg,engaged,0,0,high_confidence
engaged_2150.jpg,engaged_2202.jpg,engaged,0,0,high_confidence
engaged_2150.jpg,engaged_2204.jpg,engaged,0,0,high_confidence
engaged_2150.jpg,engaged_2210.jpg,engaged,0,0,high_confidence
engaged_2150.jpg,engaged_2211.jpg,engaged,0,0,high_confidence
engaged_2150.jpg,engaged_2212.jpg,engaged,0,0,high_confidence
engaged_2150.jpg,engaged_2215.jpg,engaged,0,0,high_confidence
engaged_2150.jpg,engaged_1775.jpg,engaged,1,0,high_confidence
engaged_2150.jpg,engaged_1779.jpg,engaged,1,0,high_confidence
engaged_2150.jpg,engaged_1836.jpg,engaged,0,0,high_confidence
engaged_2150.jpg,engaged_1867.jpg,engaged,1,0,high_confidence
engaged_2150.jpg,engaged_1979.jpg,engaged,1,0,high_confidence
engaged_2150.jpg,engaged_2045.jpg,engaged,1,0,high_confidence
engaged_2150.jpg,engaged_2079.jpg,engaged,0,0,high_confidence
engaged_2150.jpg,engaged_2080.jpg,engaged,0,0,high_confidence
engaged_2150.jpg,engaged_2086.jpg,engaged,0,0,high_confidence
engaged_2150.jpg,engaged_2096.jpg,engaged,0,0,high_confidence
engaged_2150.jpg,engaged_2103.jpg,engaged,0,0,high_confidence
engaged_2150.jpg,engaged_2121.jpg,engaged,0,0,high_confidence
engaged_2150.jpg,engaged_2136.jpg,engaged,0,0,high_confidence
engaged_2150.jpg,engaged_2166.jpg,engaged,0,0,high_confidence
engaged_2150.jpg,engaged_2172.jpg,engaged,0,0,high_confidence
engaged_2150.jpg,engaged_2213.jpg,engaged,0,0,high_confidence
engaged_2150.jpg,engaged_1806.jpg,engaged,1,0,high_confidence
engaged_2150.jpg,engaged_1860.jpg,engaged,1,0,high_confidence
engaged_2150.jpg,engaged_1916.jpg,engaged,1,0,high_confidence
engaged_2150.jpg,engaged_1925.jpg,engaged,1,0,high_confidence
engaged_2150.jpg,engaged_1982.jpg,engaged,1,0,high_confidence
engaged_2150.jpg,engaged_2048.jpg,engaged,1,0,high_confidence
engaged_2150.jpg,engaged_2073.jpg,engaged,0,0,high_confidence
engaged_2150.jpg,engaged_2081.jpg,engaged,0,0,high_confidence
engaged_2150.jpg,engaged_2092.jpg,engaged,0,0,high_confidence
engaged_2150.jpg,engaged_2106.jpg,engaged,0,0,high_confidence
engaged_2150.jpg,engaged_2111.jpg,engaged,0,0,high_confidence
engaged_2150.jpg,engaged_2116.jpg,engaged,0,0,high_confidence
engaged_2150.jpg,engaged_2125.jpg,engaged,0,0,high_confidence
engaged_2150.jpg,engaged_2156.jpg,engaged,0,0,high_confidence
engaged_2150.jpg,engaged_2181.jpg,engaged,0,0,high_confidence
engaged_2150.jpg,engaged_2191.jpg,engaged,0,0,high_confidence
engaged_2150.jpg,engaged_2198.jpg,engaged,0,0,high_confidence
engaged_2150.jpg,engaged_2203.jpg,engaged,0,0,high_confidence
engaged_2150.jpg,engaged_2214.jpg,engaged,0,0,high_confidence
engaged_2150.jpg,engaged_2216.jpg,engaged,0,0,high_confidence
engaged_2155.jpg,engaged_2157.jpg,engaged,0,0,high_confidence
engaged_2155.jpg,engaged_2158.jpg,engaged,0,0,high_confidence
engaged_2155.jpg,engaged_2159.jpg,engaged,0,0,high_confidence
engaged_2155.jpg,engaged_2160.jpg,engaged,0,0,high_confidence
engaged_2155.jpg,engaged_2163.jpg,engaged,0,0,high_confidence
engaged_2155.jpg,engaged_2164.jpg,engaged,0,0,high_confidence
engaged_2155.jpg,engaged_2165.jpg,engaged,0,0,high_confidence
engaged_2155.jpg,engaged_2170.jpg,engaged,0,0,high_confidence
engaged_2155.jpg,engaged_2171.jpg,engaged,0,0,high_confidence
engaged_2155.jpg,engaged_2173.jpg,engaged,0,0,high_confidence
engaged_2155.jpg,engaged_2174.jpg,engaged,0,0,high_confidence
engaged_2155.jpg,engaged_2175.jpg,engaged,0,0,high_confidence
engaged_2155.jpg,engaged_2180.jpg,engaged,0,0,high_confidence
engaged_2155.jpg,engaged_2182.jpg,engaged,0,0,high_confidence
engaged_2155.jpg,engaged_2183.jpg,engaged,0,0,high_confidence
engaged_2155.jpg,engaged_2184.jpg,engaged,0,0,high_confidence
engaged_2155.jpg,engaged_2185.jpg,engaged,0,0,high_confidence
engaged_2155.jpg,engaged_2187.jpg,engaged,0,0,high_confidence
engaged_2155.jpg,engaged_2188.jpg,engaged,0,0,high_confidence
engaged_2155.jpg,engaged_2189.jpg,engaged,0,0,high_confidence
engaged_2155.jpg,engaged_2190.jpg,engaged,0,0,high_confidence
engaged_2155.jpg,engaged_2192.jpg,engaged,0,0,high_confidence
engaged_2155.jpg,engaged_2194.jpg,engaged,0,0,high_confidence
engaged_2155.jpg,engaged_2199.jpg,engaged,0,0,high_confidence
engaged_2155.jpg,engaged_2200.jpg,engaged,0,0,high_confidence
engaged_2155.jpg,engaged_2201.jpg,engaged,0,0,high_confidence
engaged_2155.jpg,engaged_2202.jpg,engaged,0,0,high_confidence
engaged_2155.jpg,engaged_2204.jpg,engaged,0,0,high_confidence
engaged_2155.jpg,engaged_2210.jpg,engaged,0,0,high_confidence
engaged_2155.jpg,engaged_2211.jpg,engaged,0,0,high_confidence
engaged_2155.jpg,engaged_2212.jpg,engaged,0,0,high_confidence
engaged_2155.jpg,engaged_2215.jpg,engaged,0,0,high_confidence
engaged_2155.jpg,engaged_1775.jpg,engaged,1,0,high_confidence
engaged_2155.jpg,engaged_1779.jpg,engaged,1,0,high_confidence
engaged_2155.jpg,engaged_1836.jpg,engaged,0,0,high_confidence
engaged_2155.jpg,engaged_1867.jpg,engaged,1,0,high_confidence
engaged_2155.jpg,engaged_1979.jpg,engaged,1,0,high_confidence
engaged_2155.jpg,engaged_2045.jpg,engaged,1,0,high_confidence
engaged_2155.jpg,engaged_2079.jpg,engaged,0,0,high_confidence
engaged_2155.jpg,engaged_2080.jpg,engaged,0,0,high_confidence
engaged_2155.jpg,engaged_2086.jpg,engaged,0,0,high_confidence
engaged_2155.jpg,engaged_2096.jpg,engaged,0,0,high_confidence
engaged_2155.jpg,engaged_2103.jpg,engaged,0,0,high_confidence
engaged_2155.jpg,engaged_2121.jpg,engaged,0,0,high_confidence
engaged_2155.jpg,engaged_2136.jpg,engaged,0,0,high_confidence
engaged_2155.jpg,engaged_2166.jpg,engaged,0,0,high_confidence
engaged_2155.jpg,engaged_2172.jpg,engaged,0,0,high_confidence
engaged_2155.jpg,engaged_2213.jpg,engaged,0,0,high_confidence
engaged_2155.jpg,engaged_1806.jpg,engaged,1,0,high_confidence
engaged_2155.jpg,engaged_1860.jpg,engaged,1,0,high_confidence
engaged_2155.jpg,engaged_1916.jpg,engaged,1,0,high_confidence
engaged_2155.jpg,engaged_1925.jpg,engaged,1,0,high_confidence
engaged_2155.jpg,engaged_1982.jpg,engaged,1,0,high_confidence
engaged_2155.jpg,engaged_2048.jpg,engaged,1,0,high_confidence
engaged_2155.jpg,engaged_2073.jpg,engaged,0,0,high_confidence
engaged_2155.jpg,engaged_2081.jpg,engaged,0,0,high_confidence
engaged_2155.jpg,engaged_2092.jpg,engaged,0,0,high_confidence
engaged_2155.jpg,engaged_2106.jpg,engaged,0,0,high_confidence
engaged_2155.jpg,engaged_2111.jpg,engaged,0,0,high_confidence
engaged_2155.jpg,engaged_2116.jpg,engaged,0,0,high_confidence
engaged_2155.jpg,engaged_2125.jpg,engaged,0,0,high_confidence
engaged_2155.jpg,engaged_2156.jpg,engaged,0,0,high_confidence
engaged_2155.jpg,engaged_2181.jpg,engaged,0,0,high_confidence
engaged_2155.jpg,engaged_2191.jpg,engaged,0,0,high_confidence
engaged_2155.jpg,engaged_2198.jpg,engaged,0,0,high_confidence
engaged_2155.jpg,engaged_2203.jpg,engaged,0,0,high_confidence
engaged_2155.jpg,engaged_2214.jpg,engaged,0,0,high_confidence
engaged_2155.jpg,engaged_2216.jpg,engaged,0,0,high_confidence
engaged_2157.jpg,engaged_2158.jpg,engaged,0,0,high_confidence
engaged_2157.jpg,engaged_2159.jpg,engaged,0,0,high_confidence
engaged_2157.jpg,engaged_2160.jpg,engaged,0,0,high_confidence
engaged_2157.jpg,engaged_2163.jpg,engaged,0,0,high_confidence
engaged_2157.jpg,engaged_2164.jpg,engaged,0,0,high_confidence
engaged_2157.jpg,engaged_2165.jpg,engaged,0,0,high_confidence
engaged_2157.jpg,engaged_2170.jpg,engaged,0,0,high_confidence
engaged_2157.jpg,engaged_2171.jpg,engaged,0,0,high_confidence
engaged_2157.jpg,engaged_2173.jpg,engaged,0,0,high_confidence
engaged_2157.jpg,engaged_2174.jpg,engaged,0,0,high_confidence
engaged_2157.jpg,engaged_2175.jpg,engaged,0,0,high_confidence
engaged_2157.jpg,engaged_2180.jpg,engaged,0,0,high_confidence
engaged_2157.jpg,engaged_2182.jpg,engaged,0,0,high_confidence
engaged_2157.jpg,engaged_2183.jpg,engaged,0,0,high_confidence
engaged_2157.jpg,engaged_2184.jpg,engaged,0,0,high_confidence
engaged_2157.jpg,engaged_2185.jpg,engaged,0,0,high_confidence
engaged_2157.jpg,engaged_2187.jpg,engaged,0,0,high_confidence
engaged_2157.jpg,engaged_2188.jpg,engaged,0,0,high_confidence
engaged_2157.jpg,engaged_2189.jpg,engaged,0,0,high_confidence
engaged_2157.jpg,engaged_2190.jpg,engaged,0,0,high_confidence
engaged_2157.jpg,engaged_2192.jpg,engaged,0,0,high_confidence
engaged_2157.jpg,engaged_2194.jpg,engaged,0,0,high_confidence
engaged_2157.jpg,engaged_2199.jpg,engaged,0,0,high_confidence
engaged_2157.jpg,engaged_2200.jpg,engaged,0,0,high_confidence
engaged_2157.jpg,engaged_2201.jpg,engaged,0,0,high_confidence
engaged_2157.jpg,engaged_2202.jpg,engaged,0,0,high_confidence
engaged_2157.jpg,engaged_2204.jpg,engaged,0,0,high_confidence
engaged_2157.jpg,engaged_2210.jpg,engaged,0,0,high_confidence
engaged_2157.jpg,engaged_2211.jpg,engaged,0,0,high_confidence
engaged_2157.jpg,engaged_2212.jpg,engaged,0,0,high_confidence
engaged_2157.jpg,engaged_2215.jpg,engaged,0,0,high_confidence
engaged_2157.jpg,engaged_1775.jpg,engaged,1,0,high_confidence
engaged_2157.jpg,engaged_1779.jpg,engaged,1,0,high_confidence
engaged_2157.jpg,engaged_1836.jpg,engaged,0,0,high_confidence
engaged_2157.jpg,engaged_1867.jpg,engaged,1,0,high_confidence
engaged_2157.jpg,engaged_1979.jpg,engaged,1,0,high_confidence
engaged_2157.jpg,engaged_2045.jpg,engaged,1,0,high_confidence
engaged_2157.jpg,engaged_2079.jpg,engaged,0,0,high_confidence
engaged_2157.jpg,engaged_2080.jpg,engaged,0,0,high_confidence
engaged_2157.jpg,engaged_2086.jpg,engaged,0,0,high_confidence
engaged_2157.jpg,engaged_2096.jpg,engaged,0,0,high_confidence
engaged_2157.jpg,engaged_2103.jpg,engaged,0,0,high_confidence
engaged_2157.jpg,engaged_2121.jpg,engaged,0,0,high_confidence
engaged_2157.jpg,engaged_2136.jpg,engaged,0,0,high_confidence
engaged_2157.jpg,engaged_2166.jpg,engaged,0,0,high_confidence
engaged_2157.jpg,engaged_2172.jpg,engaged,0,0,high_confidence
engaged_2157.jpg,engaged_2213.jpg,engaged,0,0,high_confidence
engaged_2157.jpg,engaged_1806.jpg,engaged,1,0,high_confidence
engaged_2157.jpg,engaged_1860.jpg,engaged,1,0,high_confidence
engaged_2157.jpg,engaged_1916.jpg,engaged,1,0,high_confidence
engaged_2157.jpg,engaged_1925.jpg,engaged,1,0,high_confidence
engaged_2157.jpg,engaged_1982.jpg,engaged,1,0,high_confidence
engaged_2157.jpg,engaged_2048.jpg,engaged,1,0,high_confidence
engaged_2157.jpg,engaged_2073.jpg,engaged,0,0,high_confidence
engaged_2157.jpg,engaged_2081.jpg,engaged,0,0,high_confidence
engaged_2157.jpg,engaged_2092.jpg,engaged,0,0,high_confidence
engaged_2157.jpg,engaged_2106.jpg,engaged,0,0,high_confidence
engaged_2157.jpg,engaged_2111.jpg,engaged,0,0,high_confidence
engaged_2157.jpg,engaged_2116.jpg,engaged,0,0,high_confidence
engaged_2157.jpg,engaged_2125.jpg,engaged,0,0,high_confidence
engaged_2157.jpg,engaged_2156.jpg,engaged,0,0,high_confidence
engaged_2157.jpg,engaged_2181.jpg,engaged,0,0,high_confidence
engaged_2157.jpg,engaged_2191.jpg,engaged,0,0,high_confidence
engaged_2157.jpg,engaged_2198.jpg,engaged,0,0,high_confidence
engaged_2157.jpg,engaged_2203.jpg,engaged,0,0,high_confidence
engaged_2157.jpg,engaged_2214.jpg,engaged,0,0,high_confidence
engaged_2157.jpg,engaged_2216.jpg,engaged,0,0,high_confidence
engaged_2158.jpg,engaged_2159.jpg,engaged,0,0,high_confidence
engaged_2158.jpg,engaged_2160.jpg,engaged,0,0,high_confidence
engaged_2158.jpg,engaged_2163.jpg,engaged,0,0,high_confidence
engaged_2158.jpg,engaged_2164.jpg,engaged,0,0,high_confidence
engaged_2158.jpg,engaged_2165.jpg,engaged,0,0,high_confidence
engaged_2158.jpg,engaged_2170.jpg,engaged,0,0,high_confidence
engaged_2158.jpg,engaged_2171.jpg,engaged,0,0,high_confidence
engaged_2158.jpg,engaged_2173.jpg,engaged,0,0,high_confidence
engaged_2158.jpg,engaged_2174.jpg,engaged,0,0,high_confidence
engaged_2158.jpg,engaged_2175.jpg,engaged,0,0,high_confidence
engaged_2158.jpg,engaged_2180.jpg,engaged,0,0,high_confidence
engaged_2158.jpg,engaged_2182.jpg,engaged,0,0,high_confidence
engaged_2158.jpg,engaged_2183.jpg,engaged,0,0,high_confidence
engaged_2158.jpg,engaged_2184.jpg,engaged,0,0,high_confidence
engaged_2158.jpg,engaged_2185.jpg,engaged,0,0,high_confidence
engaged_2158.jpg,engaged_2187.jpg,engaged,0,0,high_confidence
engaged_2158.jpg,engaged_2188.jpg,engaged,0,0,high_confidence
engaged_2158.jpg,engaged_2189.jpg,engaged,0,0,high_confidence
engaged_2158.jpg,engaged_2190.jpg,engaged,0,0,high_confidence
engaged_2158.jpg,engaged_2192.jpg,engaged,0,0,high_confidence
engaged_2158.jpg,engaged_2194.jpg,engaged,0,0,high_confidence
engaged_2158.jpg,engaged_2199.jpg,engaged,0,0,high_confidence
engaged_2158.jpg,engaged_2200.jpg,engaged,0,0,high_confidence
engaged_2158.jpg,engaged_2201.jpg,engaged,0,0,high_confidence
engaged_2158.jpg,engaged_2202.jpg,engaged,0,0,high_confidence
engaged_2158.jpg,engaged_2204.jpg,engaged,0,0,high_confidence
engaged_2158.jpg,engaged_2210.jpg,engaged,0,0,high_confidence
engaged_2158.jpg,engaged_2211.jpg,engaged,0,0,high_confidence
engaged_2158.jpg,engaged_2212.jpg,engaged,0,0,high_confidence
engaged_2158.jpg,engaged_2215.jpg,engaged,0,0,high_confidence
engaged_2158.jpg,engaged_1775.jpg,engaged,1,0,high_confidence
engaged_2158.jpg,engaged_1779.jpg,engaged,1,0,high_confidence
engaged_2158.jpg,engaged_1836.jpg,engaged,0,0,high_confidence
engaged_2158.jpg,engaged_1867.jpg,engaged,1,0,high_confidence
engaged_2158.jpg,engaged_1979.jpg,engaged,1,0,high_confidence
engaged_2158.jpg,engaged_2045.jpg,engaged,1,0,high_confidence
engaged_2158.jpg,engaged_2079.jpg,engaged,0,0,high_confidence
engaged_2158.jpg,engaged_2080.jpg,engaged,0,0,high_confidence
engaged_2158.jpg,engaged_2086.jpg,engaged,0,0,high_confidence
engaged_2158.jpg,engaged_2096.jpg,engaged,0,0,high_confidence
engaged_2158.jpg,engaged_2103.jpg,engaged,0,0,high_confidence
engaged_2158.jpg,engaged_2121.jpg,engaged,0,0,high_confidence
engaged_2158.jpg,engaged_2136.jpg,engaged,0,0,high_confidence
engaged_2158.jpg,engaged_2166.jpg,engaged,0,0,high_confidence
engaged_2158.jpg,engaged_2172.jpg,engaged,0,0,high_confidence
engaged_2158.jpg,engaged_2213.jpg,engaged,0,0,high_confidence
engaged_2158.jpg,engaged_1806.jpg,engaged,1,0,high_confidence
engaged_2158.jpg,engaged_1860.jpg,engaged,1,0,high_confidence
engaged_2158.jpg,engaged_1916.jpg,engaged,1,0,high_confidence
engaged_2158.jpg,engaged_1925.jpg,engaged,1,0,high_confidence
engaged_2158.jpg,engaged_1982.jpg,engaged,1,0,high_confidence
engaged_2158.jpg,engaged_2048.jpg,engaged,1,0,high_confidence
engaged_2158.jpg,engaged_2073.jpg,engaged,0,0,high_confidence
engaged_2158.jpg,engaged_2081.jpg,engaged,0,0,high_confidence
engaged_2158.jpg,engaged_2092.jpg,engaged,0,0,high_confidence
engaged_2158.jpg,engaged_2106.jpg,engaged,0,0,high_confidence
engaged_2158.jpg,engaged_2111.jpg,engaged,0,0,high_confidence
engaged_2158.jpg,engaged_2116.jpg,engaged,0,0,high_confidence
engaged_2158.jpg,engaged_2125.jpg,engaged,0,0,high_confidence
engaged_2158.jpg,engaged_2156.jpg,engaged,0,0,high_confidence
engaged_2158.jpg,engaged_2181.jpg,engaged,0,0,high_confidence
engaged_2158.jpg,engaged_2191.jpg,engaged,0,0,high_confidence
engaged_2158.jpg,engaged_2198.jpg,engaged,0,0,high_confidence
engaged_2158.jpg,engaged_2203.jpg,engaged,0,0,high_confidence
engaged_2158.jpg,engaged_2214.jpg,engaged,0,0,high_confidence
engaged_2158.jpg,engaged_2216.jpg,engaged,0,0,high_confidence
engaged_2159.jpg,engaged_2160.jpg,engaged,0,0,high_confidence
engaged_2159.jpg,engaged_2163.jpg,engaged,0,0,high_confidence
engaged_2159.jpg,engaged_2164.jpg,engaged,0,0,high_confidence
engaged_2159.jpg,engaged_2165.jpg,engaged,0,0,high_confidence
engaged_2159.jpg,engaged_2170.jpg,engaged,0,0,high_confidence
engaged_2159.jpg,engaged_2171.jpg,engaged,0,0,high_confidence
engaged_2159.jpg,engaged_2173.jpg,engaged,0,0,high_confidence
engaged_2159.jpg,engaged_2174.jpg,engaged,0,0,high_confidence
engaged_2159.jpg,engaged_2175.jpg,engaged,0,0,high_confidence
engaged_2159.jpg,engaged_2180.jpg,engaged,0,0,high_confidence
engaged_2159.jpg,engaged_2182.jpg,engaged,0,0,high_confidence
engaged_2159.jpg,engaged_2183.jpg,engaged,0,0,high_confidence
engaged_2159.jpg,engaged_2184.jpg,engaged,0,0,high_confidence
engaged_2159.jpg,engaged_2185.jpg,engaged,0,0,high_confidence
engaged_2159.jpg,engaged_2187.jpg,engaged,0,0,high_confidence
engaged_2159.jpg,engaged_2188.jpg,engaged,0,0,high_confidence
engaged_2159.jpg,engaged_2189.jpg,engaged,0,0,high_confidence
engaged_2159.jpg,engaged_2190.jpg,engaged,0,0,high_confidence
engaged_2159.jpg,engaged_2192.jpg,engaged,0,0,high_confidence
engaged_2159.jpg,engaged_2194.jpg,engaged,0,0,high_confidence
engaged_2159.jpg,engaged_2199.jpg,engaged,0,0,high_confidence
engaged_2159.jpg,engaged_2200.jpg,engaged,0,0,high_confidence
engaged_2159.jpg,engaged_2201.jpg,engaged,0,0,high_confidence
engaged_2159.jpg,engaged_2202.jpg,engaged,0,0,high_confidence
engaged_2159.jpg,engaged_2204.jpg,engaged,0,0,high_confidence
engaged_2159.jpg,engaged_2210.jpg,engaged,0,0,high_confidence
engaged_2159.jpg,engaged_2211.jpg,engaged,0,0,high_confidence
engaged_2159.jpg,engaged_2212.jpg,engaged,0,0,high_confidence
engaged_2159.jpg,engaged_2215.jpg,engaged,0,0,high_confidence
engaged_2159.jpg,engaged_1775.jpg,engaged,1,0,high_confidence
engaged_2159.jpg,engaged_1779.jpg,engaged,1,0,high_confidence
engaged_2159.jpg,engaged_1836.jpg,engaged,0,0,high_confidence
engaged_2159.jpg,engaged_1867.jpg,engaged,1,0,high_confidence
engaged_2159.jpg,engaged_1979.jpg,engaged,1,0,high_confidence
engaged_2159.jpg,engaged_2045.jpg,engaged,1,0,high_confidence
engaged_2159.jpg,engaged_2079.jpg,engaged,0,0,high_confidence
engaged_2159.jpg,engaged_2080.jpg,engaged,0,0,high_confidence
engaged_2159.jpg,engaged_2086.jpg,engaged,0,0,high_confidence
engaged_2159.jpg,engaged_2096.jpg,engaged,0,0,high_confidence
engaged_2159.jpg,engaged_2103.jpg,engaged,0,0,high_confidence
engaged_2159.jpg,engaged_2121.jpg,engaged,0,0,high_confidence
engaged_2159.jpg,engaged_2136.jpg,engaged,0,0,high_confidence
engaged_2159.jpg,engaged_2166.jpg,engaged,0,0,high_confidence
engaged_2159.jpg,engaged_2172.jpg,engaged,0,0,high_confidence
engaged_2159.jpg,engaged_2213.jpg,engaged,0,0,high_confidence
engaged_2159.jpg,engaged_1806.jpg,engaged,1,0,high_confidence
engaged_2159.jpg,engaged_1860.jpg,engaged,1,0,high_confidence
engaged_2159.jpg,engaged_1916.jpg,engaged,1,0,high_confidence
engaged_2159.jpg,engaged_1925.jpg,engaged,1,0,high_confidence
engaged_2159.jpg,engaged_1982.jpg,engaged,1,0,high_confidence
engaged_2159.jpg,engaged_2048.jpg,engaged,1,0,high_confidence
engaged_2159.jpg,engaged_2073.jpg,engaged,0,0,high_confidence
engaged_2159.jpg,engaged_2081.jpg,engaged,0,0,high_confidence
engaged_2159.jpg,engaged_2092.jpg,engaged,0,0,high_confidence
engaged_2159.jpg,engaged_2106.jpg,engaged,0,0,high_confidence
engaged_2159.jpg,engaged_2111.jpg,engaged,0,0,high_confidence
engaged_2159.jpg,engaged_2116.jpg,engaged,0,0,high_confidence
engaged_2159.jpg,engaged_2125.jpg,engaged,0,0,high_confidence
engaged_2159.jpg,engaged_2156.jpg,engaged,0,0,high_confidence
engaged_2159.jpg,engaged_2181.jpg,engaged,0,0,high_confidence
engaged_2159.jpg,engaged_2191.jpg,engaged,0,0,high_confidence
engaged_2159.jpg,engaged_2198.jpg,engaged,0,0,high_confidence
engaged_2159.jpg,engaged_2203.jpg,engaged,0,0,high_confidence
engaged_2159.jpg,engaged_2214.jpg,engaged,0,0,high_confidence
engaged_2159.jpg,engaged_2216.jpg,engaged,0,0,high_confidence
engaged_216.jpg,engaged_144.jpg,engaged,2,2,high_confidence
engaged_216.jpg,engaged_212.jpg,engaged,1,0,high_confidence
engaged_2160.jpg,engaged_2163.jpg,engaged,0,0,high_confidence
engaged_2160.jpg,engaged_2164.jpg,engaged,0,0,high_confidence
engaged_2160.jpg,engaged_2165.jpg,engaged,0,0,high_confidence
engaged_2160.jpg,engaged_2170.jpg,engaged,0,0,high_confidence
engaged_2160.jpg,engaged_2171.jpg,engaged,0,0,high_confidence
engaged_2160.jpg,engaged_2173.jpg,engaged,0,0,high_confidence
engaged_2160.jpg,engaged_2174.jpg,engaged,0,0,high_confidence
engaged_2160.jpg,engaged_2175.jpg,engaged,0,0,high_confidence
engaged_2160.jpg,engaged_2180.jpg,engaged,0,0,high_confidence
engaged_2160.jpg,engaged_2182.jpg,engaged,0,0,high_confidence
engaged_2160.jpg,engaged_2183.jpg,engaged,0,0,high_confidence
engaged_2160.jpg,engaged_2184.jpg,engaged,0,0,high_confidence
engaged_2160.jpg,engaged_2185.jpg,engaged,0,0,high_confidence
engaged_2160.jpg,engaged_2187.jpg,engaged,0,0,high_confidence
engaged_2160.jpg,engaged_2188.jpg,engaged,0,0,high_confidence
engaged_2160.jpg,engaged_2189.jpg,engaged,0,0,high_confidence
engaged_2160.jpg,engaged_2190.jpg,engaged,0,0,high_confidence
engaged_2160.jpg,engaged_2192.jpg,engaged,0,0,high_confidence
engaged_2160.jpg,engaged_2194.jpg,engaged,0,0,high_confidence
engaged_2160.jpg,engaged_2199.jpg,engaged,0,0,high_confidence
engaged_2160.jpg,engaged_2200.jpg,engaged,0,0,high_confidence
engaged_2160.jpg,engaged_2201.jpg,engaged,0,0,high_confidence
engaged_2160.jpg,engaged_2202.jpg,engaged,0,0,high_confidence
engaged_2160.jpg,engaged_2204.jpg,engaged,0,0,high_confidence
engaged_2160.jpg,engaged_2210.jpg,engaged,0,0,high_confidence
engaged_2160.jpg,engaged_2211.jpg,engaged,0,0,high_confidence
engaged_2160.jpg,engaged_2212.jpg,engaged,0,0,high_confidence
engaged_2160.jpg,engaged_2215.jpg,engaged,0,0,high_confidence
engaged_2160.jpg,engaged_1775.jpg,engaged,1,0,high_confidence
engaged_2160.jpg,engaged_1779.jpg,engaged,1,0,high_confidence
engaged_2160.jpg,engaged_1836.jpg,engaged,0,0,high_confidence
engaged_2160.jpg,engaged_1867.jpg,engaged,1,0,high_confidence
engaged_2160.jpg,engaged_1979.jpg,engaged,1,0,high_confidence
engaged_2160.jpg,engaged_2045.jpg,engaged,1,0,high_confidence
engaged_2160.jpg,engaged_2079.jpg,engaged,0,0,high_confidence
engaged_2160.jpg,engaged_2080.jpg,engaged,0,0,high_confidence
engaged_2160.jpg,engaged_2086.jpg,engaged,0,0,high_confidence
engaged_2160.jpg,engaged_2096.jpg,engaged,0,0,high_confidence
engaged_2160.jpg,engaged_2103.jpg,engaged,0,0,high_confidence
engaged_2160.jpg,engaged_2121.jpg,engaged,0,0,high_confidence
engaged_2160.jpg,engaged_2136.jpg,engaged,0,0,high_confidence
engaged_2160.jpg,engaged_2166.jpg,engaged,0,0,high_confidence
engaged_2160.jpg,engaged_2172.jpg,engaged,0,0,high_confidence
engaged_2160.jpg,engaged_2213.jpg,engaged,0,0,high_confidence
engaged_2160.jpg,engaged_1806.jpg,engaged,1,0,high_confidence
engaged_2160.jpg,engaged_1860.jpg,engaged,1,0,high_confidence
engaged_2160.jpg,engaged_1916.jpg,engaged,1,0,high_confidence
engaged_2160.jpg,engaged_1925.jpg,engaged,1,0,high_confidence
engaged_2160.jpg,engaged_1982.jpg,engaged,1,0,high_confidence
engaged_2160.jpg,engaged_2048.jpg,engaged,1,0,high_confidence
engaged_2160.jpg,engaged_2073.jpg,engaged,0,0,high_confidence
engaged_2160.jpg,engaged_2081.jpg,engaged,0,0,high_confidence
engaged_2160.jpg,engaged_2092.jpg,engaged,0,0,high_confidence
engaged_2160.jpg,engaged_2106.jpg,engaged,0,0,high_confidence
engaged_2160.jpg,engaged_2111.jpg,engaged,0,0,high_confidence
engaged_2160.jpg,engaged_2116.jpg,engaged,0,0,high_confidence
engaged_2160.jpg,engaged_2125.jpg,engaged,0,0,high_confidence
engaged_2160.jpg,engaged_2156.jpg,engaged,0,0,high_confidence
engaged_2160.jpg,engaged_2181.jpg,engaged,0,0,high_confidence
engaged_2160.jpg,engaged_2191.jpg,engaged,0,0,high_confidence
engaged_2160.jpg,engaged_2198.jpg,engaged,0,0,high_confidence
engaged_2160.jpg,engaged_2203.jpg,engaged,0,0,high_confidence
engaged_2160.jpg,engaged_2214.jpg,engaged,0,0,high_confidence
engaged_2160.jpg,engaged_2216.jpg,engaged,0,0,high_confidence
engaged_2163.jpg,engaged_2164.jpg,engaged,0,0,high_confidence
engaged_2163.jpg,engaged_2165.jpg,engaged,0,0,high_confidence
engaged_2163.jpg,engaged_2170.jpg,engaged,0,0,high_confidence
engaged_2163.jpg,engaged_2171.jpg,engaged,0,0,high_confidence
engaged_2163.jpg,engaged_2173.jpg,engaged,0,0,high_confidence
engaged_2163.jpg,engaged_2174.jpg,engaged,0,0,high_confidence
engaged_2163.jpg,engaged_2175.jpg,engaged,0,0,high_confidence
engaged_2163.jpg,engaged_2180.jpg,engaged,0,0,high_confidence
engaged_2163.jpg,engaged_2182.jpg,engaged,0,0,high_confidence
engaged_2163.jpg,engaged_2183.jpg,engaged,0,0,high_confidence
engaged_2163.jpg,engaged_2184.jpg,engaged,0,0,high_confidence
engaged_2163.jpg,engaged_2185.jpg,engaged,0,0,high_confidence
engaged_2163.jpg,engaged_2187.jpg,engaged,0,0,high_confidence
engaged_2163.jpg,engaged_2188.jpg,engaged,0,0,high_confidence
engaged_2163.jpg,engaged_2189.jpg,engaged,0,0,high_confidence
engaged_2163.jpg,engaged_2190.jpg,engaged,0,0,high_confidence
engaged_2163.jpg,engaged_2192.jpg,engaged,0,0,high_confidence
engaged_2163.jpg,engaged_2194.jpg,engaged,0,0,high_confidence
engaged_2163.jpg,engaged_2199.jpg,engaged,0,0,high_confidence
engaged_2163.jpg,engaged_2200.jpg,engaged,0,0,high_confidence
engaged_2163.jpg,engaged_2201.jpg,engaged,0,0,high_confidence
engaged_2163.jpg,engaged_2202.jpg,engaged,0,0,high_confidence
engaged_2163.jpg,engaged_2204.jpg,engaged,0,0,high_confidence
engaged_2163.jpg,engaged_2210.jpg,engaged,0,0,high_confidence
engaged_2163.jpg,engaged_2211.jpg,engaged,0,0,high_confidence
engaged_2163.jpg,engaged_2212.jpg,engaged,0,0,high_confidence
engaged_2163.jpg,engaged_2215.jpg,engaged,0,0,high_confidence
engaged_2163.jpg,engaged_1775.jpg,engaged,1,0,high_confidence
engaged_2163.jpg,engaged_1779.jpg,engaged,1,0,high_confidence
engaged_2163.jpg,engaged_1836.jpg,engaged,0,0,high_confidence
engaged_2163.jpg,engaged_1867.jpg,engaged,1,0,high_confidence
engaged_2163.jpg,engaged_1979.jpg,engaged,1,0,high_confidence
engaged_2163.jpg,engaged_2045.jpg,engaged,1,0,high_confidence
engaged_2163.jpg,engaged_2079.jpg,engaged,0,0,high_confidence
engaged_2163.jpg,engaged_2080.jpg,engaged,0,0,high_confidence
engaged_2163.jpg,engaged_2086.jpg,engaged,0,0,high_confidence
engaged_2163.jpg,engaged_2096.jpg,engaged,0,0,high_confidence
engaged_2163.jpg,engaged_2103.jpg,engaged,0,0,high_confidence
engaged_2163.jpg,engaged_2121.jpg,engaged,0,0,high_confidence
engaged_2163.jpg,engaged_2136.jpg,engaged,0,0,high_confidence
engaged_2163.jpg,engaged_2166.jpg,engaged,0,0,high_confidence
engaged_2163.jpg,engaged_2172.jpg,engaged,0,0,high_confidence
engaged_2163.jpg,engaged_2213.jpg,engaged,0,0,high_confidence
engaged_2163.jpg,engaged_1806.jpg,engaged,1,0,high_confidence
engaged_2163.jpg,engaged_1860.jpg,engaged,1,0,high_confidence
engaged_2163.jpg,engaged_1916.jpg,engaged,1,0,high_confidence
engaged_2163.jpg,engaged_1925.jpg,engaged,1,0,high_confidence
engaged_2163.jpg,engaged_1982.jpg,engaged,1,0,high_confidence
engaged_2163.jpg,engaged_2048.jpg,engaged,1,0,high_confidence
engaged_2163.jpg,engaged_2073.jpg,engaged,0,0,high_confidence
engaged_2163.jpg,engaged_2081.jpg,engaged,0,0,high_confidence
engaged_2163.jpg,engaged_2092.jpg,engaged,0,0,high_confidence
engaged_2163.jpg,engaged_2106.jpg,engaged,0,0,high_confidence
engaged_2163.jpg,engaged_2111.jpg,engaged,0,0,high_confidence
engaged_2163.jpg,engaged_2116.jpg,engaged,0,0,high_confidence
engaged_2163.jpg,engaged_2125.jpg,engaged,0,0,high_confidence
engaged_2163.jpg,engaged_2156.jpg,engaged,0,0,high_confidence
engaged_2163.jpg,engaged_2181.jpg,engaged,0,0,high_confidence
engaged_2163.jpg,engaged_2191.jpg,engaged,0,0,high_confidence
engaged_2163.jpg,engaged_2198.jpg,engaged,0,0,high_confidence
engaged_2163.jpg,engaged_2203.jpg,engaged,0,0,high_confidence
engaged_2163.jpg,engaged_2214.jpg,engaged,0,0,high_confidence
engaged_2163.jpg,engaged_2216.jpg,engaged,0,0,high_confidence
engaged_2164.jpg,engaged_2165.jpg,engaged,0,0,high_confidence
engaged_2164.jpg,engaged_2170.jpg,engaged,0,0,high_confidence
engaged_2164.jpg,engaged_2171.jpg,engaged,0,0,high_confidence
engaged_2164.jpg,engaged_2173.jpg,engaged,0,0,high_confidence
engaged_2164.jpg,engaged_2174.jpg,engaged,0,0,high_confidence
engaged_2164.jpg,engaged_2175.jpg,engaged,0,0,high_confidence
engaged_2164.jpg,engaged_2180.jpg,engaged,0,0,high_confidence
engaged_2164.jpg,engaged_2182.jpg,engaged,0,0,high_confidence
engaged_2164.jpg,engaged_2183.jpg,engaged,0,0,high_confidence
engaged_2164.jpg,engaged_2184.jpg,engaged,0,0,high_confidence
engaged_2164.jpg,engaged_2185.jpg,engaged,0,0,high_confidence
engaged_2164.jpg,engaged_2187.jpg,engaged,0,0,high_confidence
engaged_2164.jpg,engaged_2188.jpg,engaged,0,0,high_confidence
engaged_2164.jpg,engaged_2189.jpg,engaged,0,0,high_confidence
engaged_2164.jpg,engaged_2190.jpg,engaged,0,0,high_confidence
engaged_2164.jpg,engaged_2192.jpg,engaged,0,0,high_confidence
engaged_2164.jpg,engaged_2194.jpg,engaged,0,0,high_confidence
engaged_2164.jpg,engaged_2199.jpg,engaged,0,0,high_confidence
engaged_2164.jpg,engaged_2200.jpg,engaged,0,0,high_confidence
engaged_2164.jpg,engaged_2201.jpg,engaged,0,0,high_confidence
engaged_2164.jpg,engaged_2202.jpg,engaged,0,0,high_confidence
engaged_2164.jpg,engaged_2204.jpg,engaged,0,0,high_confidence
engaged_2164.jpg,engaged_2210.jpg,engaged,0,0,high_confidence
engaged_2164.jpg,engaged_2211.jpg,engaged,0,0,high_confidence
engaged_2164.jpg,engaged_2212.jpg,engaged,0,0,high_confidence
engaged_2164.jpg,engaged_2215.jpg,engaged,0,0,high_confidence
engaged_2164.jpg,engaged_1775.jpg,engaged,1,0,high_confidence
engaged_2164.jpg,engaged_1779.jpg,engaged,1,0,high_confidence
engaged_2164.jpg,engaged_1836.jpg,engaged,0,0,high_confidence
engaged_2164.jpg,engaged_1867.jpg,engaged,1,0,high_confidence
engaged_2164.jpg,engaged_1979.jpg,engaged,1,0,high_confidence
engaged_2164.jpg,engaged_2045.jpg,engaged,1,0,high_confidence
engaged_2164.jpg,engaged_2079.jpg,engaged,0,0,high_confidence
engaged_2164.jpg,engaged_2080.jpg,engaged,0,0,high_confidence
engaged_2164.jpg,engaged_2086.jpg,engaged,0,0,high_confidence
engaged_2164.jpg,engaged_2096.jpg,engaged,0,0,high_confidence
engaged_2164.jpg,engaged_2103.jpg,engaged,0,0,high_confidence
engaged_2164.jpg,engaged_2121.jpg,engaged,0,0,high_confidence
engaged_2164.jpg,engaged_2136.jpg,engaged,0,0,high_confidence
engaged_2164.jpg,engaged_2166.jpg,engaged,0,0,high_confidence
engaged_2164.jpg,engaged_2172.jpg,engaged,0,0,high_confidence
engaged_2164.jpg,engaged_2213.jpg,engaged,0,0,high_confidence
engaged_2164.jpg,engaged_1806.jpg,engaged,1,0,high_confidence
engaged_2164.jpg,engaged_1860.jpg,engaged,1,0,high_confidence
engaged_2164.jpg,engaged_1916.jpg,engaged,1,0,high_confidence
engaged_2164.jpg,engaged_1925.jpg,engaged,1,0,high_confidence
engaged_2164.jpg,engaged_1982.jpg,engaged,1,0,high_confidence
engaged_2164.jpg,engaged_2048.jpg,engaged,1,0,high_confidence
engaged_2164.jpg,engaged_2073.jpg,engaged,0,0,high_confidence
engaged_2164.jpg,engaged_2081.jpg,engaged,0,0,high_confidence
engaged_2164.jpg,engaged_2092.jpg,engaged,0,0,high_confidence
engaged_2164.jpg,engaged_2106.jpg,engaged,0,0,high_confidence
engaged_2164.jpg,engaged_2111.jpg,engaged,0,0,high_confidence
engaged_2164.jpg,engaged_2116.jpg,engaged,0,0,high_confidence
engaged_2164.jpg,engaged_2125.jpg,engaged,0,0,high_confidence
engaged_2164.jpg,engaged_2156.jpg,engaged,0,0,high_confidence
engaged_2164.jpg,engaged_2181.jpg,engaged,0,0,high_confidence
engaged_2164.jpg,engaged_2191.jpg,engaged,0,0,high_confidence
engaged_2164.jpg,engaged_2198.jpg,engaged,0,0,high_confidence
engaged_2164.jpg,engaged_2203.jpg,engaged,0,0,high_confidence
engaged_2164.jpg,engaged_2214.jpg,engaged,0,0,high_confidence
engaged_2164.jpg,engaged_2216.jpg,engaged,0,0,high_confidence
engaged_2165.jpg,engaged_2170.jpg,engaged,0,0,high_confidence
engaged_2165.jpg,engaged_2171.jpg,engaged,0,0,high_confidence
engaged_2165.jpg,engaged_2173.jpg,engaged,0,0,high_confidence
engaged_2165.jpg,engaged_2174.jpg,engaged,0,0,high_confidence
engaged_2165.jpg,engaged_2175.jpg,engaged,0,0,high_confidence
engaged_2165.jpg,engaged_2180.jpg,engaged,0,0,high_confidence
engaged_2165.jpg,engaged_2182.jpg,engaged,0,0,high_confidence
engaged_2165.jpg,engaged_2183.jpg,engaged,0,0,high_confidence
engaged_2165.jpg,engaged_2184.jpg,engaged,0,0,high_confidence
engaged_2165.jpg,engaged_2185.jpg,engaged,0,0,high_confidence
engaged_2165.jpg,engaged_2187.jpg,engaged,0,0,high_confidence
engaged_2165.jpg,engaged_2188.jpg,engaged,0,0,high_confidence
engaged_2165.jpg,engaged_2189.jpg,engaged,0,0,high_confidence
engaged_2165.jpg,engaged_2190.jpg,engaged,0,0,high_confidence
engaged_2165.jpg,engaged_2192.jpg,engaged,0,0,high_confidence
engaged_2165.jpg,engaged_2194.jpg,engaged,0,0,high_confidence
engaged_2165.jpg,engaged_2199.jpg,engaged,0,0,high_confidence
engaged_2165.jpg,engaged_2200.jpg,engaged,0,0,high_confidence
engaged_2165.jpg,engaged_2201.jpg,engaged,0,0,high_confidence
engaged_2165.jpg,engaged_2202.jpg,engaged,0,0,high_confidence
engaged_2165.jpg,engaged_2204.jpg,engaged,0,0,high_confidence
engaged_2165.jpg,engaged_2210.jpg,engaged,0,0,high_confidence
engaged_2165.jpg,engaged_2211.jpg,engaged,0,0,high_confidence
engaged_2165.jpg,engaged_2212.jpg,engaged,0,0,high_confidence
engaged_2165.jpg,engaged_2215.jpg,engaged,0,0,high_confidence
engaged_2165.jpg,engaged_1775.jpg,engaged,1,0,high_confidence
engaged_2165.jpg,engaged_1779.jpg,engaged,1,0,high_confidence
engaged_2165.jpg,engaged_1836.jpg,engaged,0,0,high_confidence
engaged_2165.jpg,engaged_1867.jpg,engaged,1,0,high_confidence
engaged_2165.jpg,engaged_1979.jpg,engaged,1,0,high_confidence
engaged_2165.jpg,engaged_2045.jpg,engaged,1,0,high_confidence
engaged_2165.jpg,engaged_2079.jpg,engaged,0,0,high_confidence
engaged_2165.jpg,engaged_2080.jpg,engaged,0,0,high_confidence
engaged_2165.jpg,engaged_2086.jpg,engaged,0,0,high_confidence
engaged_2165.jpg,engaged_2096.jpg,engaged,0,0,high_confidence
engaged_2165.jpg,engaged_2103.jpg,engaged,0,0,high_confidence
engaged_2165.jpg,engaged_2121.jpg,engaged,0,0,high_confidence
engaged_2165.jpg,engaged_2136.jpg,engaged,0,0,high_confidence
engaged_2165.jpg,engaged_2166.jpg,engaged,0,0,high_confidence
engaged_2165.jpg,engaged_2172.jpg,engaged,0,0,high_confidence
engaged_2165.jpg,engaged_2213.jpg,engaged,0,0,high_confidence
engaged_2165.jpg,engaged_1806.jpg,engaged,1,0,high_confidence
engaged_2165.jpg,engaged_1860.jpg,engaged,1,0,high_confidence
engaged_2165.jpg,engaged_1916.jpg,engaged,1,0,high_confidence
engaged_2165.jpg,engaged_1925.jpg,engaged,1,0,high_confidence
engaged_2165.jpg,engaged_1982.jpg,engaged,1,0,high_confidence
engaged_2165.jpg,engaged_2048.jpg,engaged,1,0,high_confidence
engaged_2165.jpg,engaged_2073.jpg,engaged,0,0,high_confidence
engaged_2165.jpg,engaged_2081.jpg,engaged,0,0,high_confidence
engaged_2165.jpg,engaged_2092.jpg,engaged,0,0,high_confidence
engaged_2165.jpg,engaged_2106.jpg,engaged,0,0,high_confidence
engaged_2165.jpg,engaged_2111.jpg,engaged,0,0,high_confidence
engaged_2165.jpg,engaged_2116.jpg,engaged,0,0,high_confidence
engaged_2165.jpg,engaged_2125.jpg,engaged,0,0,high_confidence
engaged_2165.jpg,engaged_2156.jpg,engaged,0,0,high_confidence
engaged_2165.jpg,engaged_2181.jpg,engaged,0,0,high_confidence
engaged_2165.jpg,engaged_2191.jpg,engaged,0,0,high_confidence
engaged_2165.jpg,engaged_2198.jpg,engaged,0,0,high_confidence
engaged_2165.jpg,engaged_2203.jpg,engaged,0,0,high_confidence
engaged_2165.jpg,engaged_2214.jpg,engaged,0,0,high_confidence
engaged_2165.jpg,engaged_2216.jpg,engaged,0,0,high_confidence
engaged_2170.jpg,engaged_2171.jpg,engaged,0,0,high_confidence
engaged_2170.jpg,engaged_2173.jpg,engaged,0,0,high_confidence
engaged_2170.jpg,engaged_2174.jpg,engaged,0,0,high_confidence
engaged_2170.jpg,engaged_2175.jpg,engaged,0,0,high_confidence
engaged_2170.jpg,engaged_2180.jpg,engaged,0,0,high_confidence
engaged_2170.jpg,engaged_2182.jpg,engaged,0,0,high_confidence
engaged_2170.jpg,engaged_2183.jpg,engaged,0,0,high_confidence
engaged_2170.jpg,engaged_2184.jpg,engaged,0,0,high_confidence
engaged_2170.jpg,engaged_2185.jpg,engaged,0,0,high_confidence
engaged_2170.jpg,engaged_2187.jpg,engaged,0,0,high_confidence
engaged_2170.jpg,engaged_2188.jpg,engaged,0,0,high_confidence
engaged_2170.jpg,engaged_2189.jpg,engaged,0,0,high_confidence
engaged_2170.jpg,engaged_2190.jpg,engaged,0,0,high_confidence
engaged_2170.jpg,engaged_2192.jpg,engaged,0,0,high_confidence
engaged_2170.jpg,engaged_2194.jpg,engaged,0,0,high_confidence
engaged_2170.jpg,engaged_2199.jpg,engaged,0,0,high_confidence
engaged_2170.jpg,engaged_2200.jpg,engaged,0,0,high_confidence
engaged_2170.jpg,engaged_2201.jpg,engaged,0,0,high_confidence
engaged_2170.jpg,engaged_2202.jpg,engaged,0,0,high_confidence
engaged_2170.jpg,engaged_2204.jpg,engaged,0,0,high_confidence
engaged_2170.jpg,engaged_2210.jpg,engaged,0,0,high_confidence
engaged_2170.jpg,engaged_2211.jpg,engaged,0,0,high_confidence
engaged_2170.jpg,engaged_2212.jpg,engaged,0,0,high_confidence
engaged_2170.jpg,engaged_2215.jpg,engaged,0,0,high_confidence
engaged_2170.jpg,engaged_1775.jpg,engaged,1,0,high_confidence
engaged_2170.jpg,engaged_1779.jpg,engaged,1,0,high_confidence
engaged_2170.jpg,engaged_1836.jpg,engaged,0,0,high_confidence
engaged_2170.jpg,engaged_1867.jpg,engaged,1,0,high_confidence
engaged_2170.jpg,engaged_1979.jpg,engaged,1,0,high_confidence
engaged_2170.jpg,engaged_2045.jpg,engaged,1,0,high_confidence
engaged_2170.jpg,engaged_2079.jpg,engaged,0,0,high_confidence
engaged_2170.jpg,engaged_2080.jpg,engaged,0,0,high_confidence
engaged_2170.jpg,engaged_2086.jpg,engaged,0,0,high_confidence
engaged_2170.jpg,engaged_2096.jpg,engaged,0,0,high_confidence
engaged_2170.jpg,engaged_2103.jpg,engaged,0,0,high_confidence
engaged_2170.jpg,engaged_2121.jpg,engaged,0,0,high_confidence
engaged_2170.jpg,engaged_2136.jpg,engaged,0,0,high_confidence
engaged_2170.jpg,engaged_2166.jpg,engaged,0,0,high_confidence
engaged_2170.jpg,engaged_2172.jpg,engaged,0,0,high_confidence
engaged_2170.jpg,engaged_2213.jpg,engaged,0,0,high_confidence
engaged_2170.jpg,engaged_1806.jpg,engaged,1,0,high_confidence
engaged_2170.jpg,engaged_1860.jpg,engaged,1,0,high_confidence
engaged_2170.jpg,engaged_1916.jpg,engaged,1,0,high_confidence
engaged_2170.jpg,engaged_1925.jpg,engaged,1,0,high_confidence
engaged_2170.jpg,engaged_1982.jpg,engaged,1,0,high_confidence
engaged_2170.jpg,engaged_2048.jpg,engaged,1,0,high_confidence
engaged_2170.jpg,engaged_2073.jpg,engaged,0,0,high_confidence
engaged_2170.jpg,engaged_2081.jpg,engaged,0,0,high_confidence
engaged_2170.jpg,engaged_2092.jpg,engaged,0,0,high_confidence
engaged_2170.jpg,engaged_2106.jpg,engaged,0,0,high_confidence
engaged_2170.jpg,engaged_2111.jpg,engaged,0,0,high_confidence
engaged_2170.jpg,engaged_2116.jpg,engaged,0,0,high_confidence
engaged_2170.jpg,engaged_2125.jpg,engaged,0,0,high_confidence
engaged_2170.jpg,engaged_2156.jpg,engaged,0,0,high_confidence
engaged_2170.jpg,engaged_2181.jpg,engaged,0,0,high_confidence
engaged_2170.jpg,engaged_2191.jpg,engaged,0,0,high_confidence
engaged_2170.jpg,engaged_2198.jpg,engaged,0,0,high_confidence
engaged_2170.jpg,engaged_2203.jpg,engaged,0,0,high_confidence
engaged_2170.jpg,engaged_2214.jpg,engaged,0,0,high_confidence
engaged_2170.jpg,engaged_2216.jpg,engaged,0,0,high_confidence
engaged_2171.jpg,engaged_2173.jpg,engaged,0,0,high_confidence
engaged_2171.jpg,engaged_2174.jpg,engaged,0,0,high_confidence
engaged_2171.jpg,engaged_2175.jpg,engaged,0,0,high_confidence
engaged_2171.jpg,engaged_2180.jpg,engaged,0,0,high_confidence
engaged_2171.jpg,engaged_2182.jpg,engaged,0,0,high_confidence
engaged_2171.jpg,engaged_2183.jpg,engaged,0,0,high_confidence
engaged_2171.jpg,engaged_2184.jpg,engaged,0,0,high_confidence
engaged_2171.jpg,engaged_2185.jpg,engaged,0,0,high_confidence
engaged_2171.jpg,engaged_2187.jpg,engaged,0,0,high_confidence
engaged_2171.jpg,engaged_2188.jpg,engaged,0,0,high_confidence
engaged_2171.jpg,engaged_2189.jpg,engaged,0,0,high_confidence
engaged_2171.jpg,engaged_2190.jpg,engaged,0,0,high_confidence
engaged_2171.jpg,engaged_2192.jpg,engaged,0,0,high_confidence
engaged_2171.jpg,engaged_2194.jpg,engaged,0,0,high_confidence
engaged_2171.jpg,engaged_2199.jpg,engaged,0,0,high_confidence
engaged_2171.jpg,engaged_2200.jpg,engaged,0,0,high_confidence
engaged_2171.jpg,engaged_2201.jpg,engaged,0,0,high_confidence
engaged_2171.jpg,engaged_2202.jpg,engaged,0,0,high_confidence
engaged_2171.jpg,engaged_2204.jpg,engaged,0,0,high_confidence
engaged_2171.jpg,engaged_2210.jpg,engaged,0,0,high_confidence
engaged_2171.jpg,engaged_2211.jpg,engaged,0,0,high_confidence
engaged_2171.jpg,engaged_2212.jpg,engaged,0,0,high_confidence
engaged_2171.jpg,engaged_2215.jpg,engaged,0,0,high_confidence
engaged_2171.jpg,engaged_1775.jpg,engaged,1,0,high_confidence
engaged_2171.jpg,engaged_1779.jpg,engaged,1,0,high_confidence
engaged_2171.jpg,engaged_1836.jpg,engaged,0,0,high_confidence
engaged_2171.jpg,engaged_1867.jpg,engaged,1,0,high_confidence
engaged_2171.jpg,engaged_1979.jpg,engaged,1,0,high_confidence
engaged_2171.jpg,engaged_2045.jpg,engaged,1,0,high_confidence
engaged_2171.jpg,engaged_2079.jpg,engaged,0,0,high_confidence
engaged_2171.jpg,engaged_2080.jpg,engaged,0,0,high_confidence
engaged_2171.jpg,engaged_2086.jpg,engaged,0,0,high_confidence
engaged_2171.jpg,engaged_2096.jpg,engaged,0,0,high_confidence
engaged_2171.jpg,engaged_2103.jpg,engaged,0,0,high_confidence
engaged_2171.jpg,engaged_2121.jpg,engaged,0,0,high_confidence
engaged_2171.jpg,engaged_2136.jpg,engaged,0,0,high_confidence
engaged_2171.jpg,engaged_2166.jpg,engaged,0,0,high_confidence
engaged_2171.jpg,engaged_2172.jpg,engaged,0,0,high_confidence
engaged_2171.jpg,engaged_2213.jpg,engaged,0,0,high_confidence
engaged_2171.jpg,engaged_1806.jpg,engaged,1,0,high_confidence
engaged_2171.jpg,engaged_1860.jpg,engaged,1,0,high_confidence
engaged_2171.jpg,engaged_1916.jpg,engaged,1,0,high_confidence
engaged_2171.jpg,engaged_1925.jpg,engaged,1,0,high_confidence
engaged_2171.jpg,engaged_1982.jpg,engaged,1,0,high_confidence
engaged_2171.jpg,engaged_2048.jpg,engaged,1,0,high_confidence
engaged_2171.jpg,engaged_2073.jpg,engaged,0,0,high_confidence
engaged_2171.jpg,engaged_2081.jpg,engaged,0,0,high_confidence
engaged_2171.jpg,engaged_2092.jpg,engaged,0,0,high_confidence
engaged_2171.jpg,engaged_2106.jpg,engaged,0,0,high_confidence
engaged_2171.jpg,engaged_2111.jpg,engaged,0,0,high_confidence
engaged_2171.jpg,engaged_2116.jpg,engaged,0,0,high_confidence
engaged_2171.jpg,engaged_2125.jpg,engaged,0,0,high_confidence
engaged_2171.jpg,engaged_2156.jpg,engaged,0,0,high_confidence
engaged_2171.jpg,engaged_2181.jpg,engaged,0,0,high_confidence
engaged_2171.jpg,engaged_2191.jpg,engaged,0,0,high_confidence
engaged_2171.jpg,engaged_2198.jpg,engaged,0,0,high_confidence
engaged_2171.jpg,engaged_2203.jpg,engaged,0,0,high_confidence
engaged_2171.jpg,engaged_2214.jpg,engaged,0,0,high_confidence
engaged_2171.jpg,engaged_2216.jpg,engaged,0,0,high_confidence
engaged_2173.jpg,engaged_2174.jpg,engaged,0,0,high_confidence
engaged_2173.jpg,engaged_2175.jpg,engaged,0,0,high_confidence
engaged_2173.jpg,engaged_2180.jpg,engaged,0,0,high_confidence
engaged_2173.jpg,engaged_2182.jpg,engaged,0,0,high_confidence
engaged_2173.jpg,engaged_2183.jpg,engaged,0,0,high_confidence
engaged_2173.jpg,engaged_2184.jpg,engaged,0,0,high_confidence
engaged_2173.jpg,engaged_2185.jpg,engaged,0,0,high_confidence
engaged_2173.jpg,engaged_2187.jpg,engaged,0,0,high_confidence
engaged_2173.jpg,engaged_2188.jpg,engaged,0,0,high_confidence
engaged_2173.jpg,engaged_2189.jpg,engaged,0,0,high_confidence
engaged_2173.jpg,engaged_2190.jpg,engaged,0,0,high_confidence
engaged_2173.jpg,engaged_2192.jpg,engaged,0,0,high_confidence
engaged_2173.jpg,engaged_2194.jpg,engaged,0,0,high_confidence
engaged_2173.jpg,engaged_2199.jpg,engaged,0,0,high_confidence
engaged_2173.jpg,engaged_2200.jpg,engaged,0,0,high_confidence
engaged_2173.jpg,engaged_2201.jpg,engaged,0,0,high_confidence
engaged_2173.jpg,engaged_2202.jpg,engaged,0,0,high_confidence
engaged_2173.jpg,engaged_2204.jpg,engaged,0,0,high_confidence
engaged_2173.jpg,engaged_2210.jpg,engaged,0,0,high_confidence
engaged_2173.jpg,engaged_2211.jpg,engaged,0,0,high_confidence
engaged_2173.jpg,engaged_2212.jpg,engaged,0,0,high_confidence
engaged_2173.jpg,engaged_2215.jpg,engaged,0,0,high_confidence
engaged_2173.jpg,engaged_1775.jpg,engaged,1,0,high_confidence
engaged_2173.jpg,engaged_1779.jpg,engaged,1,0,high_confidence
engaged_2173.jpg,engaged_1836.jpg,engaged,0,0,high_confidence
engaged_2173.jpg,engaged_1867.jpg,engaged,1,0,high_confidence
engaged_2173.jpg,engaged_1979.jpg,engaged,1,0,high_confidence
engaged_2173.jpg,engaged_2045.jpg,engaged,1,0,high_confidence
engaged_2173.jpg,engaged_2079.jpg,engaged,0,0,high_confidence
engaged_2173.jpg,engaged_2080.jpg,engaged,0,0,high_confidence
engaged_2173.jpg,engaged_2086.jpg,engaged,0,0,high_confidence
engaged_2173.jpg,engaged_2096.jpg,engaged,0,0,high_confidence
engaged_2173.jpg,engaged_2103.jpg,engaged,0,0,high_confidence
engaged_2173.jpg,engaged_2121.jpg,engaged,0,0,high_confidence
engaged_2173.jpg,engaged_2136.jpg,engaged,0,0,high_confidence
engaged_2173.jpg,engaged_2166.jpg,engaged,0,0,high_confidence
engaged_2173.jpg,engaged_2172.jpg,engaged,0,0,high_confidence
engaged_2173.jpg,engaged_2213.jpg,engaged,0,0,high_confidence
engaged_2173.jpg,engaged_1806.jpg,engaged,1,0,high_confidence
engaged_2173.jpg,engaged_1860.jpg,engaged,1,0,high_confidence
engaged_2173.jpg,engaged_1916.jpg,engaged,1,0,high_confidence
engaged_2173.jpg,engaged_1925.jpg,engaged,1,0,high_confidence
engaged_2173.jpg,engaged_1982.jpg,engaged,1,0,high_confidence
engaged_2173.jpg,engaged_2048.jpg,engaged,1,0,high_confidence
engaged_2173.jpg,engaged_2073.jpg,engaged,0,0,high_confidence
engaged_2173.jpg,engaged_2081.jpg,engaged,0,0,high_confidence
engaged_2173.jpg,engaged_2092.jpg,engaged,0,0,high_confidence
engaged_2173.jpg,engaged_2106.jpg,engaged,0,0,high_confidence
engaged_2173.jpg,engaged_2111.jpg,engaged,0,0,high_confidence
engaged_2173.jpg,engaged_2116.jpg,engaged,0,0,high_confidence
engaged_2173.jpg,engaged_2125.jpg,engaged,0,0,high_confidence
engaged_2173.jpg,engaged_2156.jpg,engaged,0,0,high_confidence
engaged_2173.jpg,engaged_2181.jpg,engaged,0,0,high_confidence
engaged_2173.jpg,engaged_2191.jpg,engaged,0,0,high_confidence
engaged_2173.jpg,engaged_2198.jpg,engaged,0,0,high_confidence
engaged_2173.jpg,engaged_2203.jpg,engaged,0,0,high_confidence
engaged_2173.jpg,engaged_2214.jpg,engaged,0,0,high_confidence
engaged_2173.jpg,engaged_2216.jpg,engaged,0,0,high_confidence
engaged_2174.jpg,engaged_2175.jpg,engaged,0,0,high_confidence
engaged_2174.jpg,engaged_2180.jpg,engaged,0,0,high_confidence
engaged_2174.jpg,engaged_2182.jpg,engaged,0,0,high_confidence
engaged_2174.jpg,engaged_2183.jpg,engaged,0,0,high_confidence
engaged_2174.jpg,engaged_2184.jpg,engaged,0,0,high_confidence
engaged_2174.jpg,engaged_2185.jpg,engaged,0,0,high_confidence
engaged_2174.jpg,engaged_2187.jpg,engaged,0,0,high_confidence
engaged_2174.jpg,engaged_2188.jpg,engaged,0,0,high_confidence
engaged_2174.jpg,engaged_2189.jpg,engaged,0,0,high_confidence
engaged_2174.jpg,engaged_2190.jpg,engaged,0,0,high_confidence
engaged_2174.jpg,engaged_2192.jpg,engaged,0,0,high_confidence
engaged_2174.jpg,engaged_2194.jpg,engaged,0,0,high_confidence
engaged_2174.jpg,engaged_2199.jpg,engaged,0,0,high_confidence
engaged_2174.jpg,engaged_2200.jpg,engaged,0,0,high_confidence
engaged_2174.jpg,engaged_2201.jpg,engaged,0,0,high_confidence
engaged_2174.jpg,engaged_2202.jpg,engaged,0,0,high_confidence
engaged_2174.jpg,engaged_2204.jpg,engaged,0,0,high_confidence
engaged_2174.jpg,engaged_2210.jpg,engaged,0,0,high_confidence
engaged_2174.jpg,engaged_2211.jpg,engaged,0,0,high_confidence
engaged_2174.jpg,engaged_2212.jpg,engaged,0,0,high_confidence
engaged_2174.jpg,engaged_2215.jpg,engaged,0,0,high_confidence
engaged_2174.jpg,engaged_1775.jpg,engaged,1,0,high_confidence
engaged_2174.jpg,engaged_1779.jpg,engaged,1,0,high_confidence
engaged_2174.jpg,engaged_1836.jpg,engaged,0,0,high_confidence
engaged_2174.jpg,engaged_1867.jpg,engaged,1,0,high_confidence
engaged_2174.jpg,engaged_1979.jpg,engaged,1,0,high_confidence
engaged_2174.jpg,engaged_2045.jpg,engaged,1,0,high_confidence
engaged_2174.jpg,engaged_2079.jpg,engaged,0,0,high_confidence
engaged_2174.jpg,engaged_2080.jpg,engaged,0,0,high_confidence
engaged_2174.jpg,engaged_2086.jpg,engaged,0,0,high_confidence
engaged_2174.jpg,engaged_2096.jpg,engaged,0,0,high_confidence
engaged_2174.jpg,engaged_2103.jpg,engaged,0,0,high_confidence
engaged_2174.jpg,engaged_2121.jpg,engaged,0,0,high_confidence
engaged_2174.jpg,engaged_2136.jpg,engaged,0,0,high_confidence
engaged_2174.jpg,engaged_2166.jpg,engaged,0,0,high_confidence
engaged_2174.jpg,engaged_2172.jpg,engaged,0,0,high_confidence
engaged_2174.jpg,engaged_2213.jpg,engaged,0,0,high_confidence
engaged_2174.jpg,engaged_1806.jpg,engaged,1,0,high_confidence
engaged_2174.jpg,engaged_1860.jpg,engaged,1,0,high_confidence
engaged_2174.jpg,engaged_1916.jpg,engaged,1,0,high_confidence
engaged_2174.jpg,engaged_1925.jpg,engaged,1,0,high_confidence
engaged_2174.jpg,engaged_1982.jpg,engaged,1,0,high_confidence
engaged_2174.jpg,engaged_2048.jpg,engaged,1,0,high_confidence
engaged_2174.jpg,engaged_2073.jpg,engaged,0,0,high_confidence
engaged_2174.jpg,engaged_2081.jpg,engaged,0,0,high_confidence
engaged_2174.jpg,engaged_2092.jpg,engaged,0,0,high_confidence
engaged_2174.jpg,engaged_2106.jpg,engaged,0,0,high_confidence
engaged_2174.jpg,engaged_2111.jpg,engaged,0,0,high_confidence
engaged_2174.jpg,engaged_2116.jpg,engaged,0,0,high_confidence
engaged_2174.jpg,engaged_2125.jpg,engaged,0,0,high_confidence
engaged_2174.jpg,engaged_2156.jpg,engaged,0,0,high_confidence
engaged_2174.jpg,engaged_2181.jpg,engaged,0,0,high_confidence
engaged_2174.jpg,engaged_2191.jpg,engaged,0,0,high_confidence
engaged_2174.jpg,engaged_2198.jpg,engaged,0,0,high_confidence
engaged_2174.jpg,engaged_2203.jpg,engaged,0,0,high_confidence
engaged_2174.jpg,engaged_2214.jpg,engaged,0,0,high_confidence
engaged_2174.jpg,engaged_2216.jpg,engaged,0,0,high_confidence
engaged_2175.jpg,engaged_2180.jpg,engaged,0,0,high_confidence
engaged_2175.jpg,engaged_2182.jpg,engaged,0,0,high_confidence
engaged_2175.jpg,engaged_2183.jpg,engaged,0,0,high_confidence
engaged_2175.jpg,engaged_2184.jpg,engaged,0,0,high_confidence
engaged_2175.jpg,engaged_2185.jpg,engaged,0,0,high_confidence
engaged_2175.jpg,engaged_2187.jpg,engaged,0,0,high_confidence
engaged_2175.jpg,engaged_2188.jpg,engaged,0,0,high_confidence
engaged_2175.jpg,engaged_2189.jpg,engaged,0,0,high_confidence
engaged_2175.jpg,engaged_2190.jpg,engaged,0,0,high_confidence
engaged_2175.jpg,engaged_2192.jpg,engaged,0,0,high_confidence
engaged_2175.jpg,engaged_2194.jpg,engaged,0,0,high_confidence
engaged_2175.jpg,engaged_2199.jpg,engaged,0,0,high_confidence
engaged_2175.jpg,engaged_2200.jpg,engaged,0,0,high_confidence
engaged_2175.jpg,engaged_2201.jpg,engaged,0,0,high_confidence
engaged_2175.jpg,engaged_2202.jpg,engaged,0,0,high_confidence
engaged_2175.jpg,engaged_2204.jpg,engaged,0,0,high_confidence
engaged_2175.jpg,engaged_2210.jpg,engaged,0,0,high_confidence
engaged_2175.jpg,engaged_2211.jpg,engaged,0,0,high_confidence
engaged_2175.jpg,engaged_2212.jpg,engaged,0,0,high_confidence
engaged_2175.jpg,engaged_2215.jpg,engaged,0,0,high_confidence
engaged_2175.jpg,engaged_1775.jpg,engaged,1,0,high_confidence
engaged_2175.jpg,engaged_1779.jpg,engaged,1,0,high_confidence
engaged_2175.jpg,engaged_1836.jpg,engaged,0,0,high_confidence
engaged_2175.jpg,engaged_1867.jpg,engaged,1,0,high_confidence
engaged_2175.jpg,engaged_1979.jpg,engaged,1,0,high_confidence
engaged_2175.jpg,engaged_2045.jpg,engaged,1,0,high_confidence
engaged_2175.jpg,engaged_2079.jpg,engaged,0,0,high_confidence
engaged_2175.jpg,engaged_2080.jpg,engaged,0,0,high_confidence
engaged_2175.jpg,engaged_2086.jpg,engaged,0,0,high_confidence
engaged_2175.jpg,engaged_2096.jpg,engaged,0,0,high_confidence
engaged_2175.jpg,engaged_2103.jpg,engaged,0,0,high_confidence
engaged_2175.jpg,engaged_2121.jpg,engaged,0,0,high_confidence
engaged_2175.jpg,engaged_2136.jpg,engaged,0,0,high_confidence
engaged_2175.jpg,engaged_2166.jpg,engaged,0,0,high_confidence
engaged_2175.jpg,engaged_2172.jpg,engaged,0,0,high_confidence
engaged_2175.jpg,engaged_2213.jpg,engaged,0,0,high_confidence
engaged_2175.jpg,engaged_1806.jpg,engaged,1,0,high_confidence
engaged_2175.jpg,engaged_1860.jpg,engaged,1,0,high_confidence
engaged_2175.jpg,engaged_1916.jpg,engaged,1,0,high_confidence
engaged_2175.jpg,engaged_1925.jpg,engaged,1,0,high_confidence
engaged_2175.jpg,engaged_1982.jpg,engaged,1,0,high_confidence
engaged_2175.jpg,engaged_2048.jpg,engaged,1,0,high_confidence
engaged_2175.jpg,engaged_2073.jpg,engaged,0,0,high_confidence
engaged_2175.jpg,engaged_2081.jpg,engaged,0,0,high_confidence
engaged_2175.jpg,engaged_2092.jpg,engaged,0,0,high_confidence
engaged_2175.jpg,engaged_2106.jpg,engaged,0,0,high_confidence
engaged_2175.jpg,engaged_2111.jpg,engaged,0,0,high_confidence
engaged_2175.jpg,engaged_2116.jpg,engaged,0,0,high_confidence
engaged_2175.jpg,engaged_2125.jpg,engaged,0,0,high_confidence
engaged_2175.jpg,engaged_2156.jpg,engaged,0,0,high_confidence
engaged_2175.jpg,engaged_2181.jpg,engaged,0,0,high_confidence
engaged_2175.jpg,engaged_2191.jpg,engaged,0,0,high_confidence
engaged_2175.jpg,engaged_2198.jpg,engaged,0,0,high_confidence
engaged_2175.jpg,engaged_2203.jpg,engaged,0,0,high_confidence
engaged_2175.jpg,engaged_2214.jpg,engaged,0,0,high_confidence
engaged_2175.jpg,engaged_2216.jpg,engaged,0,0,high_confidence
engaged_2180.jpg,engaged_2182.jpg,engaged,0,0,high_confidence
engaged_2180.jpg,engaged_2183.jpg,engaged,0,0,high_confidence
engaged_2180.jpg,engaged_2184.jpg,engaged,0,0,high_confidence
engaged_2180.jpg,engaged_2185.jpg,engaged,0,0,high_confidence
engaged_2180.jpg,engaged_2187.jpg,engaged,0,0,high_confidence
engaged_2180.jpg,engaged_2188.jpg,engaged,0,0,high_confidence
engaged_2180.jpg,engaged_2189.jpg,engaged,0,0,high_confidence
engaged_2180.jpg,engaged_2190.jpg,engaged,0,0,high_confidence
engaged_2180.jpg,engaged_2192.jpg,engaged,0,0,high_confidence
engaged_2180.jpg,engaged_2194.jpg,engaged,0,0,high_confidence
engaged_2180.jpg,engaged_2199.jpg,engaged,0,0,high_confidence
engaged_2180.jpg,engaged_2200.jpg,engaged,0,0,high_confidence
engaged_2180.jpg,engaged_2201.jpg,engaged,0,0,high_confidence
engaged_2180.jpg,engaged_2202.jpg,engaged,0,0,high_confidence
engaged_2180.jpg,engaged_2204.jpg,engaged,0,0,high_confidence
engaged_2180.jpg,engaged_2210.jpg,engaged,0,0,high_confidence
engaged_2180.jpg,engaged_2211.jpg,engaged,0,0,high_confidence
engaged_2180.jpg,engaged_2212.jpg,engaged,0,0,high_confidence
engaged_2180.jpg,engaged_2215.jpg,engaged,0,0,high_confidence
engaged_2180.jpg,engaged_1775.jpg,engaged,1,0,high_confidence
engaged_2180.jpg,engaged_1779.jpg,engaged,1,0,high_confidence
engaged_2180.jpg,engaged_1836.jpg,engaged,0,0,high_confidence
engaged_2180.jpg,engaged_1867.jpg,engaged,1,0,high_confidence
engaged_2180.jpg,engaged_1979.jpg,engaged,1,0,high_confidence
engaged_2180.jpg,engaged_2045.jpg,engaged,1,0,high_confidence
engaged_2180.jpg,engaged_2079.jpg,engaged,0,0,high_confidence
engaged_2180.jpg,engaged_2080.jpg,engaged,0,0,high_confidence
engaged_2180.jpg,engaged_2086.jpg,engaged,0,0,high_confidence
engaged_2180.jpg,engaged_2096.jpg,engaged,0,0,high_confidence
engaged_2180.jpg,engaged_2103.jpg,engaged,0,0,high_confidence
engaged_2180.jpg,engaged_2121.jpg,engaged,0,0,high_confidence
engaged_2180.jpg,engaged_2136.jpg,engaged,0,0,high_confidence
engaged_2180.jpg,engaged_2166.jpg,engaged,0,0,high_confidence
engaged_2180.jpg,engaged_2172.jpg,engaged,0,0,high_confidence
engaged_2180.jpg,engaged_2213.jpg,engaged,0,0,high_confidence
engaged_2180.jpg,engaged_1806.jpg,engaged,1,0,high_confidence
engaged_2180.jpg,engaged_1860.jpg,engaged,1,0,high_confidence
engaged_2180.jpg,engaged_1916.jpg,engaged,1,0,high_confidence
engaged_2180.jpg,engaged_1925.jpg,engaged,1,0,high_confidence
engaged_2180.jpg,engaged_1982.jpg,engaged,1,0,high_confidence
engaged_2180.jpg,engaged_2048.jpg,engaged,1,0,high_confidence
engaged_2180.jpg,engaged_2073.jpg,engaged,0,0,high_confidence
engaged_2180.jpg,engaged_2081.jpg,engaged,0,0,high_confidence
engaged_2180.jpg,engaged_2092.jpg,engaged,0,0,high_confidence
engaged_2180.jpg,engaged_2106.jpg,engaged,0,0,high_confidence
engaged_2180.jpg,engaged_2111.jpg,engaged,0,0,high_confidence
engaged_2180.jpg,engaged_2116.jpg,engaged,0,0,high_confidence
engaged_2180.jpg,engaged_2125.jpg,engaged,0,0,high_confidence
engaged_2180.jpg,engaged_2156.jpg,engaged,0,0,high_confidence
engaged_2180.jpg,engaged_2181.jpg,engaged,0,0,high_confidence
engaged_2180.jpg,engaged_2191.jpg,engaged,0,0,high_confidence
engaged_2180.jpg,engaged_2198.jpg,engaged,0,0,high_confidence
engaged_2180.jpg,engaged_2203.jpg,engaged,0,0,high_confidence
engaged_2180.jpg,engaged_2214.jpg,engaged,0,0,high_confidence
engaged_2180.jpg,engaged_2216.jpg,engaged,0,0,high_confidence
engaged_2182.jpg,engaged_2183.jpg,engaged,0,0,high_confidence
engaged_2182.jpg,engaged_2184.jpg,engaged,0,0,high_confidence
engaged_2182.jpg,engaged_2185.jpg,engaged,0,0,high_confidence
engaged_2182.jpg,engaged_2187.jpg,engaged,0,0,high_confidence
engaged_2182.jpg,engaged_2188.jpg,engaged,0,0,high_confidence
engaged_2182.jpg,engaged_2189.jpg,engaged,0,0,high_confidence
engaged_2182.jpg,engaged_2190.jpg,engaged,0,0,high_confidence
engaged_2182.jpg,engaged_2192.jpg,engaged,0,0,high_confidence
engaged_2182.jpg,engaged_2194.jpg,engaged,0,0,high_confidence
engaged_2182.jpg,engaged_2199.jpg,engaged,0,0,high_confidence
engaged_2182.jpg,engaged_2200.jpg,engaged,0,0,high_confidence
engaged_2182.jpg,engaged_2201.jpg,engaged,0,0,high_confidence
engaged_2182.jpg,engaged_2202.jpg,engaged,0,0,high_confidence
engaged_2182.jpg,engaged_2204.jpg,engaged,0,0,high_confidence
engaged_2182.jpg,engaged_2210.jpg,engaged,0,0,high_confidence
engaged_2182.jpg,engaged_2211.jpg,engaged,0,0,high_confidence
engaged_2182.jpg,engaged_2212.jpg,engaged,0,0,high_confidence
engaged_2182.jpg,engaged_2215.jpg,engaged,0,0,high_confidence
engaged_2182.jpg,engaged_1775.jpg,engaged,1,0,high_confidence
engaged_2182.jpg,engaged_1779.jpg,engaged,1,0,high_confidence
engaged_2182.jpg,engaged_1836.jpg,engaged,0,0,high_confidence
engaged_2182.jpg,engaged_1867.jpg,engaged,1,0,high_confidence
engaged_2182.jpg,engaged_1979.jpg,engaged,1,0,high_confidence
engaged_2182.jpg,engaged_2045.jpg,engaged,1,0,high_confidence
engaged_2182.jpg,engaged_2079.jpg,engaged,0,0,high_confidence
engaged_2182.jpg,engaged_2080.jpg,engaged,0,0,high_confidence
engaged_2182.jpg,engaged_2086.jpg,engaged,0,0,high_confidence
engaged_2182.jpg,engaged_2096.jpg,engaged,0,0,high_confidence
engaged_2182.jpg,engaged_2103.jpg,engaged,0,0,high_confidence
engaged_2182.jpg,engaged_2121.jpg,engaged,0,0,high_confidence
engaged_2182.jpg,engaged_2136.jpg,engaged,0,0,high_confidence
engaged_2182.jpg,engaged_2166.jpg,engaged,0,0,high_confidence
engaged_2182.jpg,engaged_2172.jpg,engaged,0,0,high_confidence
engaged_2182.jpg,engaged_2213.jpg,engaged,0,0,high_confidence
engaged_2182.jpg,engaged_1806.jpg,engaged,1,0,high_confidence
engaged_2182.jpg,engaged_1860.jpg,engaged,1,0,high_confidence
engaged_2182.jpg,engaged_1916.jpg,engaged,1,0,high_confidence
engaged_2182.jpg,engaged_1925.jpg,engaged,1,0,high_confidence
engaged_2182.jpg,engaged_1982.jpg,engaged,1,0,high_confidence
engaged_2182.jpg,engaged_2048.jpg,engaged,1,0,high_confidence
engaged_2182.jpg,engaged_2073.jpg,engaged,0,0,high_confidence
engaged_2182.jpg,engaged_2081.jpg,engaged,0,0,high_confidence
engaged_2182.jpg,engaged_2092.jpg,engaged,0,0,high_confidence
engaged_2182.jpg,engaged_2106.jpg,engaged,0,0,high_confidence
engaged_2182.jpg,engaged_2111.jpg,engaged,0,0,high_confidence
engaged_2182.jpg,engaged_2116.jpg,engaged,0,0,high_confidence
engaged_2182.jpg,engaged_2125.jpg,engaged,0,0,high_confidence
engaged_2182.jpg,engaged_2156.jpg,engaged,0,0,high_confidence
engaged_2182.jpg,engaged_2181.jpg,engaged,0,0,high_confidence
engaged_2182.jpg,engaged_2191.jpg,engaged,0,0,high_confidence
engaged_2182.jpg,engaged_2198.jpg,engaged,0,0,high_confidence
engaged_2182.jpg,engaged_2203.jpg,engaged,0,0,high_confidence
engaged_2182.jpg,engaged_2214.jpg,engaged,0,0,high_confidence
engaged_2182.jpg,engaged_2216.jpg,engaged,0,0,high_confidence
engaged_2183.jpg,engaged_2184.jpg,engaged,0,0,high_confidence
engaged_2183.jpg,engaged_2185.jpg,engaged,0,0,high_confidence
engaged_2183.jpg,engaged_2187.jpg,engaged,0,0,high_confidence
engaged_2183.jpg,engaged_2188.jpg,engaged,0,0,high_confidence
engaged_2183.jpg,engaged_2189.jpg,engaged,0,0,high_confidence
engaged_2183.jpg,engaged_2190.jpg,engaged,0,0,high_confidence
engaged_2183.jpg,engaged_2192.jpg,engaged,0,0,high_confidence
engaged_2183.jpg,engaged_2194.jpg,engaged,0,0,high_confidence
engaged_2183.jpg,engaged_2199.jpg,engaged,0,0,high_confidence
engaged_2183.jpg,engaged_2200.jpg,engaged,0,0,high_confidence
engaged_2183.jpg,engaged_2201.jpg,engaged,0,0,high_confidence
engaged_2183.jpg,engaged_2202.jpg,engaged,0,0,high_confidence
engaged_2183.jpg,engaged_2204.jpg,engaged,0,0,high_confidence
engaged_2183.jpg,engaged_2210.jpg,engaged,0,0,high_confidence
engaged_2183.jpg,engaged_2211.jpg,engaged,0,0,high_confidence
engaged_2183.jpg,engaged_2212.jpg,engaged,0,0,high_confidence
engaged_2183.jpg,engaged_2215.jpg,engaged,0,0,high_confidence
engaged_2183.jpg,engaged_1775.jpg,engaged,1,0,high_confidence
engaged_2183.jpg,engaged_1779.jpg,engaged,1,0,high_confidence
engaged_2183.jpg,engaged_1836.jpg,engaged,0,0,high_confidence
engaged_2183.jpg,engaged_1867.jpg,engaged,1,0,high_confidence
engaged_2183.jpg,engaged_1979.jpg,engaged,1,0,high_confidence
engaged_2183.jpg,engaged_2045.jpg,engaged,1,0,high_confidence
engaged_2183.jpg,engaged_2079.jpg,engaged,0,0,high_confidence
engaged_2183.jpg,engaged_2080.jpg,engaged,0,0,high_confidence
engaged_2183.jpg,engaged_2086.jpg,engaged,0,0,high_confidence
engaged_2183.jpg,engaged_2096.jpg,engaged,0,0,high_confidence
engaged_2183.jpg,engaged_2103.jpg,engaged,0,0,high_confidence
engaged_2183.jpg,engaged_2121.jpg,engaged,0,0,high_confidence
engaged_2183.jpg,engaged_2136.jpg,engaged,0,0,high_confidence
engaged_2183.jpg,engaged_2166.jpg,engaged,0,0,high_confidence
engaged_2183.jpg,engaged_2172.jpg,engaged,0,0,high_confidence
engaged_2183.jpg,engaged_2213.jpg,engaged,0,0,high_confidence
engaged_2183.jpg,engaged_1806.jpg,engaged,1,0,high_confidence
engaged_2183.jpg,engaged_1860.jpg,engaged,1,0,high_confidence
engaged_2183.jpg,engaged_1916.jpg,engaged,1,0,high_confidence
engaged_2183.jpg,engaged_1925.jpg,engaged,1,0,high_confidence
engaged_2183.jpg,engaged_1982.jpg,engaged,1,0,high_confidence
engaged_2183.jpg,engaged_2048.jpg,engaged,1,0,high_confidence
engaged_2183.jpg,engaged_2073.jpg,engaged,0,0,high_confidence
engaged_2183.jpg,engaged_2081.jpg,engaged,0,0,high_confidence
engaged_2183.jpg,engaged_2092.jpg,engaged,0,0,high_confidence
engaged_2183.jpg,engaged_2106.jpg,engaged,0,0,high_confidence
engaged_2183.jpg,engaged_2111.jpg,engaged,0,0,high_confidence
engaged_2183.jpg,engaged_2116.jpg,engaged,0,0,high_confidence
engaged_2183.jpg,engaged_2125.jpg,engaged,0,0,high_confidence
engaged_2183.jpg,engaged_2156.jpg,engaged,0,0,high_confidence
engaged_2183.jpg,engaged_2181.jpg,engaged,0,0,high_confidence
engaged_2183.jpg,engaged_2191.jpg,engaged,0,0,high_confidence
engaged_2183.jpg,engaged_2198.jpg,engaged,0,0,high_confidence
engaged_2183.jpg,engaged_2203.jpg,engaged,0,0,high_confidence
engaged_2183.jpg,engaged_2214.jpg,engaged,0,0,high_confidence
engaged_2183.jpg,engaged_2216.jpg,engaged,0,0,high_confidence
engaged_2184.jpg,engaged_2185.jpg,engaged,0,0,high_confidence
engaged_2184.jpg,engaged_2187.jpg,engaged,0,0,high_confidence
engaged_2184.jpg,engaged_2188.jpg,engaged,0,0,high_confidence
engaged_2184.jpg,engaged_2189.jpg,engaged,0,0,high_confidence
engaged_2184.jpg,engaged_2190.jpg,engaged,0,0,high_confidence
engaged_2184.jpg,engaged_2192.jpg,engaged,0,0,high_confidence
engaged_2184.jpg,engaged_2194.jpg,engaged,0,0,high_confidence
engaged_2184.jpg,engaged_2199.jpg,engaged,0,0,high_confidence
engaged_2184.jpg,engaged_2200.jpg,engaged,0,0,high_confidence
engaged_2184.jpg,engaged_2201.jpg,engaged,0,0,high_confidence
engaged_2184.jpg,engaged_2202.jpg,engaged,0,0,high_confidence
engaged_2184.jpg,engaged_2204.jpg,engaged,0,0,high_confidence
engaged_2184.jpg,engaged_2210.jpg,engaged,0,0,high_confidence
engaged_2184.jpg,engaged_2211.jpg,engaged,0,0,high_confidence
engaged_2184.jpg,engaged_2212.jpg,engaged,0,0,high_confidence
engaged_2184.jpg,engaged_2215.jpg,engaged,0,0,high_confidence
engaged_2184.jpg,engaged_1775.jpg,engaged,1,0,high_confidence
engaged_2184.jpg,engaged_1779.jpg,engaged,1,0,high_confidence
engaged_2184.jpg,engaged_1836.jpg,engaged,0,0,high_confidence
engaged_2184.jpg,engaged_1867.jpg,engaged,1,0,high_confidence
engaged_2184.jpg,engaged_1979.jpg,engaged,1,0,high_confidence
engaged_2184.jpg,engaged_2045.jpg,engaged,1,0,high_confidence
engaged_2184.jpg,engaged_2079.jpg,engaged,0,0,high_confidence
engaged_2184.jpg,engaged_2080.jpg,engaged,0,0,high_confidence
engaged_2184.jpg,engaged_2086.jpg,engaged,0,0,high_confidence
engaged_2184.jpg,engaged_2096.jpg,engaged,0,0,high_confidence
engaged_2184.jpg,engaged_2103.jpg,engaged,0,0,high_confidence
engaged_2184.jpg,engaged_2121.jpg,engaged,0,0,high_confidence
engaged_2184.jpg,engaged_2136.jpg,engaged,0,0,high_confidence
engaged_2184.jpg,engaged_2166.jpg,engaged,0,0,high_confidence
engaged_2184.jpg,engaged_2172.jpg,engaged,0,0,high_confidence
engaged_2184.jpg,engaged_2213.jpg,engaged,0,0,high_confidence
engaged_2184.jpg,engaged_1806.jpg,engaged,1,0,high_confidence
engaged_2184.jpg,engaged_1860.jpg,engaged,1,0,high_confidence
engaged_2184.jpg,engaged_1916.jpg,engaged,1,0,high_confidence
engaged_2184.jpg,engaged_1925.jpg,engaged,1,0,high_confidence
engaged_2184.jpg,engaged_1982.jpg,engaged,1,0,high_confidence
engaged_2184.jpg,engaged_2048.jpg,engaged,1,0,high_confidence
engaged_2184.jpg,engaged_2073.jpg,engaged,0,0,high_confidence
engaged_2184.jpg,engaged_2081.jpg,engaged,0,0,high_confidence
engaged_2184.jpg,engaged_2092.jpg,engaged,0,0,high_confidence
engaged_2184.jpg,engaged_2106.jpg,engaged,0,0,high_confidence
engaged_2184.jpg,engaged_2111.jpg,engaged,0,0,high_confidence
engaged_2184.jpg,engaged_2116.jpg,engaged,0,0,high_confidence
engaged_2184.jpg,engaged_2125.jpg,engaged,0,0,high_confidence
engaged_2184.jpg,engaged_2156.jpg,engaged,0,0,high_confidence
engaged_2184.jpg,engaged_2181.jpg,engaged,0,0,high_confidence
engaged_2184.jpg,engaged_2191.jpg,engaged,0,0,high_confidence
engaged_2184.jpg,engaged_2198.jpg,engaged,0,0,high_confidence
engaged_2184.jpg,engaged_2203.jpg,engaged,0,0,high_confidence
engaged_2184.jpg,engaged_2214.jpg,engaged,0,0,high_confidence
engaged_2184.jpg,engaged_2216.jpg,engaged,0,0,high_confidence
engaged_2185.jpg,engaged_2187.jpg,engaged,0,0,high_confidence
engaged_2185.jpg,engaged_2188.jpg,engaged,0,0,high_confidence
engaged_2185.jpg,engaged_2189.jpg,engaged,0,0,high_confidence
engaged_2185.jpg,engaged_2190.jpg,engaged,0,0,high_confidence
engaged_2185.jpg,engaged_2192.jpg,engaged,0,0,high_confidence
engaged_2185.jpg,engaged_2194.jpg,engaged,0,0,high_confidence
engaged_2185.jpg,engaged_2199.jpg,engaged,0,0,high_confidence
engaged_2185.jpg,engaged_2200.jpg,engaged,0,0,high_confidence
engaged_2185.jpg,engaged_2201.jpg,engaged,0,0,high_confidence
engaged_2185.jpg,engaged_2202.jpg,engaged,0,0,high_confidence
engaged_2185.jpg,engaged_2204.jpg,engaged,0,0,high_confidence
engaged_2185.jpg,engaged_2210.jpg,engaged,0,0,high_confidence
engaged_2185.jpg,engaged_2211.jpg,engaged,0,0,high_confidence
engaged_2185.jpg,engaged_2212.jpg,engaged,0,0,high_confidence
engaged_2185.jpg,engaged_2215.jpg,engaged,0,0,high_confidence
engaged_2185.jpg,engaged_1775.jpg,engaged,1,0,high_confidence
engaged_2185.jpg,engaged_1779.jpg,engaged,1,0,high_confidence
engaged_2185.jpg,engaged_1836.jpg,engaged,0,0,high_confidence
engaged_2185.jpg,engaged_1867.jpg,engaged,1,0,high_confidence
engaged_2185.jpg,engaged_1979.jpg,engaged,1,0,high_confidence
engaged_2185.jpg,engaged_2045.jpg,engaged,1,0,high_confidence
engaged_2185.jpg,engaged_2079.jpg,engaged,0,0,high_confidence
engaged_2185.jpg,engaged_2080.jpg,engaged,0,0,high_confidence
engaged_2185.jpg,engaged_2086.jpg,engaged,0,0,high_confidence
engaged_2185.jpg,engaged_2096.jpg,engaged,0,0,high_confidence
engaged_2185.jpg,engaged_2103.jpg,engaged,0,0,high_confidence
engaged_2185.jpg,engaged_2121.jpg,engaged,0,0,high_confidence
engaged_2185.jpg,engaged_2136.jpg,engaged,0,0,high_confidence
engaged_2185.jpg,engaged_2166.jpg,engaged,0,0,high_confidence
engaged_2185.jpg,engaged_2172.jpg,engaged,0,0,high_confidence
engaged_2185.jpg,engaged_2213.jpg,engaged,0,0,high_confidence
engaged_2185.jpg,engaged_1806.jpg,engaged,1,0,high_confidence
engaged_2185.jpg,engaged_1860.jpg,engaged,1,0,high_confidence
engaged_2185.jpg,engaged_1916.jpg,engaged,1,0,high_confidence
engaged_2185.jpg,engaged_1925.jpg,engaged,1,0,high_confidence
engaged_2185.jpg,engaged_1982.jpg,engaged,1,0,high_confidence
engaged_2185.jpg,engaged_2048.jpg,engaged,1,0,high_confidence
engaged_2185.jpg,engaged_2073.jpg,engaged,0,0,high_confidence
engaged_2185.jpg,engaged_2081.jpg,engaged,0,0,high_confidence
engaged_2185.jpg,engaged_2092.jpg,engaged,0,0,high_confidence
engaged_2185.jpg,engaged_2106.jpg,engaged,0,0,high_confidence
engaged_2185.jpg,engaged_2111.jpg,engaged,0,0,high_confidence
engaged_2185.jpg,engaged_2116.jpg,engaged,0,0,high_confidence
engaged_2185.jpg,engaged_2125.jpg,engaged,0,0,high_confidence
engaged_2185.jpg,engaged_2156.jpg,engaged,0,0,high_confidence
engaged_2185.jpg,engaged_2181.jpg,engaged,0,0,high_confidence
engaged_2185.jpg,engaged_2191.jpg,engaged,0,0,high_confidence
engaged_2185.jpg,engaged_2198.jpg,engaged,0,0,high_confidence
engaged_2185.jpg,engaged_2203.jpg,engaged,0,0,high_confidence
engaged_2185.jpg,engaged_2214.jpg,engaged,0,0,high_confidence
engaged_2185.jpg,engaged_2216.jpg,engaged,0,0,high_confidence
engaged_2187.jpg,engaged_2188.jpg,engaged,0,0,high_confidence
engaged_2187.jpg,engaged_2189.jpg,engaged,0,0,high_confidence
engaged_2187.jpg,engaged_2190.jpg,engaged,0,0,high_confidence
engaged_2187.jpg,engaged_2192.jpg,engaged,0,0,high_confidence
engaged_2187.jpg,engaged_2194.jpg,engaged,0,0,high_confidence
engaged_2187.jpg,engaged_2199.jpg,engaged,0,0,high_confidence
engaged_2187.jpg,engaged_2200.jpg,engaged,0,0,high_confidence
engaged_2187.jpg,engaged_2201.jpg,engaged,0,0,high_confidence
engaged_2187.jpg,engaged_2202.jpg,engaged,0,0,high_confidence
engaged_2187.jpg,engaged_2204.jpg,engaged,0,0,high_confidence
engaged_2187.jpg,engaged_2210.jpg,engaged,0,0,high_confidence
engaged_2187.jpg,engaged_2211.jpg,engaged,0,0,high_confidence
engaged_2187.jpg,engaged_2212.jpg,engaged,0,0,high_confidence
engaged_2187.jpg,engaged_2215.jpg,engaged,0,0,high_confidence
engaged_2187.jpg,engaged_1775.jpg,engaged,1,0,high_confidence
engaged_2187.jpg,engaged_1779.jpg,engaged,1,0,high_confidence
engaged_2187.jpg,engaged_1836.jpg,engaged,0,0,high_confidence
engaged_2187.jpg,engaged_1867.jpg,engaged,1,0,high_confidence
engaged_2187.jpg,engaged_1979.jpg,engaged,1,0,high_confidence
engaged_2187.jpg,engaged_2045.jpg,engaged,1,0,high_confidence
engaged_2187.jpg,engaged_2079.jpg,engaged,0,0,high_confidence
engaged_2187.jpg,engaged_2080.jpg,engaged,0,0,high_confidence
engaged_2187.jpg,engaged_2086.jpg,engaged,0,0,high_confidence
engaged_2187.jpg,engaged_2096.jpg,engaged,0,0,high_confidence
engaged_2187.jpg,engaged_2103.jpg,engaged,0,0,high_confidence
engaged_2187.jpg,engaged_2121.jpg,engaged,0,0,high_confidence
engaged_2187.jpg,engaged_2136.jpg,engaged,0,0,high_confidence
engaged_2187.jpg,engaged_2166.jpg,engaged,0,0,high_confidence
engaged_2187.jpg,engaged_2172.jpg,engaged,0,0,high_confidence
engaged_2187.jpg,engaged_2213.jpg,engaged,0,0,high_confidence
engaged_2187.jpg,engaged_1806.jpg,engaged,1,0,high_confidence
engaged_2187.jpg,engaged_1860.jpg,engaged,1,0,high_confidence
engaged_2187.jpg,engaged_1916.jpg,engaged,1,0,high_confidence
engaged_2187.jpg,engaged_1925.jpg,engaged,1,0,high_confidence
engaged_2187.jpg,engaged_1982.jpg,engaged,1,0,high_confidence
engaged_2187.jpg,engaged_2048.jpg,engaged,1,0,high_confidence
engaged_2187.jpg,engaged_2073.jpg,engaged,0,0,high_confidence
engaged_2187.jpg,engaged_2081.jpg,engaged,0,0,high_confidence
engaged_2187.jpg,engaged_2092.jpg,engaged,0,0,high_confidence
engaged_2187.jpg,engaged_2106.jpg,engaged,0,0,high_confidence
engaged_2187.jpg,engaged_2111.jpg,engaged,0,0,high_confidence
engaged_2187.jpg,engaged_2116.jpg,engaged,0,0,high_confidence
engaged_2187.jpg,engaged_2125.jpg,engaged,0,0,high_confidence
engaged_2187.jpg,engaged_2156.jpg,engaged,0,0,high_confidence
engaged_2187.jpg,engaged_2181.jpg,engaged,0,0,high_confidence
engaged_2187.jpg,engaged_2191.jpg,engaged,0,0,high_confidence
engaged_2187.jpg,engaged_2198.jpg,engaged,0,0,high_confidence
engaged_2187.jpg,engaged_2203.jpg,engaged,0,0,high_confidence
engaged_2187.jpg,engaged_2214.jpg,engaged,0,0,high_confidence
engaged_2187.jpg,engaged_2216.jpg,engaged,0,0,high_confidence
engaged_2188.jpg,engaged_2189.jpg,engaged,0,0,high_confidence
engaged_2188.jpg,engaged_2190.jpg,engaged,0,0,high_confidence
engaged_2188.jpg,engaged_2192.jpg,engaged,0,0,high_confidence
engaged_2188.jpg,engaged_2194.jpg,engaged,0,0,high_confidence
engaged_2188.jpg,engaged_2199.jpg,engaged,0,0,high_confidence
engaged_2188.jpg,engaged_2200.jpg,engaged,0,0,high_confidence
engaged_2188.jpg,engaged_2201.jpg,engaged,0,0,high_confidence
engaged_2188.jpg,engaged_2202.jpg,engaged,0,0,high_confidence
engaged_2188.jpg,engaged_2204.jpg,engaged,0,0,high_confidence
engaged_2188.jpg,engaged_2210.jpg,engaged,0,0,high_confidence
engaged_2188.jpg,engaged_2211.jpg,engaged,0,0,high_confidence
engaged_2188.jpg,engaged_2212.jpg,engaged,0,0,high_confidence
engaged_2188.jpg,engaged_2215.jpg,engaged,0,0,high_confidence
engaged_2188.jpg,engaged_1775.jpg,engaged,1,0,high_confidence
engaged_2188.jpg,engaged_1779.jpg,engaged,1,0,high_confidence
engaged_2188.jpg,engaged_1836.jpg,engaged,0,0,high_confidence
engaged_2188.jpg,engaged_1867.jpg,engaged,1,0,high_confidence
engaged_2188.jpg,engaged_1979.jpg,engaged,1,0,high_confidence
engaged_2188.jpg,engaged_2045.jpg,engaged,1,0,high_confidence
engaged_2188.jpg,engaged_2079.jpg,engaged,0,0,high_confidence
engaged_2188.jpg,engaged_2080.jpg,engaged,0,0,high_confidence
engaged_2188.jpg,engaged_2086.jpg,engaged,0,0,high_confidence
engaged_2188.jpg,engaged_2096.jpg,engaged,0,0,high_confidence
engaged_2188.jpg,engaged_2103.jpg,engaged,0,0,high_confidence
engaged_2188.jpg,engaged_2121.jpg,engaged,0,0,high_confidence
engaged_2188.jpg,engaged_2136.jpg,engaged,0,0,high_confidence
engaged_2188.jpg,engaged_2166.jpg,engaged,0,0,high_confidence
engaged_2188.jpg,engaged_2172.jpg,engaged,0,0,high_confidence
engaged_2188.jpg,engaged_2213.jpg,engaged,0,0,high_confidence
engaged_2188.jpg,engaged_1806.jpg,engaged,1,0,high_confidence
engaged_2188.jpg,engaged_1860.jpg,engaged,1,0,high_confidence
engaged_2188.jpg,engaged_1916.jpg,engaged,1,0,high_confidence
engaged_2188.jpg,engaged_1925.jpg,engaged,1,0,high_confidence
engaged_2188.jpg,engaged_1982.jpg,engaged,1,0,high_confidence
engaged_2188.jpg,engaged_2048.jpg,engaged,1,0,high_confidence
engaged_2188.jpg,engaged_2073.jpg,engaged,0,0,high_confidence
engaged_2188.jpg,engaged_2081.jpg,engaged,0,0,high_confidence
engaged_2188.jpg,engaged_2092.jpg,engaged,0,0,high_confidence
engaged_2188.jpg,engaged_2106.jpg,engaged,0,0,high_confidence
engaged_2188.jpg,engaged_2111.jpg,engaged,0,0,high_confidence
engaged_2188.jpg,engaged_2116.jpg,engaged,0,0,high_confidence
engaged_2188.jpg,engaged_2125.jpg,engaged,0,0,high_confidence
engaged_2188.jpg,engaged_2156.jpg,engaged,0,0,high_confidence
engaged_2188.jpg,engaged_2181.jpg,engaged,0,0,high_confidence
engaged_2188.jpg,engaged_2191.jpg,engaged,0,0,high_confidence
engaged_2188.jpg,engaged_2198.jpg,engaged,0,0,high_confidence
engaged_2188.jpg,engaged_2203.jpg,engaged,0,0,high_confidence
engaged_2188.jpg,engaged_2214.jpg,engaged,0,0,high_confidence
engaged_2188.jpg,engaged_2216.jpg,engaged,0,0,high_confidence
engaged_2189.jpg,engaged_2190.jpg,engaged,0,0,high_confidence
engaged_2189.jpg,engaged_2192.jpg,engaged,0,0,high_confidence
engaged_2189.jpg,engaged_2194.jpg,engaged,0,0,high_confidence
engaged_2189.jpg,engaged_2199.jpg,engaged,0,0,high_confidence
engaged_2189.jpg,engaged_2200.jpg,engaged,0,0,high_confidence
engaged_2189.jpg,engaged_2201.jpg,engaged,0,0,high_confidence
engaged_2189.jpg,engaged_2202.jpg,engaged,0,0,high_confidence
engaged_2189.jpg,engaged_2204.jpg,engaged,0,0,high_confidence
engaged_2189.jpg,engaged_2210.jpg,engaged,0,0,high_confidence
engaged_2189.jpg,engaged_2211.jpg,engaged,0,0,high_confidence
engaged_2189.jpg,engaged_2212.jpg,engaged,0,0,high_confidence
engaged_2189.jpg,engaged_2215.jpg,engaged,0,0,high_confidence
engaged_2189.jpg,engaged_1775.jpg,engaged,1,0,high_confidence
engaged_2189.jpg,engaged_1779.jpg,engaged,1,0,high_confidence
engaged_2189.jpg,engaged_1836.jpg,engaged,0,0,high_confidence
engaged_2189.jpg,engaged_1867.jpg,engaged,1,0,high_confidence
engaged_2189.jpg,engaged_1979.jpg,engaged,1,0,high_confidence
engaged_2189.jpg,engaged_2045.jpg,engaged,1,0,high_confidence
engaged_2189.jpg,engaged_2079.jpg,engaged,0,0,high_confidence
engaged_2189.jpg,engaged_2080.jpg,engaged,0,0,high_confidence
engaged_2189.jpg,engaged_2086.jpg,engaged,0,0,high_confidence
engaged_2189.jpg,engaged_2096.jpg,engaged,0,0,high_confidence
engaged_2189.jpg,engaged_2103.jpg,engaged,0,0,high_confidence
engaged_2189.jpg,engaged_2121.jpg,engaged,0,0,high_confidence
engaged_2189.jpg,engaged_2136.jpg,engaged,0,0,high_confidence
engaged_2189.jpg,engaged_2166.jpg,engaged,0,0,high_confidence
engaged_2189.jpg,engaged_2172.jpg,engaged,0,0,high_confidence
engaged_2189.jpg,engaged_2213.jpg,engaged,0,0,high_confidence
engaged_2189.jpg,engaged_1806.jpg,engaged,1,0,high_confidence
engaged_2189.jpg,engaged_1860.jpg,engaged,1,0,high_confidence
engaged_2189.jpg,engaged_1916.jpg,engaged,1,0,high_confidence
engaged_2189.jpg,engaged_1925.jpg,engaged,1,0,high_confidence
engaged_2189.jpg,engaged_1982.jpg,engaged,1,0,high_confidence
engaged_2189.jpg,engaged_2048.jpg,engaged,1,0,high_confidence
engaged_2189.jpg,engaged_2073.jpg,engaged,0,0,high_confidence
engaged_2189.jpg,engaged_2081.jpg,engaged,0,0,high_confidence
engaged_2189.jpg,engaged_2092.jpg,engaged,0,0,high_confidence
engaged_2189.jpg,engaged_2106.jpg,engaged,0,0,high_confidence
engaged_2189.jpg,engaged_2111.jpg,engaged,0,0,high_confidence
engaged_2189.jpg,engaged_2116.jpg,engaged,0,0,high_confidence
engaged_2189.jpg,engaged_2125.jpg,engaged,0,0,high_confidence
engaged_2189.jpg,engaged_2156.jpg,engaged,0,0,high_confidence
engaged_2189.jpg,engaged_2181.jpg,engaged,0,0,high_confidence
engaged_2189.jpg,engaged_2191.jpg,engaged,0,0,high_confidence
engaged_2189.jpg,engaged_2198.jpg,engaged,0,0,high_confidence
engaged_2189.jpg,engaged_2203.jpg,engaged,0,0,high_confidence
engaged_2189.jpg,engaged_2214.jpg,engaged,0,0,high_confidence
engaged_2189.jpg,engaged_2216.jpg,engaged,0,0,high_confidence
engaged_2190.jpg,engaged_2192.jpg,engaged,0,0,high_confidence
engaged_2190.jpg,engaged_2194.jpg,engaged,0,0,high_confidence
engaged_2190.jpg,engaged_2199.jpg,engaged,0,0,high_confidence
engaged_2190.jpg,engaged_2200.jpg,engaged,0,0,high_confidence
engaged_2190.jpg,engaged_2201.jpg,engaged,0,0,high_confidence
engaged_2190.jpg,engaged_2202.jpg,engaged,0,0,high_confidence
engaged_2190.jpg,engaged_2204.jpg,engaged,0,0,high_confidence
engaged_2190.jpg,engaged_2210.jpg,engaged,0,0,high_confidence
engaged_2190.jpg,engaged_2211.jpg,engaged,0,0,high_confidence
engaged_2190.jpg,engaged_2212.jpg,engaged,0,0,high_confidence
engaged_2190.jpg,engaged_2215.jpg,engaged,0,0,high_confidence
engaged_2190.jpg,engaged_1775.jpg,engaged,1,0,high_confidence
engaged_2190.jpg,engaged_1779.jpg,engaged,1,0,high_confidence
engaged_2190.jpg,engaged_1836.jpg,engaged,0,0,high_confidence
engaged_2190.jpg,engaged_1867.jpg,engaged,1,0,high_confidence
engaged_2190.jpg,engaged_1979.jpg,engaged,1,0,high_confidence
engaged_2190.jpg,engaged_2045.jpg,engaged,1,0,high_confidence
engaged_2190.jpg,engaged_2079.jpg,engaged,0,0,high_confidence
engaged_2190.jpg,engaged_2080.jpg,engaged,0,0,high_confidence
engaged_2190.jpg,engaged_2086.jpg,engaged,0,0,high_confidence
engaged_2190.jpg,engaged_2096.jpg,engaged,0,0,high_confidence
engaged_2190.jpg,engaged_2103.jpg,engaged,0,0,high_confidence
engaged_2190.jpg,engaged_2121.jpg,engaged,0,0,high_confidence
engaged_2190.jpg,engaged_2136.jpg,engaged,0,0,high_confidence
engaged_2190.jpg,engaged_2166.jpg,engaged,0,0,high_confidence
engaged_2190.jpg,engaged_2172.jpg,engaged,0,0,high_confidence
engaged_2190.jpg,engaged_2213.jpg,engaged,0,0,high_confidence
engaged_2190.jpg,engaged_1806.jpg,engaged,1,0,high_confidence
engaged_2190.jpg,engaged_1860.jpg,engaged,1,0,high_confidence
engaged_2190.jpg,engaged_1916.jpg,engaged,1,0,high_confidence
engaged_2190.jpg,engaged_1925.jpg,engaged,1,0,high_confidence
engaged_2190.jpg,engaged_1982.jpg,engaged,1,0,high_confidence
engaged_2190.jpg,engaged_2048.jpg,engaged,1,0,high_confidence
engaged_2190.jpg,engaged_2073.jpg,engaged,0,0,high_confidence
engaged_2190.jpg,engaged_2081.jpg,engaged,0,0,high_confidence
engaged_2190.jpg,engaged_2092.jpg,engaged,0,0,high_confidence
engaged_2190.jpg,engaged_2106.jpg,engaged,0,0,high_confidence
engaged_2190.jpg,engaged_2111.jpg,engaged,0,0,high_confidence
engaged_2190.jpg,engaged_2116.jpg,engaged,0,0,high_confidence
engaged_2190.jpg,engaged_2125.jpg,engaged,0,0,high_confidence
engaged_2190.jpg,engaged_2156.jpg,engaged,0,0,high_confidence
engaged_2190.jpg,engaged_2181.jpg,engaged,0,0,high_confidence
engaged_2190.jpg,engaged_2191.jpg,engaged,0,0,high_confidence
engaged_2190.jpg,engaged_2198.jpg,engaged,0,0,high_confidence
engaged_2190.jpg,engaged_2203.jpg,engaged,0,0,high_confidence
engaged_2190.jpg,engaged_2214.jpg,engaged,0,0,high_confidence
engaged_2190.jpg,engaged_2216.jpg,engaged,0,0,high_confidence
engaged_2192.jpg,engaged_2194.jpg,engaged,0,0,high_confidence
engaged_2192.jpg,engaged_2199.jpg,engaged,0,0,high_confidence
engaged_2192.jpg,engaged_2200.jpg,engaged,0,0,high_confidence
engaged_2192.jpg,engaged_2201.jpg,engaged,0,0,high_confidence
engaged_2192.jpg,engaged_2202.jpg,engaged,0,0,high_confidence
engaged_2192.jpg,engaged_2204.jpg,engaged,0,0,high_confidence
engaged_2192.jpg,engaged_2210.jpg,engaged,0,0,high_confidence
engaged_2192.jpg,engaged_2211.jpg,engaged,0,0,high_confidence
engaged_2192.jpg,engaged_2212.jpg,engaged,0,0,high_confidence
engaged_2192.jpg,engaged_2215.jpg,engaged,0,0,high_confidence
engaged_2192.jpg,engaged_1775.jpg,engaged,1,0,high_confidence
engaged_2192.jpg,engaged_1779.jpg,engaged,1,0,high_confidence
engaged_2192.jpg,engaged_1836.jpg,engaged,0,0,high_confidence
engaged_2192.jpg,engaged_1867.jpg,engaged,1,0,high_confidence
engaged_2192.jpg,engaged_1979.jpg,engaged,1,0,high_confidence
engaged_2192.jpg,engaged_2045.jpg,engaged,1,0,high_confidence
engaged_2192.jpg,engaged_2079.jpg,engaged,0,0,high_confidence
engaged_2192.jpg,engaged_2080.jpg,engaged,0,0,high_confidence
engaged_2192.jpg,engaged_2086.jpg,engaged,0,0,high_confidence
engaged_2192.jpg,engaged_2096.jpg,engaged,0,0,high_confidence
engaged_2192.jpg,engaged_2103.jpg,engaged,0,0,high_confidence
engaged_2192.jpg,engaged_2121.jpg,engaged,0,0,high_confidence
engaged_2192.jpg,engaged_2136.jpg,engaged,0,0,high_confidence
engaged_2192.jpg,engaged_2166.jpg,engaged,0,0,high_confidence
engaged_2192.jpg,engaged_2172.jpg,engaged,0,0,high_confidence
engaged_2192.jpg,engaged_2213.jpg,engaged,0,0,high_confidence
engaged_2192.jpg,engaged_1806.jpg,engaged,1,0,high_confidence
engaged_2192.jpg,engaged_1860.jpg,engaged,1,0,high_confidence
engaged_2192.jpg,engaged_1916.jpg,engaged,1,0,high_confidence
engaged_2192.jpg,engaged_1925.jpg,engaged,1,0,high_confidence
engaged_2192.jpg,engaged_1982.jpg,engaged,1,0,high_confidence
engaged_2192.jpg,engaged_2048.jpg,engaged,1,0,high_confidence
engaged_2192.jpg,engaged_2073.jpg,engaged,0,0,high_confidence
engaged_2192.jpg,engaged_2081.jpg,engaged,0,0,high_confidence
engaged_2192.jpg,engaged_2092.jpg,engaged,0,0,high_confidence
engaged_2192.jpg,engaged_2106.jpg,engaged,0,0,high_confidence
engaged_2192.jpg,engaged_2111.jpg,engaged,0,0,high_confidence
engaged_2192.jpg,engaged_2116.jpg,engaged,0,0,high_confidence
engaged_2192.jpg,engaged_2125.jpg,engaged,0,0,high_confidence
engaged_2192.jpg,engaged_2156.jpg,engaged,0,0,high_confidence
engaged_2192.jpg,engaged_2181.jpg,engaged,0,0,high_confidence
engaged_2192.jpg,engaged_2191.jpg,engaged,0,0,high_confidence
engaged_2192.jpg,engaged_2198.jpg,engaged,0,0,high_confidence
engaged_2192.jpg,engaged_2203.jpg,engaged,0,0,high_confidence
engaged_2192.jpg,engaged_2214.jpg,engaged,0,0,high_confidence
engaged_2192.jpg,engaged_2216.jpg,engaged,0,0,high_confidence
engaged_2194.jpg,engaged_2199.jpg,engaged,0,0,high_confidence
engaged_2194.jpg,engaged_2200.jpg,engaged,0,0,high_confidence
engaged_2194.jpg,engaged_2201.jpg,engaged,0,0,high_confidence
engaged_2194.jpg,engaged_2202.jpg,engaged,0,0,high_confidence
engaged_2194.jpg,engaged_2204.jpg,engaged,0,0,high_confidence
engaged_2194.jpg,engaged_2210.jpg,engaged,0,0,high_confidence
engaged_2194.jpg,engaged_2211.jpg,engaged,0,0,high_confidence
engaged_2194.jpg,engaged_2212.jpg,engaged,0,0,high_confidence
engaged_2194.jpg,engaged_2215.jpg,engaged,0,0,high_confidence
engaged_2194.jpg,engaged_1775.jpg,engaged,1,0,high_confidence
engaged_2194.jpg,engaged_1779.jpg,engaged,1,0,high_confidence
engaged_2194.jpg,engaged_1836.jpg,engaged,0,0,high_confidence
engaged_2194.jpg,engaged_1867.jpg,engaged,1,0,high_confidence
engaged_2194.jpg,engaged_1979.jpg,engaged,1,0,high_confidence
engaged_2194.jpg,engaged_2045.jpg,engaged,1,0,high_confidence
engaged_2194.jpg,engaged_2079.jpg,engaged,0,0,high_confidence
engaged_2194.jpg,engaged_2080.jpg,engaged,0,0,high_confidence
engaged_2194.jpg,engaged_2086.jpg,engaged,0,0,high_confidence
engaged_2194.jpg,engaged_2096.jpg,engaged,0,0,high_confidence
engaged_2194.jpg,engaged_2103.jpg,engaged,0,0,high_confidence
engaged_2194.jpg,engaged_2121.jpg,engaged,0,0,high_confidence
engaged_2194.jpg,engaged_2136.jpg,engaged,0,0,high_confidence
engaged_2194.jpg,engaged_2166.jpg,engaged,0,0,high_confidence
engaged_2194.jpg,engaged_2172.jpg,engaged,0,0,high_confidence
engaged_2194.jpg,engaged_2213.jpg,engaged,0,0,high_confidence
engaged_2194.jpg,engaged_1806.jpg,engaged,1,0,high_confidence
engaged_2194.jpg,engaged_1860.jpg,engaged,1,0,high_confidence
engaged_2194.jpg,engaged_1916.jpg,engaged,1,0,high_confidence
engaged_2194.jpg,engaged_1925.jpg,engaged,1,0,high_confidence
engaged_2194.jpg,engaged_1982.jpg,engaged,1,0,high_confidence
engaged_2194.jpg,engaged_2048.jpg,engaged,1,0,high_confidence
engaged_2194.jpg,engaged_2073.jpg,engaged,0,0,high_confidence
engaged_2194.jpg,engaged_2081.jpg,engaged,0,0,high_confidence
engaged_2194.jpg,engaged_2092.jpg,engaged,0,0,high_confidence
engaged_2194.jpg,engaged_2106.jpg,engaged,0,0,high_confidence
engaged_2194.jpg,engaged_2111.jpg,engaged,0,0,high_confidence
engaged_2194.jpg,engaged_2116.jpg,engaged,0,0,high_confidence
engaged_2194.jpg,engaged_2125.jpg,engaged,0,0,high_confidence
engaged_2194.jpg,engaged_2156.jpg,engaged,0,0,high_confidence
engaged_2194.jpg,engaged_2181.jpg,engaged,0,0,high_confidence
engaged_2194.jpg,engaged_2191.jpg,engaged,0,0,high_confidence
engaged_2194.jpg,engaged_2198.jpg,engaged,0,0,high_confidence
engaged_2194.jpg,engaged_2203.jpg,engaged,0,0,high_confidence
engaged_2194.jpg,engaged_2214.jpg,engaged,0,0,high_confidence
engaged_2194.jpg,engaged_2216.jpg,engaged,0,0,high_confidence
engaged_2199.jpg,engaged_2200.jpg,engaged,0,0,high_confidence
engaged_2199.jpg,engaged_2201.jpg,engaged,0,0,high_confidence
engaged_2199.jpg,engaged_2202.jpg,engaged,0,0,high_confidence
engaged_2199.jpg,engaged_2204.jpg,engaged,0,0,high_confidence
engaged_2199.jpg,engaged_2210.jpg,engaged,0,0,high_confidence
engaged_2199.jpg,engaged_2211.jpg,engaged,0,0,high_confidence
engaged_2199.jpg,engaged_2212.jpg,engaged,0,0,high_confidence
engaged_2199.jpg,engaged_2215.jpg,engaged,0,0,high_confidence
engaged_2199.jpg,engaged_1775.jpg,engaged,1,0,high_confidence
engaged_2199.jpg,engaged_1779.jpg,engaged,1,0,high_confidence
engaged_2199.jpg,engaged_1836.jpg,engaged,0,0,high_confidence
engaged_2199.jpg,engaged_1867.jpg,engaged,1,0,high_confidence
engaged_2199.jpg,engaged_1979.jpg,engaged,1,0,high_confidence
engaged_2199.jpg,engaged_2045.jpg,engaged,1,0,high_confidence
engaged_2199.jpg,engaged_2079.jpg,engaged,0,0,high_confidence
engaged_2199.jpg,engaged_2080.jpg,engaged,0,0,high_confidence
engaged_2199.jpg,engaged_2086.jpg,engaged,0,0,high_confidence
engaged_2199.jpg,engaged_2096.jpg,engaged,0,0,high_confidence
engaged_2199.jpg,engaged_2103.jpg,engaged,0,0,high_confidence
engaged_2199.jpg,engaged_2121.jpg,engaged,0,0,high_confidence
engaged_2199.jpg,engaged_2136.jpg,engaged,0,0,high_confidence
engaged_2199.jpg,engaged_2166.jpg,engaged,0,0,high_confidence
engaged_2199.jpg,engaged_2172.jpg,engaged,0,0,high_confidence
engaged_2199.jpg,engaged_2213.jpg,engaged,0,0,high_confidence
engaged_2199.jpg,engaged_1806.jpg,engaged,1,0,high_confidence
engaged_2199.jpg,engaged_1860.jpg,engaged,1,0,high_confidence
engaged_2199.jpg,engaged_1916.jpg,engaged,1,0,high_confidence
engaged_2199.jpg,engaged_1925.jpg,engaged,1,0,high_confidence
engaged_2199.jpg,engaged_1982.jpg,engaged,1,0,high_confidence
engaged_2199.jpg,engaged_2048.jpg,engaged,1,0,high_confidence
engaged_2199.jpg,engaged_2073.jpg,engaged,0,0,high_confidence
engaged_2199.jpg,engaged_2081.jpg,engaged,0,0,high_confidence
engaged_2199.jpg,engaged_2092.jpg,engaged,0,0,high_confidence
engaged_2199.jpg,engaged_2106.jpg,engaged,0,0,high_confidence
engaged_2199.jpg,engaged_2111.jpg,engaged,0,0,high_confidence
engaged_2199.jpg,engaged_2116.jpg,engaged,0,0,high_confidence
engaged_2199.jpg,engaged_2125.jpg,engaged,0,0,high_confidence
engaged_2199.jpg,engaged_2156.jpg,engaged,0,0,high_confidence
engaged_2199.jpg,engaged_2181.jpg,engaged,0,0,high_confidence
engaged_2199.jpg,engaged_2191.jpg,engaged,0,0,high_confidence
engaged_2199.jpg,engaged_2198.jpg,engaged,0,0,high_confidence
engaged_2199.jpg,engaged_2203.jpg,engaged,0,0,high_confidence
engaged_2199.jpg,engaged_2214.jpg,engaged,0,0,high_confidence
engaged_2199.jpg,engaged_2216.jpg,engaged,0,0,high_confidence
engaged_2200.jpg,engaged_2201.jpg,engaged,0,0,high_confidence
engaged_2200.jpg,engaged_2202.jpg,engaged,0,0,high_confidence
engaged_2200.jpg,engaged_2204.jpg,engaged,0,0,high_confidence
engaged_2200.jpg,engaged_2210.jpg,engaged,0,0,high_confidence
engaged_2200.jpg,engaged_2211.jpg,engaged,0,0,high_confidence
engaged_2200.jpg,engaged_2212.jpg,engaged,0,0,high_confidence
engaged_2200.jpg,engaged_2215.jpg,engaged,0,0,high_confidence
engaged_2200.jpg,engaged_1775.jpg,engaged,1,0,high_confidence
engaged_2200.jpg,engaged_1779.jpg,engaged,1,0,high_confidence
engaged_2200.jpg,engaged_1836.jpg,engaged,0,0,high_confidence
engaged_2200.jpg,engaged_1867.jpg,engaged,1,0,high_confidence
engaged_2200.jpg,engaged_1979.jpg,engaged,1,0,high_confidence
engaged_2200.jpg,engaged_2045.jpg,engaged,1,0,high_confidence
engaged_2200.jpg,engaged_2079.jpg,engaged,0,0,high_confidence
engaged_2200.jpg,engaged_2080.jpg,engaged,0,0,high_confidence
engaged_2200.jpg,engaged_2086.jpg,engaged,0,0,high_confidence
engaged_2200.jpg,engaged_2096.jpg,engaged,0,0,high_confidence
engaged_2200.jpg,engaged_2103.jpg,engaged,0,0,high_confidence
engaged_2200.jpg,engaged_2121.jpg,engaged,0,0,high_confidence
engaged_2200.jpg,engaged_2136.jpg,engaged,0,0,high_confidence
engaged_2200.jpg,engaged_2166.jpg,engaged,0,0,high_confidence
engaged_2200.jpg,engaged_2172.jpg,engaged,0,0,high_confidence
engaged_2200.jpg,engaged_2213.jpg,engaged,0,0,high_confidence
engaged_2200.jpg,engaged_1806.jpg,engaged,1,0,high_confidence
engaged_2200.jpg,engaged_1860.jpg,engaged,1,0,high_confidence
engaged_2200.jpg,engaged_1916.jpg,engaged,1,0,high_confidence
engaged_2200.jpg,engaged_1925.jpg,engaged,1,0,high_confidence
engaged_2200.jpg,engaged_1982.jpg,engaged,1,0,high_confidence
engaged_2200.jpg,engaged_2048.jpg,engaged,1,0,high_confidence
engaged_2200.jpg,engaged_2073.jpg,engaged,0,0,high_confidence
engaged_2200.jpg,engaged_2081.jpg,engaged,0,0,high_confidence
engaged_2200.jpg,engaged_2092.jpg,engaged,0,0,high_confidence
engaged_2200.jpg,engaged_2106.jpg,engaged,0,0,high_confidence
engaged_2200.jpg,engaged_2111.jpg,engaged,0,0,high_confidence
engaged_2200.jpg,engaged_2116.jpg,engaged,0,0,high_confidence
engaged_2200.jpg,engaged_2125.jpg,engaged,0,0,high_confidence
engaged_2200.jpg,engaged_2156.jpg,engaged,0,0,high_confidence
engaged_2200.jpg,engaged_2181.jpg,engaged,0,0,high_confidence
engaged_2200.jpg,engaged_2191.jpg,engaged,0,0,high_confidence
engaged_2200.jpg,engaged_2198.jpg,engaged,0,0,high_confidence
engaged_2200.jpg,engaged_2203.jpg,engaged,0,0,high_confidence
engaged_2200.jpg,engaged_2214.jpg,engaged,0,0,high_confidence
engaged_2200.jpg,engaged_2216.jpg,engaged,0,0,high_confidence
engaged_2201.jpg,engaged_2202.jpg,engaged,0,0,high_confidence
engaged_2201.jpg,engaged_2204.jpg,engaged,0,0,high_confidence
engaged_2201.jpg,engaged_2210.jpg,engaged,0,0,high_confidence
engaged_2201.jpg,engaged_2211.jpg,engaged,0,0,high_confidence
engaged_2201.jpg,engaged_2212.jpg,engaged,0,0,high_confidence
engaged_2201.jpg,engaged_2215.jpg,engaged,0,0,high_confidence
engaged_2201.jpg,engaged_1775.jpg,engaged,1,0,high_confidence
engaged_2201.jpg,engaged_1779.jpg,engaged,1,0,high_confidence
engaged_2201.jpg,engaged_1836.jpg,engaged,0,0,high_confidence
engaged_2201.jpg,engaged_1867.jpg,engaged,1,0,high_confidence
engaged_2201.jpg,engaged_1979.jpg,engaged,1,0,high_confidence
engaged_2201.jpg,engaged_2045.jpg,engaged,1,0,high_confidence
engaged_2201.jpg,engaged_2079.jpg,engaged,0,0,high_confidence
engaged_2201.jpg,engaged_2080.jpg,engaged,0,0,high_confidence
engaged_2201.jpg,engaged_2086.jpg,engaged,0,0,high_confidence
engaged_2201.jpg,engaged_2096.jpg,engaged,0,0,high_confidence
engaged_2201.jpg,engaged_2103.jpg,engaged,0,0,high_confidence
engaged_2201.jpg,engaged_2121.jpg,engaged,0,0,high_confidence
engaged_2201.jpg,engaged_2136.jpg,engaged,0,0,high_confidence
engaged_2201.jpg,engaged_2166.jpg,engaged,0,0,high_confidence
engaged_2201.jpg,engaged_2172.jpg,engaged,0,0,high_confidence
engaged_2201.jpg,engaged_2213.jpg,engaged,0,0,high_confidence
engaged_2201.jpg,engaged_1806.jpg,engaged,1,0,high_confidence
engaged_2201.jpg,engaged_1860.jpg,engaged,1,0,high_confidence
engaged_2201.jpg,engaged_1916.jpg,engaged,1,0,high_confidence
engaged_2201.jpg,engaged_1925.jpg,engaged,1,0,high_confidence
engaged_2201.jpg,engaged_1982.jpg,engaged,1,0,high_confidence
engaged_2201.jpg,engaged_2048.jpg,engaged,1,0,high_confidence
engaged_2201.jpg,engaged_2073.jpg,engaged,0,0,high_confidence
engaged_2201.jpg,engaged_2081.jpg,engaged,0,0,high_confidence
engaged_2201.jpg,engaged_2092.jpg,engaged,0,0,high_confidence
engaged_2201.jpg,engaged_2106.jpg,engaged,0,0,high_confidence
engaged_2201.jpg,engaged_2111.jpg,engaged,0,0,high_confidence
engaged_2201.jpg,engaged_2116.jpg,engaged,0,0,high_confidence
engaged_2201.jpg,engaged_2125.jpg,engaged,0,0,high_confidence
engaged_2201.jpg,engaged_2156.jpg,engaged,0,0,high_confidence
engaged_2201.jpg,engaged_2181.jpg,engaged,0,0,high_confidence
engaged_2201.jpg,engaged_2191.jpg,engaged,0,0,high_confidence
engaged_2201.jpg,engaged_2198.jpg,engaged,0,0,high_confidence
engaged_2201.jpg,engaged_2203.jpg,engaged,0,0,high_confidence
engaged_2201.jpg,engaged_2214.jpg,engaged,0,0,high_confidence
engaged_2201.jpg,engaged_2216.jpg,engaged,0,0,high_confidence
engaged_2202.jpg,engaged_2204.jpg,engaged,0,0,high_confidence
engaged_2202.jpg,engaged_2210.jpg,engaged,0,0,high_confidence
engaged_2202.jpg,engaged_2211.jpg,engaged,0,0,high_confidence
engaged_2202.jpg,engaged_2212.jpg,engaged,0,0,high_confidence
engaged_2202.jpg,engaged_2215.jpg,engaged,0,0,high_confidence
engaged_2202.jpg,engaged_1775.jpg,engaged,1,0,high_confidence
engaged_2202.jpg,engaged_1779.jpg,engaged,1,0,high_confidence
engaged_2202.jpg,engaged_1836.jpg,engaged,0,0,high_confidence
engaged_2202.jpg,engaged_1867.jpg,engaged,1,0,high_confidence
engaged_2202.jpg,engaged_1979.jpg,engaged,1,0,high_confidence
engaged_2202.jpg,engaged_2045.jpg,engaged,1,0,high_confidence
engaged_2202.jpg,engaged_2079.jpg,engaged,0,0,high_confidence
engaged_2202.jpg,engaged_2080.jpg,engaged,0,0,high_confidence
engaged_2202.jpg,engaged_2086.jpg,engaged,0,0,high_confidence
engaged_2202.jpg,engaged_2096.jpg,engaged,0,0,high_confidence
engaged_2202.jpg,engaged_2103.jpg,engaged,0,0,high_confidence
engaged_2202.jpg,engaged_2121.jpg,engaged,0,0,high_confidence
engaged_2202.jpg,engaged_2136.jpg,engaged,0,0,high_confidence
engaged_2202.jpg,engaged_2166.jpg,engaged,0,0,high_confidence
engaged_2202.jpg,engaged_2172.jpg,engaged,0,0,high_confidence
engaged_2202.jpg,engaged_2213.jpg,engaged,0,0,high_confidence
engaged_2202.jpg,engaged_1806.jpg,engaged,1,0,high_confidence
engaged_2202.jpg,engaged_1860.jpg,engaged,1,0,high_confidence
engaged_2202.jpg,engaged_1916.jpg,engaged,1,0,high_confidence
engaged_2202.jpg,engaged_1925.jpg,engaged,1,0,high_confidence
engaged_2202.jpg,engaged_1982.jpg,engaged,1,0,high_confidence
engaged_2202.jpg,engaged_2048.jpg,engaged,1,0,high_confidence
engaged_2202.jpg,engaged_2073.jpg,engaged,0,0,high_confidence
engaged_2202.jpg,engaged_2081.jpg,engaged,0,0,high_confidence
engaged_2202.jpg,engaged_2092.jpg,engaged,0,0,high_confidence
engaged_2202.jpg,engaged_2106.jpg,engaged,0,0,high_confidence
engaged_2202.jpg,engaged_2111.jpg,engaged,0,0,high_confidence
engaged_2202.jpg,engaged_2116.jpg,engaged,0,0,high_confidence
engaged_2202.jpg,engaged_2125.jpg,engaged,0,0,high_confidence
engaged_2202.jpg,engaged_2156.jpg,engaged,0,0,high_confidence
engaged_2202.jpg,engaged_2181.jpg,engaged,0,0,high_confidence
engaged_2202.jpg,engaged_2191.jpg,engaged,0,0,high_confidence
engaged_2202.jpg,engaged_2198.jpg,engaged,0,0,high_confidence
engaged_2202.jpg,engaged_2203.jpg,engaged,0,0,high_confidence
engaged_2202.jpg,engaged_2214.jpg,engaged,0,0,high_confidence
engaged_2202.jpg,engaged_2216.jpg,engaged,0,0,high_confidence
engaged_2204.jpg,engaged_2210.jpg,engaged,0,0,high_confidence
engaged_2204.jpg,engaged_2211.jpg,engaged,0,0,high_confidence
engaged_2204.jpg,engaged_2212.jpg,engaged,0,0,high_confidence
engaged_2204.jpg,engaged_2215.jpg,engaged,0,0,high_confidence
engaged_2204.jpg,engaged_1775.jpg,engaged,1,0,high_confidence
engaged_2204.jpg,engaged_1779.jpg,engaged,1,0,high_confidence
engaged_2204.jpg,engaged_1836.jpg,engaged,0,0,high_confidence
engaged_2204.jpg,engaged_1867.jpg,engaged,1,0,high_confidence
engaged_2204.jpg,engaged_1979.jpg,engaged,1,0,high_confidence
engaged_2204.jpg,engaged_2045.jpg,engaged,1,0,high_confidence
engaged_2204.jpg,engaged_2079.jpg,engaged,0,0,high_confidence
engaged_2204.jpg,engaged_2080.jpg,engaged,0,0,high_confidence
engaged_2204.jpg,engaged_2086.jpg,engaged,0,0,high_confidence
engaged_2204.jpg,engaged_2096.jpg,engaged,0,0,high_confidence
engaged_2204.jpg,engaged_2103.jpg,engaged,0,0,high_confidence
engaged_2204.jpg,engaged_2121.jpg,engaged,0,0,high_confidence
engaged_2204.jpg,engaged_2136.jpg,engaged,0,0,high_confidence
engaged_2204.jpg,engaged_2166.jpg,engaged,0,0,high_confidence
engaged_2204.jpg,engaged_2172.jpg,engaged,0,0,high_confidence
engaged_2204.jpg,engaged_2213.jpg,engaged,0,0,high_confidence
engaged_2204.jpg,engaged_1806.jpg,engaged,1,0,high_confidence
engaged_2204.jpg,engaged_1860.jpg,engaged,1,0,high_confidence
engaged_2204.jpg,engaged_1916.jpg,engaged,1,0,high_confidence
engaged_2204.jpg,engaged_1925.jpg,engaged,1,0,high_confidence
engaged_2204.jpg,engaged_1982.jpg,engaged,1,0,high_confidence
engaged_2204.jpg,engaged_2048.jpg,engaged,1,0,high_confidence
engaged_2204.jpg,engaged_2073.jpg,engaged,0,0,high_confidence
engaged_2204.jpg,engaged_2081.jpg,engaged,0,0,high_confidence
engaged_2204.jpg,engaged_2092.jpg,engaged,0,0,high_confidence
engaged_2204.jpg,engaged_2106.jpg,engaged,0,0,high_confidence
engaged_2204.jpg,engaged_2111.jpg,engaged,0,0,high_confidence
engaged_2204.jpg,engaged_2116.jpg,engaged,0,0,high_confidence
engaged_2204.jpg,engaged_2125.jpg,engaged,0,0,high_confidence
engaged_2204.jpg,engaged_2156.jpg,engaged,0,0,high_confidence
engaged_2204.jpg,engaged_2181.jpg,engaged,0,0,high_confidence
engaged_2204.jpg,engaged_2191.jpg,engaged,0,0,high_confidence
engaged_2204.jpg,engaged_2198.jpg,engaged,0,0,high_confidence
engaged_2204.jpg,engaged_2203.jpg,engaged,0,0,high_confidence
engaged_2204.jpg,engaged_2214.jpg,engaged,0,0,high_confidence
engaged_2204.jpg,engaged_2216.jpg,engaged,0,0,high_confidence
engaged_2210.jpg,engaged_2211.jpg,engaged,0,0,high_confidence
engaged_2210.jpg,engaged_2212.jpg,engaged,0,0,high_confidence
engaged_2210.jpg,engaged_2215.jpg,engaged,0,0,high_confidence
engaged_2210.jpg,engaged_1775.jpg,engaged,1,0,high_confidence
engaged_2210.jpg,engaged_1779.jpg,engaged,1,0,high_confidence
engaged_2210.jpg,engaged_1836.jpg,engaged,0,0,high_confidence
engaged_2210.jpg,engaged_1867.jpg,engaged,1,0,high_confidence
engaged_2210.jpg,engaged_1979.jpg,engaged,1,0,high_confidence
engaged_2210.jpg,engaged_2045.jpg,engaged,1,0,high_confidence
engaged_2210.jpg,engaged_2079.jpg,engaged,0,0,high_confidence
engaged_2210.jpg,engaged_2080.jpg,engaged,0,0,high_confidence
engaged_2210.jpg,engaged_2086.jpg,engaged,0,0,high_confidence
engaged_2210.jpg,engaged_2096.jpg,engaged,0,0,high_confidence
engaged_2210.jpg,engaged_2103.jpg,engaged,0,0,high_confidence
engaged_2210.jpg,engaged_2121.jpg,engaged,0,0,high_confidence
engaged_2210.jpg,engaged_2136.jpg,engaged,0,0,high_confidence
engaged_2210.jpg,engaged_2166.jpg,engaged,0,0,high_confidence
engaged_2210.jpg,engaged_2172.jpg,engaged,0,0,high_confidence
engaged_2210.jpg,engaged_2213.jpg,engaged,0,0,high_confidence
engaged_2210.jpg,engaged_1806.jpg,engaged,1,0,high_confidence
engaged_2210.jpg,engaged_1860.jpg,engaged,1,0,high_confidence
engaged_2210.jpg,engaged_1916.jpg,engaged,1,0,high_confidence
engaged_2210.jpg,engaged_1925.jpg,engaged,1,0,high_confidence
engaged_2210.jpg,engaged_1982.jpg,engaged,1,0,high_confidence
engaged_2210.jpg,engaged_2048.jpg,engaged,1,0,high_confidence
engaged_2210.jpg,engaged_2073.jpg,engaged,0,0,high_confidence
engaged_2210.jpg,engaged_2081.jpg,engaged,0,0,high_confidence
engaged_2210.jpg,engaged_2092.jpg,engaged,0,0,high_confidence
engaged_2210.jpg,engaged_2106.jpg,engaged,0,0,high_confidence
engaged_2210.jpg,engaged_2111.jpg,engaged,0,0,high_confidence
engaged_2210.jpg,engaged_2116.jpg,engaged,0,0,high_confidence
engaged_2210.jpg,engaged_2125.jpg,engaged,0,0,high_confidence
engaged_2210.jpg,engaged_2156.jpg,engaged,0,0,high_confidence
engaged_2210.jpg,engaged_2181.jpg,engaged,0,0,high_confidence
engaged_2210.jpg,engaged_2191.jpg,engaged,0,0,high_confidence
engaged_2210.jpg,engaged_2198.jpg,engaged,0,0,high_confidence
engaged_2210.jpg,engaged_2203.jpg,engaged,0,0,high_confidence
engaged_2210.jpg,engaged_2214.jpg,engaged,0,0,high_confidence
engaged_2210.jpg,engaged_2216.jpg,engaged,0,0,high_confidence
engaged_2211.jpg,engaged_2212.jpg,engaged,0,0,high_confidence
engaged_2211.jpg,engaged_2215.jpg,engaged,0,0,high_confidence
engaged_2211.jpg,engaged_1775.jpg,engaged,1,0,high_confidence
engaged_2211.jpg,engaged_1779.jpg,engaged,1,0,high_confidence
engaged_2211.jpg,engaged_1836.jpg,engaged,0,0,high_confidence
engaged_2211.jpg,engaged_1867.jpg,engaged,1,0,high_confidence
engaged_2211.jpg,engaged_1979.jpg,engaged,1,0,high_confidence
engaged_2211.jpg,engaged_2045.jpg,engaged,1,0,high_confidence
engaged_2211.jpg,engaged_2079.jpg,engaged,0,0,high_confidence
engaged_2211.jpg,engaged_2080.jpg,engaged,0,0,high_confidence
engaged_2211.jpg,engaged_2086.jpg,engaged,0,0,high_confidence
engaged_2211.jpg,engaged_2096.jpg,engaged,0,0,high_confidence
engaged_2211.jpg,engaged_2103.jpg,engaged,0,0,high_confidence
engaged_2211.jpg,engaged_2121.jpg,engaged,0,0,high_confidence
engaged_2211.jpg,engaged_2136.jpg,engaged,0,0,high_confidence
engaged_2211.jpg,engaged_2166.jpg,engaged,0,0,high_confidence
engaged_2211.jpg,engaged_2172.jpg,engaged,0,0,high_confidence
engaged_2211.jpg,engaged_2213.jpg,engaged,0,0,high_confidence
engaged_2211.jpg,engaged_1806.jpg,engaged,1,0,high_confidence
engaged_2211.jpg,engaged_1860.jpg,engaged,1,0,high_confidence
engaged_2211.jpg,engaged_1916.jpg,engaged,1,0,high_confidence
engaged_2211.jpg,engaged_1925.jpg,engaged,1,0,high_confidence
engaged_2211.jpg,engaged_1982.jpg,engaged,1,0,high_confidence
engaged_2211.jpg,engaged_2048.jpg,engaged,1,0,high_confidence
engaged_2211.jpg,engaged_2073.jpg,engaged,0,0,high_confidence
engaged_2211.jpg,engaged_2081.jpg,engaged,0,0,high_confidence
engaged_2211.jpg,engaged_2092.jpg,engaged,0,0,high_confidence
engaged_2211.jpg,engaged_2106.jpg,engaged,0,0,high_confidence
engaged_2211.jpg,engaged_2111.jpg,engaged,0,0,high_confidence
engaged_2211.jpg,engaged_2116.jpg,engaged,0,0,high_confidence
engaged_2211.jpg,engaged_2125.jpg,engaged,0,0,high_confidence
engaged_2211.jpg,engaged_2156.jpg,engaged,0,0,high_confidence
engaged_2211.jpg,engaged_2181.jpg,engaged,0,0,high_confidence
engaged_2211.jpg,engaged_2191.jpg,engaged,0,0,high_confidence
engaged_2211.jpg,engaged_2198.jpg,engaged,0,0,high_confidence
engaged_2211.jpg,engaged_2203.jpg,engaged,0,0,high_confidence
engaged_2211.jpg,engaged_2214.jpg,engaged,0,0,high_confidence
engaged_2211.jpg,engaged_2216.jpg,engaged,0,0,high_confidence
engaged_2212.jpg,engaged_2215.jpg,engaged,0,0,high_confidence
engaged_2212.jpg,engaged_1775.jpg,engaged,1,0,high_confidence
engaged_2212.jpg,engaged_1779.jpg,engaged,1,0,high_confidence
engaged_2212.jpg,engaged_1836.jpg,engaged,0,0,high_confidence
engaged_2212.jpg,engaged_1867.jpg,engaged,1,0,high_confidence
engaged_2212.jpg,engaged_1979.jpg,engaged,1,0,high_confidence
engaged_2212.jpg,engaged_2045.jpg,engaged,1,0,high_confidence
engaged_2212.jpg,engaged_2079.jpg,engaged,0,0,high_confidence
engaged_2212.jpg,engaged_2080.jpg,engaged,0,0,high_confidence
engaged_2212.jpg,engaged_2086.jpg,engaged,0,0,high_confidence
engaged_2212.jpg,engaged_2096.jpg,engaged,0,0,high_confidence
engaged_2212.jpg,engaged_2103.jpg,engaged,0,0,high_confidence
engaged_2212.jpg,engaged_2121.jpg,engaged,0,0,high_confidence
engaged_2212.jpg,engaged_2136.jpg,engaged,0,0,high_confidence
engaged_2212.jpg,engaged_2166.jpg,engaged,0,0,high_confidence
engaged_2212.jpg,engaged_2172.jpg,engaged,0,0,high_confidence
engaged_2212.jpg,engaged_2213.jpg,engaged,0,0,high_confidence
engaged_2212.jpg,engaged_1806.jpg,engaged,1,0,high_confidence
engaged_2212.jpg,engaged_1860.jpg,engaged,1,0,high_confidence
engaged_2212.jpg,engaged_1916.jpg,engaged,1,0,high_confidence
engaged_2212.jpg,engaged_1925.jpg,engaged,1,0,high_confidence
engaged_2212.jpg,engaged_1982.jpg,engaged,1,0,high_confidence
engaged_2212.jpg,engaged_2048.jpg,engaged,1,0,high_confidence
engaged_2212.jpg,engaged_2073.jpg,engaged,0,0,high_confidence
engaged_2212.jpg,engaged_2081.jpg,engaged,0,0,high_confidence
engaged_2212.jpg,engaged_2092.jpg,engaged,0,0,high_confidence
engaged_2212.jpg,engaged_2106.jpg,engaged,0,0,high_confidence
engaged_2212.jpg,engaged_2111.jpg,engaged,0,0,high_confidence
engaged_2212.jpg,engaged_2116.jpg,engaged,0,0,high_confidence
engaged_2212.jpg,engaged_2125.jpg,engaged,0,0,high_confidence
engaged_2212.jpg,engaged_2156.jpg,engaged,0,0,high_confidence
engaged_2212.jpg,engaged_2181.jpg,engaged,0,0,high_confidence
engaged_2212.jpg,engaged_2191.jpg,engaged,0,0,high_confidence
engaged_2212.jpg,engaged_2198.jpg,engaged,0,0,high_confidence
engaged_2212.jpg,engaged_2203.jpg,engaged,0,0,high_confidence
engaged_2212.jpg,engaged_2214.jpg,engaged,0,0,high_confidence
engaged_2212.jpg,engaged_2216.jpg,engaged,0,0,high_confidence
engaged_2215.jpg,engaged_1775.jpg,engaged,1,0,high_confidence
engaged_2215.jpg,engaged_1779.jpg,engaged,1,0,high_confidence
engaged_2215.jpg,engaged_1836.jpg,engaged,0,0,high_confidence
engaged_2215.jpg,engaged_1867.jpg,engaged,1,0,high_confidence
engaged_2215.jpg,engaged_1979.jpg,engaged,1,0,high_confidence
engaged_2215.jpg,engaged_2045.jpg,engaged,1,0,high_confidence
engaged_2215.jpg,engaged_2079.jpg,engaged,0,0,high_confidence
engaged_2215.jpg,engaged_2080.jpg,engaged,0,0,high_confidence
engaged_2215.jpg,engaged_2086.jpg,engaged,0,0,high_confidence
engaged_2215.jpg,engaged_2096.jpg,engaged,0,0,high_confidence
engaged_2215.jpg,engaged_2103.jpg,engaged,0,0,high_confidence
engaged_2215.jpg,engaged_2121.jpg,engaged,0,0,high_confidence
engaged_2215.jpg,engaged_2136.jpg,engaged,0,0,high_confidence
engaged_2215.jpg,engaged_2166.jpg,engaged,0,0,high_confidence
engaged_2215.jpg,engaged_2172.jpg,engaged,0,0,high_confidence
engaged_2215.jpg,engaged_2213.jpg,engaged,0,0,high_confidence
engaged_2215.jpg,engaged_1806.jpg,engaged,1,0,high_confidence
engaged_2215.jpg,engaged_1860.jpg,engaged,1,0,high_confidence
engaged_2215.jpg,engaged_1916.jpg,engaged,1,0,high_confidence
engaged_2215.jpg,engaged_1925.jpg,engaged,1,0,high_confidence
engaged_2215.jpg,engaged_1982.jpg,engaged,1,0,high_confidence
engaged_2215.jpg,engaged_2048.jpg,engaged,1,0,high_confidence
engaged_2215.jpg,engaged_2073.jpg,engaged,0,0,high_confidence
engaged_2215.jpg,engaged_2081.jpg,engaged,0,0,high_confidence
engaged_2215.jpg,engaged_2092.jpg,engaged,0,0,high_confidence
engaged_2215.jpg,engaged_2106.jpg,engaged,0,0,high_confidence
engaged_2215.jpg,engaged_2111.jpg,engaged,0,0,high_confidence
engaged_2215.jpg,engaged_2116.jpg,engaged,0,0,high_confidence
engaged_2215.jpg,engaged_2125.jpg,engaged,0,0,high_confidence
engaged_2215.jpg,engaged_2156.jpg,engaged,0,0,high_confidence
engaged_2215.jpg,engaged_2181.jpg,engaged,0,0,high_confidence
engaged_2215.jpg,engaged_2191.jpg,engaged,0,0,high_confidence
engaged_2215.jpg,engaged_2198.jpg,engaged,0,0,high_confidence
engaged_2215.jpg,engaged_2203.jpg,engaged,0,0,high_confidence
engaged_2215.jpg,engaged_2214.jpg,engaged,0,0,high_confidence
engaged_2215.jpg,engaged_2216.jpg,engaged,0,0,high_confidence
engaged_2537.jpg,engaged_2559.jpg,engaged,1,2,high_confidence
engaged_2537.jpg,engaged_2594.jpg,engaged,1,2,high_confidence
engaged_2559.jpg,engaged_2594.jpg,engaged,0,0,high_confidence
engaged_3416.jpg,engaged_3441.jpg,engaged,0,0,high_confidence
engaged_357.jpg,engaged_372.jpg,engaged,0,0,high_confidence
engaged_357.jpg,engaged_375.jpg,engaged,0,0,high_confidence
engaged_357.jpg,engaged_379.jpg,engaged,0,0,high_confidence
engaged_357.jpg,engaged_382.jpg,engaged,0,0,high_confidence
engaged_357.jpg,engaged_423.jpg,engaged,0,0,high_confidence
engaged_357.jpg,engaged_453.jpg,engaged,0,2,high_confidence
engaged_357.jpg,engaged_455.jpg,engaged,0,2,high_confidence
engaged_357.jpg,engaged_457.jpg,engaged,0,2,high_confidence
engaged_357.jpg,engaged_458.jpg,engaged,0,2,high_confidence
engaged_357.jpg,engaged_459.jpg,engaged,0,2,high_confidence
engaged_357.jpg,engaged_460.jpg,engaged,0,2,high_confidence
engaged_357.jpg,engaged_462.jpg,engaged,0,2,high_confidence
engaged_357.jpg,engaged_463.jpg,engaged,0,2,high_confidence
engaged_357.jpg,engaged_464.jpg,engaged,0,2,high_confidence
engaged_357.jpg,engaged_508.jpg,engaged,0,0,high_confidence
engaged_357.jpg,engaged_510.jpg,engaged,0,0,high_confidence
engaged_357.jpg,engaged_412.jpg,engaged,0,0,high_confidence
engaged_357.jpg,engaged_430.jpg,engaged,1,0,high_confidence
engaged_357.jpg,engaged_419.jpg,engaged,0,0,high_confidence
engaged_357.jpg,engaged_465.jpg,engaged,0,2,high_confidence
engaged_362.jpg,engaged_144.jpg,engaged,2,2,high_confidence
engaged_372.jpg,engaged_375.jpg,engaged,0,0,high_confidence
engaged_372.jpg,engaged_379.jpg,engaged,0,0,high_confidence
engaged_372.jpg,engaged_382.jpg,engaged,0,0,high_confidence
engaged_372.jpg,engaged_423.jpg,engaged,0,0,high_confidence
engaged_372.jpg,engaged_453.jpg,engaged,0,2,high_confidence
engaged_372.jpg,engaged_455.jpg,engaged,0,2,high_confidence
engaged_372.jpg,engaged_457.jpg,engaged,0,2,high_confidence
engaged_372.jpg,engaged_458.jpg,engaged,0,2,high_confidence
engaged_372.jpg,engaged_459.jpg,engaged,0,2,high_confidence
engaged_372.jpg,engaged_460.jpg,engaged,0,2,high_confidence
engaged_372.jpg,engaged_462.jpg,engaged,0,2,high_confidence
engaged_372.jpg,engaged_463.jpg,engaged,0,2,high_confidence
engaged_372.jpg,engaged_464.jpg,engaged,0,2,high_confidence
engaged_372.jpg,engaged_508.jpg,engaged,0,0,high_confidence
engaged_372.jpg,engaged_510.jpg,engaged,0,0,high_confidence
engaged_372.jpg,engaged_412.jpg,engaged,0,0,high_confidence
engaged_372.jpg,engaged_430.jpg,engaged,1,0,high_confidence
engaged_372.jpg,engaged_419.jpg,engaged,0,0,high_confidence
engaged_372.jpg,engaged_465.jpg,engaged,0,2,high_confidence
engaged_375.jpg,engaged_379.jpg,engaged,0,0,high_confidence
engaged_375.jpg,engaged_382.jpg,engaged,0,0,high_confidence
engaged_375.jpg,engaged_423.jpg,engaged,0,0,high_confidence
engaged_375.jpg,engaged_453.jpg,engaged,0,2,high_confidence
engaged_375.jpg,engaged_455.jpg,engaged,0,2,high_confidence
engaged_375.jpg,engaged_457.jpg,engaged,0,2,high_confidence
engaged_375.jpg,engaged_458.jpg,engaged,0,2,high_confidence
engaged_375.jpg,engaged_459.jpg,engaged,0,2,high_confidence
engaged_375.jpg,engaged_460.jpg,engaged,0,2,high_confidence
engaged_375.jpg,engaged_462.jpg,engaged,0,2,high_confidence
engaged_375.jpg,engaged_463.jpg,engaged,0,2,high_confidence
engaged_375.jpg,engaged_464.jpg,engaged,0,2,high_confidence
engaged_375.jpg,engaged_508.jpg,engaged,0,0,high_confidence
engaged_375.jpg,engaged_510.jpg,engaged,0,0,high_confidence
engaged_375.jpg,engaged_412.jpg,engaged,0,0,high_confidence
engaged_375.jpg,engaged_430.jpg,engaged,1,0,high_confidence
engaged_375.jpg,engaged_419.jpg,engaged,0,0,high_confidence
engaged_375.jpg,engaged_465.jpg,engaged,0,2,high_confidence
engaged_379.jpg,engaged_382.jpg,engaged,0,0,high_confidence
engaged_379.jpg,engaged_423.jpg,engaged,0,0,high_confidence
engaged_379.jpg,engaged_453.jpg,engaged,0,2,high_confidence
engaged_379.jpg,engaged_455.jpg,engaged,0,2,high_confidence
engaged_379.jpg,engaged_457.jpg,engaged,0,2,high_confidence
engaged_379.jpg,engaged_458.jpg,engaged,0,2,high_confidence
engaged_379.jpg,engaged_459.jpg,engaged,0,2,high_confidence
engaged_379.jpg,engaged_460.jpg,engaged,0,2,high_confidence
engaged_379.jpg,engaged_462.jpg,engaged,0,2,high_confidence
engaged_379.jpg,engaged_463.jpg,engaged,0,2,high_confidence
engaged_379.jpg,engaged_464.jpg,engaged,0,2,high_confidence
engaged_379.jpg,engaged_508.jpg,engaged,0,0,high_confidence
engaged_379.jpg,engaged_510.jpg,engaged,0,0,high_confidence
engaged_379.jpg,engaged_412.jpg,engaged,0,0,high_confidence
engaged_379.jpg,engaged_430.jpg,engaged,1,0,high_confidence
engaged_379.jpg,engaged_419.jpg,engaged,0,0,high_confidence
engaged_379.jpg,engaged_465.jpg,engaged,0,2,high_confidence
engaged_382.jpg,engaged_423.jpg,engaged,0,0,high_confidence
engaged_382.jpg,engaged_453.jpg,engaged,0,2,high_confidence
engaged_382.jpg,engaged_455.jpg,engaged,0,2,high_confidence
engaged_382.jpg,engaged_457.jpg,engaged,0,2,high_confidence
engaged_382.jpg,engaged_458.jpg,engaged,0,2,high_confidence
engaged_382.jpg,engaged_459.jpg,engaged,0,2,high_confidence
engaged_382.jpg,engaged_460.jpg,engaged,0,2,high_confidence
engaged_382.jpg,engaged_462.jpg,engaged,0,2,high_confidence
engaged_382.jpg,engaged_463.jpg,engaged,0,2,high_confidence
engaged_382.jpg,engaged_464.jpg,engaged,0,2,high_confidence
engaged_382.jpg,engaged_508.jpg,engaged,0,0,high_confidence
engaged_382.jpg,engaged_510.jpg,engaged,0,0,high_confidence
engaged_382.jpg,engaged_412.jpg,engaged,0,0,high_confidence
engaged_382.jpg,engaged_430.jpg,engaged,1,0,high_confidence
engaged_382.jpg,engaged_419.jpg,engaged,0,0,high_confidence
engaged_382.jpg,engaged_465.jpg,engaged,0,2,high_confidence
engaged_423.jpg,engaged_453.jpg,engaged,0,2,high_confidence
engaged_423.jpg,engaged_455.jpg,engaged,0,2,high_confidence
engaged_423.jpg,engaged_457.jpg,engaged,0,2,high_confidence
engaged_423.jpg,engaged_458.jpg,engaged,0,2,high_confidence
engaged_423.jpg,engaged_459.jpg,engaged,0,2,high_confidence
engaged_423.jpg,engaged_460.jpg,engaged,0,2,high_confidence
engaged_423.jpg,engaged_462.jpg,engaged,0,2,high_confidence
engaged_423.jpg,engaged_463.jpg,engaged,0,2,high_confidence
engaged_423.jpg,engaged_464.jpg,engaged,0,2,high_confidence
engaged_423.jpg,engaged_508.jpg,engaged,0,0,high_confidence
engaged_423.jpg,engaged_510.jpg,engaged,0,0,high_confidence
engaged_423.jpg,engaged_412.jpg,engaged,0,0,high_confidence
engaged_423.jpg,engaged_430.jpg,engaged,1,0,high_confidence
engaged_423.jpg,engaged_419.jpg,engaged,0,0,high_confidence
engaged_423.jpg,engaged_465.jpg,engaged,0,2,high_confidence
engaged_4270.jpg,engaged_4254.jpg,engaged,0,2,high_confidence
engaged_4305.jpg,engaged_4367.jpg,engaged,1,2,high_confidence
engaged_453.jpg,engaged_455.jpg,engaged,0,0,high_confidence
engaged_453.jpg,engaged_457.jpg,engaged,0,0,high_confidence
engaged_453.jpg,engaged_458.jpg,engaged,0,0,high_confidence
engaged_453.jpg,engaged_459.jpg,engaged,0,0,high_confidence
engaged_453.jpg,engaged_460.jpg,engaged,0,0,high_confidence
engaged_453.jpg,engaged_462.jpg,engaged,0,0,high_confidence
engaged_453.jpg,engaged_463.jpg,engaged,0,0,high_confidence
engaged_453.jpg,engaged_464.jpg,engaged,0,0,high_confidence
engaged_453.jpg,engaged_508.jpg,engaged,0,2,high_confidence
engaged_453.jpg,engaged_510.jpg,engaged,0,2,high_confidence
engaged_453.jpg,engaged_412.jpg,engaged,0,2,high_confidence
engaged_453.jpg,engaged_430.jpg,engaged,1,2,high_confidence
engaged_453.jpg,engaged_419.jpg,engaged,0,2,high_confidence
engaged_453.jpg,engaged_465.jpg,engaged,0,0,high_confidence
engaged_455.jpg,engaged_457.jpg,engaged,0,0,high_confidence
engaged_455.jpg,engaged_458.jpg,engaged,0,0,high_confidence
engaged_455.jpg,engaged_459.jpg,engaged,0,0,high_confidence
engaged_455.jpg,engaged_460.jpg,engaged,0,0,high_confidence
engaged_455.jpg,engaged_462.jpg,engaged,0,0,high_confidence
engaged_455.jpg,engaged_463.jpg,engaged,0,0,high_confidence
engaged_455.jpg,engaged_464.jpg,engaged,0,0,high_confidence
engaged_455.jpg,engaged_508.jpg,engaged,0,2,high_confidence
engaged_455.jpg,engaged_510.jpg,engaged,0,2,high_confidence
engaged_455.jpg,engaged_412.jpg,engaged,0,2,high_confidence
engaged_455.jpg,engaged_430.jpg,engaged,1,2,high_confidence
engaged_455.jpg,engaged_419.jpg,engaged,0,2,high_confidence
engaged_455.jpg,engaged_465.jpg,engaged,0,0,high_confidence
engaged_457.jpg,engaged_458.jpg,engaged,0,0,high_confidence
engaged_457.jpg,engaged_459.jpg,engaged,0,0,high_confidence
engaged_457.jpg,engaged_460.jpg,engaged,0,0,high_confidence
engaged_457.jpg,engaged_462.jpg,engaged,0,0,high_confidence
engaged_457.jpg,engaged_463.jpg,engaged,0,0,high_confidence
engaged_457.jpg,engaged_464.jpg,engaged,0,0,high_confidence
engaged_457.jpg,engaged_508.jpg,engaged,0,2,high_confidence
engaged_457.jpg,engaged_510.jpg,engaged,0,2,high_confidence
engaged_457.jpg,engaged_412.jpg,engaged,0,2,high_confidence
engaged_457.jpg,engaged_430.jpg,engaged,1,2,high_confidence
engaged_457.jpg,engaged_419.jpg,engaged,0,2,high_confidence
engaged_457.jpg,engaged_465.jpg,engaged,0,0,high_confidence
engaged_458.jpg,engaged_459.jpg,engaged,0,0,high_confidence
engaged_458.jpg,engaged_460.jpg,engaged,0,0,high_confidence
engaged_458.jpg,engaged_462.jpg,engaged,0,0,high_confidence
engaged_458.jpg,engaged_463.jpg,engaged,0,0,high_confidence
engaged_458.jpg,engaged_464.jpg,engaged,0,0,high_confidence
engaged_458.jpg,engaged_508.jpg,engaged,0,2,high_confidence
engaged_458.jpg,engaged_510.jpg,engaged,0,2,high_confidence
engaged_458.jpg,engaged_412.jpg,engaged,0,2,high_confidence
engaged_458.jpg,engaged_430.jpg,engaged,1,2,high_confidence
engaged_458.jpg,engaged_419.jpg,engaged,0,2,high_confidence
engaged_458.jpg,engaged_465.jpg,engaged,0,0,high_confidence
engaged_459.jpg,engaged_460.jpg,engaged,0,0,high_confidence
engaged_459.jpg,engaged_462.jpg,engaged,0,0,high_confidence
engaged_459.jpg,engaged_463.jpg,engaged,0,0,high_confidence
engaged_459.jpg,engaged_464.jpg,engaged,0,0,high_confidence
engaged_459.jpg,engaged_508.jpg,engaged,0,2,high_confidence
engaged_459.jpg,engaged_510.jpg,engaged,0,2,high_confidence
engaged_459.jpg,engaged_412.jpg,engaged,0,2,high_confidence
engaged_459.jpg,engaged_430.jpg,engaged,1,2,high_confidence
engaged_459.jpg,engaged_419.jpg,engaged,0,2,high_confidence
engaged_459.jpg,engaged_465.jpg,engaged,0,0,high_confidence
engaged_460.jpg,engaged_462.jpg,engaged,0,0,high_confidence
engaged_460.jpg,engaged_463.jpg,engaged,0,0,high_confidence
engaged_460.jpg,engaged_464.jpg,engaged,0,0,high_confidence
engaged_460.jpg,engaged_508.jpg,engaged,0,2,high_confidence
engaged_460.jpg,engaged_510.jpg,engaged,0,2,high_confidence
engaged_460.jpg,engaged_412.jpg,engaged,0,2,high_confidence
engaged_460.jpg,engaged_430.jpg,engaged,1,2,high_confidence
engaged_460.jpg,engaged_419.jpg,engaged,0,2,high_confidence
engaged_460.jpg,engaged_465.jpg,engaged,0,0,high_confidence
engaged_462.jpg,engaged_463.jpg,engaged,0,0,high_confidence
engaged_462.jpg,engaged_464.jpg,engaged,0,0,high_confidence
engaged_462.jpg,engaged_508.jpg,engaged,0,2,high_confidence
engaged_462.jpg,engaged_510.jpg,engaged,0,2,high_confidence
engaged_462.jpg,engaged_412.jpg,engaged,0,2,high_confidence
engaged_462.jpg,engaged_430.jpg,engaged,1,2,high_confidence
engaged_462.jpg,engaged_419.jpg,engaged,0,2,high_confidence
engaged_462.jpg,engaged_465.jpg,engaged,0,0,high_confidence
engaged_463.jpg,engaged_464.jpg,engaged,0,0,high_confidence
engaged_463.jpg,engaged_508.jpg,engaged,0,2,high_confidence
engaged_463.jpg,engaged_510.jpg,engaged,0,2,high_confidence
engaged_463.jpg,engaged_412.jpg,engaged,0,2,high_confidence
engaged_463.jpg,engaged_430.jpg,engaged,1,2,high_confidence
engaged_463.jpg,engaged_419.jpg,engaged,0,2,high_confidence
engaged_463.jpg,engaged_465.jpg,engaged,0,0,high_confidence
engaged_464.jpg,engaged_508.jpg,engaged,0,2,high_confidence
engaged_464.jpg,engaged_510.jpg,engaged,0,2,high_confidence
engaged_464.jpg,engaged_412.jpg,engaged,0,2,high_confidence
engaged_464.jpg,engaged_430.jpg,engaged,1,2,high_confidence
engaged_464.jpg,engaged_419.jpg,engaged,0,2,high_confidence
engaged_464.jpg,engaged_465.jpg,engaged,0,0,high_confidence
engaged_493.jpg,engaged_497.jpg,engaged,0,0,high_confidence
engaged_493.jpg,engaged_543.jpg,engaged,2,2,high_confidence
engaged_493.jpg,engaged_585.jpg,engaged,2,2,high_confidence
engaged_493.jpg,engaged_539.jpg,engaged,2,2,high_confidence
engaged_497.jpg,engaged_543.jpg,engaged,2,2,high_confidence
engaged_497.jpg,engaged_585.jpg,engaged,2,2,high_confidence
engaged_497.jpg,engaged_539.jpg,engaged,2,2,high_confidence
engaged_508.jpg,engaged_510.jpg,engaged,0,0,high_confidence
engaged_508.jpg,engaged_412.jpg,engaged,0,0,high_confidence
engaged_508.jpg,engaged_430.jpg,engaged,1,0,high_confidence
engaged_508.jpg,engaged_419.jpg,engaged,0,0,high_confidence
engaged_508.jpg,engaged_465.jpg,engaged,0,2,high_confidence
engaged_510.jpg,engaged_412.jpg,engaged,0,0,high_confidence
engaged_510.jpg,engaged_430.jpg,engaged,1,0,high_confidence
engaged_510.jpg,engaged_419.jpg,engaged,0,0,high_confidence
engaged_510.jpg,engaged_465.jpg,engaged,0,2,high_confidence
engaged_533.jpg,engaged_636.jpg,engaged,2,2,high_confidence
engaged_533.jpg,engaged_684.jpg,engaged,2,2,high_confidence
engaged_543.jpg,engaged_585.jpg,engaged,0,0,high_confidence
engaged_543.jpg,engaged_539.jpg,engaged,0,0,high_confidence
engaged_579.jpg,engaged_582.jpg,engaged,1,0,high_confidence
engaged_579.jpg,engaged_589.jpg,engaged,1,2,high_confidence
engaged_579.jpg,engaged_592.jpg,engaged,1,2,high_confidence
engaged_579.jpg,engaged_615.jpg,engaged,1,0,high_confidence
engaged_579.jpg,engaged_622.jpg,engaged,1,2,high_confidence
engaged_579.jpg,engaged_625.jpg,engaged,1,2,high_confidence
engaged_579.jpg,engaged_643.jpg,engaged,1,2,high_confidence
engaged_579.jpg,engaged_675.jpg,engaged,1,2,high_confidence
engaged_579.jpg,engaged_679.jpg,engaged,0,2,high_confidence
engaged_582.jpg,engaged_589.jpg,engaged,0,2,high_confidence
engaged_582.jpg,engaged_592.jpg,engaged,0,2,high_confidence
engaged_582.jpg,engaged_615.jpg,engaged,0,0,high_confidence
engaged_582.jpg,engaged_622.jpg,engaged,0,2,high_confidence
engaged_582.jpg,engaged_625.jpg,engaged,0,2,high_confidence
engaged_582.jpg,engaged_643.jpg,engaged,2,2,high_confidence
engaged_582.jpg,engaged_675.jpg,engaged,2,2,high_confidence
engaged_582.jpg,engaged_679.jpg,engaged,1,2,high_confidence
engaged_585.jpg,engaged_539.jpg,engaged,0,0,high_confidence
engaged_589.jpg,engaged_592.jpg,engaged,0,0,high_confidence
engaged_589.jpg,engaged_615.jpg,engaged,0,2,high_confidence
engaged_589.jpg,engaged_622.jpg,engaged,0,0,high_confidence
engaged_589.jpg,engaged_625.jpg,engaged,0,0,high_confidence
engaged_589.jpg,engaged_643.jpg,engaged,2,2,high_confidence
engaged_589.jpg,engaged_675.jpg,engaged,2,0,high_confidence
engaged_592.jpg,engaged_615.jpg,engaged,0,2,high_confidence
engaged_592.jpg,engaged_622.jpg,engaged,0,0,high_confidence
engaged_592.jpg,engaged_625.jpg,engaged,0,0,high_confidence
engaged_592.jpg,engaged_643.jpg,engaged,2,2,high_confidence
engaged_592.jpg,engaged_675.jpg,engaged,2,0,high_confidence
engaged_615.jpg,engaged_622.jpg,engaged,0,2,high_confidence
engaged_615.jpg,engaged_625.jpg,engaged,0,2,high_confidence
engaged_615.jpg,engaged_643.jpg,engaged,2,2,high_confidence
engaged_615.jpg,engaged_675.jpg,engaged,2,2,high_confidence
engaged_615.jpg,engaged_679.jpg,engaged,1,2,high_confidence
engaged_622.jpg,engaged_625.jpg,engaged,0,0,high_confidence
engaged_622.jpg,engaged_643.jpg,engaged,2,2,high_confidence
engaged_622.jpg,engaged_675.jpg,engaged,2,0,high_confidence
engaged_625.jpg,engaged_643.jpg,engaged,2,2,high_confidence
engaged_625.jpg,engaged_675.jpg,engaged,2,0,high_confidence
engaged_643.jpg,engaged_671.jpg,engaged,1,2,high_confidence
engaged_643.jpg,engaged_675.jpg,engaged,0,2,high_confidence
engaged_650.jpg,engaged_667.jpg,engaged,2,0,high_confidence
engaged_653.jpg,engaged_699.jpg,engaged,1,0,high_confidence
engaged_671.jpg,engaged_675.jpg,engaged,1,2,high_confidence
engaged_679.jpg,engaged_683.jpg,engaged,1,2,high_confidence
engaged_686.jpg,engaged_430.jpg,engaged,2,2,high_confidence
engaged_686.jpg,engaged_683.jpg,engaged,2,2,high_confidence
engaged_694.jpg,engaged_697.jpg,engaged,0,0,high_confidence
engaged_786.jpg,engaged_803.jpg,engaged,2,2,high_confidence
engaged_803.jpg,engaged_848.jpg,engaged,1,2,high_confidence
engaged_911.jpg,engaged_1314.jpg,engaged,1,0,high_confidence
engaged_911.jpg,engaged_1343.jpg,engaged,1,2,high_confidence
engaged_911.jpg,engaged_1347.jpg,engaged,1,2,high_confidence
engaged_911.jpg,engaged_1376.jpg,engaged,2,2,high_confidence
engaged_911.jpg,engaged_1405.jpg,engaged,2,2,high_confidence
engaged_911.jpg,engaged_817.jpg,engaged,0,2,high_confidence
engaged_911.jpg,engaged_1056.jpg,engaged,2,0,high_confidence
engaged_911.jpg,engaged_1333.jpg,engaged,1,0,high_confidence
engaged_911.jpg,engaged_1378.jpg,engaged,2,2,high_confidence
engaged_911.jpg,engaged_752.jpg,engaged,1,2,high_confidence
frustrated_124.jpg,frustrated_269.jpg,frustrated,1,2,high_confidence
frustrated_14527.jpg,frustrated_14531.jpg,frustrated,0,0,high_confidence
frustrated_14527.jpg,frustrated_14541.jpg,frustrated,0,0,high_confidence
frustrated_14527.jpg,frustrated_14545.jpg,frustrated,0,0,high_confidence
frustrated_14527.jpg,frustrated_14536.jpg,frustrated,0,0,high_confidence
frustrated_14531.jpg,frustrated_14541.jpg,frustrated,0,0,high_confidence
frustrated_14531.jpg,frustrated_14545.jpg,frustrated,0,0,high_confidence
frustrated_14531.jpg,frustrated_14536.jpg,frustrated,0,0,high_confidence
frustrated_14541.jpg,frustrated_14545.jpg,frustrated,0,0,high_confidence
frustrated_14541.jpg,frustrated_14536.jpg,frustrated,0,0,high_confidence
frustrated_14545.jpg,frustrated_14536.jpg,frustrated,0,0,high_confidence
frustrated_2542.jpg,frustrated_2545.jpg,frustrated,0,0,high_confidence
frustrated_2542.jpg,frustrated_2549.jpg,frustrated,0,2,high_confidence
frustrated_2542.jpg,frustrated_2553.jpg,frustrated,0,2,high_confidence
frustrated_2545.jpg,frustrated_2549.jpg,frustrated,0,2,high_confidence
frustrated_2545.jpg,frustrated_2553.jpg,frustrated,0,2,high_confidence
frustrated_2549.jpg,frustrated_2553.jpg,frustrated,0,2,high_confidence
frustrated_2655.jpg,frustrated_2660.jpg,frustrated,0,0,high_confidence
frustrated_2655.jpg,frustrated_2665.jpg,frustrated,0,0,high_confidence
frustrated_2655.jpg,frustrated_2670.jpg,frustrated,0,2,high_confidence
frustrated_2655.jpg,frustrated_2709.jpg,frustrated,0,2,high_confidence
frustrated_2655.jpg,frustrated_2713.jpg,frustrated,0,2,high_confidence
frustrated_2655.jpg,frustrated_2718.jpg,frustrated,0,2,high_confidence
frustrated_2660.jpg,frustrated_2665.jpg,frustrated,0,0,high_confidence
frustrated_2660.jpg,frustrated_2670.jpg,frustrated,0,2,high_confidence
frustrated_2660.jpg,frustrated_2709.jpg,frustrated,0,2,high_confidence
frustrated_2660.jpg,frustrated_2713.jpg,frustrated,0,2,high_confidence
frustrated_2660.jpg,frustrated_2718.jpg,frustrated,0,2,high_confidence
frustrated_2665.jpg,frustrated_2670.jpg,frustrated,0,2,high_confidence
frustrated_2665.jpg,frustrated_2709.jpg,frustrated,0,2,high_confidence
frustrated_2665.jpg,frustrated_2713.jpg,frustrated,0,2,high_confidence
frustrated_2665.jpg,frustrated_2718.jpg,frustrated,0,2,high_confidence
frustrated_2670.jpg,frustrated_2709.jpg,frustrated,0,2,high_confidence
frustrated_2670.jpg,frustrated_2713.jpg,frustrated,0,2,high_confidence
frustrated_2670.jpg,frustrated_2718.jpg,frustrated,0,2,high_confidence
frustrated_2709.jpg,frustrated_2713.jpg,frustrated,0,0,high_confidence
frustrated_2709.jpg,frustrated_2718.jpg,frustrated,0,0,high_confidence
frustrated_2713.jpg,frustrated_2718.jpg,frustrated,0,0,high_confidence
frustrated_2803.jpg,frustrated_2807.jpg,frustrated,1,2,high_confidence
frustrated_2811.jpg,frustrated_2807.jpg,frustrated,2,2,high_confidence
frustrated_2829.jpg,frustrated_2833.jpg,frustrated,0,2,high_confidence
frustrated_2843.jpg,frustrated_2846.jpg,frustrated,0,2,high_confidence
frustrated_2843.jpg,frustrated_2851.jpg,frustrated,0,2,high_confidence
frustrated_2846.jpg,frustrated_2851.jpg,frustrated,0,2,high_confidence
frustrated_2857.jpg,frustrated_2824.jpg,frustrated,0,0,high_confidence
frustrated_2893.jpg,frustrated_2902.jpg,frustrated,1,0,high_confidence
frustrated_2893.jpg,frustrated_2906.jpg,frustrated,1,0,high_confidence
frustrated_2893.jpg,frustrated_2909.jpg,frustrated,1,0,high_confidence
frustrated_2893.jpg,frustrated_2911.jpg,frustrated,0,0,high_confidence
frustrated_2893.jpg,frustrated_2925.jpg,frustrated,0,0,high_confidence
frustrated_2893.jpg,frustrated_2926.jpg,frustrated,0,0,high_confidence
frustrated_2893.jpg,frustrated_2928.jpg,frustrated,0,0,high_confidence
frustrated_2893.jpg,frustrated_2930.jpg,frustrated,0,0,high_confidence
frustrated_2893.jpg,frustrated_2890.jpg,frustrated,0,0,high_confidence
frustrated_2902.jpg,frustrated_2906.jpg,frustrated,0,0,high_confidence
frustrated_2902.jpg,frustrated_2909.jpg,frustrated,0,0,high_confidence
frustrated_2902.jpg,frustrated_2911.jpg,frustrated,1,0,high_confidence
frustrated_2902.jpg,frustrated_2925.jpg,frustrated,1,0,high_confidence
frustrated_2902.jpg,frustrated_2926.jpg,frustrated,1,0,high_confidence
frustrated_2902.jpg,frustrated_2928.jpg,frustrated,1,0,high_confidence
frustrated_2902.jpg,frustrated_2930.jpg,frustrated,1,0,high_confidence
frustrated_2902.jpg,frustrated_2890.jpg,frustrated,1,0,high_confidence
frustrated_2906.jpg,frustrated_2909.jpg,frustrated,0,0,high_confidence
frustrated_2906.jpg,frustrated_2911.jpg,frustrated,1,0,high_confidence
frustrated_2906.jpg,frustrated_2925.jpg,frustrated,1,0,high_confidence
frustrated_2906.jpg,frustrated_2926.jpg,frustrated,1,0,high_confidence
frustrated_2906.jpg,frustrated_2928.jpg,frustrated,1,0,high_confidence
frustrated_2906.jpg,frustrated_2930.jpg,frustrated,1,0,high_confidence
frustrated_2906.jpg,frustrated_2890.jpg,frustrated,1,0,high_confidence
frustrated_2909.jpg,frustrated_2911.jpg,frustrated,1,0,high_confidence
frustrated_2909.jpg,frustrated_2925.jpg,frustrated,1,0,high_confidence
frustrated_2909.jpg,frustrated_2926.jpg,frustrated,1,0,high_confidence
frustrated_2909.jpg,frustrated_2928.jpg,frustrated,1,0,high_confidence
frustrated_2909.jpg,frustrated_2930.jpg,frustrated,1,0,high_confidence
frustrated_2909.jpg,frustrated_2890.jpg,frustrated,1,0,high_confidence
frustrated_2911.jpg,frustrated_2925.jpg,frustrated,0,0,high_confidence
frustrated_2911.jpg,frustrated_2926.jpg,frustrated,0,0,high_confidence
frustrated_2911.jpg,frustrated_2928.jpg,frustrated,0,0,high_confidence
frustrated_2911.jpg,frustrated_2930.jpg,frustrated,0,0,high_confidence
frustrated_2911.jpg,frustrated_2890.jpg,frustrated,0,0,high_confidence
frustrated_2925.jpg,frustrated_2926.jpg,frustrated,0,0,high_confidence
frustrated_2925.jpg,frustrated_2928.jpg,frustrated,0,0,high_confidence
frustrated_2925.jpg,frustrated_2930.jpg,frustrated,0,0,high_confidence
frustrated_2925.jpg,frustrated_2890.jpg,frustrated,0,0,high_confidence
frustrated_2926.jpg,frustrated_2928.jpg,frustrated,0,0,high_confidence
frustrated_2926.jpg,frustrated_2930.jpg,frustrated,0,0,high_confidence
frustrated_2926.jpg,frustrated_2890.jpg,frustrated,0,0,high_confidence
frustrated_2928.jpg,frustrated_2930.jpg,frustrated,0,0,high_confidence
frustrated_2928.jpg,frustrated_2890.jpg,frustrated,0,0,high_confidence
frustrated_2930.jpg,frustrated_2890.jpg,frustrated,0,0,high_confidence
frustrated_2949.jpg,frustrated_2956.jpg,frustrated,1,2,high_confidence
frustrated_2949.jpg,frustrated_2964.jpg,frustrated,1,2,high_confidence
frustrated_2949.jpg,frustrated_2967.jpg,frustrated,1,2,high_confidence
frustrated_2949.jpg,frustrated_2970.jpg,frustrated,1,2,high_confidence
frustrated_2949.jpg,frustrated_2974.jpg,frustrated,1,2,high_confidence
frustrated_2949.jpg,frustrated_2979.jpg,frustrated,1,2,high_confidence
frustrated_2949.jpg,frustrated_2985.jpg,frustrated,1,0,high_confidence
frustrated_2949.jpg,frustrated_2996.jpg,frustrated,2,2,high_confidence
frustrated_2949.jpg,frustrated_3002.jpg,frustrated,2,2,high_confidence
frustrated_2949.jpg,frustrated_3005.jpg,frustrated,2,2,high_confidence
frustrated_2949.jpg,frustrated_3021.jpg,frustrated,2,0,high_confidence
frustrated_2949.jpg,frustrated_3023.jpg,frustrated,1,2,high_confidence
frustrated_2949.jpg,frustrated_2960.jpg,frustrated,1,2,high_confidence
frustrated_2949.jpg,frustrated_2946.jpg,frustrated,1,2,high_confidence
frustrated_2956.jpg,frustrated_2964.jpg,frustrated,0,0,high_confidence
frustrated_2956.jpg,frustrated_2967.jpg,frustrated,0,0,high_confidence
frustrated_2956.jpg,frustrated_2970.jpg,frustrated,0,0,high_confidence
frustrated_2956.jpg,frustrated_2974.jpg,frustrated,0,2,high_confidence
frustrated_2956.jpg,frustrated_2979.jpg,frustrated,2,2,high_confidence
frustrated_2956.jpg,frustrated_2985.jpg,frustrated,2,2,high_confidence
frustrated_2956.jpg,frustrated_2960.jpg,frustrated,0,0,high_confidence
frustrated_2964.jpg,frustrated_2967.jpg,frustrated,0,0,high_confidence
frustrated_2964.jpg,frustrated_2970.jpg,frustrated,0,0,high_confidence
frustrated_2964.jpg,frustrated_2974.jpg,frustrated,0,2,high_confidence
frustrated_2964.jpg,frustrated_2979.jpg,frustrated,2,2,high_confidence
frustrated_2964.jpg,frustrated_2985.jpg,frustrated,2,2,high_confidence
frustrated_2964.jpg,frustrated_2960.jpg,frustrated,0,0,high_confidence
frustrated_2967.jpg,frustrated_2970.jpg,frustrated,0,0,high_confidence
frustrated_2967.jpg,frustrated_2974.jpg,frustrated,0,2,high_confidence
frustrated_2967.jpg,frustrated_2979.jpg,frustrated,2,2,high_confidence
frustrated_2967.jpg,frustrated_2985.jpg,frustrated,2,2,high_confidence
frustrated_2967.jpg,frustrated_2960.jpg,frustrated,0,0,high_confidence
frustrated_2970.jpg,frustrated_2974.jpg,frustrated,0,2,high_confidence
frustrated_2970.jpg,frustrated_2979.jpg,frustrated,2,2,high_confidence
frustrated_2970.jpg,frustrated_2985.jpg,frustrated,2,2,high_confidence
frustrated_2970.jpg,frustrated_2960.jpg,frustrated,0,0,high_confidence
frustrated_2974.jpg,frustrated_2979.jpg,frustrated,2,0,high_confidence
frustrated_2974.jpg,frustrated_2985.jpg,frustrated,2,2,high_confidence
frustrated_2974.jpg,frustrated_2960.jpg,frustrated,0,2,high_confidence
frustrated_2979.jpg,frustrated_2985.jpg,frustrated,0,2,high_confidence
frustrated_2979.jpg,frustrated_3005.jpg,frustrated,1,2,high_confidence
frustrated_2979.jpg,frustrated_3021.jpg,frustrated,1,2,high_confidence
frustrated_2979.jpg,frustrated_2960.jpg,frustrated,2,2,high_confidence
frustrated_2985.jpg,frustrated_2996.jpg,frustrated,1,2,high_confidence
frustrated_2985.jpg,frustrated_3002.jpg,frustrated,1,2,high_confidence
frustrated_2985.jpg,frustrated_3005.jpg,frustrated,1,2,high_confidence
frustrated_2985.jpg,frustrated_3021.jpg,frustrated,1,0,high_confidence
frustrated_2985.jpg,frustrated_3023.jpg,frustrated,0,2,high_confidence
frustrated_2985.jpg,frustrated_3069.jpg,frustrated,2,2,high_confidence
frustrated_2985.jpg,frustrated_2960.jpg,frustrated,2,2,high_confidence
frustrated_2985.jpg,frustrated_3073.jpg,frustrated,2,2,high_confidence
frustrated_2985.jpg,frustrated_2946.jpg,frustrated,2,2,high_confidence
frustrated_2996.jpg,frustrated_3002.jpg,frustrated,0,0,high_confidence
frustrated_2996.jpg,frustrated_3005.jpg,frustrated,0,2,high_confidence
frustrated_2996.jpg,frustrated_3021.jpg,frustrated,0,2,high_confidence
frustrated_2996.jpg,frustrated_3023.jpg,frustrated,1,0,high_confidence
frustrated_2996.jpg,frustrated_3069.jpg,frustrated,1,0,high_confidence
frustrated_2996.jpg,frustrated_3076.jpg,frustrated,1,2,high_confidence
frustrated_2996.jpg,frustrated_3082.jpg,frustrated,1,2,high_confidence
frustrated_2996.jpg,frustrated_3084.jpg,frustrated,1,2,high_confidence
frustrated_2996.jpg,frustrated_3094.jpg,frustrated,1,2,high_confidence
frustrated_2996.jpg,frustrated_3100.jpg,frustrated,1,2,high_confidence
frustrated_2996.jpg,frustrated_3102.jpg,frustrated,1,2,high_confidence
frustrated_2996.jpg,frustrated_3106.jpg,frustrated,1,2,high_confidence
frustrated_2996.jpg,frustrated_3115.jpg,frustrated,1,2,high_confidence
frustrated_2996.jpg,frustrated_3073.jpg,frustrated,1,0,high_confidence
frustrated_2996.jpg,frustrated_3097.jpg,frustrated,1,2,high_confidence
frustrated_2996.jpg,frustrated_2946.jpg,frustrated,1,0,high_confidence
frustrated_2996.jpg,frustrated_3111.jpg,frustrated,1,2,high_confidence
frustrated_3002.jpg,frustrated_3005.jpg,frustrated,0,2,high_confidence
frustrated_3002.jpg,frustrated_3021.jpg,frustrated,0,2,high_confidence
frustrated_3002.jpg,frustrated_3023.jpg,frustrated,1,0,high_confidence
frustrated_3002.jpg,frustrated_3069.jpg,frustrated,1,0,high_confidence
frustrated_3002.jpg,frustrated_3076.jpg,frustrated,1,2,high_confidence
frustrated_3002.jpg,frustrated_3082.jpg,frustrated,1,2,high_confidence
frustrated_3002.jpg,frustrated_3084.jpg,frustrated,1,2,high_confidence
frustrated_3002.jpg,frustrated_3094.jpg,frustrated,1,2,high_confidence
frustrated_3002.jpg,frustrated_3100.jpg,frustrated,1,2,high_confidence
frustrated_3002.jpg,frustrated_3102.jpg,frustrated,1,2,high_confidence
frustrated_3002.jpg,frustrated_3106.jpg,frustrated,1,2,high_confidence
frustrated_3002.jpg,frustrated_3115.jpg,frustrated,1,2,high_confidence
frustrated_3002.jpg,frustrated_3073.jpg,frustrated,1,0,high_confidence
frustrated_3002.jpg,frustrated_3097.jpg,frustrated,1,2,high_confidence
frustrated_3002.jpg,frustrated_2946.jpg,frustrated,1,0,high_confidence
frustrated_3002.jpg,frustrated_3111.jpg,frustrated,1,2,high_confidence
frustrated_3005.jpg,frustrated_3021.jpg,frustrated,0,2,high_confidence
frustrated_3005.jpg,frustrated_3023.jpg,frustrated,1,2,high_confidence
frustrated_3005.jpg,frustrated_3069.jpg,frustrated,1,2,high_confidence
frustrated_3005.jpg,frustrated_3073.jpg,frustrated,1,2,high_confidence
frustrated_3005.jpg,frustrated_2946.jpg,frustrated,1,2,high_confidence
frustrated_3021.jpg,frustrated_3023.jpg,frustrated,1,2,high_confidence
frustrated_3021.jpg,frustrated_3069.jpg,frustrated,1,2,high_confidence
frustrated_3021.jpg,frustrated_3073.jpg,frustrated,1,2,high_confidence
frustrated_3021.jpg,frustrated_2946.jpg,frustrated,1,2,high_confidence
frustrated_3023.jpg,frustrated_3069.jpg,frustrated,2,0,high_confidence
frustrated_3023.jpg,frustrated_3076.jpg,frustrated,2,2,high_confidence
frustrated_3023.jpg,frustrated_3082.jpg,frustrated,2,2,high_confidence
frustrated_3023.jpg,frustrated_3084.jpg,frustrated,2,2,high_confidence
frustrated_3023.jpg,frustrated_3094.jpg,frustrated,2,2,high_confidence
frustrated_3023.jpg,frustrated_3100.jpg,frustrated,2,2,high_confidence
frustrated_3023.jpg,frustrated_3102.jpg,frustrated,2,2,high_confidence
frustrated_3023.jpg,frustrated_3106.jpg,frustrated,2,2,high_confidence
frustrated_3023.jpg,frustrated_3115.jpg,frustrated,2,2,high_confidence
frustrated_3023.jpg,frustrated_3073.jpg,frustrated,2,0,high_confidence
frustrated_3023.jpg,frustrated_3097.jpg,frustrated,2,2,high_confidence
frustrated_3023.jpg,frustrated_2946.jpg,frustrated,2,0,high_confidence
frustrated_3023.jpg,frustrated_3111.jpg,frustrated,2,2,high_confidence
frustrated_3069.jpg,frustrated_3076.jpg,frustrated,0,2,high_confidence
frustrated_3069.jpg,frustrated_3082.jpg,frustrated,0,2,high_confidence
frustrated_3069.jpg,frustrated_3084.jpg,frustrated,0,2,high_confidence
frustrated_3069.jpg,frustrated_3094.jpg,frustrated,0,2,high_confidence
frustrated_3069.jpg,frustrated_3100.jpg,frustrated,0,2,high_confidence
frustrated_3069.jpg,frustrated_3102.jpg,frustrated,0,2,high_confidence
frustrated_3069.jpg,frustrated_3106.jpg,frustrated,0,2,high_confidence
frustrated_3069.jpg,frustrated_3115.jpg,frustrated,0,2,high_confidence
frustrated_3069.jpg,frustrated_3073.jpg,frustrated,0,0,high_confidence
frustrated_3069.jpg,frustrated_3097.jpg,frustrated,0,2,high_confidence
frustrated_3069.jpg,frustrated_2946.jpg,frustrated,2,0,high_confidence
frustrated_3069.jpg,frustrated_3111.jpg,frustrated,0,2,high_confidence
frustrated_3076.jpg,frustrated_3082.jpg,frustrated,0,0,high_confidence
frustrated_3076.jpg,frustrated_3084.jpg,frustrated,0,0,high_confidence
frustrated_3076.jpg,frustrated_3094.jpg,frustrated,0,0,high_confidence
frustrated_3076.jpg,frustrated_3100.jpg,frustrated,0,0,high_confidence
frustrated_3076.jpg,frustrated_3102.jpg,frustrated,0,2,high_confidence
frustrated_3076.jpg,frustrated_3106.jpg,frustrated,0,2,high_confidence
frustrated_3076.jpg,frustrated_3115.jpg,frustrated,0,2,high_confidence
frustrated_3076.jpg,frustrated_3073.jpg,frustrated,0,2,high_confidence
frustrated_3076.jpg,frustrated_3097.jpg,frustrated,0,0,high_confidence
frustrated_3076.jpg,frustrated_2946.jpg,frustrated,2,2,high_confidence
frustrated_3076.jpg,frustrated_3111.jpg,frustrated,0,2,high_confidence
frustrated_3082.jpg,frustrated_3084.jpg,frustrated,0,0,high_confidence
frustrated_3082.jpg,frustrated_3094.jpg,frustrated,0,0,high_confidence
frustrated_3082.jpg,frustrated_3100.jpg,frustrated,0,0,high_confidence
frustrated_3082.jpg,frustrated_3102.jpg,frustrated,0,2,high_confidence
frustrated_3082.jpg,frustrated_3106.jpg,frustrated,0,2,high_confidence
frustrated_3082.jpg,frustrated_3115.jpg,frustrated,0,2,high_confidence
frustrated_3082.jpg,frustrated_3073.jpg,frustrated,0,2,high_confidence
frustrated_3082.jpg,frustrated_3097.jpg,frustrated,0,0,high_confidence
frustrated_3082.jpg,frustrated_2946.jpg,frustrated,2,2,high_confidence
frustrated_3082.jpg,frustrated_3111.jpg,frustrated,0,2,high_confidence
frustrated_3084.jpg,frustrated_3094.jpg,frustrated,0,0,high_confidence
frustrated_3084.jpg,frustrated_3100.jpg,frustrated,0,0,high_confidence
frustrated_3084.jpg,frustrated_3102.jpg,frustrated,0,2,high_confidence
frustrated_3084.jpg,frustrated_3106.jpg,frustrated,0,2,high_confidence
frustrated_3084.jpg,frustrated_3115.jpg,frustrated,0,2,high_confidence
frustrated_3084.jpg,frustrated_3073.jpg,frustrated,0,2,high_confidence
frustrated_3084.jpg,frustrated_3097.jpg,frustrated,0,0,high_confidence
frustrated_3084.jpg,frustrated_2946.jpg,frustrated,2,2,high_confidence
frustrated_3084.jpg,frustrated_3111.jpg,frustrated,0,2,high_confidence
frustrated_3094.jpg,frustrated_3100.jpg,frustrated,0,0,high_confidence
frustrated_3094.jpg,frustrated_3102.jpg,frustrated,0,2,high_confidence
frustrated_3094.jpg,frustrated_3106.jpg,frustrated,0,2,high_confidence
frustrated_3094.jpg,frustrated_3115.jpg,frustrated,0,2,high_confidence
frustrated_3094.jpg,frustrated_3073.jpg,frustrated,0,2,high_confidence
frustrated_3094.jpg,frustrated_3097.jpg,frustrated,0,0,high_confidence
frustrated_3094.jpg,frustrated_2946.jpg,frustrated,2,2,high_confidence
frustrated_3094.jpg,frustrated_3111.jpg,frustrated,0,2,high_confidence
frustrated_3100.jpg,frustrated_3102.jpg,frustrated,0,2,high_confidence
frustrated_3100.jpg,frustrated_3106.jpg,frustrated,0,2,high_confidence
frustrated_3100.jpg,frustrated_3115.jpg,frustrated,0,2,high_confidence
frustrated_3100.jpg,frustrated_3073.jpg,frustrated,0,2,high_confidence
frustrated_3100.jpg,frustrated_3097.jpg,frustrated,0,0,high_confidence
frustrated_3100.jpg,frustrated_2946.jpg,frustrated,2,2,high_confidence
frustrated_3100.jpg,frustrated_3111.jpg,frustrated,0,2,high_confidence
frustrated_3102.jpg,frustrated_3106.jpg,frustrated,0,0,high_confidence
frustrated_3102.jpg,frustrated_3115.jpg,frustrated,0,0,high_confidence
frustrated_3102.jpg,frustrated_3119.jpg,frustrated,0,2,high_confidence
frustrated_3102.jpg,frustrated_3073.jpg,frustrated,0,2,high_confidence
frustrated_3102.jpg,frustrated_3097.jpg,frustrated,0,2,high_confidence
frustrated_3102.jpg,frustrated_2946.jpg,frustrated,2,2,high_confidence
frustrated_3102.jpg,frustrated_3111.jpg,frustrated,0,0,high_confidence
frustrated_3106.jpg,frustrated_3115.jpg,frustrated,0,0,high_confidence
frustrated_3106.jpg,frustrated_3119.jpg,frustrated,0,2,high_confidence
frustrated_3106.jpg,frustrated_3073.jpg,frustrated,0,2,high_confidence
frustrated_3106.jpg,frustrated_3097.jpg,frustrated,0,2,high_confidence
frustrated_3106.jpg,frustrated_2946.jpg,frustrated,2,2,high_confidence
frustrated_3106.jpg,frustrated_3111.jpg,frustrated,0,0,high_confidence
frustrated_3115.jpg,frustrated_3119.jpg,frustrated,0,2,high_confidence
frustrated_3115.jpg,frustrated_3073.jpg,frustrated,0,2,high_confidence
frustrated_3115.jpg,frustrated_3097.jpg,frustrated,0,2,high_confidence
frustrated_3115.jpg,frustrated_2946.jpg,frustrated,2,2,high_confidence
frustrated_3115.jpg,frustrated_3111.jpg,frustrated,0,0,high_confidence
frustrated_3119.jpg,frustrated_3122.jpg,frustrated,0,2,high_confidence
frustrated_3119.jpg,frustrated_3111.jpg,frustrated,0,2,high_confidence
frustrated_3122.jpg,frustrated_3138.jpg,frustrated,0,2,high_confidence
frustrated_3122.jpg,frustrated_3128.jpg,frustrated,0,2,high_confidence
frustrated_3122.jpg,frustrated_3134.jpg,frustrated,0,2,high_confidence
frustrated_3138.jpg,frustrated_3128.jpg,frustrated,0,0,high_confidence
frustrated_3138.jpg,frustrated_3134.jpg,frustrated,0,0,high_confidence
frustrated_3150.jpg,frustrated_3155.jpg,frustrated,0,2,high_confidence
frustrated_3150.jpg,frustrated_3159.jpg,frustrated,0,2,high_confidence
frustrated_3155.jpg,frustrated_3159.jpg,frustrated,0,2,high_confidence
frustrated_3625.jpg,frustrated_3646.jpg,frustrated,2,2,high_confidence
frustrated_3625.jpg,frustrated_3533.jpg,frustrated,0,2,high_confidence
frustrated_3646.jpg,frustrated_3533.jpg,frustrated,2,2,high_confidence
frustrated_483.jpg,frustrated_578.jpg,frustrated,0,0,high_confidence
frustrated_8033.jpg,frustrated_8036.jpg,frustrated,0,0,high_confidence
frustrated_8033.jpg,frustrated_8024.jpg,frustrated,0,0,high_confidence
frustrated_8033.jpg,frustrated_8029.jpg,frustrated,0,0,high_confidence
frustrated_8036.jpg,frustrated_8024.jpg,frustrated,0,0,high_confidence
frustrated_8036.jpg,frustrated_8029.jpg,frustrated,0,0,high_confidence
frustrated_8449.jpg,frustrated_8456.jpg,frustrated,0,0,high_confidence
frustrated_8449.jpg,frustrated_8462.jpg,frustrated,0,2,high_confidence
frustrated_8449.jpg,frustrated_8472.jpg,frustrated,1,2,high_confidence
frustrated_8449.jpg,frustrated_8643.jpg,frustrated,0,0,high_confidence
frustrated_8449.jpg,frustrated_8648.jpg,frustrated,0,2,high_confidence
frustrated_8449.jpg,frustrated_8653.jpg,frustrated,1,2,high_confidence
frustrated_8449.jpg,frustrated_8658.jpg,frustrated,1,2,high_confidence
frustrated_8449.jpg,frustrated_8667.jpg,frustrated,1,2,high_confidence
frustrated_8449.jpg,frustrated_8672.jpg,frustrated,1,2,high_confidence
frustrated_8449.jpg,frustrated_8677.jpg,frustrated,1,2,high_confidence
frustrated_8449.jpg,frustrated_8681.jpg,frustrated,1,2,high_confidence
frustrated_8449.jpg,frustrated_8685.jpg,frustrated,1,2,high_confidence
frustrated_8449.jpg,frustrated_8690.jpg,frustrated,1,2,high_confidence
frustrated_8449.jpg,frustrated_8761.jpg,frustrated,1,2,high_confidence
frustrated_8449.jpg,frustrated_8766.jpg,frustrated,1,2,high_confidence
frustrated_8449.jpg,frustrated_8781.jpg,frustrated,1,2,high_confidence
frustrated_8449.jpg,frustrated_8786.jpg,frustrated,1,2,high_confidence
frustrated_8449.jpg,frustrated_9115.jpg,frustrated,2,2,high_confidence
frustrated_8449.jpg,frustrated_9121.jpg,frustrated,2,2,high_confidence
frustrated_8449.jpg,frustrated_9127.jpg,frustrated,2,2,high_confidence
frustrated_8449.jpg,frustrated_9138.jpg,frustrated,2,2,high_confidence
frustrated_8449.jpg,frustrated_9133.jpg,frustrated,2,2,high_confidence
frustrated_8449.jpg,frustrated_9145.jpg,frustrated,2,2,high_confidence
frustrated_8456.jpg,frustrated_8462.jpg,frustrated,0,2,high_confidence
frustrated_8456.jpg,frustrated_8472.jpg,frustrated,1,2,high_confidence
frustrated_8456.jpg,frustrated_8643.jpg,frustrated,0,0,high_confidence
frustrated_8456.jpg,frustrated_8648.jpg,frustrated,0,2,high_confidence
frustrated_8456.jpg,frustrated_8653.jpg,frustrated,1,2,high_confidence
frustrated_8456.jpg,frustrated_8658.jpg,frustrated,1,2,high_confidence
frustrated_8456.jpg,frustrated_8667.jpg,frustrated,1,2,high_confidence
frustrated_8456.jpg,frustrated_8672.jpg,frustrated,1,2,high_confidence
frustrated_8456.jpg,frustrated_8677.jpg,frustrated,1,2,high_confidence
frustrated_8456.jpg,frustrated_8681.jpg,frustrated,1,2,high_confidence
frustrated_8456.jpg,frustrated_8685.jpg,frustrated,1,2,high_confidence
frustrated_8456.jpg,frustrated_8690.jpg,frustrated,1,2,high_confidence
frustrated_8456.jpg,frustrated_8761.jpg,frustrated,1,2,high_confidence
frustrated_8456.jpg,frustrated_8766.jpg,frustrated,1,2,high_confidence
frustrated_8456.jpg,frustrated_8781.jpg,frustrated,1,2,high_confidence
frustrated_8456.jpg,frustrated_8786.jpg,frustrated,1,2,high_confidence
frustrated_8456.jpg,frustrated_9115.jpg,frustrated,2,2,high_confidence
frustrated_8456.jpg,frustrated_9121.jpg,frustrated,2,2,high_confidence
frustrated_8456.jpg,frustrated_9127.jpg,frustrated,2,2,high_confidence
frustrated_8456.jpg,frustrated_9138.jpg,frustrated,2,2,high_confidence
frustrated_8456.jpg,frustrated_9133.jpg,frustrated,2,2,high_confidence
frustrated_8456.jpg,frustrated_9145.jpg,frustrated,2,2,high_confidence
frustrated_8462.jpg,frustrated_8472.jpg,frustrated,1,0,high_confidence
frustrated_8462.jpg,frustrated_8643.jpg,frustrated,0,2,high_confidence
frustrated_8462.jpg,frustrated_8648.jpg,frustrated,0,0,high_confidence
frustrated_8462.jpg,frustrated_8653.jpg,frustrated,1,0,high_confidence
frustrated_8462.jpg,frustrated_8658.jpg,frustrated,1,0,high_confidence
frustrated_8462.jpg,frustrated_8667.jpg,frustrated,1,0,high_confidence
frustrated_8462.jpg,frustrated_8672.jpg,frustrated,1,0,high_confidence
frustrated_8462.jpg,frustrated_8677.jpg,frustrated,1,2,high_confidence
frustrated_8462.jpg,frustrated_8681.jpg,frustrated,1,2,high_confidence
frustrated_8462.jpg,frustrated_8685.jpg,frustrated,1,2,high_confidence
frustrated_8462.jpg,frustrated_8690.jpg,frustrated,1,2,high_confidence
frustrated_8462.jpg,frustrated_8761.jpg,frustrated,1,2,high_confidence
frustrated_8462.jpg,frustrated_8766.jpg,frustrated,1,2,high_confidence
frustrated_8462.jpg,frustrated_8781.jpg,frustrated,1,2,high_confidence
frustrated_8462.jpg,frustrated_8786.jpg,frustrated,1,2,high_confidence
frustrated_8462.jpg,frustrated_9115.jpg,frustrated,2,2,high_confidence
frustrated_8462.jpg,frustrated_9121.jpg,frustrated,2,2,high_confidence
frustrated_8462.jpg,frustrated_9127.jpg,frustrated,2,2,high_confidence
frustrated_8462.jpg,frustrated_9138.jpg,frustrated,2,2,high_confidence
frustrated_8462.jpg,frustrated_9133.jpg,frustrated,2,2,high_confidence
frustrated_8462.jpg,frustrated_9145.jpg,frustrated,2,2,high_confidence
frustrated_8472.jpg,frustrated_8643.jpg,frustrated,1,2,high_confidence
frustrated_8472.jpg,frustrated_8648.jpg,frustrated,1,0,high_confidence
frustrated_8472.jpg,frustrated_8653.jpg,frustrated,0,0,high_confidence
frustrated_8472.jpg,frustrated_8658.jpg,frustrated,0,0,high_confidence
frustrated_8472.jpg,frustrated_8667.jpg,frustrated,0,0,high_confidence
frustrated_8472.jpg,frustrated_8672.jpg,frustrated,0,0,high_confidence
frustrated_8472.jpg,frustrated_8677.jpg,frustrated,0,2,high_confidence
frustrated_8472.jpg,frustrated_8681.jpg,frustrated,0,2,high_confidence
frustrated_8472.jpg,frustrated_8685.jpg,frustrated,0,2,high_confidence
frustrated_8472.jpg,frustrated_8690.jpg,frustrated,0,2,high_confidence
frustrated_8472.jpg,frustrated_8761.jpg,frustrated,0,2,high_confidence
frustrated_8472.jpg,frustrated_8766.jpg,frustrated,0,2,high_confidence
frustrated_8472.jpg,frustrated_8781.jpg,frustrated,0,2,high_confidence
frustrated_8472.jpg,frustrated_8786.jpg,frustrated,0,2,high_confidence
frustrated_8472.jpg,frustrated_9115.jpg,frustrated,1,2,high_confidence
frustrated_8472.jpg,frustrated_9121.jpg,frustrated,1,2,high_confidence
frustrated_8472.jpg,frustrated_9127.jpg,frustrated,1,2,high_confidence
frustrated_8472.jpg,frustrated_9138.jpg,frustrated,1,2,high_confidence
frustrated_8472.jpg,frustrated_9133.jpg,frustrated,1,2,high_confidence
frustrated_8472.jpg,frustrated_9145.jpg,frustrated,1,2,high_confidence
frustrated_8643.jpg,frustrated_8648.jpg,frustrated,0,2,high_confidence
frustrated_8643.jpg,frustrated_8653.jpg,frustrated,1,2,high_confidence
frustrated_8643.jpg,frustrated_8658.jpg,frustrated,1,2,high_confidence
frustrated_8643.jpg,frustrated_8667.jpg,frustrated,1,2,high_confidence
frustrated_8643.jpg,frustrated_8672.jpg,frustrated,1,2,high_confidence
frustrated_8643.jpg,frustrated_8677.jpg,frustrated,1,2,high_confidence
frustrated_8643.jpg,frustrated_8681.jpg,frustrated,1,2,high_confidence
frustrated_8643.jpg,frustrated_8685.jpg,frustrated,1,2,high_confidence
frustrated_8643.jpg,frustrated_8690.jpg,frustrated,1,2,high_confidence
frustrated_8643.jpg,frustrated_8761.jpg,frustrated,1,2,high_confidence
frustrated_8643.jpg,frustrated_8766.jpg,frustrated,1,2,high_confidence
frustrated_8643.jpg,frustrated_8781.jpg,frustrated,1,2,high_confidence
frustrated_8643.jpg,frustrated_8786.jpg,frustrated,1,2,high_confidence
frustrated_8643.jpg,frustrated_9115.jpg,frustrated,2,2,high_confidence
frustrated_8643.jpg,frustrated_9121.jpg,frustrated,2,2,high_confidence
frustrated_8643.jpg,frustrated_9127.jpg,frustrated,2,2,high_confidence
frustrated_8643.jpg,frustrated_9138.jpg,frustrated,2,2,high_confidence
frustrated_8643.jpg,frustrated_9133.jpg,frustrated,2,2,high_confidence
frustrated_8643.jpg,frustrated_9145.jpg,frustrated,2,2,high_confidence
frustrated_8648.jpg,frustrated_8653.jpg,frustrated,1,0,high_confidence
frustrated_8648.jpg,frustrated_8658.jpg,frustrated,1,0,high_confidence
frustrated_8648.jpg,frustrated_8667.jpg,frustrated,1,0,high_confidence
frustrated_8648.jpg,frustrated_8672.jpg,frustrated,1,0,high_confidence
frustrated_8648.jpg,frustrated_8677.jpg,frustrated,1,2,high_confidence
frustrated_8648.jpg,frustrated_8681.jpg,frustrated,1,2,high_confidence
frustrated_8648.jpg,frustrated_8685.jpg,frustrated,1,2,high_confidence
frustrated_8648.jpg,frustrated_8690.jpg,frustrated,1,2,high_confidence
frustrated_8648.jpg,frustrated_8761.jpg,frustrated,1,2,high_confidence
frustrated_8648.jpg,frustrated_8766.jpg,frustrated,1,2,high_confidence
frustrated_8648.jpg,frustrated_8781.jpg,frustrated,1,2,high_confidence
frustrated_8648.jpg,frustrated_8786.jpg,frustrated,1,2,high_confidence
frustrated_8648.jpg,frustrated_9115.jpg,frustrated,2,2,high_confidence
frustrated_8648.jpg,frustrated_9121.jpg,frustrated,2,2,high_confidence
frustrated_8648.jpg,frustrated_9127.jpg,frustrated,2,2,high_confidence
frustrated_8648.jpg,frustrated_9138.jpg,frustrated,2,2,high_confidence
frustrated_8648.jpg,frustrated_9133.jpg,frustrated,2,2,high_confidence
frustrated_8648.jpg,frustrated_9145.jpg,frustrated,2,2,high_confidence
frustrated_8653.jpg,frustrated_8658.jpg,frustrated,0,0,high_confidence
frustrated_8653.jpg,frustrated_8667.jpg,frustrated,0,0,high_confidence
frustrated_8653.jpg,frustrated_8672.jpg,frustrated,0,0,high_confidence
frustrated_8653.jpg,frustrated_8677.jpg,frustrated,0,2,high_confidence
frustrated_8653.jpg,frustrated_8681.jpg,frustrated,0,2,high_confidence
frustrated_8653.jpg,frustrated_8685.jpg,frustrated,0,2,high_confidence
frustrated_8653.jpg,frustrated_8690.jpg,frustrated,0,2,high_confidence
frustrated_8653.jpg,frustrated_8761.jpg,frustrated,0,2,high_confidence
frustrated_8653.jpg,frustrated_8766.jpg,frustrated,0,2,high_confidence
frustrated_8653.jpg,frustrated_8781.jpg,frustrated,0,2,high_confidence
frustrated_8653.jpg,frustrated_8786.jpg,frustrated,0,2,high_confidence
frustrated_8653.jpg,frustrated_9115.jpg,frustrated,1,2,high_confidence
frustrated_8653.jpg,frustrated_9121.jpg,frustrated,1,2,high_confidence
frustrated_8653.jpg,frustrated_9127.jpg,frustrated,1,2,high_confidence
frustrated_8653.jpg,frustrated_9138.jpg,frustrated,1,2,high_confidence
frustrated_8653.jpg,frustrated_9133.jpg,frustrated,1,2,high_confidence
frustrated_8653.jpg,frustrated_9145.jpg,frustrated,1,2,high_confidence
frustrated_8658.jpg,frustrated_8667.jpg,frustrated,0,0,high_confidence
frustrated_8658.jpg,frustrated_8672.jpg,frustrated,0,0,high_confidence
frustrated_8658.jpg,frustrated_8677.jpg,frustrated,0,2,high_confidence
frustrated_8658.jpg,frustrated_8681.jpg,frustrated,0,2,high_confidence
frustrated_8658.jpg,frustrated_8685.jpg,frustrated,0,2,high_confidence
frustrated_8658.jpg,frustrated_8690.jpg,frustrated,0,2,high_confidence
frustrated_8658.jpg,frustrated_8761.jpg,frustrated,0,2,high_confidence
frustrated_8658.jpg,frustrated_8766.jpg,frustrated,0,2,high_confidence
frustrated_8658.jpg,frustrated_8781.jpg,frustrated,0,2,high_confidence
frustrated_8658.jpg,frustrated_8786.jpg,frustrated,0,2,high_confidence
frustrated_8658.jpg,frustrated_9115.jpg,frustrated,1,2,high_confidence
frustrated_8658.jpg,frustrated_9121.jpg,frustrated,1,2,high_confidence
frustrated_8658.jpg,frustrated_9127.jpg,frustrated,1,2,high_confidence
frustrated_8658.jpg,frustrated_9138.jpg,frustrated,1,2,high_confidence
frustrated_8658.jpg,frustrated_9133.jpg,frustrated,1,2,high_confidence
frustrated_8658.jpg,frustrated_9145.jpg,frustrated,1,2,high_confidence
frustrated_8667.jpg,frustrated_8672.jpg,frustrated,0,0,high_confidence
frustrated_8667.jpg,frustrated_8677.jpg,frustrated,0,2,high_confidence
frustrated_8667.jpg,frustrated_8681.jpg,frustrated,0,2,high_confidence
frustrated_8667.jpg,frustrated_8685.jpg,frustrated,0,2,high_confidence
frustrated_8667.jpg,frustrated_8690.jpg,frustrated,0,2,high_confidence
frustrated_8667.jpg,frustrated_8761.jpg,frustrated,0,2,high_confidence
frustrated_8667.jpg,frustrated_8766.jpg,frustrated,0,2,high_confidence
frustrated_8667.jpg,frustrated_8781.jpg,frustrated,0,2,high_confidence
frustrated_8667.jpg,frustrated_8786.jpg,frustrated,0,2,high_confidence
frustrated_8667.jpg,frustrated_9115.jpg,frustrated,1,2,high_confidence
frustrated_8667.jpg,frustrated_9121.jpg,frustrated,1,2,high_confidence
frustrated_8667.jpg,frustrated_9127.jpg,frustrated,1,2,high_confidence
frustrated_8667.jpg,frustrated_9138.jpg,frustrated,1,2,high_confidence
frustrated_8667.jpg,frustrated_9133.jpg,frustrated,1,2,high_confidence
frustrated_8667.jpg,frustrated_9145.jpg,frustrated,1,2,high_confidence
frustrated_8672.jpg,frustrated_8677.jpg,frustrated,0,2,high_confidence
frustrated_8672.jpg,frustrated_8681.jpg,frustrated,0,2,high_confidence
frustrated_8672.jpg,frustrated_8685.jpg,frustrated,0,2,high_confidence
frustrated_8672.jpg,frustrated_8690.jpg,frustrated,0,2,high_confidence
frustrated_8672.jpg,frustrated_8761.jpg,frustrated,0,2,high_confidence
frustrated_8672.jpg,frustrated_8766.jpg,frustrated,0,2,high_confidence
frustrated_8672.jpg,frustrated_8781.jpg,frustrated,0,2,high_confidence
frustrated_8672.jpg,frustrated_8786.jpg,frustrated,0,2,high_confidence
frustrated_8672.jpg,frustrated_9115.jpg,frustrated,1,2,high_confidence
frustrated_8672.jpg,frustrated_9121.jpg,frustrated,1,2,high_confidence
frustrated_8672.jpg,frustrated_9127.jpg,frustrated,1,2,high_confidence
frustrated_8672.jpg,frustrated_9138.jpg,frustrated,1,2,high_confidence
frustrated_8672.jpg,frustrated_9133.jpg,frustrated,1,2,high_confidence
frustrated_8672.jpg,frustrated_9145.jpg,frustrated,1,2,high_confidence
frustrated_8677.jpg,frustrated_8681.jpg,frustrated,0,0,high_confidence
frustrated_8677.jpg,frustrated_8685.jpg,frustrated,0,0,high_confidence
frustrated_8677.jpg,frustrated_8690.jpg,frustrated,0,0,high_confidence
frustrated_8677.jpg,frustrated_8761.jpg,frustrated,0,0,high_confidence
frustrated_8677.jpg,frustrated_8766.jpg,frustrated,0,0,high_confidence
frustrated_8677.jpg,frustrated_8781.jpg,frustrated,0,0,high_confidence
frustrated_8677.jpg,frustrated_8786.jpg,frustrated,0,0,high_confidence
frustrated_8677.jpg,frustrated_9115.jpg,frustrated,1,0,high_confidence
frustrated_8677.jpg,frustrated_9121.jpg,frustrated,1,0,high_confidence
frustrated_8677.jpg,frustrated_9127.jpg,frustrated,1,0,high_confidence
frustrated_8677.jpg,frustrated_9138.jpg,frustrated,1,0,high_confidence
frustrated_8677.jpg,frustrated_9133.jpg,frustrated,1,0,high_confidence
frustrated_8677.jpg,frustrated_9145.jpg,frustrated,1,0,high_confidence
frustrated_8681.jpg,frustrated_8685.jpg,frustrated,0,0,high_confidence
frustrated_8681.jpg,frustrated_8690.jpg,frustrated,0,0,high_confidence
frustrated_8681.jpg,frustrated_8761.jpg,frustrated,0,0,high_confidence
frustrated_8681.jpg,frustrated_8766.jpg,frustrated,0,0,high_confidence
frustrated_8681.jpg,frustrated_8781.jpg,frustrated,0,0,high_confidence
frustrated_8681.jpg,frustrated_8786.jpg,frustrated,0,0,high_confidence
frustrated_8681.jpg,frustrated_9115.jpg,frustrated,1,0,high_confidence
frustrated_8681.jpg,frustrated_9121.jpg,frustrated,1,0,high_confidence
frustrated_8681.jpg,frustrated_9127.jpg,frustrated,1,0,high_confidence
frustrated_8681.jpg,frustrated_9138.jpg,frustrated,1,0,high_confidence
frustrated_8681.jpg,frustrated_9133.jpg,frustrated,1,0,high_confidence
frustrated_8681.jpg,frustrated_9145.jpg,frustrated,1,0,high_confidence
frustrated_8685.jpg,frustrated_8690.jpg,frustrated,0,0,high_confidence
frustrated_8685.jpg,frustrated_8761.jpg,frustrated,0,0,high_confidence
frustrated_8685.jpg,frustrated_8766.jpg,frustrated,0,0,high_confidence
frustrated_8685.jpg,frustrated_8781.jpg,frustrated,0,0,high_confidence
frustrated_8685.jpg,frustrated_8786.jpg,frustrated,0,0,high_confidence
frustrated_8685.jpg,frustrated_9115.jpg,frustrated,1,0,high_confidence
frustrated_8685.jpg,frustrated_9121.jpg,frustrated,1,0,high_confidence
frustrated_8685.jpg,frustrated_9127.jpg,frustrated,1,0,high_confidence
frustrated_8685.jpg,frustrated_9138.jpg,frustrated,1,0,high_confidence
frustrated_8685.jpg,frustrated_9133.jpg,frustrated,1,0,high_confidence
frustrated_8685.jpg,frustrated_9145.jpg,frustrated,1,0,high_confidence
frustrated_8690.jpg,frustrated_8761.jpg,frustrated,0,0,high_confidence
frustrated_8690.jpg,frustrated_8766.jpg,frustrated,0,0,high_confidence
frustrated_8690.jpg,frustrated_8781.jpg,frustrated,0,0,high_confidence
frustrated_8690.jpg,frustrated_8786.jpg,frustrated,0,0,high_confidence
frustrated_8690.jpg,frustrated_9115.jpg,frustrated,1,0,high_confidence
frustrated_8690.jpg,frustrated_9121.jpg,frustrated,1,0,high_confidence
frustrated_8690.jpg,frustrated_9127.jpg,frustrated,1,0,high_confidence
frustrated_8690.jpg,frustrated_9138.jpg,frustrated,1,0,high_confidence
frustrated_8690.jpg,frustrated_9133.jpg,frustrated,1,0,high_confidence
frustrated_8690.jpg,frustrated_9145.jpg,frustrated,1,0,high_confidence
frustrated_8761.jpg,frustrated_8766.jpg,frustrated,0,0,high_confidence
frustrated_8761.jpg,frustrated_8781.jpg,frustrated,0,0,high_confidence
frustrated_8761.jpg,frustrated_8786.jpg,frustrated,0,0,high_confidence
frustrated_8761.jpg,frustrated_9115.jpg,frustrated,1,0,high_confidence
frustrated_8761.jpg,frustrated_9121.jpg,frustrated,1,0,high_confidence
frustrated_8761.jpg,frustrated_9127.jpg,frustrated,1,0,high_confidence
frustrated_8761.jpg,frustrated_9138.jpg,frustrated,1,0,high_confidence
frustrated_8761.jpg,frustrated_9133.jpg,frustrated,1,0,high_confidence
frustrated_8761.jpg,frustrated_9145.jpg,frustrated,1,0,high_confidence
frustrated_8766.jpg,frustrated_8781.jpg,frustrated,0,0,high_confidence
frustrated_8766.jpg,frustrated_8786.jpg,frustrated,0,0,high_confidence
frustrated_8766.jpg,frustrated_9115.jpg,frustrated,1,0,high_confidence
frustrated_8766.jpg,frustrated_9121.jpg,frustrated,1,0,high_confidence
frustrated_8766.jpg,frustrated_9127.jpg,frustrated,1,0,high_confidence
frustrated_8766.jpg,frustrated_9138.jpg,frustrated,1,0,high_confidence
frustrated_8766.jpg,frustrated_9133.jpg,frustrated,1,0,high_confidence
frustrated_8766.jpg,frustrated_9145.jpg,frustrated,1,0,high_confidence
frustrated_8781.jpg,frustrated_8786.jpg,frustrated,0,0,high_confidence
frustrated_8781.jpg,frustrated_9115.jpg,frustrated,1,0,high_confidence
frustrated_8781.jpg,frustrated_9121.jpg,frustrated,1,0,high_confidence
frustrated_8781.jpg,frustrated_9127.jpg,frustrated,1,0,high_confidence
frustrated_8781.jpg,frustrated_9138.jpg,frustrated,1,0,high_confidence
frustrated_8781.jpg,frustrated_9133.jpg,frustrated,1,0,high_confidence
frustrated_8781.jpg,frustrated_9145.jpg,frustrated,1,0,high_confidence
frustrated_8786.jpg,frustrated_9115.jpg,frustrated,1,0,high_confidence
frustrated_8786.jpg,frustrated_9121.jpg,frustrated,1,0,high_confidence
frustrated_8786.jpg,frustrated_9127.jpg,frustrated,1,0,high_confidence
frustrated_8786.jpg,frustrated_9138.jpg,frustrated,1,0,high_confidence
frustrated_8786.jpg,frustrated_9133.jpg,frustrated,1,0,high_confidence
frustrated_8786.jpg,frustrated_9145.jpg,frustrated,1,0,high_confidence
frustrated_8936.jpg,frustrated_8946.jpg,frustrated,0,2,high_confidence
frustrated_8936.jpg,frustrated_9561.jpg,frustrated,0,2,high_confidence
frustrated_8936.jpg,frustrated_8926.jpg,frustrated,0,0,high_confidence
frustrated_8936.jpg,frustrated_8932.jpg,frustrated,0,0,high_confidence
frustrated_8936.jpg,frustrated_8942.jpg,frustrated,0,2,high_confidence
frustrated_8946.jpg,frustrated_9014.jpg,frustrated,0,2,high_confidence
frustrated_8946.jpg,frustrated_9019.jpg,frustrated,0,2,high_confidence
frustrated_8946.jpg,frustrated_9029.jpg,frustrated,1,2,high_confidence
frustrated_8946.jpg,frustrated_9033.jpg,frustrated,1,2,high_confidence
frustrated_8946.jpg,frustrated_9550.jpg,frustrated,0,2,high_confidence
frustrated_8946.jpg,frustrated_9555.jpg,frustrated,0,2,high_confidence
frustrated_8946.jpg,frustrated_9561.jpg,frustrated,0,2,high_confidence
frustrated_8946.jpg,frustrated_9565.jpg,frustrated,0,2,high_confidence
frustrated_8946.jpg,frustrated_9570.jpg,frustrated,0,2,high_confidence
frustrated_8946.jpg,frustrated_8926.jpg,frustrated,0,2,high_confidence
frustrated_8946.jpg,frustrated_8932.jpg,frustrated,0,2,high_confidence
frustrated_8946.jpg,frustrated_9580.jpg,frustrated,0,2,high_confidence
frustrated_8946.jpg,frustrated_8942.jpg,frustrated,0,0,high_confidence
frustrated_8946.jpg,frustrated_9024.jpg,frustrated,1,2,high_confidence
frustrated_8946.jpg,frustrated_9576.jpg,frustrated,0,2,high_confidence
frustrated_9014.jpg,frustrated_9019.jpg,frustrated,0,0,high_confidence
frustrated_9014.jpg,frustrated_9029.jpg,frustrated,1,0,high_confidence
frustrated_9014.jpg,frustrated_9033.jpg,frustrated,1,0,high_confidence
frustrated_9014.jpg,frustrated_9550.jpg,frustrated,0,0,high_confidence
frustrated_9014.jpg,frustrated_9555.jpg,frustrated,0,0,high_confidence
frustrated_9014.jpg,frustrated_9561.jpg,frustrated,0,2,high_confidence
frustrated_9014.jpg,frustrated_9565.jpg,frustrated,0,0,high_confidence
frustrated_9014.jpg,frustrated_9570.jpg,frustrated,0,0,high_confidence
frustrated_9014.jpg,frustrated_9580.jpg,frustrated,0,0,high_confidence
frustrated_9014.jpg,frustrated_8942.jpg,frustrated,0,2,high_confidence
frustrated_9014.jpg,frustrated_9024.jpg,frustrated,1,0,high_confidence
frustrated_9014.jpg,frustrated_9576.jpg,frustrated,0,0,high_confidence
frustrated_9019.jpg,frustrated_9029.jpg,frustrated,1,0,high_confidence
frustrated_9019.jpg,frustrated_9033.jpg,frustrated,1,0,high_confidence
frustrated_9019.jpg,frustrated_9550.jpg,frustrated,0,0,high_confidence
frustrated_9019.jpg,frustrated_9555.jpg,frustrated,0,0,high_confidence
frustrated_9019.jpg,frustrated_9561.jpg,frustrated,0,2,high_confidence
frustrated_9019.jpg,frustrated_9565.jpg,frustrated,0,0,high_confidence
frustrated_9019.jpg,frustrated_9570.jpg,frustrated,0,0,high_confidence
frustrated_9019.jpg,frustrated_9580.jpg,frustrated,0,0,high_confidence
frustrated_9019.jpg,frustrated_8942.jpg,frustrated,0,2,high_confidence
frustrated_9019.jpg,frustrated_9024.jpg,frustrated,1,0,high_confidence
frustrated_9019.jpg,frustrated_9576.jpg,frustrated,0,0,high_confidence
frustrated_9029.jpg,frustrated_9033.jpg,frustrated,0,0,high_confidence
frustrated_9029.jpg,frustrated_9550.jpg,frustrated,1,0,high_confidence
frustrated_9029.jpg,frustrated_9555.jpg,frustrated,1,0,high_confidence
frustrated_9029.jpg,frustrated_9561.jpg,frustrated,1,2,high_confidence
frustrated_9029.jpg,frustrated_9565.jpg,frustrated,1,0,high_confidence
frustrated_9029.jpg,frustrated_9570.jpg,frustrated,1,0,high_confidence
frustrated_9029.jpg,frustrated_9580.jpg,frustrated,1,0,high_confidence
frustrated_9029.jpg,frustrated_8942.jpg,frustrated,1,2,high_confidence
frustrated_9029.jpg,frustrated_9024.jpg,frustrated,0,0,high_confidence
frustrated_9029.jpg,frustrated_9576.jpg,frustrated,1,0,high_confidence
frustrated_9033.jpg,frustrated_9550.jpg,frustrated,1,0,high_confidence
frustrated_9033.jpg,frustrated_9555.jpg,frustrated,1,0,high_confidence
frustrated_9033.jpg,frustrated_9561.jpg,frustrated,1,2,high_confidence
frustrated_9033.jpg,frustrated_9565.jpg,frustrated,1,0,high_confidence
frustrated_9033.jpg,frustrated_9570.jpg,frustrated,1,0,high_confidence
frustrated_9033.jpg,frustrated_9580.jpg,frustrated,1,0,high_confidence
frustrated_9033.jpg,frustrated_8942.jpg,frustrated,1,2,high_confidence
frustrated_9033.jpg,frustrated_9024.jpg,frustrated,0,0,high_confidence
frustrated_9033.jpg,frustrated_9576.jpg,frustrated,1,0,high_confidence
frustrated_9115.jpg,frustrated_9121.jpg,frustrated,0,0,high_confidence
frustrated_9115.jpg,frustrated_9127.jpg,frustrated,0,0,high_confidence
frustrated_9115.jpg,frustrated_9138.jpg,frustrated,0,0,high_confidence
frustrated_9115.jpg,frustrated_9133.jpg,frustrated,0,0,high_confidence
frustrated_9115.jpg,frustrated_9145.jpg,frustrated,0,0,high_confidence
frustrated_9121.jpg,frustrated_9127.jpg,frustrated,0,0,high_confidence
frustrated_9121.jpg,frustrated_9138.jpg,frustrated,0,0,high_confidence
frustrated_9121.jpg,frustrated_9133.jpg,frustrated,0,0,high_confidence
frustrated_9121.jpg,frustrated_9145.jpg,frustrated,0,0,high_confidence
frustrated_9127.jpg,frustrated_9138.jpg,frustrated,0,0,high_confidence
frustrated_9127.jpg,frustrated_9133.jpg,frustrated,0,0,high_confidence
frustrated_9127.jpg,frustrated_9145.jpg,frustrated,0,0,high_confidence
frustrated_9138.jpg,frustrated_9133.jpg,frustrated,0,0,high_confidence
frustrated_9138.jpg,frustrated_9145.jpg,frustrated,0,0,high_confidence
frustrated_9363.jpg,frustrated_9369.jpg,frustrated,0,0,high_confidence
frustrated_9363.jpg,frustrated_9374.jpg,frustrated,0,0,high_confidence
frustrated_9363.jpg,frustrated_9402.jpg,frustrated,0,0,high_confidence
frustrated_9363.jpg,frustrated_9407.jpg,frustrated,0,0,high_confidence
frustrated_9363.jpg,frustrated_9411.jpg,frustrated,0,0,high_confidence
frustrated_9369.jpg,frustrated_9374.jpg,frustrated,0,0,high_confidence
frustrated_9369.jpg,frustrated_9402.jpg,frustrated,0,0,high_confidence
frustrated_9369.jpg,frustrated_9407.jpg,frustrated,0,0,high_confidence
frustrated_9369.jpg,frustrated_9411.jpg,frustrated,0,0,high_confidence
frustrated_9374.jpg,frustrated_9402.jpg,frustrated,0,0,high_confidence
frustrated_9374.jpg,frustrated_9407.jpg,frustrated,0,0,high_confidence
frustrated_9374.jpg,frustrated_9411.jpg,frustrated,0,0,high_confidence
frustrated_9402.jpg,frustrated_9407.jpg,frustrated,0,0,high_confidence
frustrated_9402.jpg,frustrated_9411.jpg,frustrated,0,0,high_confidence
frustrated_9407.jpg,frustrated_9411.jpg,frustrated,0,0,high_confidence
frustrated_9550.jpg,frustrated_9555.jpg,frustrated,0,0,high_confidence
frustrated_9550.jpg,frustrated_9561.jpg,frustrated,0,2,high_confidence
frustrated_9550.jpg,frustrated_9565.jpg,frustrated,0,0,high_confidence
frustrated_9550.jpg,frustrated_9570.jpg,frustrated,0,0,high_confidence
frustrated_9550.jpg,frustrated_9580.jpg,frustrated,0,0,high_confidence
frustrated_9550.jpg,frustrated_8942.jpg,frustrated,0,2,high_confidence
frustrated_9550.jpg,frustrated_9024.jpg,frustrated,1,0,high_confidence
frustrated_9550.jpg,frustrated_9576.jpg,frustrated,0,0,high_confidence
frustrated_9555.jpg,frustrated_9561.jpg,frustrated,0,2,high_confidence
frustrated_9555.jpg,frustrated_9565.jpg,frustrated,0,0,high_confidence
frustrated_9555.jpg,frustrated_9570.jpg,frustrated,0,0,high_confidence
frustrated_9555.jpg,frustrated_9580.jpg,frustrated,0,0,high_confidence
frustrated_9555.jpg,frustrated_8942.jpg,frustrated,0,2,high_confidence
frustrated_9555.jpg,frustrated_9024.jpg,frustrated,1,0,high_confidence
frustrated_9555.jpg,frustrated_9576.jpg,frustrated,0,0,high_confidence
frustrated_9561.jpg,frustrated_9565.jpg,frustrated,0,2,high_confidence
frustrated_9561.jpg,frustrated_9570.jpg,frustrated,0,2,high_confidence
frustrated_9561.jpg,frustrated_8926.jpg,frustrated,0,2,high_confidence
frustrated_9561.jpg,frustrated_8932.jpg,frustrated,0,2,high_confidence
frustrated_9561.jpg,frustrated_9580.jpg,frustrated,0,2,high_confidence
frustrated_9561.jpg,frustrated_8942.jpg,frustrated,0,2,high_confidence
frustrated_9561.jpg,frustrated_9024.jpg,frustrated,1,2,high_confidence
frustrated_9561.jpg,frustrated_9576.jpg,frustrated,0,2,high_confidence
frustrated_9565.jpg,frustrated_9570.jpg,frustrated,0,0,high_confidence
frustrated_9565.jpg,frustrated_9580.jpg,frustrated,0,0,high_confidence
frustrated_9565.jpg,frustrated_8942.jpg,frustrated,0,2,high_confidence
frustrated_9565.jpg,frustrated_9024.jpg,frustrated,1,0,high_confidence
frustrated_9565.jpg,frustrated_9576.jpg,frustrated,0,0,high_confidence
frustrated_9570.jpg,frustrated_9580.jpg,frustrated,0,0,high_confidence
frustrated_9570.jpg,frustrated_8942.jpg,frustrated,0,2,high_confidence
frustrated_9570.jpg,frustrated_9024.jpg,frustrated,1,0,high_confidence
frustrated_9570.jpg,frustrated_9576.jpg,frustrated,0,0,high_confidence
frustrated_9657.jpg,frustrated_9664.jpg,frustrated,0,0,high_confidence
frustrated_9657.jpg,frustrated_9647.jpg,frustrated,1,0,high_confidence
frustrated_9657.jpg,frustrated_9653.jpg,frustrated,0,0,high_confidence
frustrated_9664.jpg,frustrated_9647.jpg,frustrated,1,0,high_confidence
frustrated_9664.jpg,frustrated_9653.jpg,frustrated,0,0,high_confidence
frustrated_9724.jpg,frustrated_9729.jpg,frustrated,0,0,high_confidence
frustrated_9724.jpg,frustrated_9776.jpg,frustrated,1,2,high_confidence
frustrated_9724.jpg,frustrated_9782.jpg,frustrated,1,2,high_confidence
frustrated_9724.jpg,frustrated_9798.jpg,frustrated,1,2,high_confidence
frustrated_9724.jpg,frustrated_9734.jpg,frustrated,0,0,high_confidence
frustrated_9724.jpg,frustrated_9812.jpg,frustrated,1,2,high_confidence
frustrated_9729.jpg,frustrated_9776.jpg,frustrated,1,2,high_confidence
frustrated_9729.jpg,frustrated_9782.jpg,frustrated,1,2,high_confidence
frustrated_9729.jpg,frustrated_9798.jpg,frustrated,1,2,high_confidence
frustrated_9729.jpg,frustrated_9734.jpg,frustrated,0,0,high_confidence
frustrated_9729.jpg,frustrated_9812.jpg,frustrated,1,2,high_confidence
frustrated_9776.jpg,frustrated_9782.jpg,frustrated,0,0,high_confidence
frustrated_9776.jpg,frustrated_9798.jpg,frustrated,0,0,high_confidence
frustrated_9776.jpg,frustrated_9734.jpg,frustrated,1,2,high_confidence
frustrated_9776.jpg,frustrated_9812.jpg,frustrated,0,0,high_confidence
frustrated_9782.jpg,frustrated_9798.jpg,frustrated,0,0,high_confidence
frustrated_9782.jpg,frustrated_9734.jpg,frustrated,1,2,high_confidence
frustrated_9782.jpg,frustrated_9812.jpg,frustrated,0,0,high_confidence
bored_5193.jpg,bored_5222.jpg,bored,0,0,high_confidence
bored_5193.jpg,bored_5226.jpg,bored,0,0,high_confidence
bored_5695.jpg,bored_5685.jpg,bored,1,2,high_confidence
bored_5910.jpg,bored_6047.jpg,bored,1,0,high_confidence
bored_6290.jpg,bored_6279.jpg,bored,0,0,high_confidence
bored_7035.jpg,bored_7074.jpg,bored,0,0,high_confidence
bored_7035.jpg,bored_7114.jpg,bored,0,0,high_confidence
bored_7035.jpg,bored_6379.jpg,bored,0,2,high_confidence
bored_7035.jpg,bored_7094.jpg,bored,0,0,high_confidence
bored_7035.jpg,bored_7107.jpg,bored,0,0,high_confidence
bored_7074.jpg,bored_7114.jpg,bored,0,0,high_confidence
bored_7074.jpg,bored_6379.jpg,bored,0,2,high_confidence
bored_7074.jpg,bored_7094.jpg,bored,0,0,high_confidence
bored_7074.jpg,bored_7107.jpg,bored,0,0,high_confidence
bored_7114.jpg,bored_6379.jpg,bored,0,2,high_confidence
bored_7114.jpg,bored_7094.jpg,bored,0,0,high_confidence
bored_7114.jpg,bored_7107.jpg,bored,0,0,high_confidence
confused_12902.jpg,confused_13013.jpg,confused,0,0,high_confidence
confused_12902.jpg,confused_13018.jpg,confused,0,0,high_confidence
engaged_1314.jpg,engaged_1343.jpg,engaged,0,2,high_confidence
engaged_1314.jpg,engaged_1347.jpg,engaged,0,2,high_confidence
engaged_1314.jpg,engaged_1376.jpg,engaged,1,2,high_confidence
engaged_1314.jpg,engaged_1405.jpg,engaged,1,2,high_confidence
engaged_1314.jpg,engaged_817.jpg,engaged,1,2,high_confidence
engaged_1314.jpg,engaged_1056.jpg,engaged,1,0,high_confidence
engaged_1314.jpg,engaged_1333.jpg,engaged,0,0,high_confidence
engaged_1314.jpg,engaged_1378.jpg,engaged,1,2,high_confidence
engaged_1314.jpg,engaged_752.jpg,engaged,2,2,high_confidence
engaged_1343.jpg,engaged_1347.jpg,engaged,0,0,high_confidence
engaged_1343.jpg,engaged_1376.jpg,engaged,1,0,high_confidence
engaged_1343.jpg,engaged_1405.jpg,engaged,1,0,high_confidence
engaged_1343.jpg,engaged_1056.jpg,engaged,1,2,high_confidence
engaged_1343.jpg,engaged_1333.jpg,engaged,0,2,high_confidence
engaged_1343.jpg,engaged_1378.jpg,engaged,1,0,high_confidence
engaged_1347.jpg,engaged_1376.jpg,engaged,1,0,high_confidence
engaged_1347.jpg,engaged_1405.jpg,engaged,1,0,high_confidence
engaged_1347.jpg,engaged_1056.jpg,engaged,1,2,high_confidence
engaged_1347.jpg,engaged_1333.jpg,engaged,0,2,high_confidence
engaged_1347.jpg,engaged_1378.jpg,engaged,1,0,high_confidence
engaged_1376.jpg,engaged_1405.jpg,engaged,0,0,high_confidence
engaged_1376.jpg,engaged_1056.jpg,engaged,0,2,high_confidence
engaged_1376.jpg,engaged_1333.jpg,engaged,1,2,high_confidence
engaged_1376.jpg,engaged_1378.jpg,engaged,0,0,high_confidence
engaged_1405.jpg,engaged_1056.jpg,engaged,0,2,high_confidence
engaged_1405.jpg,engaged_1333.jpg,engaged,1,2,high_confidence
engaged_1405.jpg,engaged_1378.jpg,engaged,0,0,high_confidence
engaged_1775.jpg,engaged_1779.jpg,engaged,0,0,high_confidence
engaged_1775.jpg,engaged_1836.jpg,engaged,1,0,high_confidence
engaged_1775.jpg,engaged_1867.jpg,engaged,0,0,high_confidence
engaged_1775.jpg,engaged_1979.jpg,engaged,0,0,high_confidence
engaged_1775.jpg,engaged_2045.jpg,engaged,0,0,high_confidence
engaged_1775.jpg,engaged_2079.jpg,engaged,1,0,high_confidence
engaged_1775.jpg,engaged_2080.jpg,engaged,1,0,high_confidence
engaged_1775.jpg,engaged_2086.jpg,engaged,1,0,high_confidence
engaged_1775.jpg,engaged_2096.jpg,engaged,1,0,high_confidence
engaged_1775.jpg,engaged_2103.jpg,engaged,1,0,high_confidence
engaged_1775.jpg,engaged_2121.jpg,engaged,1,0,high_confidence
engaged_1775.jpg,engaged_2136.jpg,engaged,1,0,high_confidence
engaged_1775.jpg,engaged_2166.jpg,engaged,1,0,high_confidence
engaged_1775.jpg,engaged_2172.jpg,engaged,1,0,high_confidence
engaged_1775.jpg,engaged_2213.jpg,engaged,1,0,high_confidence
engaged_1775.jpg,engaged_1806.jpg,engaged,0,0,high_confidence
engaged_1775.jpg,engaged_1860.jpg,engaged,0,0,high_confidence
engaged_1775.jpg,engaged_1916.jpg,engaged,0,0,high_confidence
engaged_1775.jpg,engaged_1925.jpg,engaged,0,0,high_confidence
engaged_1775.jpg,engaged_1982.jpg,engaged,0,0,high_confidence
engaged_1775.jpg,engaged_2048.jpg,engaged,0,0,high_confidence
engaged_1775.jpg,engaged_2073.jpg,engaged,1,0,high_confidence
engaged_1775.jpg,engaged_2081.jpg,engaged,1,0,high_confidence
engaged_1775.jpg,engaged_2092.jpg,engaged,1,0,high_confidence
engaged_1775.jpg,engaged_2106.jpg,engaged,1,0,high_confidence
engaged_1775.jpg,engaged_2111.jpg,engaged,1,0,high_confidence
engaged_1775.jpg,engaged_2116.jpg,engaged,1,0,high_confidence
engaged_1775.jpg,engaged_2125.jpg,engaged,1,0,high_confidence
engaged_1775.jpg,engaged_2156.jpg,engaged,1,0,high_confidence
engaged_1775.jpg,engaged_2181.jpg,engaged,1,0,high_confidence
engaged_1775.jpg,engaged_2191.jpg,engaged,1,0,high_confidence
engaged_1775.jpg,engaged_2198.jpg,engaged,1,0,high_confidence
engaged_1775.jpg,engaged_2203.jpg,engaged,1,0,high_confidence
engaged_1775.jpg,engaged_2214.jpg,engaged,1,0,high_confidence
engaged_1775.jpg,engaged_2216.jpg,engaged,1,0,high_confidence
engaged_1779.jpg,engaged_1836.jpg,engaged,1,0,high_confidence
engaged_1779.jpg,engaged_1867.jpg,engaged,0,0,high_confidence
engaged_1779.jpg,engaged_1979.jpg,engaged,0,0,high_confidence
engaged_1779.jpg,engaged_2045.jpg,engaged,0,0,high_confidence
engaged_1779.jpg,engaged_2079.jpg,engaged,1,0,high_confidence
engaged_1779.jpg,engaged_2080.jpg,engaged,1,0,high_confidence
engaged_1779.jpg,engaged_2086.jpg,engaged,1,0,high_confidence
engaged_1779.jpg,engaged_2096.jpg,engaged,1,0,high_confidence
engaged_1779.jpg,engaged_2103.jpg,engaged,1,0,high_confidence
engaged_1779.jpg,engaged_2121.jpg,engaged,1,0,high_confidence
engaged_1779.jpg,engaged_2136.jpg,engaged,1,0,high_confidence
engaged_1779.jpg,engaged_2166.jpg,engaged,1,0,high_confidence
engaged_1779.jpg,engaged_2172.jpg,engaged,1,0,high_confidence
engaged_1779.jpg,engaged_2213.jpg,engaged,1,0,high_confidence
engaged_1779.jpg,engaged_1806.jpg,engaged,0,0,high_confidence
engaged_1779.jpg,engaged_1860.jpg,engaged,0,0,high_confidence
engaged_1779.jpg,engaged_1916.jpg,engaged,0,0,high_confidence
engaged_1779.jpg,engaged_1925.jpg,engaged,0,0,high_confidence
engaged_1779.jpg,engaged_1982.jpg,engaged,0,0,high_confidence
engaged_1779.jpg,engaged_2048.jpg,engaged,0,0,high_confidence
engaged_1779.jpg,engaged_2073.jpg,engaged,1,0,high_confidence
engaged_1779.jpg,engaged_2081.jpg,engaged,1,0,high_confidence
engaged_1779.jpg,engaged_2092.jpg,engaged,1,0,high_confidence
engaged_1779.jpg,engaged_2106.jpg,engaged,1,0,high_confidence
engaged_1779.jpg,engaged_2111.jpg,engaged,1,0,high_confidence
engaged_1779.jpg,engaged_2116.jpg,engaged,1,0,high_confidence
engaged_1779.jpg,engaged_2125.jpg,engaged,1,0,high_confidence
engaged_1779.jpg,engaged_2156.jpg,engaged,1,0,high_confidence
engaged_1779.jpg,engaged_2181.jpg,engaged,1,0,high_confidence
engaged_1779.jpg,engaged_2191.jpg,engaged,1,0,high_confidence
engaged_1779.jpg,engaged_2198.jpg,engaged,1,0,high_confidence
engaged_1779.jpg,engaged_2203.jpg,engaged,1,0,high_confidence
engaged_1779.jpg,engaged_2214.jpg,engaged,1,0,high_confidence
engaged_1779.jpg,engaged_2216.jpg,engaged,1,0,high_confidence
engaged_1836.jpg,engaged_1867.jpg,engaged,1,0,high_confidence
engaged_1836.jpg,engaged_1979.jpg,engaged,1,0,high_confidence
engaged_1836.jpg,engaged_2045.jpg,engaged,1,0,high_confidence
engaged_1836.jpg,engaged_2079.jpg,engaged,0,0,high_confidence
engaged_1836.jpg,engaged_2080.jpg,engaged,0,0,high_confidence
engaged_1836.jpg,engaged_2086.jpg,engaged,0,0,high_confidence
engaged_1836.jpg,engaged_2096.jpg,engaged,0,0,high_confidence
engaged_1836.jpg,engaged_2103.jpg,engaged,0,0,high_confidence
engaged_1836.jpg,engaged_2121.jpg,engaged,0,0,high_confidence
engaged_1836.jpg,engaged_2136.jpg,engaged,0,0,high_confidence
engaged_1836.jpg,engaged_2166.jpg,engaged,0,0,high_confidence
engaged_1836.jpg,engaged_2172.jpg,engaged,0,0,high_confidence
engaged_1836.jpg,engaged_2213.jpg,engaged,0,0,high_confidence
engaged_1836.jpg,engaged_1806.jpg,engaged,1,0,high_confidence
engaged_1836.jpg,engaged_1860.jpg,engaged,1,0,high_confidence
engaged_1836.jpg,engaged_1916.jpg,engaged,1,0,high_confidence
engaged_1836.jpg,engaged_1925.jpg,engaged,1,0,high_confidence
engaged_1836.jpg,engaged_1982.jpg,engaged,1,0,high_confidence
engaged_1836.jpg,engaged_2048.jpg,engaged,1,0,high_confidence
engaged_1836.jpg,engaged_2073.jpg,engaged,0,0,high_confidence
engaged_1836.jpg,engaged_2081.jpg,engaged,0,0,high_confidence
engaged_1836.jpg,engaged_2092.jpg,engaged,0,0,high_confidence
engaged_1836.jpg,engaged_2106.jpg,engaged,0,0,high_confidence
engaged_1836.jpg,engaged_2111.jpg,engaged,0,0,high_confidence
engaged_1836.jpg,engaged_2116.jpg,engaged,0,0,high_confidence
engaged_1836.jpg,engaged_2125.jpg,engaged,0,0,high_confidence
engaged_1836.jpg,engaged_2156.jpg,engaged,0,0,high_confidence
engaged_1836.jpg,engaged_2181.jpg,engaged,0,0,high_confidence
engaged_1836.jpg,engaged_2191.jpg,engaged,0,0,high_confidence
engaged_1836.jpg,engaged_2198.jpg,engaged,0,0,high_confidence
engaged_1836.jpg,engaged_2203.jpg,engaged,0,0,high_confidence
engaged_1836.jpg,engaged_2214.jpg,engaged,0,0,high_confidence
engaged_1836.jpg,engaged_2216.jpg,engaged,0,0,high_confidence
engaged_1867.jpg,engaged_1979.jpg,engaged,0,0,high_confidence
engaged_1867.jpg,engaged_2045.jpg,engaged,0,0,high_confidence
engaged_1867.jpg,engaged_2079.jpg,engaged,1,0,high_confidence
engaged_1867.jpg,engaged_2080.jpg,engaged,1,0,high_confidence
engaged_1867.jpg,engaged_2086.jpg,engaged,1,0,high_confidence
engaged_1867.jpg,engaged_2096.jpg,engaged,1,0,high_confidence
engaged_1867.jpg,engaged_2103.jpg,engaged,1,0,high_confidence
engaged_1867.jpg,engaged_2121.jpg,engaged,1,0,high_confidence
engaged_1867.jpg,engaged_2136.jpg,engaged,1,0,high_confidence
engaged_1867.jpg,engaged_2166.jpg,engaged,1,0,high_confidence
engaged_1867.jpg,engaged_2172.jpg,engaged,1,0,high_confidence
engaged_1867.jpg,engaged_2213.jpg,engaged,1,0,high_confidence
engaged_1867.jpg,engaged_1806.jpg,engaged,0,0,high_confidence
engaged_1867.jpg,engaged_1860.jpg,engaged,0,0,high_confidence
engaged_1867.jpg,engaged_1916.jpg,engaged,0,0,high_confidence
engaged_1867.jpg,engaged_1925.jpg,engaged,0,0,high_confidence
engaged_1867.jpg,engaged_1982.jpg,engaged,0,0,high_confidence
engaged_1867.jpg,engaged_2048.jpg,engaged,0,0,high_confidence
engaged_1867.jpg,engaged_2073.jpg,engaged,1,0,high_confidence
engaged_1867.jpg,engaged_2081.jpg,engaged,1,0,high_confidence
engaged_1867.jpg,engaged_2092.jpg,engaged,1,0,high_confidence
engaged_1867.jpg,engaged_2106.jpg,engaged,1,0,high_confidence
engaged_1867.jpg,engaged_2111.jpg,engaged,1,0,high_confidence
engaged_1867.jpg,engaged_2116.jpg,engaged,1,0,high_confidence
engaged_1867.jpg,engaged_2125.jpg,engaged,1,0,high_confidence
engaged_1867.jpg,engaged_2156.jpg,engaged,1,0,high_confidence
engaged_1867.jpg,engaged_2181.jpg,engaged,1,0,high_confidence
engaged_1867.jpg,engaged_2191.jpg,engaged,1,0,high_confidence
engaged_1867.jpg,engaged_2198.jpg,engaged,1,0,high_confidence
engaged_1867.jpg,engaged_2203.jpg,engaged,1,0,high_confidence
engaged_1867.jpg,engaged_2214.jpg,engaged,1,0,high_confidence
engaged_1867.jpg,engaged_2216.jpg,engaged,1,0,high_confidence
engaged_1979.jpg,engaged_2045.jpg,engaged,0,0,high_confidence
engaged_1979.jpg,engaged_2079.jpg,engaged,1,0,high_confidence
engaged_1979.jpg,engaged_2080.jpg,engaged,1,0,high_confidence
engaged_1979.jpg,engaged_2086.jpg,engaged,1,0,high_confidence
engaged_1979.jpg,engaged_2096.jpg,engaged,1,0,high_confidence
engaged_1979.jpg,engaged_2103.jpg,engaged,1,0,high_confidence
engaged_1979.jpg,engaged_2121.jpg,engaged,1,0,high_confidence
engaged_1979.jpg,engaged_2136.jpg,engaged,1,0,high_confidence
engaged_1979.jpg,engaged_2166.jpg,engaged,1,0,high_confidence
engaged_1979.jpg,engaged_2172.jpg,engaged,1,0,high_confidence
engaged_1979.jpg,engaged_2213.jpg,engaged,1,0,high_confidence
engaged_1979.jpg,engaged_1806.jpg,engaged,0,0,high_confidence
engaged_1979.jpg,engaged_1860.jpg,engaged,0,0,high_confidence
engaged_1979.jpg,engaged_1916.jpg,engaged,0,0,high_confidence
engaged_1979.jpg,engaged_1925.jpg,engaged,0,0,high_confidence
engaged_1979.jpg,engaged_1982.jpg,engaged,0,0,high_confidence
engaged_1979.jpg,engaged_2048.jpg,engaged,0,0,high_confidence
engaged_1979.jpg,engaged_2073.jpg,engaged,1,0,high_confidence
engaged_1979.jpg,engaged_2081.jpg,engaged,1,0,high_confidence
engaged_1979.jpg,engaged_2092.jpg,engaged,1,0,high_confidence
engaged_1979.jpg,engaged_2106.jpg,engaged,1,0,high_confidence
engaged_1979.jpg,engaged_2111.jpg,engaged,1,0,high_confidence
engaged_1979.jpg,engaged_2116.jpg,engaged,1,0,high_confidence
engaged_1979.jpg,engaged_2125.jpg,engaged,1,0,high_confidence
engaged_1979.jpg,engaged_2156.jpg,engaged,1,0,high_confidence
engaged_1979.jpg,engaged_2181.jpg,engaged,1,0,high_confidence
engaged_1979.jpg,engaged_2191.jpg,engaged,1,0,high_confidence
engaged_1979.jpg,engaged_2198.jpg,engaged,1,0,high_confidence
engaged_1979.jpg,engaged_2203.jpg,engaged,1,0,high_confidence
engaged_1979.jpg,engaged_2214.jpg,engaged,1,0,high_confidence
engaged_1979.jpg,engaged_2216.jpg,engaged,1,0,high_confidence
engaged_2045.jpg,engaged_2079.jpg,engaged,1,0,high_confidence
engaged_2045.jpg,engaged_2080.jpg,engaged,1,0,high_confidence
engaged_2045.jpg,engaged_2086.jpg,engaged,1,0,high_confidence
engaged_2045.jpg,engaged_2096.jpg,engaged,1,0,high_confidence
engaged_2045.jpg,engaged_2103.jpg,engaged,1,0,high_confidence
engaged_2045.jpg,engaged_2121.jpg,engaged,1,0,high_confidence
engaged_2045.jpg,engaged_2136.jpg,engaged,1,0,high_confidence
engaged_2045.jpg,engaged_2166.jpg,engaged,1,0,high_confidence
engaged_2045.jpg,engaged_2172.jpg,engaged,1,0,high_confidence
engaged_2045.jpg,engaged_2213.jpg,engaged,1,0,high_confidence
engaged_2045.jpg,engaged_1806.jpg,engaged,0,0,high_confidence
engaged_2045.jpg,engaged_1860.jpg,engaged,0,0,high_confidence
engaged_2045.jpg,engaged_1916.jpg,engaged,0,0,high_confidence
engaged_2045.jpg,engaged_1925.jpg,engaged,0,0,high_confidence
engaged_2045.jpg,engaged_1982.jpg,engaged,0,0,high_confidence
engaged_2045.jpg,engaged_2048.jpg,engaged,0,0,high_confidence
engaged_2045.jpg,engaged_2073.jpg,engaged,1,0,high_confidence
engaged_2045.jpg,engaged_2081.jpg,engaged,1,0,high_confidence
engaged_2045.jpg,engaged_2092.jpg,engaged,1,0,high_confidence
engaged_2045.jpg,engaged_2106.jpg,engaged,1,0,high_confidence
engaged_2045.jpg,engaged_2111.jpg,engaged,1,0,high_confidence
engaged_2045.jpg,engaged_2116.jpg,engaged,1,0,high_confidence
engaged_2045.jpg,engaged_2125.jpg,engaged,1,0,high_confidence
engaged_2045.jpg,engaged_2156.jpg,engaged,1,0,high_confidence
engaged_2045.jpg,engaged_2181.jpg,engaged,1,0,high_confidence
engaged_2045.jpg,engaged_2191.jpg,engaged,1,0,high_confidence
engaged_2045.jpg,engaged_2198.jpg,engaged,1,0,high_confidence
engaged_2045.jpg,engaged_2203.jpg,engaged,1,0,high_confidence
engaged_2045.jpg,engaged_2214.jpg,engaged,1,0,high_confidence
engaged_2045.jpg,engaged_2216.jpg,engaged,1,0,high_confidence
engaged_2079.jpg,engaged_2080.jpg,engaged,0,0,high_confidence
engaged_2079.jpg,engaged_2086.jpg,engaged,0,0,high_confidence
engaged_2079.jpg,engaged_2096.jpg,engaged,0,0,high_confidence
engaged_2079.jpg,engaged_2103.jpg,engaged,0,0,high_confidence
engaged_2079.jpg,engaged_2121.jpg,engaged,0,0,high_confidence
engaged_2079.jpg,engaged_2136.jpg,engaged,0,0,high_confidence
engaged_2079.jpg,engaged_2166.jpg,engaged,0,0,high_confidence
engaged_2079.jpg,engaged_2172.jpg,engaged,0,0,high_confidence
engaged_2079.jpg,engaged_2213.jpg,engaged,0,0,high_confidence
engaged_2079.jpg,engaged_1806.jpg,engaged,1,0,high_confidence
engaged_2079.jpg,engaged_1860.jpg,engaged,1,0,high_confidence
engaged_2079.jpg,engaged_1916.jpg,engaged,1,0,high_confidence
engaged_2079.jpg,engaged_1925.jpg,engaged,1,0,high_confidence
engaged_2079.jpg,engaged_1982.jpg,engaged,1,0,high_confidence
engaged_2079.jpg,engaged_2048.jpg,engaged,1,0,high_confidence
engaged_2079.jpg,engaged_2073.jpg,engaged,0,0,high_confidence
engaged_2079.jpg,engaged_2081.jpg,engaged,0,0,high_confidence
engaged_2079.jpg,engaged_2092.jpg,engaged,0,0,high_confidence
engaged_2079.jpg,engaged_2106.jpg,engaged,0,0,high_confidence
engaged_2079.jpg,engaged_2111.jpg,engaged,0,0,high_confidence
engaged_2079.jpg,engaged_2116.jpg,engaged,0,0,high_confidence
engaged_2079.jpg,engaged_2125.jpg,engaged,0,0,high_confidence
engaged_2079.jpg,engaged_2156.jpg,engaged,0,0,high_confidence
engaged_2079.jpg,engaged_2181.jpg,engaged,0,0,high_confidence
engaged_2079.jpg,engaged_2191.jpg,engaged,0,0,high_confidence
engaged_2079.jpg,engaged_2198.jpg,engaged,0,0,high_confidence
engaged_2079.jpg,engaged_2203.jpg,engaged,0,0,high_confidence
engaged_2079.jpg,engaged_2214.jpg,engaged,0,0,high_confidence
engaged_2079.jpg,engaged_2216.jpg,engaged,0,0,high_confidence
engaged_2080.jpg,engaged_2086.jpg,engaged,0,0,high_confidence
engaged_2080.jpg,engaged_2096.jpg,engaged,0,0,high_confidence
engaged_2080.jpg,engaged_2103.jpg,engaged,0,0,high_confidence
engaged_2080.jpg,engaged_2121.jpg,engaged,0,0,high_confidence
engaged_2080.jpg,engaged_2136.jpg,engaged,0,0,high_confidence
engaged_2080.jpg,engaged_2166.jpg,engaged,0,0,high_confidence
engaged_2080.jpg,engaged_2172.jpg,engaged,0,0,high_confidence
engaged_2080.jpg,engaged_2213.jpg,engaged,0,0,high_confidence
engaged_2080.jpg,engaged_1806.jpg,engaged,1,0,high_confidence
engaged_2080.jpg,engaged_1860.jpg,engaged,1,0,high_confidence
engaged_2080.jpg,engaged_1916.jpg,engaged,1,0,high_confidence
engaged_2080.jpg,engaged_1925.jpg,engaged,1,0,high_confidence
engaged_2080.jpg,engaged_1982.jpg,engaged,1,0,high_confidence
engaged_2080.jpg,engaged_2048.jpg,engaged,1,0,high_confidence
engaged_2080.jpg,engaged_2073.jpg,engaged,0,0,high_confidence
engaged_2080.jpg,engaged_2081.jpg,engaged,0,0,high_confidence
engaged_2080.jpg,engaged_2092.jpg,engaged,0,0,high_confidence
engaged_2080.jpg,engaged_2106.jpg,engaged,0,0,high_confidence
engaged_2080.jpg,engaged_2111.jpg,engaged,0,0,high_confidence
engaged_2080.jpg,engaged_2116.jpg,engaged,0,0,high_confidence
engaged_2080.jpg,engaged_2125.jpg,engaged,0,0,high_confidence
engaged_2080.jpg,engaged_2156.jpg,engaged,0,0,high_confidence
engaged_2080.jpg,engaged_2181.jpg,engaged,0,0,high_confidence
engaged_2080.jpg,engaged_2191.jpg,engaged,0,0,high_confidence
engaged_2080.jpg,engaged_2198.jpg,engaged,0,0,high_confidence
engaged_2080.jpg,engaged_2203.jpg,engaged,0,0,high_confidence
engaged_2080.jpg,engaged_2214.jpg,engaged,0,0,high_confidence
engaged_2080.jpg,engaged_2216.jpg,engaged,0,0,high_confidence
engaged_2086.jpg,engaged_2096.jpg,engaged,0,0,high_confidence
engaged_2086.jpg,engaged_2103.jpg,engaged,0,0,high_confidence
engaged_2086.jpg,engaged_2121.jpg,engaged,0,0,high_confidence
engaged_2086.jpg,engaged_2136.jpg,engaged,0,0,high_confidence
engaged_2086.jpg,engaged_2166.jpg,engaged,0,0,high_confidence
engaged_2086.jpg,engaged_2172.jpg,engaged,0,0,high_confidence
engaged_2086.jpg,engaged_2213.jpg,engaged,0,0,high_confidence
engaged_2086.jpg,engaged_1806.jpg,engaged,1,0,high_confidence
engaged_2086.jpg,engaged_1860.jpg,engaged,1,0,high_confidence
engaged_2086.jpg,engaged_1916.jpg,engaged,1,0,high_confidence
engaged_2086.jpg,engaged_1925.jpg,engaged,1,0,high_confidence
engaged_2086.jpg,engaged_1982.jpg,engaged,1,0,high_confidence
engaged_2086.jpg,engaged_2048.jpg,engaged,1,0,high_confidence
engaged_2086.jpg,engaged_2073.jpg,engaged,0,0,high_confidence
engaged_2086.jpg,engaged_2081.jpg,engaged,0,0,high_confidence
engaged_2086.jpg,engaged_2092.jpg,engaged,0,0,high_confidence
engaged_2086.jpg,engaged_2106.jpg,engaged,0,0,high_confidence
engaged_2086.jpg,engaged_2111.jpg,engaged,0,0,high_confidence
engaged_2086.jpg,engaged_2116.jpg,engaged,0,0,high_confidence
engaged_2086.jpg,engaged_2125.jpg,engaged,0,0,high_confidence
engaged_2086.jpg,engaged_2156.jpg,engaged,0,0,high_confidence
engaged_2086.jpg,engaged_2181.jpg,engaged,0,0,high_confidence
engaged_2086.jpg,engaged_2191.jpg,engaged,0,0,high_confidence
engaged_2086.jpg,engaged_2198.jpg,engaged,0,0,high_confidence
engaged_2086.jpg,engaged_2203.jpg,engaged,0,0,high_confidence
engaged_2086.jpg,engaged_2214.jpg,engaged,0,0,high_confidence
engaged_2086.jpg,engaged_2216.jpg,engaged,0,0,high_confidence
engaged_2096.jpg,engaged_2103.jpg,engaged,0,0,high_confidence
engaged_2096.jpg,engaged_2121.jpg,engaged,0,0,high_confidence
engaged_2096.jpg,engaged_2136.jpg,engaged,0,0,high_confidence
engaged_2096.jpg,engaged_2166.jpg,engaged,0,0,high_confidence
engaged_2096.jpg,engaged_2172.jpg,engaged,0,0,high_confidence
engaged_2096.jpg,engaged_2213.jpg,engaged,0,0,high_confidence
engaged_2096.jpg,engaged_1806.jpg,engaged,1,0,high_confidence
engaged_2096.jpg,engaged_1860.jpg,engaged,1,0,high_confidence
engaged_2096.jpg,engaged_1916.jpg,engaged,1,0,high_confidence
engaged_2096.jpg,engaged_1925.jpg,engaged,1,0,high_confidence
engaged_2096.jpg,engaged_1982.jpg,engaged,1,0,high_confidence
engaged_2096.jpg,engaged_2048.jpg,engaged,1,0,high_confidence
engaged_2096.jpg,engaged_2073.jpg,engaged,0,0,high_confidence
engaged_2096.jpg,engaged_2081.jpg,engaged,0,0,high_confidence
engaged_2096.jpg,engaged_2092.jpg,engaged,0,0,high_confidence
engaged_2096.jpg,engaged_2106.jpg,engaged,0,0,high_confidence
engaged_2096.jpg,engaged_2111.jpg,engaged,0,0,high_confidence
engaged_2096.jpg,engaged_2116.jpg,engaged,0,0,high_confidence
engaged_2096.jpg,engaged_2125.jpg,engaged,0,0,high_confidence
engaged_2096.jpg,engaged_2156.jpg,engaged,0,0,high_confidence
engaged_2096.jpg,engaged_2181.jpg,engaged,0,0,high_confidence
engaged_2096.jpg,engaged_2191.jpg,engaged,0,0,high_confidence
engaged_2096.jpg,engaged_2198.jpg,engaged,0,0,high_confidence
engaged_2096.jpg,engaged_2203.jpg,engaged,0,0,high_confidence
engaged_2096.jpg,engaged_2214.jpg,engaged,0,0,high_confidence
engaged_2096.jpg,engaged_2216.jpg,engaged,0,0,high_confidence
engaged_2103.jpg,engaged_2121.jpg,engaged,0,0,high_confidence
engaged_2103.jpg,engaged_2136.jpg,engaged,0,0,high_confidence
engaged_2103.jpg,engaged_2166.jpg,engaged,0,0,high_confidence
engaged_2103.jpg,engaged_2172.jpg,engaged,0,0,high_confidence
engaged_2103.jpg,engaged_2213.jpg,engaged,0,0,high_confidence
engaged_2103.jpg,engaged_1806.jpg,engaged,1,0,high_confidence
engaged_2103.jpg,engaged_1860.jpg,engaged,1,0,high_confidence
engaged_2103.jpg,engaged_1916.jpg,engaged,1,0,high_confidence
engaged_2103.jpg,engaged_1925.jpg,engaged,1,0,high_confidence
engaged_2103.jpg,engaged_1982.jpg,engaged,1,0,high_confidence
engaged_2103.jpg,engaged_2048.jpg,engaged,1,0,high_confidence
engaged_2103.jpg,engaged_2073.jpg,engaged,0,0,high_confidence
engaged_2103.jpg,engaged_2081.jpg,engaged,0,0,high_confidence
engaged_2103.jpg,engaged_2092.jpg,engaged,0,0,high_confidence
engaged_2103.jpg,engaged_2106.jpg,engaged,0,0,high_confidence
engaged_2103.jpg,engaged_2111.jpg,engaged,0,0,high_confidence
engaged_2103.jpg,engaged_2116.jpg,engaged,0,0,high_confidence
engaged_2103.jpg,engaged_2125.jpg,engaged,0,0,high_confidence
engaged_2103.jpg,engaged_2156.jpg,engaged,0,0,high_confidence
engaged_2103.jpg,engaged_2181.jpg,engaged,0,0,high_confidence
engaged_2103.jpg,engaged_2191.jpg,engaged,0,0,high_confidence
engaged_2103.jpg,engaged_2198.jpg,engaged,0,0,high_confidence
engaged_2103.jpg,engaged_2203.jpg,engaged,0,0,high_confidence
engaged_2103.jpg,engaged_2214.jpg,engaged,0,0,high_confidence
engaged_2103.jpg,engaged_2216.jpg,engaged,0,0,high_confidence
engaged_2121.jpg,engaged_2136.jpg,engaged,0,0,high_confidence
engaged_2121.jpg,engaged_2166.jpg,engaged,0,0,high_confidence
engaged_2121.jpg,engaged_2172.jpg,engaged,0,0,high_confidence
engaged_2121.jpg,engaged_2213.jpg,engaged,0,0,high_confidence
engaged_2121.jpg,engaged_1806.jpg,engaged,1,0,high_confidence
engaged_2121.jpg,engaged_1860.jpg,engaged,1,0,high_confidence
engaged_2121.jpg,engaged_1916.jpg,engaged,1,0,high_confidence
engaged_2121.jpg,engaged_1925.jpg,engaged,1,0,high_confidence
engaged_2121.jpg,engaged_1982.jpg,engaged,1,0,high_confidence
engaged_2121.jpg,engaged_2048.jpg,engaged,1,0,high_confidence
engaged_2121.jpg,engaged_2073.jpg,engaged,0,0,high_confidence
engaged_2121.jpg,engaged_2081.jpg,engaged,0,0,high_confidence
engaged_2121.jpg,engaged_2092.jpg,engaged,0,0,high_confidence
engaged_2121.jpg,engaged_2106.jpg,engaged,0,0,high_confidence
engaged_2121.jpg,engaged_2111.jpg,engaged,0,0,high_confidence
engaged_2121.jpg,engaged_2116.jpg,engaged,0,0,high_confidence
engaged_2121.jpg,engaged_2125.jpg,engaged,0,0,high_confidence
engaged_2121.jpg,engaged_2156.jpg,engaged,0,0,high_confidence
engaged_2121.jpg,engaged_2181.jpg,engaged,0,0,high_confidence
engaged_2121.jpg,engaged_2191.jpg,engaged,0,0,high_confidence
engaged_2121.jpg,engaged_2198.jpg,engaged,0,0,high_confidence
engaged_2121.jpg,engaged_2203.jpg,engaged,0,0,high_confidence
engaged_2121.jpg,engaged_2214.jpg,engaged,0,0,high_confidence
engaged_2121.jpg,engaged_2216.jpg,engaged,0,0,high_confidence
engaged_2136.jpg,engaged_2166.jpg,engaged,0,0,high_confidence
engaged_2136.jpg,engaged_2172.jpg,engaged,0,0,high_confidence
engaged_2136.jpg,engaged_2213.jpg,engaged,0,0,high_confidence
engaged_2136.jpg,engaged_1806.jpg,engaged,1,0,high_confidence
engaged_2136.jpg,engaged_1860.jpg,engaged,1,0,high_confidence
engaged_2136.jpg,engaged_1916.jpg,engaged,1,0,high_confidence
engaged_2136.jpg,engaged_1925.jpg,engaged,1,0,high_confidence
engaged_2136.jpg,engaged_1982.jpg,engaged,1,0,high_confidence
engaged_2136.jpg,engaged_2048.jpg,engaged,1,0,high_confidence
engaged_2136.jpg,engaged_2073.jpg,engaged,0,0,high_confidence
engaged_2136.jpg,engaged_2081.jpg,engaged,0,0,high_confidence
engaged_2136.jpg,engaged_2092.jpg,engaged,0,0,high_confidence
engaged_2136.jpg,engaged_2106.jpg,engaged,0,0,high_confidence
engaged_2136.jpg,engaged_2111.jpg,engaged,0,0,high_confidence
engaged_2136.jpg,engaged_2116.jpg,engaged,0,0,high_confidence
engaged_2136.jpg,engaged_2125.jpg,engaged,0,0,high_confidence
engaged_2136.jpg,engaged_2156.jpg,engaged,0,0,high_confidence
engaged_2136.jpg,engaged_2181.jpg,engaged,0,0,high_confidence
engaged_2136.jpg,engaged_2191.jpg,engaged,0,0,high_confidence
engaged_2136.jpg,engaged_2198.jpg,engaged,0,0,high_confidence
engaged_2136.jpg,engaged_2203.jpg,engaged,0,0,high_confidence
engaged_2136.jpg,engaged_2214.jpg,engaged,0,0,high_confidence
engaged_2136.jpg,engaged_2216.jpg,engaged,0,0,high_confidence
engaged_2166.jpg,engaged_2172.jpg,engaged,0,0,high_confidence
engaged_2166.jpg,engaged_2213.jpg,engaged,0,0,high_confidence
engaged_2166.jpg,engaged_1806.jpg,engaged,1,0,high_confidence
engaged_2166.jpg,engaged_1860.jpg,engaged,1,0,high_confidence
engaged_2166.jpg,engaged_1916.jpg,engaged,1,0,high_confidence
engaged_2166.jpg,engaged_1925.jpg,engaged,1,0,high_confidence
engaged_2166.jpg,engaged_1982.jpg,engaged,1,0,high_confidence
engaged_2166.jpg,engaged_2048.jpg,engaged,1,0,high_confidence
engaged_2166.jpg,engaged_2073.jpg,engaged,0,0,high_confidence
engaged_2166.jpg,engaged_2081.jpg,engaged,0,0,high_confidence
engaged_2166.jpg,engaged_2092.jpg,engaged,0,0,high_confidence
engaged_2166.jpg,engaged_2106.jpg,engaged,0,0,high_confidence
engaged_2166.jpg,engaged_2111.jpg,engaged,0,0,high_confidence
engaged_2166.jpg,engaged_2116.jpg,engaged,0,0,high_confidence
engaged_2166.jpg,engaged_2125.jpg,engaged,0,0,high_confidence
engaged_2166.jpg,engaged_2156.jpg,engaged,0,0,high_confidence
engaged_2166.jpg,engaged_2181.jpg,engaged,0,0,high_confidence
engaged_2166.jpg,engaged_2191.jpg,engaged,0,0,high_confidence
engaged_2166.jpg,engaged_2198.jpg,engaged,0,0,high_confidence
engaged_2166.jpg,engaged_2203.jpg,engaged,0,0,high_confidence
engaged_2166.jpg,engaged_2214.jpg,engaged,0,0,high_confidence
engaged_2166.jpg,engaged_2216.jpg,engaged,0,0,high_confidence
engaged_2172.jpg,engaged_2213.jpg,engaged,0,0,high_confidence
engaged_2172.jpg,engaged_1806.jpg,engaged,1,0,high_confidence
engaged_2172.jpg,engaged_1860.jpg,engaged,1,0,high_confidence
engaged_2172.jpg,engaged_1916.jpg,engaged,1,0,high_confidence
engaged_2172.jpg,engaged_1925.jpg,engaged,1,0,high_confidence
engaged_2172.jpg,engaged_1982.jpg,engaged,1,0,high_confidence
engaged_2172.jpg,engaged_2048.jpg,engaged,1,0,high_confidence
engaged_2172.jpg,engaged_2073.jpg,engaged,0,0,high_confidence
engaged_2172.jpg,engaged_2081.jpg,engaged,0,0,high_confidence
engaged_2172.jpg,engaged_2092.jpg,engaged,0,0,high_confidence
engaged_2172.jpg,engaged_2106.jpg,engaged,0,0,high_confidence
engaged_2172.jpg,engaged_2111.jpg,engaged,0,0,high_confidence
engaged_2172.jpg,engaged_2116.jpg,engaged,0,0,high_confidence
engaged_2172.jpg,engaged_2125.jpg,engaged,0,0,high_confidence
engaged_2172.jpg,engaged_2156.jpg,engaged,0,0,high_confidence
engaged_2172.jpg,engaged_2181.jpg,engaged,0,0,high_confidence
engaged_2172.jpg,engaged_2191.jpg,engaged,0,0,high_confidence
engaged_2172.jpg,engaged_2198.jpg,engaged,0,0,high_confidence
engaged_2172.jpg,engaged_2203.jpg,engaged,0,0,high_confidence
engaged_2172.jpg,engaged_2214.jpg,engaged,0,0,high_confidence
engaged_2172.jpg,engaged_2216.jpg,engaged,0,0,high_confidence
engaged_2213.jpg,engaged_1806.jpg,engaged,1,0,high_confidence
engaged_2213.jpg,engaged_1860.jpg,engaged,1,0,high_confidence
engaged_2213.jpg,engaged_1916.jpg,engaged,1,0,high_confidence
engaged_2213.jpg,engaged_1925.jpg,engaged,1,0,high_confidence
engaged_2213.jpg,engaged_1982.jpg,engaged,1,0,high_confidence
engaged_2213.jpg,engaged_2048.jpg,engaged,1,0,high_confidence
engaged_2213.jpg,engaged_2073.jpg,engaged,0,0,high_confidence
engaged_2213.jpg,engaged_2081.jpg,engaged,0,0,high_confidence
engaged_2213.jpg,engaged_2092.jpg,engaged,0,0,high_confidence
engaged_2213.jpg,engaged_2106.jpg,engaged,0,0,high_confidence
engaged_2213.jpg,engaged_2111.jpg,engaged,0,0,high_confidence
engaged_2213.jpg,engaged_2116.jpg,engaged,0,0,high_confidence
engaged_2213.jpg,engaged_2125.jpg,engaged,0,0,high_confidence
engaged_2213.jpg,engaged_2156.jpg,engaged,0,0,high_confidence
engaged_2213.jpg,engaged_2181.jpg,engaged,0,0,high_confidence
engaged_2213.jpg,engaged_2191.jpg,engaged,0,0,high_confidence
engaged_2213.jpg,engaged_2198.jpg,engaged,0,0,high_confidence
engaged_2213.jpg,engaged_2203.jpg,engaged,0,0,high_confidence
engaged_2213.jpg,engaged_2214.jpg,engaged,0,0,high_confidence
engaged_2213.jpg,engaged_2216.jpg,engaged,0,0,high_confidence
engaged_412.jpg,engaged_430.jpg,engaged,1,0,high_confidence
engaged_412.jpg,engaged_419.jpg,engaged,0,0,high_confidence
engaged_412.jpg,engaged_465.jpg,engaged,0,2,high_confidence
engaged_430.jpg,engaged_419.jpg,engaged,1,0,high_confidence
engaged_430.jpg,engaged_465.jpg,engaged,1,2,high_confidence
engaged_817.jpg,engaged_1056.jpg,engaged,2,2,high_confidence
engaged_817.jpg,engaged_1333.jpg,engaged,1,2,high_confidence
engaged_817.jpg,engaged_752.jpg,engaged,1,0,high_confidence
frustrated_3073.jpg,frustrated_3097.jpg,frustrated,0,2,high_confidence
frustrated_3073.jpg,frustrated_2946.jpg,frustrated,2,0,high_confidence
frustrated_3073.jpg,frustrated_3111.jpg,frustrated,0,2,high_confidence
frustrated_3097.jpg,frustrated_2946.jpg,frustrated,2,2,high_confidence
frustrated_3097.jpg,frustrated_3111.jpg,frustrated,0,2,high_confidence
frustrated_3128.jpg,frustrated_3134.jpg,frustrated,0,0,high_confidence
frustrated_8926.jpg,frustrated_8932.jpg,frustrated,0,0,high_confidence
frustrated_8926.jpg,frustrated_8942.jpg,frustrated,0,2,high_confidence
frustrated_8932.jpg,frustrated_8942.jpg,frustrated,0,2,high_confidence
frustrated_9133.jpg,frustrated_9145.jpg,frustrated,0,0,high_confidence
frustrated_9580.jpg,frustrated_8942.jpg,frustrated,0,2,high_confidence
frustrated_9580.jpg,frustrated_9024.jpg,frustrated,1,0,high_confidence
frustrated_9580.jpg,frustrated_9576.jpg,frustrated,0,0,high_confidence
frustrated_9647.jpg,frustrated_9653.jpg,frustrated,1,0,high_confidence
frustrated_9798.jpg,frustrated_9734.jpg,frustrated,1,2,high_confidence
frustrated_9798.jpg,frustrated_9812.jpg,frustrated,0,0,high_confidence
bored_5222.jpg,bored_5226.jpg,bored,0,0,high_confidence
bored_6379.jpg,bored_7094.jpg,bored,0,2,high_confidence
bored_6379.jpg,bored_7107.jpg,bored,0,2,high_confidence
bored_7094.jpg,bored_7107.jpg,bored,0,0,high_confidence
confused_1104.jpg,confused_955.jpg,confused,2,2,high_confidence
confused_13013.jpg,confused_13018.jpg,confused,0,0,high_confidence
confused_4134.jpg,confused_4142.jpg,confused,0,2,high_confidence
confused_4734.jpg,confused_4744.jpg,confused,0,2,high_confidence
engaged_1056.jpg,engaged_1333.jpg,engaged,1,0,high_confidence
engaged_1056.jpg,engaged_1378.jpg,engaged,0,2,high_confidence
engaged_1333.jpg,engaged_1378.jpg,engaged,1,2,high_confidence
engaged_1333.jpg,engaged_752.jpg,engaged,2,2,high_confidence
engaged_144.jpg,engaged_212.jpg,engaged,1,2,high_confidence
engaged_1806.jpg,engaged_1860.jpg,engaged,0,0,high_confidence
engaged_1806.jpg,engaged_1916.jpg,engaged,0,0,high_confidence
engaged_1806.jpg,engaged_1925.jpg,engaged,0,0,high_confidence
engaged_1806.jpg,engaged_1982.jpg,engaged,0,0,high_confidence
engaged_1806.jpg,engaged_2048.jpg,engaged,0,0,high_confidence
engaged_1806.jpg,engaged_2073.jpg,engaged,1,0,high_confidence
engaged_1806.jpg,engaged_2081.jpg,engaged,1,0,high_confidence
engaged_1806.jpg,engaged_2092.jpg,engaged,1,0,high_confidence
engaged_1806.jpg,engaged_2106.jpg,engaged,1,0,high_confidence
engaged_1806.jpg,engaged_2111.jpg,engaged,1,0,high_confidence
engaged_1806.jpg,engaged_2116.jpg,engaged,1,0,high_confidence
engaged_1806.jpg,engaged_2125.jpg,engaged,1,0,high_confidence
engaged_1806.jpg,engaged_2156.jpg,engaged,1,0,high_confidence
engaged_1806.jpg,engaged_2181.jpg,engaged,1,0,high_confidence
engaged_1806.jpg,engaged_2191.jpg,engaged,1,0,high_confidence
engaged_1806.jpg,engaged_2198.jpg,engaged,1,0,high_confidence
engaged_1806.jpg,engaged_2203.jpg,engaged,1,0,high_confidence
engaged_1806.jpg,engaged_2214.jpg,engaged,1,0,high_confidence
engaged_1806.jpg,engaged_2216.jpg,engaged,1,0,high_confidence
engaged_1860.jpg,engaged_1916.jpg,engaged,0,0,high_confidence
engaged_1860.jpg,engaged_1925.jpg,engaged,0,0,high_confidence
engaged_1860.jpg,engaged_1982.jpg,engaged,0,0,high_confidence
engaged_1860.jpg,engaged_2048.jpg,engaged,0,0,high_confidence
engaged_1860.jpg,engaged_2073.jpg,engaged,1,0,high_confidence
engaged_1860.jpg,engaged_2081.jpg,engaged,1,0,high_confidence
engaged_1860.jpg,engaged_2092.jpg,engaged,1,0,high_confidence
engaged_1860.jpg,engaged_2106.jpg,engaged,1,0,high_confidence
engaged_1860.jpg,engaged_2111.jpg,engaged,1,0,high_confidence
engaged_1860.jpg,engaged_2116.jpg,engaged,1,0,high_confidence
engaged_1860.jpg,engaged_2125.jpg,engaged,1,0,high_confidence
engaged_1860.jpg,engaged_2156.jpg,engaged,1,0,high_confidence
engaged_1860.jpg,engaged_2181.jpg,engaged,1,0,high_confidence
engaged_1860.jpg,engaged_2191.jpg,engaged,1,0,high_confidence
engaged_1860.jpg,engaged_2198.jpg,engaged,1,0,high_confidence
engaged_1860.jpg,engaged_2203.jpg,engaged,1,0,high_confidence
engaged_1860.jpg,engaged_2214.jpg,engaged,1,0,high_confidence
engaged_1860.jpg,engaged_2216.jpg,engaged,1,0,high_confidence
engaged_1916.jpg,engaged_1925.jpg,engaged,0,0,high_confidence
engaged_1916.jpg,engaged_1982.jpg,engaged,0,0,high_confidence
engaged_1916.jpg,engaged_2048.jpg,engaged,0,0,high_confidence
engaged_1916.jpg,engaged_2073.jpg,engaged,1,0,high_confidence
engaged_1916.jpg,engaged_2081.jpg,engaged,1,0,high_confidence
engaged_1916.jpg,engaged_2092.jpg,engaged,1,0,high_confidence
engaged_1916.jpg,engaged_2106.jpg,engaged,1,0,high_confidence
engaged_1916.jpg,engaged_2111.jpg,engaged,1,0,high_confidence
engaged_1916.jpg,engaged_2116.jpg,engaged,1,0,high_confidence
engaged_1916.jpg,engaged_2125.jpg,engaged,1,0,high_confidence
engaged_1916.jpg,engaged_2156.jpg,engaged,1,0,high_confidence
engaged_1916.jpg,engaged_2181.jpg,engaged,1,0,high_confidence
engaged_1916.jpg,engaged_2191.jpg,engaged,1,0,high_confidence
engaged_1916.jpg,engaged_2198.jpg,engaged,1,0,high_confidence
engaged_1916.jpg,engaged_2203.jpg,engaged,1,0,high_confidence
engaged_1916.jpg,engaged_2214.jpg,engaged,1,0,high_confidence
engaged_1916.jpg,engaged_2216.jpg,engaged,1,0,high_confidence
engaged_1925.jpg,engaged_1982.jpg,engaged,0,0,high_confidence
engaged_1925.jpg,engaged_2048.jpg,engaged,0,0,high_confidence
engaged_1925.jpg,engaged_2073.jpg,engaged,1,0,high_confidence
engaged_1925.jpg,engaged_2081.jpg,engaged,1,0,high_confidence
engaged_1925.jpg,engaged_2092.jpg,engaged,1,0,high_confidence
engaged_1925.jpg,engaged_2106.jpg,engaged,1,0,high_confidence
engaged_1925.jpg,engaged_2111.jpg,engaged,1,0,high_confidence
engaged_1925.jpg,engaged_2116.jpg,engaged,1,0,high_confidence
engaged_1925.jpg,engaged_2125.jpg,engaged,1,0,high_confidence
engaged_1925.jpg,engaged_2156.jpg,engaged,1,0,high_confidence
engaged_1925.jpg,engaged_2181.jpg,engaged,1,0,high_confidence
engaged_1925.jpg,engaged_2191.jpg,engaged,1,0,high_confidence
engaged_1925.jpg,engaged_2198.jpg,engaged,1,0,high_confidence
engaged_1925.jpg,engaged_2203.jpg,engaged,1,0,high_confidence
engaged_1925.jpg,engaged_2214.jpg,engaged,1,0,high_confidence
engaged_1925.jpg,engaged_2216.jpg,engaged,1,0,high_confidence
engaged_1982.jpg,engaged_2048.jpg,engaged,0,0,high_confidence
engaged_1982.jpg,engaged_2073.jpg,engaged,1,0,high_confidence
engaged_1982.jpg,engaged_2081.jpg,engaged,1,0,high_confidence
engaged_1982.jpg,engaged_2092.jpg,engaged,1,0,high_confidence
engaged_1982.jpg,engaged_2106.jpg,engaged,1,0,high_confidence
engaged_1982.jpg,engaged_2111.jpg,engaged,1,0,high_confidence
engaged_1982.jpg,engaged_2116.jpg,engaged,1,0,high_confidence
engaged_1982.jpg,engaged_2125.jpg,engaged,1,0,high_confidence
engaged_1982.jpg,engaged_2156.jpg,engaged,1,0,high_confidence
engaged_1982.jpg,engaged_2181.jpg,engaged,1,0,high_confidence
engaged_1982.jpg,engaged_2191.jpg,engaged,1,0,high_confidence
engaged_1982.jpg,engaged_2198.jpg,engaged,1,0,high_confidence
engaged_1982.jpg,engaged_2203.jpg,engaged,1,0,high_confidence
engaged_1982.jpg,engaged_2214.jpg,engaged,1,0,high_confidence
engaged_1982.jpg,engaged_2216.jpg,engaged,1,0,high_confidence
engaged_2048.jpg,engaged_2073.jpg,engaged,1,0,high_confidence
engaged_2048.jpg,engaged_2081.jpg,engaged,1,0,high_confidence
engaged_2048.jpg,engaged_2092.jpg,engaged,1,0,high_confidence
engaged_2048.jpg,engaged_2106.jpg,engaged,1,0,high_confidence
engaged_2048.jpg,engaged_2111.jpg,engaged,1,0,high_confidence
engaged_2048.jpg,engaged_2116.jpg,engaged,1,0,high_confidence
engaged_2048.jpg,engaged_2125.jpg,engaged,1,0,high_confidence
engaged_2048.jpg,engaged_2156.jpg,engaged,1,0,high_confidence
engaged_2048.jpg,engaged_2181.jpg,engaged,1,0,high_confidence
engaged_2048.jpg,engaged_2191.jpg,engaged,1,0,high_confidence
engaged_2048.jpg,engaged_2198.jpg,engaged,1,0,high_confidence
engaged_2048.jpg,engaged_2203.jpg,engaged,1,0,high_confidence
engaged_2048.jpg,engaged_2214.jpg,engaged,1,0,high_confidence
engaged_2048.jpg,engaged_2216.jpg,engaged,1,0,high_confidence
engaged_2073.jpg,engaged_2081.jpg,engaged,0,0,high_confidence
engaged_2073.jpg,engaged_2092.jpg,engaged,0,0,high_confidence
engaged_2073.jpg,engaged_2106.jpg,engaged,0,0,high_confidence
engaged_2073.jpg,engaged_2111.jpg,engaged,0,0,high_confidence
engaged_2073.jpg,engaged_2116.jpg,engaged,0,0,high_confidence
engaged_2073.jpg,engaged_2125.jpg,engaged,0,0,high_confidence
engaged_2073.jpg,engaged_2156.jpg,engaged,0,0,high_confidence
engaged_2073.jpg,engaged_2181.jpg,engaged,0,0,high_confidence
engaged_2073.jpg,engaged_2191.jpg,engaged,0,0,high_confidence
engaged_2073.jpg,engaged_2198.jpg,engaged,0,0,high_confidence
engaged_2073.jpg,engaged_2203.jpg,engaged,0,0,high_confidence
engaged_2073.jpg,engaged_2214.jpg,engaged,0,0,high_confidence
engaged_2073.jpg,engaged_2216.jpg,engaged,0,0,high_confidence
engaged_2081.jpg,engaged_2092.jpg,engaged,0,0,high_confidence
engaged_2081.jpg,engaged_2106.jpg,engaged,0,0,high_confidence
engaged_2081.jpg,engaged_2111.jpg,engaged,0,0,high_confidence
engaged_2081.jpg,engaged_2116.jpg,engaged,0,0,high_confidence
engaged_2081.jpg,engaged_2125.jpg,engaged,0,0,high_confidence
engaged_2081.jpg,engaged_2156.jpg,engaged,0,0,high_confidence
engaged_2081.jpg,engaged_2181.jpg,engaged,0,0,high_confidence
engaged_2081.jpg,engaged_2191.jpg,engaged,0,0,high_confidence
engaged_2081.jpg,engaged_2198.jpg,engaged,0,0,high_confidence
engaged_2081.jpg,engaged_2203.jpg,engaged,0,0,high_confidence
engaged_2081.jpg,engaged_2214.jpg,engaged,0,0,high_confidence
engaged_2081.jpg,engaged_2216.jpg,engaged,0,0,high_confidence
engaged_2092.jpg,engaged_2106.jpg,engaged,0,0,high_confidence
engaged_2092.jpg,engaged_2111.jpg,engaged,0,0,high_confidence
engaged_2092.jpg,engaged_2116.jpg,engaged,0,0,high_confidence
engaged_2092.jpg,engaged_2125.jpg,engaged,0,0,high_confidence
engaged_2092.jpg,engaged_2156.jpg,engaged,0,0,high_confidence
engaged_2092.jpg,engaged_2181.jpg,engaged,0,0,high_confidence
engaged_2092.jpg,engaged_2191.jpg,engaged,0,0,high_confidence
engaged_2092.jpg,engaged_2198.jpg,engaged,0,0,high_confidence
engaged_2092.jpg,engaged_2203.jpg,engaged,0,0,high_confidence
engaged_2092.jpg,engaged_2214.jpg,engaged,0,0,high_confidence
engaged_2092.jpg,engaged_2216.jpg,engaged,0,0,high_confidence
engaged_2106.jpg,engaged_2111.jpg,engaged,0,0,high_confidence
engaged_2106.jpg,engaged_2116.jpg,engaged,0,0,high_confidence
engaged_2106.jpg,engaged_2125.jpg,engaged,0,0,high_confidence
engaged_2106.jpg,engaged_2156.jpg,engaged,0,0,high_confidence
engaged_2106.jpg,engaged_2181.jpg,engaged,0,0,high_confidence
engaged_2106.jpg,engaged_2191.jpg,engaged,0,0,high_confidence
engaged_2106.jpg,engaged_2198.jpg,engaged,0,0,high_confidence
engaged_2106.jpg,engaged_2203.jpg,engaged,0,0,high_confidence
engaged_2106.jpg,engaged_2214.jpg,engaged,0,0,high_confidence
engaged_2106.jpg,engaged_2216.jpg,engaged,0,0,high_confidence
engaged_2111.jpg,engaged_2116.jpg,engaged,0,0,high_confidence
engaged_2111.jpg,engaged_2125.jpg,engaged,0,0,high_confidence
engaged_2111.jpg,engaged_2156.jpg,engaged,0,0,high_confidence
engaged_2111.jpg,engaged_2181.jpg,engaged,0,0,high_confidence
engaged_2111.jpg,engaged_2191.jpg,engaged,0,0,high_confidence
engaged_2111.jpg,engaged_2198.jpg,engaged,0,0,high_confidence
engaged_2111.jpg,engaged_2203.jpg,engaged,0,0,high_confidence
engaged_2111.jpg,engaged_2214.jpg,engaged,0,0,high_confidence
engaged_2111.jpg,engaged_2216.jpg,engaged,0,0,high_confidence
engaged_2116.jpg,engaged_2125.jpg,engaged,0,0,high_confidence
engaged_2116.jpg,engaged_2156.jpg,engaged,0,0,high_confidence
engaged_2116.jpg,engaged_2181.jpg,engaged,0,0,high_confidence
engaged_2116.jpg,engaged_2191.jpg,engaged,0,0,high_confidence
engaged_2116.jpg,engaged_2198.jpg,engaged,0,0,high_confidence
engaged_2116.jpg,engaged_2203.jpg,engaged,0,0,high_confidence
engaged_2116.jpg,engaged_2214.jpg,engaged,0,0,high_confidence
engaged_2116.jpg,engaged_2216.jpg,engaged,0,0,high_confidence
engaged_2125.jpg,engaged_2156.jpg,engaged,0,0,high_confidence
engaged_2125.jpg,engaged_2181.jpg,engaged,0,0,high_confidence
engaged_2125.jpg,engaged_2191.jpg,engaged,0,0,high_confidence
engaged_2125.jpg,engaged_2198.jpg,engaged,0,0,high_confidence
engaged_2125.jpg,engaged_2203.jpg,engaged,0,0,high_confidence
engaged_2125.jpg,engaged_2214.jpg,engaged,0,0,high_confidence
engaged_2125.jpg,engaged_2216.jpg,engaged,0,0,high_confidence
engaged_2156.jpg,engaged_2181.jpg,engaged,0,0,high_confidence
engaged_2156.jpg,engaged_2191.jpg,engaged,0,0,high_confidence
engaged_2156.jpg,engaged_2198.jpg,engaged,0,0,high_confidence
engaged_2156.jpg,engaged_2203.jpg,engaged,0,0,high_confidence
engaged_2156.jpg,engaged_2214.jpg,engaged,0,0,high_confidence
engaged_2156.jpg,engaged_2216.jpg,engaged,0,0,high_confidence
engaged_2181.jpg,engaged_2191.jpg,engaged,0,0,high_confidence
engaged_2181.jpg,engaged_2198.jpg,engaged,0,0,high_confidence
engaged_2181.jpg,engaged_2203.jpg,engaged,0,0,high_confidence
engaged_2181.jpg,engaged_2214.jpg,engaged,0,0,high_confidence
engaged_2181.jpg,engaged_2216.jpg,engaged,0,0,high_confidence
engaged_2191.jpg,engaged_2198.jpg,engaged,0,0,high_confidence
engaged_2191.jpg,engaged_2203.jpg,engaged,0,0,high_confidence
engaged_2191.jpg,engaged_2214.jpg,engaged,0,0,high_confidence
engaged_2191.jpg,engaged_2216.jpg,engaged,0,0,high_confidence
engaged_2198.jpg,engaged_2203.jpg,engaged,0,0,high_confidence
engaged_2198.jpg,engaged_2214.jpg,engaged,0,0,high_confidence
engaged_2198.jpg,engaged_2216.jpg,engaged,0,0,high_confidence
engaged_2203.jpg,engaged_2214.jpg,engaged,0,0,high_confidence
engaged_2203.jpg,engaged_2216.jpg,engaged,0,0,high_confidence
engaged_2214.jpg,engaged_2216.jpg,engaged,0,0,high_confidence
engaged_419.jpg,engaged_465.jpg,engaged,0,2,high_confidence
frustrated_2946.jpg,frustrated_3111.jpg,frustrated,2,2,high_confidence
frustrated_8024.jpg,frustrated_8029.jpg,frustrated,0,0,high_confidence
frustrated_8942.jpg,frustrated_9024.jpg,frustrated,1,2,high_confidence
frustrated_8942.jpg,frustrated_9576.jpg,frustrated,0,2,high_confidence
frustrated_9024.jpg,frustrated_9576.jpg,frustrated,1,0,high_confidence
frustrated_9734.jpg,frustrated_9812.jpg,frustrated,1,2,high_confidence
