frame_index,timestamp_sec,raw_class_name,raw_confidence,stable_label,vote_ratio,avg_confidence,bbox_x1,bbox_y1,bbox_x2,bbox_y2,fps
1,0.03333333333333333,frustrated,0.7830392718315125,neutral,0.0,0.0,232.64862060546875,202.828125,353.32061767578125,323.3387451171875,0.7989798791292398
2,0.06666666666666667,bored,0.7716180682182312,neutral,0.0,0.0,210.39947509765625,207.06002807617188,347.481689453125,342.2565612792969,51.34918341862344
3,0.1,bored,0.6664861440658569,neutral,0.0,0.0,201.89407348632812,207.2607421875,345.6111755371094,347.9925537109375,56.695873153192125
4,0.13333333333333333,bored,0.3899170458316803,neutral,0.0,0.0,200.07716369628906,207.94879150390625,342.7672119140625,340.81622314453125,54.05030927835052
5,0.16666666666666666,bored,0.5616779923439026,neutral,0.0,0.0,193.70187377929688,209.9346466064453,340.7626037597656,346.70147705078125,54.99067822165117
6,0.2,engaged,0.7197504639625549,neutral,0.0,0.0,191.7974853515625,208.81759643554688,339.20806884765625,348.8381042480469,54.11376743345934
7,0.23333333333333334,engaged,0.7486011385917664,neutral,0.0,0.0,190.48101806640625,210.58856201171875,337.107666015625,347.93646240234375,57.007964770163376
8,0.26666666666666666,bored,0.5949665904045105,bored,0.625,0.5969331681728363,187.5586395263672,209.8397216796875,336.71124267578125,347.2174072265625,58.249368108213204
9,0.3,bored,0.6538211703300476,bored,0.6666666666666666,0.6064145018657049,186.09463500976562,211.42572021484375,333.8510437011719,346.46630859375,55.63622857749244
10,0.3333333333333333,bored,0.4918752610683441,bored,0.7,0.5900517531803676,182.84646606445312,214.25,332.1722717285156,359.04876708984375,55.20055801955701
11,0.36666666666666664,engaged,0.677273690700531,bored,0.6363636363636364,0.5900517531803676,181.5620574951172,215.27452087402344,330.86907958984375,361.1207275390625,55.91510691622674
12,0.4,engaged,0.8152679800987244,bored,0.5833333333333334,0.5900517531803676,177.19580078125,216.04148864746094,329.23785400390625,358.2059326171875,56.619338813968874
13,0.43333333333333335,engaged,0.8481873273849487,bored,0.5384615384615384,0.5900517531803676,173.96499633789062,215.399169921875,328.4576110839844,359.59564208984375,53.725601711306666
14,0.4666666666666667,engaged,0.809156596660614,bored,0.5,0.5900517531803676,174.16253662109375,217.5541534423828,327.84515380859375,358.84417724609375,61.132546276053056
15,0.5,engaged,0.8084132075309753,bored,0.4666666666666667,0.5900517531803676,171.2816162109375,217.52818298339844,328.73681640625,365.0487060546875,53.4353891429809
16,0.5333333333333333,engaged,0.7478870749473572,engaged,0.5,0.771817184984684,172.47726440429688,218.13026428222656,327.57867431640625,361.7216796875,59.93404018176103
17,0.5666666666666667,engaged,0.8147327303886414,engaged,0.5294117647058824,0.776585578918457,173.52847290039062,217.88185119628906,328.64630126953125,358.5406494140625,56.9367686585399
18,0.6,engaged,0.7757464647293091,engaged,0.5555555555555556,0.7765016674995422,175.11956787109375,219.27023315429688,328.63238525390625,364.1669616699219,56.7795316095844
19,0.6333333333333333,bored,0.36184313893318176,engaged,0.5263157894736842,0.7765016674995422,174.35324096679688,221.02618408203125,328.096923828125,372.9378662109375,56.400828335529674
20,0.6666666666666666,frustrated,0.6424657702445984,engaged,0.5,0.7765016674995422,177.8583984375,221.17709350585938,330.94317626953125,370.6082458496094,56.48666047163078
21,0.7,frustrated,0.7623022794723511,engaged,0.47619047619047616,0.7765016674995422,177.75439453125,220.951904296875,331.96966552734375,368.71502685546875,53.83731885453169
22,0.7333333333333333,frustrated,0.6350409984588623,engaged,0.45454545454545453,0.7765016674995422,176.97509765625,220.84910583496094,332.70904541015625,368.167236328125,60.27424662652507
23,0.7666666666666667,frustrated,0.7483093738555908,engaged,0.43478260869565216,0.7765016674995422,179.25416564941406,222.20449829101562,334.13330078125,371.1410217285156,58.94601925374183
24,0.8,frustrated,0.7073107361793518,engaged,0.4166666666666667,0.7765016674995422,179.00624084472656,222.3760986328125,336.9798583984375,375.1300048828125,56.223160547445744
25,0.8333333333333334,frustrated,0.8840898871421814,engaged,0.4,0.7765016674995422,180.978271484375,223.17562866210938,336.7569580078125,371.6329040527344,52.389507869098175
26,0.8666666666666667,frustrated,0.7611151933670044,neutral,0.38461538461538464,0.7765016674995422,183.91021728515625,223.4312286376953,336.67822265625,373.84552001953125,56.98240656459304
27,0.9,frustrated,0.7237030267715454,neutral,0.37037037037037035,0.7765016674995422,189.10362243652344,219.9965362548828,342.7149658203125,373.99542236328125,55.376198146338886
28,0.9333333333333333,frustrated,0.682672917842865,neutral,0.35714285714285715,0.7330049455165863,191.39251708984375,220.38888549804688,344.30438232421875,376.1184997558594,52.54308120161351
29,0.9666666666666667,engaged,0.523956298828125,neutral,0.3793103448275862,0.7535429976203225,195.3378448486328,215.42864990234375,344.85235595703125,364.22271728515625,56.97544012171267
30,1.0,engaged,0.6990662813186646,engaged,0.4,0.749003271261851,196.5980224609375,212.10858154296875,347.3924560546875,355.21173095703125,57.455432117368254
31,1.0333333333333334,engaged,0.6583322882652283,engaged,0.43333333333333335,0.7420285802621108,197.05712890625,208.5401153564453,347.9560546875,356.70062255859375,54.00437771998043
32,1.0666666666666667,engaged,0.8411018252372742,engaged,0.4666666666666667,0.7491052406174796,198.75759887695312,205.59764099121094,348.5570983886719,350.931396484375,55.85181831497929
33,1.1,engaged,0.8496355414390564,engaged,0.5,0.7558072606722513,197.694091796875,202.11624145507812,346.7625732421875,348.2269592285156,60.26212267065129
34,1.1333333333333333,engaged,0.8496355414390564,engaged,0.5333333333333333,0.7616715282201767,197.694091796875,202.11624145507812,346.7625732421875,348.2269592285156,58.326320034487075
35,1.1666666666666667,engaged,0.8247485160827637,engaged,0.5666666666666667,0.7653819392709171,195.1197967529297,197.79244995117188,347.24273681640625,349.1754455566406,52.50427489516179
36,1.2,engaged,0.8028803467750549,engaged,0.5666666666666667,0.7702719323775348,193.04434204101562,197.81581115722656,344.8802185058594,349.3482666015625,56.95687126561651
37,1.2333333333333334,engaged,0.7529439926147461,engaged,0.5666666666666667,0.7705273943788865,191.55026245117188,197.24212646484375,344.1742248535156,347.757568359375,60.48720832972801
38,1.2666666666666666,engaged,0.8571650385856628,engaged,0.6,0.7753405968348185,188.3377685546875,195.20751953125,342.82098388671875,347.76385498046875,58.69935902818597
39,1.3,engaged,0.8384850025177002,engaged,0.6333333333333333,0.7786639866076017,186.24850463867188,196.05886840820312,341.5701599121094,345.4894714355469,55.427423617718574
40,1.3333333333333333,engaged,0.8473673462867737,engaged,0.6666666666666666,0.7820991545915603,185.11561584472656,197.06747436523438,341.7738037109375,345.3882141113281,52.83563438476267
41,1.3666666666666667,bored,0.3521747887134552,engaged,0.6333333333333333,0.7876162842700356,182.6317138671875,197.530029296875,340.52685546875,358.48651123046875,60.65778703342155
42,1.4,engaged,0.6841152310371399,engaged,0.6333333333333333,0.7807135080036364,181.52972412109375,200.77256774902344,339.9803466796875,357.123779296875,50.990857809764634
43,1.4333333333333333,engaged,0.6841152310371399,engaged,0.6333333333333333,0.7720781345116464,181.52972412109375,200.77256774902344,339.9803466796875,357.123779296875,49.41451460885957
44,1.4666666666666666,engaged,0.6378295421600342,engaged,0.6333333333333333,0.7630609211168791,177.975341796875,202.5819854736328,341.74725341796875,358.78094482421875,55.40619014279864
45,1.5,frustrated,0.6049861311912537,engaged,0.6,0.7605413496494293,181.66949462890625,205.47483825683594,341.8958740234375,372.852294921875,55.54560262743176
46,1.5333333333333334,frustrated,0.6049861311912537,engaged,0.5666666666666667,0.7612857187495512,181.66949462890625,205.47483825683594,341.8958740234375,372.852294921875,64.89114425397611
47,1.5666666666666667,frustrated,0.8691797852516174,engaged,0.5333333333333333,0.7579452805221081,183.25714111328125,214.09967041015625,340.56298828125,367.02447509765625,54.22570427542696
48,1.6,engaged,0.44269439578056335,engaged,0.5333333333333333,0.7371295262128115,182.57650756835938,213.3999481201172,345.9979553222656,365.57855224609375,52.44387761481426
49,1.6333333333333333,engaged,0.44269439578056335,engaged,0.5666666666666667,0.7198098126579734,182.57650756835938,213.3999481201172,345.9979553222656,365.57855224609375,57.50032901952183
50,1.6666666666666667,frustrated,0.6985448598861694,engaged,0.5666666666666667,0.7198098126579734,186.88954162597656,215.60556030273438,346.750732421875,364.9766540527344,54.727348643006266
51,1.7,frustrated,0.8221030235290527,engaged,0.5666666666666667,0.7198098126579734,190.07241821289062,216.8802947998047,346.9642639160156,365.93731689453125,55.13742605494939
52,1.7333333333333334,frustrated,0.8221030235290527,engaged,0.5666666666666667,0.7198098126579734,190.07241821289062,216.8802947998047,346.9642639160156,365.93731689453125,54.80529458650743
53,1.7666666666666666,frustrated,0.7856247425079346,engaged,0.5666666666666667,0.7198098126579734,190.613525390625,218.06683349609375,348.84417724609375,366.224365234375,54.70807518228182
54,1.8,frustrated,0.7923374176025391,engaged,0.5666666666666667,0.7198098126579734,191.5357666015625,218.7003631591797,349.2855224609375,366.20574951171875,51.93605666241533
55,1.8333333333333333,frustrated,0.7923374176025391,engaged,0.5666666666666667,0.7198098126579734,191.5357666015625,218.7003631591797,349.2855224609375,366.20574951171875,53.146274708565635
56,1.8666666666666667,frustrated,0.7591284513473511,engaged,0.5666666666666667,0.7198098126579734,191.97369384765625,217.62123107910156,350.29132080078125,366.0511474609375,52.32349895834633
57,1.9,engaged,0.38916265964508057,engaged,0.6,0.7014405263794793,190.79312133789062,218.94970703125,351.4790954589844,366.65362548828125,47.88018264840183
58,1.9333333333333333,engaged,0.38916265964508057,engaged,0.6333333333333333,0.685004849182932,190.79312133789062,218.94970703125,351.4790954589844,366.65362548828125,55.93225673098721
59,1.9666666666666666,frustrated,0.8128958344459534,engaged,0.6,0.6939519908693101,192.06610107421875,218.29010009765625,350.0084228515625,365.51983642578125,55.406922060766185
60,2.0,frustrated,0.7096768021583557,engaged,0.5666666666666667,0.6936511502546423,191.70318603515625,217.8873748779297,350.79437255859375,365.84906005859375,52.531893841664264
61,2.033333333333333,frustrated,0.7096768021583557,engaged,0.5333333333333333,0.6958585791289806,191.70318603515625,217.8873748779297,350.79437255859375,365.84906005859375,57.6980768701681
62,2.066666666666667,frustrated,0.7334443926811218,engaged,0.5,0.6861756960550944,191.6887969970703,217.99575805664062,350.71295166015625,365.6153869628906,58.82531801798011
63,2.1,frustrated,0.7984437346458435,frustrated,0.5,0.7543645699818929,191.52154541015625,218.5886993408203,349.24560546875,365.48443603515625,49.81476994702962
64,2.1333333333333333,frustrated,0.7984437346458435,frustrated,0.5333333333333333,0.7571195177733898,191.52154541015625,218.5886993408203,349.24560546875,365.48443603515625,59.892960159931455
65,2.1666666666666665,frustrated,0.7787783741950989,frustrated,0.5666666666666667,0.7583935681511375,191.2021026611328,218.441162109375,349.27581787109375,365.86834716796875,53.52881719332278
66,2.2,frustrated,0.7385441660881042,frustrated,0.6,0.75729082359208,191.13558959960938,218.53614807128906,349.7378234863281,367.19775390625,51.7310770976455
67,2.2333333333333334,frustrated,0.7385441660881042,frustrated,0.6333333333333333,0.7563041574076602,191.13558959960938,218.53614807128906,349.7378234863281,367.19775390625,55.77754431692754
68,2.2666666666666666,frustrated,0.6807662844657898,frustrated,0.6666666666666666,0.7525272637605667,190.63311767578125,217.6937255859375,349.2098388671875,366.196533203125,53.762789207203745
69,2.3,engaged,0.38917943835258484,frustrated,0.6666666666666666,0.7525272637605667,190.49644470214844,218.96282958984375,350.213134765625,365.94342041015625,55.2463645943098
70,2.3333333333333335,engaged,0.38917943835258484,frustrated,0.6666666666666666,0.7525272637605667,190.49644470214844,218.96282958984375,350.213134765625,365.94342041015625,56.17948271474303
71,2.3666666666666667,frustrated,0.7811146378517151,frustrated,0.7,0.7538885672887167,191.10682678222656,218.05303955078125,348.5770263671875,365.64849853515625,58.609952070203875
72,2.4,frustrated,0.7712852358818054,frustrated,0.7333333333333333,0.7546793249520388,191.09149169921875,218.31753540039062,349.14288330078125,365.6997375488281,58.40510206923441
73,2.433333333333333,frustrated,0.7712852358818054,frustrated,0.7666666666666667,0.75540132107942,191.09149169921875,218.31753540039062,349.14288330078125,365.6997375488281,58.243705997528224
74,2.466666666666667,frustrated,0.853531539440155,frustrated,0.8,0.759490080177784,191.0232391357422,218.33297729492188,349.24371337890625,365.5184631347656,52.94434556493859
75,2.5,frustrated,0.844257652759552,frustrated,0.8,0.7694597269097964,191.0128936767578,218.75502014160156,349.24407958984375,365.9146728515625,56.92981336952833
76,2.533333333333333,frustrated,0.844257652759552,frustrated,0.8,0.7794293736418089,191.0128936767578,218.75502014160156,349.24407958984375,365.9146728515625,52.43863224354566
77,2.566666666666667,frustrated,0.8752579689025879,frustrated,0.8,0.7796826312939326,191.57308959960938,219.09405517578125,349.1734924316406,366.00152587890625,52.25179703753535
78,2.6,frustrated,0.871332585811615,frustrated,0.8333333333333334,0.7833486294746399,191.8629150390625,219.55615234375,349.86663818359375,366.9105224609375,52.59777033720828
79,2.6333333333333333,frustrated,0.871332585811615,frustrated,0.8666666666666667,0.7867326277952927,191.8629150390625,219.55615234375,349.86663818359375,366.9105224609375,51.34415473130126
80,2.6666666666666665,frustrated,0.8840325474739075,frustrated,0.8666666666666667,0.7938667696255904,191.97068786621094,219.6472930908203,349.9425048828125,367.13189697265625,49.85266360805382
81,2.7,frustrated,0.8679274320602417,frustrated,0.8666666666666667,0.7956292468767899,191.8848419189453,219.55078125,349.80169677734375,367.108154296875,51.98368965730929
82,2.7333333333333334,frustrated,0.8679274320602417,frustrated,0.8666666666666667,0.7973917241279895,191.8848419189453,219.55078125,349.80169677734375,367.108154296875,53.9835255354201
83,2.7666666666666666,frustrated,0.8634520769119263,frustrated,0.8666666666666667,0.8003850831435277,191.8656768798828,219.51112365722656,349.71136474609375,365.5218505859375,51.09397003289073
84,2.8,frustrated,0.8592985272407532,frustrated,0.8666666666666667,0.8029605104373052,191.7060546875,218.92613220214844,349.645263671875,365.978515625,58.708396903825424
85,2.8333333333333335,frustrated,0.8823086619377136,frustrated,0.8666666666666667,0.8064209429117349,191.71102905273438,218.7074432373047,349.4052429199219,365.83636474609375,45.95540654548642
86,2.8666666666666667,frustrated,0.8823086619377136,frustrated,0.8666666666666667,0.8111586433190566,191.71102905273438,218.7074432373047,349.4052429199219,365.83636474609375,58.68129162236275
87,2.9,frustrated,0.8658168911933899,frustrated,0.9,0.8131830228699578,191.47756958007812,218.215087890625,349.3267517089844,365.83984375,56.58496573309589
88,2.933333333333333,frustrated,0.8658168911933899,frustrated,0.9333333333333333,0.815062803881509,191.47756958007812,218.215087890625,349.3267517089844,365.83984375,49.93635183884371
89,2.966666666666667,frustrated,0.8820264935493469,frustrated,0.9333333333333333,0.8175317559923444,191.28793334960938,218.38134765625,349.2132873535156,366.12298583984375,61.13700167626266
90,3.0,frustrated,0.8844733834266663,frustrated,0.9333333333333333,0.8237744910376412,191.35658264160156,218.3958740234375,349.1153564453125,365.59002685546875,57.46094199523248
91,3.033333333333333,frustrated,0.8844733834266663,frustrated,0.9333333333333333,0.830017226082938,191.35658264160156,218.3958740234375,349.1153564453125,365.59002685546875,50.8529928830369
92,3.066666666666667,frustrated,0.8777087926864624,frustrated,0.9333333333333333,0.8351695260831288,191.40823364257812,218.7265625,349.1305236816406,365.77520751953125,58.752805053999914
93,3.1,frustrated,0.877625048160553,frustrated,0.9333333333333333,0.8379974301372256,191.22012329101562,218.039306640625,349.4548645019531,367.43280029296875,59.61289955798121
94,3.1333333333333333,frustrated,0.877625048160553,frustrated,0.9333333333333333,0.8408253341913223,191.22012329101562,218.039306640625,349.4548645019531,367.43280029296875,59.47764432280662
95,3.1666666666666665,frustrated,0.8757046461105347,frustrated,0.9333333333333333,0.8442869867597308,191.32901000976562,218.30868530273438,348.8581848144531,366.5898742675781,58.70675344670726
96,3.2,frustrated,0.8715236783027649,frustrated,0.9333333333333333,0.8490362550531115,191.55752563476562,218.5280303955078,348.9273376464844,365.85089111328125,60.839036277396616
97,3.2333333333333334,frustrated,0.8849026560783386,frustrated,0.9333333333333333,0.8542633439813342,191.5404052734375,218.67697143554688,348.6614990234375,365.6564636230469,55.88456157648595
98,3.2666666666666666,frustrated,0.8849026560783386,frustrated,0.9333333333333333,0.8615539286817823,191.5404052734375,218.67697143554688,348.6614990234375,365.6564636230469,58.426255084415224
99,3.3,frustrated,0.8894115090370178,frustrated,0.9666666666666667,0.8625145349009283,191.32736206054688,218.29640197753906,348.6914978027344,365.1959228515625,57.46645292997383
100,3.3333333333333335,frustrated,0.8899468779563904,frustrated,1.0,0.8634289463361104,191.4542236328125,218.54476928710938,348.57257080078125,366.0068054199219,52.42683399372523
101,3.3666666666666667,frustrated,0.8899468779563904,frustrated,1.0,0.867056687672933,191.4542236328125,218.54476928710938,348.57257080078125,366.0068054199219,59.10800450958286
102,3.4,frustrated,0.8653228282928467,frustrated,1.0,0.8701912740866343,190.92355346679688,217.9984893798828,348.3363342285156,365.76873779296875,56.472210254200775
103,3.433333333333333,frustrated,0.8653228282928467,frustrated,1.0,0.8733258605003357,190.92355346679688,217.9984893798828,348.3363342285156,365.76873779296875,55.277673076162735
104,3.466666666666667,frustrated,0.8617655038833618,frustrated,1.0,0.873600325981776,191.19293212890625,218.640625,348.36981201171875,366.80010986328125,62.00922531046718
105,3.5,frustrated,0.8537180423736572,frustrated,1.0,0.8739156723022461,191.25088500976562,218.37913513183594,348.1709289550781,367.665771484375,54.309961283973635
106,3.533333333333333,frustrated,0.8537180423736572,frustrated,1.0,0.8742310186227162,191.25088500976562,218.37913513183594,348.1709289550781,367.665771484375,50.2691132231504
107,3.566666666666667,frustrated,0.8336299657821655,frustrated,1.0,0.8728434185187022,191.11331176757812,217.9317626953125,348.1332702636719,368.97613525390625,57.363494625126506
108,3.6,frustrated,0.8248789310455322,frustrated,1.0,0.8712949633598328,190.48899841308594,218.40243530273438,347.8931884765625,368.4033508300781,53.729042836646855
109,3.6333333333333333,frustrated,0.8287450671195984,frustrated,1.0,0.8698753794034322,190.37667846679688,218.28811645507812,347.9602966308594,367.8688049316406,50.62221954016052
110,3.6666666666666665,frustrated,0.8287450671195984,frustrated,1.0,0.8680324633916219,190.37667846679688,218.28811645507812,347.9602966308594,367.8688049316406,55.29516301266924
111,3.7,frustrated,0.8350026607513428,frustrated,1.0,0.8669349710146587,190.51589965820312,218.30096435546875,347.0984802246094,366.8865966796875,52.15239232070029
112,3.7333333333333334,frustrated,0.8186393976211548,frustrated,1.0,0.8652920365333557,190.15370178222656,218.3712921142578,347.218505859375,369.60821533203125,56.9684753820034
113,3.7666666666666666,frustrated,0.8186393976211548,frustrated,1.0,0.8637982805569967,190.15370178222656,218.3712921142578,347.218505859375,369.60821533203125,62.286401639465986
114,3.8,frustrated,0.785789430141449,frustrated,1.0,0.8613479773203532,190.17144775390625,218.08770751953125,347.122314453125,368.3890380859375,49.416261177939845
115,3.8333333333333335,frustrated,0.785789430141449,frustrated,1.0,0.858130669593811,190.17144775390625,218.08770751953125,347.122314453125,368.3890380859375,55.68793648264691
116,3.8666666666666667,frustrated,0.7893601059913635,frustrated,1.0,0.8550323843955994,190.38345336914062,218.2064971923828,347.1976013183594,367.31719970703125,58.79645620724459
117,3.9,frustrated,0.7598934769630432,frustrated,1.0,0.8515016039212545,189.96102905273438,217.8274383544922,347.2389221191406,367.48175048828125,53.61297662111897
118,3.933333333333333,frustrated,0.7598934769630432,frustrated,1.0,0.8479708234469095,189.96102905273438,217.8274383544922,347.2389221191406,367.48175048828125,57.11976031594716
119,3.966666666666667,frustrated,0.7987284660339355,frustrated,1.0,0.8451942225297292,190.3181915283203,218.17263793945312,346.97564697265625,368.1473083496094,55.1468503885244
120,4.0,frustrated,0.8083127737045288,frustrated,1.0,0.8426555355389913,190.44976806640625,218.52996826171875,346.8343505859375,366.34405517578125,57.628314693193374
121,4.033333333333333,frustrated,0.751380205154419,frustrated,1.0,0.8382190962632498,189.95834350585938,218.3949432373047,347.4563903808594,367.77142333984375,54.09352833449405
122,4.066666666666666,frustrated,0.751380205154419,frustrated,1.0,0.834008143345515,189.95834350585938,218.3949432373047,347.4563903808594,367.77142333984375,56.83723829527746
123,4.1,frustrated,0.8119984269142151,frustrated,1.0,0.8318205893039703,189.85556030273438,218.4956817626953,346.9528503417969,368.50933837890625,53.26912037389825
124,4.133333333333334,frustrated,0.7390679717063904,frustrated,1.0,0.8272020200888316,189.94110107421875,218.0989990234375,347.31060791015625,368.4293212890625,52.487848829933675
125,4.166666666666667,frustrated,0.7390679717063904,frustrated,1.0,0.8226474642753601,189.94110107421875,218.0989990234375,347.31060791015625,368.4293212890625,56.898921522078275
126,4.2,frustrated,0.7552950382232666,frustrated,1.0,0.8187731762727102,189.99440002441406,218.4587860107422,346.8468017578125,366.86370849609375,49.46988264433567
127,4.233333333333333,frustrated,0.8076384663581848,frustrated,1.0,0.8161977032820383,190.0218048095703,218.36477661132812,346.57708740234375,368.3113708496094,62.381819263489795
128,4.266666666666667,frustrated,0.8076384663581848,frustrated,1.0,0.8136222302913666,190.0218048095703,218.36477661132812,346.57708740234375,368.3113708496094,58.55513053190004
129,4.3,frustrated,0.7724918723106384,frustrated,1.0,0.8097249090671539,190.09349060058594,219.09263610839844,346.6973876953125,368.2705078125,54.671706770249486
130,4.333333333333333,frustrated,0.7724918723106384,frustrated,1.0,0.8058097422122955,190.09349060058594,219.09263610839844,346.6973876953125,368.2705078125,57.99485633693759
131,4.366666666666666,frustrated,0.7410839796066284,frustrated,1.0,0.8008476456006368,189.98898315429688,218.3384552001953,347.0567932128906,367.06060791015625,55.284959204924405
132,4.4,frustrated,0.7628154158592224,frustrated,1.0,0.7974307318528493,189.43077087402344,217.94149780273438,346.8441162109375,368.9665832519531,52.87293263412666
133,4.433333333333334,frustrated,0.7007666230201721,frustrated,1.0,0.7919455250104268,189.2906951904297,218.36415100097656,346.93792724609375,367.6297607421875,61.38215451259311
134,4.466666666666667,frustrated,0.7007666230201721,frustrated,1.0,0.7865788956483205,189.2906951904297,218.36415100097656,346.93792724609375,367.6297607421875,56.74726702024029
135,4.5,frustrated,0.7531365156173706,frustrated,1.0,0.7832261780897777,189.90179443359375,218.629638671875,346.33917236328125,369.81134033203125,55.410581940683
136,4.533333333333333,frustrated,0.6562273502349854,frustrated,1.0,0.7766431550184886,189.84420776367188,218.54664611816406,346.6286315917969,368.8974609375,54.93306091443689
137,4.566666666666666,frustrated,0.6562273502349854,frustrated,1.0,0.7707297345002492,189.84420776367188,218.54664611816406,346.6286315917969,368.8974609375,57.348592367748196
138,4.6,frustrated,0.646899938583374,frustrated,1.0,0.7647971014181772,189.85302734375,218.5139617919922,346.82318115234375,368.11651611328125,54.372621208192896
139,4.633333333333334,frustrated,0.622836709022522,frustrated,1.0,0.7579334894816081,189.60772705078125,218.54718017578125,346.75164794921875,369.38739013671875,59.646809539384805
140,4.666666666666667,frustrated,0.622836709022522,frustrated,1.0,0.7510698775450388,189.60772705078125,218.54718017578125,346.75164794921875,369.38739013671875,49.895956507774116
141,4.7,frustrated,0.5585031509399414,frustrated,1.0,0.7418532272179922,189.39523315429688,218.37881469726562,346.7447204589844,370.0913391113281,58.66569690188125
142,4.733333333333333,frustrated,0.5585031509399414,frustrated,1.0,0.733182018995285,189.39523315429688,218.37881469726562,346.7447204589844,370.0913391113281,52.453059540037266
143,4.766666666666667,engaged,0.33755597472190857,frustrated,0.9666666666666667,0.7302352128357723,189.59658813476562,219.61366271972656,347.8645324707031,368.568359375,52.508218680754645
144,4.8,frustrated,0.636314868927002,frustrated,0.9666666666666667,0.725080917621481,189.64517211914062,218.5654296875,346.3143005371094,369.49029541015625,52.46749477739833
145,4.833333333333333,frustrated,0.7462925314903259,frustrated,0.9666666666666667,0.7237189555990284,189.68809509277344,218.11395263671875,346.3739013671875,369.74310302734375,58.61404734620867
146,4.866666666666666,frustrated,0.7462925314903259,frustrated,0.9666666666666667,0.7222338668231306,189.68809509277344,218.11395263671875,346.3739013671875,369.74310302734375,55.348429664819214
147,4.9,frustrated,0.6917229294776917,frustrated,0.9666666666666667,0.719883158289153,189.65426635742188,218.32069396972656,346.3330383300781,370.1043701171875,56.478293655068406
148,4.933333333333334,frustrated,0.7647613883018494,frustrated,0.9666666666666667,0.720051017300836,189.41940307617188,218.5500946044922,346.0883483886719,370.88690185546875,52.48653518870758
149,4.966666666666667,frustrated,0.7647613883018494,frustrated,0.9666666666666667,0.7188797387583502,189.41940307617188,218.5500946044922,346.0883483886719,370.88690185546875,59.54773127378046
150,5.0,frustrated,0.7668893337249756,frustrated,0.9666666666666667,0.7174513442762966,189.7666778564453,218.19766235351562,346.19610595703125,369.2458190917969,56.957644726299925
151,5.033333333333333,frustrated,0.7560672760009766,frustrated,0.9666666666666667,0.7176129674089367,189.8343505859375,218.5308837890625,346.1024169921875,370.2379150390625,55.410581940683
152,5.066666666666666,frustrated,0.7560672760009766,frustrated,0.9666666666666667,0.7177745905415766,189.8343505859375,218.5308837890625,346.1024169921875,370.2379150390625,53.91690662278898
153,5.1,frustrated,0.7310036420822144,frustrated,0.9666666666666667,0.71498166692668,189.87564086914062,217.98223876953125,345.8078918457031,369.82958984375,54.26499165513048
154,5.133333333333334,frustrated,0.6476781368255615,frustrated,0.9666666666666667,0.7118302933100996,189.9762725830078,218.27090454101562,346.33050537109375,370.8176574707031,60.456693140377936
155,5.166666666666667,frustrated,0.6476781368255615,frustrated,0.9666666666666667,0.7086789196935194,189.9762725830078,218.27090454101562,346.33050537109375,370.8176574707031,57.92517504730075
156,5.2,frustrated,0.6379820704460144,frustrated,0.9666666666666667,0.7046336449425796,189.51861572265625,218.2513427734375,345.99462890625,368.6534423828125,49.79111564851967
157,5.233333333333333,frustrated,0.6405676007270813,frustrated,0.9666666666666667,0.6988725806104725,189.52999877929688,218.41925048828125,346.1001281738281,369.083984375,45.878999354634054
158,5.266666666666667,frustrated,0.6405676007270813,frustrated,0.9666666666666667,0.6931115162783655,189.52999877929688,218.41925048828125,346.1001281738281,369.083984375,52.52728866624922
159,5.3,frustrated,0.6597078442573547,frustrated,0.9666666666666667,0.6892224118627351,190.0272979736328,218.32492065429688,346.00030517578125,366.2107238769531,53.18738507969921
160,5.333333333333333,frustrated,0.6716040968894958,frustrated,0.9666666666666667,0.6857435230551094,190.01004028320312,218.54510498046875,346.2248840332031,369.47119140625,50.04658266513937
161,5.366666666666666,frustrated,0.6716040968894958,frustrated,0.9666666666666667,0.6833476650303808,190.01004028320312,218.54510498046875,346.2248840332031,369.47119140625,56.99634456236666
162,5.4,engaged,0.38392072916030884,frustrated,0.9333333333333333,0.6805095310722079,189.5552978515625,219.66012573242188,347.4844970703125,367.6268005371094,58.71825957917431
163,5.433333333333334,engaged,0.3766818940639496,frustrated,0.9,0.6797592684074685,189.77928161621094,219.699951171875,347.24951171875,367.2603759765625,51.25004887585533
164,5.466666666666667,engaged,0.3766818940639496,frustrated,0.8666666666666667,0.6789512932300568,189.77928161621094,219.699951171875,347.24951171875,367.2603759765625,55.36157968374647
165,5.5,engaged,0.35993772745132446,frustrated,0.8333333333333334,0.6759838843345642,189.68484497070312,219.8272705078125,347.6356506347656,369.5244140625,52.45109171397844
166,5.533333333333333,frustrated,0.6224418878555298,frustrated,0.8333333333333334,0.674632465839386,190.16229248046875,218.64100646972656,346.57684326171875,371.6278076171875,53.90374111629461
167,5.566666666666666,engaged,0.34594377875328064,frustrated,0.8,0.675399345656236,189.79006958007812,219.7225799560547,347.5754089355469,369.46331787109375,52.49704616000801
168,5.6,engaged,0.34594377875328064,frustrated,0.7666666666666667,0.6766384503115779,189.79006958007812,219.7225799560547,347.5754089355469,369.46331787109375,55.27184555577519
169,5.633333333333334,frustrated,0.715600848197937,frustrated,0.7666666666666667,0.6806716737539872,190.50006103515625,218.909423828125,346.2742919921875,369.1212158203125,52.4419104776194
170,5.666666666666667,frustrated,0.715600848197937,frustrated,0.7666666666666667,0.6847048971963965,190.50006103515625,218.909423828125,346.2742919921875,369.1212158203125,54.737347636572444
171,5.7,frustrated,0.7080457806587219,frustrated,0.7666666666666667,0.6912067506624304,190.35598754882812,218.69476318359375,346.3039855957031,369.37188720703125,49.83963116117686
172,5.733333333333333,frustrated,0.6591981053352356,frustrated,0.7666666666666667,0.695584792157878,190.60870361328125,218.9633331298828,346.61663818359375,371.21929931640625,47.89385098487011
173,5.766666666666667,frustrated,0.6591981053352356,frustrated,0.8,0.6940686802069346,190.60870361328125,218.9633331298828,346.61663818359375,371.21929931640625,56.08108035833668
174,5.8,frustrated,0.7079489827156067,frustrated,0.8,0.6970534349481264,190.29257202148438,218.53762817382812,346.6878967285156,369.7626647949219,56.71350532749202
175,5.833333333333333,frustrated,0.7706969976425171,frustrated,0.8,0.6980702877044678,190.17701721191406,218.44512939453125,346.762939453125,371.21026611328125,47.904244140892686
176,5.866666666666666,frustrated,0.7706969976425171,frustrated,0.8,0.6990871404608091,190.17701721191406,218.44512939453125,346.762939453125,371.21026611328125,55.06214718932969
177,5.9,frustrated,0.7529138922691345,frustrated,0.8,0.7016367639104525,190.065185546875,218.6447296142578,346.3304443359375,371.33221435546875,58.306049822064054
178,5.933333333333334,frustrated,0.6846831440925598,frustrated,0.8,0.6983001704017321,189.93743896484375,218.6334686279297,346.1953125,371.33990478515625,47.01238553190535
179,5.966666666666667,frustrated,0.7059584856033325,frustrated,0.8,0.6958500494559606,189.7967071533203,218.11468505859375,346.05853271484375,371.9453125,58.66405583451054
180,6.0,frustrated,0.7059584856033325,frustrated,0.8,0.6933112641175588,189.7967071533203,218.11468505859375,346.05853271484375,371.9453125,53.58420951772597
181,6.033333333333333,frustrated,0.6367575526237488,frustrated,0.8,0.6883400256435076,189.599365234375,218.34783935546875,346.06732177734375,372.30535888671875,54.56076176600671
182,6.066666666666666,frustrated,0.6367575526237488,frustrated,0.8,0.6833687871694565,189.599365234375,218.34783935546875,346.06732177734375,372.30535888671875,58.71332782731638
183,6.1,frustrated,0.727147102355957,frustrated,0.8,0.6832080980141958,189.39427185058594,217.8597412109375,345.8052978515625,371.001220703125,59.088019835455874
184,6.133333333333334,frustrated,0.7196917533874512,frustrated,0.8,0.6862086653709412,189.71397399902344,218.0001220703125,345.974365234375,371.676025390625,52.44715650477667
185,6.166666666666667,frustrated,0.7196917533874512,frustrated,0.8,0.6892092327276865,189.71397399902344,218.0001220703125,345.974365234375,371.676025390625,49.88883470317462
186,6.2,frustrated,0.8355019688606262,frustrated,0.8,0.6974392284949621,189.7384490966797,218.55601501464844,345.64508056640625,369.8404541015625,46.538224263808445
187,6.233333333333333,frustrated,0.85989910364151,frustrated,0.8,0.7065780411163965,189.36692810058594,218.44613647460938,345.0235595703125,367.4835510253906,51.15254402653788
188,6.266666666666667,frustrated,0.85989910364151,frustrated,0.8,0.7157168537378311,189.36692810058594,218.44613647460938,345.0235595703125,367.4835510253906,51.26007039499413
189,6.3,frustrated,0.8604135513305664,frustrated,0.8,0.7240795915325483,188.9994659423828,218.0814208984375,345.60040283203125,368.5770263671875,52.926307288512014
190,6.333333333333333,frustrated,0.8677236437797546,frustrated,0.8,0.7322512393196424,188.9358673095703,218.35675048828125,345.52313232421875,369.65081787109375,49.52888385055028
191,6.366666666666666,frustrated,0.8391609787940979,frustrated,0.8,0.7392327760656675,188.88682556152344,218.2330322265625,345.609375,367.32073974609375,50.9852792803744
192,6.4,frustrated,0.8391609787940979,frustrated,0.8333333333333334,0.7432299041748047,188.88682556152344,218.2330322265625,345.609375,367.32073974609375,48.408476062970315
193,6.433333333333334,frustrated,0.8697432279586792,frustrated,0.8666666666666667,0.7480958012434152,188.67181396484375,217.85552978515625,345.31927490234375,369.6849365234375,47.71514055265463
194,6.466666666666667,frustrated,0.8505731225013733,frustrated,0.9,0.7518912575863026,189.14320373535156,218.4972686767578,345.16552734375,368.75531005859375,57.11431567193649
195,6.5,frustrated,0.8505731225013733,frustrated,0.9333333333333333,0.7554156099046979,189.14320373535156,218.4972686767578,345.16552734375,368.75531005859375,49.93813549232051
196,6.533333333333333,frustrated,0.8524866104125977,frustrated,0.9333333333333333,0.7636314928531647,189.25486755371094,218.62213134765625,345.245849609375,369.15118408203125,56.81798970468708
197,6.566666666666666,frustrated,0.8524866104125977,frustrated,0.9666666666666667,0.7666954624241796,189.25486755371094,218.62213134765625,345.245849609375,369.15118408203125,55.11568988173456
198,6.6,frustrated,0.8384982943534851,frustrated,1.0,0.7690888901551565,188.64280700683594,218.23568725585938,345.216796875,370.2151794433594,51.153791740859084
199,6.633333333333334,frustrated,0.8051535487174988,frustrated,1.0,0.7720739801724752,188.83502197265625,218.27865600585938,345.12115478515625,366.7737731933594,55.17949797400411
200,6.666666666666667,frustrated,0.8051535487174988,frustrated,1.0,0.7750590701897939,188.83502197265625,218.27865600585938,345.12115478515625,366.7737731933594,54.86192643750327
201,6.7,engaged,0.655714213848114,frustrated,0.9666666666666667,0.7773698732770723,187.44927978515625,217.219482421875,345.07513427734375,376.8856201171875,49.39647395508238
202,6.733333333333333,frustrated,0.33337223529815674,frustrated,0.9666666666666667,0.7661344984482075,187.27587890625,216.0377197265625,344.9813232421875,375.531005859375,58.46453213643523
203,6.766666666666667,frustrated,0.40018394589424133,frustrated,0.9666666666666667,0.7572029757088629,187.61766052246094,214.29638671875,344.2305908203125,375.2520751953125,53.00456205532598
204,6.8,frustrated,0.40018394589424133,frustrated,0.9666666666666667,0.746590388232264,187.61766052246094,214.29638671875,344.2305908203125,375.2520751953125,45.40125347737138
205,6.833333333333333,engaged,0.8319534063339233,frustrated,0.9333333333333333,0.7457294378961835,187.60476684570312,212.2074737548828,343.2075500488281,373.74188232421875,46.90513414074994
206,6.866666666666666,engaged,0.8845419883728027,frustrated,0.9,0.7448047134611342,187.80934143066406,209.68992614746094,342.19140625,368.4488525390625,46.21771660918337
207,6.9,engaged,0.8845419883728027,frustrated,0.8666666666666667,0.7444928219685187,187.80934143066406,209.68992614746094,342.19140625,368.4488525390625,49.80944577054164
208,6.933333333333334,engaged,0.9132407903671265,frustrated,0.8333333333333334,0.7468852090835572,187.2535858154297,208.12142944335938,341.69256591796875,358.7652282714844,49.947650463238624
209,6.966666666666667,engaged,0.9090905785560608,frustrated,0.8,0.7485904892285665,186.73013305664062,208.19699096679688,340.3326110839844,356.9950256347656,45.31639223821254
210,7.0,engaged,0.9090905785560608,frustrated,0.7666666666666667,0.7504440546035767,186.73013305664062,208.19699096679688,340.3326110839844,356.9950256347656,50.284782582632985
211,7.033333333333333,engaged,0.4725048840045929,frustrated,0.7333333333333333,0.755611622875387,186.09844970703125,207.51571655273438,335.3902587890625,350.8619079589844,52.226422612377036
212,7.066666666666666,engaged,0.4725048840045929,frustrated,0.7,0.7612713405064174,186.09844970703125,207.51571655273438,335.3902587890625,350.8619079589844,48.04196781398545
213,7.1,bored,0.7447994351387024,frustrated,0.6666666666666666,0.7629775524139404,178.79403686523438,206.57968139648438,328.9969787597656,346.5104064941406,52.06758115573211
214,7.133333333333334,bored,0.8872668743133545,frustrated,0.6333333333333333,0.765255752362703,169.90609741210938,207.171142578125,322.2529296875,344.1798095703125,54.50545794781162
215,7.166666666666667,bored,0.6882501244544983,frustrated,0.6,0.7677870856391059,165.25796508789062,206.74668884277344,315.1334533691406,346.73046875,44.59416298974005
216,7.2,bored,0.6882501244544983,frustrated,0.5666666666666667,0.7638038572143105,165.25796508789062,206.74668884277344,315.1334533691406,346.73046875,60.50291385378801
217,7.233333333333333,bored,0.6229130625724792,frustrated,0.5333333333333333,0.7577979043126106,158.67269897460938,207.00567626953125,308.7877502441406,350.99493408203125,56.075831918392446
218,7.266666666666667,engaged,0.6781057715415955,frustrated,0.5,0.750991157690684,154.57720947265625,206.56973266601562,302.79840087890625,347.6141662597656,49.73089874318236
219,7.3,engaged,0.6781057715415955,frustrated,0.4666666666666667,0.7431752724306924,154.57720947265625,206.56973266601562,302.79840087890625,347.6141662597656,49.713804833528904
220,7.333333333333333,engaged,0.8837509155273438,frustrated,0.43333333333333335,0.7335946284807645,145.84854125976562,206.1114044189453,295.7034912109375,347.60821533203125,53.96546666323564
221,7.366666666666666,engaged,0.7361792922019958,engaged,0.43333333333333335,0.7622557740945083,138.26748657226562,206.69845581054688,288.73785400390625,349.0579528808594,47.138663489851425
222,7.4,engaged,0.8323351144790649,engaged,0.4666666666666667,0.7672614412648338,137.22747802734375,207.11717224121094,286.5309753417969,346.6893310546875,52.426178691065445
223,7.433333333333334,engaged,0.879391074180603,engaged,0.5,0.774736750125885,135.59716796875,206.45462036132812,284.5074462890625,350.4945983886719,46.89621860953957
224,7.466666666666667,engaged,0.8830174803733826,engaged,0.5333333333333333,0.7815042957663536,133.95877075195312,206.3327178955078,283.2616271972656,349.28057861328125,51.40141423301756
225,7.5,engaged,0.8830174803733826,engaged,0.5666666666666667,0.7874756595667671,133.95877075195312,206.3327178955078,283.2616271972656,349.28057861328125,57.08866203892745
226,7.533333333333333,engaged,0.8894392848014832,engaged,0.6,0.7931403054131402,132.72329711914062,207.81048583984375,281.22113037109375,349.09283447265625,51.82119647137315
227,7.566666666666666,engaged,0.8916134834289551,engaged,0.6333333333333333,0.7983231042560778,132.79763793945312,208.55319213867188,281.18072509765625,349.5511169433594,56.290315653854414
228,7.6,engaged,0.8916134834289551,engaged,0.6666666666666666,0.8029876232147217,132.79763793945312,208.55319213867188,281.18072509765625,349.5511169433594,59.70709486391072
229,7.633333333333334,engaged,0.8982041478157043,engaged,0.7,0.8075217434338161,133.26220703125,208.89889526367188,281.85467529296875,349.0555725097656,53.70633955209547
230,7.666666666666667,engaged,0.8871949315071106,engaged,0.7333333333333333,0.8111432519826022,134.6588134765625,209.96359252929688,282.38134765625,349.2691345214844,57.61564878155993
231,7.7,engaged,0.8871949315071106,engaged,0.7333333333333333,0.8216651027852838,134.6588134765625,209.96359252929688,282.38134765625,349.2691345214844,52.46027616569942
232,7.733333333333333,engaged,0.8978803753852844,engaged,0.7666666666666667,0.8249788102896317,135.85623168945312,210.81259155273438,285.2696533203125,350.8194885253906,54.8942374389781
233,7.766666666666667,engaged,0.9260048866271973,engaged,0.8,0.8291882301370302,137.93228149414062,211.1639862060547,287.3141784667969,349.59979248046875,53.05283395944801
234,7.8,engaged,0.9260048866271973,engaged,0.8333333333333334,0.8330608963966369,137.93228149414062,211.1639862060547,287.3141784667969,349.59979248046875,51.72214617784519
235,7.833333333333333,engaged,0.9046080708503723,engaged,0.8333333333333334,0.8359670829772949,139.24078369140625,211.52883911132812,287.77496337890625,348.1112976074219,53.03203944872929
236,7.866666666666666,engaged,0.8801193833351135,engaged,0.8333333333333334,0.8357901787757873,140.30099487304688,213.45880126953125,290.42523193359375,355.47979736328125,55.21727224855187
237,7.9,engaged,0.8801193833351135,engaged,0.8333333333333334,0.8356132745742798,140.30099487304688,213.45880126953125,290.42523193359375,355.47979736328125,53.77726491781419
238,7.933333333333334,engaged,0.9207350611686707,engaged,0.8333333333333334,0.8359130454063416,142.95037841796875,212.68206787109375,294.38397216796875,357.6297607421875,58.09043945542429
239,7.966666666666667,engaged,0.9016608595848083,engaged,0.8333333333333334,0.8356158566474915,145.48147583007812,212.94163513183594,297.5127868652344,355.728759765625,43.468794693750645
240,8.0,engaged,0.9016608595848083,engaged,0.8333333333333334,0.8353186678886414,145.48147583007812,212.94163513183594,297.5127868652344,355.728759765625,58.438465718306325
241,8.033333333333333,engaged,0.8241662383079529,engaged,0.8333333333333334,0.8493851220607758,150.52655029296875,214.9276123046875,301.215576171875,356.15338134765625,54.2530591126633
242,8.066666666666666,engaged,0.7794644832611084,engaged,0.8333333333333334,0.8616635060310364,153.9852294921875,213.73861694335938,305.07196044921875,354.4347229003906,54.73877636249739
243,8.1,engaged,0.7794644832611084,engaged,0.8666666666666667,0.8585020051552699,153.9852294921875,213.73861694335938,305.07196044921875,354.4347229003906,49.3883308801884
244,8.133333333333333,engaged,0.7069457173347473,engaged,0.9,0.8528888093100654,156.46942138671875,211.98638916015625,308.4681396484375,361.18914794921875,58.28741366611543
245,8.166666666666666,engaged,0.8894986510276794,engaged,0.9333333333333333,0.8541963036571231,158.51116943359375,211.15093994140625,310.6546630859375,361.75604248046875,46.8093388688005
246,8.2,engaged,0.8894986510276794,engaged,0.9666666666666667,0.8554136259802456,158.51116943359375,211.15093994140625,310.6546630859375,361.75604248046875,57.250743905435286
247,8.233333333333333,engaged,0.8744494318962097,engaged,1.0,0.8560481528441112,159.86990356445312,211.04034423828125,311.98089599609375,358.94903564453125,46.4243859785051
248,8.266666666666667,engaged,0.8883585333824158,engaged,1.0,0.8630565782388051,160.37210083007812,210.73866271972656,313.8710632324219,362.0614013671875,55.25655415909151
249,8.3,engaged,0.8883585333824158,engaged,1.0,0.8700650036334991,160.37210083007812,210.73866271972656,313.8710632324219,362.0614013671875,52.914956159717406
250,8.333333333333334,engaged,0.8841861486434937,engaged,1.0,0.8700795114040375,161.40777587890625,211.63739013671875,314.29388427734375,361.4945068359375,52.27524147815791
251,8.366666666666667,engaged,0.9030258655548096,engaged,1.0,0.8756410638491313,162.51608276367188,212.43389892578125,315.8448486328125,361.0546875,47.5479980048066
252,8.4,engaged,0.9030258655548096,engaged,1.0,0.8779974222183228,162.51608276367188,212.43389892578125,315.8448486328125,361.0546875,57.66872447787051
253,8.433333333333334,engaged,0.8837571740150452,engaged,1.0,0.8781429588794708,162.35073852539062,213.11241149902344,317.76593017578125,361.96728515625,52.261562998405104
254,8.466666666666667,engaged,0.8959941267967224,engaged,1.0,0.8785755137602488,164.80816650390625,214.19198608398438,318.2530517578125,359.8119812011719,56.886574168260296
255,8.5,engaged,0.8959941267967224,engaged,1.0,0.8790080686410268,164.80816650390625,214.19198608398438,318.2530517578125,359.8119812011719,44.08791717033689
256,8.533333333333333,engaged,0.8511790633201599,engaged,1.0,0.8777327279249827,166.03292846679688,213.8560791015625,320.1067199707031,361.54913330078125,53.76623509806435
257,8.566666666666666,engaged,0.89186030626297,engaged,1.0,0.8777409553527832,166.29486083984375,214.9589080810547,321.3016052246094,361.11102294921875,54.87628218547206
258,8.6,engaged,0.89186030626297,engaged,1.0,0.8777491827805837,166.29486083984375,214.9589080810547,321.3016052246094,361.11102294921875,49.88586788458336
259,8.633333333333333,engaged,0.8916202187538147,engaged,1.0,0.8775297184785207,166.63134765625,213.9676513671875,322.24639892578125,363.7542724609375,49.80707983517593
260,8.666666666666666,engaged,0.8829457759857178,engaged,1.0,0.877388079961141,166.85836791992188,213.7366943359375,323.12884521484375,364.4117431640625,50.80125479936533
261,8.7,engaged,0.8829457759857178,engaged,1.0,0.8772464414437612,166.85836791992188,213.7366943359375,323.12884521484375,364.4117431640625,50.350579818011575
262,8.733333333333333,engaged,0.8729780912399292,engaged,1.0,0.8764163653055826,167.65802001953125,213.69168090820312,323.39453125,364.0911560058594,48.963414349419814
263,8.766666666666667,engaged,0.8676828145980835,engaged,1.0,0.8744722962379455,168.18423461914062,214.00393676757812,323.5671691894531,363.7544250488281,51.1276025159686
264,8.8,engaged,0.8676828145980835,engaged,1.0,0.8725282271703084,168.18423461914062,214.00393676757812,323.5671691894531,363.7544250488281,50.91163332685959
265,8.833333333333334,engaged,0.8597486615180969,engaged,1.0,0.8710329135258993,168.51577758789062,213.84141540527344,323.8671875,365.3226318359375,58.71497165255127
266,8.866666666666667,engaged,0.8477763533592224,engaged,1.0,0.8699548125267029,169.00143432617188,214.66082763671875,325.5033264160156,367.34857177734375,46.37664750110571
267,8.9,engaged,0.8477763533592224,engaged,1.0,0.8688767115275066,169.00143432617188,214.66082763671875,325.5033264160156,367.34857177734375,56.18249280021432
268,8.933333333333334,engaged,0.8665701746940613,engaged,1.0,0.8670712153116862,169.86993408203125,215.1131591796875,325.478271484375,366.97705078125,49.80767129794561
269,8.966666666666667,engaged,0.8477491140365601,engaged,1.0,0.8652741571267446,169.51693725585938,214.54446411132812,325.9880065917969,367.1617736816406,57.836514065085495
270,9.0,engaged,0.8477491140365601,engaged,1.0,0.863477098941803,169.51693725585938,214.54446411132812,325.9880065917969,367.1617736816406,55.00798698999331
271,9.033333333333333,engaged,0.8656985759735107,engaged,1.0,0.8648615101973216,169.76040649414062,214.89431762695312,326.3984680175781,366.6712951660156,52.60040883382034
272,9.066666666666666,engaged,0.8739122152328491,engaged,1.0,0.868009767929713,169.53659057617188,213.9310760498047,325.6510314941406,364.65631103515625,56.275965705545346
273,9.1,engaged,0.8786836266517639,engaged,1.0,0.8713170727094014,168.9305419921875,213.7113494873047,325.83636474609375,365.63348388671875,49.878155807399125
274,9.133333333333333,engaged,0.8786836266517639,engaged,1.0,0.8770416696866353,168.9305419921875,213.7113494873047,325.83636474609375,365.63348388671875,52.369230000874005
275,9.166666666666666,engaged,0.8778730630874634,engaged,1.0,0.8766541500886281,169.97982788085938,214.3846893310547,326.6498107910156,364.04925537109375,55.403994504913875
276,9.2,engaged,0.8778730630874634,engaged,1.0,0.8762666304906209,169.97982788085938,214.3846893310547,326.6498107910156,364.04925537109375,43.03748319771797
277,9.233333333333333,engaged,0.8719590306282043,engaged,1.0,0.8761836171150208,168.77096557617188,213.5677032470703,325.7965087890625,364.19915771484375,54.496251542909114
278,9.266666666666667,engaged,0.8802226185798645,engaged,1.0,0.8759124199549357,168.92953491210938,213.58631896972656,325.8124084472656,363.8157958984375,55.021697494424764
279,9.3,engaged,0.8802226185798645,engaged,1.0,0.8756412227948507,168.92953491210938,213.58631896972656,325.8124084472656,363.8157958984375,55.384972930146574
280,9.333333333333334,engaged,0.8852589726448059,engaged,1.0,0.8756769835948944,168.75601196289062,213.70184326171875,325.59130859375,361.49163818359375,49.88290141883615
281,9.366666666666667,engaged,0.8744851350784302,engaged,1.0,0.8747256259123485,168.60885620117188,214.01651000976562,325.60821533203125,365.1015319824219,58.649290358666015
282,9.4,engaged,0.8744851350784302,engaged,1.0,0.8737742682298024,168.60885620117188,214.01651000976562,325.60821533203125,365.1015319824219,43.722091920234334
283,9.433333333333334,engaged,0.8693962693214417,engaged,1.0,0.8732955714066823,169.204345703125,214.8980712890625,326.2653503417969,363.8719482421875,53.68228126759843
284,9.466666666666667,engaged,0.8728667497634888,engaged,1.0,0.8725246588389078,169.04812622070312,214.4736785888672,326.44970703125,365.61932373046875,52.46683845788196
285,9.5,engaged,0.873519241809845,engaged,1.0,0.871775496006012,169.23251342773438,215.07598876953125,325.9841613769531,365.8443603515625,51.06784201042225
286,9.533333333333333,engaged,0.873519241809845,engaged,1.0,0.8725201686223348,169.23251342773438,215.07598876953125,325.9841613769531,365.8443603515625,51.683905708969476
287,9.566666666666666,engaged,0.8738310933113098,engaged,1.0,0.8719191948572794,168.86431884765625,214.7830352783203,326.24298095703125,365.76007080078125,53.20222738054467
288,9.6,engaged,0.8738310933113098,engaged,1.0,0.8713182210922241,168.86431884765625,214.7830352783203,326.24298095703125,365.76007080078125,47.34191159871777
289,9.633333333333333,engaged,0.8701097369194031,engaged,1.0,0.8706012050310771,168.79022216796875,214.84124755859375,326.171875,363.78302001953125,54.91579925893921
290,9.666666666666666,engaged,0.8673185706138611,engaged,1.0,0.8700802981853485,168.98910522460938,214.84625244140625,325.8757019042969,365.49322509765625,54.73877636249739
291,9.7,engaged,0.8673185706138611,engaged,1.0,0.8695593913396199,168.98910522460938,214.84625244140625,325.8757019042969,365.49322509765625,54.450973010165
292,9.733333333333333,engaged,0.8730471730232239,engaged,1.0,0.8695616940657298,168.85574340820312,214.61154174804688,326.0190734863281,364.6000671386719,51.05292370612006
293,9.766666666666667,engaged,0.8699048161506653,engaged,1.0,0.8696357607841492,168.78530883789062,214.5756378173828,326.3495178222656,364.38812255859375,47.42380968533406
294,9.8,engaged,0.8699048161506653,engaged,1.0,0.8697098275025685,168.78530883789062,214.5756378173828,326.3495178222656,364.38812255859375,56.8580414271771
295,9.833333333333334,engaged,0.8825246095657349,engaged,1.0,0.8704690257708232,168.16714477539062,214.1513214111328,325.3883056640625,364.76519775390625,47.39808568102971
296,9.866666666666667,engaged,0.8925096392631531,engaged,1.0,0.8719601353009542,168.29315185546875,214.246337890625,325.445556640625,364.02947998046875,46.88101758190171
297,9.9,engaged,0.8693072199821472,engaged,1.0,0.8726778308550517,168.78219604492188,215.00967407226562,326.4436950683594,365.8067932128906,53.797268004873985
298,9.933333333333334,engaged,0.8693072199821472,engaged,1.0,0.8727690656979878,168.78219604492188,215.00967407226562,326.4436950683594,365.8067932128906,54.65318461378088
299,9.966666666666667,engaged,0.8930249214172363,engaged,1.0,0.8742782592773437,168.16424560546875,214.4307861328125,325.844970703125,367.1358642578125,53.74074596076723
300,10.0,engaged,0.8799827694892883,engaged,1.0,0.8753527144591013,169.03439331054688,214.92803955078125,327.1265563964844,366.46856689453125,49.416261177939845
301,10.033333333333333,engaged,0.8799827694892883,engaged,1.0,0.8758288542429606,169.03439331054688,214.92803955078125,327.1265563964844,366.46856689453125,54.663868941339
302,10.066666666666666,engaged,0.8841607570648193,engaged,1.0,0.8761704723040263,169.14828491210938,214.90330505371094,325.9251708984375,366.9261474609375,53.067601250047446
303,10.1,engaged,0.8841607570648193,engaged,1.0,0.8763530433177948,169.14828491210938,214.90330505371094,325.9251708984375,366.9261474609375,53.2258572117459
304,10.133333333333333,bored,0.8860690593719482,engaged,0.9666666666666667,0.8762726783752441,170.372802734375,215.74473571777344,326.26165771484375,366.3009033203125,55.357926273971515
305,10.166666666666666,bored,0.8924090266227722,engaged,0.9333333333333333,0.8762155217783791,170.7945556640625,216.33375549316406,326.4752197265625,368.4224853515625,52.84362243612357
306,10.2,bored,0.8924090266227722,engaged,0.9,0.8761541313595242,170.7945556640625,216.33375549316406,326.4752197265625,368.4224853515625,52.662489798480756
307,10.233333333333333,bored,0.8419309258460999,engaged,0.8666666666666667,0.8763154813876519,171.39566040039062,215.8125457763672,326.5755920410156,367.30218505859375,48.37162956983047
308,10.266666666666667,bored,0.7312121391296387,engaged,0.8333333333333334,0.8761591958999634,172.32815551757812,215.03994750976562,327.182861328125,369.8549499511719,52.15174386073982
309,10.3,bored,0.6607295274734497,engaged,0.8,0.8759898866216341,173.44293212890625,213.54913330078125,328.2993469238281,368.3121337890625,52.490476309663855
310,10.333333333333334,bored,0.6607295274734497,engaged,0.7666666666666667,0.8755868828814962,173.44293212890625,213.54913330078125,328.2993469238281,368.3121337890625,51.33221554541115
311,10.366666666666667,engaged,0.7419155240058899,engaged,0.7666666666666667,0.8698229867479076,176.87191772460938,212.00619506835938,329.8679504394531,359.8609313964844,50.84806090656709
312,10.4,bored,0.3380909860134125,engaged,0.7333333333333333,0.869611070914702,180.90087890625,211.49000549316406,330.8684387207031,356.4610595703125,47.50760587628983
313,10.433333333333334,bored,0.3380909860134125,engaged,0.7,0.8696212995620001,180.90087890625,211.49000549316406,330.8684387207031,356.4610595703125,47.167819349324695
314,10.466666666666667,engaged,0.7404600381851196,engaged,0.7,0.8633162180582682,183.8712615966797,211.01145935058594,333.69720458984375,353.40380859375,47.293868254290416
315,10.5,engaged,0.7403867244720459,engaged,0.7,0.8569765743755159,186.23741149902344,212.43186950683594,336.4302978515625,354.6585693359375,50.256464329363276
316,10.533333333333333,engaged,0.7403867244720459,engaged,0.7,0.8506369306927636,186.23741149902344,212.43186950683594,336.4302978515625,354.6585693359375,55.36596441205977
317,10.566666666666666,engaged,0.6213217377662659,engaged,0.7,0.8386126756668091,187.31109619140625,210.70677185058594,340.31292724609375,355.2017822265625,52.3176250467756
318,10.6,engaged,0.6213217377662659,engaged,0.7,0.8265884206408546,187.31109619140625,210.70677185058594,340.31292724609375,355.2017822265625,47.54206952835428
319,10.633333333333333,engaged,0.7198478579521179,engaged,0.7,0.8194330930709839,189.04969787597656,211.27850341796875,340.546142578125,356.92779541015625,51.71959505283796
320,10.666666666666666,engaged,0.8145438432693481,engaged,0.7,0.8169200108164832,190.43646240234375,212.18556213378906,342.98077392578125,358.489501953125,46.354095751735116
321,10.7,engaged,0.754479706287384,engaged,0.7,0.8115467315628415,191.3942108154297,213.65321350097656,345.56768798828125,361.35546875,51.15067256917767
322,10.733333333333333,engaged,0.754479706287384,engaged,0.7,0.8059006617182777,191.3942108154297,213.65321350097656,345.56768798828125,361.35546875,52.48522161323422
323,10.766666666666667,engaged,0.6517350077629089,engaged,0.7,0.7955116232236227,192.93853759765625,215.04190063476562,346.92108154296875,360.9542541503906,47.4941570794456
324,10.8,engaged,0.5952517986297607,engaged,0.7,0.7824329081035796,193.5107879638672,216.54481506347656,348.36004638671875,361.5146484375,51.30082315096809
325,10.833333333333334,engaged,0.5952517986297607,engaged,0.7,0.7687532504399618,193.5107879638672,216.54481506347656,348.36004638671875,361.5146484375,49.44538885024815
326,10.866666666666667,engaged,0.5838627219200134,engaged,0.7,0.7540557781855265,193.33905029296875,217.60385131835938,348.9393310546875,362.4178771972656,51.21875686897057
327,10.9,engaged,0.6277767419815063,engaged,0.7,0.7425543268521627,193.54949951171875,217.622314453125,349.5982666015625,363.1502685546875,51.49354842670006
328,10.933333333333334,engaged,0.6277767419815063,engaged,0.7,0.7310528755187988,193.54949951171875,217.622314453125,349.5982666015625,363.1502685546875,53.90027757787602
329,10.966666666666667,frustrated,0.45185983180999756,engaged,0.6666666666666666,0.722954273223877,193.94580078125,216.19520568847656,348.6572265625,361.7200927734375,56.22391420911528
330,11.0,frustrated,0.45185983180999756,engaged,0.6333333333333333,0.7146896155256974,193.94580078125,216.19520568847656,348.6572265625,361.7200927734375,55.714566563056245
331,11.033333333333333,engaged,0.5686518549919128,engaged,0.6333333333333333,0.6983037779205724,193.65695190429688,216.61215209960938,348.7324523925781,362.5090026855469,52.251146103248956
332,11.066666666666666,engaged,0.619259238243103,engaged,0.6333333333333333,0.6843615927194294,194.49624633789062,218.19534301757812,349.8412780761719,362.8793640136719,50.899894421319615
333,11.1,engaged,0.5437102317810059,engaged,0.6333333333333333,0.6664431440202814,193.68597412109375,216.56735229492188,348.72344970703125,362.7698059082031,59.97260391495203
334,11.133333333333333,engaged,0.5437102317810059,engaged,0.6666666666666666,0.6603064984083176,193.68597412109375,216.56735229492188,348.72344970703125,362.7698059082031,46.16786095609198
335,11.166666666666666,engaged,0.5626093149185181,engaged,0.7,0.65565425157547,193.54058837890625,217.19015502929688,348.63922119140625,363.0935363769531,57.820567962503446
336,11.2,engaged,0.7216817140579224,engaged,0.7333333333333333,0.658655499870127,192.86996459960938,217.55577087402344,348.6142883300781,363.4000244140625,56.658345490895336
337,11.233333333333333,engaged,0.7216817140579224,engaged,0.7666666666666667,0.661395770052205,192.86996459960938,217.55577087402344,348.6142883300781,363.4000244140625,44.623103602357595
338,11.266666666666667,engaged,0.70414799451828,engaged,0.8,0.6631771127382914,192.18441772460938,217.50967407226562,348.1493225097656,362.5655212402344,56.1005831683698
339,11.3,engaged,0.6582793593406677,engaged,0.8333333333333334,0.6629812026023865,192.60052490234375,217.5035400390625,347.7236328125,363.244140625,46.82710729038741
340,11.333333333333334,engaged,0.6582793593406677,engaged,0.8666666666666667,0.6628003624769357,192.60052490234375,217.5035400390625,347.7236328125,363.244140625,54.73020512552847
341,11.366666666666667,engaged,0.7182797193527222,engaged,0.8666666666666667,0.6618912930671985,191.70187377929688,216.7451171875,346.9690246582031,362.516845703125,48.212607476205804
342,11.4,engaged,0.5464544892311096,engaged,0.9,0.6576158558880841,191.50367736816406,217.10665893554688,346.6055908203125,363.5176696777344,48.777215690379
343,11.433333333333334,engaged,0.5464544892311096,engaged,0.9333333333333333,0.6536458070789065,191.50367736816406,217.10665893554688,346.6055908203125,363.5176696777344,56.51406012099654
344,11.466666666666667,engaged,0.6647445559501648,engaged,0.9333333333333333,0.6509416827133724,191.123779296875,217.0915985107422,345.88507080078125,361.94854736328125,55.480945515152314
345,11.5,engaged,0.6511833071708679,engaged,0.9333333333333333,0.6477558463811874,190.932861328125,218.0935821533203,346.64459228515625,362.42816162109375,50.89248316447249
346,11.533333333333333,engaged,0.6511833071708679,engaged,0.9333333333333333,0.6445700100490025,190.932861328125,218.0935821533203,346.64459228515625,362.42816162109375,57.17504328030644
347,11.566666666666666,engaged,0.645875096321106,engaged,0.9333333333333333,0.6454469157116753,190.857666015625,217.62564086914062,346.81951904296875,362.0340881347656,57.41374873381334
348,11.6,engaged,0.6480950713157654,engaged,0.9333333333333333,0.646403106195586,190.7343292236328,217.4609375,346.06927490234375,360.97747802734375,41.58705481081939
349,11.633333333333333,engaged,0.6831218600273132,engaged,0.9333333333333333,0.6450914634125573,190.213134765625,217.5833282470703,346.347900390625,362.11785888671875,58.06149033070779
350,11.666666666666666,engaged,0.7418227195739746,engaged,0.9333333333333333,0.6424942804234368,189.76849365234375,217.1538848876953,345.19366455078125,362.86981201171875,57.90678153302408
351,11.7,engaged,0.7737294435501099,engaged,0.9333333333333333,0.6431817710399628,189.50640869140625,218.07583618164062,344.61663818359375,362.6157531738281,56.38642199368152
352,11.733333333333333,engaged,0.7737294435501099,engaged,0.9333333333333333,0.6438692616564887,189.50640869140625,218.07583618164062,344.61663818359375,362.6157531738281,51.22939186300734
353,11.766666666666667,engaged,0.6927098035812378,engaged,0.9333333333333333,0.645332647221429,187.02011108398438,216.9072265625,343.4878234863281,363.5125732421875,55.30537058769235
354,11.8,engaged,0.42660078406333923,engaged,0.9333333333333333,0.6393093967011997,184.59552001953125,217.59161376953125,342.3544921875,365.35699462890625,51.80071631468445
355,11.833333333333334,engaged,0.42660078406333923,engaged,0.9333333333333333,0.6332861461809703,184.59552001953125,217.59161376953125,342.3544921875,365.35699462890625,47.225707658702454
356,11.866666666666667,frustrated,0.675828754901886,engaged,0.9,0.6351166433758206,183.27288818359375,220.1351318359375,341.245849609375,363.6424560546875,50.4129136167502
357,11.9,frustrated,0.7396591901779175,engaged,0.8666666666666667,0.6353989472756019,182.67398071289062,221.13385009765625,340.0322570800781,363.1400146484375,54.136816562548404
358,11.933333333333334,frustrated,0.7396591901779175,engaged,0.8333333333333334,0.6357038354873658,182.67398071289062,221.13385009765625,340.0322570800781,363.1400146484375,53.90928370371322
359,11.966666666666667,frustrated,0.6946027874946594,engaged,0.8333333333333334,0.6357038354873658,182.714599609375,220.98377990722656,340.44561767578125,364.7142333984375,48.771543855161106
360,12.0,frustrated,0.8283308148384094,engaged,0.8333333333333334,0.6357038354873658,181.91650390625,221.30029296875,339.5450439453125,363.848388671875,56.97389225461164
361,12.033333333333333,frustrated,0.8283308148384094,engaged,0.8,0.6384976680080096,181.91650390625,221.30029296875,339.5450439453125,363.848388671875,56.586492539327054
362,12.066666666666666,frustrated,0.8057634830474854,engaged,0.7666666666666667,0.639334121476049,181.7241973876953,220.90679931640625,338.55194091796875,366.46270751953125,56.03238260637232
363,12.1,engaged,0.43518221378326416,engaged,0.7666666666666667,0.6346155119978864,180.03541564941406,219.63485717773438,338.7950439453125,365.6936950683594,53.667169946515855
364,12.133333333333333,engaged,0.43518221378326416,engaged,0.7666666666666667,0.6298969025197236,180.03541564941406,219.63485717773438,338.7950439453125,365.6936950683594,49.89002152942156
365,12.166666666666666,bored,0.933371365070343,engaged,0.7333333333333333,0.6329554292288694,178.76028442382812,221.31805419921875,337.5281066894531,368.087890625,43.57990108474294
366,12.2,bored,0.9381786584854126,engaged,0.7,0.6287303680465335,177.60406494140625,220.63296508789062,337.36273193359375,369.9440612792969,43.290232020477255
367,12.233333333333333,bored,0.9381786584854126,engaged,0.6666666666666666,0.624082800745964,177.60406494140625,220.63296508789062,337.36273193359375,369.9440612792969,53.920372298713154
368,12.266666666666667,bored,0.9309336543083191,engaged,0.6333333333333333,0.619868843179,177.41949462890625,220.10328674316406,337.208740234375,370.75732421875,49.853256153946724
369,12.3,bored,0.8392254710197449,engaged,0.6,0.617734925614463,177.32635498046875,219.78793334960938,337.2855224609375,367.3546447753906,50.717097944377265
370,12.333333333333334,bored,0.8392254710197449,engaged,0.5666666666666667,0.6153499589246862,177.32635498046875,219.78793334960938,337.2855224609375,367.3546447753906,47.04824507285556
371,12.366666666666667,engaged,0.5989798307418823,engaged,0.5666666666666667,0.6083323184181663,177.56146240234375,218.60813903808594,337.29132080078125,366.49072265625,55.26601926396374
372,12.4,engaged,0.8017326593399048,engaged,0.5666666666666667,0.6233486813657424,177.04934692382812,218.32455444335938,337.2335510253906,365.8679504394531,52.313057360589696
373,12.433333333333334,engaged,0.8017326593399048,engaged,0.5666666666666667,0.6383650443133186,177.04934692382812,218.32455444335938,337.2335510253906,365.8679504394531,48.20208010113199
374,12.466666666666667,engaged,0.7490366101264954,engaged,0.5666666666666667,0.6433234004413381,177.59716796875,218.216552734375,337.44464111328125,363.86920166015625,54.95897375420942
375,12.5,engaged,0.787864089012146,engaged,0.5666666666666667,0.6513634464320015,177.0801544189453,217.8592529296875,338.00640869140625,368.18084716796875,46.80724935273636
376,12.533333333333333,engaged,0.787864089012146,engaged,0.5666666666666667,0.6594034924226648,177.0801544189453,217.8592529296875,338.00640869140625,368.18084716796875,54.47572538119854
377,12.566666666666666,engaged,0.6952337622642517,engaged,0.5666666666666667,0.662306943360497,177.73912048339844,218.3370819091797,338.211181640625,370.05633544921875,53.26979691885644
378,12.6,engaged,0.7391527891159058,engaged,0.5666666666666667,0.6676632797016817,178.25543212890625,218.4932098388672,337.71502685546875,367.17193603515625,52.388199145662114
379,12.633333333333333,engaged,0.66957688331604,engaged,0.5666666666666667,0.6668665163657245,178.26638793945312,218.241455078125,338.1033630371094,366.19903564453125,53.938400997929556
380,12.666666666666666,engaged,0.66957688331604,engaged,0.5666666666666667,0.6626167612917283,178.26638793945312,218.241455078125,338.1033630371094,366.19903564453125,54.50899970109296
381,12.7,engaged,0.6452651023864746,engaged,0.5666666666666667,0.6550600353409263,177.66970825195312,218.05050659179688,338.5513610839844,367.7813415527344,52.03399208505465
382,12.733333333333333,engaged,0.6452651023864746,engaged,0.5666666666666667,0.6475033093901241,177.66970825195312,218.05050659179688,338.5513610839844,367.7813415527344,44.03422536246339
383,12.766666666666667,engaged,0.6425877809524536,engaged,0.5666666666666667,0.6445549551178428,177.70953369140625,218.28973388671875,338.22198486328125,365.94305419921875,58.61568561685952
384,12.8,engaged,0.5339025259017944,engaged,0.5666666666666667,0.6508668222848106,177.78692626953125,218.32077026367188,338.15228271484375,367.7182922363281,53.66030397625505
385,12.833333333333334,engaged,0.5339025259017944,engaged,0.5666666666666667,0.6571786894517786,177.78692626953125,218.32077026367188,338.15228271484375,367.7182922363281,54.77094242546912
386,12.866666666666667,engaged,0.44039782881736755,engaged,0.6,0.6451353083054224,178.29373168945312,218.23243713378906,338.2149353027344,367.36328125,47.56795009923448
387,12.9,frustrated,0.786985456943512,engaged,0.6,0.6451353083054224,177.99249267578125,219.66183471679688,337.49993896484375,366.0268859863281,51.173763451355505
388,12.933333333333334,frustrated,0.786985456943512,engaged,0.6,0.6451353083054224,177.99249267578125,219.66183471679688,337.49993896484375,366.0268859863281,45.267972586476716
389,12.966666666666667,frustrated,0.7975372672080994,engaged,0.6,0.6451353083054224,178.63465881347656,219.75035095214844,337.72119140625,365.427490234375,55.4120460280343
390,13.0,frustrated,0.8136487007141113,engaged,0.6,0.6451353083054224,178.41006469726562,219.965576171875,337.2838439941406,368.525146484375,51.83592658963109
391,13.033333333333333,frustrated,0.8136969804763794,engaged,0.6,0.6451353083054224,178.30076599121094,219.74827575683594,336.942626953125,365.88623046875,49.52712931146457
392,13.066666666666666,frustrated,0.8136969804763794,engaged,0.6,0.6451353083054224,178.30076599121094,219.74827575683594,336.942626953125,365.88623046875,48.45153464946227
393,13.1,frustrated,0.8393301367759705,engaged,0.5666666666666667,0.6574854903361377,178.1362762451172,219.68116760253906,337.06414794921875,365.85400390625,56.45624756033543
394,13.133333333333333,frustrated,0.8116860389709473,engaged,0.5333333333333333,0.6713794451206923,178.3162078857422,219.45806884765625,336.74078369140625,368.5184326171875,48.17937879066348
395,13.166666666666666,frustrated,0.8116860389709473,engaged,0.5333333333333333,0.6713794451206923,178.3162078857422,219.45806884765625,336.74078369140625,368.5184326171875,48.60425285358364
396,13.2,frustrated,0.8270330429077148,engaged,0.5333333333333333,0.6713794451206923,178.4499053955078,219.62164306640625,336.79461669921875,367.62451171875,48.598058072439926
397,13.233333333333333,frustrated,0.8270330429077148,engaged,0.5333333333333333,0.6713794451206923,178.4499053955078,219.62164306640625,336.79461669921875,367.62451171875,55.489753529046
398,13.266666666666667,frustrated,0.8432524800300598,engaged,0.5333333333333333,0.6713794451206923,178.60337829589844,220.02049255371094,336.7950439453125,365.45654296875,44.567154029241756
399,13.3,frustrated,0.8365247845649719,engaged,0.5333333333333333,0.6713794451206923,178.80789184570312,219.8271484375,336.4734802246094,363.63568115234375,52.941672451877565
400,13.333333333333334,frustrated,0.8365247845649719,engaged,0.5333333333333333,0.6713794451206923,178.80789184570312,219.8271484375,336.4734802246094,363.63568115234375,53.23328806589585
401,13.366666666666667,frustrated,0.8308119177818298,engaged,0.5,0.6762060860792796,179.02450561523438,219.97610473632812,336.5194396972656,364.4932556152344,52.33851605979685
402,13.4,frustrated,0.7889167070388794,frustrated,0.5333333333333333,0.8165843635797501,178.7279052734375,219.5843048095703,336.6214599609375,365.00921630859375,55.44647436744838
403,13.433333333333334,frustrated,0.8088395595550537,frustrated,0.5666666666666667,0.816128786872415,179.4471893310547,219.8982696533203,336.50396728515625,365.28082275390625,56.15541363751991
404,13.466666666666667,frustrated,0.8088395595550537,frustrated,0.6,0.8157238297992282,179.4471893310547,219.8982696533203,336.50396728515625,365.28082275390625,46.326960248296274
405,13.5,frustrated,0.7820479273796082,frustrated,0.6333333333333333,0.8139514138824061,178.80618286132812,219.92662048339844,336.5673522949219,367.736083984375,53.90651226753377
406,13.533333333333333,engaged,0.42419350147247314,frustrated,0.6333333333333333,0.8139514138824061,178.30792236328125,218.70333862304688,336.8184814453125,366.2547302246094,43.55953431856183
407,13.566666666666666,frustrated,0.7976555824279785,frustrated,0.6666666666666666,0.8131366223096848,178.6872100830078,219.8159942626953,336.18841552734375,365.74005126953125,56.300138256889355
408,13.6,engaged,0.6414860486984253,frustrated,0.6666666666666666,0.8131366223096848,177.4917449951172,218.3738555908203,336.58709716796875,366.02911376953125,55.406922060766185
409,13.633333333333333,engaged,0.6414860486984253,frustrated,0.6666666666666666,0.8131366223096848,177.4917449951172,218.3738555908203,336.58709716796875,366.02911376953125,48.67080543532497
410,13.666666666666666,engaged,0.5234577059745789,frustrated,0.6666666666666666,0.8131366223096848,177.71661376953125,218.25930786132812,336.484619140625,365.6972351074219,51.013184140111896
411,13.7,engaged,0.47673043608665466,frustrated,0.6666666666666666,0.8131366223096848,177.6471710205078,218.51124572753906,336.57513427734375,365.365966796875,44.25071477554465
412,13.733333333333333,frustrated,0.8032965064048767,frustrated,0.7,0.8126680453618368,178.411376953125,219.72195434570312,335.90728759765625,364.5150451660156,55.39740863524098
413,13.766666666666667,frustrated,0.8032965064048767,frustrated,0.7333333333333333,0.8122420663183386,178.411376953125,219.72195434570312,335.90728759765625,364.5150451660156,43.365425971877585
414,13.8,engaged,0.5229024291038513,frustrated,0.7333333333333333,0.8122420663183386,177.23397827148438,218.17962646484375,336.6399841308594,366.87933349609375,53.88919724534896
415,13.833333333333334,engaged,0.5569226741790771,frustrated,0.7333333333333333,0.8122420663183386,177.31640625,218.0751953125,336.65753173828125,364.88812255859375,54.310664525819654
416,13.866666666666667,engaged,0.5569226741790771,frustrated,0.7333333333333333,0.8122420663183386,177.31640625,218.0751953125,336.65753173828125,364.88812255859375,45.74439960737267
417,13.9,engaged,0.478746235370636,frustrated,0.7,0.8134447620028541,177.47634887695312,218.3119354248047,336.6769714355469,366.76165771484375,55.84140804942019
418,13.933333333333334,engaged,0.6234252452850342,frustrated,0.6666666666666666,0.8147677272558213,177.15170288085938,217.2380828857422,336.5555725097656,366.19830322265625,53.87950569072271
419,13.966666666666667,engaged,0.6234252452850342,frustrated,0.6333333333333333,0.8156745935741224,177.15170288085938,217.2380828857422,336.5555725097656,366.19830322265625,46.916152125279645
420,14.0,engaged,0.6332920789718628,frustrated,0.6,0.8157871431774564,176.8994598388672,217.73020935058594,336.53656005859375,365.810546875,54.93234146213689
421,14.033333333333333,engaged,0.6332920789718628,frustrated,0.5666666666666667,0.8159100939245785,176.8994598388672,217.73020935058594,336.53656005859375,365.810546875,45.56500200975546
422,14.066666666666666,engaged,0.6947639584541321,frustrated,0.5333333333333333,0.8160484135150909,176.76010131835938,217.535400390625,336.8092956542969,365.24322509765625,53.532233155926534
423,14.1,engaged,0.7372708320617676,frustrated,0.5,0.8144962986310323,176.91082763671875,217.94671630859375,336.518798828125,365.7010498046875,48.65104625806152
424,14.133333333333333,engaged,0.5755406618118286,engaged,0.5333333333333333,0.5839911159127951,176.6742401123047,217.42950439453125,336.55157470703125,365.82666015625,54.22149828711783
425,14.166666666666666,engaged,0.5755406618118286,engaged,0.5666666666666667,0.5834940303774441,176.6742401123047,217.42950439453125,336.55157470703125,365.82666015625,46.34846124095254
426,14.2,engaged,0.6619725823402405,engaged,0.6,0.5878539499309328,176.6040802001953,217.6448974609375,336.16546630859375,365.8121337890625,58.06470547518516
427,14.233333333333333,engaged,0.6217301487922668,engaged,0.6333333333333333,0.5896369077657398,176.56985473632812,217.457763671875,336.7200622558594,366.02362060546875,48.01556901308484
428,14.266666666666667,engaged,0.6217301487922668,engaged,0.6666666666666666,0.5912415698170662,176.56985473632812,217.457763671875,336.7200622558594,366.02362060546875,50.92152292152292
429,14.3,engaged,0.6850087642669678,engaged,0.7,0.5957066743146806,176.5623779296875,218.07550048828125,336.12054443359375,365.66461181640625,53.573943032315746
430,14.333333333333334,engaged,0.7537262439727783,engaged,0.7333333333333333,0.6028893820264123,176.54852294921875,218.0117645263672,335.97393798828125,365.64556884765625,44.95695421025553
431,14.366666666666667,engaged,0.7537262439727783,engaged,0.7666666666666667,0.6094475064588629,176.54852294921875,218.0117645263672,335.97393798828125,365.64556884765625,57.1446633423254
432,14.4,engaged,0.6476585268974304,engaged,0.8,0.61103963231047,176.8691864013672,218.068603515625,336.20953369140625,366.852294921875,45.31002819518413
433,14.433333333333334,engaged,0.6476585268974304,engaged,0.8333333333333334,0.6125043880939484,176.8691864013672,218.068603515625,336.20953369140625,366.852294921875,50.27513874405169
434,14.466666666666667,engaged,0.7374647855758667,engaged,0.8666666666666667,0.6173105572278683,176.26467895507812,217.70933532714844,336.3249816894531,367.32275390625,51.30207810951968
435,14.5,engaged,0.687254786491394,engaged,0.9,0.6199010842376285,177.06573486328125,218.01058959960938,335.916015625,365.8758239746094,51.319653978392004
436,14.533333333333333,engaged,0.7011902332305908,engaged,0.9,0.6301602224508921,176.86346435546875,217.70318603515625,336.23260498046875,366.171630859375,47.59385886277758
437,14.566666666666666,engaged,0.7011902332305908,engaged,0.9333333333333333,0.6326970085501671,176.86346435546875,217.70318603515625,336.23260498046875,366.171630859375,49.2162117763019
438,14.6,engaged,0.6833863854408264,engaged,0.9333333333333333,0.6341934491481099,176.55355834960938,217.5540313720703,336.3169250488281,366.03631591796875,50.076458368155876
439,14.633333333333333,engaged,0.5193488597869873,engaged,0.9333333333333333,0.6298314066869872,177.26133728027344,218.22943115234375,336.3963623046875,366.25311279296875,56.92285977959937
440,14.666666666666666,engaged,0.5424448251724243,engaged,0.9333333333333333,0.6305095180869102,176.84835815429688,218.04562377929688,336.0667419433594,365.6864318847656,48.007874826879714
441,14.7,engaged,0.4490276873111725,engaged,0.9333333333333333,0.6295201342020716,177.47360229492188,218.22421264648438,336.2245788574219,366.6835632324219,54.21729295122866
442,14.733333333333333,engaged,0.5215494632720947,engaged,0.9666666666666667,0.6257970076182793,177.49819946289062,218.29794311523438,336.1225891113281,365.1260070800781,58.66405583451054
443,14.766666666666667,engaged,0.5215494632720947,engaged,1.0,0.6223220894734065,177.49819946289062,218.29794311523438,336.1225891113281,365.1260070800781,46.19379281481971
444,14.8,engaged,0.5109356045722961,engaged,1.0,0.6219231953223546,177.6322479248047,218.51040649414062,335.98480224609375,367.0141906738281,55.54192489008952
445,14.833333333333334,engaged,0.586459219455719,engaged,1.0,0.622907746831576,177.7843017578125,218.14590454101562,336.37103271484375,364.3096618652344,47.49039278071536
446,14.866666666666667,engaged,0.586459219455719,engaged,1.0,0.6238922983407974,177.7843017578125,218.14590454101562,336.37103271484375,364.3096618652344,55.64656247512405
447,14.9,engaged,0.5819900035858154,engaged,1.0,0.6273337572813034,177.0745086669922,218.02029418945312,336.61773681640625,365.5768737792969,45.23233543266328
448,14.933333333333334,engaged,0.6002304553985596,engaged,1.0,0.6265605976184209,177.34375,217.90748596191406,337.071044921875,365.32958984375,48.4913059563448
449,14.966666666666667,engaged,0.6002304553985596,engaged,1.0,0.6257874379555385,177.34375,217.90748596191406,337.071044921875,365.32958984375,49.90901843191851
450,15.0,engaged,0.5977140069007874,engaged,1.0,0.6246015022198359,177.51470947265625,217.96038818359375,336.162353515625,363.751953125,55.4648047500033
451,15.033333333333333,engaged,0.6233988404273987,engaged,1.0,0.6242717276016871,176.7740936279297,217.8743133544922,336.65142822265625,365.74176025390625,49.090062148149016
452,15.066666666666666,engaged,0.6233988404273987,engaged,1.0,0.6218928903341293,176.7740936279297,217.8743133544922,336.65142822265625,365.74176025390625,46.69469184182401
453,15.1,engaged,0.5918522477149963,engaged,1.0,0.6170456041892369,177.00302124023438,218.0982208251953,336.3086853027344,365.12261962890625,47.11748185760183
454,15.133333333333333,engaged,0.6382387280464172,engaged,1.0,0.6191355397303899,176.83795166015625,218.12522888183594,336.48297119140625,367.0498046875,48.26697967732284
455,15.166666666666666,engaged,0.5213852524757385,engaged,1.0,0.6173303594191869,177.0009002685547,217.86720275878906,336.34222412109375,366.8271484375,49.736206140090836
456,15.2,engaged,0.5213852524757385,engaged,1.0,0.6126441150903702,177.0009002685547,217.86720275878906,336.34222412109375,366.8271484375,55.702727828096364
457,15.233333333333333,engaged,0.6139657497406006,engaged,1.0,0.6123853017886479,176.7032470703125,217.9433135986328,336.3570556640625,366.07391357421875,57.677447744774476
458,15.266666666666667,engaged,0.6139657497406006,engaged,1.0,0.6121264884869257,176.7032470703125,217.9433135986328,336.3570556640625,366.07391357421875,43.96452904551267
459,15.3,engaged,0.6677027940750122,engaged,1.0,0.6115496228138606,176.55592346191406,217.78631591796875,336.2996826171875,365.500244140625,51.60314960629921
460,15.333333333333334,engaged,0.6279982328414917,engaged,1.0,0.6073586891094843,176.1768798828125,217.75936889648438,336.30401611328125,366.2802429199219,59.06721683166923
461,15.366666666666667,engaged,0.6279982328414917,engaged,1.0,0.6031677554051081,176.1768798828125,217.75936889648438,336.30401611328125,366.2802429199219,55.45233877151696
462,15.4,engaged,0.6043561697006226,engaged,1.0,0.6017243434985479,176.47630310058594,218.04310607910156,335.9503173828125,366.5660400390625,47.7189405661236
463,15.433333333333334,engaged,0.6828585267066956,engaged,1.0,0.6028976768255234,175.8274383544922,217.6197967529297,336.41595458984375,367.55328369140625,54.036382375676375
464,15.466666666666667,engaged,0.6828585267066956,engaged,1.0,0.6010774681965511,175.8274383544922,217.6197967529297,336.41595458984375,367.55328369140625,52.97376763454034
465,15.5,engaged,0.6629819869995117,engaged,1.0,0.6002683748801549,175.51156616210938,217.61965942382812,336.1958312988281,368.9507751464844,53.03270998495366
466,15.533333333333333,engaged,0.643979549407959,engaged,1.0,0.5983613520860672,176.36077880859375,217.54827880859375,336.25885009765625,367.02166748046875,53.54795220100092
467,15.566666666666666,engaged,0.7033886909484863,engaged,1.0,0.5984346340099971,175.67147827148438,217.58642578125,336.0962219238281,367.35308837890625,48.5479946756178
468,15.6,engaged,0.7033886909484863,engaged,1.0,0.599101377526919,175.67147827148438,217.58642578125,336.0962219238281,367.35308837890625,44.19103810858365
469,15.633333333333333,engaged,0.5878127813339233,engaged,1.0,0.6013835082451503,176.1613311767578,217.82090759277344,335.99969482421875,366.934814453125,53.76692432924406
470,15.666666666666666,engaged,0.5878127813339233,engaged,1.0,0.6028957734505336,176.1613311767578,217.82090759277344,335.99969482421875,366.934814453125,52.46224468098413
471,15.7,engaged,0.7023658156394958,engaged,1.0,0.6113403777281443,175.4827880859375,217.6196746826172,336.05322265625,367.02423095703125,47.05141177658369
472,15.733333333333333,engaged,0.699999988079071,engaged,1.0,0.6172887285550436,175.53973388671875,217.4622039794922,335.849853515625,368.16827392578125,49.44713760256531
473,15.766666666666667,engaged,0.699999988079071,engaged,1.0,0.6232370793819427,175.53973388671875,217.4622039794922,335.849853515625,368.16827392578125,47.480178405669136
474,15.8,engaged,0.6320366859436035,engaged,1.0,0.6272737820943196,175.52255249023438,217.1540069580078,335.8911437988281,368.62335205078125,49.36391775630539
475,15.833333333333334,engaged,0.7196317911148071,engaged,1.0,0.6317128678162892,175.8118896484375,217.34225463867188,335.5159912109375,365.6468200683594,55.90988949466135
476,15.866666666666667,engaged,0.7196317911148071,engaged,1.0,0.6361519535382588,175.8118896484375,217.34225463867188,335.5159912109375,365.6468200683594,47.41469590775492
477,15.9,engaged,0.7681974172592163,engaged,1.0,0.6423588673273722,175.59796142578125,217.44329833984375,335.0878601074219,364.942626953125,57.56899131174767
478,15.933333333333334,bored,0.7923475503921509,engaged,0.9666666666666667,0.6438115711869865,176.67953491210938,219.0973663330078,334.7901611328125,365.25372314453125,47.384698811514305
479,15.966666666666667,bored,0.9343798160552979,engaged,0.9333333333333333,0.6453680396080017,175.6065673828125,219.5374755859375,334.9951477050781,366.8765869140625,51.003258913371276
480,16.0,bored,0.9343798160552979,engaged,0.9,0.647133003782343,175.6065673828125,219.5374755859375,334.9951477050781,366.8765869140625,53.160420284160764
481,16.033333333333335,bored,0.9407044649124146,engaged,0.8666666666666667,0.6480458562190716,176.30862426757812,218.70877075195312,335.16314697265625,367.5403747558594,49.86748148236217
482,16.066666666666666,bored,0.9351405501365662,engaged,0.8333333333333334,0.6490317368507386,176.62069702148438,219.32948303222656,334.9870300292969,367.4708251953125,46.83965782949546
483,16.1,bored,0.9293964505195618,engaged,0.8,0.6514142155647278,176.88470458984375,219.09872436523438,335.010986328125,366.2165222167969,52.7406289687779
484,16.133333333333333,bored,0.9157217144966125,engaged,0.7666666666666667,0.6519870628481326,176.79727172851562,218.78939819335938,335.3993835449219,365.9300842285156,50.80125479936533
485,16.166666666666668,bored,0.9157217144966125,engaged,0.7333333333333333,0.6579235087741505,176.79727172851562,218.78939819335938,335.3993835449219,365.9300842285156,56.782606341212464
486,16.2,bored,0.8641110062599182,engaged,0.7,0.6644253305026463,176.61724853515625,218.7047119140625,335.83349609375,368.02850341796875,47.33977426636569
487,16.233333333333334,bored,0.8267999291419983,engaged,0.6666666666666666,0.6669483095407486,176.91571044921875,218.646484375,336.34344482421875,369.15850830078125,60.56494303495877
488,16.266666666666666,bored,0.9042515754699707,engaged,0.6333333333333333,0.6697368653197038,177.6468505859375,219.2237548828125,336.44683837890625,369.055419921875,53.75658771660002
489,16.3,bored,0.9042515754699707,engaged,0.6,0.6698498692777421,177.6468505859375,219.2237548828125,336.44683837890625,369.055419921875,54.947453919012744
490,16.333333333333332,bored,0.8804893493652344,engaged,0.5666666666666667,0.6723117302445805,177.71368408203125,219.4943084716797,336.308349609375,368.45318603515625,47.33923996343157
491,16.366666666666667,bored,0.8608178496360779,engaged,0.5333333333333333,0.6750813238322735,177.38796997070312,219.65737915039062,336.3544616699219,368.0433044433594,47.2954681280516
492,16.4,bored,0.8608178496360779,engaged,0.5,0.6797963341077169,177.38796997070312,219.65737915039062,336.3544616699219,368.0433044433594,54.51112497400707
493,16.433333333333334,bored,0.7630639672279358,bored,0.5333333333333333,0.8851496987044811,177.25851440429688,219.29461669921875,336.6709289550781,367.70574951171875,50.03762690431027
494,16.466666666666665,bored,0.8250667452812195,bored,0.5666666666666667,0.8816154073266422,177.75814819335938,219.7214813232422,336.6290588378906,368.50421142578125,52.33720988270527
495,16.5,bored,0.8250667452812195,bored,0.6,0.8784738149907854,177.75814819335938,219.7214813232422,336.6290588378906,368.50421142578125,52.79971801908407
496,16.533333333333335,bored,0.6788598299026489,bored,0.6333333333333333,0.8679678157756203,177.8917236328125,219.7754669189453,336.42779541015625,368.33319091796875,52.40652722592898
497,16.566666666666666,bored,0.6788598299026489,bored,0.6666666666666666,0.8585124164819717,177.8917236328125,219.7754669189453,336.42779541015625,368.33319091796875,51.113895049842796
498,16.6,bored,0.741523802280426,bored,0.7,0.8529415300914219,177.83013916015625,219.84912109375,336.84576416015625,368.2991943359375,50.34997539104234
499,16.633333333333333,bored,0.8461952209472656,bored,0.7333333333333333,0.8526348796757784,177.60980224609375,219.5247344970703,337.055419921875,370.16949462890625,59.2909910801374
500,16.666666666666668,bored,0.7981064319610596,bored,0.7666666666666667,0.8502640776012255,177.923095703125,219.32229614257812,336.90142822265625,367.8836364746094,48.88124373586928
501,16.7,bored,0.7981064319610596,bored,0.8,0.8480908423662186,177.923095703125,219.32229614257812,336.90142822265625,367.8836364746094,52.27133261051084
502,16.733333333333334,bored,0.7939735651016235,bored,0.8333333333333334,0.8459261512756348,176.9802703857422,218.85418701171875,337.20025634765625,367.8323974609375,51.96243712678709
503,16.766666666666666,bored,0.7509090304374695,bored,0.8666666666666667,0.842271646628013,177.64208984375,219.4000244140625,337.17987060546875,367.36102294921875,53.45718254929201
504,16.8,bored,0.7509090304374695,bored,0.9,0.8388878460283633,177.64208984375,219.4000244140625,337.17987060546875,367.36102294921875,43.37125544169502
505,16.833333333333332,bored,0.7749822735786438,bored,0.9333333333333333,0.836605504155159,178.3548583984375,219.5240478515625,337.1649169921875,365.91754150390625,54.236222101533606
506,16.866666666666667,bored,0.7037171125411987,bored,0.9666666666666667,0.8320231458236431,177.98391723632812,219.6746826171875,337.3449401855469,366.6365966796875,49.746824333139614
507,16.9,bored,0.7037171125411987,bored,1.0,0.8277462780475616,177.98391723632812,219.6746826171875,337.3449401855469,366.6365966796875,57.91237832240248
508,16.933333333333334,bored,0.6029477715492249,bored,1.0,0.8214329520861308,178.3824462890625,219.56573486328125,337.861572265625,366.64215087890625,50.812332667030105
509,16.966666666666665,bored,0.6029477715492249,bored,1.0,0.8103852172692617,178.3824462890625,219.56573486328125,337.861572265625,366.64215087890625,52.4419104776194
510,17.0,engaged,0.6499415040016174,bored,0.9666666666666667,0.8061095414490536,180.65557861328125,219.41001892089844,338.58782958984375,365.32666015625,46.92612523914478
511,17.033333333333335,engaged,0.3979034721851349,bored,0.9333333333333333,0.8013025798967907,182.60995483398438,219.1082763671875,338.3858337402344,366.33685302734375,48.25698375442956
512,17.066666666666666,engaged,0.5566768646240234,bored,0.9,0.7963456180360582,188.6450958251953,217.99688720703125,340.05731201171875,367.14385986328125,52.37184561789054
513,17.1,engaged,0.5566768646240234,bored,0.8666666666666667,0.7912282783251542,188.6450958251953,217.99688720703125,340.05731201171875,367.14385986328125,52.84561982638058
514,17.133333333333333,bored,0.8492142558097839,bored,0.8666666666666667,0.7886702991448916,191.46173095703125,216.511474609375,342.1182861328125,372.21893310546875,55.9427009003001
515,17.166666666666668,bored,0.7662632465362549,bored,0.8666666666666667,0.7829218965310317,194.97276306152344,215.22666931152344,344.9276123046875,363.2640380859375,52.40063465887086
516,17.2,bored,0.7662632465362549,bored,0.8666666666666667,0.7791585211570446,194.97276306152344,215.22666931152344,344.9276123046875,363.2640380859375,52.33851605979685
517,17.233333333333334,bored,0.9035860300064087,bored,0.8666666666666667,0.7821118327287527,199.2152099609375,210.29786682128906,347.8895263671875,354.9161376953125,53.46808592007139
518,17.266666666666666,bored,0.9061494469642639,bored,0.8666666666666667,0.7821848277862256,202.91677856445312,209.5333709716797,348.3996276855469,353.08648681640625,56.22165328472045
519,17.3,bored,0.9061494469642639,bored,0.8666666666666667,0.7822578228436984,202.91677856445312,209.5333709716797,348.3996276855469,353.08648681640625,48.344310100393045
520,17.333333333333332,bored,0.7557513117790222,bored,0.8666666666666667,0.7774602060134594,208.79824829101562,206.04638671875,349.9736633300781,351.06500244140625,35.062981725769504
521,17.366666666666667,frustrated,0.6821162700653076,bored,0.8333333333333334,0.7741259002685547,213.62939453125,203.09144592285156,351.67822265625,346.55029296875,43.30408746915556
522,17.4,frustrated,0.6821162700653076,bored,0.8,0.7705137357115746,213.62939453125,203.09144592285156,351.67822265625,346.55029296875,54.12563877561555
523,17.433333333333334,bored,0.6932999491691589,bored,0.8,0.7676069016257921,218.5431671142578,201.01748657226562,353.84490966796875,342.9988708496094,50.13811487657642
524,17.466666666666665,engaged,0.6128010749816895,bored,0.7666666666666667,0.7651086475538171,220.70892333984375,199.4617919921875,357.46136474609375,341.33642578125,50.94193234954758
525,17.5,engaged,0.6128010749816895,bored,0.7333333333333333,0.7623832794752988,220.70892333984375,199.4617919921875,357.46136474609375,341.33642578125,49.83963116117686
526,17.533333333333335,engaged,0.44372954964637756,bored,0.7,0.7663605865978059,227.00491333007812,196.96615600585938,361.7021789550781,337.6841125488281,55.13742605494939
527,17.566666666666666,engaged,0.4632635712623596,bored,0.6666666666666666,0.7707356244325638,230.6207275390625,195.74774169921875,365.12054443359375,335.61614990234375,52.42355764423558
528,17.6,engaged,0.4632635712623596,bored,0.6333333333333333,0.7722730887563605,230.6207275390625,195.74774169921875,365.12054443359375,335.61614990234375,55.36304118268215
529,17.633333333333333,engaged,0.6408759951591492,bored,0.6,0.7681663036346436,231.62493896484375,196.52789306640625,367.95147705078125,335.62640380859375,50.46872104636192
530,17.666666666666668,bored,0.6778370141983032,bored,0.6,0.7614846693144904,234.946533203125,194.6574249267578,370.08831787109375,335.19012451171875,56.36975015791525
531,17.7,bored,0.6778370141983032,bored,0.6,0.7548030349943373,234.946533203125,194.6574249267578,370.08831787109375,335.19012451171875,52.26807566732298
532,17.733333333333334,bored,0.7145504355430603,bored,0.6,0.7503906389077505,236.03599548339844,193.23834228515625,372.12158203125,335.91009521484375,48.95884206840201
533,17.766666666666666,engaged,0.5783080458641052,bored,0.5666666666666667,0.7503601452883553,235.97666931152344,194.27642822265625,373.01025390625,335.9244384765625,46.40178778860727
534,17.8,engaged,0.5783080458641052,bored,0.5333333333333333,0.7503258399665356,235.97666931152344,194.27642822265625,373.01025390625,335.9244384765625,51.460695662842774
535,17.833333333333332,engaged,0.788273811340332,bored,0.5,0.7486820777257284,232.74295043945312,198.31564331054688,369.9585266113281,337.4695739746094,49.66965089289943
536,17.866666666666667,engaged,0.6340079307556152,bored,0.4666666666666667,0.7518938609531948,228.55752563476562,201.2179412841797,367.0758972167969,340.20574951171875,51.201875068667064
537,17.9,engaged,0.6340079307556152,engaged,0.5,0.5740559538205464,228.55752563476562,201.2179412841797,367.0758972167969,340.20574951171875,55.442809744748914
538,17.933333333333334,engaged,0.7293349504470825,engaged,0.5333333333333333,0.583760891109705,223.695068359375,204.83477783203125,362.68798828125,343.5401611328125,55.39887202652191
539,17.966666666666665,bored,0.7847309708595276,engaged,0.5333333333333333,0.583760891109705,220.0189666748047,202.37254333496094,361.05303955078125,346.9046630859375,49.82660552638457
540,18.0,bored,0.7847309708595276,engaged,0.5,0.5793488502502442,220.0189666748047,202.37254333496094,361.05303955078125,346.9046630859375,52.48653518870758
541,18.033333333333335,engaged,0.6813772916793823,engaged,0.5,0.598247104883194,213.35800170898438,205.0843048095703,356.2116394042969,348.94927978515625,50.069284946878355
542,18.066666666666666,bored,0.41924041509628296,engaged,0.4666666666666667,0.601216407758849,206.35801696777344,205.596435546875,351.10595703125,353.42718505859375,52.50756134201302
543,18.1,engaged,0.8653388023376465,bored,0.4666666666666667,0.7575431253228869,195.74560546875,212.01043701171875,346.527587890625,359.35546875,52.481281281281284
544,18.133333333333333,bored,0.37932339310646057,bored,0.4666666666666667,0.7239794922726495,190.016357421875,209.6805419921875,341.86175537109375,361.0245361328125,56.73959037904819
545,18.166666666666668,bored,0.35010743141174316,bored,0.4666666666666667,0.6942540769066129,184.31045532226562,211.34971618652344,337.7182922363281,363.7054443359375,47.45922581667176
546,18.2,bored,0.35010743141174316,bored,0.4666666666666667,0.6645286615405764,184.31045532226562,211.34971618652344,337.7182922363281,363.7054443359375,47.96889224364693
547,18.233333333333334,bored,0.3621235489845276,bored,0.4666666666666667,0.6258527700390134,180.53460693359375,212.68528747558594,336.5345458984375,368.0833740234375,52.941672451877565
548,18.266666666666666,bored,0.26381346583366394,bored,0.4666666666666667,0.5799716285296849,174.84112548828125,213.31884765625,334.5363464355469,371.15533447265625,50.26670341918241
549,18.3,bored,0.26381346583366394,bored,0.4666666666666667,0.5340904870203563,174.84112548828125,213.31884765625,334.5363464355469,371.15533447265625,50.33064138717226
550,18.333333333333332,frustrated,0.6710788011550903,engaged,0.4666666666666667,0.6232636890241078,173.79855346679688,215.2987060546875,334.2380676269531,371.91143798828125,45.31933009184225
551,18.366666666666667,engaged,0.5829201340675354,engaged,0.5,0.6205741186936696,173.55340576171875,216.34771728515625,334.79193115234375,372.22454833984375,57.69648949048091
552,18.4,engaged,0.5829201340675354,engaged,0.5333333333333333,0.6182207446545362,173.55340576171875,216.34771728515625,334.79193115234375,372.22454833984375,50.35299767101251
553,18.433333333333334,engaged,0.6011597514152527,engaged,0.5666666666666667,0.6172171568169313,173.42977905273438,215.8219757080078,335.5578918457031,372.30609130859375,53.984915180065386
554,18.466666666666665,frustrated,0.6117265820503235,engaged,0.5333333333333333,0.617493161931634,176.77854919433594,216.1464080810547,335.6221923828125,373.43023681640625,50.63810984075626
555,18.5,frustrated,0.6117265820503235,engaged,0.5,0.6178059677282969,176.77854919433594,216.1464080810547,335.6221923828125,373.43023681640625,51.95857489718052
556,18.533333333333335,frustrated,0.5961679816246033,engaged,0.4666666666666667,0.6302399975912911,177.8738555908203,217.5244140625,336.38824462890625,372.287841796875,57.08555407354983
557,18.566666666666666,engaged,0.48865798115730286,engaged,0.4666666666666667,0.6320538840123585,181.18096923828125,216.20066833496094,339.023681640625,372.06494140625,55.522808503878636
558,18.6,frustrated,0.7694391012191772,engaged,0.43333333333333335,0.6450377542238969,183.23019409179688,217.435791015625,340.4857482910156,372.4056396484375,47.83977005725757
559,18.633333333333333,frustrated,0.7694391012191772,bored,0.4,0.502351296444734,183.23019409179688,217.435791015625,340.4857482910156,372.4056396484375,47.346721302222676
560,18.666666666666668,frustrated,0.760303258895874,engaged,0.4,0.6453845674792925,185.1051025390625,217.2274169921875,341.41729736328125,372.161865234375,57.06147881096524
561,18.7,frustrated,0.760303258895874,engaged,0.4,0.6453845674792925,185.1051025390625,217.2274169921875,341.41729736328125,372.161865234375,50.190912680842914
562,18.733333333333334,frustrated,0.8044399619102478,engaged,0.4,0.6453845674792925,185.82562255859375,216.7718048095703,342.29364013671875,372.32025146484375,57.012614180078295
563,18.766666666666666,frustrated,0.7175883650779724,neutral,0.36666666666666664,0.6514824330806732,187.79388427734375,217.083740234375,342.7222900390625,371.629638671875,57.402748125034215
564,18.8,frustrated,0.7175883650779724,neutral,0.36666666666666664,0.7081637599251487,187.79388427734375,217.083740234375,342.7222900390625,371.629638671875,49.15104001874963
565,18.833333333333332,frustrated,0.6447036266326904,frustrated,0.4,0.7028754154841105,188.17962646484375,216.18740844726562,343.45404052734375,371.1621398925781,57.457006260359734
566,18.866666666666667,frustrated,0.6256306767463684,frustrated,0.43333333333333335,0.6969335125042841,187.67677307128906,216.15264892578125,343.8009033203125,371.47406005859375,46.895694272073705
567,18.9,frustrated,0.6256306767463684,frustrated,0.4666666666666667,0.6918404528072902,187.67677307128906,216.15264892578125,343.8009033203125,371.47406005859375,47.90314991205829
568,18.933333333333334,frustrated,0.6931120753288269,frustrated,0.5,0.6919252276420593,186.83865356445312,216.73934936523438,343.4159240722656,371.6770324707031,57.327428790115356
569,18.966666666666665,frustrated,0.8033358454704285,frustrated,0.5333333333333333,0.6988883912563324,186.3773193359375,217.42312622070312,343.33953857421875,371.9625549316406,50.01495331560559
570,19.0,frustrated,0.9053574204444885,frustrated,0.5666666666666667,0.7110336282674004,184.537841796875,218.90341186523438,343.1927490234375,373.2852478027344,54.64748801334167
571,19.033333333333335,frustrated,0.9053574204444885,frustrated,0.6,0.7218293944994608,184.537841796875,218.90341186523438,343.1927490234375,373.2852478027344,56.98937471126933
572,19.066666666666666,frustrated,0.9163834452629089,frustrated,0.6333333333333333,0.7320690813817476,181.3793182373047,220.5386505126953,342.32025146484375,374.67486572265625,52.65059061295708
573,19.1,frustrated,0.9230495691299438,frustrated,0.6666666666666666,0.7416181057691574,180.67469787597656,222.05857849121094,341.3436279296875,378.0677490234375,52.41831633673265
574,19.133333333333333,frustrated,0.9230495691299438,frustrated,0.7,0.7502576992625282,180.67469787597656,222.05857849121094,341.3436279296875,378.0677490234375,48.28253712443882
575,19.166666666666668,frustrated,0.9205251932144165,frustrated,0.7333333333333333,0.7579971308057959,179.2967529296875,223.17681884765625,340.1900634765625,379.96612548828125,51.65462628850109
576,19.2,frustrated,0.9205251932144165,frustrated,0.7666666666666667,0.7650635683018229,179.2967529296875,223.17681884765625,340.1900634765625,379.96612548828125,48.04857205045078
577,19.233333333333334,frustrated,0.916072428226471,frustrated,0.8,0.7713556041320165,176.3843536376953,224.37344360351562,339.73834228515625,382.1025695800781,53.8691257497335
578,19.266666666666666,frustrated,0.9161407351493835,frustrated,0.8333333333333334,0.7771470093727112,176.94532775878906,226.7830352783203,340.059814453125,383.09942626953125,47.62898866707547
579,19.3,frustrated,0.9161407351493835,frustrated,0.8666666666666667,0.7824929219025832,176.94532775878906,226.7830352783203,340.059814453125,383.09942626953125,56.78491260847786
580,19.333333333333332,frustrated,0.9169467687606812,frustrated,0.8666666666666667,0.7919493821951059,175.7487030029297,227.14706420898438,340.20538330078125,384.0068664550781,45.364915582378835
581,19.366666666666667,frustrated,0.9156222939491272,frustrated,0.9,0.7965298604082178,175.9889373779297,227.4473419189453,340.24774169921875,384.72052001953125,55.63770461358873
582,19.4,frustrated,0.9198971390724182,frustrated,0.9333333333333333,0.800935834646225,175.31710815429688,227.3690948486328,341.2876892089844,385.34637451171875,56.90818555554048
583,19.433333333333334,frustrated,0.9198971390724182,frustrated,0.9666666666666667,0.8050379485919558,175.31710815429688,227.3690948486328,341.2876892089844,385.34637451171875,47.486091455613796
584,19.466666666666665,frustrated,0.9189996719360352,frustrated,0.9666666666666667,0.8156335723811182,176.42971801757812,226.62847900390625,341.8548278808594,384.92706298828125,51.29705864367394
585,19.5,frustrated,0.9175763726234436,frustrated,0.9666666666666667,0.8261801168836397,177.38555908203125,227.0784149169922,342.32330322265625,384.83905029296875,54.41000428087745
586,19.533333333333335,frustrated,0.9175763726234436,frustrated,0.9666666666666667,0.8372631648491169,177.38555908203125,227.0784149169922,342.32330322265625,384.83905029296875,50.15430238676041
587,19.566666666666666,frustrated,0.9210382103919983,frustrated,1.0,0.840055666367213,179.5401611328125,227.1812286376953,342.23870849609375,384.99786376953125,51.13445900640049
588,19.6,frustrated,0.9168464541435242,frustrated,1.0,0.8449692447980245,179.8182373046875,227.9354248046875,343.05255126953125,384.9058837890625,52.40063465887086
589,19.633333333333333,frustrated,0.9124956130981445,frustrated,1.0,0.8497377951939901,179.92327880859375,228.08245849609375,343.05804443359375,384.98162841796875,49.74033489872397
590,19.666666666666668,frustrated,0.9145164489746094,frustrated,1.0,0.8548782348632813,179.72003173828125,226.35018920898438,342.92156982421875,384.8697814941406,53.336181792749144
591,19.7,frustrated,0.916365921497345,frustrated,1.0,0.8600803236166636,178.15048217773438,227.28164672851562,343.0146789550781,385.5906677246094,49.84081564750338
592,19.733333333333334,frustrated,0.916365921497345,frustrated,1.0,0.8638111889362335,178.15048217773438,227.28164672851562,343.0146789550781,385.5906677246094,48.06729391810587
593,19.766666666666666,frustrated,0.9190577864646912,frustrated,1.0,0.8705268363157909,177.46148681640625,226.9160919189453,342.934326171875,385.54083251953125,55.09469453165023
594,19.8,frustrated,0.9179632663726807,frustrated,1.0,0.8772059996922811,176.559326171875,226.2967987060547,342.66607666015625,385.59808349609375,48.46385117568895
595,19.833333333333332,frustrated,0.9179632663726807,frustrated,1.0,0.8863146543502808,176.559326171875,226.2967987060547,342.66607666015625,385.59808349609375,58.53470099783686
596,19.866666666666667,frustrated,0.9083906412124634,frustrated,1.0,0.8957399864991505,176.47738647460938,226.7666015625,342.4518127441406,385.4747314453125,55.21436469906798
597,19.9,frustrated,0.9120038747787476,frustrated,1.0,0.9052857597668965,175.7234649658203,226.38365173339844,341.90325927734375,385.4205322265625,52.26547040498443
598,19.933333333333334,frustrated,0.9120038747787476,frustrated,1.0,0.9125821530818939,175.7234649658203,226.38365173339844,341.90325927734375,385.4205322265625,53.902355647513915
599,19.966666666666665,frustrated,0.9036675691604614,frustrated,1.0,0.9159265438715617,175.153564453125,226.5737762451172,340.7288818359375,385.36871337890625,55.1367012396314
600,20.0,frustrated,0.9036675691604614,frustrated,1.0,0.9158702154954275,175.153564453125,226.5737762451172,340.7288818359375,385.36871337890625,47.82449659072769
601,20.033333333333335,frustrated,0.9037660956382751,frustrated,1.0,0.9158171713352203,174.29803466796875,226.44349670410156,340.2808837890625,385.6322021484375,51.80839447614812
602,20.066666666666666,frustrated,0.9054698944091797,frustrated,1.0,0.9154533863067627,174.4375,226.3220672607422,339.7232666015625,385.73468017578125,53.7503876565043
603,20.1,frustrated,0.8914772272109985,frustrated,1.0,0.9144009749094645,174.23428344726562,227.31655883789062,339.7864074707031,385.0462951660156,56.193783494105034
604,20.133333333333333,frustrated,0.8914772272109985,frustrated,1.0,0.9133485635121663,174.23428344726562,227.31655883789062,339.7864074707031,385.0462951660156,53.688465624719996
605,20.166666666666668,frustrated,0.9068911671638489,frustrated,1.0,0.9128940959771474,174.07659912109375,226.5861358642578,339.3828125,384.91290283203125,49.50141034568222
606,20.2,frustrated,0.9053872227668762,frustrated,1.0,0.9123894969622294,174.2298583984375,227.2200469970703,339.48486328125,384.94708251953125,56.89043214062882
607,20.233333333333334,frustrated,0.9053872227668762,frustrated,1.0,0.9120333234469096,174.2298583984375,227.2200469970703,339.48486328125,384.94708251953125,44.78701548318206
608,20.266666666666666,frustrated,0.9120154976844788,frustrated,1.0,0.9118958155314127,173.7119140625,226.79196166992188,339.214111328125,384.4506530761719,49.80530553114684
609,20.3,frustrated,0.9117860794067383,frustrated,1.0,0.9117506603399913,173.09593200683594,226.5056915283203,339.091796875,384.61676025390625,42.826551762867965
610,20.333333333333332,frustrated,0.9117860794067383,frustrated,1.0,0.9115786373615264,173.09593200683594,226.5056915283203,339.091796875,384.61676025390625,45.35706638694538
611,20.366666666666667,frustrated,0.9084750413894653,frustrated,1.0,0.9113403956095377,172.99862670898438,226.52394104003906,338.4654846191406,384.1669921875,48.06343822336305
612,20.4,frustrated,0.9084750413894653,frustrated,1.0,0.910959659020106,172.99862670898438,226.52394104003906,338.4654846191406,384.1669921875,58.705931752652354
613,20.433333333333334,frustrated,0.9145191311836243,frustrated,1.0,0.9107803920904796,172.52731323242188,225.72494506835938,338.8182373046875,383.4679870605469,53.61503259619072
614,20.466666666666665,frustrated,0.9095299243927002,frustrated,1.0,0.910464733839035,173.56256103515625,226.3016357421875,338.2977294921875,382.4920654296875,51.367420670397905
615,20.5,bored,0.668884813785553,frustrated,0.9666666666666667,0.9102195049154347,178.22132873535156,226.63507080078125,338.645263671875,380.9239501953125,53.896814484522174
616,20.533333333333335,bored,0.668884813785553,frustrated,0.9333333333333333,0.9099567596401487,178.22132873535156,226.63507080078125,338.645263671875,380.9239501953125,55.483881209074674
617,20.566666666666666,bored,0.6730138659477234,frustrated,0.9,0.9095463355382284,185.45697021484375,222.42735290527344,339.13330078125,376.4024658203125,43.997734186510016
618,20.6,frustrated,0.9113444089889526,frustrated,0.9,0.909342556088059,191.174560546875,219.39097595214844,341.62841796875,369.5506591796875,51.294549279066636
619,20.633333333333333,frustrated,0.9113444089889526,frustrated,0.9,0.9092999188988297,191.174560546875,219.39097595214844,341.62841796875,369.5506591796875,51.79240087425756
620,20.666666666666668,frustrated,0.821793794631958,frustrated,0.9,0.9058657465157686,196.1644287109375,214.82662963867188,345.0748291015625,363.0003356933594,54.974821416868735
621,20.7,bored,0.44709402322769165,frustrated,0.8666666666666667,0.9054618936318618,197.69219970703125,207.98362731933594,349.78765869140625,358.9976806640625,49.820095261851314
622,20.733333333333334,bored,0.44709402322769165,frustrated,0.8333333333333334,0.9050257325172424,197.69219970703125,207.98362731933594,349.78765869140625,358.9976806640625,52.83230674274773
623,20.766666666666666,engaged,0.8115056157112122,frustrated,0.8,0.9044410636027654,200.3953857421875,205.5133056640625,353.481689453125,355.61529541015625,46.14145058910243
624,20.8,frustrated,0.560872495174408,frustrated,0.8,0.889562281469504,204.60218811035156,202.93959045410156,352.017578125,350.3321533203125,51.02559610705596
625,20.833333333333332,frustrated,0.560872495174408,frustrated,0.8,0.8746834993362427,204.60218811035156,202.93959045410156,352.017578125,350.3321533203125,45.17338905103986
626,20.866666666666667,frustrated,0.6196084022521973,frustrated,0.8,0.8626509060462316,204.40673828125,201.26300048828125,352.24407958984375,347.2552490234375,55.28714541811663
627,20.9,frustrated,0.5417531132698059,frustrated,0.8,0.847223790983359,207.4266357421875,201.6873779296875,352.154052734375,344.09234619140625,49.87578334026993
628,20.933333333333334,frustrated,0.5417531132698059,frustrated,0.8,0.8317966759204865,207.4266357421875,201.6873779296875,352.154052734375,344.09234619140625,50.96793165882882
629,20.966666666666665,engaged,0.9478031992912292,frustrated,0.7666666666666667,0.8286718544752701,212.92286682128906,202.96197509765625,352.4649658203125,340.5482177734375,53.09850489296249
630,21.0,engaged,0.6947116255760193,frustrated,0.7333333333333333,0.825262958353216,209.9635467529297,198.0789031982422,353.32379150390625,335.81793212890625,47.93545069086504
631,21.033333333333335,engaged,0.6947116255760193,frustrated,0.7,0.8215247137205941,209.9635467529297,198.0789031982422,353.32379150390625,335.81793212890625,50.81110155426605
632,21.066666666666666,engaged,0.7817732095718384,frustrated,0.6666666666666666,0.8173274546861649,211.53369140625,193.65191650390625,355.93408203125,334.2520751953125,45.25869175820618
633,21.1,bored,0.2673449218273163,frustrated,0.6333333333333333,0.8134248350795946,217.32135009765625,193.58009338378906,355.11920166015625,332.2852783203125,49.256670424652384
634,21.133333333333333,bored,0.2673449218273163,frustrated,0.6,0.8090885910722945,217.32135009765625,193.58009338378906,355.11920166015625,332.2852783203125,52.0527191044702
635,21.166666666666668,engaged,0.8948960304260254,frustrated,0.5666666666666667,0.8033354983610266,223.62098693847656,193.31585693359375,355.98681640625,329.5008544921875,55.30026632914063
636,21.2,engaged,0.6332804560661316,frustrated,0.5333333333333333,0.7969572655856609,226.91714477539062,192.72637939453125,356.5631408691406,325.4012451171875,47.365434998644865
637,21.233333333333334,engaged,0.6332804560661316,frustrated,0.5,0.78972860177358,226.91714477539062,192.72637939453125,356.5631408691406,325.4012451171875,51.334728596781105
638,21.266666666666666,engaged,0.46288543939590454,frustrated,0.4666666666666667,0.78099382349423,227.71556091308594,188.99978637695312,357.448974609375,323.4403381347656,48.43474947169071
639,21.3,engaged,0.4675026834011078,frustrated,0.43333333333333335,0.7709328807317294,230.63755798339844,187.03823852539062,359.0828857421875,321.8835144042969,58.35147468002226
640,21.333333333333332,engaged,0.4675026834011078,frustrated,0.4,0.7591951141754786,230.63755798339844,187.03823852539062,359.0828857421875,321.8835144042969,47.38951721332776
641,21.366666666666667,engaged,0.37377113103866577,engaged,0.4,0.655302012960116,233.99609375,184.97683715820312,361.99969482421875,320.37371826171875,47.44902484275307
642,21.4,engaged,0.6895594596862793,engaged,0.43333333333333335,0.6579372011698209,233.8236846923828,185.09539794921875,363.21466064453125,320.5347595214844,55.75530062344637
643,21.433333333333334,engaged,0.6895594596862793,engaged,0.4666666666666667,0.6601959339209965,233.8236846923828,185.09539794921875,363.21466064453125,320.5347595214844,49.39123881300047
644,21.466666666666665,engaged,0.7967120409011841,engaged,0.5,0.6692970077196757,237.58436584472656,185.50503540039062,364.3487548828125,319.79205322265625,49.526544492726245
645,21.5,bored,0.6259906888008118,engaged,0.5,0.6692970077196757,239.43353271484375,187.2705078125,365.18463134765625,318.38665771484375,50.21134162546539
646,21.533333333333335,bored,0.6259906888008118,engaged,0.5,0.6692970077196757,239.43353271484375,187.2705078125,365.18463134765625,318.38665771484375,51.855152376831306
647,21.566666666666666,engaged,0.5933368802070618,engaged,0.5333333333333333,0.6645494997501373,242.98858642578125,187.38467407226562,368.03564453125,317.6387939453125,51.918698784442846
648,21.6,frustrated,0.76250821352005,engaged,0.5333333333333333,0.6645494997501373,247.1334228515625,186.900390625,370.60882568359375,318.047119140625,49.895956507774116
649,21.633333333333333,frustrated,0.76250821352005,engaged,0.5333333333333333,0.6645494997501373,247.1334228515625,186.900390625,370.60882568359375,318.047119140625,46.39665490425991
650,21.666666666666668,frustrated,0.8901081681251526,engaged,0.5333333333333333,0.6645494997501373,250.6858673095703,191.91781616210938,374.61651611328125,318.3916015625,55.406922060766185
651,21.7,frustrated,0.6362013816833496,engaged,0.5333333333333333,0.6645494997501373,256.44915771484375,194.5183868408203,381.16180419921875,320.77459716796875,51.06908559600633
652,21.733333333333334,frustrated,0.6362013816833496,engaged,0.5333333333333333,0.6645494997501373,256.44915771484375,194.5183868408203,381.16180419921875,320.77459716796875,48.61946492326239
653,21.766666666666666,bored,0.5853371620178223,engaged,0.5,0.6547524253527324,262.66876220703125,199.00485229492188,386.95635986328125,320.7975769042969,48.66911116268275
654,21.8,bored,0.7941100001335144,engaged,0.5,0.6547524253527324,270.04693603515625,197.91346740722656,394.71563720703125,319.533447265625,52.47996796876955
655,21.833333333333332,bored,0.8739935755729675,engaged,0.5,0.6547524253527324,280.5880126953125,199.76583862304688,402.237060546875,319.3187561035156,44.00927548397251
656,21.866666666666667,bored,0.8793880343437195,engaged,0.5,0.6547524253527324,285.47564697265625,199.2078857421875,404.7509765625,318.9888916015625,56.501118086052216
657,21.9,engaged,0.4036988615989685,engaged,0.5333333333333333,0.6390615776181221,287.86077880859375,198.96368408203125,407.1217041015625,319.6781005859375,55.875627789249315
658,21.933333333333334,engaged,0.5994716286659241,engaged,0.5666666666666667,0.6367327570915222,288.1413879394531,198.301025390625,408.5759582519531,319.8179931640625,56.98395489436859
659,21.966666666666665,engaged,0.5994716286659241,engaged,0.5666666666666667,0.6162426647017983,288.1413879394531,198.301025390625,408.5759582519531,319.8179931640625,49.52537489668202
660,22.0,engaged,0.6275322437286377,engaged,0.5666666666666667,0.6122909363578347,289.691162109375,200.0330810546875,408.46820068359375,320.06854248046875,54.298008958392664
661,22.033333333333335,engaged,0.6275322437286377,engaged,0.5666666666666667,0.6083392080138711,289.691162109375,200.0330810546875,408.46820068359375,320.06854248046875,44.212465873275214
662,22.066666666666666,engaged,0.7785077691078186,engaged,0.5666666666666667,0.6081471232806935,290.80157470703125,199.99908447265625,410.14959716796875,320.88348388671875,59.98632742666724
663,22.1,engaged,0.7299920320510864,engaged,0.6,0.6149162848790487,290.48187255859375,200.54605102539062,411.21331787109375,321.6662902832031,52.51216305885593
664,22.133333333333333,engaged,0.7299920320510864,engaged,0.6333333333333333,0.6209729031512612,290.48187255859375,200.54605102539062,411.21331787109375,321.6662902832031,48.66289983873026
665,22.166666666666668,engaged,0.6779107451438904,engaged,0.6333333333333333,0.6095526249785173,291.4071350097656,200.71469116210938,413.2812194824219,322.5367736816406,43.087885107300984
666,22.2,bored,0.48565948009490967,engaged,0.6,0.6082344121403165,291.2657165527344,201.4710693359375,413.4515075683594,323.299072265625,54.61333333333334
667,22.233333333333334,bored,0.48565948009490967,engaged,0.5666666666666667,0.6067611154387978,291.2657165527344,201.4710693359375,413.4515075683594,323.299072265625,49.70261174574584
668,22.266666666666666,engaged,0.7689421772956848,engaged,0.5666666666666667,0.6247644529623144,290.99090576171875,201.22726440429688,414.38763427734375,323.8755187988281,51.15004878048781
669,22.3,engaged,0.8437696695327759,engaged,0.5666666666666667,0.6468978050877067,291.578369140625,202.30581665039062,414.403076171875,325.1869812011719,52.6598450702457
670,22.333333333333332,engaged,0.8828840255737305,engaged,0.5666666666666667,0.6713320016860962,292.932373046875,202.0183868408203,414.3485107421875,325.12506103515625,49.831933372144135
671,22.366666666666667,engaged,0.8828840255737305,engaged,0.5666666666666667,0.7012798190116882,292.932373046875,202.0183868408203,414.3485107421875,325.12506103515625,54.55224618266004
672,22.4,engaged,0.6938386559486389,engaged,0.5666666666666667,0.7015315364388859,292.10345458984375,200.31170654296875,416.06976318359375,324.18841552734375,44.771239178933214
673,22.433333333333334,bored,0.5432786345481873,engaged,0.5333333333333333,0.7022797912359238,291.1846618652344,199.57562255859375,416.1512756347656,323.59918212890625,49.44538885024815
674,22.466666666666665,bored,0.5432786345481873,engaged,0.5,0.6959843079249064,291.1846618652344,199.57562255859375,416.1512756347656,323.59918212890625,45.23282323379382
675,22.5,bored,0.6121525764465332,engaged,0.5,0.6959843079249064,290.31884765625,198.08859252929688,413.5203857421875,321.4664611816406,47.77166026947915
676,22.533333333333335,bored,0.6121525764465332,engaged,0.5,0.6959843079249064,290.31884765625,198.08859252929688,413.5203857421875,321.4664611816406,51.733629355535
677,22.566666666666666,engaged,0.9014415740966797,engaged,0.5,0.716524620850881,287.531494140625,195.40420532226562,412.49249267578125,320.4603576660156,56.994795559239584
678,22.6,engaged,0.8771275877952576,engaged,0.5333333333333333,0.7265623062849045,285.35711669921875,189.28884887695312,412.24627685546875,317.9749450683594,44.9714150923166
679,22.633333333333333,engaged,0.8771275877952576,engaged,0.5666666666666667,0.7354190875502193,285.35711669921875,189.28884887695312,412.24627685546875,317.9749450683594,51.54797399437118
680,22.666666666666668,engaged,0.9315512776374817,engaged,0.6,0.7463153203328451,283.51300048828125,185.38882446289062,411.61444091796875,315.3960876464844,52.645303811926546
681,22.7,engaged,0.9357190728187561,engaged,0.6333333333333333,0.7562839388847351,282.94927978515625,184.57034301757812,411.6400146484375,315.3474426269531,50.569730290206294
682,22.733333333333334,engaged,0.846339225769043,engaged,0.6666666666666666,0.7607867032289505,283.921875,186.285888671875,410.2794189453125,313.90753173828125,52.925639440245305
683,22.766666666666666,engaged,0.846339225769043,engaged,0.7,0.7648606328737169,283.921875,186.285888671875,410.2794189453125,313.90753173828125,51.09894983065715
684,22.8,engaged,0.8199009299278259,engaged,0.7333333333333333,0.7673624645579945,281.8887939453125,183.920654296875,407.1014404296875,311.95257568359375,56.96692789330001
685,22.833333333333332,bored,0.813498854637146,engaged,0.7333333333333333,0.7673624645579945,280.31341552734375,180.49240112304688,407.03387451171875,311.1478576660156,55.08384114309729
686,22.866666666666667,bored,0.813498854637146,engaged,0.7333333333333333,0.7673624645579945,280.31341552734375,180.49240112304688,407.03387451171875,311.1478576660156,49.99766360710454
687,22.9,bored,0.8598009347915649,engaged,0.7,0.7846797789846148,275.8227844238281,179.39801025390625,404.2575988769531,310.6591796875,52.01527853564165
688,22.933333333333334,bored,0.8598009347915649,engaged,0.6666666666666666,0.7939401865005493,275.8227844238281,179.39801025390625,404.2575988769531,310.6591796875,49.88408796279778
689,22.966666666666665,engaged,0.8576999306678772,engaged,0.6666666666666666,0.806851601600647,268.3892822265625,177.30316162109375,401.638671875,311.1180419921875,53.94325693854979
690,23.0,engaged,0.8507738709449768,engaged,0.6666666666666666,0.8180136829614639,261.517822265625,175.552978515625,397.0819091796875,311.076416015625,44.69585788727741
691,23.033333333333335,engaged,0.8507738709449768,engaged,0.6666666666666666,0.8291757643222809,261.517822265625,175.552978515625,397.0819091796875,311.076416015625,43.82854396121131
692,23.066666666666666,bored,0.8749516010284424,engaged,0.6333333333333333,0.8318425009125158,256.52044677734375,175.217529296875,394.92047119140625,310.3850402832031,48.757370036268945
693,23.1,engaged,0.8848494291305542,engaged,0.6333333333333333,0.8399928902324877,252.0775146484375,174.39337158203125,392.71099853515625,312.93341064453125,53.29077833964374
694,23.133333333333333,engaged,0.8611646294593811,engaged,0.6333333333333333,0.8468967111487138,248.5436248779297,174.5411376953125,392.53741455078125,315.51275634765625,55.74418542835119
695,23.166666666666668,engaged,0.9115111827850342,engaged,0.6333333333333333,0.8591914710245634,239.2589111328125,175.09597778320312,391.80120849609375,324.8631591796875,49.639670986448905
696,23.2,engaged,0.8944530487060547,engaged,0.6666666666666666,0.860954549908638,236.9861602783203,175.76580810546875,393.15142822265625,330.3727111816406,60.5160080220462
697,23.233333333333334,engaged,0.893753707408905,engaged,0.7,0.8625164145515078,232.4971466064453,177.06578063964844,393.22052001953125,335.0418701171875,58.76268265687827
698,23.266666666666666,engaged,0.893753707408905,engaged,0.7,0.8684598207473755,232.4971466064453,177.06578063964844,393.22052001953125,335.0418701171875,47.47319215402202
699,23.3,engaged,0.8388186693191528,engaged,0.7,0.868224058832441,226.85784912109375,178.3827667236328,394.0531005859375,340.14459228515625,53.13348281584515
700,23.333333333333332,engaged,0.8388186693191528,engaged,0.7,0.866125708534604,226.85784912109375,178.3827667236328,394.0531005859375,340.14459228515625,49.66024153445418
701,23.366666666666667,frustrated,0.6169862747192383,engaged,0.6666666666666666,0.8652877926826477,224.1984100341797,179.7977294921875,393.93792724609375,346.93011474609375,53.584894089991565
702,23.4,engaged,0.797903299331665,engaged,0.6666666666666666,0.870491024851799,220.50527954101562,179.7484130859375,394.9692077636719,349.260498046875,33.38430557877059
703,23.433333333333334,frustrated,0.49199676513671875,engaged,0.6666666666666666,0.870491024851799,218.15692138671875,179.9734649658203,392.536865234375,353.19403076171875,58.70921866689063
704,23.466666666666665,frustrated,0.49199676513671875,engaged,0.6666666666666666,0.870491024851799,218.15692138671875,179.9734649658203,392.536865234375,353.19403076171875,56.438015528075674
705,23.5,frustrated,0.5723363757133484,engaged,0.6666666666666666,0.870491024851799,214.21896362304688,180.486572265625,392.0411071777344,355.968994140625,53.74969884921957
706,23.533333333333335,frustrated,0.8779104351997375,engaged,0.6666666666666666,0.870491024851799,211.79449462890625,182.6224365234375,390.9010009765625,357.79095458984375,55.326526843424354
707,23.566666666666666,frustrated,0.8779104351997375,engaged,0.6333333333333333,0.8688620485757527,211.79449462890625,182.6224365234375,390.9010009765625,357.79095458984375,48.094852595488994
708,23.6,engaged,0.7598527073860168,engaged,0.6333333333333333,0.8626896864489505,205.61123657226562,182.92620849609375,390.6501159667969,360.4771728515625,49.520112398021226
709,23.633333333333333,frustrated,0.8267725706100464,engaged,0.6,0.8618875808186002,202.79263305664062,184.21075439453125,387.8350524902344,361.66839599609375,58.996596055925956
710,23.666666666666668,frustrated,0.8267725706100464,engaged,0.5666666666666667,0.8577897162998424,202.79263305664062,184.21075439453125,387.8350524902344,361.66839599609375,57.00409084113674
711,23.7,frustrated,0.8769419193267822,engaged,0.5333333333333333,0.8529191315174103,200.26449584960938,185.41656494140625,388.0075988769531,364.39337158203125,49.90367409099562
712,23.733333333333334,frustrated,0.8769419193267822,engaged,0.5,0.8533577919006348,200.26449584960938,185.41656494140625,388.0075988769531,364.39337158203125,45.51802574175765
713,23.766666666666666,confused,0.4129789173603058,engaged,0.4666666666666667,0.8538591180528913,198.26316833496094,188.27561950683594,387.545654296875,367.013671875,54.20398035668131
714,23.8,confused,0.41981983184814453,engaged,0.43333333333333335,0.8564712863702041,198.4710693359375,191.0572967529297,386.464111328125,371.29400634765625,49.22256516177489
715,23.833333333333332,engaged,0.7528826594352722,engaged,0.4666666666666667,0.8490720987319946,199.9098663330078,192.86868286132812,390.05548095703125,374.0805358886719,52.57139992228921
716,23.866666666666667,engaged,0.7528826594352722,engaged,0.5,0.8426594694455465,199.9098663330078,192.86868286132812,390.05548095703125,374.0805358886719,49.67729862254385
717,23.9,engaged,0.878376841545105,engaged,0.5333333333333333,0.8448918052017689,200.61090087890625,194.21778869628906,394.998046875,379.2598876953125,51.52834221971056
718,23.933333333333334,confused,0.2616725564002991,engaged,0.5333333333333333,0.8448918052017689,201.66912841796875,197.8555908203125,397.9852294921875,384.57379150390625,52.511505621353635
719,23.966666666666665,confused,0.2616725564002991,engaged,0.5,0.844037930170695,201.66912841796875,197.8555908203125,397.9852294921875,384.57379150390625,51.132588872092455
720,24.0,confused,0.8465877175331116,engaged,0.4666666666666667,0.8435567915439606,203.9369659423828,199.23426818847656,400.26068115234375,386.71826171875,50.60633920922769
721,24.033333333333335,confused,0.8968253135681152,engaged,0.43333333333333335,0.8430016315900363,204.61988830566406,201.02981567382812,399.91015625,388.3136291503906,49.84140791177973
722,24.066666666666666,confused,0.8968253135681152,engaged,0.43333333333333335,0.8430016315900363,204.61988830566406,201.02981567382812,399.91015625,388.3136291503906,50.03702996755106
723,24.1,confused,0.5484817624092102,engaged,0.4,0.8395143151283264,203.9790496826172,203.1256561279297,397.36053466796875,388.66827392578125,45.54768368698825
724,24.133333333333333,confused,0.6205374002456665,neutral,0.36666666666666664,0.8375461047345941,199.46429443359375,206.50686645507812,396.10491943359375,392.6578674316406,46.75507201141481
725,24.166666666666668,confused,0.6205374002456665,neutral,0.3333333333333333,0.8301495969295501,199.46429443359375,206.50686645507812,396.10491943359375,392.6578674316406,45.262110567947595
726,24.2,engaged,0.6402513384819031,neutral,0.3333333333333333,0.804729425907135,198.99649047851562,208.7279815673828,395.6058654785156,396.20733642578125,52.536499824640515
727,24.233333333333334,confused,0.5760175585746765,neutral,0.36666666666666664,0.5783596661957827,199.16506958007812,212.01971435546875,394.6183166503906,396.11102294921875,47.18320696559948
728,24.266666666666666,frustrated,0.863825261592865,neutral,0.36666666666666664,0.7454901175065474,200.83248901367188,213.02520751953125,392.7474060058594,396.88909912109375,51.67626439967967
729,24.3,frustrated,0.8910478949546814,frustrated,0.4,0.7576199322938919,202.00527954101562,215.2716827392578,390.0858459472656,397.10638427734375,55.11424141284066
730,24.333333333333332,frustrated,0.8978849649429321,frustrated,0.43333333333333335,0.7684095501899719,200.7657470703125,215.9066619873047,388.51983642578125,396.85614013671875,52.47143303934447
731,24.366666666666667,frustrated,0.8978849649429321,frustrated,0.43333333333333335,0.7900171417456406,200.7657470703125,215.9066619873047,388.51983642578125,396.85614013671875,49.58216400884234
732,24.4,frustrated,0.8535081744194031,frustrated,0.4666666666666667,0.7945522155080523,201.20912170410156,218.5773468017578,387.4404296875,397.00518798828125,49.90664302797378
733,24.433333333333334,frustrated,0.7681190371513367,frustrated,0.4666666666666667,0.8142752349376678,201.8729248046875,219.66978454589844,387.54693603515625,397.0533447265625,52.94835574070567
734,24.466666666666665,frustrated,0.8298766613006592,frustrated,0.4666666666666667,0.8384095132350922,203.67764282226562,219.5666961669922,386.8363952636719,396.36016845703125,52.27198404785643
735,24.5,frustrated,0.8298766613006592,frustrated,0.4666666666666667,0.8568052479199001,203.67764282226562,219.5666961669922,386.8363952636719,396.36016845703125,53.48376731019357
736,24.533333333333335,confused,0.4396994113922119,frustrated,0.43333333333333335,0.8551817719752972,205.04727172851562,219.77223205566406,388.6329650878906,396.1192626953125,47.04613417383599
737,24.566666666666666,confused,0.4396994113922119,confused,0.43333333333333335,0.5570273193029257,205.04727172851562,219.77223205566406,388.6329650878906,396.1192626953125,55.359387580017156
738,24.6,confused,0.45264342427253723,confused,0.4666666666666667,0.549571326800755,206.65261840820312,219.75018310546875,387.3367004394531,396.55328369140625,54.25095391460686
739,24.633333333333333,frustrated,0.8183077573776245,confused,0.4666666666666667,0.549571326800755,208.64869689941406,222.56039428710938,387.5311279296875,394.1899108886719,49.610314033946416
740,24.666666666666668,frustrated,0.8183077573776245,confused,0.4666666666666667,0.549571326800755,208.64869689941406,222.56039428710938,387.5311279296875,394.1899108886719,45.247950289117114
741,24.7,frustrated,0.8294457793235779,confused,0.4666666666666667,0.549571326800755,213.4169921875,222.55116271972656,387.97607421875,394.6995849609375,54.66743131223607
742,24.733333333333334,frustrated,0.8279302716255188,confused,0.4666666666666667,0.549571326800755,218.14071655273438,226.6990966796875,386.2618103027344,393.85894775390625,49.67612189546741
743,24.766666666666666,frustrated,0.8279302716255188,confused,0.43333333333333335,0.5600784352192512,218.14071655273438,226.6990966796875,386.2618103027344,393.85894775390625,47.4527825860684
744,24.8,frustrated,0.7862409949302673,frustrated,0.4666666666666667,0.8385847466332572,220.4752197265625,227.93572998046875,388.4976806640625,393.800048828125,49.36507973871594
745,24.833333333333332,frustrated,0.8858460783958435,frustrated,0.5,0.8417355020840963,220.8583984375,229.34898376464844,389.7750244140625,393.5587158203125,46.509841319124874
746,24.866666666666667,frustrated,0.9018435478210449,frustrated,0.5333333333333333,0.8454922549426556,220.03375244140625,228.62245178222656,389.40771484375,395.75390625,52.20692058750311
747,24.9,frustrated,0.9018435478210449,frustrated,0.5666666666666667,0.8488070368766785,220.03375244140625,228.62245178222656,389.40771484375,395.75390625,47.81304788937907
748,24.933333333333334,frustrated,0.906972348690033,frustrated,0.6,0.8520384430885315,219.2003173828125,229.3346405029297,387.25482177734375,397.11712646484375,52.448468175565836
749,24.966666666666665,frustrated,0.9205445647239685,frustrated,0.6333333333333333,0.855644028437765,217.0078125,230.49600219726562,386.80291748046875,398.7558288574219,51.084013348598155
750,25.0,frustrated,0.9211261868476868,frustrated,0.6666666666666666,0.8589181363582611,216.31631469726562,230.861572265625,387.5859680175781,400.41448974609375,53.36264631043257
751,25.033333333333335,frustrated,0.9217705726623535,frustrated,0.7,0.8619111095155988,215.82192993164062,229.39688110351562,386.5226745605469,402.0290832519531,60.458436036036034
752,25.066666666666666,frustrated,0.9217705726623535,frustrated,0.7333333333333333,0.8646319942040877,215.82192993164062,229.39688110351562,386.5226745605469,402.0290832519531,52.32088816815318
753,25.1,frustrated,0.9134191870689392,frustrated,0.7666666666666667,0.8667531765025595,215.24050903320312,230.14414978027344,387.9757385253906,403.082275390625,43.24113899255655
754,25.133333333333333,frustrated,0.9085297584533691,frustrated,0.8,0.8684938674171766,214.83297729492188,231.9219512939453,389.0804748535156,404.39764404296875,55.57798772973618
755,25.166666666666668,frustrated,0.9160788059234619,frustrated,0.8333333333333334,0.870397264957428,215.13241577148438,232.1650848388672,390.4187927246094,405.31500244140625,52.162769873644415
756,25.2,frustrated,0.9160788059234619,frustrated,0.8666666666666667,0.8721542473022754,215.13241577148438,232.1650848388672,390.4187927246094,405.31500244140625,50.938220327661796
757,25.233333333333334,frustrated,0.8841895461082458,frustrated,0.9,0.8725999991099039,214.25515747070312,232.2762451171875,391.4343566894531,405.89141845703125,52.415696075981
758,25.266666666666666,frustrated,0.8934493064880371,frustrated,0.9,0.8736971859578733,214.60948181152344,232.72665405273438,391.4266357421875,406.6928405761719,53.130117551682204
759,25.3,frustrated,0.8934493064880371,frustrated,0.9,0.8737861271257754,214.60948181152344,232.72665405273438,391.4266357421875,406.6928405761719,52.47734154092536
760,25.333333333333332,frustrated,0.8717284202575684,frustrated,0.9,0.8728173662115026,214.01014709472656,232.821533203125,391.74462890625,408.38616943359375,48.32314480915239
761,25.366666666666667,frustrated,0.8717284202575684,frustrated,0.9,0.87184860529723,214.01014709472656,232.821533203125,391.74462890625,408.38616943359375,47.56093799609924
762,25.4,frustrated,0.8766118288040161,frustrated,0.9,0.8727042962003637,213.8213348388672,233.23440551757812,391.45489501953125,408.2071838378906,51.133212234995796
763,25.433333333333334,frustrated,0.9083868265151978,frustrated,0.9,0.8778993995101364,214.800537109375,233.75399780273438,390.373779296875,407.5202941894531,58.46779207382522
764,25.466666666666665,frustrated,0.9083868265151978,frustrated,0.9,0.8808071834069712,214.800537109375,233.75399780273438,390.373779296875,407.5202941894531,57.725870160613276
765,25.5,frustrated,0.9145033955574036,frustrated,0.9,0.8839415068979617,214.006103515625,233.28407287597656,390.350341796875,407.7359619140625,51.05416656523115
766,25.533333333333335,frustrated,0.9137560129165649,frustrated,0.9333333333333333,0.8850063106843403,213.2215576171875,233.1764678955078,389.16387939453125,408.05316162109375,51.426623671207345
767,25.566666666666666,frustrated,0.9090260863304138,frustrated,0.9666666666666667,0.885834578810067,214.18931579589844,234.01417541503906,389.2269287109375,408.283447265625,53.30432351371273
768,25.6,frustrated,0.9090260863304138,frustrated,1.0,0.8866076290607452,214.18931579589844,234.01417541503906,389.2269287109375,408.283447265625,49.87400413802944
769,25.633333333333333,frustrated,0.9201448559761047,frustrated,1.0,0.8900021990140279,212.91864013671875,234.5203094482422,387.7451171875,407.83575439453125,47.797791478159795
770,25.666666666666668,frustrated,0.917363166809082,frustrated,1.0,0.8933040459950765,212.5609130859375,234.77334594726562,387.84521484375,408.5330505371094,49.24221327353629
771,25.7,frustrated,0.917363166809082,frustrated,1.0,0.8962346255779267,212.5609130859375,234.77334594726562,387.84521484375,408.5330505371094,50.05434691807387
772,25.733333333333334,frustrated,0.9112391471862793,frustrated,1.0,0.8990115880966186,211.1051788330078,234.7397918701172,386.93194580078125,410.64373779296875,51.62474460281121
773,25.766666666666666,frustrated,0.9158065915107727,frustrated,1.0,0.9019407987594604,211.72036743164062,234.93902587890625,387.1620788574219,408.42724609375,52.508876035954835
774,25.8,frustrated,0.9158065915107727,frustrated,1.0,0.9062596519788106,211.72036743164062,234.93902587890625,387.1620788574219,408.42724609375,47.38630483657768
775,25.833333333333332,frustrated,0.9132002592086792,frustrated,1.0,0.9071714580059052,210.19918823242188,235.121826171875,386.5763854980469,410.78125,47.86979992923909
776,25.866666666666667,frustrated,0.9132002592086792,frustrated,1.0,0.9075500150521596,210.19918823242188,235.121826171875,386.5763854980469,410.78125,50.11594895569469
777,25.9,frustrated,0.9101355075836182,frustrated,1.0,0.9078264137109121,209.65386962890625,234.4578094482422,386.4599609375,411.22601318359375,52.50953340761421
778,25.933333333333334,frustrated,0.9105684161186218,frustrated,1.0,0.9079462826251984,209.77809143066406,234.761474609375,386.33349609375,411.04595947265625,47.13018855203722
779,25.966666666666665,frustrated,0.9130495190620422,frustrated,1.0,0.9076964477698009,211.3162078857422,235.6417999267578,386.80010986328125,409.37713623046875,55.30755841552825
780,26.0,frustrated,0.9130495190620422,frustrated,1.0,0.9074272255102793,211.3162078857422,235.6417999267578,386.80010986328125,409.37713623046875,52.624827482371835
781,26.033333333333335,frustrated,0.9048783779144287,frustrated,1.0,0.9068641523520152,210.1465606689453,235.41046142578125,386.10784912109375,412.180419921875,47.525908467700816
782,26.066666666666666,frustrated,0.9050361514091492,frustrated,1.0,0.9063063383102417,210.06527709960938,235.61083984375,386.9982604980469,411.71514892578125,52.4963891009675
783,26.1,frustrated,0.9050361514091492,frustrated,1.0,0.9060269037882487,210.06527709960938,235.61083984375,386.9982604980469,411.71514892578125,51.33787025703794
784,26.133333333333333,frustrated,0.9033206701278687,frustrated,1.0,0.905853267510732,210.5576171875,235.88986206054688,386.90350341796875,412.0704040527344,49.37147161993549
785,26.166666666666668,frustrated,0.902851402759552,frustrated,1.0,0.905412354071935,210.7485809326172,236.0980224609375,386.62518310546875,411.83343505859375,57.06303144089357
786,26.2,frustrated,0.902851402759552,frustrated,1.0,0.9049714406331381,210.7485809326172,236.0980224609375,386.62518310546875,411.83343505859375,55.39521369327487
787,26.233333333333334,frustrated,0.8998775482177734,frustrated,1.0,0.9054943740367889,210.87405395507812,236.6034393310547,386.4012145996094,411.77740478515625,47.94202567238561
788,26.266666666666666,frustrated,0.8998775482177734,frustrated,1.0,0.9057086487611135,210.87405395507812,236.6034393310547,386.4012145996094,411.77740478515625,49.7273611078178
789,26.3,frustrated,0.910131573677063,frustrated,1.0,0.906264724334081,211.28427124023438,237.02296447753906,386.3526306152344,412.2152099609375,49.87578334026993
790,26.333333333333332,frustrated,0.9087120294570923,frustrated,1.0,0.9074975113073985,211.0124969482422,236.34999084472656,386.48309326171875,412.473388671875,43.194826059195485
791,26.366666666666667,frustrated,0.9082128405570984,frustrated,1.0,0.9087136586507162,211.03463745117188,237.14703369140625,386.5076599121094,412.53912353515625,51.158783206888984
792,26.4,frustrated,0.9082128405570984,frustrated,1.0,0.9097670257091522,211.03463745117188,237.14703369140625,386.5076599121094,412.53912353515625,48.38557997346715
793,26.433333333333334,frustrated,0.9091243743896484,frustrated,1.0,0.9097916106383006,210.79318237304688,236.70745849609375,385.8652038574219,412.39300537109375,52.45765170843964
794,26.466666666666665,frustrated,0.9001208543777466,frustrated,1.0,0.9095160782337188,209.81887817382812,236.2596893310547,386.4188537597656,412.23101806640625,51.874392430894815
795,26.5,frustrated,0.9001208543777466,frustrated,1.0,0.909036660194397,209.81887817382812,236.2596893310547,386.4188537597656,412.23101806640625,50.83635129566335
796,26.533333333333335,frustrated,0.9072326421737671,frustrated,1.0,0.9088192145029704,210.05661010742188,236.74818420410156,385.2972106933594,412.1240234375,43.453483071567696
797,26.566666666666666,frustrated,0.911980390548706,frustrated,1.0,0.9089176913102468,209.7562713623047,236.4668731689453,384.24578857421875,411.98150634765625,53.53018352604845
798,26.6,frustrated,0.911980390548706,frustrated,1.0,0.9090161681175232,209.7562713623047,236.4668731689453,384.24578857421875,411.98150634765625,42.99865703008868
799,26.633333333333333,frustrated,0.9129408597946167,frustrated,1.0,0.9087760349114736,210.07876586914062,236.47598266601562,384.2536926269531,412.3359069824219,56.140380934534406
800,26.666666666666668,frustrated,0.9098744988441467,frustrated,1.0,0.9085264126459758,209.42282104492188,235.5731658935547,384.0552673339844,412.02410888671875,50.8881609279076
801,26.7,frustrated,0.9098744988441467,frustrated,1.0,0.9082767903804779,209.42282104492188,235.5731658935547,384.0552673339844,412.02410888671875,50.70483558994197
802,26.733333333333334,frustrated,0.9133110046386719,frustrated,1.0,0.9083458522955576,209.38621520996094,235.735595703125,384.2740478515625,411.25738525390625,51.846178568338296
803,26.766666666666666,frustrated,0.9103388786315918,frustrated,1.0,0.908163595199585,209.1072540283203,235.4903564453125,384.25408935546875,411.26629638671875,55.00582279809054
804,26.8,frustrated,0.9103388786315918,frustrated,1.0,0.9079813381036123,209.1072540283203,235.4903564453125,384.25408935546875,411.26629638671875,39.68984736508417
805,26.833333333333332,frustrated,0.9126719832420349,frustrated,1.0,0.9079637289047241,209.1427764892578,235.43601989746094,384.56121826171875,410.679931640625,50.12493277722672
806,26.866666666666667,frustrated,0.8795269727706909,frustrated,1.0,0.9068412860234578,208.75059509277344,233.92434692382812,386.9366455078125,410.4796447753906,53.853909068731305
807,26.9,frustrated,0.8795269727706909,frustrated,1.0,0.9058210015296936,208.75059509277344,233.92434692382812,386.9366455078125,410.4796447753906,45.38798831295314
808,26.933333333333334,frustrated,0.898762047290802,frustrated,1.0,0.9054274559020996,209.0541229248047,234.28976440429688,386.24713134765625,409.8110656738281,55.39667696859233
809,26.966666666666665,frustrated,0.8870933055877686,frustrated,1.0,0.9045622487862904,208.91921997070312,234.28125,386.1894226074219,409.5623779296875,42.26765559496936
810,27.0,frustrated,0.6164311170578003,frustrated,1.0,0.8946749687194824,208.103759765625,232.71286010742188,387.498046875,409.1707458496094,56.00021362386178
811,27.033333333333335,frustrated,0.3466818928718567,frustrated,1.0,0.8760684192180633,207.2168426513672,232.32440185546875,388.82135009765625,408.824462890625,55.77086934553094
812,27.066666666666666,frustrated,0.8098281621932983,frustrated,1.0,0.872894819577535,207.84877014160156,232.430908203125,387.2332763671875,409.4556884765625,57.5231982445313
813,27.1,frustrated,0.8098281621932983,frustrated,1.0,0.8697212199370067,207.84877014160156,232.430908203125,387.2332763671875,409.4556884765625,48.33985270897922
814,27.133333333333333,frustrated,0.616070032119751,frustrated,1.0,0.8601461986700694,207.7130126953125,232.0223388671875,386.84521484375,409.61199951171875,49.506668869951135
815,27.166666666666668,frustrated,0.6542409658432007,frustrated,1.0,0.851859184106191,207.11895751953125,231.33303833007812,387.70892333984375,409.4098205566406,51.314631072831155
816,27.2,frustrated,0.6542409658432007,frustrated,1.0,0.8435721695423126,207.11895751953125,231.33303833007812,387.70892333984375,409.4098205566406,53.90166293983088
817,27.233333333333334,frustrated,0.634300172328949,frustrated,1.0,0.8347195903460185,207.31900024414062,231.40029907226562,388.0976867675781,407.3713073730469,49.34010916619612
818,27.266666666666666,frustrated,0.8829749226570129,frustrated,1.0,0.8341561694939931,208.81329345703125,233.436767578125,385.12359619140625,407.75537109375,51.216255159108115
819,27.3,frustrated,0.8829749226570129,frustrated,1.0,0.8332509477933248,208.81329345703125,233.436767578125,385.12359619140625,407.75537109375,49.85207107624651
820,27.333333333333332,frustrated,0.8876975774765015,frustrated,1.0,0.8325504660606384,212.87696838378906,233.38519287109375,386.720458984375,404.2650146484375,51.70556836252912
821,27.366666666666667,frustrated,0.8920503854751587,frustrated,1.0,0.8320117175579071,214.77276611328125,232.21702575683594,384.0770263671875,401.340087890625,47.02345396654559
822,27.4,frustrated,0.8920503854751587,frustrated,1.0,0.8314729690551758,214.77276611328125,232.21702575683594,384.0770263671875,401.340087890625,55.42815609678741
823,27.433333333333334,frustrated,0.8880912661552429,frustrated,1.0,0.8307718654473623,216.8472900390625,229.94247436523438,388.3231201171875,397.3628845214844,43.631128356097406
824,27.466666666666665,frustrated,0.8843691349029541,frustrated,1.0,0.8302468081315358,218.90411376953125,227.8382568359375,390.30291748046875,397.03253173828125,56.146393049810584
825,27.5,frustrated,0.8843691349029541,frustrated,1.0,0.8297217508157094,218.90411376953125,227.8382568359375,390.30291748046875,397.03253173828125,54.73877636249739
826,27.533333333333335,frustrated,0.8324565291404724,frustrated,1.0,0.8272292137145996,219.52903747558594,229.51316833496094,389.7069091796875,397.0269775390625,40.24201022767613
827,27.566666666666666,frustrated,0.896784782409668,frustrated,1.0,0.8267226934432983,219.0482177734375,232.08322143554688,386.8585205078125,396.2426452636719,41.466588893612396
828,27.6,frustrated,0.896784782409668,frustrated,1.0,0.826216173171997,219.0482177734375,232.08322143554688,386.8585205078125,396.2426452636719,52.499674560656885
829,27.633333333333333,frustrated,0.9121017456054688,frustrated,1.0,0.8261882026990255,215.022216796875,234.05615234375,381.90447998046875,396.7294921875,55.552223782151465
830,27.666666666666668,frustrated,0.9071964621543884,frustrated,1.0,0.8260989348093669,210.88746643066406,235.64505004882812,378.3760986328125,396.6484680175781,52.532551789784826
831,27.7,frustrated,0.9071964621543884,frustrated,1.0,0.8260096669197082,210.88746643066406,235.64505004882812,378.3760986328125,396.6484680175781,52.101213619368224
832,27.733333333333334,frustrated,0.9210628867149353,frustrated,1.0,0.8262680629889171,207.7169647216797,236.7164306640625,374.23126220703125,394.9478759765625,55.43181878254434
833,27.766666666666666,frustrated,0.9180968999862671,frustrated,1.0,0.8265266637007396,206.89468383789062,234.8726806640625,374.3415832519531,390.7489013671875,45.35216201896565
834,27.8,frustrated,0.9180968999862671,frustrated,1.0,0.8267852644125621,206.89468383789062,234.8726806640625,374.3415832519531,390.7489013671875,57.590333653714126
835,27.833333333333332,frustrated,0.914186954498291,frustrated,1.0,0.8268357634544372,208.41336059570312,232.26681518554688,375.5321960449219,387.4509582519531,53.793818135180196
836,27.866666666666667,frustrated,0.8848955631256104,frustrated,1.0,0.8270147164662679,210.54864501953125,230.3021240234375,376.6116943359375,386.0927734375,51.34792615444885
837,27.9,frustrated,0.8907920122146606,frustrated,1.0,0.8273902177810669,213.12973022460938,229.33233642578125,377.6302185058594,386.24334716796875,47.136544469668024
838,27.933333333333334,frustrated,0.8907920122146606,frustrated,1.0,0.8271245499451955,213.12973022460938,229.33233642578125,377.6302185058594,386.24334716796875,54.46228558814745
839,27.966666666666665,frustrated,0.8017166256904602,frustrated,1.0,0.8242786606152852,213.9475860595703,228.43719482421875,378.25152587890625,384.17913818359375,44.658262350936965
840,28.0,frustrated,0.8017166256904602,frustrated,1.0,0.830454844236374,213.9475860595703,228.43719482421875,378.25152587890625,384.17913818359375,57.17971998418606
841,28.033333333333335,frustrated,0.843273401260376,frustrated,1.0,0.8470078945159912,217.708984375,227.00296020507812,379.30523681640625,382.7420959472656,49.40578361505389
842,28.066666666666666,engaged,0.42309388518333435,frustrated,0.9666666666666667,0.8482899542512565,217.72952270507812,225.61032104492188,381.2381896972656,383.2241516113281,52.27458995961912
843,28.1,engaged,0.42309388518333435,frustrated,0.9333333333333333,0.8496635896818978,217.72952270507812,225.61032104492188,381.2381896972656,383.2241516113281,49.87281807372176
844,28.133333333333333,frustrated,0.7612870931625366,frustrated,0.9333333333333333,0.8548499132905688,216.26004028320312,227.55825805664062,380.2279968261719,382.7467346191406,49.81832003040669
845,28.166666666666668,frustrated,0.8908258080482483,frustrated,0.9333333333333333,0.863299371940749,208.91212463378906,229.65048217773438,376.3221435546875,384.4704284667969,44.88238756139581
846,28.2,frustrated,0.8908258080482483,frustrated,0.9333333333333333,0.8717488305909293,208.91212463378906,229.65048217773438,376.3221435546875,384.4704284667969,58.58457412632343
847,28.233333333333334,frustrated,0.8171980977058411,frustrated,0.9333333333333333,0.8782808993543897,204.95135498046875,233.61447143554688,371.1263427734375,384.4634094238281,48.65725455621165
848,28.266666666666666,frustrated,0.8302686214447021,frustrated,0.9333333333333333,0.8763985314539501,206.9615478515625,232.4104461669922,372.58428955078125,384.77764892578125,37.477585667694235
849,28.3,bored,0.7014279365539551,frustrated,0.9,0.8761549614093922,208.325927734375,231.99668884277344,370.4615478515625,383.579833984375,56.347031718097185
850,28.333333333333332,bored,0.7014279365539551,frustrated,0.8666666666666667,0.8757110146375803,208.325927734375,231.99668884277344,370.4615478515625,383.579833984375,51.522645472748046
851,28.366666666666667,bored,0.8649860620498657,frustrated,0.8333333333333334,0.8750574398040771,210.56838989257812,233.25393676757812,370.0193176269531,382.4671325683594,48.86871417253111
852,28.4,bored,0.8376936316490173,frustrated,0.8,0.8743494004011154,211.4647674560547,232.576171875,371.66094970703125,383.35821533203125,49.79820957898986
853,28.433333333333334,bored,0.8376936316490173,frustrated,0.7666666666666667,0.873751927977023,211.4647674560547,232.576171875,371.66094970703125,383.35821533203125,53.93909465020576
854,28.466666666666665,bored,0.7499390840530396,frustrated,0.7333333333333333,0.8732693276622079,211.16287231445312,232.4403076171875,370.5149841308594,381.1944580078125,54.7159256940096
855,28.5,bored,0.7499390840530396,frustrated,0.7,0.8727407654126486,211.16287231445312,232.4403076171875,370.5149841308594,381.1944580078125,51.02311323049973
856,28.533333333333335,frustrated,0.832838773727417,frustrated,0.7,0.8727589675358364,207.57315063476562,232.7857666015625,369.0342102050781,382.12945556640625,47.87471749800251
857,28.566666666666666,bored,0.5973975658416748,frustrated,0.6666666666666666,0.8715576767921448,204.9225311279297,232.09376525878906,370.39886474609375,390.0953369140625,46.07302605562634
858,28.6,bored,0.5973975658416748,frustrated,0.6333333333333333,0.8702299343912225,204.9225311279297,232.09376525878906,370.39886474609375,390.0953369140625,45.32961557998033
859,28.633333333333333,frustrated,0.8413496017456055,frustrated,0.6333333333333333,0.8665061373459665,216.18426513671875,234.70965576171875,373.8516845703125,386.0296630859375,54.938097608257145
860,28.666666666666668,frustrated,0.896258533000946,frustrated,0.6333333333333333,0.8659304568642064,221.2900390625,234.54843139648438,379.5299072265625,386.6637878417969,49.88705456967506
861,28.7,frustrated,0.8693366050720215,frustrated,0.6333333333333333,0.8639378328072397,223.00091552734375,233.08401489257812,383.95648193359375,388.5411071777344,50.5410902781125
862,28.733333333333334,frustrated,0.8693366050720215,frustrated,0.6333333333333333,0.8612153969312969,223.00091552734375,233.08401489257812,383.95648193359375,388.5411071777344,54.78310388965806
863,28.766666666666666,frustrated,0.9015834927558899,frustrated,0.6333333333333333,0.8603462702349612,224.38577270507812,234.34764099121094,386.2016296386719,389.21484375,54.87915423666719
864,28.8,frustrated,0.8976892232894897,frustrated,0.6333333333333333,0.8592721819877625,223.75448608398438,236.1938934326172,387.7862243652344,393.95831298828125,52.308490471914595
865,28.833333333333332,frustrated,0.8886404633522034,frustrated,0.6333333333333333,0.8579276298221788,221.48828125,235.189208984375,389.84033203125,395.191162109375,47.71405494568
866,28.866666666666667,frustrated,0.8780078291893005,frustrated,0.6333333333333333,0.8575651175097415,219.96934509277344,235.47634887695312,388.8824462890625,397.3705749511719,49.75390564761984
867,28.9,frustrated,0.8780078291893005,frustrated,0.6333333333333333,0.8568922657715646,219.96934509277344,235.47634887695312,388.8824462890625,397.3705749511719,47.0281991770101
868,28.933333333333334,frustrated,0.869278609752655,frustrated,0.6333333333333333,0.8557599814314591,218.882568359375,236.3701629638672,386.94720458984375,398.89276123046875,51.955356811059225
869,28.966666666666665,frustrated,0.9025247097015381,frustrated,0.6333333333333333,0.8610656700636211,217.00083923339844,235.896240234375,385.2437744140625,400.6943359375,47.50276343209205
870,29.0,frustrated,0.9087434411048889,frustrated,0.6333333333333333,0.866698660348591,216.296142578125,237.51531982421875,384.92266845703125,402.01812744140625,46.40127444906629
871,29.033333333333335,frustrated,0.9087434411048889,frustrated,0.6333333333333333,0.8701444519193549,216.296142578125,237.51531982421875,384.92266845703125,402.01812744140625,49.61442191677116
872,29.066666666666666,frustrated,0.9014903903007507,frustrated,0.6666666666666666,0.8717117488384247,217.98968505859375,240.17420959472656,384.55926513671875,404.4615478515625,56.94295256455511
873,29.1,frustrated,0.9150662422180176,frustrated,0.7,0.8737762485231672,217.55154418945312,242.9119873046875,385.7297668457031,405.1229248046875,49.8177283147055
874,29.133333333333333,frustrated,0.9150662422180176,frustrated,0.7,0.8810990651448568,217.55154418945312,242.9119873046875,385.7297668457031,405.1229248046875,51.47332637908818
875,29.166666666666668,frustrated,0.9122836589813232,frustrated,0.7,0.8821208675702413,217.3154754638672,242.4547882080078,383.79779052734375,407.95794677734375,51.1693933072259
876,29.2,frustrated,0.9146450757980347,frustrated,0.7,0.8832551184154692,216.9815673828125,242.84591674804688,384.227783203125,408.8719177246094,47.79397889651086
877,29.233333333333334,frustrated,0.9146450757980347,frustrated,0.7,0.8878954507055736,216.9815673828125,242.84591674804688,384.227783203125,408.8719177246094,55.939716453940434
878,29.266666666666666,frustrated,0.9115381836891174,frustrated,0.7,0.8917654298600697,217.7352752685547,241.6005096435547,385.25384521484375,408.89447021484375,55.16788551586258
879,29.3,frustrated,0.9115381836891174,frustrated,0.7333333333333333,0.8926641913977537,217.7352752685547,241.6005096435547,385.25384521484375,408.89447021484375,49.67435690937515
880,29.333333333333332,frustrated,0.9139984250068665,frustrated,0.7666666666666667,0.8935917667720629,218.58372497558594,243.1229705810547,386.428955078125,407.43707275390625,54.78095735649448
881,29.366666666666667,frustrated,0.902241051197052,frustrated,0.8,0.8939521536231041,221.2943115234375,240.8099365234375,388.60284423828125,407.82379150390625,50.9889981643346
882,29.4,frustrated,0.8460768461227417,frustrated,0.8333333333333334,0.8920371413230896,221.00192260742188,243.1988067626953,388.9990539550781,409.65789794921875,55.77680257453655
883,29.433333333333334,frustrated,0.8460768461227417,frustrated,0.8666666666666667,0.8902694376615378,221.00192260742188,243.1988067626953,388.9990539550781,409.65789794921875,53.09178364830825
884,29.466666666666665,frustrated,0.8862224817276001,frustrated,0.9,0.8901195504047252,220.7555694580078,242.81729125976562,388.02264404296875,409.9538269042969,44.93720603833421
885,29.5,frustrated,0.8948728442192078,frustrated,0.9333333333333333,0.8902893108980996,222.55458068847656,243.61956787109375,388.619384765625,408.99737548828125,55.450872554204125
886,29.533333333333335,frustrated,0.8948728442192078,frustrated,0.9333333333333333,0.8925048134156636,222.55458068847656,243.61956787109375,388.619384765625,408.99737548828125,50.04956863119459
887,29.566666666666666,frustrated,0.8880466818809509,frustrated,0.9666666666666667,0.8923510847420528,223.3805694580078,243.33514404296875,388.86370849609375,408.690673828125,55.043359580052496
888,29.6,frustrated,0.8853027820587158,frustrated,1.0,0.8921161413192749,223.39202880859375,241.45394897460938,390.02398681640625,408.7616271972656,55.71826719980871
889,29.633333333333333,frustrated,0.8098714351654053,frustrated,1.0,0.8910668690999349,222.83676147460938,240.5044708251953,391.7225646972656,409.21612548828125,49.307047551872095
890,29.666666666666668,frustrated,0.8436800837516785,frustrated,1.0,0.8893142541249593,223.2535400390625,240.8433074951172,391.027099609375,409.45355224609375,52.40652722592898
891,29.7,frustrated,0.8098242282867432,frustrated,1.0,0.8873305082321167,222.5975341796875,239.78591918945312,390.33001708984375,409.5138854980469,52.79971801908407
892,29.733333333333334,frustrated,0.8098242282867432,frustrated,1.0,0.8853467623392741,222.5975341796875,239.78591918945312,390.33001708984375,409.5138854980469,49.77338966155599
893,29.766666666666666,frustrated,0.5713380575180054,frustrated,1.0,0.8743385811646779,221.93362426757812,239.48724365234375,391.4728698730469,410.14642333984375,48.85106977719284
894,29.8,frustrated,0.8115695714950562,frustrated,1.0,0.8714679261048635,221.14442443847656,240.0955810546875,390.8756103515625,410.36077880859375,52.89360253225217
895,29.833333333333332,frustrated,0.8115695714950562,frustrated,1.0,0.8688988963762919,221.14442443847656,240.0955810546875,390.8756103515625,410.36077880859375,50.308908373415214
896,29.866666666666667,frustrated,0.5494662523269653,frustrated,1.0,0.8579475104808807,220.04556274414062,240.5917510986328,391.3434753417969,411.19659423828125,50.8147950715402
897,29.9,frustrated,0.5435779690742493,frustrated,1.0,0.8467998484770457,219.8761444091797,242.2329864501953,389.89727783203125,410.99468994140625,47.46191101253791
898,29.933333333333334,frustrated,0.5435779690742493,frustrated,1.0,0.8359431604544322,219.8761444091797,242.2329864501953,389.89727783203125,410.99468994140625,49.473967302838
899,29.966666666666665,frustrated,0.7481163740158081,frustrated,1.0,0.8307962159315745,219.7433319091797,243.10247802734375,391.19818115234375,411.71209716796875,50.80248543501169
900,30.0,frustrated,0.4545493423938751,frustrated,1.0,0.8156564126412074,219.06597900390625,242.68316650390625,392.32391357421875,412.14398193359375,53.64451890979319
901,30.033333333333335,frustrated,0.4545493423938751,frustrated,1.0,0.8005166093508402,219.06597900390625,242.68316650390625,392.32391357421875,412.14398193359375,56.735752837258374
902,30.066666666666666,frustrated,0.7140671014785767,frustrated,1.0,0.7942691663901011,219.14295959472656,243.10250854492188,391.5543212890625,412.4422302246094,49.747414365689345
903,30.1,frustrated,0.45712652802467346,frustrated,1.0,0.7790045092503229,219.20477294921875,242.68150329589844,391.69647216796875,411.8548583984375,47.24485796030548
904,30.133333333333333,frustrated,0.45712652802467346,frustrated,1.0,0.7637398521105448,219.20477294921875,242.68150329589844,391.69647216796875,411.8548583984375,49.70496776640121
905,30.166666666666668,frustrated,0.8368282914161682,frustrated,1.0,0.7612246731917064,220.48583984375,243.8240509033203,390.5416259765625,411.94866943359375,51.03242526372142
906,30.2,frustrated,0.7962296009063721,frustrated,1.0,0.7572774906953176,220.00469970703125,243.47105407714844,392.199462890625,412.308837890625,50.77050827351628
907,30.233333333333334,frustrated,0.7962296009063721,frustrated,1.0,0.7533303081989289,220.00469970703125,243.47105407714844,392.199462890625,412.308837890625,52.420281704223065
908,30.266666666666666,frustrated,0.7876154184341431,frustrated,1.0,0.7491995493570963,220.03836059570312,243.11895751953125,391.8359069824219,412.1256103515625,47.46889394402381
909,30.3,frustrated,0.8013925552368164,frustrated,1.0,0.7455280284086864,220.22776794433594,243.64430236816406,393.3619384765625,411.8956298828125,55.40619014279864
910,30.333333333333332,frustrated,0.8013925552368164,frustrated,1.0,0.7417744994163513,220.22776794433594,243.64430236816406,393.3619384765625,411.8956298828125,52.4806246168091
911,30.366666666666667,frustrated,0.9002798795700073,frustrated,1.0,0.7417091270287831,221.46151733398438,245.23443603515625,393.7312927246094,412.7667236328125,47.46728231592766
912,30.4,frustrated,0.8984763026237488,frustrated,1.0,0.7434557755788167,221.89840698242188,245.8199462890625,391.5165710449219,414.0926513671875,52.508876035954835
913,30.433333333333334,frustrated,0.8984763026237488,frustrated,1.0,0.7452024241288503,221.89840698242188,245.8199462890625,391.5165710449219,414.0926513671875,51.146306367826746
914,30.466666666666665,frustrated,0.8970469236373901,frustrated,1.0,0.7455632388591766,222.1854248046875,247.10076904296875,392.4559326171875,414.96539306640625,51.785366817295106
915,30.5,frustrated,0.8712002635002136,frustrated,1.0,0.7447741528352102,222.28993225097656,248.12525939941406,393.4444580078125,416.211669921875,53.85805822001361
916,30.533333333333335,frustrated,0.8712002635002136,frustrated,1.0,0.7439850668112437,222.28993225097656,248.12525939941406,393.4444580078125,416.211669921875,45.35755688208322
917,30.566666666666666,frustrated,0.8339781761169434,frustrated,1.0,0.7421827832857768,221.39544677734375,247.88076782226562,393.281005859375,416.9120178222656,49.698489246993304
918,30.6,frustrated,0.8730846643447876,frustrated,1.0,0.7417755126953125,221.22561645507812,249.28192138671875,391.3357849121094,416.4827880859375,49.66494576801023
919,30.633333333333333,frustrated,0.8730846643447876,frustrated,1.0,0.7438826203346253,221.22561645507812,249.28192138671875,391.3357849121094,416.4827880859375,49.78284195033946
920,30.666666666666668,frustrated,0.8676779270172119,frustrated,1.0,0.7446825484434764,219.9439697265625,248.95010375976562,392.68475341796875,416.9649353027344,51.06535502094088
921,30.7,frustrated,0.8540999293327332,frustrated,1.0,0.7461584051450093,220.050048828125,249.23031616210938,391.9677734375,416.2961730957031,53.931465456275475
922,30.733333333333334,frustrated,0.8540999293327332,frustrated,1.0,0.7476342618465424,220.050048828125,249.23031616210938,391.9677734375,416.2961730957031,46.927700328940006
923,30.766666666666666,frustrated,0.7033063769340515,frustrated,1.0,0.7520332058270772,219.26593017578125,248.43780517578125,392.6240234375,416.64874267578125,53.99047447416523
924,30.8,frustrated,0.6398524045944214,frustrated,1.0,0.7463093002637228,219.25677490234375,248.7805938720703,392.54803466796875,416.72918701171875,55.69828959949007
925,30.833333333333332,frustrated,0.6398524045944214,frustrated,1.0,0.7405853947003682,219.25677490234375,248.7805938720703,392.54803466796875,416.72918701171875,52.52005359311804
926,30.866666666666667,frustrated,0.7254262566566467,frustrated,1.0,0.7464507281780243,219.3252410888672,249.2321319580078,390.99957275390625,416.81109619140625,46.40743527329055
927,30.9,frustrated,0.8517987132072449,frustrated,1.0,0.7567247529824574,219.54055786132812,249.5006866455078,391.6330871582031,416.18853759765625,50.89495334360704
928,30.933333333333334,frustrated,0.8507486581802368,frustrated,1.0,0.7669637759526571,219.2366485595703,249.20846557617188,390.89715576171875,415.1812438964844,48.25420784390423
929,30.966666666666665,frustrated,0.8507486581802368,frustrated,1.0,0.7703848520914713,219.2366485595703,249.20846557617188,390.89715576171875,415.1812438964844,48.60650589285093
930,31.0,frustrated,0.6207506060600281,frustrated,1.0,0.7759248942136765,219.07156372070312,248.82630920410156,389.8406677246094,415.585205078125,46.782711505214436
931,31.033333333333335,frustrated,0.6207506060600281,frustrated,1.0,0.7814649363358815,219.07156372070312,248.82630920410156,389.8406677246094,415.585205078125,51.021871882830936
932,31.066666666666666,frustrated,0.4933236241340637,frustrated,1.0,0.7741068204243978,218.7763671875,247.5130615234375,390.34637451171875,415.8292236328125,52.84695150377361
933,31.1,frustrated,0.39918622374534607,frustrated,1.0,0.7721754769484203,218.5921630859375,248.7244873046875,390.05609130859375,415.9259033203125,45.50716083673292
934,31.133333333333333,frustrated,0.39918622374534607,frustrated,1.0,0.7702441334724426,218.5921630859375,248.7244873046875,390.05609130859375,415.9259033203125,50.50822475373907
935,31.166666666666668,frustrated,0.5844696760177612,frustrated,1.0,0.761832179625829,219.1053009033203,248.03665161132812,388.91705322265625,415.6775207519531,49.84140791177973
936,31.2,frustrated,0.6004452705383301,frustrated,1.0,0.7553060352802277,219.01373291015625,248.469970703125,388.6126708984375,415.57470703125,54.57780091086532
937,31.233333333333334,frustrated,0.6004452705383301,frustrated,1.0,0.7487798909346263,219.01373291015625,248.469970703125,388.6126708984375,415.57470703125,48.78572591713774
938,31.266666666666666,frustrated,0.5640856027603149,frustrated,1.0,0.741328897078832,219.0300750732422,248.79241943359375,388.44110107421875,415.294921875,55.28131590046394
939,31.3,frustrated,0.8104143738746643,frustrated,1.0,0.7416296243667603,219.55596923828125,249.4589080810547,388.63555908203125,414.63934326171875,49.7356163733814
940,31.333333333333332,frustrated,0.7915708422660828,frustrated,1.0,0.7413022339344024,219.8483428955078,249.2373504638672,389.33551025390625,414.82366943359375,43.35646061608435
941,31.366666666666667,frustrated,0.7915708422660828,frustrated,1.0,0.7376785993576049,219.8483428955078,249.2373504638672,389.33551025390625,414.82366943359375,59.35307852321451
942,31.4,frustrated,0.8723179697990417,frustrated,1.0,0.7368066549301148,220.84400939941406,249.25225830078125,388.5860595703125,413.87286376953125,55.20419068677775
943,31.433333333333334,frustrated,0.8723179697990417,frustrated,1.0,0.7359347105026245,220.84400939941406,249.25225830078125,388.5860595703125,413.87286376953125,49.76098897839576
944,31.466666666666665,frustrated,0.8546942472457886,frustrated,1.0,0.7345229546229045,220.21066284179688,248.03529357910156,388.7284851074219,413.5084228515625,55.21073069278258
945,31.5,frustrated,0.8508163094520569,frustrated,1.0,0.7338434894879658,219.8399658203125,247.3225555419922,387.56805419921875,414.07196044921875,58.306049822064054
946,31.533333333333335,frustrated,0.8508163094520569,frustrated,1.0,0.7331640243530273,219.8399658203125,247.3225555419922,387.56805419921875,414.07196044921875,45.34039586193477
947,31.566666666666666,frustrated,0.8251219987869263,frustrated,1.0,0.7328688184420268,219.76443481445312,246.99237060546875,387.0853576660156,413.53192138671875,60.230104253424855
948,31.6,frustrated,0.6879052519798279,frustrated,1.0,0.7266961713631948,219.55906677246094,246.60716247558594,387.4349365234375,413.5009765625,58.627156076151074
949,31.633333333333333,frustrated,0.6879052519798279,frustrated,1.0,0.7205235242843628,219.55906677246094,246.60716247558594,387.4349365234375,413.5009765625,49.969072410588765
950,31.666666666666668,frustrated,0.7367797493934631,frustrated,1.0,0.7161602516969044,219.69418334960938,246.3836212158203,388.3437805175781,413.07135009765625,52.511505621353635
951,31.7,frustrated,0.5834353566169739,frustrated,1.0,0.7071380992730458,219.43722534179688,245.75277709960938,388.9403991699219,412.8045349121094,55.46187107438016
952,31.733333333333334,frustrated,0.846668004989624,frustrated,1.0,0.7068903684616089,220.16403198242188,246.43658447265625,388.7920837402344,412.05010986328125,46.75767811555912
953,31.766666666666666,frustrated,0.846668004989624,frustrated,1.0,0.7116690893967946,220.16403198242188,246.43658447265625,388.7920837402344,412.05010986328125,52.98380536115813
954,31.8,frustrated,0.8715341091156006,frustrated,1.0,0.719391812880834,219.77548217773438,246.3163604736328,388.3470764160156,411.89068603515625,55.33966645556259
955,31.833333333333332,frustrated,0.9007810354232788,frustrated,1.0,0.7280894339084625,220.04148864746094,246.84173583984375,385.531494140625,411.29559326171875,49.785796526879295
956,31.866666666666667,frustrated,0.9007810354232788,frustrated,1.0,0.7339345932006835,220.04148864746094,246.84173583984375,385.531494140625,411.29559326171875,48.69736444908859
957,31.9,frustrated,0.8772879242897034,frustrated,1.0,0.7347842335700989,219.55076599121094,246.0709228515625,387.0565185546875,411.49676513671875,51.4726946960214
958,31.933333333333334,frustrated,0.8772879242897034,frustrated,1.0,0.7356688757737477,219.55076599121094,246.0709228515625,387.0565185546875,411.49676513671875,49.8751902587519
959,31.966666666666665,frustrated,0.8862385749816895,frustrated,1.0,0.7368518730004628,219.5798797607422,245.8209228515625,387.13824462890625,411.76031494140625,52.365307065183465
960,32.0,frustrated,0.8947186470031738,frustrated,1.0,0.745984141031901,219.98690795898438,245.4105224609375,389.4712219238281,411.59466552734375,53.90374111629461
961,32.03333333333333,frustrated,0.8947186470031738,frustrated,1.0,0.7551164090633392,219.98690795898438,245.4105224609375,389.4712219238281,411.59466552734375,42.465793923194525
962,32.06666666666667,frustrated,0.8851052522659302,frustrated,1.0,0.7681757966677348,219.86529541015625,245.3609161376953,389.65338134765625,411.35198974609375,57.373695369673754
963,32.1,frustrated,0.8891627192497253,frustrated,1.0,0.7845083465178807,219.52247619628906,245.55361938476562,388.497802734375,411.6427917480469,53.07028709526401
964,32.13333333333333,frustrated,0.8217903971672058,frustrated,1.0,0.7985951522986094,219.29513549804688,245.01910400390625,390.0292053222656,411.5850830078125,48.207066179343954
965,32.166666666666664,frustrated,0.8217903971672058,frustrated,1.0,0.8065058430035908,219.29513549804688,245.01910400390625,390.0292053222656,411.5850830078125,52.53057799486505
966,32.2,frustrated,0.875916600227356,frustrated,1.0,0.8156882206598918,219.84707641601562,245.43994140625,387.6275329589844,411.820556640625,46.20040755631437
967,32.233333333333334,frustrated,0.7574462294578552,frustrated,1.0,0.8209215859572093,219.31826782226562,244.9354248046875,388.8465881347656,412.23284912109375,51.653990147783254
968,32.266666666666666,frustrated,0.7574462294578552,frustrated,1.0,0.8273669401804606,219.31826782226562,244.9354248046875,388.8465881347656,412.23284912109375,55.5183988987134
969,32.3,frustrated,0.5526993274688721,frustrated,1.0,0.8187764386336008,218.9215545654297,244.914306640625,388.83294677734375,412.52740478515625,52.33851605979685
970,32.333333333333336,frustrated,0.5526993274688721,frustrated,1.0,0.8108140548070272,218.9215545654297,244.914306640625,388.83294677734375,412.52740478515625,56.31374444489199
971,32.36666666666667,frustrated,0.6641490459442139,frustrated,1.0,0.8065666615962982,218.96800231933594,245.2686767578125,389.4569091796875,412.56256103515625,48.85619103086779
972,32.4,frustrated,0.7441244721412659,frustrated,1.0,0.8022935450077057,219.07151794433594,245.14566040039062,388.43701171875,412.5196838378906,46.42233068809421
973,32.43333333333333,frustrated,0.7441244721412659,frustrated,1.0,0.7980204284191131,219.07151794433594,245.14566040039062,388.43701171875,412.5196838378906,55.32287805843171
974,32.46666666666667,frustrated,0.7367972731590271,frustrated,1.0,0.7940905292828878,219.06439208984375,245.62408447265625,388.47393798828125,412.8096923828125,55.65173086364059
975,32.5,frustrated,0.7367419004440308,frustrated,1.0,0.7902880489826203,219.13592529296875,245.05633544921875,388.62982177734375,412.57659912109375,46.92507523802065
976,32.53333333333333,frustrated,0.46031200885772705,frustrated,1.0,0.7772712389628093,219.36729431152344,245.1107635498047,390.1802978515625,411.26324462890625,57.708396967570614
977,32.56666666666667,frustrated,0.46031200885772705,frustrated,1.0,0.7651109059651693,219.36729431152344,245.1107635498047,390.1802978515625,411.26324462890625,51.03801411535653
978,32.6,frustrated,0.32755476236343384,frustrated,1.0,0.7530992229779562,218.49050903320312,245.6894989013672,388.8882141113281,412.69415283203125,46.79784883850668
979,32.63333333333333,frustrated,0.6517269015312195,frustrated,1.0,0.7518932779630025,218.95797729492188,245.24673461914062,389.4897155761719,412.6717834472656,56.78952570507873
980,32.666666666666664,frustrated,0.6517269015312195,frustrated,1.0,0.7490581830342611,218.95797729492188,245.24673461914062,389.4897155761719,412.6717834472656,47.50760587628983
981,32.7,frustrated,0.5100294947624207,frustrated,1.0,0.7466113209724426,219.36672973632812,245.77955627441406,389.9761047363281,412.6009521484375,56.60100130898884
982,32.733333333333334,frustrated,0.47405490279197693,frustrated,1.0,0.7341908842325211,218.92654418945312,245.5175323486328,389.1759338378906,413.32318115234375,51.4373451718133
983,32.766666666666666,frustrated,0.47405490279197693,frustrated,1.0,0.7217704474925994,218.92654418945312,245.5175323486328,389.1759338378906,413.32318115234375,43.295147455020285
984,32.8,frustrated,0.5754979848861694,frustrated,1.0,0.7119025766849518,219.27369689941406,245.1709747314453,389.313232421875,413.13775634765625,45.359518968724316
985,32.833333333333336,frustrated,0.5754979848861694,frustrated,1.0,0.7010598083337148,219.27369689941406,245.1709747314453,389.313232421875,413.13775634765625,44.282016089866765
986,32.86666666666667,frustrated,0.4257679581642151,frustrated,1.0,0.6852260390917461,219.87899780273438,245.05052185058594,390.9775085449219,413.1875,46.661964466496826
987,32.9,frustrated,0.3967651426792145,frustrated,1.0,0.669208613038063,220.0578155517578,245.03955078125,391.67889404296875,413.37469482421875,55.20927722420397
988,32.93333333333333,frustrated,0.716417670249939,frustrated,1.0,0.6638462712367376,219.8502960205078,245.27691650390625,390.51702880859375,413.52398681640625,58.148424394504445
989,32.96666666666667,frustrated,0.716417670249939,frustrated,1.0,0.6581855744123459,219.8502960205078,245.27691650390625,390.51702880859375,413.52398681640625,51.325933993318564
990,33.0,frustrated,0.6159051060676575,frustrated,1.0,0.6488917897144953,219.41221618652344,245.165771484375,390.77490234375,413.7591552734375,48.099264916686735
991,33.03333333333333,frustrated,0.6744503378868103,frustrated,1.0,0.6415495127439499,219.39776611328125,244.82518005371094,390.61431884765625,413.8206787109375,55.43841283688224
992,33.06666666666667,frustrated,0.6744503378868103,frustrated,1.0,0.6345276822646458,219.39776611328125,244.82518005371094,390.61431884765625,413.8206787109375,47.08468792096991
993,33.1,frustrated,0.545205295085907,frustrated,1.0,0.6230624347925187,219.1976318359375,244.78125,390.58489990234375,413.95263671875,57.343104013999785
994,33.13333333333333,frustrated,0.545205295085907,frustrated,1.0,0.6138429313898086,219.1976318359375,244.78125,390.58489990234375,413.95263671875,49.91733412674799
995,33.166666666666664,frustrated,0.44415032863616943,frustrated,1.0,0.6012549291054408,219.493896484375,245.0612335205078,391.1966552734375,413.67681884765625,54.811024136534115
996,33.2,frustrated,0.6358365416526794,frustrated,1.0,0.5932522604862849,219.6669464111328,244.99676513671875,389.86224365234375,413.793212890625,52.079218247513566
997,33.233333333333334,frustrated,0.4729662537574768,frustrated,1.0,0.5837695946296056,219.29444885253906,246.0838623046875,390.5853271484375,413.97930908203125,53.215727571463006
998,33.266666666666666,frustrated,0.4729662537574768,frustrated,1.0,0.5742869287729263,219.29444885253906,246.0838623046875,390.5853271484375,413.97930908203125,55.24563691205332
999,33.3,frustrated,0.39697277545928955,frustrated,1.0,0.5690960437059402,219.0699462890625,245.79136657714844,390.52734375,414.1177978515625,52.54044845296254
1000,33.333333333333336,frustrated,0.7315912842750549,frustrated,1.0,0.575059108932813,219.65823364257812,245.06976318359375,389.4159851074219,413.3297119140625,57.874022049590884
1001,33.36666666666667,frustrated,0.7315912842750549,frustrated,1.0,0.577307183543841,219.65823364257812,245.06976318359375,389.4159851074219,413.3297119140625,56.232959725425005
1002,33.4,frustrated,0.7102698087692261,frustrated,1.0,0.576178694764773,219.93740844726562,245.50146484375,389.4024353027344,413.332275390625,50.52404355786836
1003,33.43333333333333,frustrated,0.428333580493927,frustrated,1.0,0.5656523317098617,219.35723876953125,245.36724853515625,390.73663330078125,413.73883056640625,47.951343317708925
1004,33.46666666666667,frustrated,0.428333580493927,frustrated,1.0,0.555370208621025,219.35723876953125,245.36724853515625,390.73663330078125,413.73883056640625,50.21494845977947
1005,33.5,frustrated,0.5267863869667053,frustrated,1.0,0.5483716915051142,219.35426330566406,245.89541625976562,389.9466552734375,413.5531921386719,53.079017970134146
1006,33.53333333333333,frustrated,0.45165470242500305,frustrated,1.0,0.5480831146240235,219.82261657714844,245.66465759277344,390.780517578125,413.81298828125,58.14358789525486
1007,33.56666666666667,frustrated,0.45165470242500305,frustrated,1.0,0.5477945377429326,219.82261657714844,245.66465759277344,390.780517578125,413.81298828125,45.012438157993586
1008,33.6,frustrated,0.5220939517021179,frustrated,1.0,0.5542791773875554,219.70501708984375,245.39358520507812,390.39093017578125,413.7178649902344,59.54012350060331
1009,33.63333333333333,confused,0.7473662495613098,frustrated,0.9666666666666667,0.5509189110377739,220.04022216796875,243.9341278076172,391.10015869140625,412.05718994140625,45.343827027027025
1010,33.666666666666664,confused,0.7473662495613098,frustrated,0.9333333333333333,0.547318625663008,220.04022216796875,243.9341278076172,391.10015869140625,412.05718994140625,55.18457996184461
1011,33.7,frustrated,0.5401325225830078,frustrated,0.9333333333333333,0.5483937337994576,219.18194580078125,245.35845947265625,389.805419921875,413.7457275390625,56.61628173805057
1012,33.733333333333334,frustrated,0.6059033274650574,frustrated,0.9333333333333333,0.5531026061092105,219.2410430908203,244.566650390625,389.49102783203125,413.46240234375,54.53593207556983
1013,33.766666666666666,frustrated,0.6059033274650574,frustrated,0.9333333333333333,0.5578114784189633,219.2410430908203,244.566650390625,389.49102783203125,413.46240234375,49.25551354017427
1014,33.8,frustrated,0.8124433755874634,frustrated,0.9333333333333333,0.5662738138011524,219.88438415527344,244.9180908203125,388.6712646484375,412.99163818359375,57.599033219352094
1015,33.833333333333336,frustrated,0.8456681966781616,frustrated,0.9333333333333333,0.5759227499365807,219.82528686523438,245.2255859375,388.7607727050781,412.7529296875,49.81122036957864
1016,33.86666666666667,frustrated,0.8456681966781616,frustrated,0.9333333333333333,0.5909191870263645,219.82528686523438,245.2255859375,388.7607727050781,412.7529296875,58.894702107642836
1017,33.9,frustrated,0.7233092784881592,frustrated,0.9333333333333333,0.6025814775909696,219.185302734375,244.74525451660156,388.11700439453125,413.001220703125,56.465367994507346
1018,33.93333333333333,frustrated,0.5341433882713318,frustrated,0.9333333333333333,0.5960716818060193,218.92776489257812,244.47894287109375,389.4461975097656,413.07696533203125,47.45439322969701
1019,33.96666666666667,frustrated,0.757554292678833,frustrated,0.9333333333333333,0.5975408468927655,220.01043701171875,245.0986328125,387.96435546875,412.3271484375,51.55050821626538
1020,34.0,frustrated,0.757554292678833,frustrated,0.9333333333333333,0.6025997464145932,220.01043701171875,245.0986328125,387.96435546875,412.3271484375,50.94440733138186
1021,34.03333333333333,frustrated,0.885029137134552,frustrated,0.9333333333333333,0.6101204178162983,221.6741180419922,244.996337890625,389.55157470703125,411.798828125,47.27361255128263
1022,34.06666666666667,frustrated,0.885029137134552,frustrated,0.9333333333333333,0.6176410892180034,221.6741180419922,244.996337890625,389.55157470703125,411.798828125,43.47645455205083
1023,34.1,frustrated,0.9074132442474365,frustrated,0.9333333333333333,0.6305770874023438,225.3746795654297,244.7052001953125,389.40386962890625,407.00250244140625,58.689502700584896
1024,34.13333333333333,frustrated,0.9081524014472961,frustrated,0.9333333333333333,0.6435394840581077,228.71038818359375,241.1163330078125,389.28277587890625,401.60296630859375,51.07530443253775
1025,34.166666666666664,frustrated,0.9081524014472961,frustrated,0.9333333333333333,0.660110986658505,228.71038818359375,241.1163330078125,389.28277587890625,401.60296630859375,50.64972829368434
1026,34.2,frustrated,0.8793816566467285,frustrated,0.9333333333333333,0.6688090264797211,232.822998046875,232.63311767578125,395.21453857421875,390.35760498046875,49.691423697086734
1027,34.233333333333334,frustrated,0.8505650758743286,frustrated,0.9333333333333333,0.68229469869818,237.80447387695312,223.60894775390625,398.0375061035156,381.7880859375,47.480178405669136
1028,34.266666666666666,frustrated,0.8505650758743286,frustrated,0.9333333333333333,0.695780370916639,237.80447387695312,223.60894775390625,398.0375061035156,381.7880859375,57.18205862304022
1029,34.3,frustrated,0.7396451830863953,frustrated,0.9333333333333333,0.7080186711890357,246.02687072753906,217.00726318359375,399.944580078125,370.68280029296875,43.37125544169502
1030,34.333333333333336,bored,0.845806896686554,frustrated,0.9,0.707145611445109,250.9980926513672,208.09344482421875,409.04083251953125,361.94512939453125,55.27694456891326
1031,34.36666666666667,bored,0.5457602739334106,frustrated,0.8666666666666667,0.706205393259342,257.871337890625,205.22145080566406,409.1754150390625,354.048095703125,47.69723435225619
1032,34.4,bored,0.5457602739334106,frustrated,0.8333333333333334,0.7060428166389465,257.871337890625,205.22145080566406,409.1754150390625,354.048095703125,55.4391456064291
1033,34.43333333333333,engaged,0.8391274809837341,frustrated,0.8,0.7176140348116556,263.7886962890625,202.93661499023438,410.0023193359375,347.2234191894531,55.40619014279864
1034,34.46666666666667,engaged,0.8786388635635376,frustrated,0.7666666666666667,0.7301914458689482,277.29071044921875,201.07345581054688,416.17840576171875,340.1506652832031,47.4468778280543
1035,34.5,engaged,0.8748197555541992,frustrated,0.7333333333333333,0.7394371303645048,282.58135986328125,202.33419799804688,419.957275390625,339.0132751464844,53.10858995137763
1036,34.53333333333333,engaged,0.6664618253707886,frustrated,0.7,0.753141055504481,285.4885559082031,202.5485076904297,422.5166320800781,337.84210205078125,52.06952030986195
1037,34.56666666666667,engaged,0.6664618253707886,frustrated,0.6666666666666666,0.7682153731584549,285.4885559082031,202.5485076904297,422.5166320800781,337.84210205078125,52.490476309663855
1038,34.6,engaged,0.849489688873291,frustrated,0.6333333333333333,0.7811691321824726,288.91033935546875,202.41387939453125,424.52313232421875,336.8994140625,50.92523251013817
1039,34.63333333333333,engaged,0.8565952181816101,frustrated,0.6333333333333333,0.7811691321824726,293.08624267578125,204.10877990722656,426.36920166015625,335.8514404296875,55.20491727759717
1040,34.666666666666664,bored,0.45784395933151245,frustrated,0.6333333333333333,0.7811691321824726,296.198486328125,203.35858154296875,428.787353515625,334.67572021484375,55.42083217716468
1041,34.7,bored,0.45784395933151245,frustrated,0.6,0.7945600549379984,296.198486328125,203.35858154296875,428.787353515625,334.67572021484375,53.86082467607515
1042,34.733333333333334,engaged,0.8875840306282043,frustrated,0.5666666666666667,0.8056575094952303,294.548095703125,201.21400451660156,428.123779296875,334.1148681640625,49.88586788458336
1043,34.766666666666666,engaged,0.8930973410606384,frustrated,0.5333333333333333,0.8181421458721161,295.02099609375,201.42730712890625,426.53228759765625,331.410400390625,55.471406655028304
1044,34.8,engaged,0.8930973410606384,frustrated,0.5,0.8185220638910929,295.02099609375,201.42730712890625,426.53228759765625,331.410400390625,47.851231560813666
1045,34.833333333333336,engaged,0.5572759509086609,frustrated,0.4666666666666667,0.8165830544063023,294.81732177734375,202.10948181152344,423.20904541015625,329.5074462890625,54.41847551086604
1046,34.86666666666667,engaged,0.5572759509086609,frustrated,0.43333333333333335,0.8143457357700055,294.81732177734375,202.10948181152344,423.20904541015625,329.5074462890625,48.3699560619515
1047,34.9,bored,0.8341906666755676,frustrated,0.4,0.8219321072101593,291.8550109863281,201.3825225830078,420.1824645996094,327.78021240234375,53.73523797322401
1048,34.93333333333333,bored,0.7798376679420471,engaged,0.4,0.784993772705396,290.15716552734375,201.90557861328125,417.07513427734375,326.98529052734375,46.62772781341367
1049,34.96666666666667,bored,0.7798376679420471,engaged,0.4,0.784993772705396,290.15716552734375,201.90557861328125,417.07513427734375,326.98529052734375,52.378385803663974
1050,35.0,engaged,0.5080306529998779,engaged,0.43333333333333335,0.7636889173434331,287.9818115234375,202.8236083984375,414.919189453125,327.78533935546875,52.488505675205545
1051,35.03333333333333,engaged,0.708864688873291,engaged,0.4666666666666667,0.7597729010241372,287.24029541015625,202.91944885253906,416.49810791015625,327.3616943359375,51.117632720713694
1052,35.06666666666667,engaged,0.878969132900238,engaged,0.5,0.767719316482544,287.1580505371094,202.74658203125,415.8827819824219,327.79119873046875,48.510935566324704
1053,35.1,engaged,0.878969132900238,engaged,0.5333333333333333,0.7746724300086498,287.1580505371094,202.74658203125,415.8827819824219,327.79119873046875,56.438015528075674
1054,35.13333333333333,engaged,0.9318256974220276,engaged,0.5666666666666667,0.7839167398564956,287.3228759765625,203.25,416.30712890625,327.806884765625,56.56131076798597
1055,35.166666666666664,engaged,0.9358962178230286,engaged,0.6,0.7923600441879697,288.1206359863281,204.5689697265625,416.3412170410156,327.88385009765625,52.023020440563606
1056,35.2,engaged,0.9358962178230286,engaged,0.6333333333333333,0.7999145796424464,288.1206359863281,204.5689697265625,416.3412170410156,327.88385009765625,50.3312453500372
1057,35.233333333333334,engaged,0.9317280054092407,engaged,0.6666666666666666,0.8065052509307862,288.5276794433594,206.47097778320312,417.8667907714844,328.9829406738281,49.8722250627222
1058,35.266666666666666,engaged,0.92760169506073,engaged,0.7,0.8122717482703072,289.0068359375,207.0433349609375,418.354248046875,330.92864990234375,56.85418784650211
1059,35.3,engaged,0.92760169506073,engaged,0.7333333333333333,0.8175140185789629,289.0068359375,207.0433349609375,418.354248046875,330.92864990234375,54.83467119884952
1060,35.333333333333336,engaged,0.9313822388648987,engaged,0.7666666666666667,0.8224648107653079,288.56475830078125,207.31097412109375,419.12445068359375,333.523681640625,56.041366594070254
1061,35.36666666666667,engaged,0.9313822388648987,engaged,0.8,0.8270030369361242,288.56475830078125,207.31097412109375,419.12445068359375,333.523681640625,46.71445436927806
1062,35.4,engaged,0.9290347695350647,engaged,0.8333333333333334,0.8310843062400818,288.96795654296875,208.0711212158203,419.1300048828125,334.33123779296875,51.17626101173772
1063,35.43333333333333,engaged,0.9311212301254272,engaged,0.8333333333333334,0.8347640562057496,288.6109619140625,207.9991455078125,419.4180908203125,334.3114013671875,56.96305953933073
1064,35.46666666666667,engaged,0.9320031404495239,engaged,0.8333333333333334,0.8368986272811889,287.7454833984375,208.99591064453125,417.2684326171875,333.8662109375,52.755222941953335
1065,35.5,engaged,0.9320031404495239,engaged,0.8333333333333334,0.839185962677002,287.7454833984375,208.99591064453125,417.2684326171875,333.8662109375,52.43142157107855
1066,35.53333333333333,engaged,0.9243106245994568,engaged,0.8333333333333334,0.8494999146461487,286.92138671875,206.3687286376953,417.8521728515625,334.03997802734375,50.264293846246034
1067,35.56666666666667,engaged,0.9359937310218811,engaged,0.8333333333333334,0.8602811908721923,285.1058044433594,205.44024658203125,418.3003234863281,333.90301513671875,51.835285975579616
1068,35.6,engaged,0.9359937310218811,engaged,0.8333333333333334,0.863741352558136,285.1058044433594,205.44024658203125,418.3003234863281,333.90301513671875,53.01126123279534
1069,35.63333333333333,engaged,0.9424319267272949,engaged,0.8333333333333334,0.8671748208999633,283.41815185546875,204.24307250976562,416.91064453125,332.5929260253906,48.90119037903254
1070,35.666666666666664,engaged,0.9346694946289062,engaged,0.8666666666666667,0.869770769889538,283.25714111328125,202.82164001464844,417.60198974609375,331.65771484375,53.64040259358254
1071,35.7,engaged,0.9346694946289062,engaged,0.9,0.8721744263613666,283.25714111328125,202.82164001464844,417.60198974609375,331.65771484375,47.48125339612389
1072,35.733333333333334,engaged,0.9407021403312683,engaged,0.9,0.8741417637577763,281.83770751953125,202.52073669433594,416.49114990234375,331.3035888671875,52.045614165705
1073,35.766666666666666,engaged,0.9407021403312683,engaged,0.9,0.8759049044715034,281.83770751953125,202.52073669433594,416.49114990234375,331.3035888671875,50.46568485898546
1074,35.8,engaged,0.9331254363059998,engaged,0.9,0.8773874265176279,280.8427734375,202.491455078125,414.0240478515625,331.23114013671875,46.13028606623187
1075,35.833333333333336,engaged,0.9415739178657532,engaged,0.9,0.8916206845530757,279.83673095703125,202.7661895751953,413.44329833984375,331.46649169921875,52.54637250848774
1076,35.86666666666667,engaged,0.9306087493896484,engaged,0.9,0.9054478252375567,279.217529296875,202.82281494140625,411.4813232421875,331.08233642578125,58.227534602196215
1077,35.9,engaged,0.9306087493896484,engaged,0.9333333333333333,0.90634642967156,279.217529296875,202.82281494140625,411.4813232421875,331.08233642578125,42.77545026210048
1078,35.93333333333333,engaged,0.9276708960533142,engaged,0.9666666666666667,0.907081756098517,279.20758056640625,203.64279174804688,409.0556640625,330.9450378417969,58.231576609096464
1079,35.96666666666667,engaged,0.939841091632843,engaged,1.0,0.9081737339496613,277.199462890625,202.58944702148438,408.1666259765625,330.4129333496094,56.95223094261738
1080,36.0,engaged,0.939841091632843,engaged,1.0,0.9225674152374268,277.199462890625,202.58944702148438,408.1666259765625,330.4129333496094,51.09397003289073
1081,36.03333333333333,engaged,0.940733790397644,engaged,1.0,0.9302963852882385,276.9147644042969,202.1692352294922,406.9781188964844,330.09149169921875,51.08028059236165
1082,36.06666666666667,engaged,0.9397882223129272,engaged,1.0,0.9323236882686615,275.61968994140625,202.4373779296875,406.19354248046875,329.3389892578125,52.967746823933524
1083,36.1,engaged,0.9397882223129272,engaged,1.0,0.9343509912490845,275.61968994140625,202.4373779296875,406.19354248046875,329.3389892578125,47.51029654969303
1084,36.13333333333333,engaged,0.9384623169898987,engaged,1.0,0.9345722119013469,275.630859375,201.2259521484375,406.451904296875,328.7073974609375,54.52317131826277
1085,36.166666666666664,engaged,0.9089601635932922,engaged,1.0,0.9336743434270223,274.7789306640625,201.93394470214844,405.99591064453125,328.42578125,56.838778745951515
1086,36.2,engaged,0.9089601635932922,engaged,1.0,0.9327764749526978,274.7789306640625,201.93394470214844,405.99591064453125,328.42578125,54.70950238048653
1087,36.233333333333334,engaged,0.9063467383384705,engaged,1.0,0.9319304327170054,272.9564208984375,201.89486694335938,405.244873046875,329.0658264160156,52.547030819343526
1088,36.266666666666666,engaged,0.927255392074585,engaged,1.0,0.9319188892841339,271.1055908203125,200.50186157226562,404.66680908203125,329.4551086425781,53.17794429018802
1089,36.3,engaged,0.927255392074585,engaged,1.0,0.9319073458512624,271.1055908203125,200.50186157226562,404.66680908203125,329.4551086425781,58.31739940491087
1090,36.333333333333336,engaged,0.9231951236724854,engaged,1.0,0.9316344420115154,268.6397705078125,200.48666381835938,401.5616455078125,330.0384826660156,52.166013705956246
1091,36.36666666666667,engaged,0.9080138802528381,engaged,1.0,0.9308554967244466,264.02374267578125,199.46170043945312,399.24285888671875,329.6595153808594,49.81062882251648
1092,36.4,engaged,0.9080138802528381,engaged,1.0,0.9301548004150391,264.02374267578125,199.46170043945312,399.24285888671875,329.6595153808594,49.973239923270306
1093,36.43333333333333,engaged,0.9241446852684021,engaged,1.0,0.9299222489198049,262.0715637207031,200.52809143066406,395.6089782714844,329.96435546875,53.83248196729728
1094,36.46666666666667,engaged,0.9054169058799744,engaged,1.0,0.9290360411008199,258.6072692871094,199.2951202392578,392.2924499511719,328.42864990234375,53.8276459491023
1095,36.5,engaged,0.9054169058799744,engaged,1.0,0.9281498332818349,258.6072692871094,199.2951202392578,392.2924499511719,328.42864990234375,50.8147950715402
1096,36.53333333333333,engaged,0.9211984276771545,engaged,1.0,0.9280460933844249,254.98838806152344,199.17776489257812,386.6744384765625,328.9270935058594,54.87197467228342
1097,36.56666666666667,engaged,0.8783742785453796,engaged,1.0,0.9261254449685414,251.5233154296875,198.1042938232422,383.62188720703125,329.64031982421875,49.85088605488667
1098,36.6,engaged,0.8783742785453796,engaged,1.0,0.9242047965526581,251.5233154296875,198.1042938232422,383.62188720703125,329.64031982421875,47.539375255021085
1099,36.63333333333333,engaged,0.8244245648384094,engaged,1.0,0.9202712178230286,245.2821044921875,198.49229431152344,377.214111328125,329.9937744140625,57.01338915546373
1100,36.666666666666664,engaged,0.7049875855445862,engaged,1.0,0.9126151541868845,240.58261108398438,197.62698364257812,373.8076477050781,330.3820495605469,46.23452897991578
1101,36.7,engaged,0.7049875855445862,engaged,1.0,0.9049590905507405,240.58261108398438,197.62698364257812,373.8076477050781,330.3820495605469,51.85835806132542
1102,36.733333333333334,engaged,0.8531004190444946,engaged,1.0,0.9020390331745147,235.72705078125,198.49075317382812,369.7860107421875,331.4364318847656,56.74419611450836
1103,36.766666666666666,frustrated,0.6536140441894531,engaged,0.9666666666666667,0.9007058225829025,228.16983032226562,198.84999084472656,365.1893615722656,334.9920654296875,50.935127389308526
1104,36.8,frustrated,0.6536140441894531,engaged,0.9333333333333333,0.8995479792356491,228.16983032226562,198.84999084472656,365.1893615722656,334.9920654296875,53.92245191813226
1105,36.833333333333336,frustrated,0.5770062804222107,engaged,0.9,0.8979914629900897,223.107177734375,198.93275451660156,356.4024658203125,333.2293701171875,50.879518656897474
1106,36.86666666666667,engaged,0.6746352314949036,engaged,0.9,0.8885109623273214,216.30776977539062,198.5751953125,353.9778137207031,333.29254150390625,50.01197147831064
1107,36.9,engaged,0.6746352314949036,engaged,0.9,0.879030461664553,216.30776977539062,198.5751953125,353.9778137207031,333.29254150390625,54.23411820991246
1108,36.93333333333333,engaged,0.866288423538208,engaged,0.9,0.8767570367565861,213.4800262451172,198.53826904296875,349.75958251953125,332.25628662109375,50.882604845264524
1109,36.96666666666667,engaged,0.8542761206626892,engaged,0.9,0.8735879637576915,211.09487915039062,198.6482696533203,351.0513610839844,335.21600341796875,54.01828812817144
1110,37.0,engaged,0.8542761206626892,engaged,0.9,0.870418890758797,211.09487915039062,198.6482696533203,351.0513610839844,335.21600341796875,53.71184161661694
1111,37.03333333333333,engaged,0.5645467638969421,engaged,0.9,0.8564860379254376,208.50003051757812,200.2913818359375,350.8241882324219,338.50762939453125,55.16715989951203
1112,37.06666666666667,frustrated,0.6097325086593628,engaged,0.8666666666666667,0.853282107756688,204.874755859375,202.25645446777344,348.30078125,341.6898193359375,55.39301892523673
1113,37.1,engaged,0.7143067121505737,engaged,0.8666666666666667,0.8446097419812129,203.50942993164062,205.50192260742188,349.5801696777344,347.2079772949219,54.941695812211
1114,37.13333333333333,engaged,0.7143067121505737,engaged,0.8666666666666667,0.8359883725643158,203.50942993164062,205.50192260742188,349.5801696777344,347.2079772949219,55.12438229418568
1115,37.166666666666664,frustrated,0.37558770179748535,engaged,0.8333333333333334,0.8330695009231568,201.85739135742188,206.85919189453125,346.7303161621094,347.9234619140625,50.57460841884413
1116,37.2,frustrated,0.37558770179748535,engaged,0.8,0.8299073899785677,201.85739135742188,206.85919189453125,346.7303161621094,347.9234619140625,56.633099742104484
1117,37.233333333333334,bored,0.27728554606437683,engaged,0.7666666666666667,0.8265839400498763,201.67691040039062,206.8369598388672,346.7105407714844,348.47735595703125,56.91513556056124
1118,37.266666666666666,bored,0.4042692482471466,engaged,0.7333333333333333,0.8220079649578441,200.37127685546875,207.42398071289062,346.1865234375,352.7264709472656,53.02533501896334
1119,37.3,bored,0.4042692482471466,engaged,0.7,0.8169961827141898,200.37127685546875,207.42398071289062,346.1865234375,352.7264709472656,48.71150339701527
1120,37.333333333333336,bored,0.2686881721019745,engaged,0.6666666666666666,0.8116862356662751,199.7001495361328,208.212646484375,346.08306884765625,354.9422607421875,52.30457663050256
1121,37.36666666666667,bored,0.3653990626335144,engaged,0.6333333333333333,0.8066163596354032,199.89370727539062,208.6844482421875,346.2210388183594,351.3447265625,51.88915281076801
1122,37.4,bored,0.3653990626335144,engaged,0.6,0.8009831640455458,199.89370727539062,208.6844482421875,346.2210388183594,351.3447265625,46.70249084167511
1123,37.43333333333333,bored,0.32239118218421936,engaged,0.5666666666666667,0.7937383686794954,200.49642944335938,208.78509521484375,346.2015075683594,349.5582275390625,49.78047854158754
1124,37.46666666666667,engaged,0.8685149550437927,engaged,0.5666666666666667,0.7915676656891318,202.45193481445312,211.71871948242188,346.3862609863281,348.4432067871094,50.534391980626275
1125,37.5,engaged,0.8869981169700623,engaged,0.5666666666666667,0.7904842075179604,203.41323852539062,213.43231201171875,347.5868835449219,347.972900390625,52.259609514197784
1126,37.53333333333333,engaged,0.8869981169700623,engaged,0.5666666666666667,0.7884724245351904,203.41323852539062,213.43231201171875,347.5868835449219,347.972900390625,52.476028425583024
1127,37.56666666666667,engaged,0.856087327003479,engaged,0.5666666666666667,0.7871614273856667,203.7767333984375,214.3169708251953,348.1341552734375,348.82989501953125,49.90486162339671
1128,37.6,engaged,0.856087327003479,engaged,0.5666666666666667,0.7858504302361432,203.7767333984375,214.3169708251953,348.1341552734375,348.82989501953125,45.472132178362735
1129,37.63333333333333,engaged,0.7267133593559265,engaged,0.5666666666666667,0.7801027122665855,203.8719482421875,214.85723876953125,349.011962890625,352.23199462890625,52.52992009618516
1130,37.666666666666664,frustrated,0.26470309495925903,engaged,0.5333333333333333,0.7847974076867104,203.32676696777344,213.03829956054688,349.61767578125,355.8158264160156,53.67609833506098
1131,37.7,frustrated,0.26470309495925903,engaged,0.5,0.7901180624961853,203.32676696777344,213.03829956054688,349.61767578125,355.8158264160156,46.9450332978902
1132,37.733333333333334,frustrated,0.3999412953853607,engaged,0.4666666666666667,0.7856193227427346,202.6361846923828,215.38922119140625,348.45526123046875,355.40350341796875,45.804346401659934
1133,37.766666666666666,frustrated,0.5891966223716736,engaged,0.4666666666666667,0.7856193227427346,202.67575073242188,216.27108764648438,348.9373474121094,357.3286437988281,52.605686621264
1134,37.8,frustrated,0.5891966223716736,engaged,0.4666666666666667,0.7856193227427346,202.67575073242188,216.27108764648438,348.9373474121094,357.3286437988281,51.739372856684675
1135,37.833333333333336,frustrated,0.4964925944805145,engaged,0.4666666666666667,0.7856193227427346,202.160888671875,216.35107421875,349.58843994140625,358.87158203125,49.729719475468926
1136,37.86666666666667,frustrated,0.37153980135917664,engaged,0.43333333333333335,0.7941565605310293,201.053466796875,216.51669311523438,349.5152587890625,359.0216979980469,50.75023594608329
1137,37.9,frustrated,0.30742695927619934,engaged,0.4,0.8041166712840399,201.42108154296875,214.56190490722656,350.29571533203125,357.0928955078125,57.73699497556611
1138,37.93333333333333,frustrated,0.30742695927619934,neutral,0.4,0.4126279130578041,201.42108154296875,214.56190490722656,350.29571533203125,357.0928955078125,50.637498490884944
1139,37.96666666666667,engaged,0.6787284016609192,neutral,0.4,0.4126279130578041,202.08160400390625,216.93045043945312,350.64776611328125,356.5172424316406,51.24879646147455
1140,38.0,engaged,0.6910756826400757,neutral,0.4,0.4126279130578041,201.62103271484375,217.036376953125,350.8890380859375,355.26904296875,55.498564340059545
1141,38.03333333333333,engaged,0.6910756826400757,neutral,0.4,0.4126279130578041,201.62103271484375,217.036376953125,350.8890380859375,355.26904296875,47.444731007646716
1142,38.06666666666667,engaged,0.7084921598434448,engaged,0.4,0.773282046119372,201.42507934570312,217.85545349121094,350.1817932128906,360.034912109375,51.451226692836116
1143,38.1,engaged,0.7084921598434448,engaged,0.4,0.772797500093778,201.42507934570312,217.85545349121094,350.1817932128906,360.034912109375,53.920372298713154
1144,38.13333333333333,engaged,0.7017056941986084,engaged,0.4,0.7717474152644476,199.79046630859375,217.53543090820312,348.8594970703125,359.9872131347656,46.384853578695925
1145,38.166666666666664,engaged,0.6975066661834717,engaged,0.43333333333333335,0.7660365884120648,199.18017578125,218.70574951171875,348.3167724609375,361.73992919921875,51.94763503052972
1146,38.2,engaged,0.6975066661834717,engaged,0.4666666666666667,0.7611415939671653,199.18017578125,218.70574951171875,348.3167724609375,361.73992919921875,48.21648714205244
1147,38.233333333333334,engaged,0.7639213800430298,engaged,0.5,0.7613269130388896,199.55279541015625,218.68994140625,347.63897705078125,360.75482177734375,49.475134472020386
1148,38.266666666666666,engaged,0.8351955413818359,engaged,0.5333333333333333,0.7659437023103237,198.02012634277344,217.135498046875,345.8037109375,360.924072265625,57.17894048041006
1149,38.3,engaged,0.8665366172790527,engaged,0.5666666666666667,0.7718609326026019,197.62913513183594,216.98980712890625,345.328369140625,359.83319091796875,55.06503872915846
1150,38.333333333333336,engaged,0.8665366172790527,engaged,0.6,0.7771206928624047,197.62913513183594,216.98980712890625,345.328369140625,359.83319091796875,57.02501631498804
1151,38.36666666666667,engaged,0.8786532282829285,engaged,0.6333333333333333,0.7824645105161165,197.41554260253906,216.900634765625,345.06005859375,360.14874267578125,51.12324025206294
1152,38.4,engaged,0.8805626630783081,engaged,0.6666666666666666,0.7873694181442261,197.02877807617188,216.5535888671875,344.8549499511719,357.41302490234375,52.30457663050256
1153,38.43333333333333,engaged,0.8805626630783081,engaged,0.7,0.7918071917125157,197.02877807617188,216.5535888671875,344.8549499511719,357.41302490234375,50.712805445730105
1154,38.46666666666667,engaged,0.8374306559562683,engaged,0.7,0.7903269869940621,196.57814025878906,216.2288055419922,345.013671875,355.58709716796875,51.1793833050651
1155,38.5,engaged,0.8374306559562683,engaged,0.7,0.787966631707691,196.57814025878906,216.2288055419922,345.013671875,355.58709716796875,53.90997660728516
1156,38.53333333333333,engaged,0.8423393964767456,engaged,0.7,0.785840025969914,196.1715087890625,216.142333984375,344.83575439453125,358.01654052734375,57.002541416941874
1157,38.56666666666667,engaged,0.8668994307518005,engaged,0.7,0.7863548880531674,196.25201416015625,215.76568603515625,344.8233642578125,356.474853515625,53.91829283969662
1158,38.6,engaged,0.8668994307518005,engaged,0.7,0.7868697501364208,196.25201416015625,215.76568603515625,344.8233642578125,356.474853515625,44.2460467324226
1159,38.63333333333333,engaged,0.8617493510246277,engaged,0.7,0.7933000354539781,195.64019775390625,215.46142578125,345.14532470703125,355.998779296875,53.93562656722176
1160,38.666666666666664,engaged,0.8774747848510742,engaged,0.7333333333333333,0.7971261604265734,195.8601531982422,215.49029541015625,345.08392333984375,356.389404296875,49.8722250627222
1161,38.7,engaged,0.8918506503105164,engaged,0.7666666666666667,0.8012446165084839,196.05104064941406,215.91546630859375,345.0843505859375,355.42388916015625,50.20292769339414
1162,38.733333333333334,engaged,0.8918506503105164,engaged,0.8,0.8050198679169019,196.05104064941406,215.91546630859375,345.0843505859375,355.42388916015625,49.275187969924815
1163,38.766666666666666,engaged,0.8762438893318176,engaged,0.8333333333333334,0.8078688287734985,196.33351135253906,215.60459899902344,345.269775390625,355.5777587890625,49.85266360805382
1164,38.8,engaged,0.858762264251709,engaged,0.8666666666666667,0.8098262685995835,196.70448303222656,215.75042724609375,345.1065673828125,356.8082275390625,43.351083181743014
1165,38.833333333333336,engaged,0.858762264251709,engaged,0.9,0.8116387128829956,196.70448303222656,215.75042724609375,345.1065673828125,356.8082275390625,55.854049591179056
1166,38.86666666666667,engaged,0.8938902020454407,engaged,0.9333333333333333,0.8145762660673687,196.1938018798828,215.4729461669922,345.82940673828125,359.11639404296875,46.648990123676484
1167,38.9,engaged,0.9005189538002014,engaged,0.9666666666666667,0.8175398070236732,197.13287353515625,215.84112548828125,345.1021728515625,357.461181640625,56.47068960874599
1168,38.93333333333333,engaged,0.9005189538002014,engaged,1.0,0.8203057785828908,197.13287353515625,215.84112548828125,345.1021728515625,357.461181640625,52.24593921275535
1169,38.96666666666667,engaged,0.8850027322769165,engaged,1.0,0.827181589603424,196.97024536132812,215.64199829101562,345.9225158691406,356.4725646972656,49.34765574445556
1170,39.0,engaged,0.8850027322769165,engaged,1.0,0.8336458245913188,196.97024536132812,215.64199829101562,345.9225158691406,356.4725646972656,47.91902112442733
1171,39.03333333333333,engaged,0.8809201717376709,engaged,1.0,0.8399739742279053,197.5701904296875,215.9232940673828,345.68829345703125,356.64825439453125,54.08236841426619
1172,39.06666666666667,engaged,0.8960280418395996,engaged,1.0,0.8462251702944438,197.8190155029297,216.12835693359375,345.70709228515625,355.4364013671875,47.999084490118214
1173,39.1,engaged,0.8647975325584412,engaged,1.0,0.8514353493849437,197.92462158203125,216.09791564941406,345.59881591796875,354.7835693359375,57.70601507897199
1174,39.13333333333333,engaged,0.8647975325584412,engaged,1.0,0.8568717439969381,197.92462158203125,216.09791564941406,345.59881591796875,354.7835693359375,60.50989670494547
1175,39.166666666666664,engaged,0.8526686429977417,engaged,1.0,0.862043809890747,197.87008666992188,216.0822296142578,346.1492004394531,354.79620361328125,44.13941741033844
1176,39.2,engaged,0.8176153898239136,engaged,1.0,0.8660474340120952,198.5286102294922,217.27122497558594,347.40692138671875,356.634033203125,51.07530443253775
1177,39.233333333333334,engaged,0.8176153898239136,engaged,1.0,0.8678372343381245,198.5286102294922,217.27122497558594,347.40692138671875,356.634033203125,49.322122790719554
1178,39.266666666666666,engaged,0.8137475848197937,engaged,1.0,0.8671223024527231,198.91937255859375,217.611572265625,347.40447998046875,356.063720703125,52.191978895760485
1179,39.3,engaged,0.8632578253746033,engaged,1.0,0.8670130093892415,198.25643920898438,217.43186950683594,347.6103820800781,356.865966796875,52.65059061295708
1180,39.333333333333336,engaged,0.8632578253746033,engaged,1.0,0.8669037163257599,198.25643920898438,217.43186950683594,347.6103820800781,356.865966796875,49.13952316794564
1181,39.36666666666667,engaged,0.7429656386375427,engaged,1.0,0.8623807966709137,197.58135986328125,218.98019409179688,346.93951416015625,357.3003845214844,44.841121695158066
1182,39.4,engaged,0.7429656386375427,engaged,1.0,0.8577942291895548,197.58135986328125,218.98019409179688,346.93951416015625,357.3003845214844,58.82036826679008
1183,39.43333333333333,frustrated,0.5254749059677124,engaged,0.9666666666666667,0.8570091107795978,196.52955627441406,218.10205078125,345.6456298828125,355.90777587890625,52.49770323549659
1184,39.46666666666667,frustrated,0.4854370057582855,engaged,0.9333333333333333,0.8577083413090024,196.32452392578125,218.37957763671875,345.470947265625,356.6328125,55.378391581615816
1185,39.5,frustrated,0.44823792576789856,engaged,0.9,0.858459366692437,195.83139038085938,217.88430786132812,346.0351867675781,358.2005310058594,49.75154498546943
1186,39.53333333333333,frustrated,0.44823792576789856,engaged,0.8666666666666667,0.8590793655468867,195.83139038085938,217.88430786132812,346.0351867675781,358.2005310058594,49.90664302797378
1187,39.56666666666667,frustrated,0.6120626330375671,engaged,0.8333333333333334,0.8587665629386901,196.2261505126953,218.10385131835938,345.80438232421875,357.1893005371094,57.85486295984661
1188,39.6,frustrated,0.41752520203590393,engaged,0.8,0.8584276934464773,196.00460815429688,217.840576171875,345.6228942871094,357.96417236328125,54.312774360634506
1189,39.63333333333333,frustrated,0.41752520203590393,engaged,0.7666666666666667,0.858283273551775,196.00460815429688,217.840576171875,345.6228942871094,357.96417236328125,47.523216025742705
1190,39.666666666666664,frustrated,0.5691207051277161,engaged,0.7333333333333333,0.8574109321290796,195.9197998046875,217.88516235351562,345.20599365234375,357.7986755371094,55.21727224855187
1191,39.7,frustrated,0.5975342988967896,engaged,0.7,0.8557709455490112,195.88449096679688,217.59356689453125,345.4690246582031,357.87750244140625,55.62589851728071
1192,39.733333333333334,frustrated,0.5975342988967896,engaged,0.6666666666666666,0.853966960310936,195.88449096679688,217.59356689453125,345.4690246582031,357.87750244140625,51.8917206908497
1193,39.766666666666666,frustrated,0.440960556268692,engaged,0.6333333333333333,0.8527944903624686,195.83456420898438,217.5849609375,345.4194030761719,358.00689697265625,49.53707334356915
1194,39.8,frustrated,0.5311124920845032,engaged,0.6,0.8524629473686218,195.79673767089844,217.7032928466797,345.4285888671875,358.39508056640625,56.00694360987595
1195,39.833333333333336,frustrated,0.5311124920845032,engaged,0.5666666666666667,0.8520923993166756,195.79673767089844,217.7032928466797,345.4285888671875,358.39508056640625,47.18320696559948
1196,39.86666666666667,engaged,0.7175155282020569,engaged,0.5666666666666667,0.8417174185023588,196.3524169921875,218.1601104736328,346.2833251953125,357.36944580078125,50.075860504542796
1197,39.9,bored,0.3256358206272125,engaged,0.5333333333333333,0.8380423225462437,195.38084411621094,217.49974060058594,345.667724609375,359.828125,55.96434766365116
1198,39.93333333333333,bored,0.3256358206272125,engaged,0.5,0.8338772137959798,195.38084411621094,217.49974060058594,345.667724609375,359.828125,49.622639723628794
1199,39.96666666666667,bored,0.884397566318512,engaged,0.4666666666666667,0.8302253910473415,195.642822265625,219.0253448486328,345.607177734375,358.77703857421875,55.71382649469336
1200,40.0,bored,0.7940726280212402,engaged,0.43333333333333335,0.8260117494142972,196.1460723876953,216.99227905273438,346.80596923828125,360.3327331542969,50.62588564738259
1201,40.03333333333333,bored,0.7940726280212402,frustrated,0.43333333333333335,0.5093750495177048,196.1460723876953,216.99227905273438,346.80596923828125,360.3327331542969,55.756041794060565
1202,40.06666666666667,engaged,0.653446614742279,frustrated,0.43333333333333335,0.5093750495177048,196.32962036132812,218.99098205566406,346.9682312011719,357.9503173828125,56.445610776912
1203,40.1,engaged,0.7746481895446777,frustrated,0.43333333333333335,0.5093750495177048,195.62631225585938,217.1223907470703,346.1315612792969,357.66070556640625,52.225122024105985
1204,40.13333333333333,engaged,0.7746481895446777,frustrated,0.43333333333333335,0.5093750495177048,195.62631225585938,217.1223907470703,346.1315612792969,357.66070556640625,50.17410132184939
1205,40.166666666666664,engaged,0.7322483062744141,frustrated,0.43333333333333335,0.5093750495177048,195.78269958496094,216.88723754882812,346.498779296875,356.3882141113281,57.49875250185068
1206,40.2,engaged,0.7262197732925415,frustrated,0.43333333333333335,0.5093750495177048,196.40492248535156,218.90621948242188,346.979248046875,357.0918884277344,53.00188285840652
1207,40.233333333333334,engaged,0.7262197732925415,frustrated,0.43333333333333335,0.5093750495177048,196.40492248535156,218.90621948242188,346.979248046875,357.0918884277344,60.2128111631112
1208,40.266666666666666,frustrated,0.4643540680408478,frustrated,0.4666666666666667,0.5061592651265008,195.7061004638672,218.28533935546875,345.49835205078125,357.46002197265625,48.10864378785098
1209,40.3,frustrated,0.47302913665771484,frustrated,0.5,0.5039505898952484,195.63121032714844,218.3421630859375,345.601806640625,357.966796875,51.11825571900403
1210,40.333333333333336,frustrated,0.40793147683143616,neutral,0.5333333333333333,0.49794939532876015,195.6544647216797,218.1533203125,345.84539794921875,357.94085693359375,52.31175245388443
1211,40.36666666666667,frustrated,0.38091397285461426,neutral,0.5666666666666667,0.4910649587126339,195.909423828125,218.67489624023438,345.78155517578125,357.9424133300781,49.66259353983139
1212,40.4,engaged,0.570213794708252,neutral,0.5666666666666667,0.4910649587126339,196.45654296875,217.59634399414062,345.53814697265625,356.4808044433594,55.323607776927744
1213,40.43333333333333,engaged,0.570213794708252,neutral,0.5333333333333333,0.4889143370091915,196.45654296875,217.59634399414062,345.53814697265625,356.4808044433594,47.525908467700816
1214,40.46666666666667,engaged,0.6883804202079773,neutral,0.5,0.48914615909258524,196.8977508544922,218.8011474609375,346.73162841796875,358.48150634765625,52.00689407184218
1215,40.5,frustrated,0.48515021800994873,neutral,0.5,0.4916069785753886,196.01629638671875,218.695556640625,345.28326416015625,357.04541015625,50.33305732560512
1216,40.53333333333333,frustrated,0.48515021800994873,neutral,0.5,0.49406779805819195,196.01629638671875,218.695556640625,345.28326416015625,357.04541015625,56.13061399282694
1217,40.56666666666667,frustrated,0.3962631821632385,neutral,0.5,0.47968116799990335,195.7145233154297,218.55445861816406,345.77227783203125,357.760986328125,43.74215482807888
1218,40.6,frustrated,0.6204982995986938,neutral,0.5,0.4932127078374227,195.58860778808594,218.5948486328125,345.447509765625,358.65570068359375,52.197175035778734
1219,40.63333333333333,engaged,0.5993164777755737,neutral,0.4666666666666667,0.4986189582518169,195.60780334472656,217.440185546875,345.63427734375,358.1759033203125,54.06633409386803
1220,40.666666666666664,engaged,0.5993164777755737,neutral,0.43333333333333335,0.4931957469536708,195.60780334472656,217.440185546875,345.63427734375,358.1759033203125,54.02385429815297
1221,40.7,engaged,0.7135949730873108,engaged,0.43333333333333335,0.6804601779350867,195.342041015625,217.27545166015625,345.52667236328125,358.69219970703125,50.06091855246825
1222,40.733333333333334,engaged,0.7135949730873108,engaged,0.4666666666666667,0.6828269490173885,195.342041015625,217.27545166015625,345.52667236328125,358.69219970703125,48.073354116999816
1223,40.766666666666666,frustrated,0.526377260684967,engaged,0.4666666666666667,0.6828269490173885,195.20916748046875,218.78213500976562,344.815185546875,358.6196594238281,52.95102952872707
1224,40.8,engaged,0.6271295547485352,engaged,0.5,0.6791137893994649,195.54159545898438,217.59869384765625,345.6179504394531,359.7236328125,55.37692927212474
1225,40.833333333333336,engaged,0.6271295547485352,engaged,0.5333333333333333,0.6758647747337818,195.54159545898438,217.59869384765625,345.6179504394531,359.7236328125,50.435343065342344
1226,40.86666666666667,engaged,0.7477409839630127,engaged,0.5333333333333333,0.6777538657188416,195.30538940429688,217.5386505126953,345.7036437988281,358.56890869140625,52.97644398974398
1227,40.9,frustrated,0.4657016396522522,engaged,0.5333333333333333,0.6777538657188416,195.2991180419922,218.46664428710938,345.08905029296875,359.1559753417969,49.48797696863865
1228,40.93333333333333,frustrated,0.4657016396522522,engaged,0.5333333333333333,0.6777538657188416,195.2991180419922,218.46664428710938,345.08905029296875,359.1559753417969,48.58173394336017
1229,40.96666666666667,frustrated,0.4101397395133972,engaged,0.5333333333333333,0.6777538657188416,195.26690673828125,218.69012451171875,345.035400390625,359.10211181640625,50.18250559337648
1230,41.0,frustrated,0.4874056577682495,engaged,0.5333333333333333,0.6777538657188416,195.24050903320312,218.82546997070312,344.9956970214844,359.4171447753906,49.61559572253241
1231,41.03333333333333,frustrated,0.4815997779369354,engaged,0.5333333333333333,0.6777538657188416,194.99591064453125,218.593017578125,344.91473388671875,358.2431640625,48.575544900748156
1232,41.06666666666667,frustrated,0.4815997779369354,engaged,0.5,0.679374349117279,194.99591064453125,218.593017578125,344.91473388671875,358.2431640625,52.52202659721005
1233,41.1,frustrated,0.5168524384498596,neutral,0.5333333333333333,0.4717917814850807,194.66845703125,218.89688110351562,344.884765625,359.0053405761719,46.17040200783761
1234,41.13333333333333,frustrated,0.5168524384498596,neutral,0.5666666666666667,0.47444240836536183,194.66845703125,218.89688110351562,344.884765625,359.0053405761719,57.05449302173736
1235,41.166666666666664,frustrated,0.6427798271179199,neutral,0.6,0.4837944871849484,194.16461181640625,218.82489013671875,344.273193359375,359.6148681640625,49.911394061997974
1236,41.2,frustrated,0.6217478513717651,neutral,0.6333333333333333,0.4910551905632019,194.40858459472656,218.779296875,344.3477783203125,358.0701904296875,49.919116421889505
1237,41.233333333333334,frustrated,0.6217478513717651,neutral,0.6666666666666666,0.4975898236036301,194.40858459472656,218.779296875,344.3477783203125,358.0701904296875,52.629449777275866
1238,41.266666666666666,frustrated,0.5784633159637451,frustrated,0.6666666666666666,0.5032952859997749,193.9950408935547,218.98480224609375,343.61737060546875,358.6370849609375,50.02509422260388
1239,41.3,frustrated,0.5063921809196472,frustrated,0.6666666666666666,0.5049634382128716,193.74232482910156,219.32192993164062,343.5960693359375,358.0126647949219,44.569995536947694
1240,41.333333333333336,frustrated,0.5063921809196472,frustrated,0.6666666666666666,0.5098864734172821,193.74232482910156,219.32192993164062,343.5960693359375,358.0126647949219,48.54012892175584
1241,41.36666666666667,frustrated,0.5682132244110107,frustrated,0.6666666666666666,0.5192514359951019,193.6212615966797,219.29660034179688,343.09759521484375,358.9596862792969,46.687934815276556
1242,41.4,frustrated,0.34610992670059204,frustrated,0.7,0.5110066022191729,194.51173400878906,217.95245361328125,343.8446044921875,359.7430419921875,50.9270875071334
1243,41.43333333333333,frustrated,0.6398401260375977,frustrated,0.7333333333333333,0.5168626714836467,193.7592010498047,219.01914978027344,343.16314697265625,358.890625,42.31925820544642
1244,41.46666666666667,frustrated,0.6398401260375977,frustrated,0.7666666666666667,0.5222095173338185,193.7592010498047,219.01914978027344,343.16314697265625,358.890625,54.978424433084285
1245,41.5,frustrated,0.6570947170257568,frustrated,0.7666666666666667,0.5296853651171145,193.9369354248047,219.17832946777344,343.31927490234375,357.8836669921875,50.6228305211577
1246,41.53333333333333,frustrated,0.6570947170257568,frustrated,0.7666666666666667,0.5371612129004105,193.9369354248047,219.17832946777344,343.31927490234375,357.8836669921875,48.79878070063175
1247,41.56666666666667,frustrated,0.6016929745674133,frustrated,0.7666666666666667,0.5460929430049398,193.69482421875,219.36520385742188,343.47735595703125,357.9737854003906,57.05449302173736
1248,41.6,frustrated,0.6917953491210938,frustrated,0.7666666666666667,0.5491928147233051,193.28369140625,218.91583251953125,343.5250244140625,358.39947509765625,44.10182429945849
1249,41.63333333333333,frustrated,0.6917953491210938,frustrated,0.8,0.5551345869898796,193.28369140625,218.91583251953125,343.5250244140625,358.39947509765625,51.74894819311298
1250,41.666666666666664,frustrated,0.6836354732513428,frustrated,0.8333333333333334,0.5602746224403381,193.45614624023438,219.14666748046875,343.6795959472656,358.47943115234375,55.69459161587592
1251,41.7,frustrated,0.6412824392318726,frustrated,0.8666666666666667,0.563390307701551,193.3519744873047,219.1907958984375,343.69305419921875,359.27569580078125,52.659183929692404
1252,41.733333333333334,frustrated,0.6161083579063416,frustrated,0.9,0.5653428280795062,193.29290771484375,219.4283447265625,343.5303955078125,358.2979736328125,49.18158579770643
1253,41.766666666666666,frustrated,0.6161083579063416,frustrated,0.9,0.5686662020506682,193.29290771484375,219.4283447265625,343.5303955078125,358.2979736328125,53.902355647513915
1254,41.8,frustrated,0.7591845989227295,frustrated,0.9333333333333333,0.5754704305103847,193.72935485839844,219.6259765625,343.1923828125,357.016357421875,42.64324203420159
1255,41.833333333333336,frustrated,0.7591949105262756,frustrated,0.9666666666666667,0.5818057574074844,193.53115844726562,219.81036376953125,343.2099304199219,358.44488525390625,52.03786553516706
1256,41.86666666666667,frustrated,0.7591949105262756,frustrated,1.0,0.5877187291781107,193.53115844726562,219.81036376953125,343.2099304199219,358.44488525390625,53.88296656003905
1257,41.9,frustrated,0.7206395268440247,frustrated,1.0,0.5962166587511698,193.62680053710938,219.75250244140625,342.9230041503906,358.5992431640625,51.40708420149528
1258,41.93333333333333,frustrated,0.7206395268440247,frustrated,1.0,0.604714588324229,193.62680053710938,219.75250244140625,342.9230041503906,358.5992431640625,48.06729391810587
1259,41.96666666666667,frustrated,0.7375430464744568,frustrated,1.0,0.6156280318895976,193.516357421875,219.2190704345703,343.4129638671875,358.47308349609375,50.54413554583469
1260,42.0,frustrated,0.44335106015205383,frustrated,1.0,0.614159545302391,193.540283203125,219.76654052734375,343.62945556640625,358.43804931640625,46.036615884444835
1261,42.03333333333333,frustrated,0.44335106015205383,frustrated,1.0,0.612884588042895,193.540283203125,219.76654052734375,343.62945556640625,358.43804931640625,46.134345267557606
1262,42.06666666666667,frustrated,0.5645920634269714,frustrated,1.0,0.6156509975592296,193.5164794921875,219.36990356445312,344.1678466796875,358.8396301269531,53.934933004140625
1263,42.1,frustrated,0.7558743953704834,frustrated,1.0,0.6236183961232503,193.66836547851562,219.8932342529297,343.6079406738281,359.06878662109375,55.36377196108713
1264,42.13333333333333,frustrated,0.8503681421279907,frustrated,1.0,0.6347355862458547,193.8905029296875,219.81642150878906,343.42254638671875,358.34228515625,55.23036001158779
1265,42.166666666666664,frustrated,0.8503681421279907,frustrated,1.0,0.6416551967461904,193.8905029296875,219.81642150878906,343.42254638671875,358.34228515625,49.899518172625065
1266,42.2,frustrated,0.7978879809379578,frustrated,1.0,0.6475265343983968,193.76739501953125,219.6675262451172,343.82012939453125,357.79571533203125,50.49667112122416
1267,42.233333333333334,frustrated,0.7487403750419617,frustrated,1.0,0.6517596185207367,193.81005859375,220.2421417236328,343.75775146484375,359.72113037109375,56.163685056239956
1268,42.266666666666666,frustrated,0.7487403750419617,frustrated,1.0,0.6574355204900105,193.81005859375,220.2421417236328,343.75775146484375,359.72113037109375,52.4806246168091
1269,42.3,frustrated,0.7282612919807434,frustrated,1.0,0.6648311575253805,193.7910919189453,219.98411560058594,344.11834716796875,359.7584228515625,49.08604063289954
1270,42.333333333333336,frustrated,0.6962509155273438,frustrated,1.0,0.6711597820123036,193.67417907714844,220.03363037109375,343.5513916015625,359.55865478515625,53.90443387739365
1271,42.36666666666667,frustrated,0.6962509155273438,frustrated,1.0,0.6754277050495148,193.67417907714844,220.03363037109375,343.5513916015625,359.55865478515625,47.897132546905866
1272,42.4,frustrated,0.768305242061615,frustrated,1.0,0.6895008822282155,193.9257354736328,219.7696075439453,343.35748291015625,358.86895751953125,45.21526901889762
1273,42.43333333333333,frustrated,0.768305242061615,frustrated,1.0,0.6937830527623494,193.9257354736328,219.7696075439453,343.35748291015625,358.86895751953125,45.248926575614384
1274,42.46666666666667,frustrated,0.7445259094238281,frustrated,1.0,0.6972725788752238,193.71739196777344,219.664306640625,343.5797119140625,358.2889404296875,53.06692983122043
1275,42.5,frustrated,0.7693623304367065,frustrated,1.0,0.7010148326555888,193.82839965820312,219.83123779296875,343.2646789550781,358.06402587890625,51.97016330879984
1276,42.53333333333333,frustrated,0.7559316158294678,frustrated,1.0,0.7043093959490458,193.6572265625,219.952880859375,343.32806396484375,359.1002197265625,54.69951355651482
1277,42.56666666666667,frustrated,0.7559316158294678,frustrated,1.0,0.7094506839911143,193.6572265625,219.952880859375,343.32806396484375,359.1002197265625,47.93873795617935
1278,42.6,frustrated,0.6611798405647278,frustrated,1.0,0.7084301670392354,193.81463623046875,220.01953125,343.39178466796875,358.8900146484375,58.61404734620867
1279,42.63333333333333,frustrated,0.7441516518592834,frustrated,1.0,0.7101753771305084,193.98110961914062,219.73593139648438,343.5396423339844,359.5401306152344,52.626808366478876
1280,42.666666666666664,frustrated,0.7441516518592834,frustrated,1.0,0.7121925830841065,193.98110961914062,219.73593139648438,343.5396423339844,359.5401306152344,46.946084192382166
1281,42.7,frustrated,0.6885349154472351,frustrated,1.0,0.7137676656246186,194.12863159179688,219.63394165039062,343.0928649902344,358.6028747558594,48.684928962763486
1282,42.733333333333334,frustrated,0.5989320278167725,frustrated,1.0,0.7131951212882995,193.68121337890625,219.46875,343.2642822265625,358.18841552734375,55.75455947253682
1283,42.766666666666666,frustrated,0.5989320278167725,frustrated,1.0,0.7126225769519806,193.68121337890625,219.46875,343.2642822265625,358.18841552734375,54.7102160075133
1284,42.8,bored,0.5473378896713257,frustrated,0.9666666666666667,0.711016989987472,195.00535583496094,218.71681213378906,343.79638671875,360.0283203125,52.71875314228255
1285,42.833333333333336,bored,0.5473378896713257,frustrated,0.9333333333333333,0.709296349968229,195.00535583496094,218.71681213378906,343.79638671875,360.0283203125,47.387910970511804
1286,42.86666666666667,bored,0.7786908745765686,frustrated,0.9,0.7074482551327458,193.9781494140625,219.63137817382812,343.9935302734375,359.0610656738281,51.110780741625334
1287,42.9,bored,0.7862390875816345,frustrated,0.8666666666666667,0.7069408985284659,197.05752563476562,222.53982543945312,343.4322814941406,357.4614562988281,53.944644510752134
1288,42.93333333333333,bored,0.9041837453842163,frustrated,0.8333333333333334,0.7063929533958435,201.03529357910156,223.1728973388672,344.4464111328125,356.99078369140625,52.25505195225874
1289,42.96666666666667,bored,0.9041837453842163,frustrated,0.8,0.7050950328509012,201.03529357910156,223.1728973388672,344.4464111328125,356.99078369140625,58.560853357161804
1290,43.0,bored,0.8327552080154419,frustrated,0.7666666666666667,0.7164752055769381,205.21168518066406,221.06407165527344,347.3719482421875,356.3690185546875,50.66624790113912
1291,43.03333333333333,frustrated,0.7323825359344482,frustrated,0.7666666666666667,0.7290417914805205,211.62069702148438,218.19973754882812,350.4988708496094,356.8534240722656,53.88296656003905
1292,43.06666666666667,frustrated,0.7323825359344482,frustrated,0.7666666666666667,0.7363370294156282,211.62069702148438,218.19973754882812,350.4988708496094,356.8534240722656,53.41429371911772
1293,43.1,bored,0.6725079417228699,frustrated,0.7333333333333333,0.7354489673267711,216.79176330566406,215.0331268310547,355.62841796875,362.00006103515625,43.34929100004134
1294,43.13333333333333,bored,0.8474587202072144,frustrated,0.7,0.7299766256695702,220.7129364013672,213.4552001953125,358.48199462890625,354.956298828125,61.072017239873034
1295,43.166666666666664,bored,0.8474587202072144,frustrated,0.6666666666666666,0.7239570498466492,220.7129364013672,213.4552001953125,358.48199462890625,354.956298828125,55.3126640203616
1296,43.2,bored,0.8940675854682922,frustrated,0.6333333333333333,0.7200659482102645,227.56956481933594,208.25289916992188,363.66552734375,349.5009460449219,48.543499647002996
1297,43.233333333333334,bored,0.7130595445632935,frustrated,0.6,0.7184729244973924,231.3701934814453,208.05262756347656,365.88909912109375,347.7239990234375,47.92175860335451
1298,43.266666666666666,frustrated,0.48468247056007385,frustrated,0.6,0.7038030409150653,235.1237030029297,205.5677490234375,368.24871826171875,346.47906494140625,52.01011854570706
1299,43.3,frustrated,0.48468247056007385,frustrated,0.6,0.6902708841694726,235.1237030029297,205.5677490234375,368.24871826171875,346.47906494140625,51.04733158887604
1300,43.333333333333336,bored,0.43077418208122253,frustrated,0.5666666666666667,0.6899191176190096,236.98226928710938,205.1190185546875,372.4750671386719,346.514892578125,54.73306190625326
1301,43.36666666666667,bored,0.43077418208122253,frustrated,0.5333333333333333,0.6895233802497387,236.98226928710938,205.1190185546875,372.4750671386719,346.514892578125,41.86266368572341
1302,43.4,engaged,0.46755433082580566,frustrated,0.5,0.6842712561289469,240.01657104492188,205.78050231933594,374.6135559082031,346.2210693359375,40.18571852873828
1303,43.43333333333333,engaged,0.5095360279083252,frustrated,0.4666666666666667,0.6782688285623278,246.3017120361328,205.05770874023438,377.77191162109375,343.4422912597656,41.8890031858902
1304,43.46666666666667,bored,0.756867527961731,bored,0.5,0.7262464563051859,249.97544860839844,204.60601806640625,384.920166015625,344.4051513671875,49.784023738872406
1305,43.5,bored,0.8811929821968079,bored,0.5333333333333333,0.7359306141734123,249.5376739501953,204.91543579101562,387.23748779296875,345.4027404785156,53.84561268374093
1306,43.53333333333333,bored,0.9010168313980103,bored,0.5666666666666667,0.7456415681278005,249.73080444335938,205.72891235351562,387.2668151855469,347.0384216308594,52.25440093687319
1307,43.56666666666667,bored,0.9293509721755981,bored,0.6,0.7558476461304559,248.87371826171875,207.5420684814453,385.992431640625,347.54205322265625,53.669916826615484
1308,43.6,bored,0.9293509721755981,bored,0.6333333333333333,0.7649794001328317,248.87371826171875,207.5420684814453,385.992431640625,347.54205322265625,53.355179300606785
1309,43.63333333333333,bored,0.9038322567939758,bored,0.6666666666666666,0.771922042965889,248.28875732421875,211.381103515625,383.62554931640625,349.10955810546875,52.43142157107855
1310,43.666666666666664,bored,0.9038322567939758,bored,0.7,0.7782034817196074,248.28875732421875,211.381103515625,383.62554931640625,349.10955810546875,51.50619527709897
1311,43.7,bored,0.8777493238449097,bored,0.7333333333333333,0.782728292725303,245.55210876464844,212.28135681152344,382.70458984375,351.6719970703125,58.705110081598946
1312,43.733333333333334,bored,0.8268941640853882,bored,0.7666666666666667,0.7846485480018284,239.8338165283203,214.02044677734375,380.23919677734375,355.0089111328125,54.69523374845146
1313,43.766666666666666,bored,0.8268941640853882,bored,0.8,0.7864087820053101,239.8338165283203,214.02044677734375,380.23919677734375,355.0089111328125,51.09397003289073
1314,43.8,bored,0.7655885219573975,bored,0.8,0.795502558350563,236.6413116455078,215.39959716796875,377.38140869140625,356.38494873046875,45.27579097356405
1315,43.833333333333336,bored,0.8082557916641235,bored,0.8,0.806374137600263,236.05540466308594,214.96337890625,378.7899169921875,359.17218017578125,45.16706510736361
1316,43.86666666666667,bored,0.8082557916641235,bored,0.8,0.8076060091455778,236.05540466308594,214.96337890625,378.7899169921875,359.17218017578125,55.921070876219936
1317,43.9,bored,0.2999776005744934,bored,0.8,0.7873451138536135,233.27783203125,216.9468994140625,378.08624267578125,361.44195556640625,46.33412502899815
1318,43.93333333333333,bored,0.5555306077003479,bored,0.8,0.7728178997834524,230.16598510742188,217.77676391601562,372.0476379394531,364.7444152832031,45.269926930092495
1319,43.96666666666667,frustrated,0.9105090498924255,bored,0.7666666666666667,0.7671063412790713,225.04269409179688,220.11672973632812,371.2897644042969,367.3379821777344,52.955709307610725
1320,44.0,frustrated,0.9105090498924255,bored,0.7333333333333333,0.7641223018819635,225.04269409179688,220.11672973632812,371.2897644042969,367.3379821777344,53.6774721969823
1321,44.03333333333333,frustrated,0.9281404614448547,bored,0.7333333333333333,0.7641223018819635,224.00621032714844,222.614990234375,369.1373291015625,370.347412109375,54.88705392779094
1322,44.06666666666667,frustrated,0.892732560634613,bored,0.7333333333333333,0.7641223018819635,221.51866149902344,225.5433349609375,367.7230224609375,371.44622802734375,51.652717913351886
1323,44.1,frustrated,0.892732560634613,bored,0.7,0.768484890460968,221.51866149902344,225.5433349609375,367.7230224609375,371.44622802734375,48.31590830549476
1324,44.13333333333333,frustrated,0.8677571415901184,bored,0.6666666666666666,0.7645361989736557,218.5427703857422,225.21978759765625,368.22271728515625,375.20819091796875,52.01140844721113
1325,44.166666666666664,frustrated,0.8849592208862305,bored,0.6333333333333333,0.7601718557508368,212.96707153320312,227.3737335205078,364.8012390136719,377.60504150390625,51.51505176924305
1326,44.2,frustrated,0.5776726603507996,bored,0.6,0.7527332040998671,213.20208740234375,226.07485961914062,365.6378173828125,377.5447692871094,50.21915708812261
1327,44.233333333333334,frustrated,0.8625438213348389,bored,0.5666666666666667,0.755066948778489,212.97723388671875,226.36236572265625,365.82757568359375,377.7950439453125,51.57903539191815
1328,44.266666666666666,frustrated,0.842286229133606,bored,0.5666666666666667,0.755066948778489,213.4833984375,226.62289428710938,365.74566650390625,377.3312683105469,52.28827526023811
1329,44.3,frustrated,0.842286229133606,bored,0.5666666666666667,0.755066948778489,213.4833984375,226.62289428710938,365.74566650390625,377.3312683105469,50.27935746823304
1330,44.333333333333336,frustrated,0.8472005724906921,bored,0.5333333333333333,0.7753352466970682,212.85549926757812,225.9345703125,366.8152160644531,377.1171875,47.82776865535486
1331,44.36666666666667,frustrated,0.8708652853965759,bored,0.5,0.7983059843381246,213.4715118408203,225.38998413085938,366.55157470703125,376.8394470214844,49.81713661306031
1332,44.4,frustrated,0.8708652853965759,bored,0.5,0.7983059843381246,213.4715118408203,225.38998413085938,366.55157470703125,376.8394470214844,49.6109008327025
1333,44.43333333333333,frustrated,0.8940694332122803,bored,0.5,0.7983059843381246,215.68634033203125,225.635986328125,366.6339111328125,375.2003173828125,52.23162561330975
1334,44.46666666666667,frustrated,0.8940694332122803,frustrated,0.5333333333333333,0.8618249371647835,215.68634033203125,225.635986328125,366.6339111328125,375.2003173828125,54.90070420691641
1335,44.5,frustrated,0.8587470650672913,frustrated,0.5666666666666667,0.861643885864931,220.81785583496094,224.18548583984375,367.529541015625,372.9898681640625,50.81664203154911
1336,44.53333333333333,bored,0.4276086688041687,frustrated,0.5666666666666667,0.861643885864931,223.64273071289062,222.09188842773438,368.0863342285156,373.2583923339844,46.402814501764595
1337,44.56666666666667,bored,0.4276086688041687,frustrated,0.5666666666666667,0.861643885864931,223.64273071289062,222.09188842773438,368.0863342285156,373.2583923339844,57.31489477999453
1338,44.6,frustrated,0.7813032865524292,frustrated,0.6,0.8571805192364587,226.60357666015625,220.3148956298828,370.735595703125,366.59979248046875,53.13684850634707
1339,44.63333333333333,bored,0.9330840706825256,frustrated,0.6,0.8571805192364587,231.3823699951172,216.75753784179688,372.27569580078125,365.3465270996094,49.456466371097065
1340,44.666666666666664,bored,0.9306150674819946,frustrated,0.6,0.8571805192364587,230.94082641601562,216.28330993652344,373.2321472167969,363.5848388671875,53.9162135410641
1341,44.7,bored,0.9306150674819946,frustrated,0.6,0.8571805192364587,230.94082641601562,216.28330993652344,373.2321472167969,363.5848388671875,53.04612427120616
1342,44.733333333333334,bored,0.919774055480957,frustrated,0.6,0.8571805192364587,230.79652404785156,215.08352661132812,373.0382080078125,359.1809997558594,51.34289771336238
1343,44.766666666666666,bored,0.9119209051132202,frustrated,0.6,0.8571805192364587,232.12008666992188,214.32614135742188,373.3666687011719,361.1631774902344,48.57723266506839
1344,44.8,bored,0.9119209051132202,frustrated,0.6,0.8571805192364587,232.12008666992188,214.32614135742188,373.3666687011719,361.1631774902344,49.79643590687293
1345,44.833333333333336,bored,0.8573647737503052,frustrated,0.6,0.8571805192364587,231.87916564941406,213.47512817382812,373.3043212890625,360.6437683105469,50.79387223735998
1346,44.86666666666667,engaged,0.5981769561767578,frustrated,0.6,0.8571805192364587,229.6693115234375,214.1705322265625,373.6177978515625,359.5447998046875,49.84673892374976
1347,44.9,engaged,0.5981769561767578,frustrated,0.6,0.8571805192364587,229.6693115234375,214.1705322265625,373.6177978515625,359.5447998046875,52.360731049635476
1348,44.93333333333333,engaged,0.8761014938354492,frustrated,0.6,0.8571805192364587,228.06781005859375,213.7189178466797,374.34832763671875,358.95452880859375,53.745566376217326
1349,44.96666666666667,engaged,0.8761014938354492,frustrated,0.5666666666666667,0.8540435468449312,228.06781005859375,213.7189178466797,374.34832763671875,358.95452880859375,51.4171672346581
1350,45.0,engaged,0.7596666812896729,frustrated,0.5333333333333333,0.8505144529044628,228.78262329101562,213.1255645751953,374.1016540527344,358.52398681640625,53.36875723683374
1351,45.03333333333333,engaged,0.8639617562294006,frustrated,0.5,0.8453393856684367,229.53956604003906,213.11410522460938,375.0411376953125,358.4581604003906,46.954493042417184
1352,45.06666666666667,engaged,0.7904425859451294,frustrated,0.4666666666666667,0.8419541588851384,231.99073791503906,212.93833923339844,375.0467529296875,357.8162841796875,54.63752181955553
1353,45.1,engaged,0.7904425859451294,frustrated,0.43333333333333335,0.8380481279813327,231.99073791503906,212.93833923339844,375.0467529296875,357.8162841796875,54.44955926834651
1354,45.13333333333333,engaged,0.8103051781654358,frustrated,0.4,0.8355723768472672,234.70938110351562,212.90341186523438,377.8679504394531,357.8080139160156,47.31734392274542
1355,45.166666666666664,engaged,0.6302129030227661,neutral,0.36666666666666664,0.8310826637528159,235.93824768066406,213.6517333984375,380.4908447265625,358.42413330078125,55.36450275878455
1356,45.2,engaged,0.6302129030227661,neutral,0.36666666666666664,0.7476183176040649,235.93824768066406,213.6517333984375,380.4908447265625,358.42413330078125,49.63732115172961
1357,45.233333333333334,engaged,0.8521872758865356,engaged,0.4,0.7563323974609375,236.71847534179688,213.79763793945312,383.0668029785156,359.9479064941406,54.10539079733233
1358,45.266666666666666,engaged,0.6621004939079285,engaged,0.43333333333333335,0.7490837894953214,239.50685119628906,214.31085205078125,385.150390625,359.9439697265625,57.77516977285563
1359,45.3,engaged,0.6621004939079285,engaged,0.4666666666666667,0.7428706969533648,239.50685119628906,214.31085205078125,385.150390625,359.9439697265625,56.31450053705693
1360,45.333333333333336,engaged,0.4476894438266754,engaged,0.5,0.7231919467449188,243.2201385498047,214.39834594726562,387.41717529296875,360.5840148925781,50.29744573689891
1361,45.36666666666667,engaged,0.4476894438266754,engaged,0.5333333333333333,0.7059730403125286,243.2201385498047,214.39834594726562,387.41717529296875,360.5840148925781,52.930982698350604
1362,45.4,bored,0.4582599103450775,engaged,0.5333333333333333,0.7059730403125286,247.85809326171875,214.37525939941406,389.2353515625,362.3890380859375,55.22599673460789
1363,45.43333333333333,bored,0.7870796322822571,engaged,0.5333333333333333,0.7059730403125286,250.87550354003906,215.9224853515625,393.786865234375,362.54840087890625,47.35848247050189
1364,45.46666666666667,bored,0.6982231736183167,engaged,0.5333333333333333,0.7059730403125286,254.33204650878906,217.40402221679688,397.7554931640625,363.2931213378906,56.68514589217899
1365,45.5,bored,0.6982231736183167,engaged,0.5333333333333333,0.7059730403125286,254.33204650878906,217.40402221679688,397.7554931640625,363.2931213378906,52.24203472585507
1366,45.53333333333333,bored,0.8840315341949463,engaged,0.5333333333333333,0.7059730403125286,261.38250732421875,219.1395263671875,403.67681884765625,364.932373046875,55.09831327833535
1367,45.56666666666667,bored,0.8786196708679199,engaged,0.5333333333333333,0.7059730403125286,266.6792297363281,218.45846557617188,406.9101867675781,365.0032043457031,46.37613471766124
1368,45.6,bored,0.8786196708679199,engaged,0.5333333333333333,0.7059730403125286,266.6792297363281,218.45846557617188,406.9101867675781,365.0032043457031,59.84681239655271
1369,45.63333333333333,bored,0.8888911604881287,engaged,0.5333333333333333,0.7059730403125286,271.1795654296875,223.49044799804688,412.98870849609375,365.0752258300781,53.803478885525166
1370,45.666666666666664,bored,0.8557148575782776,engaged,0.5333333333333333,0.7059730403125286,276.36053466796875,221.59107971191406,416.6378173828125,365.3115234375,47.43185416383951
1371,45.7,bored,0.8557148575782776,engaged,0.5333333333333333,0.7059730403125286,276.36053466796875,221.59107971191406,416.6378173828125,365.3115234375,47.46943117770886
1372,45.733333333333334,bored,0.8604583740234375,engaged,0.5333333333333333,0.7059730403125286,279.81036376953125,225.43833923339844,416.46624755859375,364.8863525390625,55.09179987653186
1373,45.766666666666666,bored,0.7041077017784119,engaged,0.5333333333333333,0.7059730403125286,280.34637451171875,227.73558044433594,419.35650634765625,364.962158203125,52.868267473372406
1374,45.8,bored,0.7041077017784119,engaged,0.5333333333333333,0.7059730403125286,280.34637451171875,227.73558044433594,419.35650634765625,364.962158203125,55.3703498349835
1375,45.833333333333336,bored,0.656160295009613,engaged,0.5333333333333333,0.7059730403125286,281.8978271484375,226.78665161132812,420.61083984375,364.8672180175781,49.19889269459954
1376,45.86666666666667,bored,0.7036520838737488,engaged,0.5,0.71315944592158,284.07647705078125,226.23873901367188,423.81195068359375,363.8472595214844,51.694734766318284
1377,45.9,bored,0.7036520838737488,bored,0.5333333333333333,0.7634697426110506,284.07647705078125,226.23873901367188,423.81195068359375,363.8472595214844,52.86693472150447
1378,45.93333333333333,bored,0.7539251446723938,bored,0.5666666666666667,0.7629082956734825,284.43499755859375,226.46044921875,422.27813720703125,364.62237548828125,49.44538885024815
1379,45.96666666666667,bored,0.803450345993042,bored,0.6,0.765160631802347,285.765869140625,226.2821044921875,423.662353515625,364.26190185546875,52.05982598334305
1380,46.0,bored,0.803450345993042,bored,0.6333333333333333,0.7671758799176467,285.765869140625,226.2821044921875,423.662353515625,364.26190185546875,55.53971848144175
1381,46.03333333333333,bored,0.7392075657844543,bored,0.6666666666666666,0.7657774642109871,285.03857421875,226.50079345703125,421.5216064453125,363.7506103515625,52.49836032743385
1382,46.06666666666667,bored,0.8551934361457825,bored,0.7,0.7700353676364535,283.90618896484375,224.38111877441406,419.5098876953125,363.1063232421875,49.733257446404856
1383,46.1,bored,0.8551934361457825,bored,0.7333333333333333,0.7739061889323321,283.90618896484375,224.38111877441406,419.5098876953125,363.1063232421875,55.10772424485291
1384,46.13333333333333,bored,0.876255989074707,bored,0.7666666666666667,0.7783561802428701,282.3111877441406,221.66615295410156,418.9281921386719,363.7652587890625,52.016568693107125
1385,46.166666666666664,bored,0.8836808204650879,bored,0.8,0.7827447069187959,279.00384521484375,218.4346923828125,413.39044189453125,362.07366943359375,50.303478052290714
1386,46.2,bored,0.8836808204650879,bored,0.8333333333333334,0.7867821514606476,279.00384521484375,218.4346923828125,413.39044189453125,362.07366943359375,48.885801533835284
1387,46.233333333333334,bored,0.8770552277565002,bored,0.8666666666666667,0.7902541928566419,269.30438232421875,215.7720947265625,408.5006103515625,361.0640869140625,55.420099891651915
1388,46.266666666666666,bored,0.8518855571746826,bored,0.9,0.7925368359795323,265.7122497558594,214.98281860351562,405.5327453613281,359.3066101074219,43.69612868275201
1389,46.3,bored,0.8518855571746826,bored,0.9333333333333333,0.7946564331650734,265.7122497558594,214.98281860351562,405.5327453613281,359.3066101074219,57.765621341706954
1390,46.333333333333336,bored,0.7995843291282654,bored,0.9666666666666667,0.79482636061208,256.07623291015625,212.85000610351562,396.75732421875,357.9333190917969,51.11140357290829
1391,46.36666666666667,bored,0.7910711169242859,bored,1.0,0.7947011858224868,249.46499633789062,211.00555419921875,389.8983459472656,356.34857177734375,55.00942987920836
1392,46.4,bored,0.7910711169242859,bored,1.0,0.8057948927084605,249.46499633789062,211.00555419921875,389.8983459472656,356.34857177734375,46.97079376455832
1393,46.43333333333333,engaged,0.5568225383758545,bored,0.9666666666666667,0.8064402465162606,239.73483276367188,212.1317138671875,383.3251647949219,357.16876220703125,55.24563691205332
1394,46.46666666666667,engaged,0.6603997945785522,bored,0.9333333333333333,0.8103051419769015,232.83502197265625,211.707763671875,372.19366455078125,356.071533203125,46.26257679538511
1395,46.5,engaged,0.6603997945785522,bored,0.9,0.8144563259901824,232.83502197265625,211.707763671875,372.19366455078125,356.071533203125,58.035781987242466
1396,46.53333333333333,engaged,0.8469709753990173,bored,0.8666666666666667,0.8117803564438453,224.00711059570312,212.53016662597656,364.5226135253906,355.741455078125,55.345508286709595
1397,46.56666666666667,engaged,0.9119442701339722,bored,0.8333333333333334,0.8091067838668823,215.70074462890625,213.04031372070312,357.25250244140625,355.2234802246094,50.40564348463545
1398,46.6,engaged,0.9119442701339722,bored,0.8,0.8062104135751724,215.70074462890625,213.04031372070312,357.25250244140625,355.2234802246094,47.854507284904216
1399,46.63333333333333,engaged,0.8649753332138062,bored,0.7666666666666667,0.8026155984920004,207.47227478027344,215.70050048828125,350.0362548828125,357.13177490234375,50.64116681155221
1400,46.666666666666664,engaged,0.8116964101791382,bored,0.7333333333333333,0.8002019958062605,201.55239868164062,215.871826171875,346.2355041503906,358.68389892578125,46.96816385034882
1401,46.7,engaged,0.804189920425415,bored,0.7,0.7975585261980692,194.42495727539062,216.10308837890625,337.7591857910156,358.15167236328125,51.580303999212944
1402,46.733333333333334,engaged,0.804189920425415,bored,0.6666666666666666,0.7944135338068008,194.42495727539062,216.10308837890625,337.7591857910156,358.15167236328125,50.33184932739731
1403,46.766666666666666,engaged,0.34035724401474,bored,0.6333333333333333,0.7991664723346108,189.84620666503906,217.81793212890625,331.2906494140625,360.33953857421875,52.61162539825895
1404,46.8,engaged,0.34035724401474,bored,0.6,0.8044475151432885,189.84620666503906,217.81793212890625,331.2906494140625,360.33953857421875,55.16353210405871
1405,46.833333333333336,frustrated,0.5006814002990723,bored,0.5666666666666667,0.8131702927982106,184.87359619140625,220.3978271484375,326.79534912109375,361.9083251953125,49.34765574445556
1406,46.86666666666667,frustrated,0.5882804989814758,bored,0.5333333333333333,0.8200151808559895,179.94076538085938,223.03750610351562,322.5260314941406,363.6749572753906,58.392092440484475
1407,46.9,frustrated,0.5882804989814758,bored,0.5,0.8277727206548054,179.94076538085938,223.03750610351562,322.5260314941406,363.6749572753906,46.71601528128933
1408,46.93333333333333,frustrated,0.8516215682029724,bored,0.4666666666666667,0.8330475475106921,177.2904052734375,223.564208984375,317.2928466796875,363.86383056640625,45.41501813653836
1409,46.96666666666667,frustrated,0.5974441170692444,bored,0.43333333333333335,0.8353242553197421,174.35311889648438,225.78477478027344,313.5329284667969,367.7783203125,55.77976966247307
1410,47.0,frustrated,0.5974441170692444,bored,0.4,0.8379804144303004,174.35311889648438,225.78477478027344,313.5329284667969,367.7783203125,55.39375049525872
1411,47.03333333333333,bored,0.8119714856147766,bored,0.4,0.8440440744161606,171.22872924804688,230.0404052734375,314.4078674316406,368.7078857421875,45.03805514990121
1412,47.06666666666667,bored,0.682651937007904,bored,0.4,0.8296656161546707,169.65567016601562,229.75250244140625,312.8279113769531,369.8427734375,47.34779025794435
1413,47.1,bored,0.5011860132217407,bored,0.4,0.8001649975776672,168.9742431640625,229.66574096679688,313.07916259765625,369.9639587402344,49.76276012623686
1414,47.13333333333333,bored,0.5011860132217407,bored,0.4,0.7689091662565867,168.9742431640625,229.66574096679688,313.07916259765625,369.9639587402344,49.78343283759243
1415,47.166666666666664,bored,0.5191009044647217,bored,0.4,0.7385275065898895,168.98507690429688,229.57591247558594,313.2274475097656,369.8509521484375,44.362105619427375
1416,47.2,bored,0.5191009044647217,bored,0.4,0.7081458469231924,168.98507690429688,229.57591247558594,313.2274475097656,369.8509521484375,52.51216305885593
1417,47.233333333333334,frustrated,0.8395020365715027,engaged,0.4,0.709520642956098,169.7117919921875,230.44082641601562,312.03289794921875,369.4557189941406,47.25177716442291
1418,47.266666666666666,frustrated,0.778556227684021,engaged,0.4,0.709520642956098,170.31100463867188,230.19143676757812,312.47894287109375,369.5004577636719,52.53123591002455
1419,47.3,frustrated,0.778556227684021,engaged,0.4,0.709520642956098,170.31100463867188,230.19143676757812,312.47894287109375,369.5004577636719,43.26611788492088
1420,47.333333333333336,frustrated,0.8101005554199219,engaged,0.4,0.709520642956098,171.89447021484375,230.54029846191406,314.3779602050781,369.2967529296875,59.80073569249195
1421,47.36666666666667,frustrated,0.8375510573387146,engaged,0.4,0.709520642956098,171.4434814453125,229.8345947265625,314.14599609375,369.40252685546875,43.87163716999289
1422,47.4,frustrated,0.8375510573387146,engaged,0.4,0.709520642956098,171.4434814453125,229.8345947265625,314.14599609375,369.40252685546875,55.657638769091946
1423,47.43333333333333,bored,0.29904261231422424,frustrated,0.4,0.7171307802200317,175.6204833984375,227.53204345703125,319.90753173828125,370.27166748046875,52.49901743582041
1424,47.46666666666667,frustrated,0.80275559425354,frustrated,0.43333333333333335,0.7237173043764554,176.37451171875,227.68841552734375,320.0718994140625,369.32635498046875,58.41649025069638
1425,47.5,frustrated,0.7975873947143555,frustrated,0.4666666666666667,0.7289937394005912,178.521728515625,227.75450134277344,322.58758544921875,369.1295166015625,53.94186943772828
1426,47.53333333333333,frustrated,0.7975873947143555,frustrated,0.5,0.7335666497548421,178.521728515625,227.75450134277344,322.58758544921875,369.1295166015625,49.38716780293664
1427,47.56666666666667,frustrated,0.8532009124755859,frustrated,0.5333333333333333,0.7410437911748886,177.92462158203125,226.9195556640625,324.3241271972656,369.49493408203125,52.880931968329214
1428,47.6,frustrated,0.8532009124755859,frustrated,0.5666666666666667,0.747641268898459,177.92462158203125,226.9195556640625,324.3241271972656,369.49493408203125,43.54099449807952
1429,47.63333333333333,frustrated,0.9086949825286865,frustrated,0.6,0.7565886974334717,178.93267822265625,225.98611450195312,325.9998474121094,369.4433288574219,49.88290141883615
1430,47.666666666666664,frustrated,0.8580939173698425,frustrated,0.6333333333333333,0.7619310774301228,178.023193359375,224.09304809570312,326.581298828125,369.7811584472656,49.020067085071815
1431,47.7,frustrated,0.8580939173698425,frustrated,0.6666666666666666,0.7667392194271088,178.023193359375,224.09304809570312,326.581298828125,369.7811584472656,55.37254280697585
1432,47.733333333333334,frustrated,0.7124423384666443,frustrated,0.7,0.7641536536670867,177.66940307617188,223.9846649169922,326.6076965332031,369.91485595703125,53.89612191925163
1433,47.766666666666666,frustrated,0.7604512572288513,frustrated,0.7333333333333333,0.7639853629198942,177.19580078125,224.17041015625,326.83526611328125,369.85137939453125,45.97807594492677
1434,47.8,engaged,0.32557016611099243,frustrated,0.7333333333333333,0.7639853629198942,177.4012451171875,224.67733764648438,328.4129333496094,369.5162658691406,56.99557005027857
1435,47.833333333333336,engaged,0.32557016611099243,frustrated,0.7,0.7765236468542189,177.4012451171875,224.67733764648438,328.4129333496094,369.5162658691406,47.14078270056421
1436,47.86666666666667,frustrated,0.6221762299537659,frustrated,0.7,0.7781377292814708,178.52304077148438,224.77346801757812,327.24969482421875,369.8387756347656,55.40326266428902
1437,47.9,frustrated,0.7958455085754395,frustrated,0.7,0.7880217773573739,178.06011962890625,224.21449279785156,326.9700012207031,369.4578857421875,53.923145160253526
1438,47.93333333333333,frustrated,0.8037847876548767,frustrated,0.7,0.7857438354265123,177.36181640625,223.5534210205078,327.22637939453125,369.80950927734375,53.917599722332916
1439,47.96666666666667,frustrated,0.7976363897323608,frustrated,0.7,0.7952768007914225,177.176513671875,223.62869262695312,326.99322509765625,369.6371154785156,55.3703498349835
1440,48.0,frustrated,0.7976363897323608,frustrated,0.7,0.8048097661563328,177.176513671875,223.62869262695312,326.99322509765625,369.6371154785156,54.7566417316153
1441,48.03333333333333,frustrated,0.7658017873764038,frustrated,0.7333333333333333,0.8030366762117906,177.84075927734375,223.80970764160156,327.16778564453125,369.4652099609375,50.234193664291276
1442,48.06666666666667,frustrated,0.7832845449447632,frustrated,0.7666666666666667,0.8021778878958329,177.50811767578125,223.08753967285156,326.9742126464844,369.4698486328125,47.95243974939407
1443,48.1,frustrated,0.8454607129096985,frustrated,0.8,0.8039813389380773,177.150634765625,223.2213134765625,327.1971435546875,369.7982177734375,57.45228409013081
1444,48.13333333333333,frustrated,0.8454607129096985,frustrated,0.8333333333333334,0.8056405138969421,177.150634765625,223.2213134765625,327.1971435546875,369.7982177734375,58.690323934793255
1445,48.166666666666664,frustrated,0.8492096066474915,frustrated,0.8666666666666667,0.8073162482335017,177.611572265625,223.41552734375,327.08355712890625,369.40985107421875,51.60695917513596
1446,48.2,frustrated,0.7913087606430054,frustrated,0.9,0.8067233783227427,177.75637817382812,223.9617156982422,326.78094482421875,369.45330810546875,54.92299029685597
1447,48.233333333333334,frustrated,0.7913087606430054,frustrated,0.9,0.8049384421772428,177.75637817382812,223.9617156982422,326.78094482421875,369.45330810546875,50.97536490805897
1448,48.266666666666666,frustrated,0.8428550958633423,frustrated,0.9,0.8073198817394398,177.4757080078125,223.38937377929688,327.05987548828125,369.7385559082031,52.47012021967299
1449,48.3,frustrated,0.9021957516670227,frustrated,0.9,0.8118991233684398,178.611328125,224.4415283203125,326.29266357421875,369.63873291015625,55.936732325993894
1450,48.333333333333336,frustrated,0.9021957516670227,frustrated,0.9,0.8153100565627769,178.611328125,224.4415283203125,326.29266357421875,369.63873291015625,53.376907316204075
1451,48.36666666666667,frustrated,0.8264848589897156,frustrated,0.9,0.8149001973646658,178.58285522460938,225.8939208984375,324.9717102050781,369.4415283203125,55.14177534707615
1452,48.4,frustrated,0.8264848589897156,frustrated,0.9,0.8144903381665548,178.58285522460938,225.8939208984375,324.9717102050781,369.4415283203125,54.41847551086604
1453,48.43333333333333,bored,0.3282550275325775,frustrated,0.9,0.8144903381665548,179.94854736328125,228.99734497070312,322.089111328125,369.4270324707031,52.41438604383794
1454,48.46666666666667,frustrated,0.4205561578273773,frustrated,0.9,0.8003348034841044,175.38824462890625,231.4189453125,319.2008056640625,369.981689453125,48.28531629540091
1455,48.5,frustrated,0.8351669311523438,frustrated,0.9,0.8017266381669927,173.30657958984375,232.8829803466797,315.0093994140625,369.79290771484375,47.14184237737715
1456,48.53333333333333,frustrated,0.8351669311523438,frustrated,0.9,0.8031184728498812,173.30657958984375,232.8829803466797,315.0093994140625,369.79290771484375,43.849163120863956
1457,48.56666666666667,bored,0.6436475515365601,frustrated,0.8666666666666667,0.8011922251719695,171.72076416015625,234.8785400390625,313.9078369140625,370.91668701171875,51.19500048823357
1458,48.6,bored,0.7475724220275879,frustrated,0.8333333333333334,0.7991118776798248,168.6435546875,234.76123046875,308.6768493652344,370.27001953125,51.157535249060835
1459,48.63333333333333,bored,0.7475724220275879,frustrated,0.8,0.7945459149777889,168.6435546875,234.76123046875,308.6768493652344,370.27001953125,53.095816190898155
1460,48.666666666666664,bored,0.905559778213501,frustrated,0.7666666666666667,0.7917829583520475,164.7655029296875,235.28765869140625,304.7039794921875,370.39593505859375,48.639198450709124
1461,48.7,bored,0.8664323091506958,frustrated,0.7333333333333333,0.7887688238512386,162.5731201171875,236.0803680419922,302.19281005859375,371.40643310546875,53.22112956642008
1462,48.733333333333334,bored,0.8664323091506958,frustrated,0.7,0.7924034183933621,162.5731201171875,236.0803680419922,302.19281005859375,371.40643310546875,47.42166495189209
1463,48.766666666666666,bored,0.9172865748405457,frustrated,0.6666666666666666,0.7940010264515877,159.73934936523438,235.49072265625,298.8380432128906,371.40435791015625,57.30549786861952
1464,48.8,bored,0.9172865748405457,frustrated,0.6666666666666666,0.7940010264515877,159.73934936523438,235.49072265625,298.8380432128906,371.40435791015625,52.89493662904344
1465,48.833333333333336,bored,0.9190698862075806,frustrated,0.6666666666666666,0.7940010264515877,157.90985107421875,235.62579345703125,297.2999267578125,371.53680419921875,52.38623618310123
1466,48.86666666666667,bored,0.9157503247261047,frustrated,0.6333333333333333,0.8030444367935783,157.64077758789062,235.69390869140625,295.1490478515625,370.74102783203125,48.95941355682919
1467,48.9,bored,0.9159961938858032,frustrated,0.6,0.8034443772501416,156.01577758789062,234.96319580078125,294.00054931640625,371.27191162109375,55.3805851906623
1468,48.93333333333333,bored,0.9159961938858032,frustrated,0.5666666666666667,0.8034243531086865,156.01577758789062,234.96319580078125,294.00054931640625,371.27191162109375,50.16150019135094
1469,48.96666666666667,bored,0.9269075393676758,frustrated,0.5333333333333333,0.8037861008197069,155.80303955078125,235.53170776367188,292.6279602050781,370.9821472167969,55.486083183405654
1470,49.0,bored,0.9341756701469421,frustrated,0.5,0.8041960815588634,154.90728759765625,234.84385681152344,293.10235595703125,370.155517578125,58.01972583032466
1471,49.03333333333333,bored,0.9341756701469421,bored,0.5333333333333333,0.8376322779804468,154.90728759765625,234.84385681152344,293.10235595703125,370.155517578125,47.83485966492935
1472,49.06666666666667,bored,0.9241271615028381,bored,0.5666666666666667,0.8427202123052934,154.12936401367188,234.03797912597656,292.8322448730469,369.808349609375,51.36175944747863
1473,49.1,bored,0.913091778755188,bored,0.6,0.846629743774732,154.18765258789062,233.8159942626953,292.5727233886719,369.59832763671875,52.603707326861816
1474,49.13333333333333,bored,0.913091778755188,bored,0.6333333333333333,0.8501277456158086,154.18765258789062,233.8159942626953,292.5727233886719,369.59832763671875,54.6888152919394
1475,49.166666666666664,bored,0.9189526438713074,bored,0.6666666666666666,0.8535689905285835,153.9927978515625,233.4248809814453,293.10565185546875,370.01641845703125,52.20757042034379
1476,49.2,bored,0.921157956123352,bored,0.7,0.8567875126997629,154.026123046875,233.47462463378906,292.55511474609375,370.10693359375,49.66318157598721
1477,49.233333333333334,bored,0.921157956123352,bored,0.7333333333333333,0.8597134419462897,154.026123046875,233.47462463378906,292.55511474609375,370.10693359375,47.620336519902814
1478,49.266666666666666,bored,0.8980700373649597,bored,0.7666666666666667,0.8613811200079711,154.20751953125,234.0752716064453,293.627197265625,370.65972900390625,57.37918958111029
1479,49.3,bored,0.9103407263755798,bored,0.8,0.8634211036066214,154.61734008789062,234.0789794921875,293.3429870605469,370.420166015625,56.148647925033465
1480,49.333333333333336,bored,0.9103407263755798,bored,0.8333333333333334,0.8652978885173798,154.61734008789062,234.0789794921875,293.3429870605469,370.420166015625,45.322268326417706
1481,49.36666666666667,bored,0.9041800498962402,bored,0.8666666666666667,0.8667933562627206,154.17919921875,233.61952209472656,293.2994384765625,370.5267333984375,55.65837734547095
1482,49.4,bored,0.9070777893066406,bored,0.9,0.8682853723013843,155.89224243164062,233.86575317382812,294.0570373535156,371.3110046386719,44.253516074235854
1483,49.43333333333333,bored,0.9070777893066406,bored,0.9,0.8897232523670903,155.89224243164062,233.86575317382812,294.0570373535156,371.3110046386719,49.083168525388224
1484,49.46666666666667,bored,0.886782705783844,bored,0.9333333333333333,0.8896182328462601,156.69854736328125,233.85704040527344,294.4858703613281,370.932861328125,51.2
1485,49.5,bored,0.9007364511489868,bored,0.9666666666666667,0.8900016196842852,157.22897338867188,235.34918212890625,295.36004638671875,371.1358642578125,51.153791740859084
1486,49.53333333333333,bored,0.9007364511489868,bored,1.0,0.8903594473997752,157.22897338867188,235.34918212890625,295.36004638671875,371.1358642578125,53.83870098196521
1487,49.56666666666667,bored,0.8897442817687988,bored,1.0,0.8985626717408498,157.53640747070312,235.56988525390625,295.8922424316406,370.9227294921875,52.35746295672147
1488,49.6,bored,0.8776657581329346,bored,1.0,0.9028991162776947,158.35040283203125,235.49856567382812,295.83551025390625,371.0722351074219,46.34487635632362
1489,49.63333333333333,bored,0.8776657581329346,bored,1.0,0.9072355608145396,158.35040283203125,235.49856567382812,295.83551025390625,371.0722351074219,55.3703498349835
1490,49.666666666666664,bored,0.8612639904022217,bored,1.0,0.9057590345541636,158.21859741210938,235.3551483154297,296.3517150878906,371.21722412109375,52.32872132047459
1491,49.7,bored,0.8543976545333862,bored,1.0,0.9053578794002533,157.84820556640625,235.68240356445312,296.5686340332031,371.7667541503906,49.89476939914112
1492,49.733333333333334,bored,0.8543976545333862,bored,1.0,0.904956724246343,157.84820556640625,235.68240356445312,296.5686340332031,371.7667541503906,53.88988963266565
1493,49.766666666666666,bored,0.8633875846862793,bored,1.0,0.9031600912412008,157.86141967773438,234.97743225097656,297.0580139160156,371.763671875,48.653868015358384
1494,49.8,bored,0.8037258386611938,bored,1.0,0.8993747333685557,157.61196899414062,235.7559051513672,297.23455810546875,371.82440185546875,52.788421118872314
1495,49.833333333333336,bored,0.8037258386611938,bored,1.0,0.8955299317836761,157.61196899414062,235.7559051513672,297.23455810546875,371.82440185546875,50.914105365379946
1496,49.86666666666667,bored,0.7704745531082153,bored,1.0,0.8906874060630798,156.56915283203125,234.73638916015625,297.46319580078125,371.59942626953125,50.71771121778982
1497,49.9,bored,0.7679568529129028,bored,1.0,0.8857527613639832,157.4749755859375,234.51504516601562,297.6771240234375,371.9947204589844,50.225170638246915
1498,49.93333333333333,bored,0.7679568529129028,bored,1.0,0.8808181166648865,157.4749755859375,234.51504516601562,297.6771240234375,371.9947204589844,55.43548195239291
1499,49.96666666666667,bored,0.7940285205841064,bored,1.0,0.8763888160387675,157.341552734375,235.06027221679688,298.21356201171875,371.7875061035156,52.321540841275386
1500,50.0,bored,0.6247444152832031,bored,1.0,0.8660744408766429,158.09542846679688,234.0533905029297,299.5437927246094,372.15032958984375,53.121369859543805
1501,50.03333333333333,bored,0.6247444152832031,bored,1.0,0.8557600657145182,158.09542846679688,234.0533905029297,299.5437927246094,372.15032958984375,58.87734074510795
1502,50.06666666666667,bored,0.7875847220420837,bored,1.0,0.8512086510658264,158.45352172851562,234.22268676757812,299.6376647949219,372.4136047363281,53.88504329504869
1503,50.1,bored,0.8047847151756287,bored,1.0,0.8475984156131744,159.07928466796875,234.5033416748047,299.83056640625,371.63250732421875,49.88586788458336
1504,50.13333333333333,bored,0.8319559097290039,bored,1.0,0.8448938866456349,159.2886962890625,234.4481658935547,300.1009826660156,372.17437744140625,51.010082091821225
1505,50.166666666666664,bored,0.8319559097290039,bored,1.0,0.8419939955075582,159.2886962890625,234.4481658935547,300.1009826660156,372.17437744140625,47.75860537672364
1506,50.2,bored,0.8350083231925964,bored,1.0,0.839122341076533,158.907470703125,234.60043334960938,300.4602355957031,372.1895446777344,52.50690401972935
1507,50.233333333333334,bored,0.8350083231925964,bored,1.0,0.8362506866455078,158.907470703125,234.60043334960938,300.4602355957031,372.1895446777344,52.83896244598697
1508,50.266666666666666,bored,0.8546456694602966,bored,1.0,0.8348032077153523,159.46234130859375,234.40451049804688,301.031494140625,372.5963439941406,52.43338792144313
1509,50.3,bored,0.7886640429496765,bored,1.0,0.8307473182678222,160.450439453125,234.4775848388672,301.6102294921875,371.76593017578125,50.111757607617776
1510,50.333333333333336,bored,0.7886640429496765,bored,1.0,0.8266914288202921,160.450439453125,234.4775848388672,301.6102294921875,371.76593017578125,52.65125153774698
1511,50.36666666666667,bored,0.8705400824546814,bored,1.0,0.8255700965722402,162.49160766601562,234.532470703125,303.6044616699219,371.693359375,48.559798087387406
1512,50.4,bored,0.839434027671814,bored,1.0,0.8233153045177459,164.86358642578125,234.15464782714844,304.742431640625,371.4510498046875,55.46040435294273
1513,50.43333333333333,bored,0.839434027671814,bored,1.0,0.8210605124632517,164.86358642578125,234.15464782714844,304.742431640625,371.4510498046875,51.77258251660207
1514,50.46666666666667,bored,0.8678101897239685,bored,1.0,0.8204280952612559,166.31927490234375,233.99688720703125,306.48699951171875,371.07708740234375,49.05274483661965
1515,50.5,bored,0.9078453183174133,bored,1.0,0.8206650575002035,165.41607666015625,234.04263305664062,307.41766357421875,371.7174987792969,55.117862727834215
1516,50.53333333333333,bored,0.8788204193115234,bored,1.0,0.8199345231056213,166.02783203125,233.68133544921875,307.7024841308594,371.51373291015625,57.0638077875432
1517,50.56666666666667,bored,0.8788204193115234,bored,1.0,0.8195703943570455,166.02783203125,233.68133544921875,307.7024841308594,371.51373291015625,52.241384034775244
1518,50.6,bored,0.8258693814277649,bored,1.0,0.8178438484668732,164.59451293945312,233.069580078125,307.8318176269531,371.00994873046875,43.366322711387745
1519,50.63333333333333,bored,0.8258693814277649,bored,1.0,0.8161173025767009,164.59451293945312,233.069580078125,307.8318176269531,371.00994873046875,50.33668166816682
1520,50.666666666666664,bored,0.8265644907951355,bored,1.0,0.814960652589798,165.3712158203125,233.0943603515625,308.0341796875,371.03607177734375,52.19132945099796
1521,50.7,bored,0.8605095744132996,bored,1.0,0.8151643832524618,165.82281494140625,233.5865936279297,307.52117919921875,370.47698974609375,49.71026962962963
1522,50.733333333333334,bored,0.8605095744132996,bored,1.0,0.8153681139151255,165.82281494140625,233.5865936279297,307.52117919921875,370.47698974609375,47.25071253956988
1523,50.766666666666666,bored,0.9056609869003296,bored,1.0,0.8167772273222605,165.70904541015625,234.34713745117188,307.7381286621094,370.6860656738281,56.52853176635489
1524,50.8,bored,0.9194526672363281,bored,1.0,0.820634788274765,166.51144409179688,233.69505310058594,307.5935363769531,369.782470703125,44.086990340246174
1525,50.833333333333336,bored,0.9194526672363281,bored,1.0,0.8244923492272694,166.51144409179688,233.69505310058594,307.5935363769531,369.782470703125,52.38231069925441
1526,50.86666666666667,bored,0.8808311820030212,bored,1.0,0.828170903523763,166.2127685546875,233.13795471191406,307.086669921875,370.287353515625,45.320799161507125
1527,50.9,bored,0.8245787024497986,bored,1.0,0.8300582985083262,165.67251586914062,233.55609130859375,307.38470458984375,370.412353515625,47.639267176266145
1528,50.93333333333333,bored,0.8305804133415222,bored,1.0,0.8321457505226135,165.21188354492188,232.7962646484375,307.3132629394531,369.93658447265625,46.889927333705984
1529,50.96666666666667,bored,0.8305804133415222,bored,1.0,0.8333641469478608,165.21188354492188,232.7962646484375,307.3132629394531,369.93658447265625,52.4832513732998
1530,51.0,bored,0.881242036819458,bored,1.0,0.8419140676657358,164.81732177734375,232.4108428955078,307.0977783203125,370.21697998046875,52.40325341396069
1531,51.03333333333333,bored,0.8502892851829529,bored,1.0,0.8494322299957275,165.18472290039062,232.51467895507812,306.9162902832031,370.3754577636719,50.342119160785444
1532,51.06666666666667,bored,0.8502892851829529,bored,1.0,0.8515223821004232,165.18472290039062,232.51467895507812,306.9162902832031,370.3754577636719,49.91495793119042
1533,51.1,bored,0.8695654273033142,bored,1.0,0.853681739171346,164.89691162109375,232.20462036132812,306.58203125,370.1097717285156,49.012047629620106
1534,51.13333333333333,bored,0.8695654273033142,bored,1.0,0.8549353897571563,164.89691162109375,232.20462036132812,306.58203125,370.1097717285156,54.98346944928752
1535,51.166666666666664,bored,0.7099549770355225,bored,1.0,0.850868692000707,165.2503662109375,232.00726318359375,307.552978515625,369.96075439453125,47.822315463024196
1536,51.2,frustrated,0.7729634046554565,bored,0.9666666666666667,0.8514156012699522,166.15505981445312,231.58139038085938,308.1210021972656,369.5215148925781,45.36982270922799
1537,51.233333333333334,frustrated,0.7729634046554565,bored,0.9333333333333333,0.8520015754870006,166.15505981445312,231.58139038085938,308.1210021972656,369.5215148925781,53.85252616036464
1538,51.266666666666666,frustrated,0.6970336437225342,bored,0.9,0.8519036460805822,169.18963623046875,228.19924926757812,307.8138427734375,368.9589538574219,47.579281711550244
1539,51.3,bored,0.4443768262863159,bored,0.9,0.839152267685643,170.52310180664062,218.76702880859375,312.9791259765625,364.54815673828125,59.436345085591206
1540,51.333333333333336,engaged,0.40666061639785767,bored,0.8666666666666667,0.8410941224831802,173.93035888671875,216.50674438476562,320.276123046875,360.4172668457031,47.98096458314267
1541,51.36666666666667,engaged,0.40666061639785767,bored,0.8333333333333334,0.8399162840843201,173.93035888671875,216.50674438476562,320.276123046875,360.4172668457031,53.94395071572801
1542,51.4,bored,0.6944200396537781,bored,0.8333333333333334,0.8341157245635986,180.685302734375,211.1239471435547,324.12579345703125,354.10772705078125,51.91612823369229
1543,51.43333333333333,engaged,0.9029049277305603,bored,0.8,0.8338941286007563,190.87429809570312,206.6444854736328,334.6882019042969,346.52691650390625,51.75916579255877
1544,51.46666666666667,engaged,0.8885559439659119,bored,0.7666666666666667,0.8324195172475732,199.11212158203125,204.7400360107422,339.83636474609375,343.86810302734375,44.22598536451633
1545,51.5,engaged,0.8788162469863892,bored,0.7333333333333333,0.8289910717443987,202.973876953125,204.50875854492188,341.49346923828125,341.0747375488281,56.92131476806992
1546,51.53333333333333,engaged,0.8788162469863892,bored,0.7,0.8266182456697736,202.973876953125,204.50875854492188,341.49346923828125,341.0747375488281,46.31161460576148
1547,51.56666666666667,engaged,0.8344164490699768,bored,0.6666666666666666,0.8240081369876862,207.17364501953125,203.56341552734375,346.708984375,337.98638916015625,56.09608131603584
1548,51.6,engaged,0.6250269412994385,bored,0.6333333333333333,0.8239101767539978,212.6802978515625,199.76611328125,348.4263916015625,336.6995849609375,53.22315559728955
1549,51.63333333333333,engaged,0.8937476277351379,bored,0.6,0.8238013320498996,218.49208068847656,199.05950927734375,354.95849609375,335.8480224609375,56.75955396773844
1550,51.666666666666664,engaged,0.8937476277351379,bored,0.5666666666666667,0.8236387933001799,218.49208068847656,199.05950927734375,354.95849609375,335.8480224609375,49.60796697772889
1551,51.7,engaged,0.8910242319107056,bored,0.5333333333333333,0.8213343694806099,220.8775634765625,198.67434692382812,360.63116455078125,335.0890197753906,47.71296938810334
1552,51.733333333333334,engaged,0.8758977651596069,bored,0.5,0.8187226891517639,223.2101593017578,197.83377075195312,361.91729736328125,334.6710510253906,53.38573937835705
1553,51.766666666666666,engaged,0.8758977651596069,bored,0.4666666666666667,0.8125128107411521,223.2101593017578,197.83377075195312,361.91729736328125,334.6710510253906,54.166879754110006
1554,51.8,engaged,0.887225866317749,engaged,0.4666666666666667,0.7956713480608804,224.56643676757812,197.3280487060547,363.6650085449219,334.49090576171875,48.09430111225777
1555,51.833333333333336,engaged,0.8887320160865784,engaged,0.5,0.8018753925959269,226.71963500976562,196.57554626464844,365.6875305175781,334.5279541015625,51.234398094423746
1556,51.86666666666667,engaged,0.8887320160865784,engaged,0.5333333333333333,0.8073039315640926,226.71963500976562,196.57554626464844,365.6875305175781,334.5279541015625,45.713986768536586
1557,51.9,engaged,0.8411608934402466,engaged,0.5666666666666667,0.8092955175568076,227.25856018066406,195.505126953125,366.2691650390625,334.41778564453125,52.532551789784826
1558,51.93333333333333,engaged,0.8411608934402466,engaged,0.6,0.8110658162169986,227.25856018066406,195.505126953125,366.2691650390625,334.41778564453125,51.141940911806664
1559,51.96666666666667,engaged,0.8770195841789246,engaged,0.6333333333333333,0.8145370671623632,229.62936401367188,195.71023559570312,367.5560607910156,334.2117614746094,47.53021700946229
1560,52.0,engaged,0.9150378108024597,engaged,0.6666666666666666,0.8195621043443679,232.54299926757812,195.8695526123047,369.9313659667969,334.44183349609375,51.479012224458735
1561,52.03333333333333,engaged,0.8548775911331177,engaged,0.7,0.8212437941914513,233.249755859375,196.698486328125,371.92864990234375,335.23675537109375,43.038808053030145
1562,52.06666666666667,engaged,0.8548775911331177,engaged,0.7333333333333333,0.8227726031433452,233.249755859375,196.698486328125,371.92864990234375,335.23675537109375,56.575043500546286
1563,52.1,engaged,0.8855124115943909,engaged,0.7666666666666667,0.8255004209020863,235.31350708007812,196.32699584960938,373.4673767089844,335.6920471191406,44.107853447187985
1564,52.13333333333333,engaged,0.8505148887634277,engaged,0.8,0.8265426903963089,236.203857421875,197.40667724609375,374.78936767578125,335.677490234375,52.46355710658311
1565,52.166666666666664,engaged,0.8505148887634277,engaged,0.8333333333333334,0.8275015783309937,236.203857421875,197.40667724609375,374.78936767578125,335.677490234375,49.20524160908483
1566,52.2,engaged,0.8586333394050598,engaged,0.8666666666666667,0.8286989537569193,237.69561767578125,197.77816772460938,376.0576171875,335.9023742675781,57.38232960297699
1567,52.233333333333334,engaged,0.8768523335456848,engaged,0.9,0.8304824122676143,237.39205932617188,197.79885864257812,377.0415954589844,335.7658996582031,50.65523363244405
1568,52.266666666666666,engaged,0.8768523335456848,engaged,0.9333333333333333,0.8321384808846882,237.39205932617188,197.79885864257812,377.0415954589844,335.7658996582031,48.30144179833249
1569,52.3,engaged,0.9138594269752502,engaged,0.9666666666666667,0.8349564445429835,237.425537109375,198.0401153564453,377.81683349609375,335.38555908203125,51.92834061730076
1570,52.333333333333336,engaged,0.899824857711792,engaged,0.9666666666666667,0.8519621080365675,238.2333984375,197.42626953125,378.356689453125,335.40667724609375,49.328503551771185
1571,52.36666666666667,engaged,0.6308386325836182,engaged,0.9666666666666667,0.8596923844567661,239.42550659179688,198.0101776123047,379.5360412597656,335.90948486328125,51.88658518481864
1572,52.4,engaged,0.5175475478172302,engaged,1.0,0.8482875565687815,239.61795043945312,196.93463134765625,380.3316345214844,336.64349365234375,53.08909562685906
1573,52.43333333333333,bored,0.7020238637924194,engaged,0.9666666666666667,0.8464041989425133,239.667236328125,198.4228515625,382.03411865234375,336.39923095703125,55.47801013187308
1574,52.46666666666667,bored,0.7020238637924194,engaged,0.9333333333333333,0.8448987794773919,239.667236328125,198.4228515625,382.03411865234375,336.39923095703125,44.283886225901135
1575,52.5,engaged,0.7331015467643738,engaged,0.9333333333333333,0.8396946830408913,239.53182983398438,197.92422485351562,380.3627624511719,336.1490173339844,56.81414155096512
1576,52.53333333333333,engaged,0.8470039963722229,engaged,0.9333333333333333,0.8385585312332425,239.20199584960938,197.73080444335938,380.9257507324219,336.0638732910156,45.158311800172264
1577,52.56666666666667,engaged,0.8470039963722229,engaged,0.9333333333333333,0.8390080864940371,239.20199584960938,197.73080444335938,380.9257507324219,336.0638732910156,53.669916826615484
1578,52.6,bored,0.6674284934997559,engaged,0.9,0.846933314093837,239.6094970703125,196.71287536621094,379.987060546875,337.1397705078125,51.659079712286925
1579,52.63333333333333,bored,0.45196351408958435,engaged,0.8666666666666667,0.8451327635691717,238.50845336914062,198.00018310546875,378.5375671386719,337.41607666015625,49.870446114334634
1580,52.666666666666664,bored,0.369022399187088,engaged,0.8333333333333334,0.8431881690025329,236.78684997558594,197.031494140625,376.6004638671875,337.4991455078125,55.06576166156835
1581,52.7,bored,0.369022399187088,engaged,0.8,0.8411949997146925,236.78684997558594,197.031494140625,376.6004638671875,337.4991455078125,49.85918238769421
1582,52.733333333333334,bored,0.7609339952468872,engaged,0.7666666666666667,0.8396861838257831,235.27235412597656,196.65951538085938,375.4945068359375,337.0021667480469,50.969789767894035
1583,52.766666666666666,bored,0.7609339952468872,engaged,0.7333333333333333,0.8380402028560638,235.27235412597656,196.65951538085938,375.4945068359375,337.0021667480469,53.634229303598374
1584,52.8,bored,0.8721500635147095,engaged,0.7,0.8356980284055074,235.0045928955078,195.41085815429688,374.23773193359375,335.5899353027344,43.789649520269776
1585,52.833333333333336,bored,0.6297100186347961,engaged,0.6666666666666666,0.8330463290214538,234.382080078125,193.5133819580078,372.3155517578125,334.76116943359375,49.61676958383609
1586,52.86666666666667,bored,0.6297100186347961,engaged,0.6333333333333333,0.8301155033864474,234.382080078125,193.5133819580078,372.3155517578125,334.76116943359375,49.71792987363979
1587,52.9,bored,0.3617447018623352,engaged,0.6,0.8295018706056807,232.7731170654297,193.44642639160156,369.90533447265625,334.8165283203125,53.71940879633188
1588,52.93333333333333,engaged,0.7769443392753601,engaged,0.6,0.8259342842631869,230.94715881347656,194.24017333984375,367.48681640625,333.82598876953125,50.659516390076575
1589,52.96666666666667,engaged,0.7769443392753601,engaged,0.6,0.8203745484352112,230.94715881347656,194.24017333984375,367.48681640625,333.82598876953125,49.21274698455907
1590,53.0,engaged,0.8516658544540405,engaged,0.6,0.8168538841936324,228.221435546875,193.83505249023438,366.85400390625,333.6524963378906,53.78140226701544
1591,53.03333333333333,engaged,0.7785271406173706,engaged,0.6,0.8126121924983131,227.67942810058594,193.61062622070312,366.005615234375,333.3889465332031,50.004220365049655
1592,53.06666666666667,engaged,0.8486451506614685,engaged,0.6,0.8122659458054436,226.1319580078125,193.3212432861328,366.25555419921875,334.15728759765625,47.566331738075256
1593,53.1,engaged,0.8486451506614685,engaged,0.6,0.8102177646425035,226.1319580078125,193.3212432861328,366.25555419921875,334.15728759765625,55.37400488481088
1594,53.13333333333333,engaged,0.8731181025505066,engaged,0.6,0.8114734987417856,225.85533142089844,193.18087768554688,365.4091796875,334.1027526855469,51.7208705838831
1595,53.166666666666664,engaged,0.8731181025505066,engaged,0.6,0.8127292328410678,225.85533142089844,193.18087768554688,365.4091796875,334.1027526855469,45.78334715976073
1596,53.2,engaged,0.8247163891792297,engaged,0.6,0.8108449578285217,225.54351806640625,193.47366333007812,365.3353271484375,334.1938171386719,54.859056189180706
1597,53.233333333333334,engaged,0.7964848875999451,engaged,0.6,0.8063800997204251,226.13246154785156,193.06228637695312,365.972900390625,334.5901184082031,50.03165817756731
1598,53.266666666666666,engaged,0.7964848875999451,engaged,0.6,0.8019152416123284,226.13246154785156,193.06228637695312,365.972900390625,334.5901184082031,50.776654600922484
1599,53.3,engaged,0.8678699731826782,engaged,0.6,0.7993602719571855,226.95858764648438,192.86605834960938,365.9872131347656,334.7362976074219,46.30241209913341
1600,53.333333333333336,engaged,0.8830304145812988,engaged,0.6,0.7984272473388248,228.27667236328125,192.57147216796875,366.8232421875,334.5269775390625,48.482898128561686
1601,53.36666666666667,engaged,0.8830304145812988,engaged,0.6,0.8124379018942515,228.27667236328125,192.57147216796875,366.8232421875,334.5269775390625,49.77220837783315
1602,53.4,engaged,0.8467764854431152,engaged,0.6,0.8307283984290229,229.1699981689453,193.11557006835938,367.65753173828125,334.9774475097656,52.36334581772784
1603,53.43333333333333,bored,0.38498586416244507,engaged,0.6,0.8307283984290229,230.33920288085938,193.73672485351562,367.9379577636719,334.5879821777344,53.87950569072271
1604,53.46666666666667,engaged,0.8487278819084167,engaged,0.6333333333333333,0.8316757396647805,231.13467407226562,194.16636657714844,369.2455749511719,335.1732177734375,58.63289298944573
1605,53.5,engaged,0.8487278819084167,engaged,0.6333333333333333,0.837761336251309,231.13467407226562,194.16636657714844,369.2455749511719,335.1732177734375,55.20346411508443
1606,53.53333333333333,bored,0.31006014347076416,engaged,0.6,0.8372478551334805,230.31454467773438,194.30218505859375,370.2823791503906,337.433837890625,48.24033308030272
1607,53.56666666666667,engaged,0.7994516491889954,engaged,0.6,0.8346060580677457,230.73504638671875,196.47402954101562,371.394287109375,338.8683166503906,46.36793172446577
1608,53.6,engaged,0.7994516491889954,engaged,0.6333333333333333,0.8327558260214957,230.73504638671875,196.47402954101562,371.394287109375,338.8683166503906,55.252186742544
1609,53.63333333333333,engaged,0.8236655592918396,engaged,0.6666666666666666,0.8323013126850128,231.34365844726562,197.59237670898438,371.9264221191406,340.1605529785156,52.629449777275866
1610,53.666666666666664,engaged,0.8236655592918396,engaged,0.7,0.8318900863329569,231.34365844726562,197.59237670898438,371.9264221191406,340.1605529785156,56.3334094419448
1611,53.7,engaged,0.8691076636314392,engaged,0.7333333333333333,0.8335817943919789,231.66567993164062,199.5552215576172,372.2525329589844,341.59869384765625,55.450872554204125
1612,53.733333333333334,bored,0.46382227540016174,engaged,0.7333333333333333,0.8335817943919789,230.79217529296875,202.7990264892578,371.73419189453125,343.56756591796875,45.13207222329825
1613,53.766666666666666,bored,0.46382227540016174,engaged,0.7333333333333333,0.8335817943919789,230.79217529296875,202.7990264892578,371.73419189453125,343.56756591796875,55.25145890690659
1614,53.8,engaged,0.5725436210632324,engaged,0.7666666666666667,0.8222323085950769,230.86183166503906,202.65650939941406,371.88818359375,345.20849609375,48.567670217693376
1615,53.833333333333336,engaged,0.5591307878494263,engaged,0.8,0.8112697452306747,230.38914489746094,203.73028564453125,372.3179931640625,347.53179931640625,47.79125599626266
1616,53.86666666666667,engaged,0.5815126895904541,engaged,0.8333333333333334,0.8020794630050659,228.7574462890625,203.7741241455078,373.0384521484375,349.17474365234375,47.49254373549227
1617,53.9,engaged,0.5815126895904541,engaged,0.8666666666666667,0.7935961255660424,228.7574462890625,203.7741241455078,373.0384521484375,349.17474365234375,47.20232280717549
1618,53.93333333333333,engaged,0.6660943031311035,engaged,0.8666666666666667,0.7893326626374171,228.37266540527344,204.5374298095703,373.6522216796875,351.18280029296875,50.659516390076575
1619,53.96666666666667,engaged,0.8788557648658752,engaged,0.8666666666666667,0.7932523328524369,227.65695190429688,205.9364471435547,373.0184020996094,350.83111572265625,56.864208242950106
1620,54.0,engaged,0.8788557648658752,engaged,0.8666666666666667,0.7942980986375076,227.65695190429688,205.9364471435547,373.0184020996094,350.83111572265625,52.48522161323422
1621,54.03333333333333,engaged,0.9023562669754028,engaged,0.8666666666666667,0.7990607573435857,226.64231872558594,205.5713348388672,372.98681640625,351.86737060546875,55.29735003295979
1622,54.06666666666667,engaged,0.9023562669754028,engaged,0.8666666666666667,0.8011265695095062,226.64231872558594,205.5713348388672,372.98681640625,351.86737060546875,52.44650069398422
1623,54.1,engaged,0.9040534496307373,engaged,0.8666666666666667,0.8032576579314011,226.6240234375,205.75390625,373.289794921875,352.37957763671875,48.79537443140175
1624,54.13333333333333,engaged,0.9161884784698486,engaged,0.8666666666666667,0.8049142108513758,226.317626953125,206.6547393798828,373.75103759765625,353.71978759765625,49.88883470317462
1625,54.166666666666664,engaged,0.9161884784698486,engaged,0.8666666666666667,0.8065707637713506,226.317626953125,206.6547393798828,373.75103759765625,353.71978759765625,50.61733222306699
1626,54.2,engaged,0.8994342684745789,engaged,0.8666666666666667,0.8094445283596332,227.7290496826172,208.06802368164062,374.00933837890625,354.3210754394531,47.30133525802959
1627,54.233333333333334,engaged,0.8287314772605896,engaged,0.8666666666666667,0.8106847818081195,228.76011657714844,208.27902221679688,375.0894775390625,354.6970520019531,56.08707977855634
1628,54.266666666666666,engaged,0.7448951005935669,engaged,0.8666666666666667,0.8087005592309512,229.21823120117188,208.70947265625,376.1264953613281,354.65338134765625,53.58078691875319
1629,54.3,engaged,0.7448951005935669,engaged,0.8666666666666667,0.8039707564390622,229.21823120117188,208.70947265625,376.1264953613281,354.65338134765625,48.2375590850019
1630,54.333333333333336,engaged,0.803482174873352,engaged,0.8666666666666667,0.8009112087579874,230.14312744140625,208.51336669921875,376.413818359375,354.84912109375,61.77360157883885
1631,54.36666666666667,bored,0.45742619037628174,engaged,0.8333333333333334,0.7976264405250549,229.85354614257812,210.10232543945312,377.7059020996094,355.3514099121094,48.04692082111437
1632,54.4,bored,0.45742619037628174,engaged,0.8,0.7955785219868025,229.85354614257812,210.10232543945312,377.7059020996094,355.3514099121094,49.16774904461585
1633,54.43333333333333,engaged,0.7024752497673035,engaged,0.8333333333333334,0.7918543910980225,230.57638549804688,208.31295776367188,377.0062561035156,355.2383728027344,53.463315148116045
1634,54.46666666666667,engaged,0.7123215794563293,engaged,0.8333333333333334,0.7863981389999389,231.28955078125,208.72991943359375,377.26385498046875,355.0989990234375,50.143509552160296
1635,54.5,engaged,0.7123215794563293,engaged,0.8333333333333334,0.7809418869018555,231.28955078125,208.72991943359375,377.26385498046875,355.0989990234375,52.536499824640515
1636,54.53333333333333,engaged,0.6671248078346252,engaged,0.8666666666666667,0.7765643069377313,231.54063415527344,208.8733673095703,377.7359619140625,354.70172119140625,54.587034892044194
1637,54.56666666666667,engaged,0.6671248078346252,engaged,0.8666666666666667,0.7714748130394862,231.54063415527344,208.8733673095703,377.7359619140625,354.70172119140625,51.928983533490154
1638,54.6,engaged,0.5997163653373718,engaged,0.8666666666666667,0.7637926867375007,232.2900848388672,208.81195068359375,378.13885498046875,354.73321533203125,52.526630849958046
1639,54.63333333333333,engaged,0.5626062750816345,engaged,0.8666666666666667,0.7537519450371082,233.339111328125,209.1839599609375,378.14776611328125,353.8948974609375,55.253642471347646
1640,54.666666666666664,engaged,0.752530038356781,engaged,0.8666666666666667,0.7510159634626828,233.92462158203125,208.92324829101562,378.78509521484375,353.2681579589844,51.00139836330695
1641,54.7,engaged,0.752530038356781,engaged,0.8666666666666667,0.7465322086444268,233.92462158203125,208.92324829101562,378.78509521484375,353.2681579589844,48.531142609198724
1642,54.733333333333334,engaged,0.8449922204017639,engaged,0.9,0.7501788757465504,235.89598083496094,208.32261657714844,379.7437744140625,352.1556396484375,53.2779167989838
1643,54.766666666666666,bored,0.861805260181427,engaged,0.9,0.7501788757465504,238.79122924804688,206.10311889648438,383.2220764160156,350.7168273925781,54.055882049695846
1644,54.8,bored,0.861805260181427,engaged,0.8666666666666667,0.757011000926678,238.79122924804688,206.10311889648438,383.2220764160156,350.7168273925781,51.87888383138729
1645,54.833333333333336,bored,0.5138528943061829,engaged,0.8333333333333334,0.7649262094497681,247.6439208984375,204.6388397216797,384.87921142578125,347.89898681640625,52.428144648191896
1646,54.86666666666667,bored,0.848855197429657,engaged,0.8,0.7725684394439062,250.6732940673828,202.5001983642578,392.95880126953125,345.31048583984375,47.47158023405844
1647,54.9,bored,0.848855197429657,engaged,0.7666666666666667,0.7808752111766649,250.6732940673828,202.5001983642578,392.95880126953125,345.31048583984375,52.495075032228186
1648,54.93333333333333,engaged,0.41369539499282837,engaged,0.7666666666666667,0.7699013456054355,260.99029541015625,201.41575622558594,397.04595947265625,341.349853515625,57.04595715742945
1649,54.96666666666667,engaged,0.41369539499282837,engaged,0.7666666666666667,0.7496769816979117,260.99029541015625,201.41575622558594,397.04595947265625,341.349853515625,40.00824144377886
1650,55.0,bored,0.8425025939941406,engaged,0.7333333333333333,0.7438052188266407,267.62664794921875,201.69358825683594,402.09991455078125,338.4984130859375,45.896570590681286
1651,55.03333333333333,engaged,0.688575804233551,engaged,0.7333333333333333,0.7340879250656475,272.36297607421875,201.4946746826172,408.39495849609375,337.96600341796875,48.636942379721
1652,55.06666666666667,bored,0.8314053416252136,engaged,0.7,0.7260751468794686,280.740234375,202.65145874023438,413.2694091796875,338.7840270996094,54.95897375420942
1653,55.1,bored,0.8314053416252136,engaged,0.6666666666666666,0.7171762317419053,280.740234375,202.65145874023438,413.2694091796875,338.7840270996094,53.1530097579521
1654,55.13333333333333,engaged,0.34825408458709717,engaged,0.6666666666666666,0.6887795120477677,284.3331298828125,204.0103759765625,419.899658203125,340.05126953125,48.00732533650765
1655,55.166666666666664,bored,0.8783901333808899,engaged,0.6333333333333333,0.6768106190781844,287.5289306640625,206.41323852539062,423.386962890625,343.8283386230469,48.20263405888708
1656,55.2,bored,0.8783901333808899,engaged,0.6,0.6644426385561625,287.5289306640625,206.41323852539062,423.386962890625,343.8283386230469,50.96545439080404
1657,55.233333333333334,bored,0.8780105113983154,engaged,0.5666666666666667,0.6547785892206079,292.1990966796875,208.49354553222656,427.67529296875,345.7462158203125,47.84195277746093
1658,55.266666666666666,bored,0.8095109462738037,engaged,0.5333333333333333,0.649146307259798,295.66558837890625,210.12705993652344,430.57513427734375,345.564697265625,54.951053348705585
1659,55.3,bored,0.8095109462738037,engaged,0.5,0.6427630543708801,295.66558837890625,210.12705993652344,430.57513427734375,345.564697265625,53.89612191925163
1660,55.333333333333336,bored,0.6938335299491882,bored,0.5333333333333333,0.7689366042613983,298.49090576171875,210.1979522705078,432.55023193359375,345.10504150390625,49.38309746391315
1661,55.36666666666667,bored,0.7817262411117554,bored,0.5333333333333333,0.7892053574323654,299.7146301269531,209.92539978027344,434.4526062011719,344.9881591796875,52.85227888456256
1662,55.4,bored,0.7817262411117554,bored,0.5333333333333333,0.8094741106033325,299.7146301269531,209.92539978027344,434.4526062011719,344.9881591796875,50.65401012040626
1663,55.43333333333333,frustrated,0.3134140372276306,bored,0.5333333333333333,0.8094741106033325,300.2301025390625,210.301513671875,433.2515869140625,343.9765625,49.6531868548158
1664,55.46666666666667,bored,0.8317538499832153,bored,0.5666666666666667,0.8107846835080315,301.0485534667969,209.59878540039062,432.2309875488281,342.5667419433594,55.16861115130151
1665,55.5,bored,0.8317538499832153,bored,0.6,0.8119496372010973,301.0485534667969,209.59878540039062,432.2309875488281,342.5667419433594,56.2510594925165
1666,55.53333333333333,bored,0.9442890882492065,bored,0.6333333333333333,0.8189148714667872,300.3191223144531,210.80706787109375,426.7431335449219,340.79669189453125,46.42746925537685
1667,55.56666666666667,bored,0.9126079082489014,bored,0.6666666666666666,0.8235995233058929,298.1387939453125,210.6627197265625,422.28485107421875,337.8548583984375,54.44814559993769
1668,55.6,bored,0.9126079082489014,bored,0.7,0.8278380178269886,298.1387939453125,210.6627197265625,422.28485107421875,337.8548583984375,52.26547040498443
1669,55.63333333333333,engaged,0.8346974849700928,bored,0.7,0.8278380178269886,291.29168701171875,210.53286743164062,415.63287353515625,335.1830139160156,51.45059555206634
1670,55.666666666666664,engaged,0.92207270860672,bored,0.7,0.8278380178269886,286.180419921875,208.7946319580078,406.74908447265625,332.30462646484375,47.86051394404126
1671,55.7,engaged,0.92207270860672,bored,0.7,0.8278380178269886,286.180419921875,208.7946319580078,406.74908447265625,332.30462646484375,50.97970197146122
1672,55.733333333333334,engaged,0.9311810731887817,bored,0.7,0.8278380178269886,280.689208984375,207.36654663085938,401.0572509765625,331.1896057128906,52.535841777621904
1673,55.766666666666666,engaged,0.9332890510559082,bored,0.6666666666666666,0.8261396557092666,274.71856689453125,203.9083251953125,397.6051025390625,328.4014892578125,51.16439977066738
1674,55.8,engaged,0.9332890510559082,bored,0.6333333333333333,0.8242625186317846,274.71856689453125,203.9083251953125,397.6051025390625,328.4014892578125,44.7149177514099
1675,55.833333333333336,engaged,0.9304333925247192,bored,0.6,0.8415074977609847,271.0539855957031,203.68826293945312,393.5018005371094,324.7461242675781,53.59105602759854
1676,55.86666666666667,engaged,0.9297579526901245,bored,0.5666666666666667,0.8410752801334157,268.59722900390625,203.55624389648438,390.70855712890625,323.2345275878906,47.52106229181301
1677,55.9,engaged,0.9297579526901245,bored,0.5333333333333333,0.8405890353024006,268.59722900390625,203.55624389648438,390.70855712890625,323.2345275878906,51.074682480729656
1678,55.93333333333333,engaged,0.9298291206359863,bored,0.5333333333333333,0.8405890353024006,267.48138427734375,201.8658905029297,390.01055908203125,321.49566650390625,52.15693199199174
1679,55.96666666666667,engaged,0.9284305572509766,bored,0.5333333333333333,0.8405890353024006,267.77081298828125,200.68727111816406,390.03558349609375,319.7213134765625,43.2888916411225
1680,56.0,engaged,0.9099767804145813,bored,0.5,0.8404614647229512,273.54071044921875,201.97369384765625,392.95904541015625,318.4854736328125,55.17949797400411
1681,56.03333333333333,engaged,0.9057596921920776,bored,0.5,0.8404614647229512,276.21282958984375,202.57456970214844,394.36151123046875,319.0321044921875,51.541006168743394
1682,56.06666666666667,engaged,0.8986010551452637,engaged,0.5,0.8791601777076721,278.515869140625,202.3318634033203,395.5684814453125,318.45904541015625,54.96689644326789
1683,56.1,engaged,0.8986010551452637,engaged,0.5333333333333333,0.8803752325475216,278.515869140625,202.3318634033203,395.5684814453125,318.45904541015625,55.18966288586542
1684,56.13333333333333,engaged,0.892055332660675,engaged,0.5333333333333333,0.9143628105521202,279.59564208984375,202.71099853515625,397.575927734375,319.68743896484375,51.21312836542571
1685,56.166666666666664,engaged,0.9175702333450317,engaged,0.5666666666666667,0.914551482481115,280.5270080566406,202.21148681640625,399.7083435058594,319.31964111328125,52.53452573303774
1686,56.2,engaged,0.9017452001571655,engaged,0.6,0.9138400223520067,281.38531494140625,202.3148193359375,400.25604248046875,320.01275634765625,54.795270755764584
1687,56.233333333333334,engaged,0.9017452001571655,engaged,0.6333333333333333,0.9132034527628046,281.38531494140625,202.3148193359375,400.25604248046875,320.01275634765625,47.50276343209205
1688,56.266666666666666,engaged,0.8034501671791077,engaged,0.6666666666666666,0.9077157884836197,281.9912109375,202.49307250976562,401.9420166015625,320.0342712402344,52.16147245367492
1689,56.3,engaged,0.8034501671791077,engaged,0.7,0.9027507588976905,281.9912109375,202.49307250976562,401.9420166015625,320.0342712402344,55.442809744748914
1690,56.333333333333336,engaged,0.9223602414131165,engaged,0.7333333333333333,0.9036420990120281,282.20458984375,202.7969512939453,402.445068359375,319.93109130859375,55.14177534707615
1691,56.36666666666667,engaged,0.9340477585792542,engaged,0.7666666666666667,0.9049640842106031,283.42523193359375,203.4900360107422,402.82354736328125,319.52642822265625,49.352300940143785
1692,56.4,engaged,0.9340477585792542,engaged,0.8,0.9061759039759636,283.42523193359375,203.4900360107422,402.82354736328125,319.52642822265625,53.50628276926609
1693,56.43333333333333,engaged,0.9319560527801514,engaged,0.8333333333333334,0.9072071099281311,283.34649658203125,203.91595458984375,403.39459228515625,319.9197998046875,47.15456221612627
1694,56.46666666666667,engaged,0.9301973581314087,engaged,0.8666666666666667,0.9080913502436417,284.283447265625,204.044677734375,404.3787841796875,320.18939208984375,50.07526265520535
1695,56.5,engaged,0.9301973581314087,engaged,0.9,0.908910091276522,284.283447265625,204.044677734375,404.3787841796875,320.18939208984375,44.66301778298371
1696,56.53333333333333,engaged,0.9314523935317993,engaged,0.9333333333333333,0.9097151734999248,284.8718566894531,204.0496368408203,404.6591491699219,320.42047119140625,50.38808265257088
1697,56.56666666666667,engaged,0.9371225237846375,engaged,0.9666666666666667,0.9106602545442253,285.34515380859375,205.27011108398438,404.44000244140625,320.6872863769531,46.402814501764595
1698,56.6,engaged,0.9394350051879883,engaged,1.0,0.9116194128990174,285.4787902832031,205.57106018066406,405.6229553222656,321.2618408203125,47.560398689178925
1699,56.63333333333333,engaged,0.9394350051879883,engaged,1.0,0.9151106635729472,285.4787902832031,205.57106018066406,405.6229553222656,321.2618408203125,51.12947228554362
1700,56.666666666666664,engaged,0.9394178986549377,engaged,1.0,0.9156888365745545,285.66143798828125,205.7754364013672,405.902587890625,321.46319580078125,42.45246963562753
1701,56.7,engaged,0.9394178986549377,engaged,1.0,0.9162670095761617,285.66143798828125,205.7754364013672,405.902587890625,321.46319580078125,55.78199518559402
1702,56.733333333333334,engaged,0.927446186542511,engaged,1.0,0.9161425133546194,285.7423095703125,206.7576904296875,404.61968994140625,322.41400146484375,55.88232786186314
1703,56.766666666666666,engaged,0.9321833252906799,engaged,1.0,0.9161056558291117,286.003173828125,206.7908172607422,405.25244140625,323.14691162109375,50.06808957646947
1704,56.8,engaged,0.9321833252906799,engaged,1.0,0.9160687983036041,286.003173828125,206.7908172607422,405.25244140625,323.14691162109375,52.34504792332268
1705,56.833333333333336,engaged,0.9023508429527283,engaged,1.0,0.915132713317871,286.13153076171875,207.98233032226562,404.84576416015625,323.7340393066406,48.23644957620784
1706,56.86666666666667,engaged,0.9301812648773193,engaged,1.0,0.9151468237241109,286.267578125,209.22659301757812,405.5267333984375,324.3065490722656,53.7503876565043
1707,56.9,engaged,0.9301812648773193,engaged,1.0,0.9151609341303507,286.267578125,209.22659301757812,405.5267333984375,324.3065490722656,50.57704783610076
1708,56.93333333333333,engaged,0.9261747002601624,engaged,1.0,0.9150391201178233,286.95611572265625,208.9078826904297,406.707275390625,324.90618896484375,52.88826681798121
1709,56.96666666666667,engaged,0.751532256603241,engaged,1.0,0.9091425100962321,287.7703552246094,210.090576171875,407.1775207519531,325.22723388671875,43.81114732180162
1710,57.0,engaged,0.7182639241218567,engaged,1.0,0.9027520815531412,287.84735107421875,209.1996307373047,407.69708251953125,325.41448974609375,52.13942618467505
1711,57.03333333333333,engaged,0.7182639241218567,engaged,1.0,0.8965022226174673,287.84735107421875,209.1996307373047,407.69708251953125,325.41448974609375,48.68549407435781
1712,57.06666666666667,engaged,0.8713703155517578,engaged,1.0,0.8955945312976837,287.9732666015625,208.52565002441406,406.88427734375,324.87841796875,46.41411134595594
1713,57.1,engaged,0.9178677201271057,engaged,1.0,0.8962367534637451,287.76220703125,208.11358642578125,407.162353515625,324.564453125,51.237527485951624
1714,57.13333333333333,engaged,0.9178677201271057,engaged,1.0,0.8970971663792928,287.76220703125,208.11358642578125,407.162353515625,324.564453125,54.73377614803409
1715,57.166666666666664,engaged,0.8681753277778625,engaged,1.0,0.8954506695270539,287.6337890625,207.8409423828125,406.93603515625,324.30316162109375,46.108986973011596
1716,57.2,engaged,0.8681753277778625,engaged,1.0,0.894331673781077,287.6337890625,207.8409423828125,406.93603515625,324.30316162109375,58.422999777133946
1717,57.233333333333334,engaged,0.9185866713523865,engaged,1.0,0.8948930561542511,287.13995361328125,207.67564392089844,405.80303955078125,324.0684814453125,49.18331593944582
1718,57.266666666666666,engaged,0.9098793268203735,engaged,1.0,0.8984406948089599,287.19305419921875,208.48468017578125,404.41058349609375,323.3128662109375,53.796577995536516
1719,57.3,engaged,0.9098793268203735,engaged,1.0,0.9019883334636688,287.19305419921875,208.48468017578125,404.41058349609375,323.3128662109375,46.353071193333776
1720,57.333333333333336,engaged,0.5932245254516602,engaged,1.0,0.8910171429316203,285.9922790527344,208.3263397216797,403.1333312988281,323.67596435546875,53.41225311039515
1721,57.36666666666667,engaged,0.5923894643783569,engaged,1.0,0.8796285331249237,285.17791748046875,208.2279052734375,401.07623291015625,322.7515869140625,49.843184789067145
1722,57.4,engaged,0.7519586682319641,engaged,1.0,0.8735588967800141,281.7030029296875,209.57781982421875,396.21044921875,323.28375244140625,52.14461186533393
1723,57.43333333333333,engaged,0.7519586682319641,engaged,1.0,0.8675589839617411,281.7030029296875,209.57781982421875,396.21044921875,323.28375244140625,49.89655008327385
1724,57.46666666666667,engaged,0.5025699734687805,engaged,1.0,0.8533047378063202,277.54486083984375,208.95240783691406,392.74566650390625,321.8961181640625,48.10257468891565
1725,57.5,engaged,0.7439146637916565,engaged,1.0,0.8470953146616618,272.713623046875,210.09011840820312,385.6783447265625,321.4072570800781,55.95762791007938
1726,57.53333333333333,engaged,0.7439146637916565,engaged,1.0,0.840844057003657,272.713623046875,210.09011840820312,385.6783447265625,321.4072570800781,49.034394070471606
1727,57.56666666666667,engaged,0.8367490172386169,engaged,1.0,0.837498273452123,266.7711181640625,210.00997924804688,377.461669921875,320.9560241699219,56.62621844201431
1728,57.6,engaged,0.8367490172386169,engaged,1.0,0.834075407187144,266.7711181640625,210.00997924804688,377.461669921875,320.9560241699219,58.96342114881772
1729,57.63333333333333,engaged,0.8845702409744263,engaged,1.0,0.8322465817133585,263.78131103515625,210.37698364257812,372.23199462890625,320.1961364746094,50.46204191631175
1730,57.666666666666664,engaged,0.7301841378211975,engaged,1.0,0.8252721230189005,257.35986328125,213.27752685546875,366.6822509765625,320.16387939453125,56.303161285992346
1731,57.7,engaged,0.7301841378211975,engaged,1.0,0.8182976643244425,257.35986328125,213.27752685546875,366.6822509765625,320.16387939453125,48.093198183736185
1732,57.733333333333334,engaged,0.9158458113670349,engaged,1.0,0.8179109851519267,252.08950805664062,213.4552001953125,360.6133117675781,320.42620849609375,50.84621166201964
1733,57.766666666666666,engaged,0.8925288319587708,engaged,1.0,0.8165891687075297,249.12664794921875,216.25897216796875,356.91888427734375,320.7421875,54.09562133230154
1734,57.8,engaged,0.8660712242126465,engaged,1.0,0.8143854320049286,247.72377014160156,217.32809448242188,355.45703125,321.9062194824219,51.42157980555862
1735,57.833333333333336,engaged,0.907659649848938,engaged,1.0,0.8145623922348022,244.54757690429688,217.75306701660156,354.9714050292969,324.4998779296875,58.722370005320194
1736,57.86666666666667,engaged,0.8415698409080505,engaged,1.0,0.8116086781024933,244.54031372070312,221.7423095703125,354.6152038574219,328.09759521484375,48.59467976642877
1737,57.9,engaged,0.5311338305473328,engaged,1.0,0.7983070969581604,246.4530487060547,223.54042053222656,354.17620849609375,329.5677490234375,58.45312521775486
1738,57.93333333333333,engaged,0.5311338305473328,engaged,1.0,0.7851390679677327,246.4530487060547,223.54042053222656,354.17620849609375,329.5677490234375,44.797060739728074
1739,57.96666666666667,engaged,0.8389041423797607,engaged,1.0,0.7880514641602834,247.64781188964844,224.46173095703125,355.8363037109375,330.99945068359375,56.99866822493409
1740,58.0,engaged,0.8389041423797607,engaged,1.0,0.7920728047688802,247.64781188964844,224.46173095703125,355.8363037109375,330.99945068359375,49.843184789067145
1741,58.03333333333333,engaged,0.8038615584373474,engaged,1.0,0.7949260592460632,248.20718383789062,224.531494140625,358.7512512207031,333.4178466796875,51.841692828714805
1742,58.06666666666667,engaged,0.7096667885780334,engaged,1.0,0.7895359416802724,248.43699645996094,223.812744140625,360.7408447265625,335.95416259765625,50.57521825109728
1743,58.1,engaged,0.34850794076919556,engaged,1.0,0.7705572823683421,249.14566040039062,225.0448455810547,363.9149475097656,338.23345947265625,56.76185836276779
1744,58.13333333333333,engaged,0.34850794076919556,engaged,1.0,0.7515786230564118,249.14566040039062,225.0448455810547,363.9149475097656,338.23345947265625,43.31705704961375
1745,58.166666666666664,confused,0.8025482296943665,engaged,0.9666666666666667,0.7475580470315342,250.13568115234375,222.9989471435547,367.23370361328125,340.51690673828125,53.896814484522174
1746,58.2,confused,0.8587573766708374,engaged,0.9333333333333333,0.7432502870048795,250.48516845703125,222.15379333496094,372.224609375,342.7666015625,52.536499824640515
1747,58.233333333333334,confused,0.8587573766708374,engaged,0.9,0.7367563468438608,250.48516845703125,222.15379333496094,372.224609375,342.7666015625,53.05618944012953
1748,58.266666666666666,confused,0.636410653591156,engaged,0.8666666666666667,0.730097770690918,251.9957275390625,221.76080322265625,376.0465087890625,344.123779296875,49.416261177939845
1749,58.3,confused,0.47022557258605957,engaged,0.8333333333333334,0.7229065084457398,254.4822998046875,221.61196899414062,380.725341796875,345.1266784667969,56.03687424013681
1750,58.333333333333336,confused,0.47022557258605957,engaged,0.8,0.7283099244038264,254.4822998046875,221.61196899414062,380.725341796875,345.1266784667969,49.7385653468047
1751,58.36666666666667,confused,0.5537303686141968,engaged,0.7666666666666667,0.7342195096223251,255.11260986328125,220.28526306152344,382.8238525390625,346.2467041015625,57.00486558482155
1752,58.4,confused,0.5537303686141968,engaged,0.7333333333333333,0.7334131842309778,255.11260986328125,220.28526306152344,382.8238525390625,346.2467041015625,52.49376102927373
1753,58.43333333333333,confused,0.5610713958740234,engaged,0.7,0.7325300659452166,256.0654296875,220.65240478515625,386.0791015625,347.56915283203125,49.71026962962963
1754,58.46666666666667,engaged,0.7380231022834778,engaged,0.7,0.7437421196982974,255.87123107910156,221.57421875,388.67919921875,350.26513671875,50.93265330904675
1755,58.5,engaged,0.7835791110992432,engaged,0.7,0.7456309029034206,256.2960205078125,221.85296630859375,390.39501953125,352.40716552734375,49.87756266945726
1756,58.53333333333333,engaged,0.7835791110992432,engaged,0.7,0.7475196861085438,256.2960205078125,221.85296630859375,390.39501953125,352.40716552734375,52.597110754414125
1757,58.56666666666667,engaged,0.7367194294929504,engaged,0.7,0.7427563724063692,257.41583251953125,222.68017578125,392.4083251953125,354.6903076171875,47.49361928594884
1758,58.6,confused,0.5189580917358398,engaged,0.6666666666666666,0.7380567401647568,255.82374572753906,222.00845336914062,393.4666748046875,355.5540466308594,53.89612191925163
1759,58.63333333333333,confused,0.5189580917358398,engaged,0.6333333333333333,0.7303455032800373,255.82374572753906,222.00845336914062,393.4666748046875,355.5540466308594,47.47372948500283
1760,58.666666666666664,confused,0.7738608717918396,engaged,0.6,0.7303544680277506,255.85618591308594,222.01495361328125,393.9127197265625,356.242431640625,52.732672022529826
1761,58.7,confused,0.8770542144775391,engaged,0.5666666666666667,0.7303644874516655,255.6121826171875,224.64688110351562,390.69903564453125,355.4750061035156,53.8801978290192
1762,58.733333333333334,confused,0.8770542144775391,engaged,0.5333333333333333,0.718771904706955,255.6121826171875,224.64688110351562,390.69903564453125,355.4750061035156,46.417193258153404
1763,58.766666666666666,confused,0.8111411929130554,engaged,0.5,0.7071881095568339,255.8175048828125,226.22747802734375,388.27386474609375,354.95477294921875,58.65093060003076
1764,58.8,engaged,0.8103962540626526,engaged,0.5,0.7034764448801677,255.77435302734375,226.06878662109375,385.79498291015625,353.42791748046875,47.966149377308646
1765,58.833333333333336,engaged,0.8103962540626526,engaged,0.5,0.6969922184944153,255.77435302734375,226.06878662109375,385.79498291015625,353.42791748046875,51.19562537380839
1766,58.86666666666667,engaged,0.7608872056007385,engaged,0.5,0.6916133761405945,256.0457763671875,225.49440002441406,384.21875,350.3944091796875,51.148177505701014
1767,58.9,engaged,0.7446724772453308,engaged,0.5,0.705849285920461,255.72467041015625,224.51400756835938,381.70330810546875,348.1777648925781,47.4979219749731
1768,58.93333333333333,engaged,0.7446724772453308,engaged,0.5,0.7200851957003276,255.72467041015625,224.51400756835938,381.70330810546875,348.1777648925781,49.42965564381172
1769,58.96666666666667,engaged,0.8128012418746948,engaged,0.5,0.7183450023333232,254.70437622070312,223.28985595703125,380.7009582519531,346.933349609375,53.81452399281498
1770,59.0,engaged,0.8139010667800903,engaged,0.5,0.7166781306266785,253.4932403564453,221.83909606933594,379.63336181640625,344.9913330078125,54.90932893462153
1771,59.03333333333333,engaged,0.8139010667800903,engaged,0.5,0.7173474311828614,253.4932403564453,221.83909606933594,379.63336181640625,344.9913330078125,52.53452573303774
1772,59.06666666666667,engaged,0.883503258228302,engaged,0.5,0.7289365291595459,252.59454345703125,221.2637176513672,377.69866943359375,344.04168701171875,51.52834221971056
1773,59.1,confused,0.5402900576591492,confused,0.5333333333333333,0.6676733531057835,251.46282958984375,219.9141845703125,378.1187744140625,343.5364990234375,52.81234968962087
1774,59.13333333333333,confused,0.5402900576591492,confused,0.5666666666666667,0.6601802180795109,251.46282958984375,219.9141845703125,378.1187744140625,343.5364990234375,46.78793016899994
1775,59.166666666666664,confused,0.4990842342376709,confused,0.5666666666666667,0.6423293948173523,250.81837463378906,219.07583618164062,375.9656982421875,342.4575500488281,50.60511805798535
1776,59.2,confused,0.8439263105392456,confused,0.5666666666666667,0.6414569791625527,249.61228942871094,219.03448486328125,375.41796875,342.4356689453125,54.48846393681147
1777,59.233333333333334,confused,0.8439263105392456,confused,0.5666666666666667,0.6405845635077533,249.61228942871094,219.03448486328125,375.41796875,342.4356689453125,44.716824631917866
1778,59.266666666666666,confused,0.8883591294288635,confused,0.5666666666666667,0.6554050620864419,248.55108642578125,219.07699584960938,375.391357421875,343.1280212402344,58.0630978584382
1779,59.3,confused,0.8266497254371643,confused,0.5666666666666667,0.6763711887247422,248.57554626464844,219.54644775390625,373.7757568359375,342.9415283203125,53.92938514156402
1780,59.333333333333336,confused,0.8266497254371643,confused,0.5666666666666667,0.6973373153630424,248.57554626464844,219.54644775390625,373.7757568359375,342.9415283203125,49.43140328340267
1781,59.36666666666667,confused,0.7373822927474976,confused,0.5666666666666667,0.7081403697238249,248.45697021484375,220.07540893554688,373.2557373046875,343.3870544433594,52.65786169838799
1782,59.4,confused,0.8481332659721375,confused,0.5666666666666667,0.7254581872154685,248.32052612304688,220.1953125,373.8197326660156,343.57177734375,43.59303642883126
1783,59.43333333333333,confused,0.8481332659721375,confused,0.5666666666666667,0.7423441795741811,248.32052612304688,220.1953125,373.8197326660156,343.57177734375,58.326320034487075
1784,59.46666666666667,confused,0.7826285362243652,confused,0.6,0.7445821993880801,248.4938507080078,220.34779357910156,373.64080810546875,343.58740234375,58.306049822064054
1785,59.5,confused,0.7472600340843201,confused,0.6333333333333333,0.7447231380563033,248.90008544921875,219.79534912109375,373.9874267578125,343.54107666015625,49.67141554458142
1786,59.53333333333333,confused,0.7472600340843201,confused,0.6666666666666666,0.7448499828577042,248.90008544921875,219.79534912109375,373.9874267578125,343.54107666015625,53.01729194053999
1787,59.56666666666667,confused,0.7730477452278137,confused,0.7,0.746192733446757,249.06838989257812,219.60910034179688,374.7127380371094,343.6682434082031,52.4806246168091
1788,59.6,confused,0.8622581958770752,confused,0.7,0.7625403574534825,249.1593017578125,219.4150848388672,375.11444091796875,343.52850341796875,46.68325801927743
1789,59.63333333333333,confused,0.8622581958770752,confused,0.7,0.778887981460208,249.1593017578125,219.4150848388672,375.11444091796875,343.52850341796875,58.68047064090547
1790,59.666666666666664,confused,0.8784844279289246,confused,0.7,0.783870055561974,249.14996337890625,219.6438751220703,375.329345703125,343.54840087890625,49.53941369617083
1791,59.7,confused,0.8771440982818604,confused,0.7,0.7838743357431321,249.1209259033203,219.32875061035156,375.38763427734375,343.5252685546875,45.3384354293003
1792,59.733333333333334,confused,0.8505256175994873,confused,0.7,0.7826110692251296,249.3472900390625,219.3115234375,375.60009765625,343.13763427734375,55.15337681464338
1793,59.766666666666666,confused,0.8505256175994873,confused,0.7,0.7844865180197216,249.3472900390625,219.3115234375,375.60009765625,343.13763427734375,56.31828130245049
1794,59.8,confused,0.8692675232887268,confused,0.7333333333333333,0.7883402000774037,249.198486328125,219.14849853515625,375.93902587890625,343.17352294921875,49.45296767043177
1795,59.833333333333336,confused,0.8692675232887268,confused,0.7666666666666667,0.7918587793474612,249.198486328125,219.14849853515625,375.93902587890625,343.17352294921875,55.451605653168336
1796,59.86666666666667,confused,0.8634766340255737,confused,0.8,0.7948428566257159,249.30067443847656,218.66802978515625,375.530517578125,343.16314697265625,52.4124211184005
1797,59.9,confused,0.876255452632904,confused,0.8333333333333334,0.7980993604660034,249.20703125,219.17684936523438,375.55340576171875,343.1615905761719,46.16430395350885
1798,59.93333333333333,confused,0.876255452632904,confused,0.8666666666666667,0.8011053640108842,249.20703125,219.17684936523438,375.55340576171875,343.1615905761719,51.89621509261207
1799,59.96666666666667,confused,0.8328632116317749,confused,0.9,0.8022815805894358,248.9259490966797,220.7091064453125,375.17547607421875,343.37408447265625,53.944644510752134
1800,60.0,confused,0.8525879979133606,confused,0.9333333333333333,0.8040782383510044,249.158447265625,219.22039794921875,375.048583984375,342.516357421875,49.65730184099923
1801,60.03333333333333,confused,0.8525879979133606,confused,0.9666666666666667,0.8057509886807409,249.158447265625,219.22039794921875,375.048583984375,342.516357421875,55.10627619460539
1802,60.06666666666667,confused,0.7970980405807495,confused,1.0,0.8054625570774079,249.127685546875,219.152587890625,374.3255615234375,342.44903564453125,52.20952001593308
1803,60.1,confused,0.47961705923080444,confused,1.0,0.803440123796463,249.56703186035156,219.31301879882812,374.076171875,342.1836242675781,48.647096347672786
1804,60.13333333333333,confused,0.6742545962333679,confused,1.0,0.8079056084156037,249.38204956054688,219.1131134033203,374.0254821777344,341.73773193359375,53.547268572304
1805,60.166666666666664,confused,0.6742545962333679,confused,1.0,0.8137446204821269,249.38204956054688,219.1131134033203,374.0254821777344,341.73773193359375,55.40838595471479
1806,60.2,confused,0.49571511149406433,confused,1.0,0.8021375805139541,249.433837890625,219.41355895996094,373.20526123046875,340.9813232421875,49.89833089451206
1807,60.233333333333334,confused,0.49571511149406433,confused,1.0,0.7905305405457814,249.433837890625,219.41355895996094,373.20526123046875,340.9813232421875,51.151920192202155
1808,60.266666666666666,engaged,0.41947537660598755,confused,0.9666666666666667,0.7871571409291235,249.05111694335938,219.6402587890625,372.8437194824219,340.8818359375,47.5479980048066
1809,60.3,confused,0.6479089260101318,confused,0.9666666666666667,0.780993665086812,248.9285888671875,220.14247131347656,371.22198486328125,340.93505859375,51.56635275025204
1810,60.333333333333336,confused,0.6479089260101318,confused,0.9666666666666667,0.7748301892445005,248.9285888671875,220.14247131347656,371.22198486328125,340.93505859375,47.48985507246377
1811,60.36666666666667,confused,0.6133055686950684,confused,0.9666666666666667,0.7705516815185547,248.63818359375,220.45928955078125,369.9158935546875,341.222900390625,52.529262213984246
1812,60.4,frustrated,0.7304487824440002,confused,0.9333333333333333,0.7677809106452125,247.76779174804688,221.51220703125,368.4695129394531,341.027587890625,49.43956056909131
1813,60.43333333333333,frustrated,0.7304487824440002,confused,0.9,0.764804897484956,247.76779174804688,221.51220703125,368.4695129394531,341.027587890625,53.341608271546846
1814,60.46666666666667,frustrated,0.7213879823684692,confused,0.8666666666666667,0.7641193729180557,248.5013427734375,223.7280731201172,366.8448486328125,341.03363037109375,57.02966850678487
1815,60.5,frustrated,0.8251062631607056,confused,0.8333333333333334,0.7647937464714051,247.38742065429688,222.76434326171875,366.8451232910156,341.2064208984375,44.2661263086795
1816,60.53333333333333,frustrated,0.8405323624610901,confused,0.8,0.7655243178208669,246.53692626953125,222.1475372314453,366.20257568359375,341.17852783203125,58.62387834400246
1817,60.56666666666667,frustrated,0.8405323624610901,confused,0.7666666666666667,0.7651972122814344,246.53692626953125,222.1475372314453,366.20257568359375,341.17852783203125,49.76157934700076
1818,60.6,frustrated,0.8273177146911621,confused,0.7333333333333333,0.7607853493907235,246.33290100097656,222.24844360351562,365.84765625,340.8510437011719,47.40022828212054
1819,60.63333333333333,frustrated,0.8844227194786072,confused,0.7,0.7559533090818495,245.91165161132812,221.56752014160156,366.2078552246094,340.4923095703125,55.675370013937744
1820,60.666666666666664,frustrated,0.8844227194786072,confused,0.6666666666666666,0.7498267531394959,245.91165161132812,221.56752014160156,366.2078552246094,340.4923095703125,50.243219932918066
1821,60.7,frustrated,0.8854112029075623,confused,0.6333333333333333,0.7431258402372661,246.04043579101562,221.670166015625,366.4212951660156,340.65057373046875,55.75752419440604
1822,60.733333333333334,frustrated,0.8854112029075623,confused,0.6,0.7371591859393649,246.04043579101562,221.670166015625,366.4212951660156,340.65057373046875,55.90914422820581
1823,60.766666666666666,frustrated,0.8669818639755249,confused,0.5666666666666667,0.730490572312299,246.2062530517578,221.939453125,366.49591064453125,340.26202392578125,47.07517564928506
1824,60.8,frustrated,0.8789341449737549,confused,0.5333333333333333,0.7218170128762722,246.22573852539062,221.7410888671875,366.9089660644531,340.17919921875,53.96477233251419
1825,60.833333333333336,frustrated,0.8789341449737549,confused,0.5,0.7119869788487753,246.22573852539062,221.7410888671875,366.9089660644531,340.17919921875,53.17322515212982
1826,60.86666666666667,frustrated,0.8638843297958374,frustrated,0.5,0.8362784385681152,246.83644104003906,221.9356689453125,367.1024169921875,339.9686279296875,52.30457663050256
1827,60.9,frustrated,0.9200341105461121,frustrated,0.5333333333333333,0.84151316806674,246.8966064453125,222.48236083984375,367.31451416015625,339.7437744140625,48.68436386428795
1828,60.93333333333333,frustrated,0.920132040977478,frustrated,0.5666666666666667,0.8461378076497246,247.43267822265625,222.8466796875,366.9910888671875,339.48919677734375,50.90298308211364
1829,60.96666666666667,frustrated,0.920132040977478,frustrated,0.6,0.8502485983901553,247.43267822265625,222.8466796875,366.9910888671875,339.48919677734375,47.310405504483676
1830,61.0,frustrated,0.8695114254951477,frustrated,0.6333333333333333,0.8512624313956813,248.15187072753906,223.4943084716797,367.431396484375,339.74029541015625,54.78739746068238
1831,61.03333333333333,engaged,0.4119787812232971,frustrated,0.6333333333333333,0.8512624313956813,247.1363067626953,221.93978881835938,367.72662353515625,339.8376159667969,45.14664600017222
1832,61.06666666666667,engaged,0.4119787812232971,frustrated,0.6333333333333333,0.8512624313956813,247.1363067626953,221.93978881835938,367.72662353515625,339.8376159667969,50.09679422865606
1833,61.1,frustrated,0.8554251790046692,frustrated,0.6666666666666666,0.8514705687761307,248.56094360351562,224.288330078125,368.1589660644531,340.28314208984375,49.90129919573597
1834,61.13333333333333,frustrated,0.8554251790046692,frustrated,0.7,0.8516588835489183,248.56094360351562,224.288330078125,368.1589660644531,340.28314208984375,53.558892634589846
1835,61.166666666666664,engaged,0.49857571721076965,frustrated,0.7,0.8516588835489183,247.5604248046875,222.49893188476562,368.10198974609375,340.0073547363281,45.3095387274495
1836,61.2,frustrated,0.8162360191345215,frustrated,0.7333333333333333,0.8500487533482638,248.9278564453125,224.22900390625,368.43438720703125,340.055908203125,51.94120196653911
1837,61.233333333333334,frustrated,0.8162360191345215,frustrated,0.7666666666666667,0.8485786344694055,248.9278564453125,224.22900390625,368.43438720703125,340.055908203125,56.97698807292091
1838,61.266666666666666,frustrated,0.8494102954864502,frustrated,0.8,0.8486132870117823,249.0151824951172,224.19931030273438,368.65899658203125,340.2115173339844,54.88777219430486
1839,61.3,frustrated,0.8460577130317688,frustrated,0.8333333333333334,0.8485110640525818,249.15597534179688,224.0266571044922,368.6281433105469,340.20220947265625,46.002281302097046
1840,61.333333333333336,frustrated,0.8564675450325012,frustrated,0.8666666666666667,0.8488170825518094,249.03643798828125,223.93441772460938,368.73052978515625,340.2958068847656,58.704288433546076
1841,61.36666666666667,frustrated,0.8564675450325012,frustrated,0.9,0.8491004330140574,249.03643798828125,223.93441772460938,368.73052978515625,340.2958068847656,58.693609101467935
1842,61.4,engaged,0.4930379092693329,frustrated,0.8666666666666667,0.8536639580359826,247.61195373535156,221.4254913330078,369.3330078125,340.25347900390625,52.71411514823985
1843,61.43333333333333,engaged,0.43665722012519836,frustrated,0.8333333333333334,0.8585925650596619,247.806640625,221.30763244628906,369.087890625,340.026123046875,46.378698748286084
1844,61.46666666666667,engaged,0.43665722012519836,frustrated,0.8,0.8643094226717949,247.806640625,221.30763244628906,369.087890625,340.026123046875,53.89889228713151
1845,61.5,engaged,0.4496883153915405,frustrated,0.7666666666666667,0.8660139078679292,247.8770751953125,221.7181396484375,369.02099609375,340.291748046875,51.986911254338125
1846,61.53333333333333,engaged,0.3522607684135437,frustrated,0.7333333333333333,0.8671721599318765,248.1597137451172,221.48333740234375,369.09271240234375,340.16217041015625,48.886371318344466
1847,61.56666666666667,engaged,0.3522607684135437,frustrated,0.7,0.8684407217161996,248.1597137451172,221.48333740234375,369.09271240234375,340.16217041015625,54.93449987557465
1848,61.6,engaged,0.5800315141677856,frustrated,0.6666666666666666,0.8704968720674515,247.935546875,221.89068603515625,369.1046142578125,340.2581787109375,46.01893727439299
1849,61.63333333333333,engaged,0.5800315141677856,frustrated,0.6333333333333333,0.8697639327300223,247.935546875,221.89068603515625,369.1046142578125,340.2581787109375,59.30692005316592
1850,61.666666666666664,engaged,0.7618346810340881,frustrated,0.6,0.8689495556884341,247.84280395507812,221.69313049316406,370.3207092285156,340.58203125,53.60612450954079
1851,61.7,engaged,0.8516399264335632,frustrated,0.5666666666666667,0.8679812234990737,247.9373779296875,222.3390350341797,369.8370361328125,340.66094970703125,48.13293550608217
1852,61.733333333333334,engaged,0.8595675826072693,frustrated,0.5333333333333333,0.8668918497860432,247.77044677734375,222.15220642089844,370.298583984375,340.785888671875,55.98675850285653
1853,61.766666666666666,engaged,0.8595675826072693,frustrated,0.5,0.8668858488400777,247.77044677734375,222.15220642089844,370.298583984375,340.785888671875,49.6520112697398
1854,61.8,engaged,0.8576885461807251,engaged,0.5333333333333333,0.574591051787138,247.89500427246094,221.7996368408203,370.6151123046875,341.12457275390625,51.76299843265991
1855,61.833333333333336,engaged,0.850127100944519,engaged,0.5666666666666667,0.5907990546787486,248.05621337890625,221.87692260742188,370.30938720703125,340.7770690917969,57.85725715231605
1856,61.86666666666667,engaged,0.850127100944519,engaged,0.6,0.6052061683601804,248.05621337890625,221.87692260742188,370.30938720703125,340.7770690917969,60.49855039016862
1857,61.9,engaged,0.8466129899024963,engaged,0.6333333333333333,0.617911790546618,248.32901000976562,221.84849548339844,370.2324523925781,341.070068359375,48.27309033572341
1858,61.93333333333333,engaged,0.844045877456665,engaged,0.6666666666666666,0.6292184948921203,248.25404357910156,221.8764190673828,371.034423828125,341.32781982421875,49.49498477732411
1859,61.96666666666667,engaged,0.844045877456665,engaged,0.7,0.6394483702523368,248.25404357910156,221.8764190673828,371.034423828125,341.32781982421875,50.29322397688166
1860,62.0,engaged,0.8376408815383911,engaged,0.7333333333333333,0.6484571207653392,248.366455078125,221.80355834960938,370.8443603515625,340.8374328613281,51.19000195274361
1861,62.03333333333333,engaged,0.773308515548706,engaged,0.7333333333333333,0.6648811995983124,248.52255249023438,222.29029846191406,370.5932922363281,340.814697265625,50.79940895768234
1862,62.06666666666667,engaged,0.773308515548706,engaged,0.7333333333333333,0.6813052784312855,248.52255249023438,222.29029846191406,370.5932922363281,340.814697265625,49.963120026683185
1863,62.1,engaged,0.7846776843070984,engaged,0.7666666666666667,0.6857997308606687,248.34727478027344,222.46621704101562,370.2950439453125,341.1111145019531,49.660829514912564
1864,62.13333333333333,engaged,0.5407095551490784,engaged,0.8,0.6797543068726858,248.6578369140625,222.86557006835938,370.4566650390625,341.1534729003906,50.37960938813751
1865,62.166666666666664,engaged,0.5407095551490784,engaged,0.8,0.6815098834534487,248.6578369140625,222.86557006835938,370.4566650390625,341.1534729003906,46.37664750110571
1866,62.2,engaged,0.7477887868881226,engaged,0.8333333333333334,0.6841610395908355,248.4892578125,222.75189208984375,370.1990966796875,341.65411376953125,48.63807038905317
1867,62.233333333333334,engaged,0.6681196093559265,engaged,0.8666666666666667,0.6835440615048776,248.63558959960938,222.60205078125,371.1480407714844,341.2286376953125,49.86807438055833
1868,62.266666666666666,engaged,0.6681196093559265,engaged,0.9,0.6829727854993608,248.63558959960938,222.60205078125,371.1480407714844,341.2286376953125,47.15562251253569
1869,62.3,engaged,0.8118278980255127,engaged,0.9333333333333333,0.6875747538038662,248.57080078125,221.98297119140625,371.00970458984375,340.93359375,58.436023183236735
1870,62.333333333333336,engaged,0.8549841046333313,engaged,0.9666666666666667,0.693347490039365,248.40855407714844,222.141845703125,371.2635498046875,340.9095458984375,47.42059265791586
1871,62.36666666666667,engaged,0.8549841046333313,engaged,1.0,0.6987353771924972,248.40855407714844,222.141845703125,371.2635498046875,340.9095458984375,43.403120990107205
1872,62.4,engaged,0.7667824625968933,engaged,1.0,0.7078601956367493,248.65737915039062,222.81776428222656,370.8255310058594,341.1478271484375,52.227072930804766
1873,62.43333333333333,engaged,0.8583350777626038,engaged,1.0,0.7219161242246628,248.54177856445312,222.1487579345703,371.5318298339844,341.14324951171875,50.706674565083354
1874,62.46666666666667,engaged,0.8583350777626038,engaged,1.0,0.7359720528125763,248.54177856445312,222.1487579345703,371.5318298339844,341.14324951171875,46.41051629893553
1875,62.5,engaged,0.802760660648346,engaged,1.0,0.7477411309878031,248.78717041015625,222.50637817382812,370.93646240234375,341.3260803222656,55.6886758633509
1876,62.53333333333333,engaged,0.8313045501708984,engaged,1.0,0.7637092570463816,248.72781372070312,222.47816467285156,371.2350769042969,341.055419921875,58.593576687202265
1877,62.56666666666667,engaged,0.8313045501708984,engaged,1.0,0.7796773831049602,248.72781372070312,222.47816467285156,371.2350769042969,341.055419921875,46.54597108011231
1878,62.6,engaged,0.8799011707305908,engaged,1.0,0.7896730383237203,248.4232177734375,222.34083557128906,371.30926513671875,341.0164794921875,53.93285242191619
1879,62.63333333333333,engaged,0.8930658102035522,engaged,1.0,0.8001075148582458,248.96414184570312,222.1875457763672,371.5572204589844,341.07440185546875,52.149798577609786
1880,62.666666666666664,engaged,0.8930658102035522,engaged,1.0,0.8044818858305613,248.96414184570312,222.1875457763672,371.5572204589844,341.07440185546875,49.865702872360664
1881,62.7,engaged,0.8462761044502258,engaged,1.0,0.80430309176445,249.29794311523438,222.43603515625,371.6410217285156,340.88067626953125,52.31436233239788
1882,62.733333333333334,engaged,0.8646162748336792,engaged,1.0,0.8044713815053304,249.26820373535156,222.6727294921875,371.4500732421875,341.23681640625,52.79240770808946
1883,62.766666666666666,engaged,0.8259773850440979,engaged,1.0,0.8033517082532247,249.2560272216797,222.50657653808594,372.02447509765625,341.6844482421875,59.804999073189514
1884,62.8,engaged,0.8259773850440979,engaged,1.0,0.8022946695486705,249.2560272216797,222.50657653808594,372.02447509765625,341.6844482421875,53.36468313039938
1885,62.833333333333336,engaged,0.861527681350708,engaged,1.0,0.8026746888955434,249.47894287109375,222.20318603515625,372.123779296875,341.89019775390625,46.91772654563352
1886,62.86666666666667,engaged,0.861527681350708,engaged,1.0,0.8030547082424164,249.47894287109375,222.20318603515625,372.123779296875,341.89019775390625,52.415696075981
1887,62.9,engaged,0.9175996780395508,engaged,1.0,0.8054209311803182,249.88958740234375,222.87933349609375,373.6627197265625,342.4803466796875,50.47357970613365
1888,62.93333333333333,engaged,0.7561195492744446,engaged,1.0,0.8024900535742442,250.9179229736328,225.43263244628906,374.27423095703125,343.207275390625,51.87952552351973
1889,62.96666666666667,engaged,0.7561195492744446,engaged,1.0,0.7995591759681702,250.9179229736328,225.43263244628906,374.27423095703125,343.207275390625,56.66906260977653
1890,63.0,engaged,0.4467398226261139,engaged,1.0,0.7865291406710943,250.99880981445312,225.73843383789062,376.1493835449219,345.0228576660156,61.28976824385539
1891,63.03333333333333,frustrated,0.838525652885437,engaged,0.9666666666666667,0.7869850242960041,251.77545166015625,227.2829132080078,376.71221923828125,344.25689697265625,48.56991986659873
1892,63.06666666666667,frustrated,0.838525652885437,engaged,0.9333333333333333,0.7874734710369792,251.77545166015625,227.2829132080078,376.71221923828125,344.25689697265625,52.608325912175296
1893,63.1,frustrated,0.865507960319519,engaged,0.9,0.7875770186936414,252.19281005859375,228.4478759765625,377.12835693359375,344.73919677734375,58.28012449977768
1894,63.13333333333333,frustrated,0.9118551015853882,engaged,0.8666666666666667,0.797071921137663,253.0223846435547,228.2977294921875,377.92755126953125,345.11163330078125,57.531088402715866
1895,63.166666666666664,frustrated,0.9105131030082703,engaged,0.8333333333333334,0.8073264157772064,253.03656005859375,228.60552978515625,377.97833251953125,345.39752197265625,52.197175035778734
1896,63.2,frustrated,0.9105131030082703,engaged,0.8,0.8098071503142515,253.03656005859375,228.60552978515625,377.97833251953125,345.39752197265625,49.71734054028425
1897,63.233333333333334,frustrated,0.9010162353515625,engaged,0.7666666666666667,0.8159674781820049,253.3443145751953,227.8563232421875,378.35821533203125,345.76690673828125,42.555844155844156
1898,63.266666666666666,frustrated,0.9035161733627319,engaged,0.7333333333333333,0.8226878358559175,253.30520629882812,228.68507385253906,378.2043151855469,345.7843017578125,58.73059258429483
1899,63.3,frustrated,0.9035161733627319,engaged,0.7,0.8232049757526034,253.30520629882812,228.68507385253906,378.2043151855469,345.7843017578125,55.46187107438016
1900,63.333333333333336,frustrated,0.9098225235939026,engaged,0.6666666666666666,0.8216160193085671,253.55715942382812,228.56253051757812,378.1842346191406,346.0942687988281,53.89889228713151
1901,63.36666666666667,frustrated,0.9098225235939026,engaged,0.6333333333333333,0.8198598042914742,253.55715942382812,228.56253051757812,378.1842346191406,346.0942687988281,56.08632978083254
1902,63.4,frustrated,0.9001553654670715,engaged,0.6,0.8228085454967287,253.671630859375,228.83737182617188,378.22540283203125,345.9463806152344,53.79588800389909
1903,63.43333333333333,frustrated,0.9103204011917114,engaged,0.5666666666666667,0.820718749481089,253.58409118652344,228.8113250732422,378.0931396484375,346.14312744140625,45.669686411149826
1904,63.46666666666667,frustrated,0.9103204011917114,engaged,0.5333333333333333,0.8183677289634943,253.58409118652344,228.8113250732422,378.0931396484375,346.14312744140625,53.541116699430674
1905,63.5,frustrated,0.9105912446975708,engaged,0.5,0.8194082001845042,253.89697265625,228.73397827148438,378.435302734375,345.8619689941406,49.479219997876584
1906,63.53333333333333,frustrated,0.8941501379013062,frustrated,0.5333333333333333,0.8955419845879078,253.59701538085938,228.76727294921875,378.5084533691406,345.9786376953125,57.546875214378815
1907,63.56666666666667,frustrated,0.880012571811676,frustrated,0.5666666666666667,0.8946284897187177,253.87109375,229.12347412109375,378.069580078125,345.77838134765625,48.52889655092619
1908,63.6,frustrated,0.880012571811676,frustrated,0.6,0.8938164942794375,253.87109375,229.12347412109375,378.069580078125,345.77838134765625,55.21799918377019
1909,63.63333333333333,frustrated,0.8991794586181641,frustrated,0.6333333333333333,0.8940987555604232,252.92910766601562,228.36659240722656,378.0784606933594,345.7708740234375,52.43273245493412
1910,63.666666666666664,frustrated,0.8850845098495483,frustrated,0.6666666666666666,0.8936480432748795,252.96328735351562,228.84701538085938,378.0986633300781,345.6451110839844,53.10791749496689
1911,63.7,frustrated,0.8850845098495483,frustrated,0.7,0.8932402559689113,252.96328735351562,228.84701538085938,378.0986633300781,345.6451110839844,47.646302396910144
1912,63.733333333333334,frustrated,0.8823745846748352,frustrated,0.7333333333333333,0.8927463618191805,253.1485595703125,229.10882568359375,377.81640625,345.64093017578125,55.94568566512385
1913,63.766666666666666,frustrated,0.8823745846748352,frustrated,0.7666666666666667,0.8922954149868177,253.1485595703125,229.10882568359375,377.81640625,345.64093017578125,45.6289462805422
1914,63.8,frustrated,0.8821706771850586,frustrated,0.8,0.8918735509117445,252.83636474609375,229.1956787109375,378.08331298828125,345.73919677734375,50.67849159648635
1915,63.833333333333336,frustrated,0.8940292000770569,frustrated,0.8333333333333334,0.8919597768783569,252.8608856201172,228.69351196289062,378.13983154296875,345.5325622558594,49.79820957898986
1916,63.86666666666667,frustrated,0.8940292000770569,frustrated,0.8666666666666667,0.8920393700783069,252.8608856201172,228.69351196289062,378.13983154296875,345.5325622558594,56.367477489584736
1917,63.9,frustrated,0.8630553483963013,frustrated,0.9,0.8909658877937882,252.60487365722656,228.59158325195312,378.0382080078125,345.6041564941406,48.1550401836969
1918,63.93333333333333,frustrated,0.8747134804725647,frustrated,0.9333333333333333,0.8903854446751731,252.3692169189453,228.27279663085938,378.08465576171875,345.4866638183594,47.504377470467645
1919,63.96666666666667,frustrated,0.912060022354126,frustrated,0.9666666666666667,0.8911328439054818,252.57382202148438,228.52110290527344,377.9659118652344,345.2918701171875,50.691353846897584
1920,64.0,frustrated,0.912060022354126,frustrated,1.0,0.8918304165204366,252.57382202148438,228.52110290527344,377.9659118652344,345.2918701171875,55.39521369327487
1921,64.03333333333333,engaged,0.3198855519294739,frustrated,0.9666666666666667,0.8936685118181952,251.8296356201172,224.09129333496094,378.89056396484375,345.911865234375,48.68379877893075
1922,64.06666666666666,engaged,0.6908570528030396,frustrated,0.9333333333333333,0.8956378996372223,252.08047485351562,224.32078552246094,377.8624572753906,345.1807861328125,54.30433600476456
1923,64.1,engaged,0.6908570528030396,frustrated,0.9,0.8967538233156558,252.08047485351562,224.32078552246094,377.8624572753906,345.1807861328125,56.16218098069147
1924,64.13333333333334,engaged,0.8785548806190491,frustrated,0.8666666666666667,0.896173004920666,251.7921142578125,222.23095703125,377.0452880859375,343.66864013671875,56.42662648657375
1925,64.16666666666667,engaged,0.8484749794006348,frustrated,0.8333333333333334,0.8955994009971618,252.64706420898438,221.8941192626953,377.1462097167969,342.34869384765625,47.93490285714286
1926,64.2,engaged,0.8484749794006348,frustrated,0.8,0.894977996746699,252.64706420898438,221.8941192626953,377.1462097167969,342.34869384765625,49.29719564655274
1927,64.23333333333333,engaged,0.8217484354972839,frustrated,0.7666666666666667,0.8947154646334441,252.5029296875,220.6919403076172,376.62744140625,341.43475341796875,53.23801787164906
1928,64.26666666666667,engaged,0.8217484354972839,frustrated,0.7333333333333333,0.8943154324184764,252.5029296875,220.6919403076172,376.62744140625,341.43475341796875,55.44940641442585
1929,64.3,engaged,0.8491420149803162,frustrated,0.7,0.8938773018973214,252.1467742919922,222.02708435058594,375.50347900390625,339.793212890625,54.69238091512472
1930,64.33333333333333,engaged,0.7622902393341064,frustrated,0.6666666666666666,0.8930800408124924,252.501953125,220.67506408691406,375.9539794921875,340.727783203125,52.50098885968206
1931,64.36666666666666,engaged,0.7421925663948059,frustrated,0.6333333333333333,0.8921988575082076,252.02403259277344,220.2467803955078,376.5050048828125,340.54461669921875,50.69870663604497
1932,64.4,engaged,0.7421925663948059,frustrated,0.6,0.8917568292882707,252.02403259277344,220.2467803955078,376.5050048828125,340.54461669921875,53.6006440812258
1933,64.43333333333334,engaged,0.7629913091659546,frustrated,0.5666666666666667,0.8906648544704213,252.32101440429688,220.12042236328125,376.1082458496094,340.24560546875,51.133835613098285
1934,64.46666666666667,engaged,0.732175350189209,frustrated,0.5333333333333333,0.8894363828003407,252.1055908203125,219.81280517578125,375.69036865234375,339.7894287109375,52.259609514197784
1935,64.5,engaged,0.732175350189209,frustrated,0.5,0.8880260586738586,252.1055908203125,219.81280517578125,375.69036865234375,339.7894287109375,49.84377710965074
1936,64.53333333333333,engaged,0.6888822317123413,engaged,0.5333333333333333,0.7457901872694492,251.37918090820312,220.16839599609375,374.3820495605469,338.8377685546875,47.5479980048066
1937,64.56666666666666,engaged,0.7128819823265076,engaged,0.5666666666666667,0.7438544105080998,251.41827392578125,220.12521362304688,374.08355712890625,338.6637878417969,47.88892948483741
1938,64.6,engaged,0.7128819823265076,engaged,0.6,0.7421337200535668,251.41827392578125,220.12521362304688,374.08355712890625,338.6637878417969,46.110507684527605
1939,64.63333333333334,engaged,0.737827718257904,engaged,0.6333333333333333,0.7419070883801109,251.0376434326172,219.8887939453125,373.68389892578125,338.73956298828125,55.10627619460539
1940,64.66666666666667,engaged,0.737827718257904,engaged,0.6666666666666666,0.7417031198740005,251.0376434326172,219.8887939453125,373.68389892578125,338.73956298828125,58.37015182932769
1941,64.7,engaged,0.7602319717407227,engaged,0.7,0.7425854461533683,250.8345489501953,219.7228240966797,373.95977783203125,338.83966064453125,49.432568445120154
1942,64.73333333333333,engaged,0.8523682951927185,engaged,0.7333333333333333,0.7475755756551569,250.44561767578125,219.60321044921875,374.1239013671875,339.05877685546875,49.263612872915196
1943,64.76666666666667,engaged,0.802749514579773,engaged,0.7666666666666667,0.7499744425649228,250.28953552246094,219.64808654785156,374.244873046875,338.851806640625,47.488242020764694
1944,64.8,engaged,0.802749514579773,engaged,0.8,0.7521734038988749,250.28953552246094,219.64808654785156,374.244873046875,338.851806640625,55.60230134952409
1945,64.83333333333333,engaged,0.8446570038795471,engaged,0.8333333333333334,0.7558727478981018,250.37493896484375,219.73248291015625,373.982177734375,338.6600341796875,54.719494853296105
1946,64.86666666666666,engaged,0.796050488948822,engaged,0.8666666666666667,0.7574180456308218,250.18955993652344,219.8776092529297,373.7069091796875,338.67547607421875,48.515985749317544
1947,64.9,engaged,0.796050488948822,engaged,0.9,0.7588488768648218,250.18955993652344,219.8776092529297,373.7069091796875,338.67547607421875,55.267475721758835
1948,64.93333333333334,engaged,0.6882857084274292,engaged,0.9333333333333333,0.7563287637063435,250.46380615234375,219.87042236328125,374.2298583984375,338.8099365234375,55.05130661906574
1949,64.96666666666667,engaged,0.796967089176178,engaged,0.9666666666666667,0.7577300852742689,250.5749053955078,219.74853515625,374.28826904296875,338.7672119140625,47.50330143269721
1950,65.0,engaged,0.796967089176178,engaged,1.0,0.7590379854043324,250.5749053955078,219.74853515625,374.28826904296875,338.7672119140625,45.34676843903388
1951,65.03333333333333,engaged,0.7937618494033813,engaged,1.0,0.774833861986796,250.4085693359375,220.09988403320312,374.01190185546875,339.0624694824219,51.42725422398784
1952,65.06666666666666,engaged,0.8103040456771851,engaged,1.0,0.7788154284159342,250.6061553955078,219.8739471435547,373.97467041015625,338.98040771484375,45.55757825907501
1953,65.1,engaged,0.8103040456771851,engaged,1.0,0.7827969948450725,250.6061553955078,219.8739471435547,373.97467041015625,338.98040771484375,52.23032476588962
1954,65.13333333333334,engaged,0.7093230485916138,engaged,1.0,0.7771559337774913,250.5386962890625,219.88723754882812,374.2288818359375,338.8335266113281,53.74074596076723
1955,65.16666666666667,engaged,0.30793166160583496,engaged,1.0,0.7591378231843312,251.5172119140625,219.51715087890625,374.8734130859375,340.0604248046875,50.657680833846634
1956,65.2,engaged,0.30793166160583496,engaged,1.0,0.7411197125911713,251.5172119140625,219.51715087890625,374.8734130859375,340.0604248046875,49.739155183454685
1957,65.23333333333333,engaged,0.6139142513275146,engaged,1.0,0.7341919064521789,250.5219268798828,219.93333435058594,373.95037841796875,339.3529052734375,45.35069091538179
1958,65.26666666666667,engaged,0.6235685348510742,engaged,1.0,0.727585909763972,250.50784301757812,220.19117736816406,374.1590270996094,339.5250244140625,52.49244709209917
1959,65.3,engaged,0.6178898811340332,engaged,1.0,0.7198775053024292,251.371826171875,219.47116088867188,375.2017822265625,340.5442199707031,54.92370950422963
1960,65.33333333333333,engaged,0.4496940076351166,engaged,1.0,0.7094576309124628,251.40379333496094,219.39129638671875,375.1234130859375,340.43621826171875,42.235733634084205
1961,65.36666666666666,engaged,0.4450424015522003,engaged,1.0,0.6995526254177094,251.28475952148438,219.572998046875,374.9158020019531,340.43218994140625,49.65965356791892
1962,65.4,engaged,0.4450424015522003,engaged,1.0,0.6896476199229559,251.28475952148438,219.572998046875,374.9158020019531,340.43218994140625,47.338171393745135
1963,65.43333333333334,engaged,0.4600493609905243,engaged,1.0,0.6795495549837748,250.81338500976562,220.31565856933594,374.0779113769531,339.2506103515625,50.651563273636285
1964,65.46666666666667,engaged,0.569615364074707,engaged,1.0,0.6741308887799581,251.01388549804688,220.75579833984375,374.0371398925781,339.55535888671875,55.42083217716468
1965,65.5,engaged,0.569615364074707,engaged,1.0,0.6687122225761414,251.01388549804688,220.75579833984375,374.0371398925781,339.55535888671875,47.397550061022464
1966,65.53333333333333,engaged,0.49623045325279236,engaged,1.0,0.6622904966274897,251.02496337890625,220.8770751953125,373.920654296875,339.556640625,49.879342125605014
1967,65.56666666666666,frustrated,0.7223520874977112,engaged,0.9666666666666667,0.6605459626378685,251.47528076171875,220.7788543701172,373.220703125,339.14959716796875,51.08339118467366
1968,65.6,frustrated,0.7223520874977112,engaged,0.9333333333333333,0.6586768190775599,251.47528076171875,220.7788543701172,373.220703125,339.14959716796875,55.406922060766185
1969,65.63333333333334,engaged,0.4250223636627197,engaged,0.9333333333333333,0.647505199270589,251.66506958007812,220.03421020507812,375.1809387207031,340.4093933105469,52.43732106467301
1970,65.66666666666667,frustrated,0.788798451423645,engaged,0.9,0.6441599207895773,251.62940979003906,221.09796142578125,373.816650390625,339.00347900390625,53.963383724670315
1971,65.7,frustrated,0.788798451423645,engaged,0.8666666666666667,0.6396956111376102,251.62940979003906,221.09796142578125,373.816650390625,339.00347900390625,48.652174921702816
1972,65.73333333333333,engaged,0.37601688504219055,engaged,0.8666666666666667,0.6213744030548976,251.44195556640625,220.03091430664062,375.0106201171875,340.7875061035156,51.61203947530333
1973,65.76666666666667,engaged,0.5291239023208618,engaged,0.8666666666666667,0.6108503410449395,251.12989807128906,219.9153289794922,375.776123046875,340.85882568359375,47.44956162678884
1974,65.8,engaged,0.5291239023208618,engaged,0.8666666666666667,0.6003262790349814,251.12989807128906,219.9153289794922,375.776123046875,340.85882568359375,49.09695770757003
1975,65.83333333333333,engaged,0.37542980909347534,engaged,0.8666666666666667,0.582279079235517,251.3989715576172,219.84652709960938,376.15020751953125,340.6609802246094,54.34021713782292
1976,65.86666666666666,engaged,0.46444278955459595,engaged,0.8666666666666667,0.5695249369511237,251.35484313964844,220.07606506347656,375.8077392578125,340.68896484375,48.758503638604076
1977,65.9,engaged,0.5834658741950989,engaged,0.8666666666666667,0.5613486056144421,251.3060302734375,219.97410583496094,376.0701904296875,341.0257568359375,53.28197766739923
1978,65.93333333333334,engaged,0.5834658741950989,engaged,0.8666666666666667,0.5573170735285833,251.3060302734375,219.97410583496094,376.0701904296875,341.0257568359375,52.37903991208352
1979,65.96666666666667,engaged,0.4970141053199768,engaged,0.8666666666666667,0.5457804203033447,251.3783416748047,219.9639892578125,376.19000244140625,340.97052001953125,47.500073611850375
1980,66.0,engaged,0.4970141053199768,engaged,0.8666666666666667,0.5342437670781062,251.3783416748047,219.9639892578125,376.19000244140625,340.97052001953125,53.73936885802509
1981,66.03333333333333,engaged,0.43772444128990173,engaged,0.8666666666666667,0.5205500206122031,251.50473022460938,220.00082397460938,376.1882629394531,341.0721740722656,49.38542328976804
1982,66.06666666666666,engaged,0.37614208459854126,engaged,0.8666666666666667,0.50385148364764,251.57632446289062,220.12307739257812,375.7974548339844,340.6196594238281,52.79838872104733
1983,66.1,engaged,0.37614208459854126,neutral,0.8666666666666667,0.48715294668307674,251.57632446289062,220.12307739257812,375.7974548339844,340.6196594238281,49.76098897839576
1984,66.13333333333334,frustrated,0.8434885144233704,neutral,0.8333333333333334,0.4782661426067352,252.01788330078125,221.06614685058594,374.2440185546875,339.3560791015625,48.62002851611856
1985,66.16666666666667,frustrated,0.8540448546409607,neutral,0.8,0.4853634126484394,252.0562286376953,220.9342041015625,374.47662353515625,339.57318115234375,55.247820016333414
1986,66.2,frustrated,0.8540448546409607,neutral,0.7666666666666667,0.49307783660681354,252.0562286376953,220.9342041015625,374.47662353515625,339.57318115234375,55.79312546557412
1987,66.23333333333333,frustrated,0.8160805702209473,neutral,0.7333333333333333,0.4875852723013271,251.7149200439453,221.10166931152344,374.45684814453125,339.781005859375,44.43071577631593
1988,66.26666666666667,frustrated,0.8394036293029785,neutral,0.7,0.48110987884657724,251.90652465820312,221.1959228515625,374.2979431152344,339.3984375,53.58831721371169
1989,66.3,frustrated,0.8343235850334167,neutral,0.6666666666666666,0.4742708787322044,251.8700408935547,220.63412475585938,374.69378662109375,339.4786071777344,56.42586738057121
1990,66.33333333333333,frustrated,0.8343235850334167,neutral,0.6333333333333333,0.4755643982636301,251.8700408935547,220.63412475585938,374.69378662109375,339.4786071777344,53.231261263547985
1991,66.36666666666666,frustrated,0.8196674585342407,neutral,0.6,0.4772600647475984,251.78334045410156,220.75572204589844,374.7601318359375,339.6832275390625,57.697283169406425
1992,66.4,frustrated,0.8196674585342407,neutral,0.5666666666666667,0.47915522140615124,251.78334045410156,220.75572204589844,374.7601318359375,339.6832275390625,50.687065704721505
1993,66.43333333333334,frustrated,0.8027646541595459,neutral,0.5333333333333333,0.48034933768212795,251.90980529785156,221.18817138671875,374.34716796875,339.56341552734375,53.86566665810495
1994,66.46666666666667,engaged,0.4821462631225586,neutral,0.5333333333333333,0.4748825188726187,251.55429077148438,219.7921905517578,375.7809753417969,341.04815673828125,52.371191689141945
1995,66.5,engaged,0.4821462631225586,neutral,0.5333333333333333,0.4694157000631094,251.55429077148438,219.7921905517578,375.7809753417969,341.04815673828125,45.359518968724316
1996,66.53333333333333,engaged,0.5315831899642944,neutral,0.5333333333333333,0.4716252461075783,251.6796417236328,219.74911499023438,375.90997314453125,341.0268249511719,50.50153516429268
1997,66.56666666666666,engaged,0.4380851984024048,neutral,0.5666666666666667,0.46965230212492104,251.76626586914062,219.75889587402344,376.2369689941406,340.8631591796875,48.64314707860738
1998,66.6,engaged,0.4380851984024048,neutral,0.6,0.46789857414033675,251.76626586914062,219.75889587402344,376.2369689941406,340.8631591796875,50.00362422508345
1999,66.63333333333334,engaged,0.36133483052253723,neutral,0.6,0.4643603778547711,252.0415496826172,220.372314453125,375.98602294921875,340.7705078125,52.037219920101236
2000,66.66666666666667,engaged,0.36638137698173523,neutral,0.6333333333333333,0.45920358833513764,251.9779510498047,220.27157592773438,376.36187744140625,340.7877502441406,52.89827216546853
2001,66.7,engaged,0.46858543157577515,neutral,0.6666666666666666,0.4596726804971695,251.87033081054688,220.29783630371094,376.4186096191406,341.09765625,52.490476309663855
2002,66.73333333333333,engaged,0.46858543157577515,neutral,0.6666666666666666,0.4643011078238487,251.87033081054688,220.29783630371094,376.4186096191406,341.09765625,49.7385653468047
2003,66.76666666666667,engaged,0.5403692126274109,neutral,0.6666666666666666,0.46486337333917616,251.75665283203125,220.65921020507812,376.6583251953125,341.4573669433594,55.94195475885617
2004,66.8,engaged,0.5403692126274109,neutral,0.6666666666666666,0.4654256388545036,251.75665283203125,220.65921020507812,376.6583251953125,341.4573669433594,53.54590136727477
2005,66.83333333333333,engaged,0.536780059337616,neutral,0.6666666666666666,0.47349315136671066,251.83856201171875,220.42144775390625,376.77801513671875,341.34320068359375,53.971716443838226
2006,66.86666666666666,engaged,0.4987823963165283,neutral,0.6666666666666666,0.4752101317048073,251.9828643798828,220.2591094970703,376.71771240234375,341.40020751953125,43.7453483521068
2007,66.9,engaged,0.4987823963165283,neutral,0.6666666666666666,0.47097595781087875,251.9828643798828,220.2591094970703,376.71771240234375,341.40020751953125,55.144675256376544
2008,66.93333333333334,engaged,0.6548526883125305,neutral,0.6666666666666666,0.4745452985167503,251.9799346923828,220.84307861328125,376.42755126953125,341.123779296875,47.873078196158104
2009,66.96666666666667,engaged,0.6057063937187195,neutral,0.6666666666666666,0.47997991293668746,251.82733154296875,220.60891723632812,376.69635009765625,341.4582214355469,49.57161598373734
2010,67.0,engaged,0.49701669812202454,neutral,0.6666666666666666,0.47998004257678983,251.7152099609375,220.9777069091797,377.40087890625,341.89654541015625,53.55000319182892
2011,67.03333333333333,engaged,0.49701669812202454,neutral,0.6666666666666666,0.482944655418396,251.7152099609375,220.9777069091797,377.40087890625,341.89654541015625,44.26519197078751
2012,67.06666666666666,engaged,0.5015289783477783,neutral,0.6666666666666666,0.48921400010585786,251.91021728515625,222.489990234375,376.20361328125,342.33489990234375,54.31769794607475
2013,67.1,engaged,0.8597074747085571,engaged,0.6666666666666666,0.5133922696113586,251.06997680664062,221.86207580566406,375.2419738769531,342.233154296875,50.91472341252018
2014,67.13333333333334,engaged,0.8126484751701355,engaged,0.7,0.5276425651141575,250.9443359375,221.3288116455078,375.0970458984375,342.32952880859375,58.59521381372152
2015,67.16666666666667,engaged,0.8583313822746277,engaged,0.7333333333333333,0.542673874985088,250.73248291015625,221.3115692138672,375.20330810546875,342.38482666015625,54.52246256239601
2016,67.2,engaged,0.8583313822746277,engaged,0.7666666666666667,0.5563981144324593,250.73248291015625,221.3115692138672,375.20330810546875,342.38482666015625,50.536218612945206
2017,67.23333333333333,engaged,0.8439093232154846,engaged,0.8,0.568377748131752,250.923095703125,221.47268676757812,375.95068359375,342.6941833496094,50.37416379424234
2018,67.26666666666667,engaged,0.8419992923736572,engaged,0.8333333333333334,0.5793226099014283,250.7982177734375,221.46307373046875,375.39227294921875,342.72467041015625,52.31566736931386
2019,67.3,engaged,0.7408556938171387,engaged,0.8666666666666667,0.5855354208212632,250.80780029296875,221.07937622070312,375.6392822265625,342.6555480957031,54.75092354484577
2020,67.33333333333333,engaged,0.7408556938171387,engaged,0.9,0.5912880235248141,250.80780029296875,221.07937622070312,375.6392822265625,342.6555480957031,47.813592941337404
2021,67.36666666666666,engaged,0.7661402225494385,engaged,0.9333333333333333,0.5975327449185508,250.6536865234375,221.50137329101562,376.58843994140625,343.6311950683594,55.699029255142555
2022,67.4,engaged,0.5963202118873596,engaged,0.9666666666666667,0.5974909334347166,250.95640563964844,221.4757537841797,376.8050537109375,343.45367431640625,43.26924227575179
2023,67.43333333333334,engaged,0.5963202118873596,engaged,1.0,0.597451909383138,250.95640563964844,221.4757537841797,376.8050537109375,343.45367431640625,52.51808073725333
2024,67.46666666666667,engaged,0.76155686378479,engaged,1.0,0.6067655960718791,251.13168334960938,221.6566925048828,376.7870788574219,343.34368896484375,52.37903991208352
2025,67.5,engaged,0.6489500999450684,engaged,1.0,0.6123257239659627,251.2059326171875,222.26951599121094,376.55694580078125,343.40087890625,50.85545923006972
2026,67.53333333333333,engaged,0.6489500999450684,engaged,1.0,0.6162379542986552,251.2059326171875,222.26951599121094,376.55694580078125,343.40087890625,50.96359659781288
2027,67.56666666666666,engaged,0.6851196885108948,engaged,1.0,0.6244724373022715,251.0919647216797,221.68557739257812,376.51409912109375,343.3495178222656,51.280125195618155
2028,67.6,engaged,0.6851196885108948,engaged,1.0,0.6327069203058878,251.0919647216797,221.68557739257812,376.51409912109375,343.3495178222656,53.742123134089304
2029,67.63333333333334,engaged,0.7199042439460754,engaged,1.0,0.6446592340866725,251.3997039794922,222.09226989746094,376.45257568359375,342.8583984375,47.53021700946229
2030,67.66666666666667,engaged,0.7925625443458557,engaged,1.0,0.6588652729988098,251.25448608398438,221.84628295898438,376.5549621582031,343.0845642089844,53.17457339182028
2031,67.7,engaged,0.5677765011787415,engaged,1.0,0.6621716419855753,251.04345703125,221.78123474121094,376.081787109375,342.7996826171875,52.634733394405615
2032,67.73333333333333,engaged,0.5677765011787415,engaged,1.0,0.6654780109723409,251.04345703125,221.78123474121094,376.081787109375,342.7996826171875,51.60568925636104
2033,67.76666666666667,engaged,0.681947648525238,engaged,1.0,0.6701972921689351,250.89805603027344,221.92578125,376.41162109375,343.228515625,50.73857134216416
2034,67.8,engaged,0.5582752227783203,engaged,1.0,0.6707941591739655,251.12606811523438,222.19277954101562,376.3096618652344,342.9981384277344,55.92703610859246
2035,67.83333333333333,engaged,0.5582752227783203,engaged,1.0,0.6715106646219889,251.12606811523438,222.19277954101562,376.3096618652344,342.9981384277344,53.70427656850192
2036,67.86666666666666,engaged,0.6788319945335388,engaged,1.0,0.6775123178958893,250.73031616210938,221.61892700195312,376.8657531738281,343.2182312011719,53.52403557801514
2037,67.9,engaged,0.5206460356712341,engaged,1.0,0.6782411058743795,250.5881805419922,223.12921142578125,376.21295166015625,342.5595703125,52.465525868107676
2038,67.93333333333334,engaged,0.5206460356712341,engaged,1.0,0.6737675507863362,250.5881805419922,223.12921142578125,376.21295166015625,342.5595703125,56.37050775475096
2039,67.96666666666667,engaged,0.6572462916374207,engaged,1.0,0.6754855473836263,251.0675506591797,221.84219360351562,376.70257568359375,342.8163757324219,53.470130797276965
2040,68.0,engaged,0.6779088377952576,engaged,1.0,0.6815152853727341,251.0104217529297,221.38015747070312,376.72344970703125,343.1594543457031,50.52526079938324
2041,68.03333333333333,engaged,0.6779088377952576,engaged,1.0,0.6875450233618419,251.0104217529297,221.38015747070312,376.72344970703125,343.1594543457031,55.503705272072835
2042,68.06666666666666,engaged,0.6773381233215332,engaged,1.0,0.6934053281943003,250.9122314453125,221.46401977539062,376.678466796875,342.9756164550781,52.64794707971933
2043,68.1,engaged,0.56413733959198,engaged,1.0,0.6835529903570811,251.03839111328125,221.41334533691406,376.17523193359375,342.71533203125,50.229982515388855
2044,68.13333333333334,engaged,0.56413733959198,engaged,1.0,0.6752692858378092,251.03839111328125,221.41334533691406,376.17523193359375,342.71533203125,56.56741338152589
2045,68.16666666666667,engaged,0.5720432996749878,engaged,1.0,0.6657263497511546,251.20249938964844,222.270751953125,376.3453369140625,342.6185302734375,49.49965775249605
2046,68.2,engaged,0.44318029284477234,engaged,1.0,0.6518879801034927,251.28085327148438,221.450439453125,376.5659484863281,342.9320068359375,49.96073947017343
2047,68.23333333333333,engaged,0.44318029284477234,engaged,1.0,0.6385303457578023,251.28085327148438,221.450439453125,376.5659484863281,342.9320068359375,53.99047447416523
2048,68.26666666666667,engaged,0.4087526500225067,engaged,1.0,0.6240887910127639,251.56793212890625,221.90768432617188,376.40557861328125,342.5543518066406,47.54961511863869
2049,68.3,engaged,0.47764909267425537,engaged,1.0,0.6153152376413346,251.4825439453125,222.09716796875,376.68988037109375,342.76806640625,56.01143116595222
2050,68.33333333333333,engaged,0.47764909267425537,engaged,1.0,0.6065416842699051,251.4825439453125,222.09716796875,376.68988037109375,342.76806640625,51.11140357290829
2051,68.36666666666666,frustrated,0.7596327662467957,engaged,0.9666666666666667,0.601038286398197,251.8121337890625,223.17660522460938,375.37554931640625,341.7273254394531,47.53506505281291
2052,68.4,engaged,0.3720855712890625,engaged,0.9666666666666667,0.5933060574120489,251.63800048828125,221.95689392089844,376.2802734375,342.548583984375,55.46920584540104
2053,68.43333333333334,engaged,0.3720855712890625,engaged,0.9666666666666667,0.5855738284259007,251.63800048828125,221.95689392089844,376.2802734375,342.548583984375,53.72422538458583
2054,68.46666666666667,engaged,0.35479265451431274,engaged,0.9666666666666667,0.5715474763820911,251.2401123046875,221.5361328125,376.92889404296875,342.655517578125,52.348967824068296
2055,68.5,engaged,0.48373013734817505,engaged,0.9666666666666667,0.565850236292543,251.54205322265625,221.9212646484375,376.62646484375,342.70208740234375,53.69671365108628
2056,68.53333333333333,engaged,0.48373013734817505,engaged,0.9666666666666667,0.5601529962029951,251.54205322265625,221.9212646484375,376.62646484375,342.70208740234375,51.94956526047214
2057,68.56666666666666,engaged,0.5661051869392395,engaged,0.9666666666666667,0.556049047872938,251.35577392578125,221.44064331054688,377.02215576171875,342.3216857910156,58.64027067080502
2058,68.6,engaged,0.47005903720855713,engaged,0.9666666666666667,0.5486331633452711,251.52609252929688,221.9453125,377.1424255371094,342.37701416015625,46.503137680998734
2059,68.63333333333334,engaged,0.47005903720855713,engaged,0.9666666666666667,0.540017811388805,251.52609252929688,221.9453125,377.1424255371094,342.37701416015625,50.09739259223869
2060,68.66666666666667,engaged,0.3269210159778595,engaged,0.9666666666666667,0.5239612069623224,253.02073669433594,222.49282836914062,376.8759765625,342.3691711425781,52.93565893429588
2061,68.7,engaged,0.35586604475975037,engaged,0.9666666666666667,0.5166539498444261,255.83169555664062,223.94049072265625,377.7328186035156,341.0694580078125,48.09540409136776
2062,68.73333333333333,engaged,0.35586604475975037,engaged,0.9666666666666667,0.5093466927265299,255.83169555664062,223.94049072265625,377.7328186035156,341.0694580078125,49.632622149644405
2063,68.76666666666667,engaged,0.526715099811554,engaged,0.9666666666666667,0.5039938462191614,258.45404052734375,221.72628784179688,381.87799072265625,340.6919860839844,49.81358669833729
2064,68.8,engaged,0.7716649174690247,engaged,0.9666666666666667,0.5113521115533237,262.8604736328125,220.09027099609375,385.992431640625,340.09576416015625,51.66862534954482
2065,68.83333333333333,engaged,0.7716649174690247,engaged,0.9666666666666667,0.5187103768874859,262.8604736328125,220.09027099609375,385.992431640625,340.09576416015625,47.983709144158055
2066,68.86666666666666,engaged,0.8590732216835022,engaged,0.9666666666666667,0.524925591616795,266.47021484375,219.7572021484375,388.1712646484375,338.38531494140625,50.44444177180175
2067,68.9,engaged,0.8930574059486389,engaged,0.9666666666666667,0.537767363005671,268.09417724609375,217.30615234375,390.80169677734375,337.2218017578125,57.25152536820409
2068,68.93333333333334,engaged,0.8930574059486389,engaged,0.9666666666666667,0.5506091343945471,268.09417724609375,217.30615234375,390.80169677734375,337.2218017578125,53.56983753959334
2069,68.96666666666667,engaged,0.8122807145118713,engaged,0.9666666666666667,0.5559551489764246,268.94989013671875,215.65597534179688,391.65869140625,335.8804626464844,45.30855982370479
2070,69.0,engaged,0.7797760963439941,engaged,0.9666666666666667,0.5594678130643121,269.3480224609375,215.62660217285156,388.4815673828125,333.9559326171875,55.7234489172313
2071,69.03333333333333,engaged,0.7797760963439941,engaged,0.9666666666666667,0.5629804771521996,269.3480224609375,215.62660217285156,388.4815673828125,333.9559326171875,52.22382150061011
2072,69.06666666666666,engaged,0.9005173444747925,engaged,0.9666666666666667,0.570676312364381,268.1930847167969,213.17137145996094,384.3105163574219,331.553466796875,55.46040435294273
2073,69.1,engaged,0.689182460308075,engaged,0.9666666666666667,0.574988213078729,265.5185546875,212.593994140625,380.99530029296875,329.75433349609375,57.03044394588347
2074,69.13333333333334,engaged,0.689182460308075,engaged,0.9666666666666667,0.5793001137930771,265.5185546875,212.593994140625,380.99530029296875,329.75433349609375,52.6777021426239
2075,69.16666666666667,engaged,0.7693848013877869,engaged,0.9666666666666667,0.586104993162484,259.6923828125,211.98797607421875,377.0509033203125,327.64837646484375,50.000047683761295
2076,69.2,engaged,0.8207650780677795,engaged,0.9666666666666667,0.5991251581701739,256.73101806640625,211.1302032470703,372.58905029296875,325.44732666015625,49.41043976109416
2077,69.23333333333333,engaged,0.8207650780677795,engaged,0.9666666666666667,0.6121453231778639,256.73101806640625,211.1302032470703,372.58905029296875,325.44732666015625,53.87950569072271
2078,69.26666666666667,engaged,0.8689670562744141,engaged,0.9666666666666667,0.6280147854624123,254.028076171875,212.32241821289062,366.9541015625,322.9255676269531,48.48401900380307
2079,69.3,engaged,0.687025785446167,engaged,0.9666666666666667,0.6352346714200645,250.53419494628906,211.26351928710938,362.766357421875,320.9421081542969,55.49562709218169
2080,69.33333333333333,engaged,0.5443342924118042,engaged,0.9666666666666667,0.6375341610661869,244.85751342773438,211.87815856933594,359.6137390136719,319.942626953125,52.15628341913502
2081,69.36666666666666,engaged,0.5443342924118042,engaged,1.0,0.6344274987777074,244.85751342773438,211.87815856933594,359.6137390136719,319.942626953125,50.16509986843679
2082,69.4,engaged,0.5241582989692688,engaged,1.0,0.6394965897003809,243.1175537109375,211.25125122070312,354.785888671875,319.1463928222656,49.97979027645376
2083,69.43333333333334,engaged,0.5241582989692688,engaged,1.0,0.6445656806230545,243.1175537109375,211.25125122070312,354.785888671875,319.1463928222656,52.724717476838755
2084,69.46666666666667,bored,0.5452436208724976,engaged,0.9666666666666667,0.654557853937149,240.68251037597656,211.1260986328125,351.79345703125,318.6705322265625,47.488242020764694
2085,69.5,engaged,0.31458863615989685,engaged,0.9666666666666667,0.6487253883789326,240.24989318847656,208.72764587402344,349.9464111328125,317.2763671875,56.784143831907286
2086,69.53333333333333,engaged,0.31458863615989685,engaged,0.9666666666666667,0.6428929228207161,240.24989318847656,208.72764587402344,349.9464111328125,317.2763671875,47.52536995490289
2087,69.56666666666666,bored,0.5615285634994507,engaged,0.9333333333333333,0.6456353419593402,241.97720336914062,209.74032592773438,346.8857727050781,316.3449401855469,55.48681721368946
2088,69.6,bored,0.44372856616973877,engaged,0.9,0.652138168061221,238.3088836669922,207.29833984375,346.94195556640625,315.185791015625,49.793480067431204
2089,69.63333333333334,bored,0.44372856616973877,engaged,0.8666666666666667,0.6591412115555543,238.3088836669922,207.29833984375,346.94195556640625,315.185791015625,45.955910067055264
2090,69.66666666666667,bored,0.6440086364746094,engaged,0.8333333333333334,0.6724300193786621,237.88296508789062,206.95584106445312,346.8916931152344,315.1482849121094,44.96996858548928
2091,69.7,bored,0.7073166370391846,engaged,0.8,0.6856201849877834,237.97512817382812,206.33187866210938,345.6792907714844,314.3620910644531,46.42078933970826
2092,69.73333333333333,bored,0.6999807357788086,engaged,0.7666666666666667,0.699957321519437,237.03799438476562,206.7831573486328,344.1593322753906,314.68463134765625,51.048574175723864
2093,69.76666666666667,bored,0.6951966285705566,engaged,0.7333333333333333,0.7078319679607045,237.4911346435547,209.2448272705078,344.83477783203125,314.92083740234375,49.77929692136058
2094,69.8,bored,0.6767561435699463,engaged,0.7,0.7047923036984035,240.3270263671875,210.9160919189453,346.8546142578125,317.00054931640625,52.124523096424625
2095,69.83333333333333,bored,0.6767561435699463,engaged,0.6666666666666666,0.7014486730098725,240.3270263671875,210.9160919189453,346.8546142578125,317.00054931640625,46.47016330962352
2096,69.86666666666666,bored,0.7446597814559937,engaged,0.6333333333333333,0.6931526441323129,243.02772521972656,208.51515197753906,352.8040771484375,318.570068359375,58.71579359968642
2097,69.9,engaged,0.6078936457633972,engaged,0.6333333333333333,0.678144025175195,244.29685974121094,210.4730682373047,358.72998046875,318.48590087890625,55.66133184701542
2098,69.93333333333334,engaged,0.6078936457633972,engaged,0.6333333333333333,0.663135406218077,244.29685974121094,210.4730682373047,358.72998046875,318.48590087890625,48.605942613452
2099,69.96666666666667,engaged,0.7548976540565491,engaged,0.6333333333333333,0.6601152451414811,249.85379028320312,209.65545654296875,365.1839904785156,321.10772705078125,49.89833089451206
2100,70.0,engaged,0.6505990624427795,engaged,0.6333333333333333,0.6533164538835224,256.075927734375,208.93093872070312,370.088134765625,322.7403259277344,49.879342125605014
2101,70.03333333333333,bored,0.5083290338516235,engaged,0.6,0.646290918191274,263.02911376953125,209.43917846679688,377.83331298828125,323.5602722167969,50.45172310098033
2102,70.06666666666666,bored,0.5083290338516235,engaged,0.5666666666666667,0.6313364225275376,263.02911376953125,209.43917846679688,377.83331298828125,323.5602722167969,51.5543100163477
2103,70.1,bored,0.8118124008178711,engaged,0.5333333333333333,0.627721045166254,268.82366943359375,212.1107177734375,384.5810546875,326.76043701171875,57.00641513537023
2104,70.13333333333334,bored,0.8611825704574585,engaged,0.5,0.6236236174901326,278.2047119140625,214.07945251464844,391.648193359375,329.5438232421875,52.19392732702837
2105,70.16666666666667,bored,0.8611825704574585,bored,0.5333333333333333,0.6493587270379066,278.2047119140625,214.07945251464844,391.648193359375,329.5438232421875,51.29580393068108
2106,70.2,engaged,0.7206022143363953,bored,0.5333333333333333,0.6493587270379066,282.81854248046875,215.43052673339844,395.55853271484375,330.799560546875,55.743444572917085
2107,70.23333333333333,engaged,0.7206022143363953,bored,0.5333333333333333,0.6493587270379066,282.81854248046875,215.43052673339844,395.55853271484375,330.799560546875,50.729979801400596
2108,70.26666666666667,engaged,0.6317125558853149,bored,0.5333333333333333,0.6493587270379066,287.06646728515625,217.61965942382812,400.07989501953125,331.6550598144531,52.465525868107676
2109,70.3,bored,0.8752078413963318,bored,0.5666666666666667,0.6626439690589905,293.0390625,217.68438720703125,406.4783935546875,333.35687255859375,58.16213217960451
2110,70.33333333333333,bored,0.8752078413963318,bored,0.6,0.6744530730777316,293.0390625,217.68438720703125,406.4783935546875,333.35687255859375,50.95430966409524
2111,70.36666666666666,bored,0.9155318140983582,bored,0.6333333333333333,0.6871414278682909,296.865478515625,217.2656707763672,410.3321533203125,335.46759033203125,55.43255137778365
2112,70.4,bored,0.9149575233459473,bored,0.6666666666666666,0.6985322326421738,299.4556579589844,220.24636840820312,412.5138244628906,335.6392517089844,56.47297060763959
2113,70.43333333333334,bored,0.9220614433288574,bored,0.7,0.7091764807701111,301.6041259765625,219.815673828125,417.3272705078125,336.4666748046875,55.05925595316233
2114,70.46666666666667,bored,0.9220614433288574,bored,0.7,0.7271201866013663,301.6041259765625,219.815673828125,417.3272705078125,336.4666748046875,48.6499176467859
2115,70.5,bored,0.9266025424003601,bored,0.7333333333333333,0.7361875664104115,303.39892578125,221.59530639648438,418.74029541015625,336.8468933105469,49.868667292853154
2116,70.53333333333333,bored,0.9175317287445068,bored,0.7666666666666667,0.744072095207546,306.13812255859375,221.3308868408203,421.55474853515625,336.79644775390625,41.81133429696456
2117,70.56666666666666,bored,0.9175317287445068,bored,0.7666666666666667,0.7595504936964615,306.13812255859375,221.3308868408203,421.55474853515625,336.79644775390625,45.8795012032378
2118,70.6,bored,0.9200823307037354,bored,0.7666666666666667,0.7802615269370701,307.6097412109375,219.817626953125,422.654296875,336.8387451171875,50.72323134599105
2119,70.63333333333334,bored,0.9200823307037354,bored,0.7666666666666667,0.8009725601776786,307.6097412109375,219.817626953125,422.654296875,336.8387451171875,54.34866664938969
2120,70.66666666666667,bored,0.8993659019470215,bored,0.7666666666666667,0.812075049980827,306.71563720703125,218.85153198242188,423.01666259765625,337.0773620605469,57.78392527484639
2121,70.7,bored,0.8852612376213074,bored,0.7666666666666667,0.8198117717452671,305.51544189453125,218.89669799804688,422.12518310546875,336.7776184082031,51.7202328104962
2122,70.73333333333333,bored,0.8852612376213074,bored,0.7666666666666667,0.8278674457384192,305.51544189453125,218.89669799804688,422.12518310546875,336.7776184082031,49.786387484272254
2123,70.76666666666667,bored,0.8762872219085693,bored,0.7666666666666667,0.8357409497965937,305.6195373535156,218.075439453125,421.7802429199219,336.38800048828125,54.59982556398808
2124,70.8,bored,0.9002960920333862,bored,0.7666666666666667,0.8454600779906564,304.7674560546875,218.553466796875,421.064453125,336.34088134765625,48.683233706691425
2125,70.83333333333333,bored,0.9065910577774048,bored,0.7666666666666667,0.8554529003475023,304.0006103515625,218.6549835205078,419.44677734375,336.04986572265625,54.18437370814386
2126,70.86666666666666,bored,0.9065910577774048,bored,0.7666666666666667,0.8624933906223463,304.0006103515625,218.6549835205078,419.44677734375,336.04986572265625,52.45765170843964
2127,70.9,bored,0.9069455862045288,bored,0.8,0.8643455654382706,303.6207275390625,218.92433166503906,418.64208984375,336.0933837890625,55.403994504913875
2128,70.93333333333334,bored,0.9112465977668762,bored,0.8333333333333334,0.8662216067314148,303.117431640625,218.77276611328125,417.7894287109375,336.05810546875,53.55342185903984
2129,70.96666666666667,bored,0.9112465977668762,bored,0.8666666666666667,0.8679533371558557,303.117431640625,218.77276611328125,417.7894287109375,336.05810546875,48.21094495339027
2130,71.0,bored,0.9029371738433838,bored,0.9,0.8692490348109493,301.82916259765625,218.46343994140625,418.130126953125,336.24932861328125,58.87899376719636
2131,71.03333333333333,bored,0.9059793949127197,bored,0.9,0.8839768259613602,300.90655517578125,218.5364990234375,417.73419189453125,336.42596435546875,52.15628341913502
2132,71.06666666666666,bored,0.9059793949127197,bored,0.9,0.8987046171117712,300.90655517578125,218.5364990234375,417.73419189453125,336.42596435546875,49.05905608515118
2133,71.1,bored,0.9022745490074158,bored,0.9,0.9020550670447173,300.75970458984375,218.6319122314453,417.46807861328125,336.17291259765625,56.948364584323365
2134,71.13333333333334,bored,0.9022745490074158,bored,0.9,0.9035769921761972,300.75970458984375,218.6319122314453,417.46807861328125,336.17291259765625,52.8190003651979
2135,71.16666666666667,bored,0.8927101492881775,bored,0.9,0.9047446802810386,301.1376953125,219.12567138671875,417.4478759765625,336.20751953125,48.00073243305104
2136,71.2,bored,0.8939453363418579,bored,0.9333333333333333,0.9043589894260678,300.885986328125,218.74879455566406,416.9832763671875,336.3907470703125,46.74829750002787
2137,71.23333333333333,bored,0.8973498940467834,bored,0.9666666666666667,0.9041172964819546,300.9322509765625,218.8743438720703,416.8409423828125,336.38568115234375,51.75724968533281
2138,71.26666666666667,bored,0.8973498940467834,bored,1.0,0.9038917164007823,300.9322509765625,218.8743438720703,416.8409423828125,336.38568115234375,50.30408136341285
2139,71.3,bored,0.902034342288971,bored,1.0,0.9047859330972036,301.20062255859375,218.46646118164062,417.06488037109375,336.2498474121094,51.354841869406044
2140,71.33333333333333,bored,0.9096489548683167,bored,1.0,0.9059339702129364,300.81201171875,218.61734008789062,416.76171875,336.3997497558594,51.185004393244164
2141,71.36666666666666,bored,0.9096489548683167,bored,1.0,0.9057378749052684,300.81201171875,218.61734008789062,416.76171875,336.3997497558594,53.56710089399745
2142,71.4,bored,0.9166284799575806,bored,1.0,0.9057935734589895,301.31182861328125,219.07513427734375,416.80181884765625,336.29608154296875,54.02385429815297
2143,71.43333333333334,bored,0.9107586145401001,bored,1.0,0.9054168124993642,300.7864990234375,219.39283752441406,416.439453125,336.1075439453125,49.54292463973541
2144,71.46666666666667,bored,0.9107586145401001,bored,1.0,0.905040051539739,300.7864990234375,219.39283752441406,416.439453125,336.1075439453125,47.779278920088856
2145,71.5,bored,0.8758568167686462,bored,1.0,0.9033485273520152,300.35101318359375,218.4905242919922,416.04779052734375,335.59197998046875,56.28578330067903
2146,71.53333333333333,bored,0.8549448847770691,bored,1.0,0.9012622992197673,299.18731689453125,218.4390411376953,414.04925537109375,335.47723388671875,51.95406968822385
2147,71.56666666666666,bored,0.8549448847770691,bored,1.0,0.8991760710875193,299.18731689453125,218.4390411376953,414.04925537109375,335.47723388671875,50.81725771472188
2148,71.6,bored,0.8257701396942139,bored,1.0,0.896032331387202,298.51873779296875,217.9549560546875,413.88262939453125,335.636962890625,55.406922060766185
2149,71.63333333333334,bored,0.6640437245368958,bored,1.0,0.8874977111816407,297.04351806640625,218.00865173339844,412.43231201171875,335.509521484375,48.20208010113199
2150,71.66666666666667,bored,0.6640437245368958,bored,1.0,0.8796536386013031,297.04351806640625,218.00865173339844,412.43231201171875,335.509521484375,54.28254905005954
2151,71.7,bored,0.7115710377693176,bored,1.0,0.8738639652729034,293.9613952636719,219.16989135742188,411.5062561035156,335.7168884277344,55.376198146338886
2152,71.73333333333333,engaged,0.7262052893638611,bored,0.9666666666666667,0.8734709558815792,291.13323974609375,218.99160766601562,412.70928955078125,336.9154968261719,49.18158579770643
2153,71.76666666666667,engaged,0.7262052893638611,bored,0.9333333333333333,0.8733703749520438,291.13323974609375,218.99160766601562,412.70928955078125,336.9154968261719,50.982800325760614
2154,71.8,engaged,0.6925072073936462,bored,0.9,0.8723731261712534,290.21923828125,220.37890625,410.6876220703125,337.52923583984375,51.07157294888342
2155,71.83333333333333,engaged,0.7906590104103088,bored,0.8666666666666667,0.8710570518787091,288.34307861328125,219.19442749023438,410.81060791015625,339.6344909667969,53.968938584865604
2156,71.86666666666666,engaged,0.7906590104103088,bored,0.8333333333333334,0.8696356916427612,288.34307861328125,219.19442749023438,410.81060791015625,339.6344909667969,52.21666977902272
2157,71.9,engaged,0.6450521945953369,bored,0.8,0.8680811127026876,287.7005615234375,219.40692138671875,411.2430419921875,341.55535888671875,52.80237681597301
2158,71.93333333333334,confused,0.8745816946029663,bored,0.7666666666666667,0.8662043524825055,287.84210205078125,218.07521057128906,411.8863525390625,342.04931640625,54.2530591126633
2159,71.96666666666667,confused,0.8995944261550903,bored,0.7333333333333333,0.8641569776968523,287.63555908203125,218.284912109375,412.45111083984375,342.6607666015625,50.01137515351688
2160,72.0,confused,0.8995944261550903,bored,0.7,0.8623103016898745,287.63555908203125,218.284912109375,412.45111083984375,342.6607666015625,48.106988427173775
2161,72.03333333333333,confused,0.8980262875556946,bored,0.6666666666666666,0.8601268470287323,287.7498474121094,218.1475830078125,412.8027038574219,343.46697998046875,52.06305702440356
2162,72.06666666666666,confused,0.8980262875556946,bored,0.6333333333333333,0.8577135550348383,287.7498474121094,218.1475830078125,412.8027038574219,343.46697998046875,44.88526940981326
2163,72.1,confused,0.9087967872619629,bored,0.6,0.8552379442585839,287.84466552734375,218.38197326660156,413.03173828125,344.0966796875,52.476028425583024
2164,72.13333333333334,confused,0.8133620619773865,bored,0.5666666666666667,0.8524710851557115,288.2210693359375,219.7416229248047,412.82733154296875,344.59234619140625,51.28137914170436
2165,72.16666666666667,bored,0.6484039425849915,bored,0.5666666666666667,0.8381001318202299,290.3116760253906,221.58615112304688,413.9598693847656,345.2522888183594,51.29643127950493
2166,72.2,confused,0.8478417992591858,bored,0.5333333333333333,0.8346098065376282,291.6932373046875,222.67759704589844,413.95263671875,345.00341796875,50.14291008643466
2167,72.23333333333333,confused,0.8792597055435181,bored,0.5,0.8304271340370178,292.4025573730469,222.54335021972656,414.9356994628906,345.21484375,54.02176684998905
2168,72.26666666666667,confused,0.8642730116844177,bored,0.4666666666666667,0.8256469368934631,292.4668884277344,222.3166961669922,415.0705871582031,345.84014892578125,54.897111369972386
2169,72.3,confused,0.8642730116844177,bored,0.43333333333333335,0.8197709826322702,292.4668884277344,222.3166961669922,415.0705871582031,345.84014892578125,50.01912848522432
2170,72.33333333333333,confused,0.9005419015884399,bored,0.4,0.8122811516125997,292.6154479980469,221.50567626953125,416.1647644042969,345.4024658203125,48.826616376801475
2171,72.36666666666666,confused,0.9005419015884399,confused,0.43333333333333335,0.8806702540471003,292.6154479980469,221.50567626953125,416.1647644042969,345.4024658203125,53.36264631043257
2172,72.4,confused,0.8668762445449829,confused,0.4666666666666667,0.879684967654092,292.7354736328125,221.61502075195312,415.5076904296875,345.5867004394531,50.32158368326335
2173,72.43333333333334,confused,0.813412606716156,confused,0.5,0.8752668102582296,292.86553955078125,221.46446228027344,415.71917724609375,345.6826171875,52.542422989715256
2174,72.46666666666667,confused,0.813412606716156,confused,0.5333333333333333,0.87140092253685,292.86553955078125,221.46446228027344,415.71917724609375,345.6826171875,49.63086025322447
2175,72.5,confused,0.8847846388816833,confused,0.5666666666666667,0.872188199968899,292.815185546875,221.31988525390625,416.2298583984375,345.48284912109375,50.36025262349014
2176,72.53333333333333,confused,0.895169198513031,confused,0.6,0.8734649221102396,292.5924072265625,221.3427276611328,415.9246826171875,345.47869873046875,55.17949797400411
2177,72.56666666666666,confused,0.895169198513031,confused,0.6333333333333333,0.8746072524472287,292.5924072265625,221.3427276611328,415.9246826171875,345.47869873046875,48.532265716302376
2178,72.6,confused,0.8716242909431458,confused,0.6666666666666666,0.8744581043720245,292.7221374511719,221.33761596679688,415.7224426269531,345.0649108886719,56.993246640305465
2179,72.63333333333334,confused,0.8532013297080994,confused,0.7,0.8734458770070758,292.6024169921875,221.51873779296875,415.5579833984375,345.6097412109375,52.77580089085739
2180,72.66666666666667,confused,0.8589498996734619,confused,0.7333333333333333,0.8727869689464569,292.4407958984375,221.458984375,415.6533203125,345.601806640625,48.992010465822545
2181,72.7,confused,0.8589498996734619,confused,0.7666666666666667,0.8721853572389354,292.4407958984375,221.458984375,415.6533203125,345.601806640625,52.67240989576793
2182,72.73333333333333,confused,0.8878200054168701,confused,0.8,0.872836800913016,292.47857666015625,221.2953338623047,415.92596435546875,345.48431396484375,43.88219415992718
2183,72.76666666666667,confused,0.8325685262680054,confused,0.8333333333333334,0.8712260699272156,292.405029296875,221.19854736328125,415.1812744140625,345.28955078125,50.32943350492578
2184,72.8,confused,0.8325685262680054,confused,0.8666666666666667,0.8697392413249383,292.405029296875,221.19854736328125,415.1812744140625,345.28955078125,52.426178691065445
2185,72.83333333333333,confused,0.8952208757400513,confused,0.9,0.8706830055625351,292.2261047363281,220.85980224609375,415.6002502441406,345.18701171875,47.46889394402381
2186,72.86666666666666,confused,0.8952208757400513,confused,0.9333333333333333,0.8715593580688749,292.2261047363281,220.85980224609375,415.6002502441406,345.18701171875,60.4924425983616
2187,72.9,confused,0.8839778900146484,confused,0.9666666666666667,0.8719875833083843,292.0923767089844,220.98828125,415.7573547363281,345.146240234375,60.49680518094359
2188,72.93333333333334,confused,0.8925109505653381,confused,0.9666666666666667,0.8726058335139834,291.98944091796875,220.89776611328125,415.33428955078125,345.22552490234375,48.71150339701527
2189,72.96666666666667,confused,0.8925109505653381,confused,0.9666666666666667,0.8723615757350264,291.98944091796875,220.89776611328125,415.33428955078125,345.22552490234375,52.46290088557562
2190,73.0,confused,0.8451331257820129,confused,0.9666666666666667,0.8704835998600927,292.1437072753906,220.8515167236328,415.0632629394531,345.31622314453125,55.46187107438016
2191,73.03333333333333,confused,0.8996739983558655,confused,0.9666666666666667,0.8705404174738917,292.057861328125,221.0040283203125,415.05645751953125,345.16265869140625,50.706674565083354
2192,73.06666666666666,confused,0.8753478527069092,confused,0.9666666666666667,0.869758402479106,291.74737548828125,220.87664794921875,414.95269775390625,345.665283203125,49.19139154400985
2193,73.1,confused,0.8753478527069092,confused,0.9666666666666667,0.8686049909427248,291.74737548828125,220.87664794921875,414.95269775390625,345.665283203125,52.59645118816227
2194,73.13333333333334,confused,0.9123503565788269,confused,0.9666666666666667,0.87201838041174,291.5801696777344,220.53286743164062,415.6551208496094,345.4378967285156,50.68645317220544
2195,73.16666666666667,confused,0.915795624256134,confused,1.0,0.8734776218732198,291.33123779296875,220.16563415527344,415.86090087890625,345.339599609375,49.475718077263345
2196,73.2,confused,0.915795624256134,confused,1.0,0.8757427493731181,291.33123779296875,220.16563415527344,415.86090087890625,345.339599609375,50.27513874405169
2197,73.23333333333333,confused,0.9142075181007385,confused,1.0,0.8769076764583588,291.8035888671875,220.7737274169922,415.54241943359375,345.34283447265625,58.892221286155575
2198,73.26666666666667,confused,0.9142075181007385,confused,1.0,0.8785721600055695,291.8035888671875,220.7737274169922,415.54241943359375,345.34283447265625,52.40325341396069
2199,73.3,confused,0.8882884383201599,confused,1.0,0.8793726742267609,291.6680908203125,220.50933837890625,415.169677734375,345.46112060546875,42.89443864924014
2200,73.33333333333333,confused,0.8641448020935059,confused,1.0,0.8781594375769297,291.83282470703125,220.67037963867188,414.88177490234375,345.1488342285156,57.90518264903222
2201,73.36666666666666,confused,0.8641448020935059,confused,1.0,0.8769462009270986,291.83282470703125,220.67037963867188,414.88177490234375,345.1488342285156,57.719515048096106
2202,73.4,confused,0.882249653339386,confused,1.0,0.8774586478869121,291.63287353515625,220.63392639160156,414.95703125,345.181640625,49.09465897252818
2203,73.43333333333334,confused,0.8892499804496765,confused,1.0,0.879986560344696,291.50787353515625,220.27085876464844,415.22052001953125,345.2039794921875,58.01972583032466
2204,73.46666666666667,confused,0.9059646129608154,confused,1.0,0.883071627219518,291.50201416015625,220.41757202148438,415.69390869140625,345.0691833496094,50.337285776006915
2205,73.5,confused,0.9059646129608154,confused,1.0,0.8837776263554891,291.50201416015625,220.41757202148438,415.69390869140625,345.0691833496094,52.720741103862636
2206,73.53333333333333,confused,0.907089352607727,confused,1.0,0.8841749648253123,291.55877685546875,220.0157470703125,415.58319091796875,345.13714599609375,49.86451720284376
2207,73.56666666666666,confused,0.890233039855957,confused,1.0,0.8840104262034099,291.524658203125,220.52728271484375,415.5068359375,345.052490234375,45.08549930130066
2208,73.6,confused,0.890233039855957,confused,1.0,0.8846307178338368,291.524658203125,220.52728271484375,415.5068359375,345.052490234375,52.04432256703602
2209,73.63333333333334,confused,0.8937075138092041,confused,1.0,0.8859809239705404,291.623046875,220.54217529296875,415.3294677734375,344.956787109375,46.74881854658939
2210,73.66666666666667,confused,0.9093477129936218,confused,1.0,0.8876608510812124,291.345458984375,220.45806884765625,415.2928466796875,344.98779296875,52.83430327765601
2211,73.7,confused,0.904143750667572,confused,1.0,0.889167312781016,291.1864013671875,220.29168701171875,415.2967529296875,344.77459716796875,48.3833473681782
2212,73.73333333333333,confused,0.9042193293571472,confused,1.0,0.8897139569123586,291.48455810546875,220.0635986328125,415.8306884765625,344.51226806640625,51.54353970555706
2213,73.76666666666667,confused,0.8850718140602112,confused,1.0,0.8914640665054321,291.4564514160156,220.37789916992188,415.2209777832031,344.5799865722656,52.83031035872632
2214,73.8,confused,0.8850718140602112,confused,1.0,0.8932141760985056,291.4564514160156,220.37789916992188,415.2209777832031,344.5799865722656,48.66967590712355
2215,73.83333333333333,confused,0.8712857961654663,confused,1.0,0.8924163401126861,291.3782958984375,220.2950439453125,414.6300048828125,344.60113525390625,46.94976269365094
2216,73.86666666666666,confused,0.9049980640411377,confused,1.0,0.892742246389389,291.52203369140625,220.408203125,415.11248779296875,344.89093017578125,51.034288078261504
2217,73.9,confused,0.9049980640411377,confused,1.0,0.8934429188569387,291.52203369140625,220.408203125,415.11248779296875,344.89093017578125,49.88883470317462
2218,73.93333333333334,confused,0.906999409198761,confused,1.0,0.8939258674780528,291.447998046875,220.2137451171875,415.1419677734375,344.99188232421875,50.620997622409696
2219,73.96666666666667,confused,0.8824943900108337,confused,1.0,0.8935919821262359,291.86114501953125,220.35279846191406,414.31781005859375,344.7763671875,52.95838383838384
2220,74.0,confused,0.8824943900108337,confused,1.0,0.89483735760053,291.86114501953125,220.35279846191406,414.31781005859375,344.7763671875,45.517531769889416
2221,74.03333333333333,confused,0.8705657720565796,confused,1.0,0.8938670833905538,291.73675537109375,220.30149841308594,414.316650390625,345.046630859375,56.15766923736076
2222,74.06666666666666,confused,0.8812228441238403,confused,1.0,0.8940629164377848,291.9918212890625,220.7501220703125,413.82012939453125,344.56353759765625,54.0412559751588
2223,74.1,confused,0.8812228441238403,confused,1.0,0.8942587494850158,291.9918212890625,220.7501220703125,413.82012939453125,344.56353759765625,49.5681009726178
2224,74.13333333333334,confused,0.7883870005607605,confused,1.0,0.890126637617747,290.43780517578125,220.9320068359375,414.28662109375,344.0118408203125,49.90367409099562
2225,74.16666666666667,confused,0.8749219179153442,confused,1.0,0.8887641807397206,291.78424072265625,220.9485321044922,413.90338134765625,344.59051513671875,48.62059212204113
2226,74.2,confused,0.8749219179153442,confused,1.0,0.8874017238616944,291.78424072265625,220.9485321044922,413.90338134765625,344.59051513671875,42.47912657740687
2227,74.23333333333333,confused,0.8920885324478149,confused,1.0,0.8866644243399302,291.603271484375,220.88604736328125,414.1925048828125,344.609130859375,58.678828746904685
2228,74.26666666666667,confused,0.903148353099823,confused,1.0,0.8862957855065664,291.51068115234375,220.92706298828125,414.52850341796875,344.5516357421875,45.202112296583685
2229,74.3,confused,0.903148353099823,confused,1.0,0.8867911159992218,291.51068115234375,220.92706298828125,414.52850341796875,344.5516357421875,54.04473765591176
2230,74.33333333333333,confused,0.906726062297821,confused,1.0,0.8882104913393657,291.41973876953125,220.73915100097656,414.52294921875,344.749755859375,53.13819490194091
2231,74.36666666666666,confused,0.8948736190795898,confused,1.0,0.8892347852389018,291.33514404296875,220.65289306640625,414.75750732421875,344.8306884765625,52.44781233197034
2232,74.4,confused,0.8948736190795898,confused,1.0,0.8896555840969086,291.33514404296875,220.65289306640625,414.75750732421875,344.8306884765625,45.57589455497723
2233,74.43333333333334,confused,0.8805354833602905,confused,1.0,0.8893651008605957,291.7041015625,221.24217224121094,414.780029296875,344.852294921875,57.89798876357964
2234,74.46666666666667,confused,0.8628897070884705,confused,1.0,0.8879292706648508,291.46551513671875,221.17465209960938,414.34552001953125,344.7999572753906,52.326110009107126
2235,74.5,confused,0.8628897070884705,confused,1.0,0.886493440469106,291.46551513671875,221.17465209960938,414.34552001953125,344.7999572753906,50.31433986708572
2236,74.53333333333333,confused,0.8575530648231506,confused,1.0,0.8848422308762868,291.1539306640625,221.204345703125,414.45233154296875,344.92498779296875,44.924210616511715
2237,74.56666666666666,confused,0.8923603892326355,confused,1.0,0.8849131425221761,291.3111572265625,221.210205078125,414.85693359375,344.92724609375,53.678159154316724
2238,74.6,confused,0.8923603892326355,confused,1.0,0.8849840541680654,291.3111572265625,221.210205078125,414.85693359375,344.92724609375,55.36815703668501
2239,74.63333333333334,confused,0.8869284987449646,confused,1.0,0.8847580869992574,291.34942626953125,221.00753784179688,414.27264404296875,345.1839904785156,44.24791383148189
2240,74.66666666666667,confused,0.8035043478012085,confused,1.0,0.8812299748261769,291.66253662109375,221.68089294433594,413.70697021484375,344.7718505859375,46.36793172446577
2241,74.7,confused,0.8035043478012085,confused,1.0,0.8778753280639648,291.66253662109375,221.68089294433594,413.70697021484375,344.7718505859375,47.69072633829081
2242,74.73333333333333,bored,0.37323933839797974,confused,0.9666666666666667,0.8769669142262689,289.9806823730469,220.71478271484375,414.5517883300781,344.85931396484375,53.800028219237824
2243,74.76666666666667,confused,0.8097414970397949,confused,0.9666666666666667,0.8743693170876339,291.48455810546875,220.91683959960938,414.31256103515625,344.9952087402344,49.802939989075966
2244,74.8,confused,0.8761833310127258,confused,0.9666666666666667,0.8740628176722033,291.34515380859375,221.1598358154297,414.1600341796875,344.96661376953125,47.11324781524498
2245,74.83333333333333,confused,0.8903704285621643,confused,0.9666666666666667,0.8747209084445032,291.105712890625,220.67449951171875,414.94854736328125,344.86920166015625,53.259650548557495
2246,74.86666666666666,confused,0.9044077396392822,confused,0.9666666666666667,0.8747005524306461,291.12847900390625,220.7335205078125,414.94329833984375,344.93145751953125,41.83552270664393
2247,74.9,confused,0.9044077396392822,confused,0.9666666666666667,0.8746801964167891,291.12847900390625,220.7335205078125,414.94329833984375,344.93145751953125,55.89796761511295
2248,74.93333333333334,confused,0.8834730982780457,confused,0.9666666666666667,0.8738689443160748,291.1494140625,221.2113494873047,414.599609375,345.12652587890625,52.00689407184218
2249,74.96666666666667,confused,0.9039695858955383,confused,0.9666666666666667,0.8746094683120991,290.9272155761719,220.99343872070312,414.8753967285156,345.2624816894531,51.116386769688255
2250,75.0,confused,0.9039695858955383,confused,0.9666666666666667,0.8753499923081234,290.9272155761719,220.99343872070312,414.8753967285156,345.2624816894531,51.14880124875003
2251,75.03333333333333,confused,0.8457192182540894,confused,0.9666666666666667,0.8744932145907961,291.358154296875,220.96405029296875,414.829833984375,345.34100341796875,47.02609007635299
2252,75.06666666666666,confused,0.9098196625709534,confused,0.9666666666666667,0.8754793117786276,291.0345458984375,220.9450225830078,415.0335693359375,344.92913818359375,52.23487801536795
2253,75.1,confused,0.9098196625709534,confused,0.9666666666666667,0.8764654089664591,291.0345458984375,220.9450225830078,415.0335693359375,344.92913818359375,49.287926860795785
2254,75.13333333333334,confused,0.9024674296379089,confused,0.9666666666666667,0.8803992168656711,291.49224853515625,220.74026489257812,415.01727294921875,344.7837219238281,48.639198450709124
2255,75.16666666666667,confused,0.916143536567688,confused,0.9666666666666667,0.881820651991614,291.07598876953125,220.74945068359375,414.99090576171875,344.9219970703125,55.21291103914909
2256,75.2,confused,0.916143536567688,confused,0.9666666666666667,0.8832420871175569,291.07598876953125,220.74945068359375,414.99090576171875,344.9219970703125,50.003028099331196
2257,75.23333333333333,confused,0.9086275696754456,confused,0.9666666666666667,0.8838123987460959,291.299560546875,220.6875457763672,415.135498046875,344.62042236328125,52.902275364512384
2258,75.26666666666667,confused,0.9076506495475769,confused,0.9666666666666667,0.8839676503477425,291.3446044921875,220.40643310546875,415.1572265625,344.83453369140625,52.00366999776824
2259,75.3,confused,0.9077025055885315,confused,0.9666666666666667,0.8841246900887325,291.07147216796875,220.5564727783203,415.2745361328125,344.99285888671875,50.02927108555888
2260,75.33333333333333,confused,0.9077025055885315,confused,0.9666666666666667,0.8841583605470329,291.07147216796875,220.5564727783203,415.2745361328125,344.99285888671875,48.69284171910191
2261,75.36666666666666,confused,0.8963171243667603,confused,0.9666666666666667,0.8842081365914181,291.3223876953125,220.79989624023438,414.54852294921875,344.9677429199219,55.55737466057355
2262,75.4,confused,0.8963171243667603,confused,0.9666666666666667,0.8842579126358032,291.3223876953125,220.79989624023438,414.54852294921875,344.9677429199219,51.08650215585491
2263,75.43333333333334,confused,0.8872606158256531,confused,0.9666666666666667,0.8844898137552984,291.5035400390625,220.60482788085938,414.988037109375,345.0187683105469,53.873277246162736
2264,75.46666666666667,confused,0.9132547974586487,confused,0.9666666666666667,0.8862265410094425,291.265380859375,220.795166015625,415.56610107421875,344.9459228515625,47.50868210907855
2265,75.5,confused,0.9132547974586487,confused,0.9666666666666667,0.8879632682635866,291.265380859375,220.795166015625,415.56610107421875,344.9459228515625,45.6955593323746
2266,75.53333333333333,confused,0.9004281163215637,confused,0.9666666666666667,0.8894417183152561,291.2518310546875,220.52207946777344,414.8670654296875,345.255615234375,54.293791746492
2267,75.56666666666666,confused,0.916776716709137,confused,0.9666666666666667,0.890283660642032,291.22967529296875,220.52951049804688,415.29638671875,345.5320739746094,49.59916749444208
2268,75.6,confused,0.916776716709137,confused,0.9666666666666667,0.8911256029688078,291.22967529296875,220.52951049804688,415.29638671875,345.5320739746094,55.47580879824353
2269,75.63333333333334,confused,0.8838403820991516,confused,0.9666666666666667,0.8910191161879177,291.6094665527344,220.7090606689453,414.6135559082031,346.17230224609375,51.1687690618519
2270,75.66666666666667,confused,0.8830558657646179,confused,0.9666666666666667,0.8937622719797594,291.3656005859375,220.79869079589844,415.052001953125,346.5242919921875,52.420281704223065
2271,75.7,confused,0.913476288318634,confused,0.9666666666666667,0.8975544078596707,290.97625732421875,220.68798828125,414.82330322265625,346.43359375,49.870446114334634
2272,75.73333333333333,confused,0.913476288318634,confused,1.0,0.8980851372083029,290.97625732421875,220.68798828125,414.82330322265625,346.43359375,49.84792374794989
2273,75.76666666666667,confused,0.9131612777709961,confused,1.0,0.9015324632326762,290.95361328125,220.20846557617188,415.36572265625,346.1952209472656,46.30854669713933
2274,75.8,confused,0.9131612777709961,confused,1.0,0.9027650614579519,290.95361328125,220.20846557617188,415.36572265625,346.1952209472656,55.232541908637195
2275,75.83333333333333,confused,0.9161707758903503,confused,1.0,0.9036250730355581,291.1192626953125,220.5398406982422,415.431396484375,346.30108642578125,49.84851618117208
2276,75.86666666666666,confused,0.9158225059509277,confused,1.0,0.9040055652459462,290.712890625,220.4833984375,415.1361083984375,346.5958251953125,53.780023079882035
2277,75.9,confused,0.9158225059509277,confused,1.0,0.9043860574563344,290.712890625,220.4833984375,415.1361083984375,346.5958251953125,53.760721884693275
2278,75.93333333333334,confused,0.9037597179412842,confused,1.0,0.9050622781117758,290.82373046875,220.83740234375,414.50457763671875,346.16937255859375,46.185654194287224
2279,75.96666666666667,confused,0.7751262784004211,confused,1.0,0.9007675011952718,291.29986572265625,221.03810119628906,413.93194580078125,345.8040771484375,56.76339473007538
2280,76.0,confused,0.7751262784004211,confused,1.0,0.8964727242787679,291.29986572265625,221.03810119628906,413.93194580078125,345.8040771484375,50.286591214272015
2281,76.03333333333333,bored,0.504747748374939,confused,0.9666666666666667,0.8982228451761706,290.42694091796875,220.18911743164062,413.55767822265625,346.4939880371094,50.64238970321895
2282,76.06666666666666,bored,0.6206910014152527,confused,0.9333333333333333,0.8978086731263569,290.55389404296875,220.67234802246094,411.8955078125,346.1737060546875,48.68436386428795
2283,76.1,bored,0.7551769018173218,confused,0.9,0.8973638216654459,290.31146240234375,219.20428466796875,408.67242431640625,345.9947509765625,49.887647933392806
2284,76.13333333333334,bored,0.7551769018173218,confused,0.8666666666666667,0.8971675290511205,290.31146240234375,219.20428466796875,408.67242431640625,345.9947509765625,58.66569690188125
2285,76.16666666666667,bored,0.6097368001937866,confused,0.8333333333333334,0.8964084887504578,288.58782958984375,219.00204467773438,408.01959228515625,345.3373107910156,52.449124035563784
2286,76.2,bored,0.4772767126560211,confused,0.8,0.8955861950914065,287.1790771484375,218.30911254882812,406.3790283203125,342.4717102050781,48.3537847870697
2287,76.23333333333333,bored,0.4772767126560211,confused,0.7666666666666667,0.8950191788051439,287.1790771484375,218.30911254882812,406.3790283203125,342.4717102050781,50.75146411112724
2288,76.26666666666667,engaged,0.7770546674728394,confused,0.7333333333333333,0.8944450210441243,283.41265869140625,218.88916015625,404.48687744140625,340.914306640625,52.3267628125156
2289,76.3,engaged,0.7770546674728394,confused,0.7,0.8938137122562954,283.41265869140625,218.88916015625,404.48687744140625,340.914306640625,53.85944141252006
2290,76.33333333333333,engaged,0.8323228359222412,confused,0.6666666666666666,0.8931192725896835,281.3126220703125,217.35531616210938,399.3631591796875,339.8367614746094,54.14240718748386
2291,76.36666666666666,engaged,0.8517109155654907,confused,0.6333333333333333,0.8929509646014163,277.0517883300781,216.43663024902344,396.2851257324219,337.9613037109375,53.23261244796426
2292,76.4,engaged,0.8517109155654907,confused,0.6,0.8927639557255639,277.0517883300781,216.43663024902344,396.2851257324219,337.9613037109375,49.464048587770506
2293,76.43333333333334,engaged,0.8369227647781372,confused,0.5666666666666667,0.8930876816020292,272.9085693359375,215.2391357421875,394.36669921875,336.4058837890625,58.13311157311157
2294,76.46666666666667,engaged,0.45116111636161804,confused,0.5333333333333333,0.8918272368609905,269.68829345703125,214.98175048828125,391.62823486328125,335.96343994140625,50.05255495357884
2295,76.5,engaged,0.5689625144004822,confused,0.5,0.8903987328211467,265.6413879394531,215.24658203125,388.1477966308594,336.49053955078125,50.95740493257198
2296,76.53333333333333,engaged,0.5689625144004822,confused,0.4666666666666667,0.8896823482854026,265.6413879394531,215.24658203125,388.1477966308594,336.49053955078125,51.143811730276795
2297,76.56666666666666,engaged,0.7480804920196533,confused,0.43333333333333335,0.8875981660989615,262.30047607421875,215.90115356445312,383.93060302734375,337.3316955566406,54.70450751252087
2298,76.6,engaged,0.6673830151557922,confused,0.4,0.8851666202147802,260.6316833496094,217.16098022460938,379.0960998535156,335.5278015136719,47.547458991305135
2299,76.63333333333334,engaged,0.6673830151557922,engaged,0.4,0.7165591195225716,260.6316833496094,217.16098022460938,379.0960998535156,335.5278015136719,56.06533798505567
2300,76.66666666666667,engaged,0.7661394476890564,engaged,0.43333333333333335,0.7203729909199935,256.4221496582031,216.74569702148438,378.1725769042969,336.1854553222656,47.425954612783954
2301,76.7,engaged,0.7661394476890564,engaged,0.4666666666666667,0.7236420235463551,256.4221496582031,216.74569702148438,378.1725769042969,336.1854553222656,53.57941800158402
2302,76.73333333333333,engaged,0.9064791798591614,engaged,0.5,0.7358311673005422,254.8794403076172,217.3741912841797,376.24603271484375,336.87750244140625,51.77449975929195
2303,76.76666666666667,engaged,0.90943443775177,engaged,0.5333333333333333,0.7466813717037439,253.67576599121094,217.89361572265625,375.705810546875,336.88299560546875,42.80950436841675
2304,76.8,engaged,0.90943443775177,engaged,0.5666666666666667,0.7562550814712748,253.67576599121094,217.89361572265625,375.705810546875,336.88299560546875,54.877718173492084
2305,76.83333333333333,engaged,0.9038880467414856,engaged,0.6,0.7644569128751755,252.66656494140625,217.93275451660156,375.23809814453125,337.1234130859375,44.894878244581214
2306,76.86666666666666,engaged,0.9089310169219971,engaged,0.6333333333333333,0.7720608130881661,252.5284881591797,217.74420166015625,374.12823486328125,337.81243896484375,58.97005314512274
2307,76.9,engaged,0.9057035446166992,engaged,0.6666666666666666,0.7787429496645928,252.3177490234375,217.84730529785156,375.5194091796875,337.9620361328125,57.00409084113674
2308,76.93333333333334,engaged,0.9057035446166992,engaged,0.7,0.7847886922813597,252.3177490234375,217.84730529785156,375.5194091796875,337.9620361328125,49.287926860795785
2309,76.96666666666667,engaged,0.895112931728363,engaged,0.7333333333333333,0.7898034304380417,252.10137939453125,217.8891143798828,375.6236572265625,338.76654052734375,52.057887551197716
2310,77.0,engaged,0.9123032093048096,engaged,0.7666666666666667,0.7951295077800751,251.58641052246094,218.08761596679688,375.37158203125,339.0539855957031,53.934933004140625
2311,77.03333333333333,engaged,0.9123032093048096,engaged,0.8,0.8000117453436056,251.58641052246094,218.08761596679688,375.37158203125,339.0539855957031,49.592716523795445
2312,77.06666666666666,engaged,0.909450113773346,engaged,0.8333333333333334,0.8043892800807952,251.73887634277344,218.29576110839844,375.746826171875,339.1112060546875,48.72168852439974
2313,77.1,engaged,0.900579035282135,engaged,0.8666666666666667,0.8080888860500776,252.4616241455078,219.19204711914062,375.80316162109375,339.1331481933594,52.24724083808765
2314,77.13333333333334,engaged,0.900579035282135,engaged,0.9,0.8115144471327463,252.4616241455078,219.19204711914062,375.80316162109375,339.1331481933594,52.50558942453338
2315,77.16666666666667,engaged,0.8998956680297852,engaged,0.9333333333333333,0.8146709193076406,252.95306396484375,219.32257080078125,376.031005859375,338.90582275390625,46.91825137590049
2316,77.2,engaged,0.8998956680297852,engaged,0.9666666666666667,0.8176097037463352,252.95306396484375,219.32257080078125,376.031005859375,338.90582275390625,56.44864944887824
2317,77.23333333333333,engaged,0.9113649129867554,engaged,1.0,0.8207348773876826,254.2301788330078,218.82559204101562,377.21392822265625,339.5276184082031,55.078777691691506
2318,77.26666666666667,engaged,0.8938976526260376,engaged,1.0,0.8246296435594559,254.90219116210938,218.78256225585938,377.8824768066406,339.9602966308594,51.0777923912514
2319,77.3,engaged,0.9089338779449463,engaged,1.0,0.8290256172418594,255.27072143554688,219.2682647705078,378.2127380371094,340.30487060546875,50.017935508490744
2320,77.33333333333333,engaged,0.9089338779449463,engaged,1.0,0.8315793186426162,255.27072143554688,219.2682647705078,378.2127380371094,340.30487060546875,49.90248661511006
2321,77.36666666666666,engaged,0.8894665837287903,engaged,1.0,0.8328378409147262,254.9992218017578,219.7234649658203,379.47796630859375,340.71966552734375,49.532393301684024
2322,77.4,engaged,0.8959324359893799,engaged,1.0,0.8343118915955225,255.44357299804688,220.55508422851562,378.8573303222656,341.3642883300781,52.26937839589253
2323,77.43333333333334,engaged,0.8959324359893799,engaged,1.0,0.8362788806358973,255.44357299804688,220.55508422851562,378.8573303222656,341.3642883300781,51.378117497182615
2324,77.46666666666667,engaged,0.8912672996520996,engaged,1.0,0.85094908674558,255.2080535888672,221.09140014648438,380.97943115234375,342.2204895019531,49.88408796279778
2325,77.5,engaged,0.872844398021698,engaged,1.0,0.8610784828662872,255.3680419921875,221.83409118652344,380.5050048828125,342.4375,52.47537189255464
2326,77.53333333333333,engaged,0.872844398021698,engaged,1.0,0.8712078789869945,255.3680419921875,221.83409118652344,380.5050048828125,342.4375,43.44853162065572
2327,77.56666666666666,engaged,0.7773495316505432,engaged,1.0,0.8721835136413574,254.8504638671875,224.31289672851562,379.53857421875,344.3175354003906,56.821838379733116
2328,77.6,frustrated,0.6147717833518982,engaged,0.9666666666666667,0.8792455997960321,252.9262237548828,225.23129272460938,378.35394287109375,346.7970275878906,51.835285975579616
2329,77.63333333333334,frustrated,0.6147717833518982,engaged,0.9333333333333333,0.8868121206760406,252.9262237548828,225.23129272460938,378.35394287109375,346.7970275878906,53.82971842193075
2330,77.66666666666667,frustrated,0.7705768942832947,engaged,0.9,0.8912814789348178,251.57373046875,228.7777099609375,378.072021484375,351.4906005859375,47.485016246079994
2331,77.7,frustrated,0.8047414422035217,engaged,0.8666666666666667,0.8960946339827317,249.1664276123047,231.6076202392578,377.33026123046875,355.93768310546875,53.34092990131244
2332,77.73333333333333,frustrated,0.8047414422035217,engaged,0.8333333333333334,0.8956792521476745,249.1664276123047,231.6076202392578,377.33026123046875,355.93768310546875,47.50330143269721
2333,77.76666666666667,engaged,0.41412094235420227,engaged,0.8333333333333334,0.8758667123317718,247.44065856933594,232.38514709472656,379.4014892578125,361.9639892578125,57.00331611851046
2334,77.8,frustrated,0.8242006897926331,engaged,0.8,0.8744680571059386,243.94757080078125,234.5154571533203,377.78326416015625,364.36102294921875,55.784962826020454
2335,77.83333333333333,frustrated,0.8242006897926331,engaged,0.7666666666666667,0.8731889271217844,243.94757080078125,234.5154571533203,377.78326416015625,364.36102294921875,52.417006173610936
2336,77.86666666666666,frustrated,0.7317463159561157,engaged,0.7333333333333333,0.8715642866763201,241.00318908691406,234.4720458984375,379.028076171875,368.0966796875,48.65104625806152
2337,77.9,frustrated,0.8183159828186035,engaged,0.7,0.8699386077267783,239.92193603515625,235.14691162109375,379.85455322265625,372.10845947265625,52.44977991196479
2338,77.93333333333334,frustrated,0.8183159828186035,engaged,0.6666666666666666,0.8681503608822823,239.92193603515625,235.14691162109375,379.85455322265625,372.10845947265625,55.3126640203616
2339,77.96666666666667,engaged,0.35605254769325256,engaged,0.6666666666666666,0.8411973416805267,236.51663208007812,235.6525421142578,383.0083312988281,377.09197998046875,46.04166941096402
2340,78.0,frustrated,0.7487002015113831,engaged,0.6333333333333333,0.8374549275950381,234.44131469726562,234.599365234375,384.3033752441406,379.48223876953125,61.80090764425061
2341,78.03333333333333,frustrated,0.7487002015113831,engaged,0.6,0.8332966897222731,234.44131469726562,234.599365234375,384.3033752441406,379.48223876953125,52.1472050925005
2342,78.06666666666666,engaged,0.6907626390457153,engaged,0.6,0.8211473855707381,232.7360076904297,233.76248168945312,387.41778564453125,383.2073669433594,50.95864314525927
2343,78.1,engaged,0.7177579998970032,engaged,0.6,0.8109906613826752,230.6830291748047,233.832275390625,389.17645263671875,386.811279296875,49.79702711687325
2344,78.13333333333334,engaged,0.7177579998970032,engaged,0.6,0.8008339371946123,230.6830291748047,233.832275390625,389.17645263671875,386.811279296875,53.446964677098734
2345,78.16666666666667,engaged,0.5771546363830566,engaged,0.6,0.7829038798809052,227.9868621826172,232.8808135986328,393.98468017578125,391.12860107421875,49.86629572826384
2346,78.2,bored,0.4057476222515106,engaged,0.5666666666666667,0.7760220099897945,227.4162139892578,232.39031982421875,396.27325439453125,396.36492919921875,53.449689061066366
2347,78.23333333333333,bored,0.4057476222515106,engaged,0.5333333333333333,0.7675630785524845,227.4162139892578,232.39031982421875,396.27325439453125,396.36492919921875,54.17387598000594
2348,78.26666666666667,frustrated,0.844916820526123,engaged,0.5,0.7591407736142476,224.38955688476562,236.8248291015625,394.1323547363281,401.829833984375,50.231185628742516
2349,78.3,frustrated,0.8823643922805786,engaged,0.4666666666666667,0.7484412661620549,221.53228759765625,238.431640625,395.16204833984375,408.810546875,51.06473331141873
2350,78.33333333333333,frustrated,0.8823643922805786,frustrated,0.5,0.7822286009788513,221.53228759765625,238.431640625,395.16204833984375,408.810546875,49.88527456320841
2351,78.36666666666666,frustrated,0.8911309838294983,frustrated,0.5333333333333333,0.7890349999070168,218.47906494140625,239.4329833984375,397.1033935546875,415.82403564453125,56.96692789330001
2352,78.4,frustrated,0.8950669765472412,frustrated,0.5666666666666667,0.7952721750035006,217.35430908203125,241.344482421875,399.77001953125,419.0517578125,53.82902757992274
2353,78.43333333333334,frustrated,0.8950669765472412,frustrated,0.6,0.8008163306448195,217.35430908203125,241.344482421875,399.77001953125,419.0517578125,49.27924053904809
2354,78.46666666666667,frustrated,0.8853976726531982,frustrated,0.6333333333333333,0.8052679802242079,216.3487548828125,243.6573486328125,399.41693115234375,423.76116943359375,45.34235646411468
2355,78.5,frustrated,0.8957284688949585,frustrated,0.6666666666666666,0.8097910046577453,215.6665802001953,243.99806213378906,402.39703369140625,426.5650634765625,55.44207687833765
2356,78.53333333333333,frustrated,0.8957284688949585,frustrated,0.7,0.8138832648595175,215.6665802001953,243.99806213378906,402.39703369140625,426.5650634765625,49.91733412674799
2357,78.56666666666666,frustrated,0.92136549949646,frustrated,0.7333333333333333,0.8187688209793784,215.0474090576172,245.5606689453125,402.06170654296875,428.54205322265625,53.61571795625663
2358,78.6,frustrated,0.9183974266052246,frustrated,0.7333333333333333,0.8325699865818024,214.27993774414062,246.5894775390625,401.9274597167969,430.0191650390625,46.429525000830225
2359,78.63333333333334,frustrated,0.9183974266052246,frustrated,0.7333333333333333,0.8463711521842263,214.27993774414062,246.5894775390625,401.9274597167969,430.0191650390625,58.73470473736539
2360,78.66666666666667,frustrated,0.9190225601196289,frustrated,0.7333333333333333,0.8531186824495142,214.04281616210938,247.4017791748047,400.3636169433594,431.35101318359375,53.9474198693214
2361,78.7,frustrated,0.9193615913391113,frustrated,0.7333333333333333,0.8583286892284047,214.20193481445312,247.48521423339844,399.6153259277344,430.8475341796875,52.51742315156827
2362,78.73333333333333,frustrated,0.9193615913391113,frustrated,0.7333333333333333,0.863538696007295,214.20193481445312,247.48521423339844,399.6153259277344,430.8475341796875,49.879342125605014
2363,78.76666666666667,frustrated,0.9205597639083862,frustrated,0.7666666666666667,0.8660178728725599,215.1461944580078,247.27337646484375,398.69244384765625,430.23681640625,49.72264504350712
2364,78.8,frustrated,0.9202793836593628,frustrated,0.7666666666666667,0.8701952073885046,215.40264892578125,246.5270538330078,400.1759033203125,429.62359619140625,49.75390564761984
2365,78.83333333333333,frustrated,0.9202793836593628,frustrated,0.7666666666666667,0.8743725419044495,215.40264892578125,246.5270538330078,400.1759033203125,429.62359619140625,47.36062149253057
2366,78.86666666666666,frustrated,0.9170812964439392,frustrated,0.7666666666666667,0.8824305845343549,214.90310668945312,244.91310119628906,399.4874572753906,428.64892578125,50.488769049281366
2367,78.9,frustrated,0.9147523045539856,frustrated,0.7666666666666667,0.8866234680880671,215.6083984375,244.37342834472656,398.4776611328125,427.7425537109375,45.33255514844957
2368,78.93333333333334,frustrated,0.9115164875984192,frustrated,0.7666666666666667,0.8906756639480591,216.82498168945312,243.68563842773438,399.8806457519531,425.8926086425781,51.13944670007437
2369,78.96666666666667,frustrated,0.9115164875984192,frustrated,0.8,0.8915440316001574,216.82498168945312,243.68563842773438,399.8806457519531,425.8926086425781,44.30259627775313
2370,79.0,frustrated,0.9100109338760376,frustrated,0.8,0.8982653121153513,216.9146728515625,243.42340087890625,399.08123779296875,425.1319580078125,47.48447865957206
2371,79.03333333333333,frustrated,0.9100109338760376,frustrated,0.8,0.9049865926305453,216.9146728515625,243.42340087890625,399.08123779296875,425.1319580078125,49.895956507774116
2372,79.06666666666666,frustrated,0.9117329716682434,frustrated,0.8333333333333334,0.9052564477920533,217.15673828125,242.0052490234375,399.2039794921875,424.13775634765625,48.652174921702816
2373,79.1,frustrated,0.9107276797294617,frustrated,0.8666666666666667,0.9054668797896459,217.64842224121094,241.13670349121094,399.4901123046875,423.406494140625,48.459931601811626
2374,79.13333333333334,frustrated,0.8994397521018982,frustrated,0.9,0.9052436528382478,218.62869262695312,239.55886840820312,401.5114440917969,421.9518737792969,56.31601278229813
2375,79.16666666666667,frustrated,0.8652241826057434,frustrated,0.9333333333333333,0.9038143860442298,218.5657958984375,239.083984375,401.7177734375,421.3323974609375,55.04263723573182
2376,79.2,frustrated,0.8643981218338013,frustrated,0.9666666666666667,0.9024552045197323,218.80340576171875,238.9375762939453,400.94781494140625,420.49005126953125,53.96685537828101
2377,79.23333333333333,frustrated,0.8780151605606079,frustrated,1.0,0.9016405363877614,218.9722137451172,238.94146728515625,401.33782958984375,420.35107421875,55.414974434858436
2378,79.26666666666667,frustrated,0.8780151605606079,frustrated,1.0,0.9027438143889109,218.9722137451172,238.94146728515625,401.33782958984375,420.35107421875,49.85147855852429
2379,79.3,frustrated,0.881543755531311,frustrated,1.0,0.902716459830602,219.74627685546875,238.38612365722656,401.58502197265625,420.05712890625,47.25976338028169
2380,79.33333333333333,frustrated,0.881543755531311,frustrated,1.0,0.9026891052722931,219.74627685546875,238.38612365722656,401.58502197265625,420.05712890625,50.83080652002666
2381,79.36666666666666,frustrated,0.8626119494438171,frustrated,1.0,0.9017384707927704,220.6707000732422,238.77911376953125,402.28521728515625,419.8427734375,50.477831800895395
2382,79.4,frustrated,0.7920929193496704,frustrated,1.0,0.8983060022195181,220.90423583984375,238.477783203125,402.97991943359375,419.08636474609375,51.489755582563006
2383,79.43333333333334,frustrated,0.7920929193496704,frustrated,1.0,0.8948735336462657,220.90423583984375,238.477783203125,402.97991943359375,419.08636474609375,53.48308531935784
2384,79.46666666666667,frustrated,0.768584668636322,frustrated,1.0,0.8909797668457031,220.55569458007812,238.74102783203125,403.2880554199219,419.28460693359375,55.80871532166855
2385,79.5,frustrated,0.684346616268158,frustrated,1.0,0.8839337050914764,220.86111450195312,238.62005615234375,403.3780822753906,418.85223388671875,52.645303811926546
2386,79.53333333333333,frustrated,0.684346616268158,frustrated,1.0,0.8768876433372498,220.86111450195312,238.62005615234375,403.3780822753906,418.85223388671875,52.836965558942836
2387,79.56666666666666,frustrated,0.621753990650177,frustrated,1.0,0.8669005930423737,220.90797424316406,238.23834228515625,403.57568359375,418.578369140625,49.36914710798277
2388,79.6,frustrated,0.6172208786010742,frustrated,1.0,0.8568613747755687,220.7401123046875,237.43463134765625,403.1732177734375,419.3450927734375,52.48719200110123
2389,79.63333333333334,frustrated,0.6048014163970947,frustrated,1.0,0.8464081744352977,221.05096435546875,238.06951904296875,402.816650390625,419.01239013671875,51.141940911806664
2390,79.66666666666667,frustrated,0.6048014163970947,frustrated,1.0,0.8359341363112132,221.05096435546875,238.06951904296875,402.816650390625,419.01239013671875,50.5368275197301
2391,79.7,engaged,0.7489292025566101,frustrated,0.9666666666666667,0.8330573275171477,221.2115020751953,237.58203125,403.91229248046875,418.23187255859375,53.89612191925163
2392,79.73333333333333,engaged,0.7676351070404053,frustrated,0.9333333333333333,0.8299750323806491,220.83074951171875,237.47760009765625,404.23779296875,418.19403076171875,47.670129338758436
2393,79.76666666666667,engaged,0.7676351070404053,frustrated,0.9,0.8266200423240662,220.83074951171875,237.47760009765625,404.23779296875,418.19403076171875,52.514792973494096
2394,79.8,engaged,0.791146993637085,frustrated,0.8666666666666667,0.8230177599650162,220.81784057617188,237.6868133544922,404.3591613769531,418.37091064453125,49.77752459619516
2395,79.83333333333333,engaged,0.791146993637085,frustrated,0.8333333333333334,0.8191272950172425,220.81784057617188,237.6868133544922,404.3591613769531,418.37091064453125,53.822810799712556
2396,79.86666666666666,bored,0.7272127866744995,frustrated,0.8,0.8150458782911301,220.08554077148438,237.7156982421875,403.0711364746094,416.69158935546875,55.35062090080103
2397,79.9,confused,0.38739335536956787,frustrated,0.7666666666666667,0.8107108162797015,220.09014892578125,238.73126220703125,403.1412353515625,419.18927001953125,47.98425809403958
2398,79.93333333333334,confused,0.38739335536956787,frustrated,0.7333333333333333,0.806128740310669,220.09014892578125,238.73126220703125,403.1412353515625,419.18927001953125,53.30500095316769
2399,79.96666666666667,bored,0.7911580801010132,frustrated,0.7,0.8011102761541095,219.19619750976562,238.5710906982422,403.1460266113281,417.28167724609375,50.109362866324986
2400,80.0,bored,0.8246606588363647,frustrated,0.6666666666666666,0.795665243268013,219.13330078125,238.75399780273438,402.1436767578125,416.9732971191406,40.35545634729732
2401,80.03333333333333,bored,0.8473977446556091,frustrated,0.6333333333333333,0.7896470490254854,220.8734130859375,238.23236083984375,402.587158203125,416.80560302734375,42.315842573068736
2402,80.06666666666666,bored,0.8473977446556091,frustrated,0.6,0.7828644977675544,220.8734130859375,238.23236083984375,402.587158203125,416.80560302734375,57.454645078217034
2403,80.1,bored,0.8834432363510132,frustrated,0.5666666666666667,0.7753431341227364,221.03469848632812,237.44772338867188,404.0648498535156,417.0589294433594,44.35459957911657
2404,80.13333333333334,bored,0.9013224244117737,frustrated,0.5333333333333333,0.7675870954990387,222.03248596191406,237.79501342773438,403.829833984375,416.2616882324219,39.57077220623614
2405,80.16666666666667,bored,0.6399839520454407,frustrated,0.5,0.7610779563585918,221.75389099121094,238.20895385742188,403.94921875,416.3255310058594,40.2605515506964
2406,80.2,bored,0.8734453916549683,frustrated,0.4666666666666667,0.7536979445389339,222.0384521484375,238.47532653808594,403.28240966796875,416.2086181640625,52.28762341677471
2407,80.23333333333333,bored,0.871886670589447,frustrated,0.43333333333333335,0.7441350817680359,220.35226440429688,239.62359619140625,403.4665222167969,417.0482177734375,55.38351027306819
2408,80.26666666666667,bored,0.871886670589447,frustrated,0.4,0.7329784085353216,220.35226440429688,239.62359619140625,403.4665222167969,417.0482177734375,58.035781987242466
2409,80.3,bored,0.8579555153846741,bored,0.4,0.828145906329155,220.45155334472656,240.63616943359375,402.86328125,417.21795654296875,51.43166852644357
2410,80.33333333333333,bored,0.8700745701789856,bored,0.43333333333333335,0.8313711881637573,221.72694396972656,239.58538818359375,403.396240234375,419.27587890625,50.072273622634754
2411,80.36666666666666,bored,0.8700745701789856,bored,0.4666666666666667,0.8341357154505593,221.72694396972656,239.58538818359375,403.396240234375,419.27587890625,45.347258711470054
2412,80.4,bored,0.8840288519859314,bored,0.5,0.8374619245529175,221.85662841796875,238.21347045898438,403.874755859375,416.9127502441406,50.10517261975869
2413,80.43333333333334,bored,0.8662416338920593,bored,0.5333333333333333,0.8392606563866138,221.7454071044922,238.78350830078125,403.17974853515625,417.134033203125,43.253624832422396
2414,80.46666666666667,bored,0.8662416338920593,bored,0.5666666666666667,0.8408477727104636,221.7454071044922,238.78350830078125,403.17974853515625,417.134033203125,55.30391213196029
2415,80.5,bored,0.8695115447044373,bored,0.6,0.8424402044879066,222.09771728515625,238.97576904296875,403.95965576171875,417.3787841796875,47.178430424170166
2416,80.53333333333333,bored,0.760567307472229,bored,0.6333333333333333,0.8381311046449762,222.33401489257812,240.19482421875,402.9604797363281,416.460693359375,53.07834626238595
2417,80.56666666666666,bored,0.760567307472229,bored,0.6666666666666666,0.8342529147863388,222.33401489257812,240.19482421875,402.9604797363281,416.460693359375,52.13488956010491
2418,80.6,confused,0.4563972055912018,bored,0.6666666666666666,0.8342529147863388,222.11082458496094,242.6693115234375,402.4923095703125,418.62847900390625,49.920304689359675
2419,80.63333333333334,confused,0.4563972055912018,bored,0.6666666666666666,0.8342529147863388,222.11082458496094,242.6693115234375,402.4923095703125,418.62847900390625,52.71742791785023
2420,80.66666666666667,engaged,0.6851400136947632,bored,0.6666666666666666,0.8342529147863388,223.1680908203125,242.97189331054688,403.16845703125,418.0617980957031,56.586492539327054
2421,80.7,frustrated,0.6372509002685547,bored,0.6666666666666666,0.8342529147863388,222.2019500732422,242.89022827148438,402.42205810546875,419.0611267089844,57.11664896369529
2422,80.73333333333333,frustrated,0.6616039872169495,bored,0.6666666666666666,0.8342529147863388,221.92782592773438,242.79454040527344,402.6529846191406,419.04541015625,45.56401203654416
2423,80.76666666666667,frustrated,0.7006005048751831,bored,0.6666666666666666,0.8342529147863388,221.8257293701172,242.44468688964844,403.59857177734375,419.6212158203125,59.950316595914984
2424,80.8,frustrated,0.6935705542564392,bored,0.6666666666666666,0.8342529147863388,221.8177032470703,242.16058349609375,403.74127197265625,419.33251953125,51.984333944772196
2425,80.83333333333333,frustrated,0.7777265310287476,bored,0.6666666666666666,0.8342529147863388,222.05648803710938,241.71783447265625,403.6716613769531,420.11578369140625,56.49046438961319
2426,80.86666666666666,frustrated,0.7777265310287476,bored,0.6333333333333333,0.8398866057395935,222.05648803710938,241.71783447265625,403.6716613769531,420.11578369140625,46.507262768057124
2427,80.9,frustrated,0.7138143181800842,bored,0.6333333333333333,0.8398866057395935,222.1308135986328,242.6309814453125,403.50872802734375,419.9058837890625,52.57139992228921
2428,80.93333333333334,frustrated,0.7018649578094482,bored,0.6333333333333333,0.8398866057395935,222.17550659179688,241.2657470703125,403.5640563964844,420.10845947265625,53.85944141252006
2429,80.96666666666667,frustrated,0.7018649578094482,bored,0.6,0.842593746052848,222.17550659179688,241.2657470703125,403.5640563964844,420.10845947265625,47.99688740888233
2430,81.0,frustrated,0.6966788172721863,bored,0.5666666666666667,0.8436486335361705,221.9922637939453,241.77484130859375,403.55084228515625,420.16937255859375,49.72441346279238
2431,81.03333333333333,frustrated,0.7808252573013306,bored,0.5333333333333333,0.8434143140912056,222.2078094482422,241.92721557617188,403.42767333984375,419.8638610839844,51.93091237757995
2432,81.06666666666666,frustrated,0.7808252573013306,bored,0.5,0.8431487520535786,222.2078094482422,241.92721557617188,403.42767333984375,419.8638610839844,46.91247888867762
2433,81.1,frustrated,0.7262851595878601,bored,0.4666666666666667,0.840270574603762,222.0445556640625,241.09413146972656,403.86737060546875,420.023681640625,47.51783205691757
2434,81.13333333333334,frustrated,0.6314076781272888,frustrated,0.4666666666666667,0.7130032437188285,221.88027954101562,241.1553192138672,403.6873474121094,419.64874267578125,48.61439317546971
2435,81.16666666666667,frustrated,0.6314076781272888,frustrated,0.5,0.7075635393460592,221.88027954101562,241.1553192138672,403.6873474121094,419.64874267578125,49.41742562592047
2436,81.2,engaged,0.547868549823761,frustrated,0.5,0.7075635393460592,222.97555541992188,241.49049377441406,403.3797302246094,418.788818359375,53.89127446067661
2437,81.23333333333333,bored,0.6393265128135681,frustrated,0.5,0.7075635393460592,220.75186157226562,241.0386505126953,403.5028381347656,418.06634521484375,49.098107155817246
2438,81.26666666666667,bored,0.6393265128135681,frustrated,0.5,0.7075635393460592,220.75186157226562,241.0386505126953,403.5028381347656,418.06634521484375,47.51783205691757
2439,81.3,bored,0.8141213655471802,frustrated,0.5,0.7075635393460592,222.5083770751953,241.29544067382812,402.01580810546875,418.4674377441406,54.36627824080675
2440,81.33333333333333,bored,0.8260959386825562,frustrated,0.5,0.7075635393460592,222.70579528808594,242.0066680908203,401.9146728515625,418.28558349609375,62.28455175895814
2441,81.36666666666666,bored,0.8829723596572876,frustrated,0.5,0.7075635393460592,222.70721435546875,240.76889038085938,402.62091064453125,418.7730407714844,46.66715622461809
2442,81.4,bored,0.8829723596572876,frustrated,0.5,0.7075635393460592,222.70721435546875,240.76889038085938,402.62091064453125,418.7730407714844,52.5411066153904
2443,81.43333333333334,bored,0.7948081493377686,frustrated,0.5,0.7075635393460592,220.72677612304688,241.79360961914062,403.1509094238281,418.3213806152344,48.998878504672895
2444,81.46666666666667,bored,0.7948081493377686,frustrated,0.5,0.7075635393460592,220.72677612304688,241.79360961914062,403.1509094238281,418.3213806152344,53.75520980186092
2445,81.5,confused,0.466063916683197,frustrated,0.5,0.7075635393460592,221.8511962890625,240.3321990966797,404.1134033203125,420.28509521484375,55.522073521040994
2446,81.53333333333333,confused,0.4337504208087921,frustrated,0.5,0.7075635393460592,221.98789978027344,241.67481994628906,403.553466796875,420.0048828125,45.37129505430315
2447,81.56666666666666,confused,0.4337504208087921,frustrated,0.5,0.7075635393460592,221.98789978027344,241.67481994628906,403.553466796875,420.0048828125,53.86705024144663
2448,81.6,engaged,0.6528712511062622,frustrated,0.5,0.7075635393460592,220.88104248046875,243.22430419921875,402.99609375,418.570556640625,55.44940641442585
2449,81.63333333333334,engaged,0.7325473427772522,frustrated,0.5,0.7075635393460592,222.94781494140625,242.81011962890625,404.38299560546875,419.46160888671875,52.481281281281284
2450,81.66666666666667,engaged,0.7325473427772522,frustrated,0.5,0.7075635393460592,222.94781494140625,242.81011962890625,404.38299560546875,419.46160888671875,41.347226466616064
2451,81.7,engaged,0.6947992444038391,frustrated,0.4666666666666667,0.712585870708738,223.05589294433594,241.46998596191406,404.4825439453125,419.5302734375,57.7409691629956
2452,81.73333333333333,engaged,0.6824712157249451,frustrated,0.43333333333333335,0.7165075540542603,223.32952880859375,242.0524444580078,404.52532958984375,419.37237548828125,52.58458182365257
2453,81.76666666666667,frustrated,0.5968020558357239,frustrated,0.43333333333333335,0.7085230579743018,222.9010009765625,242.62213134765625,403.19952392578125,419.5198974609375,47.392194526677365
2454,81.8,frustrated,0.5968020558357239,frustrated,0.43333333333333335,0.7010793273265545,222.9010009765625,242.62213134765625,403.19952392578125,419.5198974609375,46.37203285829584
2455,81.83333333333333,engaged,0.7111420631408691,frustrated,0.4,0.6946920603513718,223.53555297851562,242.06280517578125,404.5281066894531,419.3800048828125,52.607006233616374
2456,81.86666666666666,engaged,0.7111420631408691,neutral,0.36666666666666664,0.687143472107974,223.53555297851562,242.06280517578125,404.5281066894531,419.3800048828125,49.018348409414955
2457,81.9,frustrated,0.7133296132087708,neutral,0.36666666666666664,0.6870994080196727,222.99929809570312,242.01153564453125,403.7707214355469,419.3931884765625,58.59848834122693
2458,81.93333333333334,frustrated,0.6076015830039978,neutral,0.36666666666666664,0.6785300103100863,222.95152282714844,242.34893798828125,403.76171875,419.575439453125,51.598071055998425
2459,81.96666666666667,frustrated,0.6076015830039978,neutral,0.36666666666666664,0.6699606126004999,222.95152282714844,242.34893798828125,403.76171875,419.575439453125,60.132528565898696
2460,82.0,frustrated,0.5650215148925781,neutral,0.36666666666666664,0.6579917669296265,223.02340698242188,242.37747192382812,404.0646057128906,419.6080627441406,47.76513193107925
2461,82.03333333333333,frustrated,0.6862773299217224,neutral,0.36666666666666664,0.6493965008042075,222.83436584472656,242.44778442382812,403.4117431640625,419.6331481933594,50.423822747983316
2462,82.06666666666666,frustrated,0.6862773299217224,neutral,0.36666666666666664,0.6408012346787886,222.83436584472656,242.44778442382812,403.4117431640625,419.6331481933594,56.00918729802633
2463,82.1,frustrated,0.7725753784179688,neutral,0.36666666666666664,0.6450094363906167,223.01882934570312,241.8338623046875,403.6853332519531,420.1484375,48.667417007994615
2464,82.13333333333334,frustrated,0.7362092733383179,neutral,0.36666666666666664,0.6545368541370739,222.68515014648438,242.24481201171875,403.1157531738281,420.05401611328125,52.441254798014526
2465,82.16666666666667,frustrated,0.7395980358123779,neutral,0.36666666666666664,0.6643723411993547,222.7227783203125,241.6959228515625,404.01715087890625,420.07476806640625,51.56381697032283
2466,82.2,frustrated,0.7395980358123779,frustrated,0.4,0.6706411490837733,222.7227783203125,241.6959228515625,404.01715087890625,420.07476806640625,49.76925541382379
2467,82.23333333333333,frustrated,0.6879897713661194,frustrated,0.43333333333333335,0.6719756584901077,222.50511169433594,242.9945831298828,403.2489013671875,419.77117919921875,47.307737423866456
2468,82.26666666666667,frustrated,0.7423553466796875,frustrated,0.4666666666666667,0.6770027790750776,222.2210693359375,241.63919067382812,403.83966064453125,420.6419372558594,49.74387438032211
2469,82.3,frustrated,0.7423553466796875,frustrated,0.5,0.6813596169153849,222.2210693359375,241.63919067382812,403.83966064453125,420.6419372558594,50.143509552160296
2470,82.33333333333333,frustrated,0.7484257221221924,frustrated,0.5333333333333333,0.6855512484908104,222.232666015625,242.01217651367188,403.7764892578125,420.2062683105469,52.50296043160965
2471,82.36666666666666,frustrated,0.7484257221221924,frustrated,0.5666666666666667,0.6892497469397152,222.232666015625,242.01217651367188,403.7764892578125,420.2062683105469,50.101581537579435
2472,82.4,frustrated,0.7094894051551819,frustrated,0.6,0.6903741723961301,221.99166870117188,241.9599609375,403.9861755371094,420.25628662109375,48.963414349419814
2473,82.43333333333334,frustrated,0.8271891474723816,frustrated,0.6333333333333333,0.697574960558038,222.54681396484375,243.09280395507812,403.2408447265625,420.1268615722656,55.4391456064291
2474,82.46666666666667,frustrated,0.8271891474723816,frustrated,0.6666666666666666,0.7040556699037552,222.54681396484375,243.09280395507812,403.2408447265625,420.1268615722656,50.310115270664156
2475,82.5,frustrated,0.7691007256507874,frustrated,0.7,0.7071530535107567,222.1248321533203,242.9381103515625,403.09967041015625,420.51275634765625,52.76716947425365
2476,82.53333333333333,frustrated,0.820804238319397,frustrated,0.7333333333333333,0.712319016456604,222.5682830810547,242.93536376953125,403.30706787109375,420.46234130859375,44.57473218840333
2477,82.56666666666666,frustrated,0.8400778770446777,frustrated,0.7666666666666667,0.7178737495256506,222.6117401123047,243.6260986328125,400.91424560546875,420.1927490234375,54.13611781560979
2478,82.6,frustrated,0.8400778770446777,frustrated,0.8,0.7229655881722769,222.6117401123047,243.6260986328125,400.91424560546875,420.1927490234375,47.510834720947884
2479,82.63333333333334,frustrated,0.8684953451156616,frustrated,0.8333333333333334,0.7287867784500122,222.62698364257812,243.7142333984375,400.5272521972656,419.601318359375,49.031528003460245
2480,82.66666666666667,frustrated,0.8418498635292053,frustrated,0.8666666666666667,0.7331353586453658,221.92315673828125,242.94281005859375,402.0753173828125,419.86285400390625,50.16150019135094
2481,82.7,frustrated,0.8515708446502686,frustrated,0.9,0.7375218581270289,221.98583984375,243.33099365234375,401.33551025390625,419.3458251953125,49.97502621294443
2482,82.73333333333333,frustrated,0.8506714105606079,frustrated,0.9333333333333333,0.7415629135710853,222.06689453125,243.2998046875,401.62017822265625,419.261474609375,53.63971660229685
2483,82.76666666666667,frustrated,0.8506714105606079,frustrated,0.9333333333333333,0.7506296762398311,222.06689453125,243.2998046875,401.62017822265625,419.261474609375,51.521379700033165
2484,82.8,frustrated,0.7738122940063477,frustrated,0.9333333333333333,0.7569514704602105,221.6488037109375,242.11158752441406,402.7235107421875,419.533203125,52.26547040498443
2485,82.83333333333333,frustrated,0.8007120490074158,frustrated,0.9666666666666667,0.7584604559273556,221.97930908203125,242.66104125976562,402.79046630859375,419.4238586425781,49.33488596398367
2486,82.86666666666666,frustrated,0.8491332530975342,frustrated,1.0,0.7614828824996949,221.81166076660156,242.6107940673828,402.735595703125,419.06683349609375,45.12818747175658
2487,82.9,frustrated,0.8491332530975342,frustrated,1.0,0.7660096704959869,221.81166076660156,242.6107940673828,402.735595703125,419.06683349609375,55.84438201499194
2488,82.93333333333334,frustrated,0.8555858135223389,frustrated,1.0,0.774275811513265,221.52984619140625,242.26116943359375,403.255859375,419.55950927734375,53.48035752993229
2489,82.96666666666667,frustrated,0.8379806876182556,frustrated,1.0,0.7819551150004069,221.5249786376953,241.956298828125,403.73272705078125,419.94085693359375,56.23597554435268
2490,83.0,frustrated,0.8379806876182556,frustrated,1.0,0.7910537540912628,221.5249786376953,241.956298828125,403.73272705078125,419.94085693359375,54.23201448151021
2491,83.03333333333333,frustrated,0.851630687713623,frustrated,1.0,0.7965655326843262,221.44107055664062,241.9441375732422,403.7732238769531,419.75238037109375,53.079689694883506
2492,83.06666666666666,frustrated,0.8025885820388794,frustrated,1.0,0.8004425744215647,221.7080078125,242.62429809570312,403.5433349609375,419.6037292480469,52.41897144285446
2493,83.1,frustrated,0.8025885820388794,frustrated,1.0,0.8014430145422617,221.7080078125,242.62429809570312,403.5433349609375,419.6037292480469,51.35798599206544
2494,83.13333333333334,frustrated,0.8327986001968384,frustrated,1.0,0.8046626587708791,221.56947326660156,242.7747802734375,403.4993896484375,419.5076904296875,47.992493849762575
2495,83.16666666666667,frustrated,0.8327986001968384,frustrated,1.0,0.8077693442503612,221.56947326660156,242.7747802734375,403.4993896484375,419.5076904296875,50.64911666324522
2496,83.2,frustrated,0.838161289691925,frustrated,1.0,0.8110547860463461,221.23304748535156,242.6923065185547,402.2550048828125,420.17022705078125,56.86112466785966
2497,83.23333333333333,frustrated,0.8373489379882812,frustrated,1.0,0.8160334249337514,221.5803985595703,243.26220703125,403.12115478515625,420.220703125,55.29443404434836
2498,83.26666666666667,frustrated,0.7570986151695251,frustrated,1.0,0.816524867216746,221.39822387695312,243.62245178222656,402.3439025878906,419.970947265625,52.311100024943876
2499,83.3,frustrated,0.7570986151695251,frustrated,1.0,0.8170163094997406,221.39822387695312,243.62245178222656,402.3439025878906,419.970947265625,51.01938936868994
2500,83.33333333333333,frustrated,0.8569360375404358,frustrated,1.0,0.820633320013682,221.08702087402344,243.67153930664062,401.70458984375,420.0625305175781,47.74501411529005
2501,83.36666666666666,frustrated,0.8299247622489929,frustrated,1.0,0.8233499546845754,221.66461181640625,243.77130126953125,402.0843505859375,419.67596435546875,55.96882839605017
2502,83.4,frustrated,0.8299247622489929,frustrated,1.0,0.8273644665877025,221.66461181640625,243.77130126953125,402.0843505859375,419.67596435546875,57.94277978089988
2503,83.43333333333334,frustrated,0.8537132740020752,frustrated,1.0,0.8282486041386922,221.74456787109375,243.66661071777344,401.59228515625,419.67236328125,46.89412133002393
2504,83.46666666666667,frustrated,0.8713403344154358,frustrated,1.0,0.8297203103701274,221.54066467285156,244.11444091796875,401.0675048828125,419.9627685546875,51.63237068222666
2505,83.5,frustrated,0.8713403344154358,frustrated,1.0,0.833128297328949,221.54066467285156,244.11444091796875,401.0675048828125,419.9627685546875,49.44480596029613
2506,83.53333333333333,frustrated,0.8706710934638977,frustrated,1.0,0.8347905258337657,221.67791748046875,244.1561279296875,401.4478759765625,420.21099853515625,51.90135250516625
2507,83.56666666666666,frustrated,0.8744717240333557,frustrated,1.0,0.835936987400055,221.453857421875,244.35107421875,400.75433349609375,419.89447021484375,51.60314960629921
2508,83.6,frustrated,0.8744717240333557,frustrated,1.0,0.8370834489663442,221.453857421875,244.35107421875,400.75433349609375,419.89447021484375,57.21872228967437
2509,83.63333333333334,frustrated,0.8782204389572144,frustrated,1.0,0.8374076187610626,221.4364013671875,244.0738525390625,401.4193115234375,419.947021484375,58.39778343984518
2510,83.66666666666667,frustrated,0.8767971992492676,frustrated,1.0,0.8385725299517314,221.34849548339844,243.98675537109375,402.4222412109375,420.249755859375,57.99565824587602
2511,83.7,frustrated,0.8767971992492676,frustrated,1.0,0.8394134084383646,221.34849548339844,243.98675537109375,402.4222412109375,420.249755859375,49.92268139402019
2512,83.73333333333333,frustrated,0.8771660923957825,frustrated,1.0,0.8402965644995372,221.55767822265625,243.6156005859375,402.32916259765625,420.10968017578125,55.42522629666336
2513,83.76666666666667,frustrated,0.8746734261512756,frustrated,1.0,0.8410966316858928,221.52328491210938,244.31912231445312,401.9222106933594,420.0401916503906,54.74091959123478
2514,83.8,frustrated,0.8746734261512756,frustrated,1.0,0.844458669424057,221.52328491210938,244.31912231445312,401.9222106933594,420.0401916503906,49.04414120508413
2515,83.83333333333333,frustrated,0.8849246501922607,frustrated,1.0,0.8472657561302185,221.57745361328125,243.84140014648438,401.88360595703125,420.2392883300781,51.08214690228842
2516,83.86666666666666,frustrated,0.8741998076438904,frustrated,1.0,0.8481013079484304,221.28277587890625,243.9495849609375,401.2523193359375,419.9111328125,52.514135470138974
2517,83.9,frustrated,0.8741998076438904,frustrated,1.0,0.8489368597666422,221.28277587890625,243.9495849609375,401.2523193359375,419.9111328125,41.357011151976494
2518,83.93333333333334,frustrated,0.8645831942558289,frustrated,1.0,0.8492367724577586,221.56558227539062,243.65380859375,402.4396057128906,420.27606201171875,61.32920017546425
2519,83.96666666666667,frustrated,0.8514823913574219,frustrated,1.0,0.8496868292490641,221.284423828125,243.05914306640625,403.328369140625,420.49700927734375,53.15974651457541
2520,84.0,frustrated,0.8514823913574219,frustrated,1.0,0.8501368860403696,221.284423828125,243.05914306640625,403.328369140625,420.49700927734375,51.7062057743041
2521,84.03333333333333,frustrated,0.8609970211982727,frustrated,1.0,0.8504490971565246,221.4275665283203,243.29747009277344,402.67462158203125,420.0289306640625,45.29926234731237
2522,84.06666666666666,frustrated,0.8246638774871826,frustrated,1.0,0.8511849403381347,220.9014434814453,243.80596923828125,402.40423583984375,420.37054443359375,47.16304592272748
2523,84.1,frustrated,0.8246638774871826,frustrated,1.0,0.8519207835197449,220.9014434814453,243.80596923828125,402.40423583984375,420.37054443359375,49.57161598373734
2524,84.13333333333334,frustrated,0.8422434329986572,frustrated,1.0,0.8522356112798055,221.2130126953125,243.34088134765625,402.66705322265625,420.46356201171875,49.75567629125246
2525,84.16666666666667,frustrated,0.8625683188438416,frustrated,1.0,0.8532279352347056,221.59573364257812,243.9278564453125,401.8143615722656,419.71527099609375,43.364080932146436
2526,84.2,frustrated,0.8625683188438416,frustrated,1.0,0.8540415028731029,221.59573364257812,243.9278564453125,401.8143615722656,419.71527099609375,51.66035226013056
2527,84.23333333333333,frustrated,0.8537079691886902,frustrated,1.0,0.8545868039131165,221.48379516601562,243.6239013671875,401.8973693847656,419.88275146484375,49.61853047994227
2528,84.26666666666667,frustrated,0.8481453657150269,frustrated,1.0,0.8576216955979665,221.62059020996094,243.67893981933594,401.9638671875,419.6173095703125,57.900386526780785
2529,84.3,frustrated,0.8543387055397034,frustrated,1.0,0.8608630319436391,221.25198364257812,243.04656982421875,401.8476257324219,419.8055419921875,59.25748435314562
2530,84.33333333333333,frustrated,0.8471118211746216,frustrated,1.0,0.8605355580647787,221.6073760986328,243.85728454589844,401.19598388671875,419.5487060546875,52.42224721909761
2531,84.36666666666666,frustrated,0.8429364562034607,frustrated,1.0,0.8609692811965942,221.431884765625,243.82904052734375,401.3580322265625,419.55328369140625,54.340921163438495
2532,84.4,frustrated,0.8429364562034607,frustrated,1.0,0.8614030043284099,221.431884765625,243.82904052734375,401.3580322265625,419.55328369140625,55.316311458113525
2533,84.43333333333334,frustrated,0.8678918480873108,frustrated,1.0,0.8618756234645844,221.53744506835938,243.3450469970703,402.3813171386719,419.62042236328125,53.968938584865604
2534,84.46666666666667,frustrated,0.8729144334793091,frustrated,1.0,0.8619280934333802,221.85888671875,243.8204345703125,401.50872802734375,419.35614013671875,52.495075032228186
2535,84.5,frustrated,0.8729144334793091,frustrated,1.0,0.8619805634021759,221.85888671875,243.8204345703125,401.50872802734375,419.35614013671875,51.12884901382353
2536,84.53333333333333,frustrated,0.8624388575553894,frustrated,1.0,0.861706155538559,221.5580596923828,243.83056640625,401.92547607421875,419.46966552734375,57.921975335920344
2537,84.56666666666666,frustrated,0.8639395833015442,frustrated,1.0,0.861355084180832,221.3656005859375,243.85675048828125,401.2127685546875,419.87725830078125,53.15974651457541
2538,84.6,frustrated,0.8639395833015442,frustrated,1.0,0.8610040128231049,221.3656005859375,243.85675048828125,401.2127685546875,419.87725830078125,47.84741044946384
2539,84.63333333333334,frustrated,0.8769659996032715,frustrated,1.0,0.8609621981779735,221.0125732421875,244.00653076171875,400.88262939453125,419.60528564453125,50.715871442044936
2540,84.66666666666667,frustrated,0.8756104111671448,frustrated,1.0,0.860922638575236,220.9209442138672,244.0364990234375,401.12640380859375,420.17230224609375,53.23328806589585
2541,84.7,frustrated,0.8756104111671448,frustrated,1.0,0.8608830789724986,220.9209442138672,244.0364990234375,401.12640380859375,420.17230224609375,47.52429296591733
2542,84.73333333333333,frustrated,0.8732043504714966,frustrated,1.0,0.8607510209083558,221.02090454101562,244.19105529785156,400.6720275878906,420.1265869140625,55.93076502513635
2543,84.76666666666667,frustrated,0.8882719278335571,frustrated,1.0,0.8612043042977651,220.91978454589844,244.67127990722656,399.3138427734375,419.9349365234375,47.77764614753725
2544,84.8,frustrated,0.8904765844345093,frustrated,1.0,0.8617310762405396,220.7700653076172,244.39393615722656,399.48248291015625,420.266357421875,55.414974434858436
2545,84.83333333333333,frustrated,0.8904765844345093,frustrated,1.0,0.8619161407152812,220.7700653076172,244.39393615722656,399.48248291015625,420.266357421875,56.90046531819353
2546,84.86666666666666,frustrated,0.8957107663154602,frustrated,1.0,0.8626331726710001,220.65997314453125,244.5927734375,398.88037109375,420.1282958984375,52.03270106315672
2547,84.9,frustrated,0.8957107663154602,frustrated,1.0,0.8633502046267192,220.65997314453125,244.5927734375,398.88037109375,420.1282958984375,50.83819982303674
2548,84.93333333333334,frustrated,0.8917536735534668,frustrated,1.0,0.8642558872699737,220.55259704589844,244.63818359375,398.6558837890625,419.8389892578125,49.3000928570589
2549,84.96666666666667,frustrated,0.8857295513153076,frustrated,1.0,0.8653974592685699,220.5897216796875,244.37142944335938,399.28131103515625,420.2288513183594,52.26937839589253
2550,85.0,frustrated,0.8857295513153076,frustrated,1.0,0.8665390312671661,220.5897216796875,244.37142944335938,399.28131103515625,420.2288513183594,53.50287011761104
2551,85.03333333333333,frustrated,0.8796902298927307,frustrated,1.0,0.8671621382236481,220.66656494140625,244.79046630859375,398.741455078125,420.119384765625,56.633864434242504
2552,85.06666666666666,frustrated,0.883690595626831,frustrated,1.0,0.8691296954949697,220.96340942382812,244.3601531982422,400.0086975097656,420.25714111328125,45.44355721204373
2553,85.1,frustrated,0.883690595626831,frustrated,1.0,0.8710972527662914,220.96340942382812,244.3601531982422,400.0086975097656,420.25714111328125,50.34937097858446
2554,85.13333333333334,frustrated,0.8508739471435547,frustrated,1.0,0.8713849365711213,220.57838439941406,244.0162353515625,400.5283203125,420.98638916015625,49.23354305568598
2555,85.16666666666667,frustrated,0.8663373589515686,frustrated,1.0,0.8715105712413788,220.53599548339844,243.863525390625,400.6566162109375,420.23333740234375,55.010872844120925
2556,85.2,frustrated,0.8878433108329773,frustrated,1.0,0.87235307097435,220.79103088378906,243.86141967773438,400.4957275390625,420.2494812011719,41.88691153853836
2557,85.23333333333333,frustrated,0.8878433108329773,frustrated,1.0,0.8734909156958263,220.79103088378906,243.86141967773438,400.4957275390625,420.2494812011719,41.540923857063625
2558,85.26666666666667,frustrated,0.870082676410675,frustrated,1.0,0.8742221593856812,220.62741088867188,244.01846313476562,400.3527526855469,420.4808654785156,50.14231063504208
2559,85.3,frustrated,0.870082676410675,frustrated,1.0,0.8747469584147135,220.62741088867188,244.01846313476562,400.3527526855469,420.4808654785156,43.33854102087208
2560,85.33333333333333,frustrated,0.8910909295082092,frustrated,1.0,0.8762129286924998,220.94041442871094,243.97836303710938,399.875244140625,420.6210021972656,54.04195227542132
2561,85.36666666666666,frustrated,0.8740594983100891,frustrated,1.0,0.8772503634293874,220.69540405273438,244.11170959472656,400.5517883300781,420.6085205078125,50.41715549572074
2562,85.4,frustrated,0.8956832885742188,frustrated,1.0,0.8790085911750793,220.8576202392578,244.26434326171875,399.83319091796875,420.2572021484375,52.508218680754645
2563,85.43333333333334,frustrated,0.8838505744934082,frustrated,1.0,0.8795405487219493,221.38284301757812,244.68344116210938,399.6504821777344,420.0870666503906,46.867921154963575
2564,85.46666666666667,frustrated,0.8931294679641724,frustrated,1.0,0.8802143832047781,221.33477783203125,244.96710205078125,399.4547119140625,419.95880126953125,47.56255599024777
2565,85.5,frustrated,0.8984825611114502,frustrated,1.0,0.8810666541258494,222.02606201171875,245.1361541748047,397.86102294921875,419.35321044921875,58.65257093314315
2566,85.53333333333333,frustrated,0.8984825611114502,frustrated,1.0,0.8822681109110514,222.02606201171875,245.1361541748047,397.86102294921875,419.35321044921875,54.940976133714074
2567,85.56666666666666,frustrated,0.8945236802101135,frustrated,1.0,0.8832875808080037,221.91285705566406,244.91058349609375,399.1768798828125,419.36199951171875,47.699946548998646
2568,85.6,frustrated,0.8949794769287109,frustrated,1.0,0.8843222439289093,222.547119140625,244.9585418701172,398.2156982421875,417.89447021484375,51.14007023019899
2569,85.63333333333334,frustrated,0.8949794769287109,frustrated,1.0,0.8849226931730906,222.547119140625,244.9585418701172,398.2156982421875,417.89447021484375,49.38600478046368
2570,85.66666666666667,bored,0.30292102694511414,frustrated,0.9666666666666667,0.8852438063457094,225.52853393554688,244.5172119140625,401.0418395996094,413.2587890625,50.627718900127945
2571,85.7,bored,0.30292102694511414,frustrated,0.9333333333333333,0.8855878561735153,225.52853393554688,244.5172119140625,401.0418395996094,413.2587890625,54.008550090136495
2572,85.73333333333333,bored,0.8377845883369446,frustrated,0.9,0.8860465045328494,229.3304443359375,241.3743896484375,400.23431396484375,408.24432373046875,46.85116840176936
2573,85.76666666666667,bored,0.8781384229660034,frustrated,0.8666666666666667,0.8859609113289759,234.57077026367188,233.10537719726562,405.0077819824219,398.5754089355469,56.99866822493409
2574,85.8,bored,0.8781384229660034,frustrated,0.8333333333333334,0.8857802844047546,234.57077026367188,233.10537719726562,405.0077819824219,398.5754089355469,46.79106192617053
2575,85.83333333333333,bored,0.9312700033187866,frustrated,0.8,0.8855846052368482,240.72396850585938,225.408447265625,410.5588684082031,393.23541259765625,49.54643608098849
2576,85.86666666666666,bored,0.8883185386657715,frustrated,0.7666666666666667,0.8851443373638651,249.80923461914062,220.56256103515625,412.5341491699219,383.49163818359375,51.17688543992581
2577,85.9,bored,0.9053295254707336,frustrated,0.7333333333333333,0.8846640451387926,257.22857666015625,217.75213623046875,415.44183349609375,378.79132080078125,52.52334201562813
2578,85.93333333333334,bored,0.9053295254707336,frustrated,0.7,0.8843264437857128,257.22857666015625,217.75213623046875,415.44183349609375,378.79132080078125,50.391714924189635
2579,85.96666666666667,bored,0.9351856708526611,frustrated,0.6666666666666666,0.8842562884092331,264.225341796875,218.06756591796875,417.27301025390625,373.9329833984375,55.22381535463654
2580,86.0,bored,0.9346111416816711,frustrated,0.6333333333333333,0.8841787482562818,270.2117919921875,218.15313720703125,418.322998046875,370.97186279296875,43.95024781784079
2581,86.03333333333333,bored,0.9346111416816711,frustrated,0.6,0.8844281103875902,270.2117919921875,218.15313720703125,418.322998046875,370.97186279296875,48.98228403928576
2582,86.06666666666666,bored,0.9425428509712219,frustrated,0.5666666666666667,0.8844714936088113,278.24578857421875,219.0615234375,420.016357421875,366.197998046875,46.30036759429953
2583,86.1,bored,0.9228624105453491,frustrated,0.5333333333333333,0.8845202997326851,281.6771240234375,218.9005889892578,421.5145263671875,363.71148681640625,47.52913980078643
2584,86.13333333333334,bored,0.9228624105453491,frustrated,0.5,0.8867633899052938,281.6771240234375,218.9005889892578,421.5145263671875,363.71148681640625,57.025791627578144
2585,86.16666666666667,bored,0.9272421598434448,bored,0.5333333333333333,0.8343793042004108,284.32257080078125,219.16287231445312,421.75531005859375,360.9410095214844,50.2534536261577
2586,86.2,bored,0.9272421598434448,bored,0.5666666666666667,0.8398418251205894,284.32257080078125,219.16287231445312,421.75531005859375,360.9410095214844,54.94025647407097
2587,86.23333333333333,bored,0.9229742288589478,bored,0.6,0.8444602919949425,285.67572021484375,219.13592529296875,421.96600341796875,359.3282470703125,55.72048781783883
2588,86.26666666666667,bored,0.9106473326683044,bored,0.6333333333333333,0.8479438204514352,286.096435546875,218.6782989501953,422.2130126953125,357.44354248046875,52.58590037737741
2589,86.3,bored,0.8787182569503784,bored,0.6666666666666666,0.8494825422763824,287.360107421875,218.2576446533203,421.393310546875,355.24554443359375,52.54044845296254
2590,86.33333333333333,bored,0.8787182569503784,bored,0.7,0.8508747191656203,287.360107421875,218.2576446533203,421.393310546875,355.24554443359375,48.97256147397427
2591,86.36666666666666,engaged,0.40613263845443726,bored,0.7,0.8508747191656203,286.905517578125,219.68106079101562,421.9195556640625,356.4436340332031,47.982062369872104
2592,86.4,bored,0.8835902810096741,bored,0.7333333333333333,0.8523617901585319,284.8061828613281,219.46807861328125,420.3497009277344,356.39666748046875,52.69027549212969
2593,86.43333333333334,bored,0.8835902810096741,bored,0.7666666666666667,0.8537195506303207,284.8061828613281,219.46807861328125,420.3497009277344,356.39666748046875,45.852918347490515
2594,86.46666666666667,bored,0.9140017032623291,bored,0.8,0.8562313069899877,281.5379333496094,221.5319061279297,419.8572692871094,357.89739990234375,48.565983117770344
2595,86.5,bored,0.8449983596801758,bored,0.8333333333333334,0.8557819890975952,267.8986511230469,223.16746520996094,417.6076354980469,369.1563720703125,55.66354792902549
2596,86.53333333333333,bored,0.8118624687194824,bored,0.8666666666666667,0.8540927767753601,263.2372131347656,225.07310485839844,416.7505798339844,374.51904296875,53.33550356052899
2597,86.56666666666666,bored,0.7423116564750671,bored,0.9,0.8499527352827566,257.0811462402344,225.68240356445312,415.8452453613281,380.7973937988281,54.537350306214
2598,86.6,bored,0.26965922117233276,bored,0.9333333333333333,0.8292279669216701,252.03958129882812,228.8690185546875,413.5489807128906,384.77471923828125,58.637811237400214
2599,86.63333333333334,bored,0.26965922117233276,bored,0.9666666666666667,0.8099324929303137,252.03958129882812,228.8690185546875,413.5489807128906,384.77471923828125,49.60444680976879
2600,86.66666666666667,engaged,0.2652961015701294,bored,0.9333333333333333,0.8280400452869279,246.6813507080078,229.99990844726562,412.58697509765625,389.9161682128906,48.587361714451205
2601,86.7,bored,0.3684437572956085,bored,0.9333333333333333,0.8303801427994456,237.45030212402344,231.70191955566406,410.5872802734375,395.0994873046875,56.2442707146018
2602,86.73333333333333,bored,0.3684437572956085,bored,0.9333333333333333,0.813617970262255,237.45030212402344,231.70191955566406,410.5872802734375,395.0994873046875,47.957374312535016
2603,86.76666666666667,engaged,0.4779215455055237,bored,0.9,0.8112283238658199,233.95571899414062,228.77520751953125,410.4154968261719,397.42388916015625,53.064244325801475
2604,86.8,bored,0.6070195436477661,bored,0.9,0.8011868838910703,231.21417236328125,230.8046417236328,408.62451171875,399.34918212890625,46.75715687148845
2605,86.83333333333333,bored,0.6070195436477661,bored,0.9,0.7891776076069584,231.21417236328125,230.8046417236328,408.62451171875,399.34918212890625,54.933780385582565
2606,86.86666666666666,engaged,0.5749467611312866,bored,0.8666666666666667,0.7853644948739272,225.77313232421875,226.3408660888672,409.4893798828125,401.73797607421875,44.5321385343894
2607,86.9,engaged,0.5859943628311157,bored,0.8333333333333334,0.7805658936500549,224.2984161376953,226.15711975097656,408.32513427734375,402.75732421875,56.07658163538157
2608,86.93333333333334,engaged,0.5859943628311157,bored,0.8,0.77536740899086,224.2984161376953,226.15711975097656,408.32513427734375,402.75732421875,53.37215280075331
2609,86.96666666666667,frustrated,0.6205957531929016,bored,0.7666666666666667,0.7684187889099121,222.73434448242188,227.06298828125,406.5776062011719,403.9320068359375,53.74074596076723
2610,87.0,engaged,0.3688405156135559,bored,0.7333333333333333,0.7608645910566504,221.3346710205078,225.85430908203125,407.15521240234375,406.8607177734375,49.145856767904014
2611,87.03333333333333,engaged,0.3688405156135559,bored,0.7,0.7525909457887922,221.3346710205078,225.85430908203125,407.15521240234375,406.8607177734375,51.17626101173772
2612,87.06666666666666,frustrated,0.8039177656173706,bored,0.6666666666666666,0.7430933505296707,221.01849365234375,227.77734375,405.01727294921875,409.59124755859375,46.278911189328156
2613,87.1,frustrated,0.8184841275215149,bored,0.6333333333333333,0.7336318210551613,220.74041748046875,228.1136016845703,405.35711669921875,411.06463623046875,56.63157041977776
2614,87.13333333333334,frustrated,0.8184841275215149,bored,0.6,0.7231190105279287,220.74041748046875,228.1136016845703,405.35711669921875,411.06463623046875,51.39196706447423
2615,87.16666666666667,engaged,0.4719012975692749,bored,0.5666666666666667,0.7111117664505454,219.77024841308594,228.15628051757812,406.5838623046875,412.3681335449219,50.97970197146122
2616,87.2,frustrated,0.8100517988204956,bored,0.5333333333333333,0.6976036168634892,219.4447021484375,230.10906982421875,405.1021728515625,413.76495361328125,51.485331303856825
2617,87.23333333333333,frustrated,0.8100517988204956,bored,0.5,0.6825789093971253,219.4447021484375,230.10906982421875,405.1021728515625,413.76495361328125,51.268842439799535
2618,87.26666666666667,engaged,0.6089858412742615,bored,0.4666666666666667,0.6662883077348981,219.41949462890625,228.15478515625,405.9693603515625,413.1591796875,49.82068703378154
2619,87.3,engaged,0.4723784029483795,bored,0.43333333333333335,0.6499475424106305,219.58416748046875,228.21759033203125,405.74652099609375,413.26739501953125,48.109747424927164
2620,87.33333333333333,engaged,0.4723784029483795,neutral,0.4,0.4716342290242513,219.58416748046875,228.21759033203125,405.74652099609375,413.26739501953125,49.77811535722763
2621,87.36666666666666,engaged,0.6711289882659912,bored,0.4,0.6308833161989847,220.25042724609375,228.69732666015625,405.97137451171875,413.77532958984375,54.02246264811953
2622,87.4,engaged,0.7554733753204346,engaged,0.43333333333333335,0.5138523441094619,219.73329162597656,228.05101013183594,406.2066650390625,413.0242919921875,47.94695809232036
2623,87.43333333333334,engaged,0.7554733753204346,engaged,0.4666666666666667,0.5311109891959599,219.73329162597656,228.05101013183594,406.2066650390625,413.0242919921875,51.038635174436294
2624,87.46666666666667,engaged,0.7126262784004211,engaged,0.5,0.5432120084762573,220.48031616210938,227.5708770751953,406.3891906738281,412.70343017578125,47.96889224364693
2625,87.5,engaged,0.7338152527809143,engaged,0.5333333333333333,0.5551247112452984,220.31011962890625,228.6095733642578,407.2574462890625,412.92657470703125,55.782737066099216
2626,87.53333333333333,engaged,0.7338152527809143,engaged,0.5666666666666667,0.5656359195709229,220.31011962890625,228.6095733642578,407.2574462890625,412.92657470703125,47.4018353600651
2627,87.56666666666666,engaged,0.6786960363388062,engaged,0.6,0.5719170371691386,220.412353515625,228.4510498046875,406.585205078125,412.92669677734375,51.16627223265914
2628,87.6,engaged,0.6946355700492859,engaged,0.6333333333333333,0.5783759073207253,220.26927185058594,227.9401092529297,406.7183837890625,412.66400146484375,53.73179605431719
2629,87.63333333333334,engaged,0.6946355700492859,engaged,0.6666666666666666,0.5841888904571533,220.26927185058594,227.9401092529297,406.7183837890625,412.66400146484375,53.840083180365326
2630,87.66666666666667,engaged,0.7396557331085205,engaged,0.6666666666666666,0.6079068720340729,219.98648071289062,227.89089965820312,406.2644958496094,413.1828918457031,56.876545888479065
2631,87.7,engaged,0.7297915816307068,engaged,0.7,0.6137109058243888,220.03814697265625,227.9132080078125,406.142333984375,412.78094482421875,50.3983754490946
2632,87.73333333333333,engaged,0.7297915816307068,engaged,0.7333333333333333,0.6189873001792214,220.03814697265625,227.9132080078125,406.142333984375,412.78094482421875,51.899425856266085
2633,87.76666666666667,engaged,0.735601007938385,engaged,0.7333333333333333,0.6307000030170787,220.10751342773438,228.67709350585938,405.9391174316406,413.3404235839844,56.61475332388473
2634,87.8,engaged,0.6599569916725159,engaged,0.7666666666666667,0.6319720460020978,220.29725646972656,228.2308349609375,405.9517822265625,412.6767578125,49.441891716666866
2635,87.83333333333333,engaged,0.6599569916725159,engaged,0.8,0.6331380854050318,220.29725646972656,228.2308349609375,405.9517822265625,412.6767578125,53.62257252074304
2636,87.86666666666666,engaged,0.63340824842453,engaged,0.8,0.635573980708917,221.42901611328125,229.79165649414062,405.4912109375,411.7652893066406,45.19967670671911
2637,87.9,engaged,0.6529502272605896,engaged,0.8,0.6383638083934784,222.80718994140625,229.12286376953125,404.91497802734375,409.5799560546875,53.67129037211445
2638,87.93333333333334,engaged,0.6529502272605896,engaged,0.8,0.6411536360780398,222.80718994140625,229.12286376953125,404.91497802734375,409.5799560546875,45.44700400910175
2639,87.96666666666667,bored,0.5397941470146179,engaged,0.8,0.6411536360780398,228.037353515625,227.70578002929688,402.850341796875,402.6603088378906,55.678326319841766
2640,88.0,bored,0.8974285125732422,engaged,0.7666666666666667,0.6529933369677999,232.17742919921875,223.33224487304688,406.64886474609375,395.5809631347656,50.73673005274109
2641,88.03333333333333,bored,0.8974285125732422,engaged,0.7333333333333333,0.6659093743020837,232.17742919921875,223.33224487304688,406.64886474609375,395.5809631347656,53.8055494977743
2642,88.06666666666666,bored,0.9398881793022156,engaged,0.7333333333333333,0.6659093743020837,235.4215087890625,216.7211151123047,407.79205322265625,387.41790771484375,54.626847787864186
2643,88.1,bored,0.9135299921035767,engaged,0.7333333333333333,0.6659093743020837,243.43707275390625,214.1051025390625,411.04046630859375,380.6656494140625,52.94100421578775
2644,88.13333333333334,bored,0.9135299921035767,engaged,0.7333333333333333,0.6659093743020837,243.43707275390625,214.1051025390625,411.04046630859375,380.6656494140625,47.501149503391886
2645,88.16666666666667,bored,0.8748481273651123,engaged,0.7,0.6751478541465032,249.70379638671875,213.19288635253906,413.0343017578125,375.239501953125,50.68094104568687
2646,88.2,engaged,0.46271640062332153,engaged,0.7333333333333333,0.6654918789863586,253.75436401367188,213.22628784179688,413.6357116699219,371.0168151855469,55.67980459052954
2647,88.23333333333333,engaged,0.5769910216331482,engaged,0.7666666666666667,0.6616440156231755,259.8411865234375,213.7317657470703,413.4351806640625,365.47528076171875,46.616844866294706
2648,88.26666666666667,engaged,0.5769910216331482,engaged,0.7666666666666667,0.6602529365083446,259.8411865234375,213.7317657470703,413.4351806640625,365.47528076171875,45.1087737411542
2649,88.3,bored,0.8395127654075623,engaged,0.7333333333333333,0.6687926880337975,264.48101806640625,212.8238525390625,412.99041748046875,363.93292236328125,53.02265372168285
2650,88.33333333333333,bored,0.8395127654075623,engaged,0.7,0.6781457492283413,264.48101806640625,212.8238525390625,412.99041748046875,363.93292236328125,51.96758765952175
2651,88.36666666666666,bored,0.9066684246063232,engaged,0.6666666666666666,0.6784965872764588,267.39422607421875,213.05596923828125,413.35260009765625,360.33795166015625,49.870446114334634
2652,88.4,engaged,0.35899055004119873,engaged,0.6666666666666666,0.658672446012497,270.0541076660156,213.17459106445312,413.0928039550781,354.9924011230469,57.949184155625254
2653,88.43333333333334,engaged,0.35899055004119873,engaged,0.6666666666666666,0.6388483047485352,270.0541076660156,213.17459106445312,413.0928039550781,354.9924011230469,50.808024033336565
2654,88.46666666666667,bored,0.9118297100067139,engaged,0.6333333333333333,0.634965253503699,275.3567199707031,211.2192840576172,411.6353454589844,349.79107666015625,54.10050562377464
2655,88.5,engaged,0.7632548213005066,engaged,0.6333333333333333,0.6365147044784144,276.523193359375,211.5465087890625,410.8226318359375,344.042236328125,55.75455947253682
2656,88.53333333333333,engaged,0.7632548213005066,engaged,0.6333333333333333,0.6380641554531298,276.523193359375,211.5465087890625,410.8226318359375,344.042236328125,55.34769929137911
2657,88.56666666666666,engaged,0.6960289478302002,engaged,0.6333333333333333,0.6389764139526769,280.96563720703125,209.074951171875,409.97174072265625,337.95672607421875,49.74446434289645
2658,88.6,engaged,0.8431355953216553,engaged,0.6333333333333333,0.6467922047564858,282.36260986328125,206.0894012451172,408.72222900390625,334.25494384765625,45.18945009481124
2659,88.63333333333334,engaged,0.8817917108535767,engaged,0.6333333333333333,0.6566425279567116,281.6756591796875,204.63613891601562,406.4837646484375,330.7977600097656,60.12735639434035
2660,88.66666666666667,engaged,0.8817917108535767,engaged,0.6333333333333333,0.6641233688906619,281.6756591796875,204.63613891601562,406.4837646484375,330.7977600097656,50.57277901032121
2661,88.7,engaged,0.8979963660240173,engaged,0.6333333333333333,0.6729762522797835,283.0315856933594,203.94793701171875,403.3672180175781,326.19586181640625,55.158453991925406
2662,88.73333333333333,engaged,0.8979963660240173,engaged,0.6333333333333333,0.6818291356689051,283.0315856933594,203.94793701171875,403.3672180175781,326.19586181640625,49.84555415587194
2663,88.76666666666667,engaged,0.6268844604492188,engaged,0.6333333333333333,0.6761072121168438,281.9561767578125,203.50941467285156,400.72735595703125,322.7379150390625,51.2694691293134
2664,88.8,engaged,0.8080266118049622,engaged,0.6333333333333333,0.6839003500185514,278.2591552734375,202.80316162109375,399.74371337890625,321.4659423828125,52.518738339406234
2665,88.83333333333333,engaged,0.8080266118049622,engaged,0.6333333333333333,0.6916934879202592,278.2591552734375,202.80316162109375,399.74371337890625,321.4659423828125,55.620734925539395
2666,88.86666666666666,bored,0.39745035767555237,engaged,0.6,0.694931556781133,276.30474853515625,201.9989013671875,394.42474365234375,317.71234130859375,47.27254694227171
2667,88.9,engaged,0.3860960602760315,engaged,0.6,0.6801063252819909,271.48291015625,201.1739501953125,389.8924560546875,317.8343505859375,59.32034056515713
2668,88.93333333333334,engaged,0.3860960602760315,engaged,0.6,0.6652810937828488,271.48291015625,201.1739501953125,389.8924560546875,317.8343505859375,50.02390096128617
2669,88.96666666666667,engaged,0.5163856744766235,engaged,0.6333333333333333,0.6574444927667317,267.57562255859375,201.60769653320312,383.18035888671875,315.4537658691406,49.95776409352407
2670,89.0,engaged,0.688734233379364,engaged,0.6666666666666666,0.6590089797973633,264.611572265625,201.08816528320312,378.30126953125,314.0799255371094,53.907205099863766
2671,89.03333333333333,engaged,0.26648178696632385,engaged,0.7,0.640317208710171,260.808837890625,201.05770874023438,375.58349609375,312.2591247558594,49.87163206582483
2672,89.06666666666666,engaged,0.26648178696632385,engaged,0.7333333333333333,0.6233246895399961,260.808837890625,201.05770874023438,375.58349609375,312.2591247558594,55.37108080634728
2673,89.1,engaged,0.447549432516098,engaged,0.7666666666666667,0.6156822870606962,255.27749633789062,201.58126831054688,369.9310607910156,312.8052673339844,60.95220379870083
2674,89.13333333333334,engaged,0.6804928183555603,engaged,0.8,0.6183827258646488,251.45172119140625,203.4881591796875,363.0394287109375,312.4532470703125,53.94395071572801
2675,89.16666666666667,engaged,0.6804928183555603,engaged,0.8333333333333334,0.6208671295642852,251.45172119140625,203.4881591796875,363.0394287109375,312.4532470703125,49.70909134005712
2676,89.2,bored,0.799434244632721,engaged,0.8,0.6274567432701588,250.3433837890625,202.63954162597656,361.0859375,312.4761962890625,52.51676558235044
2677,89.23333333333333,bored,0.799434244632721,engaged,0.7666666666666667,0.6296509050804636,250.3433837890625,202.63954162597656,361.0859375,312.4761962890625,43.24425977668031
2678,89.26666666666667,engaged,0.3448713421821594,engaged,0.7666666666666667,0.6195587451043336,244.35707092285156,201.8058624267578,356.597900390625,313.16204833984375,52.29675070447121
2679,89.3,engaged,0.6225166320800781,engaged,0.8,0.6196819903949896,242.14859008789062,202.36526489257812,356.1686096191406,313.6829528808594,52.98179751152656
2680,89.33333333333333,engaged,0.6225166320800781,engaged,0.8333333333333334,0.6197953760623932,242.14859008789062,202.36526489257812,356.1686096191406,313.6829528808594,53.911362467866326
2681,89.36666666666666,engaged,0.7508308291435242,engaged,0.8666666666666667,0.6248352011808982,241.67453002929688,202.65777587890625,355.8264465332031,313.7132568359375,49.90189289835933
2682,89.4,engaged,0.7411545515060425,engaged,0.8666666666666667,0.6395338166218537,241.73162841796875,201.5767364501953,356.26422119140625,313.52789306640625,53.29822733337569
2683,89.43333333333334,engaged,0.7152723073959351,engaged,0.8666666666666667,0.6532369611354975,244.36605834960938,202.41517639160156,356.3250427246094,312.51611328125,51.13882318515448
2684,89.46666666666667,engaged,0.7152723073959351,engaged,0.9,0.6555345665525507,244.36605834960938,202.41517639160156,356.3250427246094,312.51611328125,49.30878653217653
2685,89.5,engaged,0.6295541524887085,engaged,0.9,0.6505826899298915,246.25729370117188,201.55364990234375,357.0681457519531,313.16949462890625,54.11656022192117
2686,89.53333333333333,bored,0.8587337136268616,engaged,0.8666666666666667,0.6462491464156371,250.69158935546875,202.31227111816406,360.7891845703125,313.328857421875,54.64392824107247
2687,89.56666666666666,bored,0.8587337136268616,engaged,0.8333333333333334,0.6442579543590545,250.69158935546875,202.31227111816406,360.7891845703125,313.328857421875,52.84628565668783
2688,89.6,bored,0.8060501217842102,engaged,0.8,0.6359713859856129,252.3974609375,202.16299438476562,362.429443359375,313.7599182128906,55.406922060766185
2689,89.63333333333334,engaged,0.8043754696846008,engaged,0.8,0.6327457092702389,252.10049438476562,203.7342529296875,364.4362487792969,313.526611328125,52.66050622740056
2690,89.66666666666667,engaged,0.8043754696846008,engaged,0.8,0.6295200325548649,252.10049438476562,203.7342529296875,364.4362487792969,313.526611328125,47.45922581667176
2691,89.7,bored,0.8482491970062256,engaged,0.7666666666666667,0.6178471484909887,255.91171264648438,203.34002685546875,369.2122497558594,314.95574951171875,55.39521369327487
2692,89.73333333333333,engaged,0.6278553009033203,engaged,0.7666666666666667,0.6061018847900889,255.83343505859375,202.4251708984375,371.68450927734375,314.75335693359375,51.183755155834326
2693,89.76666666666667,engaged,0.6278553009033203,engaged,0.7666666666666667,0.606144095244615,255.83343505859375,202.4251708984375,371.68450927734375,314.75335693359375,52.482594659526015
2694,89.8,engaged,0.7242743372917175,engaged,0.7666666666666667,0.6025026920049087,258.370849609375,204.26416015625,373.6075439453125,316.29779052734375,47.49523270297814
2695,89.83333333333333,bored,0.3013083338737488,engaged,0.7333333333333333,0.5931606956503608,257.86962890625,205.24774169921875,375.79461669921875,316.53045654296875,56.6866781094998
2696,89.86666666666666,bored,0.3013083338737488,engaged,0.7333333333333333,0.5931606956503608,257.86962890625,205.24774169921875,375.79461669921875,316.53045654296875,58.792335403204326
2697,89.9,engaged,0.8189113140106201,engaged,0.7333333333333333,0.6128341162746603,259.9145202636719,203.7265167236328,375.5394592285156,316.08978271484375,48.600873686284054
2698,89.93333333333334,engaged,0.8763369917869568,engaged,0.7333333333333333,0.6351177949797023,259.7041015625,203.79632568359375,376.00390625,316.27392578125,47.84686462623059
2699,89.96666666666667,engaged,0.8763369917869568,engaged,0.7333333333333333,0.6514792184938084,259.7041015625,203.79632568359375,376.00390625,316.27392578125,52.261562998405104
2700,90.0,engaged,0.8411870002746582,engaged,0.7333333333333333,0.6584088897163217,260.04302978515625,204.7643280029297,375.64007568359375,317.09368896484375,51.43166852644357
2701,90.03333333333333,bored,0.6762564778327942,engaged,0.7,0.6770720850853693,259.38189697265625,205.00851440429688,375.38348388671875,318.1683044433594,51.96050594021382
2702,90.06666666666666,bored,0.6762564778327942,engaged,0.6666666666666666,0.6976015999913215,259.38189697265625,205.00851440429688,375.38348388671875,318.1683044433594,46.87315884758946
2703,90.1,bored,0.7973280549049377,engaged,0.6333333333333333,0.7107622403847543,258.1688232421875,206.6095733642578,372.974365234375,320.21807861328125,53.5090132040569
2704,90.13333333333334,bored,0.8539159297943115,engaged,0.6,0.7124438749419318,255.32420349121094,206.7418212890625,371.657470703125,321.9517822265625,60.523867243867244
2705,90.16666666666667,bored,0.8539159297943115,engaged,0.5666666666666667,0.7143233488587772,255.32420349121094,206.7418212890625,371.657470703125,321.9517822265625,57.278107801767106
2706,90.2,engaged,0.5645713806152344,engaged,0.6,0.7060037950674692,250.62930297851562,208.03573608398438,369.8500061035156,322.4683532714844,49.40171020706226
2707,90.23333333333333,engaged,0.7077729105949402,engaged,0.6333333333333333,0.7060969064110204,249.47674560546875,208.97021484375,365.9893798828125,322.98382568359375,52.49770323549659
2708,90.26666666666667,engaged,0.7077729105949402,engaged,0.6333333333333333,0.7251969889590615,249.47674560546875,208.97021484375,365.9893798828125,322.98382568359375,49.926841171779216
2709,90.3,bored,0.8884438872337341,engaged,0.6,0.7309014532301161,248.57791137695312,210.39801025390625,364.5690612792969,325.41082763671875,52.71610276004223
2710,90.33333333333333,engaged,0.2895459830760956,engaged,0.6,0.7124030838410059,244.86790466308594,211.1029052734375,362.980712890625,325.51934814453125,51.483435417152535
2711,90.36666666666666,engaged,0.2895459830760956,engaged,0.6,0.686776147948371,244.86790466308594,211.1029052734375,362.980712890625,325.51934814453125,52.79240770808946
2712,90.4,engaged,0.5348371863365173,engaged,0.6,0.6753140721056197,243.4521026611328,209.69235229492188,363.50640869140625,325.4112854003906,50.04837420201659
2713,90.43333333333334,engaged,0.5581793189048767,engaged,0.6,0.6665866838561164,241.635009765625,209.95404052734375,363.3240966796875,327.18109130859375,45.94181563266737
2714,90.46666666666667,engaged,0.5581793189048767,engaged,0.6,0.6578592956066132,241.635009765625,209.95404052734375,363.3240966796875,327.18109130859375,47.329090498758745
2715,90.5,bored,0.33093810081481934,engaged,0.5666666666666667,0.6595243040253135,241.017333984375,210.0219268798828,363.90362548828125,329.54998779296875,55.65173086364059
2716,90.53333333333333,engaged,0.7363830804824829,engaged,0.6,0.6637942360507118,238.81417846679688,211.3814697265625,362.5491027832031,330.6158447265625,50.73550260070159
2717,90.56666666666666,engaged,0.7363830804824829,engaged,0.6333333333333333,0.6676147015471208,238.81417846679688,211.3814697265625,362.5491027832031,330.6158447265625,43.260762835984075
2718,90.6,engaged,0.8465558886528015,engaged,0.6666666666666666,0.6765617609024048,238.70550537109375,211.4754638671875,362.548828125,331.82708740234375,43.372600926538716
2719,90.63333333333334,engaged,0.8884130120277405,engaged,0.6666666666666666,0.6807636380195617,238.5558319091797,211.92047119140625,363.04412841796875,332.70904541015625,55.66502541506855
2720,90.66666666666667,engaged,0.8768237829208374,engaged,0.6666666666666666,0.6843860536813736,239.10028076171875,211.3050079345703,365.73773193359375,333.37481689453125,55.74937196783412
2721,90.7,engaged,0.909017026424408,engaged,0.7,0.6950827666691372,239.90615844726562,211.93771362304688,367.0909118652344,333.6490173339844,60.16530632737079
2722,90.73333333333333,engaged,0.9123939275741577,engaged,0.7,0.7086322250820342,242.34422302246094,212.2783203125,367.93798828125,333.81109619140625,50.73857134216416
2723,90.76666666666667,engaged,0.9123939275741577,engaged,0.7,0.7221816834949312,242.34422302246094,212.2783203125,367.93798828125,333.81109619140625,49.27229368575624
2724,90.8,engaged,0.919927179813385,engaged,0.7,0.7314984855197725,243.62741088867188,212.5872802734375,370.3474426269531,334.6055908203125,49.85088605488667
2725,90.83333333333333,engaged,0.8897573947906494,engaged,0.7333333333333333,0.7386920723048124,245.1922149658203,213.0050048828125,371.90509033203125,335.10760498046875,52.51808073725333
2726,90.86666666666666,engaged,0.9124103784561157,engaged,0.7666666666666667,0.7462450421374777,246.850341796875,212.55715942382812,373.28509521484375,335.1927795410156,52.17834394904459
2727,90.9,engaged,0.9124103784561157,engaged,0.7666666666666667,0.7503102188524993,246.850341796875,212.55715942382812,373.28509521484375,335.1927795410156,53.90374111629461
2728,90.93333333333334,engaged,0.9198902249336243,engaged,0.7666666666666667,0.752203837684963,247.81777954101562,212.2734832763672,374.1946716308594,335.31829833984375,52.96373371047581
2729,90.96666666666667,engaged,0.9198902249336243,engaged,0.7666666666666667,0.7540974565174269,247.81777954101562,212.2734832763672,374.1946716308594,335.31829833984375,52.511505621353635
2730,91.0,engaged,0.913612961769104,engaged,0.7666666666666667,0.7572464113650115,248.530517578125,212.780029296875,374.58056640625,335.0009765625,53.39933287500318
2731,91.03333333333333,engaged,0.9192512631416321,engaged,0.8,0.7639966135223707,248.67469787597656,212.5853271484375,374.6778564453125,335.190185546875,49.736206140090836
2732,91.06666666666666,engaged,0.9192512631416321,engaged,0.8333333333333334,0.7702067995071411,248.67469787597656,212.5853271484375,374.6778564453125,335.190185546875,52.24008270124176
2733,91.1,engaged,0.6396420001983643,engaged,0.8666666666666667,0.7651850764568036,249.07864379882812,215.22695922851562,374.7815246582031,334.9202575683594,58.17100536732175
2734,91.13333333333334,engaged,0.8299641013145447,engaged,0.9,0.7675842995996829,249.11843872070312,213.87054443359375,373.5151672363281,334.669921875,48.24421720976777
2735,91.16666666666667,engaged,0.8299641013145447,engaged,0.9333333333333333,0.7698121496609279,249.11843872070312,213.87054443359375,373.5151672363281,334.669921875,47.485016246079994
2736,91.2,engaged,0.7246195077896118,engaged,0.9333333333333333,0.7755281542028699,248.93544006347656,215.3613739013672,373.0401611328125,334.56683349609375,50.91719575113809
2737,91.23333333333333,engaged,0.788897693157196,engaged,0.9333333333333333,0.7784254678658077,248.42312622070312,216.2006072998047,372.5215759277344,334.63958740234375,57.03819949683824
2738,91.26666666666667,bored,0.5439150929450989,engaged,0.9,0.7810422292462101,247.3597869873047,215.74876403808594,370.37127685546875,334.6431884765625,56.18324537198275
2739,91.3,bored,0.5439150929450989,engaged,0.9,0.7810422292462101,247.3597869873047,215.74876403808594,370.37127685546875,334.6431884765625,52.69623338442596
2740,91.33333333333333,engaged,0.8671987056732178,engaged,0.9,0.8024367745275851,244.0231170654297,216.8753662109375,366.78460693359375,334.39239501953125,50.43776906611511
2741,91.36666666666666,engaged,0.8671987056732178,engaged,0.9,0.82383131980896,244.0231170654297,216.8753662109375,366.78460693359375,334.39239501953125,47.409336498247995
2742,91.4,engaged,0.8715589642524719,engaged,0.9,0.8363024967688101,241.37498474121094,215.85113525390625,365.84033203125,334.0234375,49.34359191548434
2743,91.43333333333334,engaged,0.8873640298843384,engaged,0.9,0.8484945231013827,239.0375518798828,215.54306030273438,362.38421630859375,333.7572326660156,57.10342949721583
2744,91.46666666666667,engaged,0.8873640298843384,engaged,0.9,0.8606865494339554,239.0375518798828,215.54306030273438,362.38421630859375,333.7572326660156,47.516755409538916
2745,91.5,engaged,0.9023420214653015,engaged,0.9333333333333333,0.8621742448636464,237.3734588623047,215.02842712402344,361.36737060546875,333.994140625,45.11993459482137
2746,91.53333333333333,engaged,0.8754761815071106,engaged,0.9333333333333333,0.867141855614526,236.05860900878906,214.01568603515625,359.79150390625,333.68353271484375,52.222521041884555
2747,91.56666666666666,engaged,0.8754761815071106,engaged,0.9333333333333333,0.8721094663654055,236.05860900878906,214.01568603515625,359.79150390625,333.68353271484375,56.26086839881423
2748,91.6,engaged,0.8960740566253662,engaged,0.9333333333333333,0.8738779723644257,234.71774291992188,214.19529724121094,360.0979919433594,333.606201171875,50.65278666747177
2749,91.63333333333334,engaged,0.9119189381599426,engaged,0.9333333333333333,0.87471746972629,234.29971313476562,213.27987670898438,359.6758728027344,333.8419494628906,50.54839953721558
2750,91.66666666666667,frustrated,0.2525307536125183,engaged,0.9,0.874639458126492,156.11012268066406,394.12335205078125,385.5631103515625,479.84869384765625,47.18426855060073
2751,91.7,frustrated,0.2525307536125183,engaged,0.8666666666666667,0.8733172439611875,156.11012268066406,394.12335205078125,385.5631103515625,479.84869384765625,53.586263286999184
2752,91.73333333333333,engaged,0.3687779903411865,engaged,0.8666666666666667,0.8524089386829963,233.3867950439453,215.67672729492188,359.99932861328125,334.4547424316406,49.72618200787215
2753,91.76666666666667,bored,0.41539254784584045,engaged,0.8333333333333334,0.8500095391273499,234.6745147705078,217.0221710205078,358.25958251953125,335.48736572265625,55.26893225632173
2754,91.8,bored,0.41539254784584045,engaged,0.8,0.847096304098765,234.6745147705078,217.0221710205078,358.25958251953125,335.48736572265625,53.01260127150242
2755,91.83333333333333,bored,0.5181775093078613,engaged,0.7666666666666667,0.8452414740686831,238.00384521484375,216.74134826660156,359.695556640625,336.30029296875,48.639198450709124
2756,91.86666666666666,bored,0.5181775093078613,engaged,0.7333333333333333,0.8421883420510725,238.00384521484375,216.74134826660156,359.695556640625,336.30029296875,56.904325175014925
2757,91.9,bored,0.8732712864875793,engaged,0.7,0.8388444355555943,239.93826293945312,215.68167114257812,359.7109680175781,336.6537780761719,52.5411066153904
2758,91.93333333333334,bored,0.8601548671722412,engaged,0.6666666666666666,0.8347921460866928,240.65130615234375,214.42083740234375,358.4200439453125,336.1802978515625,53.29145543485166
2759,91.96666666666667,bored,0.8601548671722412,engaged,0.6333333333333333,0.8303132998315912,240.65130615234375,214.42083740234375,358.4200439453125,336.1802978515625,49.91495793119042
2760,92.0,bored,0.8552348613739014,engaged,0.6,0.8256855408350626,240.32969665527344,214.16244506835938,355.243408203125,336.5920715332031,51.12573288314095
2761,92.03333333333333,bored,0.8391323685646057,engaged,0.5666666666666667,0.8201816748170292,235.2840118408203,216.46917724609375,350.34808349609375,337.36077880859375,47.21932767432959
2762,92.06666666666666,frustrated,0.6867436766624451,engaged,0.5333333333333333,0.8139898255467415,227.645263671875,218.2226104736328,345.73223876953125,340.89288330078125,55.3805851906623
2763,92.1,frustrated,0.6867436766624451,engaged,0.5,0.8256130139033,227.645263671875,218.2226104736328,345.73223876953125,340.89288330078125,51.38252336792071
2764,92.13333333333334,frustrated,0.4649677574634552,engaged,0.4666666666666667,0.825302221945354,221.10317993164062,219.97158813476562,338.5758972167969,342.6284484863281,50.34453620126752
2765,92.16666666666667,bored,0.7916011810302734,engaged,0.43333333333333335,0.8249436158400315,215.89068603515625,224.74510192871094,335.02099609375,345.655029296875,52.69689545563052
2766,92.2,bored,0.7916011810302734,bored,0.43333333333333335,0.6789323779252859,215.89068603515625,224.74510192871094,335.02099609375,345.655029296875,48.66289983873026
2767,92.23333333333333,bored,0.8436040282249451,bored,0.4666666666666667,0.6906946386609759,207.8821563720703,224.63873291015625,329.47515869140625,347.05047607421875,48.683233706691425
2768,92.26666666666667,bored,0.7999223470687866,bored,0.4666666666666667,0.7089808710983821,203.4779510498047,224.61962890625,329.32952880859375,348.3017578125,55.414974434858436
2769,92.3,bored,0.7999223470687866,bored,0.4666666666666667,0.7272671035357884,203.4779510498047,224.61962890625,329.32952880859375,348.3017578125,55.11568988173456
2770,92.33333333333333,frustrated,0.8888432383537292,bored,0.4666666666666667,0.7272671035357884,201.20411682128906,224.63247680664062,329.1514892578125,350.7289733886719,45.36099064510896
2771,92.36666666666666,frustrated,0.8888432383537292,bored,0.4666666666666667,0.7272671035357884,201.20411682128906,224.63247680664062,329.1514892578125,350.7289733886719,55.56841547429783
2772,92.4,frustrated,0.9334288835525513,bored,0.4666666666666667,0.7272671035357884,198.63168334960938,226.12591552734375,327.4507141113281,353.0684814453125,49.456466371097065
2773,92.43333333333334,frustrated,0.8948691487312317,bored,0.4666666666666667,0.7272671035357884,197.2340087890625,227.43914794921875,328.5006103515625,354.67950439453125,52.49901743582041
2774,92.46666666666667,frustrated,0.815623939037323,bored,0.4666666666666667,0.7272671035357884,195.6427001953125,229.1202850341797,327.92462158203125,356.71527099609375,53.35585803332909
2775,92.5,frustrated,0.815623939037323,bored,0.4666666666666667,0.7272671035357884,195.6427001953125,229.1202850341797,327.92462158203125,356.71527099609375,52.08439195817656
2776,92.53333333333333,frustrated,0.7987344861030579,bored,0.4666666666666667,0.7272671035357884,194.81692504882812,229.67941284179688,328.4530944824219,358.5195617675781,47.39112356503661
2777,92.56666666666666,frustrated,0.7869647145271301,bored,0.4666666666666667,0.7272671035357884,195.63719177246094,231.05438232421875,329.8988037109375,360.14080810546875,52.44387761481426
2778,92.6,frustrated,0.7869647145271301,frustrated,0.4666666666666667,0.7109580657311848,195.63719177246094,231.05438232421875,329.8988037109375,360.14080810546875,49.38309746391315
2779,92.63333333333334,frustrated,0.841801643371582,frustrated,0.5,0.7196809709072113,199.9417266845703,231.9846954345703,332.38677978515625,360.97943115234375,52.36661464510893
2780,92.66666666666667,frustrated,0.8865404725074768,frustrated,0.5,0.7619482855002085,203.56332397460938,231.08009338378906,337.2481994628906,361.1339111328125,49.22140987877437
2781,92.7,frustrated,0.8865404725074768,frustrated,0.5,0.8042156000932058,203.56332397460938,231.08009338378906,337.2481994628906,361.1339111328125,52.396707016952114
2782,92.73333333333333,frustrated,0.9139377474784851,frustrated,0.5333333333333333,0.8110732343047857,207.66152954101562,233.8038330078125,336.8270568847656,361.0965576171875,48.4913059563448
2783,92.76666666666667,frustrated,0.9139377474784851,frustrated,0.5666666666666667,0.8171240880208857,207.66152954101562,233.8038330078125,336.8270568847656,361.0965576171875,45.37276749494272
2784,92.8,frustrated,0.9146593809127808,frustrated,0.6,0.8225427154037688,208.83010864257812,235.3740692138672,337.8244934082031,361.86859130859375,55.43255137778365
2785,92.83333333333333,frustrated,0.9154589176177979,frustrated,0.6333333333333333,0.8274330418360861,210.50706481933594,237.37872314453125,339.4595947265625,362.72515869140625,41.964022011005504
2786,92.86666666666666,frustrated,0.9118615984916687,frustrated,0.6666666666666666,0.8316544696688652,211.80641174316406,237.1824951171875,340.8079833984375,362.1495361328125,52.28566798389409
2787,92.9,frustrated,0.9118615984916687,frustrated,0.7,0.8354738567556653,211.80641174316406,237.1824951171875,340.8079833984375,362.1495361328125,39.28575175152673
2788,92.93333333333334,frustrated,0.9120277762413025,frustrated,0.7333333333333333,0.8389535803686489,212.55694580078125,236.92291259765625,341.22235107421875,362.03692626953125,55.416438754343545
2789,92.96666666666667,frustrated,0.9111631512641907,frustrated,0.7666666666666667,0.8420931269293246,214.55429077148438,238.15289306640625,341.7796936035156,360.82684326171875,50.11415257781229
2790,93.0,frustrated,0.9013306498527527,frustrated,0.8,0.8445613570511341,218.52207946777344,234.86251831054688,342.9013671875,356.4240417480469,45.96396791303204
2791,93.03333333333333,frustrated,0.8846950531005859,frustrated,0.8333333333333334,0.8461667048931122,219.06639099121094,233.05886840820312,344.3319091796875,355.5985412597656,49.1562243630312
2792,93.06666666666666,frustrated,0.8893619775772095,frustrated,0.8333333333333334,0.8542714369297028,220.2433624267578,234.21563720703125,344.04254150390625,355.05792236328125,55.244909248966046
2793,93.1,frustrated,0.8893619775772095,frustrated,0.8333333333333334,0.8623761689662933,220.2433624267578,234.21563720703125,344.04254150390625,355.05792236328125,46.39357571869435
2794,93.13333333333334,frustrated,0.9094432592391968,frustrated,0.8333333333333334,0.880155189037323,220.25357055664062,236.85299682617188,343.0911560058594,354.1631774902344,51.084635527677975
2795,93.16666666666667,frustrated,0.90654057264328,frustrated,0.8666666666666667,0.881170011483706,220.62559509277344,236.36911010742188,343.0906982421875,355.0817565917969,48.657819025522045
2796,93.2,frustrated,0.90654057264328,frustrated,0.9,0.8821096618970236,220.62559509277344,236.36911010742188,343.0906982421875,355.0817565917969,52.45962002676573
2797,93.23333333333333,frustrated,0.8964648246765137,frustrated,0.9333333333333333,0.8826223462820053,220.62286376953125,238.01202392578125,340.20147705078125,355.0546875,48.99658894444185
2798,93.26666666666667,frustrated,0.9114747047424316,frustrated,0.9666666666666667,0.8836172551944338,218.5054168701172,240.83651733398438,335.02899169921875,355.4593200683594,50.34997539104234
2799,93.3,frustrated,0.9114747047424316,frustrated,1.0,0.8845458368460337,218.5054168701172,240.83651733398438,335.02899169921875,355.4593200683594,49.73679592078738
2800,93.33333333333333,frustrated,0.9108167886734009,frustrated,1.0,0.8852782885233561,215.187255859375,238.8358154296875,332.9249267578125,355.932861328125,57.10031992376285
2801,93.36666666666666,frustrated,0.9026865363121033,frustrated,1.0,0.8857397317886353,212.55320739746094,240.12974548339844,329.50146484375,356.3157958984375,49.895956507774116
2802,93.4,frustrated,0.9026865363121033,frustrated,1.0,0.8847149868806203,212.55320739746094,240.12974548339844,329.50146484375,356.3157958984375,47.488242020764694
2803,93.43333333333334,frustrated,0.8971742391586304,frustrated,1.0,0.8847918232282003,207.66690063476562,240.63241577148438,326.9920959472656,356.8202209472656,54.94385496083209
2804,93.46666666666667,frustrated,0.8993552327156067,frustrated,1.0,0.8875828663508097,202.48707580566406,243.9615020751953,327.564697265625,359.66864013671875,53.0548471969237
2805,93.5,frustrated,0.8993552327156067,frustrated,1.0,0.8903739094734192,202.48707580566406,243.9615020751953,327.564697265625,359.66864013671875,53.908590817952806
2806,93.53333333333333,frustrated,0.9092462062835693,frustrated,1.0,0.8940576334794362,200.1981201171875,244.55337524414062,325.875732421875,359.6272888183594,46.89254849348762
2807,93.56666666666666,frustrated,0.9097148776054382,frustrated,1.0,0.8981493055820465,198.82041931152344,245.12063598632812,324.2578125,360.4209289550781,57.047508942779814
2808,93.6,frustrated,0.9097148776054382,frustrated,1.0,0.9022409776846568,198.82041931152344,245.12063598632812,324.2578125,360.4209289550781,49.53356322925032
2809,93.63333333333334,frustrated,0.9133659601211548,frustrated,1.0,0.9046264549096426,196.95701599121094,244.8938446044922,324.129638671875,360.50848388671875,54.19067429811755
2810,93.66666666666667,frustrated,0.9100179076194763,frustrated,1.0,0.9054090360800425,196.14840698242188,244.60430908203125,323.9674377441406,360.676513671875,51.98626690298831
2811,93.7,frustrated,0.9100179076194763,frustrated,1.0,0.9061916172504425,196.14840698242188,244.60430908203125,323.9674377441406,360.676513671875,45.249902904242006
2812,93.73333333333333,frustrated,0.9129566550254822,frustrated,1.0,0.9061589141686758,194.91098022460938,244.5312042236328,323.2388000488281,360.83819580078125,58.000470165249254
2813,93.76666666666667,frustrated,0.9136367440223694,frustrated,1.0,0.9061488807201385,194.11183166503906,243.58924865722656,323.4122314453125,361.125732421875,51.1756365987872
2814,93.8,frustrated,0.9136367440223694,frustrated,1.0,0.9061147928237915,194.11183166503906,243.58924865722656,323.4122314453125,361.125732421875,54.02176684998905
2815,93.83333333333333,frustrated,0.9142946600914001,frustrated,1.0,0.9060759842395782,194.0814208984375,244.05328369140625,323.31549072265625,360.7625732421875,57.543717158967745
2816,93.86666666666666,frustrated,0.9199041724205017,frustrated,1.0,0.906344070037206,193.63633728027344,244.32083129882812,322.7381591796875,360.6665344238281,45.13061536309543
2817,93.9,frustrated,0.9199041724205017,frustrated,1.0,0.9066121558348338,193.63633728027344,244.32083129882812,322.7381591796875,360.6665344238281,52.42748931276718
2818,93.93333333333334,frustrated,0.915752112865448,frustrated,1.0,0.906736300388972,194.03663635253906,244.71429443359375,322.3695068359375,360.605224609375,43.34570708114588
2819,93.96666666666667,frustrated,0.9195091128349304,frustrated,1.0,0.9070144991079966,193.54745483398438,244.6024627685547,323.1688537597656,360.87762451171875,52.77314476962178
2820,94.0,frustrated,0.9195091128349304,frustrated,1.0,0.9076204478740693,193.54745483398438,244.6024627685547,323.1688537597656,360.87762451171875,48.653868015358384
2821,94.03333333333333,frustrated,0.9184768795967102,frustrated,1.0,0.9087465087572734,194.17971801757812,244.14511108398438,323.0928649902344,360.6686706542969,53.910669528669295
2822,94.06666666666666,frustrated,0.9182479381561279,frustrated,1.0,0.9097093741099039,194.58538818359375,243.6551513671875,323.75482177734375,360.83245849609375,52.453715514869565
2823,94.1,frustrated,0.9182479381561279,frustrated,1.0,0.9106722394625346,194.58538818359375,243.6551513671875,323.75482177734375,360.83245849609375,50.346953473856054
2824,94.13333333333334,frustrated,0.9178290963172913,frustrated,1.0,0.9109517673651377,195.10289001464844,243.73968505859375,323.1549072265625,360.627197265625,50.23660035213376
2825,94.16666666666667,frustrated,0.9167182445526123,frustrated,1.0,0.9112910230954488,194.5803985595703,243.08056640625,322.78033447265625,360.43658447265625,49.80412273202242
2826,94.2,frustrated,0.9167182445526123,frustrated,1.0,0.9116302788257599,194.5803985595703,243.08056640625,322.78033447265625,360.43658447265625,55.13017875920084
2827,94.23333333333333,frustrated,0.9102957248687744,frustrated,1.0,0.9120913088321686,194.62229919433594,243.77227783203125,322.373779296875,360.615234375,52.415041051723925
2828,94.26666666666667,frustrated,0.9076122641563416,frustrated,1.0,0.9119625608126323,193.53277587890625,244.34844970703125,320.5384521484375,360.2557373046875,55.39375049525872
2829,94.3,frustrated,0.9076122641563416,frustrated,1.0,0.9118338127930959,193.53277587890625,244.34844970703125,320.5384521484375,360.2557373046875,52.47799812324054
2830,94.33333333333333,frustrated,0.9094800353050232,frustrated,1.0,0.9117892543474834,192.91015625,242.0224151611328,321.0345458984375,360.28411865234375,47.34885926193513
2831,94.36666666666666,frustrated,0.888311505317688,frustrated,1.0,0.9113100866476694,191.91302490234375,241.5635528564453,321.531005859375,360.54937744140625,47.53722005621543
2832,94.4,frustrated,0.9004489183425903,frustrated,1.0,0.9112354993820191,191.9825439453125,242.31634521484375,321.69207763671875,360.650390625,48.748303114830314
2833,94.43333333333334,frustrated,0.9004489183425903,frustrated,1.0,0.9113446553548177,191.9825439453125,242.31634521484375,321.69207763671875,360.650390625,47.50814398658904
2834,94.46666666666667,frustrated,0.893458366394043,frustrated,1.0,0.911148093144099,192.106689453125,241.51434326171875,320.38372802734375,360.31451416015625,49.66024153445418
2835,94.5,frustrated,0.893458366394043,frustrated,1.0,0.9109515309333801,192.106689453125,241.51434326171875,320.38372802734375,360.31451416015625,45.984629046935126
2836,94.53333333333333,frustrated,0.881620466709137,frustrated,1.0,0.9100306729475657,193.11489868164062,241.63211059570312,318.9546203613281,359.4877624511719,53.22315559728955
2837,94.56666666666666,frustrated,0.867347002029419,frustrated,1.0,0.9086184104283651,193.078125,241.2309112548828,318.44122314453125,359.40655517578125,51.73809641288795
2838,94.6,frustrated,0.867347002029419,frustrated,1.0,0.9072061479091644,193.078125,241.2309112548828,318.44122314453125,359.40655517578125,52.4720894738159
2839,94.63333333333334,frustrated,0.8351578116416931,frustrated,1.0,0.9045992096265157,193.52755737304688,243.70401000976562,318.1314697265625,358.9862976074219,45.022584800343495
2840,94.66666666666667,frustrated,0.83991539478302,frustrated,1.0,0.9022624591986338,193.30630493164062,243.750732421875,316.6286926269531,359.0081787109375,54.33106646459151
2841,94.7,frustrated,0.83991539478302,frustrated,1.0,0.899925708770752,193.30630493164062,243.750732421875,316.6286926269531,359.0081787109375,50.905454280651504
2842,94.73333333333333,bored,0.4618273079395294,frustrated,0.9666666666666667,0.899476365796451,192.8702392578125,242.22006225585938,317.3206787109375,359.2124328613281,52.14396359884133
2843,94.76666666666667,bored,0.45571330189704895,frustrated,0.9333333333333333,0.8989706380026681,191.50601196289062,240.13595581054688,316.12017822265625,358.8132019042969,46.16481206317759
2844,94.8,frustrated,0.891994297504425,frustrated,0.9333333333333333,0.8981976934841701,192.54904174804688,237.48651123046875,315.3252258300781,356.6859130859375,50.23599865855412
2845,94.83333333333333,frustrated,0.8837780356407166,frustrated,0.9333333333333333,0.8971078140395028,193.2451171875,232.7679443359375,315.9324951171875,353.9716796875,55.4266911580088
2846,94.86666666666666,frustrated,0.8834930062294006,frustrated,0.9333333333333333,0.8958074152469635,194.4473876953125,230.21536254882812,317.6143798828125,350.6170349121094,53.63971660229685
2847,94.9,frustrated,0.8834930062294006,frustrated,0.9333333333333333,0.8945070164544242,194.4473876953125,230.21536254882812,317.6143798828125,350.6170349121094,51.09148049796575
2848,94.93333333333334,bored,0.7904581427574158,frustrated,0.9,0.8937201610317936,197.40249633789062,225.47738647460938,321.2524108886719,346.7912292480469,54.10050562377464
2849,94.96666666666667,bored,0.827073335647583,frustrated,0.8666666666666667,0.8927282782701346,201.7107391357422,217.21563720703125,324.86029052734375,344.05841064453125,46.333101353217344
2850,95.0,bored,0.827073335647583,frustrated,0.8333333333333334,0.8916570448875427,201.7107391357422,217.21563720703125,324.86029052734375,344.05841064453125,59.935753072306376
2851,95.03333333333333,bored,0.700808048248291,frustrated,0.8,0.8905395517746607,203.729248046875,215.8748016357422,327.8826904296875,340.05364990234375,54.953933232010904
2852,95.06666666666666,engaged,0.7156656980514526,frustrated,0.7666666666666667,0.8893348393232926,208.26913452148438,215.01242065429688,330.2626037597656,336.8169250488281,50.02091805702973
2853,95.1,engaged,0.8237330317497253,frustrated,0.7333333333333333,0.8880206075581637,214.50439453125,212.65185546875,334.628173828125,336.14385986328125,57.40117695360613
2854,95.13333333333334,engaged,0.8237330317497253,frustrated,0.7,0.886601155712491,214.50439453125,212.65185546875,334.628173828125,336.14385986328125,54.698800208659364
2855,95.16666666666667,engaged,0.6847111582756042,frustrated,0.6666666666666666,0.885095301270485,219.78363037109375,211.19741821289062,340.85675048828125,334.3128967285156,50.55144568584204
2856,95.2,bored,0.32052066922187805,frustrated,0.6333333333333333,0.8834309358345834,225.4989013671875,210.3892364501953,346.5760498046875,334.11309814453125,50.827110674858524
2857,95.23333333333333,bored,0.32052066922187805,frustrated,0.6,0.8819384475549062,225.4989013671875,210.3892364501953,346.5760498046875,334.11309814453125,55.73307466415084
2858,95.26666666666667,engaged,0.6290479302406311,frustrated,0.5666666666666667,0.8804282230489394,231.7581787109375,207.5268096923828,351.87091064453125,333.83587646484375,54.19277482040415
2859,95.3,engaged,0.6290479302406311,frustrated,0.5333333333333333,0.8787292204797268,231.7581787109375,207.5268096923828,351.87091064453125,333.83587646484375,55.355003893310105
2860,95.33333333333333,engaged,0.3473035991191864,frustrated,0.5,0.8766791661580403,240.12159729003906,208.653076171875,357.6544189453125,332.679931640625,51.51188838671645
2861,95.36666666666666,engaged,0.5003321170806885,frustrated,0.4666666666666667,0.8758482847894941,243.63497924804688,211.3804931640625,362.4294738769531,333.5247802734375,53.51857192073599
2862,95.4,engaged,0.5003321170806885,frustrated,0.43333333333333335,0.8739559283623328,243.63497924804688,211.3804931640625,362.4294738769531,333.5247802734375,47.3702494833019
2863,95.43333333333334,engaged,0.8406373858451843,frustrated,0.4,0.8717481791973114,246.91561889648438,211.80242919921875,367.9749450683594,335.29522705078125,58.53551790549027
2864,95.46666666666667,engaged,0.8823211193084717,neutral,0.36666666666666664,0.8697745258157904,250.32810974121094,211.61790466308594,374.1669921875,337.696533203125,56.33416606226663
2865,95.5,engaged,0.8517686724662781,engaged,0.4,0.6857194826006889,252.71749877929688,213.9230194091797,378.8744812011719,339.93072509765625,51.11514087939943
2866,95.53333333333333,engaged,0.8517686724662781,engaged,0.43333333333333335,0.6984924972057343,252.71749877929688,213.9230194091797,378.8744812011719,339.93072509765625,51.433560602344635
2867,95.56666666666666,engaged,0.8387832045555115,engaged,0.4666666666666667,0.7085132620164326,253.28485107421875,215.93817138671875,382.5784912109375,343.63214111328125,56.126107319684195
2868,95.6,engaged,0.9022320508956909,engaged,0.5,0.7214278479417165,250.62942504882812,215.9440155029297,386.4424743652344,350.52435302734375,48.037565998190416
2869,95.63333333333334,engaged,0.9022320508956909,engaged,0.5333333333333333,0.7327281106263399,250.62942504882812,215.9440155029297,386.4424743652344,350.52435302734375,43.27415294457513
2870,95.66666666666667,engaged,0.8797513842582703,engaged,0.5666666666666667,0.7413765384870417,249.53890991210938,216.75042724609375,388.7912292480469,353.939208984375,56.80875501137718
2871,95.7,engaged,0.854788064956665,engaged,0.6,0.7476771788464652,249.65289306640625,217.19200134277344,391.52239990234375,358.649658203125,48.23700432422486
2872,95.73333333333333,engaged,0.854788064956665,engaged,0.6333333333333333,0.7533145939048967,249.65289306640625,217.19200134277344,391.52239990234375,358.649658203125,49.48447380840019
2873,95.76666666666667,engaged,0.8927197456359863,engaged,0.6666666666666666,0.7602848514914513,248.65960693359375,216.17967224121094,393.5865478515625,362.0333251953125,37.7351890671249
2874,95.8,engaged,0.8927197456359863,engaged,0.7,0.7665912750221434,248.65960693359375,216.17967224121094,393.5865478515625,362.0333251953125,52.214719649437306
2875,95.83333333333333,engaged,0.8112368583679199,engaged,0.7333333333333333,0.7686206197196787,247.60818481445312,219.7065887451172,395.1233825683594,364.97442626953125,46.92717528725987
2876,95.86666666666666,bored,0.6847079992294312,engaged,0.7333333333333333,0.7686206197196787,244.85519409179688,220.72476196289062,395.8306579589844,369.7660827636719,52.39016225533669
2877,95.9,bored,0.36211591958999634,engaged,0.7333333333333333,0.7686206197196787,239.6578369140625,219.44737243652344,395.81695556640625,373.9775390625,55.22745108366471
2878,95.93333333333334,bored,0.36211591958999634,engaged,0.7333333333333333,0.7686206197196787,239.6578369140625,219.44737243652344,395.81695556640625,373.9775390625,54.02385429815297
2879,95.96666666666667,engaged,0.6380722522735596,engaged,0.7666666666666667,0.7629446037437605,237.02645874023438,220.44122314453125,397.1083068847656,379.91436767578125,49.68259458435005
2880,96.0,frustrated,0.5063057541847229,engaged,0.7666666666666667,0.7629446037437605,233.4203643798828,222.36553955078125,394.76715087890625,384.86883544921875,48.10312636190564
2881,96.03333333333333,frustrated,0.5063057541847229,engaged,0.7666666666666667,0.7629446037437605,233.4203643798828,222.36553955078125,394.76715087890625,384.86883544921875,48.739805938062865
2882,96.06666666666666,bored,0.9139920473098755,engaged,0.7333333333333333,0.7650936449115927,230.3446044921875,222.46881103515625,396.067138671875,390.61761474609375,48.627920188283305
2883,96.1,bored,0.9450442790985107,engaged,0.7,0.7623012931573958,228.7569580078125,224.4525146484375,395.58062744140625,393.8531494140625,43.961764212644646
2884,96.13333333333334,bored,0.9450442790985107,engaged,0.6666666666666666,0.7592297062277794,228.7569580078125,224.4525146484375,395.58062744140625,393.8531494140625,53.541800171055826
2885,96.16666666666667,bored,0.9279047846794128,engaged,0.6333333333333333,0.7631517350673676,225.30845642089844,226.97425842285156,396.203125,397.693603515625,53.875353234342086
2886,96.2,bored,0.9279047846794128,engaged,0.6333333333333333,0.7631517350673676,225.30845642089844,226.97425842285156,396.203125,397.693603515625,54.85977372310509
2887,96.23333333333333,bored,0.8015557527542114,engaged,0.6333333333333333,0.7631517350673676,223.0576171875,229.52308654785156,394.573486328125,405.2618408203125,52.378385803663974
2888,96.26666666666667,engaged,0.8214238882064819,engaged,0.6333333333333333,0.7732767854866228,219.5420379638672,229.18324279785156,397.88092041015625,411.473388671875,48.20762025170967
2889,96.3,engaged,0.7780219912528992,engaged,0.6333333333333333,0.7811175255399001,217.7457733154297,232.1275634765625,397.80963134765625,414.86566162109375,57.44520228997179
2890,96.33333333333333,engaged,0.7780219912528992,engaged,0.6333333333333333,0.8037869145995692,217.7457733154297,232.1275634765625,397.80963134765625,414.86566162109375,51.05478801747958
2891,96.36666666666666,engaged,0.8400553464889526,engaged,0.6333333333333333,0.8216670845684252,217.21160888671875,233.60755920410156,399.46295166015625,418.4251708984375,51.75724968533281
2892,96.4,frustrated,0.30770590901374817,engaged,0.6,0.8395190272066329,215.6109619140625,235.07012939453125,402.98779296875,424.11224365234375,51.659715978371985
2893,96.43333333333334,frustrated,0.30770590901374817,engaged,0.5666666666666667,0.8394532414043651,215.6109619140625,235.07012939453125,402.98779296875,424.11224365234375,45.65129466569435
2894,96.46666666666667,engaged,0.7463800311088562,engaged,0.5666666666666667,0.8314567068043877,215.30258178710938,236.7456817626953,403.2287902832031,426.26129150390625,57.4530710645992
2895,96.5,engaged,0.8571164608001709,engaged,0.5666666666666667,0.8317712825887343,214.7373046875,239.6382598876953,403.20794677734375,427.97296142578125,46.31212596338582
2896,96.53333333333333,engaged,0.8571164608001709,engaged,0.5666666666666667,0.832085858373081,214.7373046875,239.6382598876953,403.20794677734375,427.97296142578125,56.18926667202529
2897,96.56666666666666,engaged,0.8264340162277222,engaged,0.5666666666666667,0.8313594355302698,213.20822143554688,239.58685302734375,402.5840759277344,429.97906494140625,55.43255137778365
2898,96.6,engaged,0.7078084945678711,engaged,0.5666666666666667,0.8199227557462805,211.61404418945312,239.970703125,403.3943786621094,431.213134765625,53.26573790686156
2899,96.63333333333334,engaged,0.7078084945678711,engaged,0.5666666666666667,0.808486075962291,211.61404418945312,239.970703125,403.3943786621094,431.213134765625,46.02600708885207
2900,96.66666666666667,engaged,0.6336739659309387,engaged,0.5666666666666667,0.7940109337077421,210.1885986328125,239.9651641845703,403.43145751953125,432.55487060546875,55.36011826197139
2901,96.7,engaged,0.7211876511573792,engaged,0.5666666666666667,0.7861520858371959,207.71612548828125,240.93724060058594,404.8067626953125,436.25048828125,45.59174755698555
2902,96.73333333333333,frustrated,0.4702538251876831,engaged,0.5333333333333333,0.7818623371422291,205.16905212402344,246.01702880859375,396.9967041015625,441.494140625,53.27994715581413
2903,96.76666666666667,frustrated,0.8054025769233704,engaged,0.5,0.7744718432426453,206.01123046875,248.96408081054688,395.6376953125,439.4098815917969,45.375712662952346
2904,96.8,frustrated,0.8660141825675964,engaged,0.4666666666666667,0.7660255645002637,206.92184448242188,252.55197143554688,391.9808654785156,438.2016296386719,54.1396117306898
2905,96.83333333333333,frustrated,0.8660141825675964,engaged,0.43333333333333335,0.7625477726642902,206.92184448242188,252.55197143554688,391.9808654785156,438.2016296386719,53.93285242191619
2906,96.86666666666666,frustrated,0.7950476408004761,engaged,0.43333333333333335,0.7625477726642902,202.47666931152344,251.79942321777344,388.658203125,438.056396484375,46.76393395100958
2907,96.9,frustrated,0.8905802965164185,engaged,0.43333333333333335,0.7625477726642902,203.7301483154297,256.04644775390625,376.13494873046875,417.86737060546875,54.11586199778082
2908,96.93333333333334,frustrated,0.8948596715927124,engaged,0.43333333333333335,0.7625477726642902,199.33262634277344,258.416015625,369.478271484375,409.9150390625,54.03847095352822
2909,96.96666666666667,frustrated,0.8948596715927124,frustrated,0.4,0.6759212811787924,199.33262634277344,258.416015625,369.478271484375,409.9150390625,48.66120611643502
2910,97.0,frustrated,0.8738858103752136,frustrated,0.4,0.7065529525279999,190.67474365234375,262.280517578125,363.88226318359375,435.788818359375,55.71974759216207
2911,97.03333333333333,frustrated,0.8738858103752136,engaged,0.4,0.7729207326968511,190.67474365234375,262.280517578125,363.88226318359375,435.788818359375,48.74377091855708
2912,97.06666666666666,frustrated,0.8876047730445862,frustrated,0.43333333333333335,0.7487554045823904,190.402587890625,271.21942138671875,353.97552490234375,428.08331298828125,55.03974804802834
2913,97.1,frustrated,0.875703752040863,frustrated,0.4666666666666667,0.757823143686567,184.04957580566406,269.42340087890625,352.187255859375,431.36614990234375,50.96359659781288
2914,97.13333333333334,frustrated,0.875703752040863,frustrated,0.5,0.7656818509101868,184.04957580566406,269.42340087890625,352.187255859375,431.36614990234375,47.02081815226287
2915,97.16666666666667,frustrated,0.8708152174949646,frustrated,0.5333333333333333,0.7722526863217354,180.26405334472656,265.3359375,350.732177734375,428.272216796875,52.06822752439358
2916,97.2,frustrated,0.864311933517456,frustrated,0.5666666666666667,0.7776679361567778,181.22190856933594,265.13848876953125,348.2435302734375,421.44561767578125,53.052162914242345
2917,97.23333333333333,frustrated,0.864311933517456,frustrated,0.6,0.7824814915657043,181.22190856933594,265.13848876953125,348.2435302734375,421.44561767578125,47.32802238721762
2918,97.26666666666667,frustrated,0.8829991221427917,frustrated,0.6333333333333333,0.7877718931750247,168.50930786132812,260.3514099121094,345.7438659667969,420.5152893066406,51.151920192202155
2919,97.3,frustrated,0.8757053017616272,frustrated,0.6666666666666666,0.7921685636043548,164.75393676757812,259.3782653808594,344.4604797363281,420.2045593261719,51.53783959795043
2920,97.33333333333333,frustrated,0.8706219792366028,frustrated,0.7,0.7959044405392238,163.7049560546875,258.1679382324219,346.2901611328125,421.7020568847656,53.66854335141775
2921,97.36666666666666,frustrated,0.8706219792366028,frustrated,0.7333333333333333,0.7993006922981956,163.7049560546875,258.1679382324219,346.2901611328125,421.7020568847656,46.36536888417236
2922,97.4,frustrated,0.8514422178268433,frustrated,0.7333333333333333,0.8240159790624272,159.68350219726562,254.9409637451172,344.4961853027344,424.17608642578125,52.51676558235044
2923,97.43333333333334,frustrated,0.8514422178268433,frustrated,0.7333333333333333,0.8487312658266588,159.68350219726562,254.9409637451172,344.4961853027344,424.17608642578125,50.99147772171904
2924,97.46666666666667,frustrated,0.8519380688667297,frustrated,0.7666666666666667,0.8488706920457922,160.28497314453125,253.173583984375,343.194580078125,423.8016357421875,51.57079096531458
2925,97.5,bored,0.3064561188220978,frustrated,0.7666666666666667,0.8488706920457922,161.917724609375,250.88204956054688,343.7459716796875,422.6979675292969,50.153702662951844
2926,97.53333333333333,bored,0.3064561188220978,frustrated,0.7666666666666667,0.8488706920457922,161.917724609375,250.88204956054688,343.7459716796875,422.6979675292969,48.974276940322035
2927,97.56666666666666,frustrated,0.8462594747543335,frustrated,0.8,0.8487618913253149,159.79632568359375,250.76275634765625,343.001220703125,419.85089111328125,50.342119160785444
2928,97.6,frustrated,0.8517508506774902,frustrated,0.8333333333333334,0.8488814496994018,159.5794677734375,250.62469482421875,344.4497985839844,417.9886474609375,43.72482668751629
2929,97.63333333333334,frustrated,0.8517508506774902,frustrated,0.8666666666666667,0.8489918112754822,159.5794677734375,250.62469482421875,344.4497985839844,417.9886474609375,57.04207806337549
2930,97.66666666666667,frustrated,0.8814518451690674,frustrated,0.9,0.8501940347530224,160.17706298828125,251.9302978515625,343.72808837890625,414.55670166015625,54.03707855035494
2931,97.7,frustrated,0.8804956674575806,frustrated,0.9333333333333333,0.8512762359210423,161.5447998046875,251.2791748046875,343.971923828125,417.16387939453125,44.362105619427375
2932,97.73333333333333,frustrated,0.8874531388282776,frustrated,0.9333333333333333,0.8661762114082064,159.90121459960938,248.72152709960938,342.0762023925781,412.2306213378906,52.82498740554156
2933,97.76666666666667,frustrated,0.8874531388282776,frustrated,0.9333333333333333,0.869106588619096,159.90121459960938,248.72152709960938,342.0762023925781,412.2306213378906,51.45312020805476
2934,97.8,frustrated,0.8679041862487793,frustrated,0.9333333333333333,0.8691740887505668,161.13482666015625,251.70628356933594,342.2786865234375,415.050537109375,52.65389540284717
2935,97.83333333333333,frustrated,0.8735003471374512,frustrated,0.9333333333333333,0.8694414517709187,159.15261840820312,250.48097229003906,343.36444091796875,417.060791015625,49.80530553114684
2936,97.86666666666666,frustrated,0.8735003471374512,frustrated,0.9333333333333333,0.8722433341400964,159.15261840820312,250.48097229003906,343.36444091796875,417.060791015625,51.80583483609595
2937,97.9,frustrated,0.8840640783309937,frustrated,0.9333333333333333,0.8720106120620456,161.495361328125,248.51283264160156,341.74847412109375,413.9468994140625,56.42131317343521
2938,97.93333333333334,frustrated,0.8436545133590698,frustrated,0.9333333333333333,0.870181856410844,160.4996337890625,248.8182373046875,345.875732421875,411.5164794921875,51.20687592328071
2939,97.96666666666667,frustrated,0.8735231757164001,frustrated,0.9333333333333333,0.8694198387009757,160.280517578125,250.132568359375,344.07470703125,413.01446533203125,48.406800004616436
2940,98.0,frustrated,0.8554813265800476,frustrated,0.9333333333333333,0.8687625357082912,160.66824340820312,251.3222198486328,343.6139221191406,416.88922119140625,56.38187415144305
2941,98.03333333333333,frustrated,0.8087356686592102,frustrated,0.9333333333333333,0.8664357449327197,161.81436157226562,251.2326202392578,340.6033630371094,418.37078857421875,52.78044974643563
2942,98.06666666666666,frustrated,0.8087356686592102,frustrated,0.9333333333333333,0.8636189912046704,161.81436157226562,251.2326202392578,340.6033630371094,418.37078857421875,49.863331589709446
2943,98.1,frustrated,0.8539966940879822,frustrated,0.9333333333333333,0.8628437391349247,160.89010620117188,249.456787109375,338.3114318847656,413.000732421875,47.625743743470956
2944,98.13333333333334,frustrated,0.8019192814826965,frustrated,0.9333333333333333,0.8602085794721331,161.20892333984375,251.036865234375,339.8895263671875,414.64361572265625,52.388199145662114
2945,98.16666666666667,frustrated,0.8019192814826965,frustrated,0.9333333333333333,0.8577480103288379,161.20892333984375,251.036865234375,339.8895263671875,414.64361572265625,52.358116542667396
2946,98.2,frustrated,0.8596322536468506,frustrated,0.9333333333333333,0.8575808789048877,160.22946166992188,251.60211181640625,340.3678894042969,417.53875732421875,54.987073599202915
2947,98.23333333333333,frustrated,0.8601170182228088,frustrated,0.9333333333333333,0.8574310605015073,160.56643676757812,248.11265563964844,339.29559326171875,412.775146484375,55.13162806593233
2948,98.26666666666667,frustrated,0.8601170182228088,frustrated,0.9333333333333333,0.8566138425043651,160.56643676757812,248.11265563964844,339.29559326171875,412.775146484375,46.86216104488118
2949,98.3,frustrated,0.8218851089477539,frustrated,0.9333333333333333,0.8546916927610125,161.79696655273438,251.3771514892578,340.42401123046875,416.10650634765625,50.11894320503782
2950,98.33333333333333,frustrated,0.8218851089477539,frustrated,0.9333333333333333,0.8529510902506965,161.79696655273438,251.3771514892578,340.42401123046875,416.10650634765625,50.24562748574441
2951,98.36666666666666,frustrated,0.7977113127708435,frustrated,0.9333333333333333,0.8503471378769193,161.23446655273438,248.95529174804688,342.6726379394531,413.4462585449219,49.22314282361225
2952,98.4,frustrated,0.8499332070350647,frustrated,0.9333333333333333,0.8502932446343558,160.4598388671875,249.81109619140625,343.86944580078125,419.81640625,49.939324665428394
2953,98.43333333333334,frustrated,0.8499332070350647,frustrated,0.9333333333333333,0.8502393513917923,160.4598388671875,249.81109619140625,343.86944580078125,419.81640625,47.68205174844255
2954,98.46666666666667,frustrated,0.7896327376365662,frustrated,0.9333333333333333,0.848014160990715,159.60958862304688,248.77969360351562,344.1782531738281,421.7363586425781,56.74342844000704
2955,98.5,frustrated,0.8247037529945374,frustrated,0.9666666666666667,0.847210353818433,159.5513916015625,248.6095733642578,344.4053649902344,420.50225830078125,53.934933004140625
2956,98.53333333333333,frustrated,0.7445415258407593,frustrated,1.0,0.8437880595525106,159.04776000976562,249.85748291015625,343.7710266113281,413.6239013671875,53.9162135410641
2957,98.56666666666666,frustrated,0.7445415258407593,frustrated,1.0,0.8403974612553914,159.04776000976562,249.85748291015625,343.7710266113281,413.6239013671875,52.49704616000801
2958,98.6,frustrated,0.7395323514938354,frustrated,1.0,0.8366568446159363,161.80422973632812,251.1202392578125,338.0877990722656,408.95849609375,51.43860681873927
2959,98.63333333333334,frustrated,0.7649742364883423,frustrated,1.0,0.8337642908096313,160.78656005859375,248.52394104003906,339.31463623046875,407.118896484375,53.54658496106217
2960,98.66666666666667,frustrated,0.7649742364883423,frustrated,1.0,0.8298817038536072,160.78656005859375,248.52394104003906,339.31463623046875,407.118896484375,54.72449245863994
2961,98.7,frustrated,0.7901891469955444,frustrated,1.0,0.8268714865048726,159.46575927734375,248.85614013671875,341.72076416015625,410.04583740234375,48.87270015497372
2962,98.73333333333333,frustrated,0.7901891469955444,frustrated,1.0,0.8236293534437815,159.46575927734375,248.85614013671875,341.72076416015625,410.04583740234375,51.33787025703794
2963,98.76666666666667,frustrated,0.7918692231178284,frustrated,1.0,0.8204432229200999,159.42062377929688,247.7740020751953,341.8510437011719,411.88958740234375,53.185361771195254
2964,98.8,frustrated,0.6818981170654297,frustrated,1.0,0.8142430206139882,160.65655517578125,244.61041259765625,341.83819580078125,416.227783203125,47.346721302222676
2965,98.83333333333333,bored,0.5498847365379333,frustrated,0.9666666666666667,0.8121996645269722,161.80404663085938,239.8536376953125,339.8560791015625,410.943359375,53.843538986880276
2966,98.86666666666666,bored,0.5498847365379333,frustrated,0.9333333333333333,0.8100103544337409,161.80404663085938,239.8536376953125,339.8560791015625,410.943359375,49.36914710798277
2967,98.9,frustrated,0.5798274874687195,frustrated,0.9333333333333333,0.7991447619029454,162.16644287109375,244.51174926757812,338.6448974609375,414.5004577636719,57.096433433160904
2968,98.93333333333334,bored,0.590134859085083,frustrated,0.9,0.7974962525897555,161.486328125,242.58856201171875,334.07574462890625,410.58648681640625,52.89426957223567
2969,98.96666666666667,bored,0.590134859085083,frustrated,0.8666666666666667,0.7945721401618078,161.486328125,242.58856201171875,334.07574462890625,410.58648681640625,52.87959857787639
2970,99.0,bored,0.6571840047836304,frustrated,0.8333333333333334,0.7921357727050782,159.875244140625,240.91102600097656,333.86651611328125,408.8868408203125,48.082722885212824
2971,99.03333333333333,bored,0.3039693534374237,frustrated,0.8,0.7914441103736559,157.60116577148438,241.18936157226562,330.3209228515625,409.1336364746094,53.7834711803552
2972,99.06666666666666,bored,0.3039693534374237,frustrated,0.7666666666666667,0.7906923034916753,157.60116577148438,241.18936157226562,330.3209228515625,409.1336364746094,51.48849142534464
2973,99.1,frustrated,0.5964193940162659,frustrated,0.7666666666666667,0.779493290445079,155.6341552734375,241.94573974609375,329.77154541015625,398.5933837890625,47.40665724781012
2974,99.13333333333334,bored,0.6106369495391846,frustrated,0.7333333333333333,0.7784739272160963,152.88330078125,238.92453002929688,328.31146240234375,400.2642517089844,56.353845327027464
2975,99.16666666666667,bored,0.6106369495391846,frustrated,0.7,0.7773574817748297,152.88330078125,238.92453002929688,328.31146240234375,400.2642517089844,49.690834991943895
2976,99.2,frustrated,0.49144014716148376,frustrated,0.7,0.7598245243231455,153.50192260742188,243.11285400390625,329.3367004394531,414.42584228515625,50.42079196018561
2977,99.23333333333333,frustrated,0.4956381320953369,frustrated,0.7,0.742468386888504,153.02325439453125,242.5395965576172,329.9860534667969,414.47088623046875,50.111757607617776
2978,99.26666666666667,frustrated,0.4956381320953369,frustrated,0.7,0.7251122494538625,153.02325439453125,242.5395965576172,329.9860534667969,414.47088623046875,55.410581940683
2979,99.3,frustrated,0.5135031342506409,frustrated,0.7,0.7104273935159048,153.57992553710938,241.14080810546875,330.4408264160156,412.4576416015625,49.492648620583864
2980,99.33333333333333,frustrated,0.535367488861084,frustrated,0.7,0.6967836973213014,155.4425048828125,241.8333740234375,330.1376647949219,408.7164306640625,53.00188285840652
2981,99.36666666666666,frustrated,0.535367488861084,frustrated,0.7,0.6842911342779795,155.4425048828125,241.8333740234375,330.1376647949219,408.7164306640625,48.99945092816505
2982,99.4,frustrated,0.5261772871017456,frustrated,0.7,0.6688741857097262,154.9632568359375,242.4474639892578,330.58636474609375,409.10028076171875,55.09107626027793
2983,99.43333333333334,frustrated,0.6263847947120667,frustrated,0.7,0.6582290232181549,153.04891967773438,243.25796508789062,330.4336242675781,410.6825866699219,55.24563691205332
2984,99.46666666666667,frustrated,0.6263847947120667,frustrated,0.7,0.6504553116503216,153.04891967773438,243.25796508789062,330.4336242675781,410.6825866699219,52.11869377205627
2985,99.5,frustrated,0.6597802042961121,frustrated,0.7,0.6426018093313489,152.36764526367188,242.59738159179688,330.3035583496094,402.2077941894531,50.328225680653716
2986,99.53333333333333,frustrated,0.4909408390522003,frustrated,0.7,0.6305255861509413,154.15963745117188,243.10220336914062,329.0967712402344,395.8907775878906,54.70807518228182
2987,99.56666666666666,frustrated,0.4909408390522003,frustrated,0.7,0.6184493629705339,154.15963745117188,243.10220336914062,329.0967712402344,395.8907775878906,53.23328806589585
2988,99.6,frustrated,0.4843350648880005,frustrated,0.7,0.6062971112273988,153.96377563476562,242.4619903564453,329.3071594238281,397.31500244140625,52.85028099090245
2989,99.63333333333334,frustrated,0.49200600385665894,frustrated,0.7,0.5932986239592234,152.36544799804688,242.1143798828125,330.1857604980469,405.65435791015625,54.067031040528
2990,99.66666666666667,frustrated,0.49200600385665894,frustrated,0.7,0.5803001366910481,152.36544799804688,242.1143798828125,330.1857604980469,405.65435791015625,48.20208010113199
2991,99.7,frustrated,0.4746042788028717,frustrated,0.7,0.5652722858247303,154.739990234375,241.69818115234375,329.6320495605469,408.7164306640625,46.022976902397545
2992,99.73333333333333,frustrated,0.5732870101928711,frustrated,0.7,0.5549436126436506,153.97579956054688,239.96044921875,329.9629211425781,406.3814697265625,55.93747832813209
2993,99.76666666666667,frustrated,0.5732870101928711,frustrated,0.7,0.5445349358377003,153.97579956054688,239.96044921875,329.9629211425781,406.3814697265625,48.998878504672895
2994,99.8,frustrated,0.7783100008964539,frustrated,0.7,0.5491259779248919,155.05044555664062,241.98089599609375,329.7245178222656,409.845703125,51.903921592891884
2995,99.83333333333333,frustrated,0.7672609090805054,frustrated,0.7333333333333333,0.5590412020683289,157.5533447265625,235.8249053955078,331.4754638671875,403.43121337890625,55.60377558595821
2996,99.86666666666666,frustrated,0.7672609090805054,frustrated,0.7666666666666667,0.5680942328079887,157.5533447265625,235.8249053955078,331.4754638671875,403.43121337890625,47.36008671890879
2997,99.9,engaged,0.2823815941810608,frustrated,0.7333333333333333,0.5675609030506827,158.58120727539062,231.57655334472656,334.4167785644531,403.4697265625,49.87341109882401
2998,99.93333333333334,engaged,0.7638258934020996,frustrated,0.7333333333333333,0.5675609030506827,159.02755737304688,226.42648315429688,337.2850341796875,405.0573425292969,58.92945556726379
2999,99.96666666666667,engaged,0.7638258934020996,frustrated,0.7333333333333333,0.5675609030506827,159.02755737304688,226.42648315429688,337.2850341796875,405.0573425292969,55.38351027306819
3000,100.0,engaged,0.7946154475212097,frustrated,0.7333333333333333,0.5675609030506827,163.38980102539062,223.52052307128906,338.76202392578125,399.9658203125,52.47405887578036
3001,100.03333333333333,engaged,0.8710513710975647,frustrated,0.7333333333333333,0.5675609030506827,166.40847778320312,219.6494140625,341.0679931640625,390.205078125,57.86523922520832
3002,100.06666666666666,engaged,0.8710513710975647,frustrated,0.7333333333333333,0.5675609030506827,166.40847778320312,219.6494140625,341.0679931640625,390.205078125,49.475134472020386
3003,100.1,engaged,0.9408848881721497,frustrated,0.7,0.5661866891951788,167.6339111328125,215.60897827148438,344.095703125,388.9355773925781,52.05917982325489
3004,100.13333333333334,engaged,0.9388226866722107,frustrated,0.7,0.5661866891951788,171.0828857421875,214.3446044921875,347.259033203125,387.048828125,48.49691279513447
3005,100.16666666666667,engaged,0.9388226866722107,frustrated,0.7,0.5661866891951788,171.0828857421875,214.3446044921875,347.259033203125,387.048828125,55.45307190925077
3006,100.2,engaged,0.9177316427230835,frustrated,0.6666666666666666,0.5699240162968635,172.6356964111328,213.36968994140625,349.42877197265625,389.015380859375,60.45930752154986
3007,100.23333333333333,engaged,0.9311802387237549,frustrated,0.6333333333333333,0.5738337996758913,175.22389221191406,213.32159423828125,349.488525390625,384.57366943359375,45.74340182349605
3008,100.26666666666667,engaged,0.9311802387237549,frustrated,0.6,0.5781780034303665,175.22389221191406,213.32159423828125,349.488525390625,384.57366943359375,48.46217128067662
3009,100.3,engaged,0.937469482421875,frustrated,0.5666666666666667,0.5819824074997622,176.00677490234375,213.5562744140625,350.28192138671875,386.04547119140625,53.88365878725591
3010,100.33333333333333,engaged,0.9393050074577332,frustrated,0.5333333333333333,0.5848958399146795,178.95968627929688,213.07650756835938,351.8409729003906,387.5838928222656,54.17527544206352
3011,100.36666666666666,engaged,0.9393050074577332,frustrated,0.5,0.5881977299849193,178.95968627929688,213.07650756835938,351.8409729003906,387.5838928222656,54.80959163672003
3012,100.4,engaged,0.937095046043396,engaged,0.5333333333333333,0.8561592809855938,179.948486328125,213.29991149902344,352.53045654296875,387.6524658203125,52.93899960872913
3013,100.43333333333334,engaged,0.9353449940681458,engaged,0.5666666666666667,0.8608172641080969,182.198974609375,212.5258026123047,353.127197265625,385.54608154296875,48.72621661496997
3014,100.46666666666667,engaged,0.9304706454277039,engaged,0.6,0.8646868964036306,185.61036682128906,213.25746154785156,354.1431884765625,388.095458984375,52.075985200268185
3015,100.5,engaged,0.9304706454277039,engaged,0.6333333333333333,0.8681491989838449,185.61036682128906,213.25746154785156,354.1431884765625,388.095458984375,52.03399208505465
3016,100.53333333333333,engaged,0.9313533306121826,engaged,0.6666666666666666,0.8713094055652618,187.22352600097656,214.1062774658203,356.4090576171875,389.66241455078125,50.78526195982516
3017,100.56666666666666,engaged,0.9313533306121826,engaged,0.7,0.8741686400913057,187.22352600097656,214.1062774658203,356.4090576171875,389.66241455078125,52.86493571968742
3018,100.6,engaged,0.9302827715873718,engaged,0.7333333333333333,0.876719282432036,189.1533203125,214.2643585205078,357.78900146484375,388.94720458984375,53.28062397581331
3019,100.63333333333334,engaged,0.9104571342468262,engaged,0.7666666666666667,0.8781861455544181,190.6513214111328,214.61923217773438,358.97747802734375,388.2251892089844,49.85503387614406
3020,100.66666666666667,engaged,0.9104571342468262,engaged,0.8,0.8795307700832685,190.6513214111328,214.61923217773438,358.97747802734375,388.2251892089844,56.9692491578833
3021,100.7,engaged,0.9176912903785706,engaged,0.8333333333333334,0.8810571908950806,191.18333435058594,214.1956329345703,360.53125,389.04766845703125,57.32899592684727
3022,100.73333333333333,engaged,0.9253637194633484,engaged,0.8666666666666667,0.8827612881477063,191.1767120361328,214.42713928222656,360.61505126953125,390.6292724609375,49.29603685769357
3023,100.76666666666667,engaged,0.9253637194633484,engaged,0.9,0.8843391559742115,191.1767120361328,214.42713928222656,360.61505126953125,390.6292724609375,48.600310537415126
3024,100.8,engaged,0.9293597936630249,engaged,0.9333333333333333,0.8859470358916691,191.08251953125,214.10939025878906,361.38525390625,391.6907958984375,55.97779201366645
3025,100.83333333333333,engaged,0.9188804030418396,engaged,0.9666666666666667,0.887082669241675,191.20130920410156,214.53155517578125,360.8980712890625,395.03070068359375,43.86796636405472
3026,100.86666666666666,engaged,0.9284655451774597,engaged,1.0,0.8884620984395345,190.2086639404297,215.48388671875,359.74615478515625,395.8524169921875,56.01591944121693
3027,100.9,engaged,0.9284655451774597,engaged,1.0,0.9099982301394145,190.2086639404297,215.48388671875,359.74615478515625,395.8524169921875,46.28555033216359
3028,100.93333333333334,engaged,0.9210600852966309,engaged,1.0,0.9152393698692322,189.50161743164062,216.84194946289062,359.5984191894531,394.0519104003906,54.02594190764475
3029,100.96666666666667,engaged,0.9210600852966309,engaged,1.0,0.9204805095990499,189.50161743164062,216.84194946289062,359.5984191894531,394.0519104003906,49.65083574032862
3030,101.0,engaged,0.9327384233474731,engaged,1.0,0.9250846087932587,189.51246643066406,216.9804229736328,359.6810302734375,396.90167236328125,49.1562243630312
3031,101.03333333333333,engaged,0.9362568855285645,engaged,1.0,0.9272581259409587,188.30958557128906,217.3483428955078,358.7967529296875,396.30584716796875,43.277278496032686
3032,101.06666666666666,engaged,0.9362568855285645,engaged,1.0,0.9294316430886587,188.30958557128906,217.3483428955078,358.7967529296875,396.30584716796875,48.72055663325163
3033,101.1,engaged,0.9393969178199768,engaged,1.0,0.9293820440769196,186.9496307373047,217.3062286376953,359.09918212890625,393.94012451171875,37.03285390123522
3034,101.13333333333334,engaged,0.9347171783447266,engaged,1.0,0.9292451937993368,185.9664764404297,216.83154296875,358.23065185546875,392.6307373046875,54.23131327497705
3035,101.16666666666667,engaged,0.9347171783447266,engaged,1.0,0.929108343521754,185.9664764404297,216.83154296875,358.23065185546875,392.6307373046875,49.93516280730996
3036,101.2,engaged,0.9383329153060913,engaged,1.0,0.9297950526078542,185.08949279785156,216.73269653320312,358.40087890625,392.2872619628906,55.01015135220208
3037,101.23333333333333,engaged,0.9383879899978638,engaged,1.0,0.9300353109836579,184.19017028808594,217.15292358398438,358.3096923828125,393.1761169433594,49.25956287361856
3038,101.26666666666667,engaged,0.9399728178977966,engaged,1.0,0.9303283969561259,184.04171752929688,217.36083984375,357.8786926269531,392.4951171875,52.384927623115644
3039,101.3,engaged,0.9399728178977966,engaged,1.0,0.93041184147199,184.04171752929688,217.36083984375,357.8786926269531,392.4951171875,45.616539963239696
3040,101.33333333333333,engaged,0.9416851997375488,engaged,1.0,0.9304911812146505,183.9671630859375,217.37905883789062,358.02020263671875,391.8457946777344,50.72875267594731
3041,101.36666666666666,engaged,0.943023681640625,engaged,1.0,0.9306151370207468,183.00604248046875,217.35768127441406,358.0518798828125,392.1719970703125,47.46835672249887
3042,101.4,engaged,0.943023681640625,engaged,1.0,0.9308127582073211,183.00604248046875,217.35768127441406,358.0518798828125,392.1719970703125,60.08515027361545
3043,101.43333333333334,engaged,0.9411775469779968,engaged,1.0,0.9310071766376495,183.2052459716797,217.9681396484375,358.15667724609375,392.55157470703125,43.69339750401067
3044,101.46666666666667,engaged,0.9397903084754944,engaged,1.0,0.9313178320725759,182.0841827392578,218.1283721923828,358.29241943359375,392.28106689453125,56.861895530279405
3045,101.5,engaged,0.9430462718009949,engaged,1.0,0.9317370196183522,181.88543701171875,218.1771240234375,358.41436767578125,392.103271484375,52.481281281281284
3046,101.53333333333333,engaged,0.9405323266983032,engaged,1.0,0.9320429861545563,182.11460876464844,218.139404296875,358.5947265625,391.36065673828125,51.778973877833195
3047,101.56666666666666,engaged,0.9381977319717407,engaged,1.0,0.9322711328665415,182.24087524414062,218.69207763671875,357.5653991699219,391.026611328125,57.06070252768482
3048,101.6,engaged,0.9381977319717407,engaged,1.0,0.9325349648793538,182.24087524414062,218.69207763671875,357.5653991699219,391.026611328125,42.667534739883216
3049,101.63333333333334,engaged,0.9399769306182861,engaged,1.0,0.9335189580917358,182.052978515625,218.83840942382812,357.93145751953125,389.8768615722656,48.86757543982291
3050,101.66666666666667,engaged,0.9378632307052612,engaged,1.0,0.9344324946403504,182.17884826660156,218.54263305664062,358.279052734375,390.3448791503906,50.02927108555888
3051,101.7,engaged,0.9378632307052612,engaged,1.0,0.9351048926512401,182.17884826660156,218.54263305664062,358.279052734375,390.3448791503906,55.44134403130081
3052,101.73333333333333,engaged,0.9387012720108032,engaged,1.0,0.9355494777361552,182.0579376220703,218.7782745361328,358.21954345703125,391.99237060546875,55.49489282879068
3053,101.76666666666667,engaged,0.9298453330993652,engaged,1.0,0.9356988648573558,182.4003143310547,219.17124938964844,358.35882568359375,390.335693359375,52.720741103862636
3054,101.8,engaged,0.9298453330993652,engaged,1.0,0.9357150495052338,182.4003143310547,219.17124938964844,358.35882568359375,390.335693359375,43.20327966791302
3055,101.83333333333333,engaged,0.9274379014968872,engaged,1.0,0.9360002994537353,183.40481567382812,220.596435546875,356.8954162597656,390.49346923828125,53.26235586935541
3056,101.86666666666666,engaged,0.9274379014968872,engaged,1.0,0.9359660446643829,183.40481567382812,220.596435546875,356.8954162597656,390.49346923828125,47.48286597307914
3057,101.9,engaged,0.9312919974327087,engaged,1.0,0.9360602597395579,183.83334350585938,220.94158935546875,357.1744079589844,388.4530029296875,49.41276816323646
3058,101.93333333333334,engaged,0.9311900734901428,engaged,1.0,0.936397926012675,183.2686309814453,221.065673828125,357.35980224609375,390.40838623046875,55.16715989951203
3059,101.96666666666667,engaged,0.9281527400016785,engaged,1.0,0.9366343478361766,182.92408752441406,221.29200744628906,357.472412109375,388.6673583984375,49.154496126756435
3060,102.0,engaged,0.9281527400016785,engaged,1.0,0.9364814917246501,182.92408752441406,221.29200744628906,357.472412109375,388.6673583984375,52.868267473372406
3061,102.03333333333333,engaged,0.932111382484436,engaged,1.0,0.9363433082898458,182.80335998535156,221.82835388183594,356.4910888671875,389.7208251953125,47.54206952835428
3062,102.06666666666666,engaged,0.9258042573928833,engaged,1.0,0.9359948873519898,181.96507263183594,221.88392639160156,356.5760498046875,390.951171875,52.47996796876955
3063,102.1,engaged,0.9258042573928833,engaged,1.0,0.9355417986710867,181.96507263183594,221.88392639160156,356.5760498046875,390.951171875,45.88954048140044
3064,102.13333333333334,engaged,0.7779738306999207,engaged,1.0,0.9303170204162597,181.60333251953125,224.25672912597656,356.46514892578125,386.8134765625,48.97828016254846
3065,102.16666666666667,bored,0.7469131946563721,engaged,0.9666666666666667,0.9301652908325195,181.6238555908203,222.1353759765625,356.29644775390625,387.923828125,47.31093915672164
3066,102.2,bored,0.7469131946563721,engaged,0.9333333333333333,0.9298735899584634,181.6238555908203,222.1353759765625,356.29644775390625,387.923828125,54.723778459129754
3067,102.23333333333333,engaged,0.8219279050827026,engaged,0.9333333333333333,0.9257143012114933,180.49453735351562,223.9300537109375,356.2664489746094,387.7489013671875,52.29740277552649
3068,102.26666666666667,engaged,0.8219279050827026,engaged,0.9333333333333333,0.9214984114680972,180.49453735351562,223.9300537109375,356.2664489746094,387.7489013671875,53.59927414923389
3069,102.3,engaged,0.8891611695289612,engaged,0.9333333333333333,0.9196837097406387,180.24093627929688,221.83436584472656,355.7095031738281,388.0040283203125,54.00298707318329
3070,102.33333333333333,engaged,0.9088345170021057,engaged,0.9333333333333333,0.9185104710715157,180.36669921875,222.78163146972656,355.41937255859375,389.340087890625,45.86996795677993
3071,102.36666666666666,engaged,0.9217804670333862,engaged,0.9333333333333333,0.917751784835543,179.96533203125,222.26470947265625,355.5408935546875,389.32965087890625,54.7102160075133
3072,102.4,engaged,0.9217804670333862,engaged,0.9333333333333333,0.9169930985995701,179.96533203125,222.26470947265625,355.5408935546875,389.32965087890625,57.02269050370471
3073,102.43333333333334,engaged,0.9257206320762634,engaged,0.9333333333333333,0.9164410659245082,179.11465454101562,221.7154083251953,355.6903991699219,389.08758544921875,49.86214603295371
3074,102.46666666666667,engaged,0.9274386167526245,engaged,0.9333333333333333,0.9159999340772629,178.7991180419922,220.71983337402344,356.08001708984375,392.0013427734375,54.36909715470867
3075,102.5,engaged,0.9274386167526245,engaged,0.9333333333333333,0.9154425178255353,178.7991180419922,220.71983337402344,356.08001708984375,392.0013427734375,52.334597724096625
3076,102.53333333333333,engaged,0.92788165807724,engaged,0.9333333333333333,0.914990708231926,178.6058807373047,220.8044891357422,355.78729248046875,392.93682861328125,50.234193664291276
3077,102.56666666666666,engaged,0.9267845749855042,engaged,0.9333333333333333,0.9145830954824176,179.19581604003906,221.18470764160156,355.4752197265625,392.37451171875,56.83184737540988
3078,102.6,engaged,0.9267845749855042,engaged,0.9333333333333333,0.914175482732909,179.19581604003906,221.18470764160156,355.4752197265625,392.37451171875,48.19820275332675
3079,102.63333333333334,engaged,0.9276244640350342,engaged,0.9333333333333333,0.9137343232120786,178.52708435058594,220.30838012695312,355.7147216796875,392.9701232910156,54.86766783527811
3080,102.66666666666667,engaged,0.9281618595123291,engaged,0.9333333333333333,0.913387845669474,177.8886260986328,220.05938720703125,355.88238525390625,392.74993896484375,50.42079196018561
3081,102.7,engaged,0.9296391606330872,engaged,0.9333333333333333,0.913094128881182,177.15565490722656,219.79083251953125,356.419189453125,393.3818359375,55.3221483591854
3082,102.73333333333333,engaged,0.9261642098426819,engaged,0.9333333333333333,0.912646376660892,176.74447631835938,220.4117431640625,356.7853088378906,395.0703125,56.78491260847786
3083,102.76666666666667,engaged,0.8910393714904785,engaged,0.9333333333333333,0.9112604494605746,177.2712860107422,220.8358917236328,356.53729248046875,396.60894775390625,55.10627619460539
3084,102.8,engaged,0.8910393714904785,engaged,0.9333333333333333,0.9098745222602572,177.2712860107422,220.8358917236328,356.53729248046875,396.60894775390625,52.4832513732998
3085,102.83333333333333,engaged,0.7843529582023621,engaged,0.9333333333333333,0.9047643457140241,177.36453247070312,220.73182678222656,358.0843811035156,394.0665283203125,55.11496563777086
3086,102.86666666666666,confused,0.8279683589935303,engaged,0.9,0.9039245843887329,178.26971435546875,220.26693725585938,357.93328857421875,395.8175354003906,55.39667696859233
3087,102.9,confused,0.8279683589935303,engaged,0.8666666666666667,0.9028719915793493,178.26971435546875,220.26693725585938,357.93328857421875,395.8175354003906,47.46996842355444
3088,102.93333333333334,confused,0.8840305209159851,engaged,0.8333333333333334,0.9017392683029175,178.18617248535156,220.09234619140625,357.8436279296875,396.07952880859375,54.37473585957452
3089,102.96666666666667,confused,0.8674240112304688,engaged,0.8,0.9006387069821358,177.66622924804688,220.16419982910156,357.6955871582031,395.8984375,53.95574765874241
3090,103.0,confused,0.8674240112304688,engaged,0.7666666666666667,0.8994424446769382,177.66622924804688,220.16419982910156,357.6955871582031,395.8984375,49.85858970091769
3091,103.03333333333333,confused,0.8954644799232483,engaged,0.7333333333333333,0.8979574929584156,177.90216064453125,220.08395385742188,357.63458251953125,397.0285339355469,52.69623338442596
3092,103.06666666666666,confused,0.8100996613502502,engaged,0.7,0.8966314565567743,177.8971405029297,220.2055206298828,357.23846435546875,396.45269775390625,51.2337722619891
3093,103.1,confused,0.8100996613502502,engaged,0.6666666666666666,0.8951728165149688,177.8971405029297,220.2055206298828,357.23846435546875,396.45269775390625,47.82395129014971
3094,103.13333333333334,confused,0.8728524446487427,engaged,0.6333333333333333,0.9013411841894451,178.71719360351562,220.251953125,357.2220764160156,395.5394287109375,51.20750109879377
3095,103.16666666666667,confused,0.8591173887252808,engaged,0.6333333333333333,0.9013411841894451,178.42205810546875,219.73593139648438,357.08929443359375,395.9869079589844,51.14880124875003
3096,103.2,confused,0.8591173887252808,engaged,0.6333333333333333,0.9013411841894451,178.42205810546875,219.73593139648438,357.08929443359375,395.9869079589844,48.95484202294665
3097,103.23333333333333,confused,0.864506721496582,engaged,0.6,0.9057530330287086,178.86692810058594,219.90118408203125,357.052978515625,396.15447998046875,43.3349588791999
3098,103.26666666666667,confused,0.884036123752594,engaged,0.5666666666666667,0.9106839229078854,178.32110595703125,219.37660217285156,356.92633056640625,395.490234375,56.83723829527746
3099,103.3,confused,0.884036123752594,engaged,0.5333333333333333,0.9120290949940681,178.32110595703125,219.37660217285156,356.92633056640625,395.490234375,52.51084820031299
3100,103.33333333333333,confused,0.899553120136261,engaged,0.5,0.9122420668601989,178.6411590576172,219.49269104003906,357.30523681640625,395.557373046875,51.92512627513123
3101,103.36666666666666,confused,0.8975499868392944,confused,0.5333333333333333,0.8632030226290226,178.46978759765625,220.107666015625,356.93701171875,395.7940673828125,55.04263723573182
3102,103.4,confused,0.8975499868392944,confused,0.5666666666666667,0.8652234322884503,178.46978759765625,220.107666015625,356.93701171875,395.7940673828125,45.74439960737267
3103,103.43333333333334,confused,0.8998711705207825,confused,0.6,0.867148306634691,177.6871337890625,219.63900756835938,357.0877685546875,395.9307556152344,60.19293638151002
3104,103.46666666666667,confused,0.9063102006912231,confused,0.6333333333333333,0.8692094589534559,178.0449981689453,219.97178649902344,357.04937744140625,395.796630859375,58.59193965216176
3105,103.5,confused,0.9063102006912231,confused,0.6666666666666666,0.8710644960403442,178.0449981689453,219.97178649902344,357.04937744140625,395.796630859375,48.55923589001447
3106,103.53333333333333,confused,0.8988676071166992,confused,0.7,0.8723884537106469,177.75888061523438,219.36485290527344,356.7983703613281,395.8763427734375,47.45815182339696
3107,103.56666666666666,confused,0.9041274189949036,confused,0.7333333333333333,0.8738311339508403,177.4832763671875,219.38343811035156,357.110107421875,395.2099609375,49.302990408124884
3108,103.6,confused,0.9041274189949036,confused,0.7666666666666667,0.8751483637353649,177.4832763671875,219.38343811035156,357.110107421875,395.2099609375,48.52889655092619
3109,103.63333333333334,confused,0.9197583198547363,confused,0.8,0.8770071119070053,177.56460571289062,219.5616912841797,356.8165588378906,395.54864501953125,52.59777033720828
3110,103.66666666666667,confused,0.8826494812965393,confused,0.8333333333333334,0.8772328066825866,177.6815185546875,219.29263305664062,357.1190185546875,395.0912170410156,47.286403607666294
3111,103.7,confused,0.8826494812965393,confused,0.8666666666666667,0.8774411403215848,177.6815185546875,219.29263305664062,357.1190185546875,395.0912170410156,50.583757447116426
3112,103.73333333333333,confused,0.9013112187385559,confused,0.9,0.8783252172999911,177.9041748046875,219.57098388671875,356.96905517578125,395.62451171875,48.9977336978108
3113,103.76666666666667,confused,0.8829401731491089,confused,0.9333333333333333,0.8784900371517453,177.59100341796875,219.1357421875,357.0020751953125,395.268798828125,50.47843930148873
3114,103.8,confused,0.8829401731491089,confused,0.9666666666666667,0.8786434901171717,177.59100341796875,219.1357421875,357.0020751953125,395.268798828125,51.82631904114667
3115,103.83333333333333,confused,0.8022037744522095,confused,1.0,0.8760954995950063,177.64498901367188,219.68251037597656,356.9230041503906,394.761962890625,50.06330866555264
3116,103.86666666666666,confused,0.8728312849998474,confused,1.0,0.8775909304618835,177.34429931640625,219.2788848876953,357.1898193359375,394.48834228515625,58.66569690188125
3117,103.9,confused,0.8371100425720215,confused,1.0,0.8778956532478333,178.039794921875,219.7393341064453,356.90032958984375,394.69293212890625,48.04747121828284
3118,103.93333333333334,confused,0.8371100425720215,confused,1.0,0.8763316373030344,178.039794921875,219.7393341064453,356.90032958984375,394.69293212890625,54.032901771336554
3119,103.96666666666667,confused,0.6429377198219299,confused,1.0,0.8688487609227499,177.47396850585938,221.47886657714844,355.5904235839844,393.440185546875,52.37184561789054
3120,104.0,confused,0.6429377198219299,confused,1.0,0.8613658845424652,177.47396850585938,221.47886657714844,355.5904235839844,393.440185546875,58.471052374778694
3121,104.03333333333333,confused,0.6352526545524597,confused,1.0,0.8526921570301056,176.866943359375,221.57992553710938,355.9990234375,393.9995422363281,54.97770379205935
3122,104.06666666666666,bored,0.5069016814231873,confused,0.9666666666666667,0.8541608637776869,178.04595947265625,220.61456298828125,356.97686767578125,394.623779296875,47.73577647527457
3123,104.1,bored,0.5069016814231873,confused,0.9333333333333333,0.8557344781500953,178.04595947265625,220.61456298828125,356.97686767578125,394.623779296875,54.08236841426619
3124,104.13333333333334,bored,0.8095728158950806,confused,0.9,0.8551004793908861,178.43394470214844,220.3876495361328,356.9166259765625,395.88177490234375,53.54453423206056
3125,104.16666666666667,bored,0.6630613803863525,confused,0.8666666666666667,0.8549459828780248,178.78225708007812,220.4808349609375,356.5698547363281,396.0035400390625,51.16689641711295
3126,104.2,bored,0.6630613803863525,confused,0.8333333333333334,0.8547791266441345,178.78225708007812,220.4808349609375,356.5698547363281,396.0035400390625,55.44867337361025
3127,104.23333333333333,confused,0.3459250032901764,confused,0.8333333333333334,0.8340358579158783,178.19741821289062,220.92572021484375,356.0165100097656,396.982421875,43.31884656696687
3128,104.26666666666667,confused,0.40064847469329834,confused,0.8333333333333334,0.8147003519535064,176.96484375,221.82904052734375,356.0472412109375,397.6087646484375,56.88194529205148
3129,104.3,engaged,0.794826865196228,confused,0.8,0.8118113614618778,175.188232421875,223.3961944580078,354.60968017578125,396.33709716796875,49.94527138059968
3130,104.33333333333333,engaged,0.794826865196228,confused,0.7666666666666667,0.8079965023890786,175.188232421875,223.3961944580078,354.60968017578125,396.33709716796875,53.948113753585346
3131,104.36666666666666,engaged,0.7995481491088867,confused,0.7333333333333333,0.8039258894595233,173.84185791015625,222.9767303466797,355.2974853515625,397.22796630859375,50.33366134645386
3132,104.4,engaged,0.7995481491088867,confused,0.7,0.7994675991081056,173.84185791015625,222.9767303466797,355.2974853515625,397.22796630859375,52.33982230208645
3133,104.43333333333334,engaged,0.7922418117523193,confused,0.6666666666666666,0.7944474205374717,173.72344970703125,222.64002990722656,354.76776123046875,398.9937744140625,47.00448269679039
3134,104.46666666666667,engaged,0.814286470413208,confused,0.6333333333333333,0.7885599057925375,173.66038513183594,222.93148803710938,355.03369140625,399.3943176269531,50.33366134645386
3135,104.5,engaged,0.814286470413208,confused,0.6,0.7820182227426105,173.66038513183594,222.93148803710938,355.03369140625,399.3943176269531,51.12697928983263
3136,104.53333333333333,engaged,0.8869304060935974,confused,0.5666666666666667,0.7751447295441347,174.19564819335938,224.4871826171875,354.8669738769531,400.07843017578125,47.501149503391886
3137,104.56666666666666,engaged,0.712867021560669,confused,0.5333333333333333,0.7670833114534616,176.20211791992188,224.19891357421875,355.8881530761719,401.48187255859375,56.768772670672945
3138,104.6,engaged,0.712867021560669,confused,0.5,0.7579470376173655,176.20211791992188,224.19891357421875,355.8881530761719,401.48187255859375,55.886795469686874
3139,104.63333333333334,engaged,0.5516319870948792,confused,0.4666666666666667,0.7463890888861248,175.46493530273438,224.62075805664062,356.1476745605469,400.9751892089844,50.37355880092237
3140,104.66666666666667,confused,0.7769830822944641,confused,0.4666666666666667,0.7388414889574051,176.2303466796875,224.57208251953125,355.68719482421875,401.78515625,48.584547665933044
3141,104.7,confused,0.6064738631248474,confused,0.4666666666666667,0.7191146590879985,175.94549560546875,224.31002807617188,355.64691162109375,401.2241516113281,53.379624562519886
3142,104.73333333333333,confused,0.6064738631248474,confused,0.4666666666666667,0.6980548479727336,175.94549560546875,224.31002807617188,355.64691162109375,401.2241516113281,49.80116597998124
3143,104.76666666666667,confused,0.6882497072219849,confused,0.4666666666666667,0.6841483861207962,174.55072021484375,224.20797729492188,355.48590087890625,401.7258605957031,49.12686086416716
3144,104.8,engaged,0.5784288644790649,confused,0.43333333333333335,0.6688567101955414,174.82562255859375,225.08837890625,355.7464599609375,401.2506103515625,56.17948271474303
3145,104.83333333333333,engaged,0.5784288644790649,engaged,0.43333333333333335,0.7408245343428391,174.82562255859375,225.08837890625,355.7464599609375,401.2506103515625,53.90097024995181
3146,104.86666666666666,engaged,0.6191398501396179,engaged,0.4666666666666667,0.7321327711854663,174.10830688476562,224.691650390625,356.1758117675781,401.97064208984375,54.74877953269808
3147,104.9,engaged,0.6191398501396179,engaged,0.5,0.7245999097824096,174.10830688476562,224.691650390625,356.1758117675781,401.97064208984375,52.955709307610725
3148,104.93333333333334,engaged,0.6290574669837952,engaged,0.5333333333333333,0.7186285071074963,174.3933868408203,224.7643280029297,356.54571533203125,401.93414306640625,47.20976092926928
3149,104.96666666666667,engaged,0.501840353012085,engaged,0.5666666666666667,0.7058762627489427,174.58331298828125,225.15760803222656,356.22418212890625,401.837158203125,53.7324844028235
3150,105.0,engaged,0.501840353012085,engaged,0.6,0.6945409344302284,174.58331298828125,225.15760803222656,356.22418212890625,401.837158203125,47.26721961774252
3151,105.03333333333333,engaged,0.4404020309448242,engaged,0.6333333333333333,0.6811652026678386,174.123046875,224.37734985351562,356.4810791015625,401.8117980957031,50.93945760818082
3152,105.06666666666666,engaged,0.5366062521934509,engaged,0.6666666666666666,0.6739372551441193,174.3103485107422,224.47735595703125,356.60015869140625,401.35296630859375,47.58953877574176
3153,105.1,engaged,0.3537479639053345,engaged,0.7,0.6586901460375104,174.7681427001953,225.60211181640625,356.12530517578125,401.23760986328125,53.85460054954932
3154,105.13333333333334,engaged,0.3537479639053345,engaged,0.7333333333333333,0.6448291377587752,174.7681427001953,225.60211181640625,356.12530517578125,401.23760986328125,53.2921325472657
3155,105.16666666666667,engaged,0.5538027286529541,engaged,0.7666666666666667,0.6408714677976526,174.68701171875,225.40219116210938,356.10504150390625,401.3296203613281,48.6719350159559
3156,105.2,engaged,0.43856924772262573,engaged,0.8,0.6324422086278597,174.372314453125,225.0678253173828,356.13262939453125,401.63446044921875,58.17665335108744
3157,105.23333333333333,engaged,0.43856924772262573,engaged,0.8333333333333334,0.6246872901916504,174.372314453125,225.0678253173828,356.13262939453125,401.63446044921875,46.223319374035704
3158,105.26666666666667,engaged,0.4217030107975006,engaged,0.8666666666666667,0.6168802025226446,174.80447387695312,224.58636474609375,356.3421325683594,401.41510009765625,52.51282051282051
3159,105.3,engaged,0.5129527449607849,engaged,0.8666666666666667,0.6060388902058969,174.633056640625,224.80662536621094,355.93505859375,401.24853515625,52.44256617362058
3160,105.33333333333333,engaged,0.5129527449607849,engaged,0.8666666666666667,0.595197577889149,174.633056640625,224.80662536621094,355.93505859375,401.24853515625,53.910669528669295
3161,105.36666666666666,confused,0.5846160650253296,engaged,0.8333333333333334,0.5870235550403595,175.32171630859375,224.11209106445312,355.39715576171875,401.5368957519531,45.225019678035
3162,105.4,confused,0.5846160650253296,engaged,0.8,0.5781683636208376,175.32171630859375,224.11209106445312,355.39715576171875,401.5368957519531,50.36146198549541
3163,105.43333333333334,engaged,0.3839101195335388,engaged,0.8,0.5611545431117216,174.5603790283203,224.788818359375,355.99615478515625,401.314208984375,51.11950176114273
3164,105.46666666666667,confused,0.731037974357605,engaged,0.7666666666666667,0.5501488071420918,174.72836303710938,225.1080780029297,355.3804016113281,401.68304443359375,49.904267850131475
3165,105.5,bored,0.710575520992279,engaged,0.7333333333333333,0.5381425497206774,174.47296142578125,225.7079620361328,354.51129150390625,401.83551025390625,50.657680833846634
3166,105.53333333333333,bored,0.710575520992279,engaged,0.7,0.5215336041791099,174.47296142578125,225.7079620361328,354.51129150390625,401.83551025390625,52.226422612377036
3167,105.56666666666666,confused,0.7094303369522095,engaged,0.6666666666666666,0.5119669333100318,174.13356018066406,226.89234924316406,355.2247314453125,401.590087890625,52.44977991196479
3168,105.6,confused,0.7748766541481018,engaged,0.6333333333333333,0.5013932444547352,174.73133850097656,226.523681640625,354.9647216796875,401.68731689453125,49.916146000690254
3169,105.63333333333334,confused,0.7748766541481018,neutral,0.6,0.4986022031969494,174.73133850097656,226.523681640625,354.9647216796875,401.68731689453125,44.23904651408079
3170,105.66666666666667,confused,0.9279160499572754,neutral,0.6,0.4986022031969494,175.02171325683594,224.8488311767578,355.5078125,405.54302978515625,60.87965744974236
3171,105.7,confused,0.9137957096099854,neutral,0.6,0.4986022031969494,177.5848388671875,225.3001251220703,355.22637939453125,409.05706787109375,49.37205278212659
3172,105.73333333333333,confused,0.9084888100624084,neutral,0.6,0.4986022031969494,176.67877197265625,225.17013549804688,355.6324462890625,407.9584045410156,50.36025262349014
3173,105.76666666666667,confused,0.9030779600143433,neutral,0.6,0.4986022031969494,178.654296875,225.15444946289062,356.63116455078125,407.5016174316406,60.36185706473246
3174,105.8,engaged,0.7220715284347534,engaged,0.6,0.5065823511944877,179.46978759765625,225.5970001220703,355.2349853515625,402.91961669921875,55.810200524263834
3175,105.83333333333333,engaged,0.7220715284347534,engaged,0.6,0.5145624991920259,179.46978759765625,225.5970001220703,355.2349853515625,402.91961669921875,53.08707978938842
3176,105.86666666666666,engaged,0.7902030944824219,engaged,0.6,0.5240660127666261,179.75494384765625,226.17669677734375,355.50457763671875,401.86322021484375,49.53941369617083
3177,105.9,engaged,0.6656111478805542,engaged,0.6,0.5266477515300115,179.45358276367188,226.3373565673828,355.1913146972656,402.30767822265625,50.04956863119459
3178,105.93333333333334,engaged,0.6656111478805542,engaged,0.6,0.5286785115798315,179.45358276367188,226.3373565673828,355.1913146972656,402.30767822265625,52.50690401972935
3179,105.96666666666667,bored,0.3320220410823822,engaged,0.5666666666666667,0.5302572267896989,179.69097900390625,227.32049560546875,355.189208984375,400.3831787109375,55.39375049525872
3180,106.0,bored,0.9241539239883423,engaged,0.5333333333333333,0.5320332814007998,180.38140869140625,227.4647979736328,355.24127197265625,399.13665771484375,52.22317126315134
3181,106.03333333333333,bored,0.9241539239883423,engaged,0.5,0.5381420314311981,180.38140869140625,227.4647979736328,355.24127197265625,399.13665771484375,53.94395071572801
3182,106.06666666666666,bored,0.9287087321281433,engaged,0.4666666666666667,0.53825172994818,179.9599609375,226.662353515625,355.5333251953125,399.16961669921875,50.4347366016137
3183,106.1,bored,0.9132617712020874,engaged,0.43333333333333335,0.5524443273360913,179.45846557617188,227.0532684326172,356.0092468261719,399.47369384765625,49.85444128799135
3184,106.13333333333334,bored,0.9132617712020874,engaged,0.4,0.5690023576219877,179.45846557617188,227.0532684326172,356.0092468261719,399.47369384765625,58.67800783435926
3185,106.16666666666667,bored,0.8315117359161377,neutral,0.36666666666666664,0.570384142073718,179.4864501953125,227.44143676757812,355.8958740234375,398.6149597167969,48.58229666180184
3186,106.2,bored,0.8777011632919312,neutral,0.3333333333333333,0.5835656315088272,179.2118682861328,227.08688354492188,355.77496337890625,399.4559020996094,52.43863224354566
3187,106.23333333333333,bored,0.8777011632919312,neutral,0.36666666666666664,0.8130570243705403,179.2118682861328,227.08688354492188,355.77496337890625,399.4559020996094,51.9940001735487
3188,106.26666666666667,bored,0.7061522006988525,bored,0.4,0.8041482890645663,179.2239532470703,227.36407470703125,355.79998779296875,399.32879638671875,45.965982816061725
3189,106.3,bored,0.9252988696098328,bored,0.43333333333333335,0.8134675644911252,179.10443115234375,226.96217346191406,356.01239013671875,399.547119140625,51.0883689204497
3190,106.33333333333333,bored,0.9252988696098328,bored,0.4666666666666667,0.8214555148567472,179.10443115234375,226.96217346191406,356.01239013671875,399.547119140625,45.15247814666495
3191,106.36666666666666,bored,0.9284451603889465,bored,0.5,0.8285881578922272,183.09130859375,229.20091247558594,355.67767333984375,397.4210205078125,53.70977821031604
3192,106.4,bored,0.9289239645004272,bored,0.5333333333333333,0.8348591458052397,185.8917694091797,229.08111572265625,356.54351806640625,398.16973876953125,55.86967351777603
3193,106.43333333333334,bored,0.9289239645004272,bored,0.5666666666666667,0.8403923704343683,185.8917694091797,229.08111572265625,356.54351806640625,398.16973876953125,49.035540591096144
3194,106.46666666666667,frustrated,0.9050726294517517,bored,0.5666666666666667,0.8403923704343683,191.91717529296875,229.94961547851562,355.98779296875,391.5336608886719,53.8552920481247
3195,106.5,frustrated,0.8388168215751648,bored,0.5333333333333333,0.8485059235244989,198.84011840820312,225.69216918945312,356.7893981933594,386.1957092285156,48.992582728854934
3196,106.53333333333333,frustrated,0.8388168215751648,bored,0.5,0.8577012836933136,198.84011840820312,225.69216918945312,356.7893981933594,386.1957092285156,50.65217496316692
3197,106.56666666666666,frustrated,0.7946610450744629,bored,0.5,0.8577012836933136,203.8474884033203,218.57748413085938,360.77972412109375,377.7471008300781,50.222765045381614
3198,106.6,bored,0.47356927394866943,bored,0.5333333333333333,0.8336930330842733,215.347412109375,215.58499145507812,364.63250732421875,367.9837341308594,52.470776621297034
3199,106.63333333333334,bored,0.47356927394866943,bored,0.5666666666666667,0.8125092825468849,215.347412109375,215.58499145507812,364.63250732421875,367.9837341308594,51.1201248049922
3200,106.66666666666667,frustrated,0.8282777070999146,bored,0.5666666666666667,0.8125092825468849,221.7814178466797,211.2535858154297,369.24908447265625,358.53314208984375,53.48581338706181
3201,106.7,frustrated,0.8321400880813599,bored,0.5666666666666667,0.8125092825468849,227.4114990234375,205.6935577392578,376.9808349609375,355.60479736328125,50.33003743880196
3202,106.73333333333333,frustrated,0.8321400880813599,bored,0.5666666666666667,0.8125092825468849,227.4114990234375,205.6935577392578,376.9808349609375,355.60479736328125,47.490930501143595
3203,106.76666666666667,frustrated,0.7371059656143188,bored,0.5666666666666667,0.8125092825468849,234.32574462890625,202.66270446777344,381.14105224609375,349.6771240234375,55.418635378679774
3204,106.8,bored,0.45525604486465454,bored,0.6,0.7926618804534277,239.00502014160156,199.25352478027344,384.9263916015625,346.8677978515625,49.668474528100795
3205,106.83333333333333,bored,0.45525604486465454,bored,0.6333333333333333,0.7749036785803343,239.00502014160156,199.25352478027344,384.9263916015625,346.8677978515625,54.839689865721795
3206,106.86666666666666,engaged,0.37835073471069336,bored,0.6333333333333333,0.7749036785803343,243.1480712890625,199.57913208007812,388.17083740234375,343.7481384277344,48.307004814226154
3207,106.9,frustrated,0.6504389643669128,bored,0.6333333333333333,0.7749036785803343,249.7086944580078,199.78985595703125,386.32232666015625,341.35968017578125,58.26231421030699
3208,106.93333333333334,frustrated,0.761130154132843,bored,0.6333333333333333,0.7749036785803343,251.08973693847656,197.8000030517578,388.7119140625,339.01019287109375,52.50427489516179
3209,106.96666666666667,frustrated,0.761130154132843,bored,0.6,0.7995082139968872,251.08973693847656,197.8000030517578,388.7119140625,339.01019287109375,56.765699436985706
3210,107.0,bored,0.3401809632778168,bored,0.6,0.7670652717351913,253.94036865234375,195.60960388183594,391.0228271484375,338.5587158203125,49.80944577054164
3211,107.03333333333333,bored,0.3401809632778168,bored,0.6,0.7346223294734955,253.94036865234375,195.60960388183594,391.0228271484375,338.5587158203125,51.73682003207105
3212,107.06666666666666,bored,0.4685426652431488,bored,0.6,0.7090575479798846,255.73287963867188,195.298583984375,391.8586730957031,337.53338623046875,45.228921119318485
3213,107.1,bored,0.31114891171455383,bored,0.6,0.6756068335639106,256.067138671875,194.72264099121094,393.284423828125,336.442626953125,53.88158215896099
3214,107.13333333333334,bored,0.31114891171455383,bored,0.6,0.6421561191479365,256.067138671875,194.72264099121094,393.284423828125,336.442626953125,51.09957237363093
3215,107.16666666666667,frustrated,0.3792863190174103,bored,0.5666666666666667,0.6310175534556893,256.20196533203125,193.2432861328125,394.82623291015625,336.11578369140625,49.887647933392806
3216,107.2,bored,0.6029444336891174,bored,0.5666666666666667,0.614855392890818,256.6325988769531,193.71298217773438,395.2068176269531,335.9862976074219,52.09603656643191
3217,107.23333333333333,bored,0.6029444336891174,bored,0.5666666666666667,0.5986932323259466,256.6325988769531,193.71298217773438,395.2068176269531,335.9862976074219,52.11221827398554
3218,107.26666666666667,engaged,0.7382094860076904,bored,0.5333333333333333,0.59197704680264,256.08673095703125,195.71502685546875,395.1724853515625,335.27081298828125,54.34937089396551
3219,107.3,bored,0.3089783191680908,bored,0.5333333333333333,0.5534570124000311,257.153076171875,194.88502502441406,395.2080078125,335.6319580078125,43.37888095976833
3220,107.33333333333333,bored,0.5572674870491028,bored,0.5333333333333333,0.5304550509899855,257.0357666015625,194.85137939453125,395.1092529296875,335.7364501953125,57.07856238857967
3221,107.36666666666666,bored,0.5572674870491028,bored,0.5333333333333333,0.5072564464062452,257.0357666015625,194.85137939453125,395.1092529296875,335.7364501953125,54.03150965514576
3222,107.4,engaged,0.5929387211799622,neutral,0.5,0.47914527853329975,255.42578125,197.2886962890625,393.18280029296875,336.09393310546875,49.80175730230349
3223,107.43333333333334,bored,0.7812612056732178,neutral,0.5,0.4693010946114858,255.34884643554688,197.24961853027344,392.1064758300781,336.05517578125,50.37355880092237
3224,107.46666666666667,bored,0.7812612056732178,neutral,0.5333333333333333,0.48879860155284405,255.34884643554688,197.24961853027344,392.1064758300781,336.05517578125,53.325332146716676
3225,107.5,bored,0.6253746747970581,neutral,0.5666666666666667,0.4968324882142684,252.60862731933594,197.37538146972656,389.133544921875,337.0447998046875,45.72794173762306
3226,107.53333333333333,bored,0.6253746747970581,bored,0.6,0.5039737208022012,252.60862731933594,197.37538146972656,389.133544921875,337.0447998046875,53.99951076950806
3227,107.56666666666666,engaged,0.6095917820930481,bored,0.6,0.5039737208022012,249.008056640625,198.58056640625,387.30126953125,337.4993896484375,47.474804183456335
3228,107.6,engaged,0.5264737606048584,bored,0.5666666666666667,0.5057622176759383,246.4927978515625,199.09417724609375,385.29937744140625,337.7137451171875,49.56282939049465
3229,107.63333333333334,engaged,0.5264737606048584,bored,0.5333333333333333,0.5077742766588926,246.4927978515625,199.09417724609375,385.29937744140625,337.7137451171875,51.161903367853526
3230,107.66666666666667,engaged,0.610093355178833,bored,0.5333333333333333,0.5077742766588926,244.30865478515625,199.7122344970703,383.28289794921875,337.65863037109375,50.29563632439174
3231,107.7,bored,0.38472652435302734,bored,0.5666666666666667,0.500536173582077,241.54110717773438,200.13282775878906,381.7384338378906,339.176513671875,47.52913980078643
3232,107.73333333333333,engaged,0.2623593807220459,bored,0.5666666666666667,0.500536173582077,239.89324951171875,202.47518920898438,380.2183837890625,339.0934753417969,50.97598444336412
3233,107.76666666666667,engaged,0.2623593807220459,bored,0.5666666666666667,0.500536173582077,239.89324951171875,202.47518920898438,380.2183837890625,339.0934753417969,49.693778657156734
3234,107.8,bored,0.28869158029556274,neutral,0.5666666666666667,0.49073826390154224,239.37741088867188,202.24270629882812,378.0082092285156,338.7382507324219,49.19369934671186
3235,107.83333333333333,frustrated,0.6253945231437683,neutral,0.5333333333333333,0.4929559025913477,238.87684631347656,201.98098754882812,377.772216796875,338.9261779785156,52.000446323410905
3236,107.86666666666666,frustrated,0.6253945231437683,neutral,0.5333333333333333,0.4929559025913477,238.87684631347656,201.98098754882812,377.772216796875,338.9261779785156,47.76948395840689
3237,107.9,frustrated,0.6058536767959595,neutral,0.5333333333333333,0.4929559025913477,238.51361083984375,202.86167907714844,377.12420654296875,339.385498046875,51.271349289783146
3238,107.93333333333334,bored,0.48447269201278687,neutral,0.5666666666666667,0.49245689020437355,237.74783325195312,202.1356658935547,377.2257385253906,340.16864013671875,47.94366969960221
3239,107.96666666666667,bored,0.48447269201278687,neutral,0.6,0.4920133236381743,237.74783325195312,202.1356658935547,377.2257385253906,340.16864013671875,53.07498797863994
3240,108.0,bored,0.599418044090271,bored,0.6,0.5064153836833106,237.0204620361328,201.64971923828125,377.37603759765625,341.129638671875,52.85427692928071
3241,108.03333333333333,bored,0.599418044090271,bored,0.6,0.520817443728447,237.0204620361328,201.64971923828125,377.37603759765625,341.129638671875,44.41048663758418
3242,108.06666666666666,bored,0.5401439070701599,bored,0.6,0.5247952904966142,237.2301483154297,202.5316162109375,377.44866943359375,340.93231201171875,55.92927339885056
3243,108.1,frustrated,0.6461543440818787,bored,0.5666666666666667,0.5373627245426178,236.90542602539062,203.6266632080078,377.0176696777344,341.13421630859375,51.618391257261
3244,108.13333333333334,bored,0.5275763273239136,bored,0.5666666666666667,0.5500937489902272,236.4879608154297,203.50721740722656,376.59674072265625,341.329833984375,49.200046920821116
3245,108.16666666666667,bored,0.5275763273239136,bored,0.6,0.5488427811198764,236.4879608154297,203.50721740722656,376.59674072265625,341.329833984375,53.345678855325914
3246,108.2,frustrated,0.2790733277797699,bored,0.5666666666666667,0.5456603309687447,234.745849609375,204.2833251953125,375.5029296875,341.45062255859375,49.44422308408681
3247,108.23333333333333,frustrated,0.48139309883117676,bored,0.5333333333333333,0.5420800745487213,232.7691650390625,205.25270080566406,371.1474609375,340.9957275390625,52.045614165705
3248,108.26666666666667,frustrated,0.48139309883117676,bored,0.5333333333333333,0.5420800745487213,232.7691650390625,205.25270080566406,371.1474609375,340.9957275390625,52.07081315952824
3249,108.3,frustrated,0.38755643367767334,bored,0.5,0.5576201915740967,229.40841674804688,205.33535766601562,367.8345642089844,341.6481018066406,51.110780741625334
3250,108.33333333333333,bored,0.39759233593940735,bored,0.5,0.546975181500117,228.6049346923828,205.20516967773438,365.83575439453125,340.8619689941406,57.2601228668942
3251,108.36666666666666,bored,0.39759233593940735,bored,0.5,0.5363301714261373,228.6049346923828,205.20516967773438,365.83575439453125,340.8619689941406,50.10218001552888
3252,108.4,frustrated,0.6711534261703491,bored,0.5,0.5363301714261373,229.50450134277344,204.24154663085938,366.46435546875,339.6603698730469,58.658312821660324
3253,108.43333333333334,frustrated,0.6711534261703491,bored,0.4666666666666667,0.5188350975513458,229.50450134277344,204.24154663085938,366.46435546875,339.6603698730469,46.22892349744845
3254,108.46666666666667,frustrated,0.6863047480583191,neutral,0.43333333333333335,0.4986484738496634,229.01705932617188,204.06365966796875,365.9295349121094,338.7320556640625,58.87899376719636
3255,108.5,frustrated,0.8614609837532043,neutral,0.4,0.4880879571040471,229.23878479003906,203.22540283203125,365.865234375,338.23626708984375,47.5199854980513
3256,108.53333333333333,frustrated,0.847425639629364,frustrated,0.43333333333333335,0.605362403851289,228.7828826904297,202.88937377929688,364.98004150390625,337.7456970214844,52.441254798014526
3257,108.56666666666666,frustrated,0.847425639629364,frustrated,0.4666666666666667,0.6226526349782944,228.7828826904297,202.88937377929688,364.98004150390625,337.7456970214844,49.585681014813154
3258,108.6,frustrated,0.7003434896469116,frustrated,0.5,0.6278320252895355,229.2786865234375,202.40872192382812,364.4163818359375,337.6759948730469,53.90651226753377
3259,108.63333333333334,frustrated,0.8512623310089111,frustrated,0.5333333333333333,0.6417964193969965,229.149169921875,202.55653381347656,363.01043701171875,336.5728759765625,53.88296656003905
3260,108.66666666666667,frustrated,0.8071590662002563,frustrated,0.5666666666666667,0.6515236339148354,229.49143981933594,202.26046752929688,359.7021484375,333.3488464355469,47.06936448619107
3261,108.7,frustrated,0.7265076637268066,frustrated,0.6,0.6556894133488337,229.39776611328125,200.79544067382812,359.1103515625,332.2649841308594,55.125106785653266
3262,108.73333333333333,frustrated,0.7411824464797974,frustrated,0.6333333333333333,0.660189046671516,229.11520385742188,199.41827392578125,358.3893127441406,331.1285400390625,59.71304508762689
3263,108.76666666666667,frustrated,0.7411824464797974,frustrated,0.6666666666666666,0.6642387166619301,229.11520385742188,199.41827392578125,358.3893127441406,331.1285400390625,49.07627683847189
3264,108.8,engaged,0.3331433832645416,frustrated,0.6666666666666666,0.6642387166619301,226.89288330078125,199.50439453125,359.16497802734375,331.591552734375,50.56851090507939
3265,108.83333333333333,engaged,0.3399568498134613,frustrated,0.6333333333333333,0.6662831478997281,227.609375,199.64401245117188,359.51055908203125,331.7229919433594,49.71557262404286
3266,108.86666666666666,engaged,0.3399568498134613,frustrated,0.6,0.6685547381639481,227.609375,199.64401245117188,359.51055908203125,331.7229919433594,48.56036029777824
3267,108.9,frustrated,0.7544626593589783,frustrated,0.6,0.6768107927507825,229.0947265625,199.80557250976562,358.853271484375,330.8507995605469,57.676654611460236
3268,108.93333333333334,frustrated,0.7764379382133484,frustrated,0.6333333333333333,0.6820543267224964,229.12484741210938,199.5380859375,358.8751525878906,331.1978759765625,49.77870613228261
3269,108.96666666666667,frustrated,0.7764379382133484,frustrated,0.6666666666666666,0.686773507297039,229.12484741210938,199.5380859375,358.8751525878906,331.1978759765625,50.11415257781229
3270,109.0,frustrated,0.7843073010444641,frustrated,0.7,0.691417973665964,229.2445526123047,200.00106811523438,358.35797119140625,331.2619934082031,46.99131720761397
3271,109.03333333333333,frustrated,0.841887891292572,frustrated,0.7333333333333333,0.6982575153762643,227.6204071044922,201.0391845703125,356.90362548828125,331.561767578125,53.85667509855031
3272,109.06666666666666,frustrated,0.841887891292572,frustrated,0.7666666666666667,0.7045023143291473,227.6204071044922,201.0391845703125,356.90362548828125,331.561767578125,50.13391982022902
3273,109.1,frustrated,0.8475087881088257,frustrated,0.7666666666666667,0.7132568553737972,226.92532348632812,200.9527587890625,356.7231140136719,330.6513671875,50.74655180757876
3274,109.13333333333334,frustrated,0.81882244348526,frustrated,0.8,0.7176554215451082,226.56088256835938,200.95162963867188,356.1022033691406,331.2003479003906,56.981632431257474
3275,109.16666666666667,frustrated,0.81882244348526,frustrated,0.8333333333333334,0.7217021024227143,226.56088256835938,200.95162963867188,356.1022033691406,331.2003479003906,45.67316759770453
3276,109.2,frustrated,0.7926205992698669,frustrated,0.8333333333333334,0.7422439932823182,225.71417236328125,201.19073486328125,355.91668701171875,330.91424560546875,51.770026413883336
3277,109.23333333333333,frustrated,0.7819139957427979,frustrated,0.8333333333333334,0.754264829158783,225.37548828125,201.2318115234375,355.57867431640625,330.77874755859375,53.64932207725761
3278,109.26666666666667,frustrated,0.7819139957427979,frustrated,0.8333333333333334,0.7662856650352478,225.37548828125,201.2318115234375,355.57867431640625,330.77874755859375,52.19392732702837
3279,109.3,frustrated,0.7540057301521301,frustrated,0.8333333333333334,0.7809436368942261,225.2724151611328,201.25845336914062,355.16986083984375,330.6782531738281,52.50427489516179
3280,109.33333333333333,frustrated,0.8022572994232178,frustrated,0.8666666666666667,0.7817633931453412,225.06634521484375,201.1414794921875,355.273193359375,330.4700927734375,46.835996560695904
3281,109.36666666666666,frustrated,0.8022572994232178,frustrated,0.9,0.7825224267111884,225.06634521484375,201.1414794921875,355.273193359375,330.4700927734375,58.44986691564821
3282,109.4,frustrated,0.6995649337768555,frustrated,0.9,0.7835747047706887,226.07302856445312,200.7891845703125,355.3287658691406,330.50579833984375,43.37932960316065
3283,109.43333333333334,frustrated,0.762980580329895,frustrated,0.9,0.7869757104803015,224.73931884765625,200.91641235351562,354.9395751953125,330.1918640136719,51.460695662842774
3284,109.46666666666667,frustrated,0.7002277970314026,frustrated,0.9,0.787491378960786,224.7544708251953,201.06365966796875,354.60284423828125,330.12127685546875,55.07443833134183
3285,109.5,frustrated,0.7635406255722046,frustrated,0.9,0.7838646990281565,224.899658203125,201.5615234375,354.2069091796875,329.81634521484375,60.92741244316613
3286,109.53333333333333,frustrated,0.7340322136878967,frustrated,0.9,0.7796649425118057,224.8968963623047,201.56448364257812,354.53350830078125,330.4731750488281,51.12635607889027
3287,109.56666666666666,frustrated,0.7340322136878967,frustrated,0.9,0.7754651859954551,224.8968963623047,201.56448364257812,354.53350830078125,330.4731750488281,49.76216972961429
3288,109.6,frustrated,0.7815033197402954,frustrated,0.9,0.7784711056285434,225.0171661376953,201.18576049804688,354.71588134765625,330.7215270996094,52.249844283329594
3289,109.63333333333334,frustrated,0.8213908076286316,frustrated,0.9,0.7773647529107554,225.20521545410156,201.379638671875,354.6298828125,330.43865966796875,47.65550543669685
3290,109.66666666666667,frustrated,0.8213908076286316,frustrated,0.9,0.7778918544451395,225.20521545410156,201.379638671875,354.6298828125,330.43865966796875,52.00882870818143
3291,109.7,frustrated,0.7343121767044067,frustrated,0.9,0.778180910481347,225.16482543945312,201.56851196289062,354.9241638183594,330.8695983886719,53.90097024995181
3292,109.73333333333333,frustrated,0.7311245799064636,frustrated,0.9,0.7778083969045568,225.3568878173828,201.9395294189453,354.97772216796875,331.12030029296875,52.52071124467819
3293,109.76666666666667,frustrated,0.7311245799064636,frustrated,0.9,0.7774358833277667,225.3568878173828,201.9395294189453,354.97772216796875,331.12030029296875,48.84139922679212
3294,109.8,frustrated,0.8177248239517212,frustrated,0.9333333333333333,0.7788747740643365,225.23919677734375,202.0964813232422,354.8388671875,331.31500244140625,58.645190156599554
3295,109.83333333333333,frustrated,0.6879950761795044,frustrated,0.9666666666666667,0.7757409913786526,225.3791046142578,202.0724639892578,355.17388916015625,330.81610107421875,51.03987733794127
3296,109.86666666666666,frustrated,0.6879950761795044,frustrated,1.0,0.772816127538681,225.3791046142578,202.0724639892578,355.17388916015625,330.81610107421875,53.963383724670315
3297,109.9,frustrated,0.6808707118034363,frustrated,1.0,0.770363062620163,225.20919799804688,202.1974639892578,355.2669372558594,331.50836181640625,52.68365719166468
3298,109.93333333333334,frustrated,0.5798795223236084,frustrated,1.0,0.7638111154238383,225.23358154296875,202.20526123046875,355.16351318359375,331.2728271484375,52.52794649901689
3299,109.96666666666667,frustrated,0.7160640954971313,frustrated,1.0,0.7617986539999644,224.9105682373047,202.1231689453125,355.26116943359375,331.8631591796875,54.610489037029325
3300,110.0,frustrated,0.7160640954971313,frustrated,1.0,0.7595238804817199,224.9105682373047,202.1231689453125,355.26116943359375,331.8631591796875,51.65335402273371
3301,110.03333333333333,frustrated,0.663567841053009,frustrated,1.0,0.7535798788070679,224.8069610595703,202.37533569335938,355.52374267578125,331.4542541503906,51.35798599206544
3302,110.06666666666666,frustrated,0.663567841053009,frustrated,1.0,0.7476358771324157,224.8069610595703,202.37533569335938,355.52374267578125,331.4542541503906,49.92565259311281
3303,110.1,frustrated,0.7624756693840027,frustrated,1.0,0.7448014398415883,224.76885986328125,202.45907592773438,355.2620849609375,331.7230529785156,52.549005850883894
3304,110.13333333333334,frustrated,0.7722757458686829,frustrated,1.0,0.7432498832543691,224.50318908691406,202.44293212890625,355.6376953125,332.08233642578125,48.27086809911268
3305,110.16666666666667,frustrated,0.7722757458686829,frustrated,1.0,0.7416983266671499,224.50318908691406,202.44293212890625,355.6376953125,332.08233642578125,57.05371692851799
3306,110.2,frustrated,0.8443796634674072,frustrated,1.0,0.7434236288070679,224.47833251953125,202.80184936523438,355.45166015625,332.1323547363281,50.090213172508506
3307,110.23333333333333,frustrated,0.8204852342605591,frustrated,1.0,0.7447093367576599,224.4622039794922,203.1425018310547,355.12286376953125,332.75091552734375,52.21796994634165
3308,110.26666666666667,frustrated,0.8204852342605591,frustrated,1.0,0.745995044708252,224.4622039794922,203.1425018310547,355.12286376953125,332.75091552734375,54.21729295122866
3309,110.3,frustrated,0.7467207312583923,frustrated,1.0,0.745752211411794,225.32916259765625,202.93423461914062,355.97222900390625,332.8506774902344,54.72235051600193
3310,110.33333333333333,frustrated,0.755947470664978,frustrated,1.0,0.744208550453186,225.8094024658203,202.54598999023438,356.20989990234375,332.4839782714844,54.944574714751695
3311,110.36666666666666,frustrated,0.7151562571525574,frustrated,1.0,0.7413051823774973,225.26930236816406,202.69796752929688,356.4383544921875,333.5088195800781,46.98236888679795
3312,110.4,frustrated,0.7151562571525574,frustrated,1.0,0.7418248931566874,225.26930236816406,202.69796752929688,356.4383544921875,333.5088195800781,45.86545359111189
3313,110.43333333333334,frustrated,0.8281908631324768,frustrated,1.0,0.7439985692501068,224.71067810058594,203.12274169921875,356.0103759765625,333.0938720703125,56.16142897312641
3314,110.46666666666667,frustrated,0.8281908631324768,frustrated,1.0,0.7482640047868093,224.71067810058594,203.12274169921875,356.0103759765625,333.0938720703125,43.35870160748436
3315,110.5,frustrated,0.8241411447525024,frustrated,1.0,0.7502840220928192,224.58291625976562,203.1340789794922,356.0879821777344,333.15972900390625,55.1765944011787
3316,110.53333333333333,frustrated,0.8535998463630676,frustrated,1.0,0.7542696098486582,224.62777709960938,203.30825805664062,356.9239807128906,333.8491516113281,48.60650589285093
3317,110.56666666666666,frustrated,0.8535998463630676,frustrated,1.0,0.7582551976044972,224.62777709960938,203.30825805664062,356.9239807128906,333.8491516113281,52.518738339406234
3318,110.6,frustrated,0.8810386657714844,frustrated,1.0,0.7615730424722036,224.65399169921875,203.55596923828125,357.2125244140625,334.12530517578125,49.481554887040645
3319,110.63333333333334,frustrated,0.8655407428741455,frustrated,1.0,0.7630447069803874,224.63148498535156,203.337158203125,357.291015625,334.358154296875,57.644154916027595
3320,110.66666666666667,frustrated,0.8655407428741455,frustrated,1.0,0.7645163714885712,224.63148498535156,203.337158203125,357.291015625,334.358154296875,45.36099064510896
3321,110.7,frustrated,0.8246210813522339,frustrated,1.0,0.7675266683101654,224.60977172851562,203.66802978515625,356.5250549316406,334.05218505859375,52.47340239203323
3322,110.73333333333333,engaged,0.38874757289886475,frustrated,0.9666666666666667,0.7687819127378792,224.2328338623047,204.53619384765625,357.85052490234375,334.5076904296875,50.31916884612616
3323,110.76666666666667,frustrated,0.7354026436805725,frustrated,0.9666666666666667,0.7689294321783657,225.3475341796875,202.95912170410156,357.57745361328125,334.64453125,54.19417525906401
3324,110.8,frustrated,0.7354026436805725,frustrated,0.9666666666666667,0.7660907363069469,225.3475341796875,202.95912170410156,357.57745361328125,334.64453125,52.221870836809146
3325,110.83333333333333,frustrated,0.729820966720581,frustrated,0.9666666666666667,0.7675330083945702,225.60369873046875,203.03616333007812,357.5035400390625,333.7169494628906,48.652174921702816
3326,110.86666666666666,frustrated,0.739637553691864,frustrated,0.9666666666666667,0.7693137834812033,225.28305053710938,202.92669677734375,358.0043029785156,334.768310546875,51.066598485401904
3327,110.9,frustrated,0.739637553691864,frustrated,0.9666666666666667,0.7713402263049421,225.28305053710938,202.92669677734375,358.0043029785156,334.768310546875,50.34997539104234
3328,110.93333333333334,engaged,0.3945019841194153,frustrated,0.9333333333333333,0.7781781085899898,224.0801544189453,204.56256103515625,358.02801513671875,335.27630615234375,51.15940720863573
3329,110.96666666666667,engaged,0.49895262718200684,frustrated,0.9,0.780478627593429,223.53958129882812,204.60421752929688,357.6144714355469,335.0196838378906,52.40652722592898
3330,111.0,engaged,0.653642475605011,frustrated,0.8666666666666667,0.7829561095971328,223.67750549316406,204.7502899169922,357.6480712890625,334.93145751953125,54.384606407945746
3331,111.03333333333333,engaged,0.658997654914856,frustrated,0.8333333333333334,0.7877316403388978,223.6848602294922,204.8038330078125,357.75140380859375,335.04754638671875,43.371703927367484
3332,111.06666666666666,engaged,0.5506065487861633,frustrated,0.8,0.7929051319758097,223.76036071777344,204.74969482421875,357.677734375,335.15966796875,54.41141596938444
3333,111.1,engaged,0.5506065487861633,frustrated,0.7666666666666667,0.794228152088497,223.76036071777344,204.74969482421875,357.677734375,335.15966796875,50.894335776343254
3334,111.13333333333334,engaged,0.4712966978549957,frustrated,0.7333333333333333,0.7952259887348522,223.6376953125,204.96456909179688,357.4471435546875,334.9660949707031,60.49157015734745
3335,111.16666666666667,engaged,0.37694045901298523,frustrated,0.7,0.796318857442765,223.5283660888672,204.989013671875,357.72613525390625,335.34716796875,54.43754542622781
3336,111.2,engaged,0.37694045901298523,frustrated,0.6666666666666666,0.7939158171415329,223.5283660888672,204.989013671875,357.72613525390625,335.34716796875,50.31796151446807
3337,111.23333333333333,engaged,0.580086350440979,frustrated,0.6333333333333333,0.7925174267668473,223.71218872070312,205.1188201904297,357.5045471191406,335.08746337890625,47.652798291258605
3338,111.26666666666667,engaged,0.4397715628147125,frustrated,0.6,0.7909636596838633,223.5413818359375,204.886962890625,357.75341796875,335.12078857421875,50.691353846897584
3339,111.3,engaged,0.4397715628147125,frustrated,0.5666666666666667,0.7935661848853616,223.5413818359375,204.886962890625,357.75341796875,335.12078857421875,41.24922798528746
3340,111.33333333333333,engaged,0.4851003885269165,frustrated,0.5333333333333333,0.7959173545241356,223.4680938720703,204.80023193359375,357.79278564453125,335.22503662109375,47.4979219749731
3341,111.36666666666666,engaged,0.4851003885269165,frustrated,0.5,0.8013014276822408,223.4680938720703,204.80023193359375,357.79278564453125,335.22503662109375,49.83489377881279
3342,111.4,engaged,0.5566591024398804,neutral,0.5333333333333333,0.49423264898359776,223.5945281982422,205.28201293945312,357.63885498046875,335.2937316894531,52.709477970191266
3343,111.43333333333334,engaged,0.36145853996276855,neutral,0.5666666666666667,0.48642240727649017,223.4550323486328,205.38800048828125,357.66473388671875,335.32940673828125,45.775852095997905
3344,111.46666666666667,engaged,0.36788538098335266,neutral,0.6,0.4798370169268714,223.33792114257812,205.58570861816406,357.2996520996094,335.4056396484375,46.312637332302764
3345,111.5,engaged,0.36788538098335266,neutral,0.6333333333333333,0.47394482556142303,223.33792114257812,205.58570861816406,357.2996520996094,335.4056396484375,55.369618882919035
3346,111.53333333333333,engaged,0.473340779542923,neutral,0.6666666666666666,0.47391462326049805,223.193115234375,205.5381317138672,357.4329833984375,335.89642333984375,51.197500122064355
3347,111.56666666666666,engaged,0.5098020434379578,neutral,0.7,0.47562354803085327,223.1034393310547,205.74436950683594,357.21221923828125,335.911865234375,49.88112170872678
3348,111.6,engaged,0.5098020434379578,neutral,0.7333333333333333,0.4771771160039035,223.1034393310547,205.74436950683594,357.21221923828125,335.911865234375,53.718032786885246
3349,111.63333333333334,engaged,0.6450107097625732,neutral,0.7666666666666667,0.48447422877601953,223.07679748535156,206.1058349609375,356.928466796875,335.77288818359375,52.60964565694575
3350,111.66666666666667,engaged,0.7250251770019531,neutral,0.8,0.4944971849521001,220.20181274414062,206.20132446289062,355.7788391113281,337.1220397949219,55.459671021314854
3351,111.7,engaged,0.8729282021522522,engaged,0.8333333333333334,0.5096344256401062,217.264404296875,205.7003173828125,353.72412109375,339.092041015625,51.059760180169214
3352,111.73333333333333,engaged,0.8992440700531006,engaged,0.8333333333333334,0.5300542855262756,214.20806884765625,206.60931396484375,352.26873779296875,339.94403076171875,43.79284998329435
3353,111.76666666666667,engaged,0.8961865305900574,engaged,0.8666666666666667,0.5441362949518057,211.96182250976562,206.9141845703125,350.4204406738281,341.8623046875,50.051957660592606
3354,111.8,engaged,0.8961865305900574,engaged,0.9,0.5571751925680373,211.96182250976562,206.9141845703125,350.4204406738281,341.8623046875,47.06197053510317
3355,111.83333333333333,engaged,0.9306116700172424,engaged,0.9333333333333333,0.5705122096197945,210.95835876464844,208.81399536132812,349.197265625,343.7868957519531,50.36388088376561
3356,111.86666666666666,engaged,0.884860634803772,engaged,0.9666666666666667,0.5813518104882076,208.84625244140625,210.04803466796875,348.60821533203125,345.55224609375,53.365362104941724
3357,111.9,engaged,0.884860634803772,engaged,1.0,0.5914687712987264,208.84625244140625,210.04803466796875,348.60821533203125,345.55224609375,51.94120196653911
3358,111.93333333333334,engaged,0.9080164432525635,engaged,1.0,0.608585919936498,206.885986328125,212.9803466796875,350.53033447265625,348.07470703125,47.50975839063013
3359,111.96666666666667,engaged,0.9022680521011353,engaged,1.0,0.6220297674338023,202.35470581054688,213.0343780517578,349.7911682128906,353.56427001953125,54.39800788545342
3360,112.0,engaged,0.9022680521011353,engaged,1.0,0.6303172866503398,202.35470581054688,213.0343780517578,349.7911682128906,353.56427001953125,54.02872563795391
3361,112.03333333333333,engaged,0.8599516153335571,engaged,1.0,0.6370157519976298,199.6681671142578,215.34715270996094,344.83526611328125,356.9425048828125,53.5547894481473
3362,112.06666666666666,engaged,0.8440872430801392,engaged,1.0,0.646798441807429,192.4962158203125,216.9071502685547,341.00543212890625,363.26544189453125,55.384972930146574
3363,112.1,engaged,0.8440872430801392,engaged,1.0,0.6565811316172282,192.4962158203125,216.9071502685547,341.00543212890625,363.26544189453125,50.67971629148995
3364,112.13333333333334,engaged,0.7783370018005371,engaged,1.0,0.6668158084154129,188.93234252929688,221.062744140625,335.3010559082031,367.02142333984375,57.020364882133826
3365,112.16666666666667,engaged,0.8495622873306274,engaged,1.0,0.6825698693593343,181.4697265625,221.910400390625,328.89666748046875,371.1849365234375,47.92121108254784
3366,112.2,engaged,0.8495622873306274,engaged,1.0,0.6983239303032557,181.4697265625,221.910400390625,328.89666748046875,371.1849365234375,50.17890341799562
3367,112.23333333333333,engaged,0.6637295484542847,engaged,1.0,0.7011120369036993,174.9693603515625,227.62551879882812,322.49822998046875,374.8006286621094,54.44461175004543
3368,112.26666666666667,engaged,0.7179437279701233,engaged,1.0,0.7103844424088795,170.48641967773438,227.8291778564453,318.4658203125,379.12384033203125,52.83496882282547
3369,112.3,engaged,0.7179437279701233,engaged,1.0,0.7196568479140599,170.48641967773438,227.8291778564453,318.4658203125,379.12384033203125,39.11210578339767
3370,112.33333333333333,engaged,0.5897833704948425,engaged,1.0,0.7231462806463241,164.20053100585938,229.84161376953125,315.5490417480469,381.58624267578125,37.5097613106896
3371,112.36666666666666,bored,0.6666169762611389,engaged,0.9666666666666667,0.7313547596849245,156.47967529296875,226.7625732421875,319.39190673828125,388.35552978515625,42.29024289416106
3372,112.4,bored,0.6666169762611389,engaged,0.9333333333333333,0.7375938903008189,156.47967529296875,226.7625732421875,319.39190673828125,388.35552978515625,42.978389400661946
3373,112.43333333333334,engaged,0.8504239916801453,engaged,0.9333333333333333,0.755056942147868,153.97784423828125,225.78091430664062,323.87725830078125,392.2377624511719,45.77884982700473
3374,112.46666666666667,engaged,0.5764904022216797,engaged,0.9333333333333333,0.7625071214778083,155.10220336914062,228.04339599609375,330.3507995605469,396.96044921875,46.744650499286735
3375,112.5,engaged,0.8820937871932983,engaged,0.9333333333333333,0.7808717074138778,154.97061157226562,229.78237915039062,341.86944580078125,408.0472717285156,47.44580439356576
3376,112.53333333333333,engaged,0.9105215072631836,engaged,0.9333333333333333,0.7964853048324585,155.94577026367188,232.13229370117188,345.4365539550781,413.6143493652344,44.557684953044664
3377,112.56666666666666,engaged,0.918870210647583,engaged,0.9333333333333333,0.8110948822328022,156.37115478515625,234.67086791992188,348.7724609375,416.6733703613281,46.914577810588014
3378,112.6,engaged,0.918870210647583,engaged,0.9333333333333333,0.825704459633146,156.37115478515625,234.67086791992188,348.7724609375,416.6733703613281,45.325696748327694
3379,112.63333333333334,engaged,0.8857182860374451,engaged,0.9333333333333333,0.83430115878582,159.821533203125,236.90335083007812,352.24090576171875,418.0394592285156,36.732852238492256
3380,112.66666666666667,engaged,0.8623037934303284,engaged,0.9333333333333333,0.8392039665154049,161.77984619140625,238.36956787109375,357.14263916015625,422.08251953125,39.78849309870512
3381,112.7,engaged,0.8623037934303284,engaged,0.9333333333333333,0.8388245233467647,161.77984619140625,238.36956787109375,357.14263916015625,422.08251953125,47.680425614150764
3382,112.73333333333333,engaged,0.6767567992210388,engaged,0.9333333333333333,0.8308785493884768,165.02818298339844,240.8544921875,361.2923583984375,424.4515380859375,48.16056952577793
3383,112.76666666666667,engaged,0.8771318197250366,engaged,0.9333333333333333,0.8301980240004403,167.56732177734375,241.3191375732422,364.70733642578125,426.29937744140625,50.580097438618495
3384,112.8,engaged,0.8771318197250366,engaged,0.9333333333333333,0.8295174986124039,167.56732177734375,241.3191375732422,364.70733642578125,426.29937744140625,52.452403581611726
3385,112.83333333333333,engaged,0.9077680110931396,engaged,0.9333333333333333,0.8287016536508288,169.44842529296875,242.76666259765625,366.27069091796875,427.9869384765625,51.21375369361889
3386,112.86666666666666,engaged,0.9406959414482117,engaged,0.9333333333333333,0.8306957717452731,173.61245727539062,240.77114868164062,371.0926818847656,428.5502014160156,59.88697402801377
3387,112.9,engaged,0.9406959414482117,engaged,0.9333333333333333,0.8326898898397174,173.61245727539062,240.77114868164062,371.0926818847656,428.5502014160156,49.17754927364607
3388,112.93333333333334,engaged,0.9320999979972839,engaged,0.9333333333333333,0.8335500167948859,173.61679077148438,239.75791931152344,371.5478210449219,428.70263671875,47.43453626318944
3389,112.96666666666667,engaged,0.9118545651435852,engaged,0.9333333333333333,0.8338923922606877,174.50796508789062,238.49156188964844,371.9041442871094,427.60546875,55.538983050847456
3390,113.0,engaged,0.9118545651435852,engaged,0.9333333333333333,0.8342347677264895,174.50796508789062,238.49156188964844,371.9041442871094,427.60546875,48.52328231469591
3391,113.03333333333333,engaged,0.9185641407966614,engaged,0.9333333333333333,0.8363280722073146,175.47140502929688,239.4466552734375,372.0868225097656,429.03125,52.489162536917455
3392,113.06666666666666,engaged,0.9310889840126038,engaged,0.9333333333333333,0.839435277240617,176.22015380859375,239.09423828125,373.13861083984375,429.01019287109375,56.010683190000535
3393,113.1,engaged,0.9310889840126038,engaged,0.9333333333333333,0.8425424822739193,176.22015380859375,239.09423828125,373.13861083984375,429.01019287109375,55.31704100338947
3394,113.13333333333334,engaged,0.8569880723953247,engaged,0.9333333333333333,0.8453514490808759,177.89723205566406,241.39151000976562,372.6256103515625,429.2594909667969,45.241605453623706
3395,113.16666666666667,engaged,0.9296014308929443,engaged,0.9333333333333333,0.8482099899223873,180.9635009765625,240.6044464111328,374.58642578125,429.01202392578125,55.456004654053125
3396,113.2,engaged,0.9296014308929443,engaged,0.9333333333333333,0.8510685307638985,180.9635009765625,240.6044464111328,374.58642578125,429.01202392578125,57.10653940937002
3397,113.23333333333333,engaged,0.7146716117858887,engaged,0.9333333333333333,0.8528878901685987,182.81338500976562,238.44366455078125,375.2409973144531,428.5673828125,43.99450370789935
3398,113.26666666666667,confused,0.8861985206604004,engaged,0.9,0.8578858221018756,182.92025756835938,237.13914489746094,377.4239807128906,427.61865234375,50.37718897883687
3399,113.3,confused,0.711719274520874,engaged,0.8666666666666667,0.8632682103377122,187.90829467773438,236.69920349121094,377.9255065917969,423.0955810546875,49.856811725129866
3400,113.33333333333333,confused,0.711719274520874,engaged,0.8333333333333334,0.874207603931427,187.90829467773438,236.69920349121094,377.9255065917969,423.0955810546875,52.26091182077576
3401,113.36666666666666,engaged,0.8927093744277954,engaged,0.8666666666666667,0.8749192104889796,191.3176727294922,232.85342407226562,380.74859619140625,418.7898864746094,46.42695534745744
3402,113.4,engaged,0.8927093744277954,engaged,0.9,0.8755781054496765,191.3176727294922,232.85342407226562,380.74859619140625,418.7898864746094,48.32258807806632
3403,113.43333333333334,confused,0.41381460428237915,engaged,0.8666666666666667,0.8765455713638892,191.32395935058594,230.3738250732422,380.970947265625,417.84832763671875,52.499674560656885
3404,113.46666666666667,engaged,0.7364547252655029,engaged,0.8666666666666667,0.8826980453271133,193.678466796875,227.09011840820312,381.04278564453125,411.2801818847656,53.952277434043815
3405,113.5,engaged,0.7364547252655029,engaged,0.8666666666666667,0.877096542945275,193.678466796875,227.09011840820312,381.04278564453125,411.2801818847656,49.70025594843113
3406,113.53333333333333,engaged,0.7468151450157166,engaged,0.8666666666666667,0.8708001443972955,197.74774169921875,224.8252410888672,381.4613037109375,410.22589111328125,55.202737562516454
3407,113.56666666666666,confused,0.8930390477180481,engaged,0.8333333333333334,0.8688773417472839,196.6781005859375,223.80926513671875,382.2142333984375,406.20635986328125,43.10249717398006
3408,113.6,confused,0.8930390477180481,engaged,0.8,0.8667943055431048,196.6781005859375,223.80926513671875,382.2142333984375,406.20635986328125,51.64699363386733
3409,113.63333333333334,confused,0.9407236576080322,engaged,0.7666666666666667,0.8659715237824813,198.14283752441406,222.61012268066406,382.7412109375,403.7987060546875,56.48513904787556
3410,113.66666666666667,confused,0.8636383414268494,engaged,0.7333333333333333,0.8661382387984883,199.86886596679688,223.3677520751953,382.6296081542969,401.65618896484375,47.78526670768109
3411,113.7,confused,0.6547897458076477,engaged,0.7,0.8663208314350673,205.5218505859375,224.62664794921875,382.16497802734375,398.88238525390625,54.25165562913907
3412,113.73333333333333,confused,0.6547897458076477,engaged,0.6666666666666666,0.8757990330457688,205.5218505859375,224.62664794921875,382.16497802734375,398.88238525390625,58.95761937560619
3413,113.76666666666667,bored,0.7386412024497986,engaged,0.6333333333333333,0.8757288863784388,215.57757568359375,223.12652587890625,383.7584228515625,396.34490966796875,50.77481054644941
3414,113.8,bored,0.8360843062400818,engaged,0.6,0.8756509456369612,220.42428588867188,223.71673583984375,386.6164855957031,393.2999267578125,50.53195667626471
3415,113.83333333333333,bored,0.8360843062400818,engaged,0.5666666666666667,0.8737617064924801,220.42428588867188,223.71673583984375,386.6164855957031,393.2999267578125,53.66236358286102
3416,113.86666666666666,engaged,0.39752697944641113,engaged,0.5666666666666667,0.8418105910806095,229.9337158203125,222.8018341064453,394.26092529296875,388.84014892578125,47.37720546707331
3417,113.9,engaged,0.39752697944641113,engaged,0.5666666666666667,0.8098594756687388,229.9337158203125,222.8018341064453,394.26092529296875,388.84014892578125,52.836965558942836
3418,113.93333333333334,engaged,0.567987859249115,engaged,0.5666666666666667,0.7884411145659054,235.7176971435547,222.70339965820312,402.47613525390625,387.5298156738281,45.266018411595205
3419,113.96666666666667,engaged,0.6715227365493774,engaged,0.5666666666666667,0.7743039481780108,243.548583984375,220.32302856445312,409.60418701171875,385.6156921386719,55.414242304135286
3420,114.0,engaged,0.6715227365493774,engaged,0.5666666666666667,0.7601667817901162,243.548583984375,220.32302856445312,409.60418701171875,385.6156921386719,45.767360656453235
3421,114.03333333333333,engaged,0.9021257162094116,engaged,0.5666666666666667,0.759199815637925,249.16453552246094,217.48004150390625,415.52490234375,382.3992919921875,53.20627671854981
3422,114.06666666666666,engaged,0.9091700315475464,engaged,0.5666666666666667,0.7579104654929217,255.31776428222656,216.9024200439453,421.2332763671875,381.25579833984375,48.550804491260564
3423,114.1,engaged,0.37349334359169006,engaged,0.5666666666666667,0.7251107219387504,260.89495849609375,218.74795532226562,423.68719482421875,381.4723205566406,55.823570905703065
3424,114.13333333333334,engaged,0.37349334359169006,engaged,0.5666666666666667,0.6966698555385366,260.89495849609375,218.74795532226562,423.68719482421875,381.4723205566406,44.67491079512169
3425,114.16666666666667,engaged,0.8078497052192688,engaged,0.5666666666666667,0.689507989322438,263.63519287109375,217.7660675048828,427.98663330078125,380.33489990234375,54.72092264739266
3426,114.2,confused,0.759502649307251,engaged,0.5333333333333333,0.6745021492242813,267.24493408203125,217.55177307128906,429.7506103515625,381.3817138671875,47.502225443673055
3427,114.23333333333333,confused,0.759502649307251,engaged,0.5,0.6718241850535075,267.24493408203125,217.55177307128906,429.7506103515625,381.3817138671875,56.94140646212327
3428,114.26666666666667,confused,0.8882068395614624,engaged,0.5,0.6718241850535075,268.28765869140625,217.15557861328125,432.84088134765625,382.120361328125,52.40652722592898
3429,114.3,confused,0.8882068395614624,engaged,0.5,0.6718241850535075,268.28765869140625,217.15557861328125,432.84088134765625,382.120361328125,48.5918648701878
3430,114.33333333333333,confused,0.9265432953834534,engaged,0.5,0.6718241850535075,268.74951171875,217.0369873046875,435.208251953125,382.27838134765625,57.822959317313924
3431,114.36666666666666,confused,0.8797018527984619,engaged,0.4666666666666667,0.6560466715267727,268.50823974609375,216.86199951171875,432.37371826171875,381.5994873046875,56.303161285992346
3432,114.4,confused,0.8797018527984619,confused,0.4666666666666667,0.806800012077604,268.50823974609375,216.86199951171875,432.37371826171875,381.5994873046875,55.856281045664595
3433,114.43333333333334,engaged,0.774412989616394,engaged,0.4666666666666667,0.6475969297545296,266.74224853515625,216.90443420410156,430.2596435546875,380.901123046875,51.1375762009266
3434,114.46666666666667,engaged,0.7816276550292969,engaged,0.4666666666666667,0.6508235675948006,265.76031494140625,217.3676300048828,428.28460693359375,380.31439208984375,47.61979586507567
3435,114.5,confused,0.6327310800552368,confused,0.4666666666666667,0.8224369032042367,265.09088134765625,217.9169921875,428.54815673828125,381.82501220703125,41.6047930326446
3436,114.53333333333333,confused,0.6327310800552368,confused,0.5,0.8097898483276367,265.09088134765625,217.9169921875,428.54815673828125,381.82501220703125,49.38077185711931
3437,114.56666666666666,engaged,0.7629572153091431,confused,0.4666666666666667,0.8038434769426074,261.99981689453125,218.01600646972656,427.72979736328125,381.9796142578125,50.29744573689891
3438,114.6,confused,0.7114350199699402,confused,0.4666666666666667,0.7908717606748853,262.06170654296875,218.42543029785156,424.67218017578125,382.0299072265625,47.409872384677115
3439,114.63333333333334,confused,0.7114350199699402,confused,0.4666666666666667,0.7744940008435931,262.06170654296875,218.42543029785156,424.67218017578125,382.0299072265625,50.30830494650482
3440,114.66666666666667,bored,0.7061611413955688,confused,0.43333333333333335,0.7676367438756503,260.4041748046875,220.51934814453125,423.77056884765625,383.85565185546875,52.5654702225787
3441,114.7,bored,0.5914717316627502,engaged,0.43333333333333335,0.645478253181164,257.75543212890625,220.65919494628906,422.17449951171875,384.7586669921875,47.411480116654985
3442,114.73333333333333,bored,0.5914717316627502,engaged,0.43333333333333335,0.645478253181164,257.75543212890625,220.65919494628906,422.17449951171875,384.7586669921875,54.434012952123865
3443,114.76666666666667,confused,0.7191504240036011,engaged,0.43333333333333335,0.645478253181164,254.20199584960938,220.04818725585938,421.2801818847656,385.4505920410156,55.410581940683
3444,114.8,confused,0.7191504240036011,engaged,0.43333333333333335,0.645478253181164,254.20199584960938,220.04818725585938,421.2801818847656,385.4505920410156,53.66854335141775
3445,114.83333333333333,confused,0.7784513235092163,confused,0.4666666666666667,0.7776035964488983,251.1624755859375,220.37225341796875,420.0390625,385.5401611328125,53.843538986880276
3446,114.86666666666666,engaged,0.6053293347358704,confused,0.4666666666666667,0.7776035964488983,249.86752319335938,219.92922973632812,418.1769714355469,386.2116394042969,52.63275191366545
3447,114.9,engaged,0.930081307888031,confused,0.4666666666666667,0.7776035964488983,248.6707305908203,219.8043212890625,416.82916259765625,386.01678466796875,45.662725629803816
3448,114.93333333333334,engaged,0.930081307888031,confused,0.4666666666666667,0.7776035964488983,248.6707305908203,219.8043212890625,416.82916259765625,386.01678466796875,54.0537921257813
3449,114.96666666666667,engaged,0.890396773815155,confused,0.4666666666666667,0.7776035964488983,244.26919555664062,221.28233337402344,415.7154235839844,387.68701171875,49.82897331717633
3450,115.0,engaged,0.8625597953796387,confused,0.4666666666666667,0.7776035964488983,241.6870880126953,222.59686279296875,413.67987060546875,388.9117431640625,48.678713600965615
3451,115.03333333333333,engaged,0.8625597953796387,confused,0.4666666666666667,0.7776035964488983,241.6870880126953,222.59686279296875,413.67987060546875,388.9117431640625,54.60053633263038
3452,115.06666666666666,engaged,0.8983955979347229,confused,0.4666666666666667,0.7776035964488983,239.05081176757812,223.31504821777344,412.0816345214844,389.00244140625,46.88783061685336
3453,115.1,bored,0.5203858613967896,confused,0.4666666666666667,0.7776035964488983,238.2454833984375,226.50794982910156,406.0848388671875,388.8123779296875,58.3441694835093
3454,115.13333333333334,bored,0.5203858613967896,confused,0.4666666666666667,0.7776035964488983,238.2454833984375,226.50794982910156,406.0848388671875,388.8123779296875,54.64748801334167
3455,115.16666666666667,engaged,0.7851051688194275,confused,0.4666666666666667,0.7776035964488983,236.0659637451172,229.72677612304688,403.55938720703125,389.7290954589844,47.91190514267437
3456,115.2,engaged,0.7851051688194275,confused,0.43333333333333335,0.7789959769982558,236.0659637451172,229.72677612304688,403.55938720703125,389.7290954589844,48.652174921702816
3457,115.23333333333333,confused,0.3996447026729584,confused,0.43333333333333335,0.7513145964879256,233.89088439941406,231.81369018554688,396.6173095703125,390.2187194824219,47.630070406540995
3458,115.26666666666667,confused,0.40705549716949463,confused,0.43333333333333335,0.7143029547654666,232.15310668945312,234.84039306640625,391.9352111816406,390.00750732421875,47.45331945512966
3459,115.3,confused,0.6070857048034668,confused,0.43333333333333335,0.6926782520917746,225.97885131835938,234.7902374267578,384.3193054199219,390.72149658203125,55.185306036524395
3460,115.33333333333333,confused,0.6070857048034668,confused,0.43333333333333335,0.6681045912779294,225.97885131835938,234.7902374267578,384.3193054199219,390.72149658203125,47.22836649438683
3461,115.36666666666666,confused,0.8044127821922302,confused,0.43333333333333335,0.6623131243082193,220.99044799804688,236.5037841796875,376.6178283691406,391.2437744140625,49.58743970490873
3462,115.4,confused,0.7322177886962891,confused,0.43333333333333335,0.6509681963003598,216.70867919921875,237.15525817871094,374.0906982421875,391.606689453125,50.633219455074425
3463,115.43333333333334,confused,0.7322177886962891,confused,0.4666666666666667,0.6567717386143548,216.70867919921875,237.15525817871094,374.0906982421875,391.606689453125,47.1667585043576
3464,115.46666666666667,confused,0.7071570754051208,confused,0.5,0.6601307610670726,208.15367126464844,237.80145263671875,364.607421875,391.37652587890625,49.07857385240051
3465,115.5,confused,0.7557911276817322,confused,0.5,0.6683347642421722,204.07666015625,237.572998046875,357.52874755859375,391.287841796875,47.77057208915616
3466,115.53333333333333,confused,0.7557911276817322,confused,0.5,0.6765387674172719,204.07666015625,237.572998046875,357.52874755859375,391.287841796875,42.56880138029027
3467,115.56666666666666,confused,0.6826207041740417,confused,0.5333333333333333,0.67691888846457,200.19927978515625,238.9772186279297,355.9666748046875,392.55059814453125,52.40325341396069
3468,115.6,frustrated,0.8243829011917114,confused,0.5,0.6746178130308788,195.97874450683594,241.8029327392578,350.515625,391.36871337890625,52.33329174256981
3469,115.63333333333334,frustrated,0.8149060010910034,confused,0.4666666666666667,0.6719880125352314,185.96197509765625,242.46543884277344,337.3560791015625,391.119873046875,49.15392007500293
3470,115.66666666666667,frustrated,0.8844935894012451,confused,0.4666666666666667,0.6719880125352314,182.3673095703125,240.48345947265625,329.37890625,389.37542724609375,57.96520128802222
3471,115.7,frustrated,0.8731788992881775,confused,0.4666666666666667,0.6719880125352314,180.2728271484375,240.92398071289062,330.514892578125,390.3699035644531,52.957715180363884
3472,115.73333333333333,frustrated,0.8731788992881775,confused,0.4666666666666667,0.6719880125352314,180.2728271484375,240.92398071289062,330.514892578125,390.3699035644531,52.9456822226991
3473,115.76666666666667,frustrated,0.848351240158081,confused,0.43333333333333335,0.6683601347299722,176.40570068359375,239.51817321777344,330.55596923828125,392.0059814453125,52.35354178368595
3474,115.8,confused,0.3795865774154663,confused,0.43333333333333335,0.6422398388385773,176.07077026367188,240.15899658203125,333.6450500488281,393.93902587890625,48.214270113687306
3475,115.83333333333333,confused,0.3795865774154663,confused,0.43333333333333335,0.6115579352929041,176.07077026367188,240.15899658203125,333.6450500488281,393.93902587890625,51.88465963210827
3476,115.86666666666666,frustrated,0.8331269025802612,confused,0.43333333333333335,0.6115579352929041,174.59451293945312,239.39944458007812,330.5583801269531,392.2986755371094,52.545714214126434
3477,115.9,frustrated,0.7407838106155396,confused,0.43333333333333335,0.6115579352929041,174.397705078125,237.67938232421875,330.4892272949219,392.39239501953125,52.39932537947404
3478,115.93333333333334,confused,0.546012282371521,confused,0.4666666666666667,0.6068761029413768,175.237548828125,238.4121551513672,332.34832763671875,393.60882568359375,58.7125059492147
3479,115.96666666666667,confused,0.546012282371521,confused,0.5,0.6028185149033864,175.237548828125,238.4121551513672,332.34832763671875,393.60882568359375,48.65951251203638
3480,116.0,confused,0.6462298631668091,confused,0.5333333333333333,0.6055317241698503,174.85452270507812,236.8663330078125,332.06005859375,393.5565185546875,56.73114847226543
3481,116.03333333333333,confused,0.6462298631668091,confused,0.5666666666666667,0.607925732346142,174.85452270507812,236.8663330078125,332.06005859375,393.5565185546875,45.89054465086763
3482,116.06666666666666,confused,0.4478590488433838,confused,0.6,0.5990331388182111,175.27960205078125,237.05902099609375,331.7532043457031,393.52679443359375,57.356434695803195
3483,116.1,confused,0.6372116208076477,confused,0.6333333333333333,0.6010425326071287,175.00808715820312,236.39825439453125,331.7729797363281,394.3463134765625,52.45962002676573
3484,116.13333333333334,frustrated,0.764384925365448,confused,0.6333333333333333,0.6010425326071287,174.60552978515625,238.13282775878906,329.7353820800781,392.3216552734375,45.27579097356405
3485,116.16666666666667,frustrated,0.7556734085083008,confused,0.6333333333333333,0.6010425326071287,173.91363525390625,236.9161376953125,330.2935485839844,392.499755859375,52.91896188445476
3486,116.2,confused,0.48106932640075684,confused,0.6666666666666666,0.5950438722968101,175.09393310546875,236.01211547851562,332.14215087890625,394.2493591308594,51.38881877994095
3487,116.23333333333333,confused,0.6512678265571594,confused,0.6666666666666666,0.6076250284910202,175.39276123046875,240.93017578125,332.883544921875,395.4454345703125,57.373695369673754
3488,116.26666666666667,confused,0.6512678265571594,confused,0.6666666666666666,0.6198356449604034,175.39276123046875,240.93017578125,332.883544921875,395.4454345703125,48.23589484095039
3489,116.3,confused,0.5217291116714478,confused,0.6666666666666666,0.6155678153038024,176.34500122070312,242.8048095703125,332.5452880859375,394.50994873046875,48.61946492326239
3490,116.33333333333333,confused,0.5217291116714478,confused,0.6666666666666666,0.6112999856472016,176.34500122070312,242.8048095703125,332.5452880859375,394.50994873046875,50.04359705534941
3491,116.36666666666666,confused,0.3493443429470062,confused,0.6666666666666666,0.5885465636849403,176.58126831054688,240.2979278564453,333.0501708984375,394.21478271484375,49.57220186739156
3492,116.4,frustrated,0.8420612812042236,confused,0.6333333333333333,0.5809849202632904,176.43035888671875,241.091064453125,330.1175842285156,393.373046875,50.081241791044775
3493,116.43333333333334,frustrated,0.8420612812042236,confused,0.6,0.5725830942392349,176.43035888671875,241.091064453125,330.1175842285156,393.373046875,56.96305953933073
3494,116.46666666666667,confused,0.4004780054092407,confused,0.6,0.5555453681283526,176.62200927734375,240.31500244140625,332.293701171875,394.13885498046875,46.31928615602085
3495,116.5,frustrated,0.8691107034683228,confused,0.5666666666666667,0.5437662058016833,176.16018676757812,238.82293701171875,331.3401184082031,393.13165283203125,54.775949433213185
3496,116.53333333333333,frustrated,0.8691107034683228,confused,0.5333333333333333,0.5305146481841803,176.16018676757812,238.82293701171875,331.3401184082031,393.13165283203125,55.64287135674392
3497,116.56666666666666,frustrated,0.8383327126502991,frustrated,0.5,0.8315424839655559,175.5115966796875,238.8397216796875,330.5820617675781,393.263427734375,48.608195809382536
3498,116.6,confused,0.5145953893661499,confused,0.5333333333333333,0.520013066008687,175.81301879882812,238.19549560546875,332.9431457519531,395.15887451171875,30.867025308537492
3499,116.63333333333334,confused,0.5378865599632263,confused,0.5666666666666667,0.5210644480060128,175.6751708984375,238.19140625,331.93841552734375,395.90673828125,50.41654946930631
3500,116.66666666666667,confused,0.5378865599632263,confused,0.6,0.5219990097814136,175.6751708984375,238.19140625,331.93841552734375,395.90673828125,53.761410974531195
3501,116.7,frustrated,0.8114648461341858,confused,0.6,0.5219990097814136,175.3841552734375,237.74215698242188,330.81201171875,393.1321105957031,53.8055494977743
3502,116.73333333333333,confused,0.5644387006759644,confused,0.6333333333333333,0.5242326777232321,175.31283569335938,238.7413330078125,333.2222900390625,395.521728515625,50.73550260070159
3503,116.76666666666667,confused,0.5644387006759644,confused,0.6666666666666666,0.5262429788708687,175.31283569335938,238.7413330078125,333.2222900390625,395.521728515625,49.53005361233792
3504,116.8,confused,0.4715043902397156,confused,0.6666666666666666,0.5308388695120811,175.5706787109375,238.31356811523438,332.9281311035156,396.0138244628906,55.58608990670059
3505,116.83333333333333,confused,0.4715043902397156,confused,0.6666666666666666,0.5354347601532936,175.5706787109375,238.31356811523438,332.9281311035156,396.0138244628906,49.939324665428394
3506,116.86666666666666,confused,0.5917482376098633,confused,0.7,0.5381163543178922,176.07305908203125,238.45433044433594,333.6331787109375,395.7607421875,56.02414981433495
3507,116.9,confused,0.39340347051620483,confused,0.7333333333333333,0.53153849596327,176.02627563476562,238.1480255126953,332.6604919433594,395.22930908203125,51.95278262916032
3508,116.93333333333334,confused,0.39340347051620483,confused,0.7333333333333333,0.5246017317880284,176.02627563476562,238.1480255126953,332.6604919433594,395.22930908203125,45.72096318824465
3509,116.96666666666667,frustrated,0.8077152371406555,confused,0.7,0.523582181760243,176.48455810546875,237.99728393554688,329.5232849121094,392.3491516113281,50.053152260820795
3510,117.0,frustrated,0.8566294312477112,confused,0.6666666666666666,0.5174497976899147,176.91131591796875,238.65655517578125,329.908203125,392.04400634765625,48.87497815118217
3511,117.03333333333333,frustrated,0.8419256806373596,confused,0.6333333333333333,0.5106718995069203,176.95626831054688,238.21966552734375,329.84375,393.61492919921875,54.33458558955359
3512,117.06666666666666,frustrated,0.8419256806373596,confused,0.6,0.5141615023215612,176.95626831054688,238.21966552734375,329.84375,393.61492919921875,51.39322648630103
3513,117.1,frustrated,0.8081642389297485,confused,0.5666666666666667,0.5069232600576737,176.74240112304688,238.63815307617188,330.19671630859375,392.9665222167969,39.472087332956896
3514,117.13333333333334,frustrated,0.8320854902267456,confused,0.5666666666666667,0.5069232600576737,177.34292602539062,238.6191864013672,330.1749267578125,392.93743896484375,52.519395958027594
3515,117.16666666666667,frustrated,0.8320854902267456,confused,0.5666666666666667,0.5069232600576737,177.34292602539062,238.6191864013672,330.1749267578125,392.93743896484375,50.60389696567533
3516,117.2,confused,0.5998031497001648,confused,0.5666666666666667,0.5139076026046977,177.24639892578125,239.05279541015625,332.7899169921875,395.6964111328125,48.642018833789486
3517,117.23333333333333,frustrated,0.8476000428199768,confused,0.5333333333333333,0.5053225886076689,177.89617919921875,239.03695678710938,329.572998046875,393.2740173339844,55.84809991744561
3518,117.26666666666667,frustrated,0.8476000428199768,neutral,0.5,0.49559290607770284,177.89617919921875,239.03695678710938,329.572998046875,393.2740173339844,49.85444128799135
3519,117.3,confused,0.5387102365493774,neutral,0.5,0.4967249810695648,177.09072875976562,239.3131866455078,332.6119689941406,395.43463134765625,53.51925481689422
3520,117.33333333333333,confused,0.5387102365493774,neutral,0.5,0.4978570560614268,177.09072875976562,239.3131866455078,332.6119689941406,395.43463134765625,55.442809744748914
3521,117.36666666666666,frustrated,0.8188101053237915,frustrated,0.5333333333333333,0.837917685508728,177.74639892578125,238.90234375,330.31341552734375,393.798828125,52.81234968962087
3522,117.4,frustrated,0.8691738247871399,frustrated,0.5333333333333333,0.8396122194826603,178.026611328125,239.12603759765625,329.939697265625,393.4505615234375,40.64878275701659
3523,117.43333333333334,frustrated,0.8659684658050537,frustrated,0.5333333333333333,0.8411064185202122,179.026123046875,239.0196990966797,330.51568603515625,393.45074462890625,45.314433880726014
3524,117.46666666666667,frustrated,0.8820858001708984,frustrated,0.5666666666666667,0.8435169703820172,179.480712890625,239.69622802734375,330.88397216796875,393.52557373046875,48.2797582733813
3525,117.5,frustrated,0.8745670318603516,frustrated,0.5666666666666667,0.843837930875666,179.531982421875,239.40631103515625,331.685302734375,394.15423583984375,49.43082072314147
3526,117.53333333333333,frustrated,0.8724952936172485,frustrated,0.5666666666666667,0.8440370244138381,179.58001708984375,239.0612030029297,331.60626220703125,393.61309814453125,55.16135565579915
3527,117.56666666666666,frustrated,0.8724952936172485,frustrated,0.5666666666666667,0.8460465880001292,179.58001708984375,239.0612030029297,331.60626220703125,393.61309814453125,48.08106930783869
3528,117.6,frustrated,0.8659340739250183,frustrated,0.6,0.8471514483292898,179.68008422851562,240.10479736328125,332.2536315917969,393.96820068359375,51.25130135145043
3529,117.63333333333334,frustrated,0.8659340739250183,frustrated,0.6333333333333333,0.8481400075711703,179.68008422851562,240.10479736328125,332.2536315917969,393.96820068359375,51.23252064298627
3530,117.66666666666667,frustrated,0.8609246015548706,frustrated,0.6666666666666666,0.8487792372703552,179.31922912597656,239.86309814453125,333.0546875,394.021484375,52.721403791040274
3531,117.7,confused,0.4168510138988495,frustrated,0.6333333333333333,0.8507431525933115,178.52931213378906,240.02490234375,335.73193359375,396.50634765625,46.189214487869876
3532,117.73333333333333,confused,0.5894572138786316,frustrated,0.6333333333333333,0.8507431525933115,178.37814331054688,239.84646606445312,335.8676452636719,396.5332336425781,55.61630975270172
3533,117.76666666666667,confused,0.5894572138786316,frustrated,0.6333333333333333,0.8507431525933115,178.37814331054688,239.84646606445312,335.8676452636719,396.5332336425781,47.131777370745354
3534,117.8,confused,0.4622162878513336,frustrated,0.6333333333333333,0.8507431525933115,178.23974609375,240.78790283203125,336.04180908203125,397.0592041015625,53.65275343779981
3535,117.83333333333333,confused,0.5504133701324463,frustrated,0.6333333333333333,0.8507431525933115,177.90875244140625,241.0690155029297,335.65167236328125,396.90655517578125,55.38351027306819
3536,117.86666666666666,confused,0.5504133701324463,frustrated,0.6333333333333333,0.8507431525933115,177.90875244140625,241.0690155029297,335.65167236328125,396.90655517578125,53.507647951828744
3537,117.9,confused,0.7393404841423035,frustrated,0.6333333333333333,0.8507431525933115,177.64007568359375,240.5276336669922,337.17657470703125,396.86285400390625,47.362760707792724
3538,117.93333333333334,confused,0.7790647745132446,frustrated,0.6333333333333333,0.8507431525933115,177.67706298828125,240.7529754638672,337.1219482421875,396.63812255859375,46.09530508176543
3539,117.96666666666667,confused,0.7790647745132446,frustrated,0.6,0.8531335923406813,177.67706298828125,240.7529754638672,337.1219482421875,396.63812255859375,55.14395025045687
3540,118.0,confused,0.6931860446929932,frustrated,0.5666666666666667,0.8529279547579148,178.4466552734375,240.7124786376953,337.134765625,396.46368408203125,56.40310369404139
3541,118.03333333333333,confused,0.7078837752342224,frustrated,0.5333333333333333,0.8536155968904495,178.32281494140625,240.36123657226562,336.4462890625,396.7783508300781,49.81358669833729
3542,118.06666666666666,confused,0.7078837752342224,frustrated,0.5,0.8543949246406555,178.32281494140625,240.36123657226562,336.4462890625,396.7783508300781,52.12970581289849
3543,118.1,confused,0.5570721626281738,confused,0.5333333333333333,0.6124704927206039,177.95225524902344,240.3528594970703,335.5264892578125,396.47650146484375,43.91757413302061
3544,118.13333333333334,confused,0.7174959778785706,confused,0.5666666666666667,0.6186484624357784,178.20428466796875,240.1973876953125,336.303955078125,396.57861328125,55.855537207691896
3545,118.16666666666667,confused,0.7174959778785706,confused,0.6,0.6241399910714891,178.20428466796875,240.1973876953125,336.303955078125,396.57861328125,43.79239274564875
3546,118.2,confused,0.6629495024681091,confused,0.6,0.6276481217808194,178.31393432617188,240.43795776367188,335.6478576660156,396.6049499511719,49.359851248617225
3547,118.23333333333333,confused,0.3971162736415863,confused,0.6333333333333333,0.6155148666155966,178.12359619140625,240.95912170410156,336.0870361328125,396.458740234375,52.955709307610725
3548,118.26666666666667,confused,0.3971162736415863,confused,0.6666666666666666,0.604594936966896,178.12359619140625,240.95912170410156,336.0870361328125,396.458740234375,52.356155833780626
3549,118.3,confused,0.41384562849998474,confused,0.6666666666666666,0.5983517065644264,177.9261932373047,240.71673583984375,335.54779052734375,396.73870849609375,57.03509702334816
3550,118.33333333333333,confused,0.7319891452789307,confused,0.6666666666666666,0.6080156520009041,177.57327270507812,240.56593322753906,336.0660705566406,396.645751953125,57.71474963191282
3551,118.36666666666666,confused,0.7319891452789307,confused,0.7,0.6139191516808101,177.57327270507812,240.56593322753906,336.0660705566406,396.645751953125,53.41157294213529
3552,118.4,confused,0.5241523385047913,confused,0.7333333333333333,0.609838841990991,178.11074829101562,241.20645141601562,336.6183166503906,396.6458435058594,52.21536967644752
3553,118.43333333333334,confused,0.4867790639400482,confused,0.7666666666666667,0.6044884168583414,177.6190185546875,241.4158477783203,335.93878173828125,396.61053466796875,50.92152292152292
3554,118.46666666666667,confused,0.4867790639400482,confused,0.8,0.5995838604867458,177.6190185546875,241.4158477783203,335.93878173828125,396.61053466796875,52.50296043160965
3555,118.5,confused,0.6258097290992737,confused,0.8333333333333334,0.600632895231247,178.35142517089844,241.59751892089844,336.5953369140625,396.88037109375,46.06341222338147
3556,118.53333333333333,frustrated,0.8644861578941345,confused,0.8333333333333334,0.600632895231247,179.45562744140625,240.7120361328125,334.968994140625,394.98284912109375,52.4963891009675
3557,118.56666666666666,frustrated,0.8644861578941345,confused,0.8333333333333334,0.600632895231247,179.45562744140625,240.7120361328125,334.968994140625,394.98284912109375,50.235396979387495
3558,118.6,confused,0.44439640641212463,confused,0.8666666666666667,0.5946237995074346,178.9051055908203,240.89105224609375,336.88995361328125,396.860595703125,49.89833089451206
3559,118.63333333333334,confused,0.46227461099624634,confused,0.9,0.5897219777107239,178.24514770507812,242.05018615722656,337.9362487792969,397.0367431640625,55.327986492190796
3560,118.66666666666667,confused,0.46227461099624634,confused,0.9333333333333333,0.5851702860423497,178.24514770507812,242.05018615722656,337.9362487792969,397.0367431640625,51.4657472054186
3561,118.7,confused,0.4748963415622711,confused,0.9333333333333333,0.5872433334589005,177.9220428466797,240.89761352539062,337.50677490234375,396.3716735839844,52.453059540037266
3562,118.73333333333333,frustrated,0.8712542057037354,confused,0.9,0.5871613378877993,179.15048217773438,242.34109497070312,332.8978576660156,393.7692565917969,53.71321730889905
3563,118.76666666666667,frustrated,0.8712542057037354,confused,0.8666666666666667,0.587073034965075,179.15048217773438,242.34109497070312,332.8978576660156,393.7692565917969,50.808639507698274
3564,118.8,frustrated,0.8544974327087402,confused,0.8333333333333334,0.5920673048496247,178.18984985351562,241.80715942382812,331.8677673339844,393.4615783691406,52.42093685947108
3565,118.83333333333333,frustrated,0.829369843006134,confused,0.8,0.5938028854628404,178.11431884765625,240.0438995361328,331.47967529296875,394.34796142578125,54.855468801088136
3566,118.86666666666666,frustrated,0.829369843006134,confused,0.7666666666666667,0.5956893861293793,178.11431884765625,240.0438995361328,331.47967529296875,394.34796142578125,43.69612868275201
3567,118.9,confused,0.4217718243598938,confused,0.7666666666666667,0.5818820530953615,178.65956115722656,238.13235473632812,333.921630859375,395.4504699707031,49.843184789067145
3568,118.93333333333334,confused,0.6999296545982361,confused,0.7666666666666667,0.5784413957077524,178.39613342285156,237.58140563964844,334.2484130859375,395.3804931640625,52.550322621061206
3569,118.96666666666667,confused,0.6999296545982361,confused,0.7666666666666667,0.5750007383201433,178.39613342285156,237.58140563964844,334.2484130859375,395.3804931640625,51.89814150313049
3570,119.0,confused,0.8881319761276245,confused,0.7666666666666667,0.5834766483825186,177.76280212402344,238.0035858154297,336.0811767578125,395.49456787109375,49.823646104320346
3571,119.03333333333333,confused,0.8564218878746033,confused,0.7666666666666667,0.58993482719297,177.76426696777344,238.66622924804688,337.2542724609375,395.4281311035156,52.449124035563784
3572,119.06666666666666,confused,0.8564218878746033,confused,0.7666666666666667,0.5963930060034213,177.76426696777344,238.66622924804688,337.2542724609375,395.4281311035156,47.417376066926685
3573,119.1,confused,0.7307295799255371,confused,0.7666666666666667,0.603943328494611,178.87274169921875,239.04098510742188,337.6197509765625,395.7390441894531,52.49901743582041
3574,119.13333333333334,confused,0.5113303065299988,confused,0.7666666666666667,0.5949796036533688,179.935546875,240.44970703125,339.19219970703125,396.076171875,49.94884008955366
3575,119.16666666666667,confused,0.5113303065299988,confused,0.7666666666666667,0.5860158788121265,179.935546875,240.44970703125,339.19219970703125,396.076171875,54.38249098877162
3576,119.2,confused,0.6333444714546204,confused,0.7666666666666667,0.5847287035506704,180.66549682617188,239.90850830078125,340.4621887207031,396.45184326171875,49.8935823469934
3577,119.23333333333333,confused,0.5409122705459595,confused,0.7666666666666667,0.590980703416078,181.82701110839844,240.09693908691406,341.045654296875,396.3509521484375,51.99528927566415
3578,119.26666666666667,confused,0.5409122705459595,confused,0.7666666666666667,0.5972327032814855,181.82701110839844,240.09693908691406,341.045654296875,396.3509521484375,52.45896390424494
3579,119.3,confused,0.731514036655426,confused,0.7666666666666667,0.6110443732012873,181.8910369873047,239.66683959960938,341.03814697265625,395.7929992675781,53.8552920481247
3580,119.33333333333333,confused,0.814501166343689,confused,0.7666666666666667,0.614631852378016,181.24267578125,239.32826232910156,342.26904296875,395.581787109375,49.673768608548386
3581,119.36666666666666,confused,0.8250890970230103,confused,0.7666666666666667,0.6186796763668889,181.4119873046875,239.41525268554688,339.83197021484375,395.3061218261719,49.68141760636786
3582,119.4,confused,0.8250890970230103,confused,0.7666666666666667,0.6317638832589855,181.4119873046875,239.41525268554688,339.83197021484375,395.3061218261719,52.4255234047872
3583,119.43333333333334,frustrated,0.7936170101165771,confused,0.7333333333333333,0.6383541023189371,181.75352478027344,239.77206420898438,336.2874755859375,393.9864807128906,45.36197181575333
3584,119.46666666666667,frustrated,0.7936170101165771,confused,0.7,0.6455719612893605,181.75352478027344,239.77206420898438,336.2874755859375,393.9864807128906,50.10876421676384
3585,119.5,frustrated,0.810813307762146,confused,0.6666666666666666,0.6465600728988647,180.27230834960938,239.42962646484375,334.1946716308594,394.2855224609375,44.28809460957711
3586,119.53333333333333,frustrated,0.8471695184707642,confused,0.6666666666666666,0.6465600728988647,179.59356689453125,240.38812255859375,331.846435546875,394.08233642578125,53.89750706759188
3587,119.56666666666666,frustrated,0.8471695184707642,confused,0.6666666666666666,0.6465600728988647,179.59356689453125,240.38812255859375,331.846435546875,394.08233642578125,46.15922347192569
3588,119.6,confused,0.7250575423240662,confused,0.6666666666666666,0.6605931296944618,176.9276123046875,239.1085205078125,333.93096923828125,396.12835693359375,50.50092710766489
3589,119.63333333333334,confused,0.5887624025344849,confused,0.6666666666666666,0.6669175192713738,177.02667236328125,239.5070037841797,333.99200439453125,395.86163330078125,53.617774141589756
3590,119.66666666666667,confused,0.5887624025344849,confused,0.6666666666666666,0.6732419088482857,177.02667236328125,239.5070037841797,333.99200439453125,395.86163330078125,53.94117571408362
3591,119.7,confused,0.6639071106910706,confused,0.6666666666666666,0.6826924473047257,176.22885131835938,239.87173461914062,333.21087646484375,395.9380798339844,52.51610802959921
3592,119.73333333333333,confused,0.7937658429145813,confused,0.7,0.6879816566194806,175.77865600585938,239.8667449951172,333.5727233886719,395.75506591796875,52.53781596813388
3593,119.76666666666667,confused,0.6522331237792969,confused,0.7333333333333333,0.6863567233085632,175.8900146484375,239.6481170654297,333.48199462890625,396.18475341796875,48.28865172290724
3594,119.8,confused,0.6522331237792969,confused,0.7666666666666667,0.6848730885464213,175.8900146484375,239.6481170654297,333.48199462890625,396.18475341796875,48.54855661272774
3595,119.83333333333333,confused,0.7831987142562866,confused,0.8,0.6889699896176656,175.115966796875,240.12640380859375,333.90087890625,396.4752197265625,52.519395958027594
3596,119.86666666666666,confused,0.7724475264549255,confused,0.8333333333333334,0.692309091091156,175.73648071289062,240.0122833251953,334.1061706542969,396.44598388671875,53.182664265970125
3597,119.9,confused,0.7724475264549255,confused,0.8333333333333334,0.7063361191749573,175.73648071289062,240.0122833251953,334.1061706542969,396.44598388671875,48.919441561016576
3598,119.93333333333334,confused,0.8834668397903442,confused,0.8333333333333334,0.7136776065826416,175.9683837890625,240.20370483398438,334.36688232421875,396.6758117675781,50.75330647015404
3599,119.96666666666667,confused,0.8834668397903442,confused,0.8333333333333334,0.7210190939903259,175.9683837890625,240.20370483398438,334.36688232421875,396.6758117675781,46.84070401143572
3600,120.0,confused,0.893761932849884,confused,0.8333333333333334,0.7212442922592163,175.91265869140625,239.3792266845703,334.78936767578125,396.82037353515625,55.39155584316108
3601,120.03333333333333,confused,0.9032201170921326,confused,0.8333333333333334,0.7231162214279174,175.49020385742188,239.4787139892578,335.2412109375,396.94244384765625,55.35208182118113
3602,120.06666666666666,confused,0.9032201170921326,confused,0.8333333333333334,0.7249881505966187,175.49020385742188,239.4787139892578,335.2412109375,396.94244384765625,52.403908143631774
3603,120.1,confused,0.9013567566871643,confused,0.8333333333333334,0.7318132376670837,175.8309326171875,239.5460662841797,335.6716003417969,396.81903076171875,56.993246640305465
3604,120.13333333333334,confused,0.8985611796379089,confused,0.8333333333333334,0.7473024725914001,176.07196044921875,240.73883056640625,335.5395812988281,396.970458984375,52.43863224354566
3605,120.16666666666667,confused,0.8885722160339355,confused,0.8333333333333334,0.7623921489715576,176.20608520507812,239.9014892578125,334.3352355957031,396.73675537109375,58.551043484330286
3606,120.2,confused,0.8885722160339355,confused,0.8333333333333334,0.7726012587547302,176.20608520507812,239.9014892578125,334.3352355957031,396.73675537109375,52.95972120508094
3607,120.23333333333333,confused,0.8918222188949585,confused,0.8333333333333334,0.7866376566886902,175.79705810546875,240.0855255126953,334.9344482421875,396.78143310546875,49.879342125605014
3608,120.26666666666667,confused,0.8892878890037537,confused,0.8333333333333334,0.800572681427002,176.04757690429688,239.4427947998047,334.4226989746094,396.70892333984375,46.32491357506544
3609,120.3,confused,0.8892878890037537,confused,0.8333333333333334,0.806883635520935,176.04757690429688,239.4427947998047,334.4226989746094,396.70892333984375,53.934933004140625
3610,120.33333333333333,confused,0.8211532235145569,confused,0.8333333333333334,0.8071497178077698,176.02981567382812,239.7075958251953,333.79766845703125,396.03216552734375,52.501646033872
3611,120.36666666666666,confused,0.8899656534194946,confused,0.8333333333333334,0.8097447800636292,175.96279907226562,239.57891845703125,334.8770446777344,396.047607421875,49.87696954562211
3612,120.4,confused,0.8875086903572083,confused,0.8333333333333334,0.8122415637969971,175.54605102539062,239.15284729003906,334.7568664550781,396.640625,52.34439466360494
3613,120.43333333333334,confused,0.8908572196960449,confused,0.8666666666666667,0.8152652428700373,175.63858032226562,239.32354736328125,335.1170349121094,396.7801513671875,52.93365473200651
3614,120.46666666666667,confused,0.8259732127189636,confused,0.9,0.8156618343459235,175.638671875,239.1495361328125,334.85577392578125,397.10430908203125,50.183106006221585
3615,120.5,confused,0.8259732127189636,confused,0.9333333333333333,0.8160300978592464,175.638671875,239.1495361328125,334.85577392578125,397.10430908203125,47.649008804316956
3616,120.53333333333333,confused,0.8891421556472778,confused,0.9666666666666667,0.818551203300213,175.81719970703125,239.31845092773438,334.92291259765625,396.8758850097656,54.86479698618669
3617,120.56666666666666,confused,0.9114210605621338,confused,1.0,0.8216468652089437,175.21099853515625,239.22149658203125,336.10260009765625,396.90716552734375,47.40076396266076
3618,120.6,confused,0.9114210605621338,confused,1.0,0.827858982483546,175.21099853515625,239.22149658203125,336.10260009765625,396.90716552734375,53.28062397581331
3619,120.63333333333334,confused,0.8762999176979065,confused,1.0,0.8374435663223266,175.57363891601562,240.10549926757812,335.90362548828125,397.4219665527344,51.40141423301756
3620,120.66666666666667,confused,0.8009805679321289,confused,1.0,0.8445175051689148,175.86209106445312,239.96775817871094,335.6020202636719,397.2957763671875,52.08568554646268
3621,120.7,confused,0.8009805679321289,confused,1.0,0.8490866204102834,175.86209106445312,239.96775817871094,335.6020202636719,397.2957763671875,43.39818100923981
3622,120.73333333333333,confused,0.7828688025474548,confused,1.0,0.8487233857313792,176.11981201171875,240.34564208984375,335.2943115234375,396.931396484375,49.52888385055028
3623,120.76666666666667,confused,0.7828688025474548,confused,1.0,0.8530779083569845,176.11981201171875,240.34564208984375,335.2943115234375,396.931396484375,53.21640276086074
3624,120.8,confused,0.8630975484848022,confused,1.0,0.8601067225138347,176.0137939453125,239.82421875,335.723876953125,397.46954345703125,48.531142609198724
3625,120.83333333333333,confused,0.8542075753211975,confused,1.0,0.8624736845493317,176.30548095703125,239.78587341308594,335.49969482421875,396.9619140625,46.51242015613911
3626,120.86666666666666,confused,0.8655683398246765,confused,1.0,0.8655777116616566,176.35382080078125,239.9012451171875,336.05303955078125,397.29681396484375,48.626228900018546
3627,120.9,confused,0.8655683398246765,confused,1.0,0.8686817387739817,176.35382080078125,239.9012451171875,336.05303955078125,397.29681396484375,43.72118040715916
3628,120.93333333333334,confused,0.8447685837745667,confused,1.0,0.8673917969067891,176.32630920410156,239.67062377929688,336.4525146484375,397.5052185058594,52.878931907865706
3629,120.96666666666667,confused,0.7744719982147217,confused,1.0,0.863758635520935,176.88641357421875,239.8489227294922,336.44342041015625,397.29498291015625,53.60612450954079
3630,121.0,confused,0.7744719982147217,confused,1.0,0.8597823043664297,176.88641357421875,239.8489227294922,336.44342041015625,397.29498291015625,46.07251996441008
3631,121.03333333333333,confused,0.8768773078918457,confused,1.0,0.8589042107264201,175.6541748046875,239.7047882080078,336.12982177734375,397.64996337890625,53.908590817952806
3632,121.06666666666666,confused,0.8997008204460144,confused,1.0,0.8587869008382162,175.5460662841797,240.19366455078125,336.52374267578125,397.17938232421875,53.964078019659304
3633,121.1,confused,0.8997008204460144,confused,1.0,0.8587317029635112,175.5460662841797,240.19366455078125,336.52374267578125,397.17938232421875,52.76517800981256
3634,121.13333333333334,confused,0.8906673789024353,confused,1.0,0.8584685762723286,175.29974365234375,239.87088012695312,335.6036682128906,397.6654357910156,53.92730498733559
3635,121.16666666666667,confused,0.8906673789024353,confused,1.0,0.858538415034612,175.29974365234375,239.87088012695312,335.6036682128906,397.6654357910156,46.07707518565716
3636,121.2,confused,0.9134275317192078,confused,1.0,0.8593669255574544,175.16888427734375,239.18792724609375,335.8804931640625,397.40478515625,53.86566665810495
3637,121.23333333333333,confused,0.9081913232803345,confused,1.0,0.8599125623703003,175.34521484375,239.57736206054688,335.9860534667969,397.4278259277344,55.31704100338947
3638,121.26666666666667,confused,0.9170780181884766,confused,1.0,0.860838900009791,175.48776245117188,239.75714111328125,336.0001525878906,397.49957275390625,50.80433150027859
3639,121.3,confused,0.9170780181884766,confused,1.0,0.8617652376492818,175.48776245117188,239.75714111328125,336.0001525878906,397.49957275390625,55.379122765322556
3640,121.33333333333333,confused,0.912594735622406,confused,1.0,0.8648132880528768,175.13815307617188,239.5278778076172,335.9443054199219,397.49798583984375,47.887289209585894
3641,121.36666666666666,confused,0.8984799981117249,confused,1.0,0.8650970995426178,175.25787353515625,239.77523803710938,335.68994140625,397.9383239746094,50.16509986843679
3642,121.4,confused,0.9037328362464905,confused,1.0,0.8656379044055938,175.8017578125,240.73959350585938,335.93359375,397.7677307128906,52.057887551197716
3643,121.43333333333334,confused,0.9059569835662842,confused,1.0,0.8661412298679352,175.13351440429688,240.5203399658203,336.01153564453125,398.02276611328125,58.58375584887213
3644,121.46666666666667,confused,0.8970566391944885,confused,1.0,0.8685106774171193,175.43475341796875,239.97842407226562,336.11151123046875,397.6101379394531,59.868168258182386
3645,121.5,confused,0.8970566391944885,confused,1.0,0.8708801249663035,175.43475341796875,239.97842407226562,336.11151123046875,397.6101379394531,49.87281807372176
3646,121.53333333333333,confused,0.7748557329177856,confused,1.0,0.8670705775419871,176.60263061523438,242.9949951171875,335.6437072753906,397.71429443359375,46.021461958787775
3647,121.56666666666666,confused,0.6294201016426086,confused,1.0,0.8576705455780029,178.8220672607422,243.93606567382812,339.04791259765625,397.6567077636719,53.834554812542514
3648,121.6,confused,0.6294201016426086,confused,1.0,0.8482705136140187,178.8220672607422,243.93606567382812,339.04791259765625,397.6567077636719,44.29043294614572
3649,121.63333333333334,confused,0.39089471101760864,confused,1.0,0.8320903400580089,187.66961669921875,245.09194946289062,343.5469970703125,397.4555358886719,53.25762173830233
3650,121.66666666666667,frustrated,0.6550140976905823,confused,0.9666666666666667,0.8331630908209702,193.4052734375,239.03607177734375,350.99951171875,396.50390625,46.2942351629673
3651,121.7,frustrated,0.6550140976905823,confused,0.9333333333333333,0.8343124666384288,193.4052734375,239.03607177734375,350.99951171875,396.50390625,50.964835111424335
3652,121.73333333333333,frustrated,0.8677328824996948,confused,0.9,0.8362177875306871,198.968017578125,235.7218780517578,357.3748779296875,395.41461181640625,50.51248268802312
3653,121.76666666666667,frustrated,0.28383564949035645,confused,0.8666666666666667,0.8382696715685037,205.7531280517578,235.322509765625,361.49957275390625,392.31646728515625,44.7502213876471
3654,121.8,frustrated,0.28383564949035645,confused,0.8333333333333334,0.8372765564918518,205.7531280517578,235.322509765625,361.49957275390625,392.31646728515625,42.165250872095946
3655,121.83333333333333,engaged,0.6296283006668091,confused,0.8,0.8365710973739624,217.03440856933594,231.8341522216797,369.9287109375,389.97857666015625,48.599184278828325
3656,121.86666666666666,confused,0.4462588131427765,confused,0.8,0.8190998670955499,225.96957397460938,226.55197143554688,384.2054748535156,389.6453552246094,55.812428476380575
3657,121.9,confused,0.4462588131427765,confused,0.8,0.8016286368171374,225.96957397460938,226.55197143554688,384.2054748535156,389.6453552246094,51.06597674560175
3658,121.93333333333334,engaged,0.892646312713623,confused,0.7666666666666667,0.7997529869494231,234.9096221923828,227.14187622070312,389.65423583984375,387.1772766113281,48.510935566324704
3659,121.96666666666667,engaged,0.888249397277832,confused,0.7333333333333333,0.8009021228010004,241.60833740234375,224.68301391601562,398.229248046875,386.5892639160156,51.09210285895265
3660,122.0,engaged,0.888249397277832,confused,0.7,0.8021607001622518,241.60833740234375,224.68301391601562,398.229248046875,386.5892639160156,50.728139135482934
3661,122.03333333333333,engaged,0.8280493021011353,confused,0.6666666666666666,0.7984248697757721,248.0872802734375,221.26393127441406,409.10137939453125,387.77392578125,48.73301032916216
3662,122.06666666666666,engaged,0.9099597930908203,confused,0.6333333333333333,0.7930945565826014,250.09136962890625,220.0455322265625,413.47686767578125,386.596435546875,52.39998001099395
3663,122.1,engaged,0.9099597930908203,confused,0.6,0.7871719863679674,250.09136962890625,220.0455322265625,413.47686767578125,386.596435546875,53.72628990111185
3664,122.13333333333334,engaged,0.7897558808326721,confused,0.5666666666666667,0.781084022101234,255.16387939453125,219.87806701660156,416.06805419921875,387.210693359375,42.41554921829177
3665,122.16666666666667,engaged,0.3827142119407654,confused,0.5333333333333333,0.7742350623011589,254.15151977539062,218.01980590820312,419.6296081542969,386.8529357910156,55.78199518559402
3666,122.2,confused,0.7822771072387695,confused,0.5333333333333333,0.7660381607711315,255.69700622558594,217.2420196533203,419.276123046875,386.11187744140625,47.509220243758776
3667,122.23333333333333,engaged,0.38956597447395325,confused,0.5,0.756561283270518,253.84255981445312,218.40231323242188,419.7220153808594,386.5525207519531,56.54834708515343
3668,122.26666666666667,confused,0.8021636009216309,confused,0.5,0.748900322119395,255.37811279296875,217.6114501953125,418.833984375,386.7088623046875,43.92079332335047
3669,122.3,confused,0.8021636009216309,confused,0.5,0.7412393609682719,255.37811279296875,217.6114501953125,418.833984375,386.7088623046875,58.775034331997425
3670,122.33333333333333,confused,0.8468775749206543,confused,0.5,0.7368582169214885,254.6099853515625,218.0543212890625,418.072998046875,386.46893310546875,53.54795220100092
3671,122.36666666666666,confused,0.8560604453086853,confused,0.5,0.7340302467346191,253.4214324951172,217.60382080078125,417.54620361328125,387.56036376953125,49.53941369617083
3672,122.4,confused,0.8560604453086853,confused,0.5,0.7308520873387655,253.4214324951172,217.60382080078125,417.54620361328125,387.56036376953125,52.778457279476534
3673,122.43333333333334,engaged,0.5370476245880127,confused,0.4666666666666667,0.7183445947510856,252.3902130126953,219.56961059570312,419.64044189453125,387.1039733886719,50.06510140014562
3674,122.46666666666667,confused,0.8381007313728333,confused,0.4666666666666667,0.7141334584781102,254.8570556640625,220.50390625,419.1492919921875,387.244873046875,50.9741258826246
3675,122.5,confused,0.8381007313728333,confused,0.4666666666666667,0.7099223222051348,254.8570556640625,220.50390625,419.1492919921875,387.244873046875,58.628795079675704
3676,122.53333333333333,confused,0.9286908507347107,confused,0.4666666666666667,0.7209105449063438,258.3617858886719,221.22181701660156,420.4613952636719,387.029296875,55.026028547439125
3677,122.56666666666666,confused,0.9068230390548706,confused,0.4666666666666667,0.740725040435791,263.39141845703125,221.91078186035156,420.12939453125,386.5308837890625,50.282974081089506
3678,122.6,confused,0.9068230390548706,confused,0.4666666666666667,0.7605395359652383,263.39141845703125,221.91078186035156,420.12939453125,386.5308837890625,53.042099272842236
3679,122.63333333333334,confused,0.9072986245155334,confused,0.4666666666666667,0.7974255297865186,266.00006103515625,222.8472900390625,423.8941650390625,387.0174560546875,51.608864170491316
3680,122.66666666666667,confused,0.8934615850448608,confused,0.5,0.8038279334704082,270.56475830078125,224.44058227539062,428.66473388671875,386.9462585449219,43.82945995652901
3681,122.7,confused,0.7845591306686401,confused,0.5333333333333333,0.8026236332952976,277.025146484375,228.26251220703125,430.4117431640625,386.891357421875,54.91364231474208
3682,122.73333333333333,confused,0.7845591306686401,confused,0.5666666666666667,0.8015610154937295,277.025146484375,228.26251220703125,430.4117431640625,386.891357421875,53.72697810854778
3683,122.76666666666667,bored,0.3618123233318329,confused,0.5666666666666667,0.8015610154937295,285.6673889160156,228.5090789794922,440.3472595214844,388.34771728515625,49.48330619853236
3684,122.8,bored,0.3618123233318329,confused,0.5666666666666667,0.8015610154937295,285.6673889160156,228.5090789794922,440.3472595214844,388.34771728515625,51.440499405178016
3685,122.83333333333333,confused,0.735579252243042,confused,0.6,0.7978953619798025,287.88189697265625,229.59185791015625,443.567626953125,387.895751953125,54.16548072577
3686,122.86666666666666,confused,0.8541770577430725,confused,0.6,0.8205574866798189,293.64599609375,231.40347290039062,447.02496337890625,388.3051452636719,50.889395777723855
3687,122.9,confused,0.8541770577430725,confused,0.6,0.8432196113798354,293.64599609375,231.40347290039062,447.02496337890625,388.3051452636719,53.9404820082821
3688,122.93333333333334,confused,0.8641133308410645,confused,0.6333333333333333,0.8443192808251632,296.491943359375,233.8495635986328,450.17333984375,388.46893310546875,45.654276104537885
3689,122.96666666666667,confused,0.8107863664627075,confused,0.6666666666666666,0.8426426351070404,300.03570556640625,233.5516357421875,452.40081787109375,388.95904541015625,51.38315283971186
3690,123.0,confused,0.8107863664627075,confused,0.7,0.8411256699335008,300.03570556640625,233.5516357421875,452.40081787109375,388.95904541015625,55.73677776005953
3691,123.03333333333333,confused,0.8226549029350281,confused,0.7333333333333333,0.8402860896153883,302.264892578125,232.7529296875,453.0765380859375,389.7769775390625,45.53482716692722
3692,123.06666666666666,confused,0.8212890625,confused,0.7666666666666667,0.8394601319147192,303.23681640625,233.12274169921875,453.611572265625,389.5428466796875,55.030360282348
3693,123.1,confused,0.8577364683151245,confused,0.8,0.8402216459314028,302.91729736328125,234.70423889160156,454.82000732421875,390.6475830078125,45.03273601820934
3694,123.13333333333334,confused,0.8577364683151245,confused,0.8333333333333334,0.8409222388267517,302.91729736328125,234.70423889160156,454.82000732421875,390.6475830078125,57.77994517226654
3695,123.16666666666667,confused,0.8820068836212158,confused,0.8666666666666667,0.8425024174726926,303.6915283203125,234.82470703125,453.875244140625,389.64019775390625,46.93767835360736
3696,123.2,confused,0.8879477977752686,confused,0.8666666666666667,0.8465666748010195,302.44378662109375,233.08285522460938,453.95733642578125,390.0709533691406,48.65499680992982
3697,123.23333333333333,confused,0.9005358219146729,confused,0.9,0.8485655321015252,301.7501220703125,231.96466064453125,453.97869873046875,389.8885498046875,48.6939723228383
3698,123.26666666666667,confused,0.8657862544059753,confused,0.9,0.8509219266750194,300.3060302734375,232.15023803710938,453.1441650390625,390.0578308105469,55.63032521619184
3699,123.3,confused,0.8657862544059753,confused,0.9,0.8532783212485137,300.3060302734375,232.15023803710938,453.1441650390625,390.0578308105469,48.456012661883804
3700,123.33333333333333,confused,0.8808867335319519,confused,0.9,0.8545379197155988,300.0350341796875,232.40921020507812,453.21038818359375,389.7419738769531,49.81950350397909
3701,123.36666666666666,confused,0.883476734161377,confused,0.9,0.855553337821254,299.59564208984375,232.5554656982422,452.65484619140625,389.66510009765625,55.37254280697585
3702,123.4,confused,0.8955541253089905,confused,0.9,0.8570160667101542,298.82806396484375,232.2029571533203,452.83294677734375,389.88824462890625,55.46700521039964
3703,123.43333333333334,confused,0.8955541253089905,confused,0.9333333333333333,0.858392425945827,298.82806396484375,232.2029571533203,452.83294677734375,389.88824462890625,49.623813918269796
3704,123.46666666666667,confused,0.9144258499145508,confused,0.9333333333333333,0.8611183230366025,298.14410400390625,232.11312866210938,453.42169189453125,390.7415466308594,49.88112170872678
3705,123.5,confused,0.9257007837295532,confused,0.9333333333333333,0.8642468963350568,297.6177062988281,230.80862426757812,453.0504455566406,390.6869812011719,57.6362337162645
3706,123.53333333333333,confused,0.9257007837295532,confused,0.9333333333333333,0.8641401082277298,297.6177062988281,230.80862426757812,453.0504455566406,390.6869812011719,49.924464071036624
3707,123.56666666666666,confused,0.9273557662963867,confused,0.9333333333333333,0.8648734199149268,296.8095703125,230.26556396484375,452.97418212890625,390.9859619140625,52.66447351899751
3708,123.6,confused,0.9273557662963867,confused,0.9333333333333333,0.8656067316021238,296.8095703125,230.26556396484375,452.97418212890625,390.9859619140625,45.18750269338505
3709,123.63333333333334,confused,0.9261131882667542,confused,0.9333333333333333,0.8662786803075245,296.2655029296875,230.81207275390625,452.9742431640625,390.6502685546875,57.85167101143433
3710,123.66666666666667,confused,0.9290516376495361,confused,0.9333333333333333,0.8675497536148343,296.43402099609375,229.6133575439453,452.2408447265625,391.23870849609375,52.489819415070016
3711,123.7,confused,0.9290516376495361,confused,0.9333333333333333,0.8727102002927235,296.43402099609375,229.6133575439453,452.2408447265625,391.23870849609375,55.418635378679774
3712,123.73333333333333,confused,0.9182425737380981,confused,0.9333333333333333,0.8774846089737756,296.3934326171875,230.6376953125,451.3746337890625,391.6195068359375,49.8722250627222
3713,123.76666666666667,confused,0.9146353006362915,confused,0.9666666666666667,0.8787656673069658,296.906982421875,231.47781372070312,451.17529296875,391.4035339355469,58.694430450601736
3714,123.8,confused,0.9079282879829407,confused,1.0,0.8797377546628317,296.37664794921875,230.70602416992188,451.27874755859375,391.6164245605469,49.85147855852429
3715,123.83333333333333,confused,0.9079282879829407,confused,1.0,0.8854827225208283,296.37664794921875,230.70602416992188,451.27874755859375,391.6164245605469,53.55615710710455
3716,123.86666666666666,confused,0.8311685919761658,confused,1.0,0.8847157736619313,297.471435546875,230.9097137451172,449.7540283203125,390.14691162109375,47.53722005621543
3717,123.9,confused,0.7223290205001831,confused,1.0,0.8803208390871684,297.69244384765625,230.68096923828125,449.55010986328125,390.22894287109375,47.500073611850375
3718,123.93333333333334,confused,0.7223290205001831,confused,1.0,0.875594695409139,297.69244384765625,230.68096923828125,449.55010986328125,390.22894287109375,51.5106231424852
3719,123.96666666666667,confused,0.7824925184249878,confused,1.0,0.8746515671412151,296.8865966796875,231.70425415039062,450.477783203125,391.4765319824219,45.13352917756185
3720,124.0,confused,0.664360761642456,confused,1.0,0.8697707136472066,296.9349670410156,231.072265625,449.2109069824219,390.76397705078125,45.80884874564498
3721,124.03333333333333,confused,0.664360761642456,confused,1.0,0.8644942422707875,296.9349670410156,231.072265625,449.2109069824219,390.76397705078125,55.47434133954079
3722,124.06666666666666,confused,0.7958134412765503,confused,1.0,0.8636450548966725,296.1826171875,230.87367248535156,449.66839599609375,391.224609375,57.57531331933177
3723,124.1,confused,0.7958134412765503,confused,1.0,0.8615809539953868,296.1826171875,230.87367248535156,449.66839599609375,391.224609375,42.327372542687606
3724,124.13333333333334,confused,0.8304541110992432,confused,1.0,0.8606715420881907,296.9398193359375,230.72933959960938,450.23699951171875,391.1563415527344,55.43474927969126
3725,124.16666666666667,confused,0.8116115927696228,confused,1.0,0.8583250323931376,296.7763671875,230.88775634765625,450.029296875,390.41796875,56.38869618993843
3726,124.2,confused,0.8735752105712891,confused,1.0,0.8578459461530049,296.41015625,230.9127960205078,450.107421875,390.75787353515625,50.10098307392764
3727,124.23333333333333,confused,0.8735752105712891,confused,1.0,0.8569472591082256,296.41015625,230.9127960205078,450.107421875,390.75787353515625,47.799970369357354
3728,124.26666666666667,confused,0.9146965742111206,confused,1.0,0.8585776031017304,295.0844421386719,230.91114807128906,449.4322204589844,390.42724609375,53.61640333384466
3729,124.3,confused,0.847754180431366,confused,1.0,0.8579765339692433,292.6384582519531,228.60305786132812,445.0708923339844,390.2345886230469,52.60766606461971
3730,124.33333333333333,confused,0.847754180431366,confused,1.0,0.8568721155325572,292.6384582519531,228.60305786132812,445.0708923339844,390.2345886230469,51.74830972708878
3731,124.36666666666666,confused,0.8725994229316711,confused,1.0,0.856509538491567,290.5186767578125,228.74562072753906,441.8773193359375,390.4794921875,49.907236857761596
3732,124.4,confused,0.8174546360969543,confused,1.0,0.8539062221844991,285.1993408203125,225.55645751953125,437.44091796875,389.55889892578125,50.72568512202791
3733,124.43333333333334,confused,0.8174546360969543,confused,1.0,0.8513029058774312,285.1993408203125,225.55645751953125,437.44091796875,389.55889892578125,52.28957899592336
3734,124.46666666666667,confused,0.8590368032455444,confused,1.0,0.8494566043217977,280.281005859375,224.4169158935547,434.701416015625,390.22796630859375,49.853256153946724
3735,124.5,confused,0.8590368032455444,confused,1.0,0.8472344716389973,280.281005859375,224.4169158935547,434.701416015625,390.22796630859375,49.90189289835933
3736,124.53333333333333,confused,0.6676912903785706,confused,1.0,0.8386341551939647,270.9747314453125,225.35818481445312,431.495849609375,389.8878479003906,52.171853620916984
3737,124.56666666666666,confused,0.9159103035926819,confused,1.0,0.8382526397705078,267.37628173828125,224.32223510742188,428.16961669921875,389.8323059082031,42.320539209750976
3738,124.6,confused,0.9240220189094543,confused,1.0,0.83814151485761,261.87109375,224.8536376953125,425.59112548828125,392.77728271484375,44.63212556530992
3739,124.63333333333334,confused,0.9240220189094543,confused,1.0,0.8380718092123668,261.87109375,224.8536376953125,425.59112548828125,392.77728271484375,43.844579408966894
3740,124.66666666666667,confused,0.9295715689659119,confused,1.0,0.8380891402562459,258.911865234375,227.7401123046875,423.4375,396.00848388671875,50.31071874100374
3741,124.7,confused,0.8721284866333008,confused,1.0,0.8361917018890381,255.4275360107422,231.9708251953125,420.59661865234375,399.5133056640625,43.92907340881241
3742,124.73333333333333,confused,0.7880545258522034,confused,1.0,0.8318521002928416,241.126220703125,239.88758850097656,411.389404296875,404.10302734375,49.39763747070393
3743,124.76666666666667,confused,0.7903330326080322,confused,1.0,0.8277086913585663,232.31832885742188,242.5242919921875,406.4643249511719,406.60528564453125,48.092646738444955
3744,124.8,confused,0.6255263686180115,confused,1.0,0.818295294046402,225.99868774414062,245.73880004882812,396.5225524902344,408.5323791503906,49.87163206582483
3745,124.83333333333333,confused,0.6255263686180115,confused,1.0,0.8088818967342377,225.99868774414062,245.73880004882812,396.5225524902344,408.5323791503906,50.26248681813824
3746,124.86666666666666,engaged,0.4248029589653015,confused,0.9666666666666667,0.8081133900017574,218.18736267089844,245.77935791015625,389.4576416015625,412.1566162109375,53.24815600045703
3747,124.9,frustrated,0.6547319889068604,confused,0.9333333333333333,0.8111771174839565,214.04074096679688,248.81787109375,387.1880187988281,412.102294921875,52.376423576423576
3748,124.93333333333334,frustrated,0.6547319889068604,confused,0.9,0.8144677877426147,214.04074096679688,248.81787109375,387.1880187988281,412.102294921875,45.83588140797972
3749,124.96666666666667,confused,0.8218978047370911,confused,0.9,0.8159272427912112,208.83004760742188,249.43556213378906,386.8324890136719,412.309326171875,54.45592168471346
3750,125.0,confused,0.8729457259178162,confused,0.9,0.8236526118384467,204.489013671875,248.64569091796875,387.53387451171875,413.17218017578125,57.02656696125085
3751,125.03333333333333,confused,0.8729457259178162,confused,0.9,0.8313779808856823,204.489013671875,248.64569091796875,387.53387451171875,413.17218017578125,55.58830000132533
3752,125.06666666666666,confused,0.8885865211486816,confused,0.9,0.8348140208809464,203.95510864257812,248.76760864257812,386.9205627441406,413.8957824707031,52.9016081225957
3753,125.1,confused,0.9009952545166016,confused,0.9,0.8387096435935409,203.83438110351562,248.6597900390625,386.5264587402344,413.648193359375,47.495770533014756
3754,125.13333333333334,confused,0.9009952545166016,confused,0.9,0.8413222785349246,203.83438110351562,248.6597900390625,386.5264587402344,413.648193359375,60.12304693099395
3755,125.16666666666667,confused,0.865821361541748,confused,0.9,0.843330047748707,205.14614868164062,250.40794372558594,385.1703186035156,414.8177490234375,49.451801546877945
3756,125.2,confused,0.8382683396339417,confused,0.9,0.8420223858621385,206.3987579345703,250.71929931640625,385.22210693359375,415.33258056640625,48.5997474015967
3757,125.23333333333333,confused,0.7787283062934875,confused,0.9,0.8385095375555532,205.59274291992188,250.9716796875,385.9190979003906,414.83453369140625,47.51137290439511
3758,125.26666666666667,confused,0.7787283062934875,confused,0.9,0.8334736757808261,205.59274291992188,250.9716796875,385.9190979003906,414.83453369140625,57.97962427945425
3759,125.3,confused,0.8867946863174438,confused,0.9,0.8349196204432735,204.92959594726562,250.75457763671875,387.1587829589844,415.7576904296875,50.29623944742901
3760,125.33333333333333,confused,0.8867946863174438,confused,0.9,0.8363655651057208,204.92959594726562,250.75457763671875,387.1587829589844,415.7576904296875,52.04173956200757
3761,125.36666666666666,confused,0.9078066945075989,confused,0.9,0.8376695381270515,204.26271057128906,250.9503936767578,387.333251953125,416.58856201171875,49.898924526506136
3762,125.4,confused,0.8693984150886536,confused,0.9,0.8395933817934107,204.20057678222656,251.26499938964844,386.0703125,415.4132080078125,48.00073243305104
3763,125.43333333333334,confused,0.8693984150886536,confused,0.9,0.8415172254597699,204.20057678222656,251.26499938964844,386.0703125,415.4132080078125,53.15098906390582
3764,125.46666666666667,confused,0.8558307886123657,confused,0.9,0.8413984841770596,204.13168334960938,250.88121032714844,386.4039001464844,415.734130859375,51.17438781859665
3765,125.5,confused,0.8099405765533447,confused,0.9,0.8395801054106818,204.0994110107422,251.61666870117188,384.38568115234375,415.9081726074219,51.345411810792285
3766,125.53333333333333,confused,0.8099405765533447,confused,0.9,0.844848597491229,204.0994110107422,251.61666870117188,384.38568115234375,415.9081726074219,53.95783000784738
3767,125.56666666666666,confused,0.841132640838623,confused,0.9,0.8420790544262639,204.4482879638672,252.0168914794922,383.51776123046875,415.64447021484375,53.94533832362285
3768,125.6,confused,0.8986079692840576,confused,0.9,0.8411377933290269,204.72227478027344,252.3271484375,383.77783203125,415.70745849609375,47.20232280717549
3769,125.63333333333334,confused,0.8888159990310669,confused,0.9,0.8398338666668644,205.89698791503906,255.00950622558594,381.32568359375,417.262451171875,49.109604599154636
3770,125.66666666666667,confused,0.8888159990310669,confused,0.9,0.8383244011137221,205.89698791503906,255.00950622558594,381.32568359375,417.262451171875,48.96398594459556
3771,125.7,confused,0.9151261448860168,confused,0.9,0.8399169069749338,202.30596923828125,254.33905029296875,381.7540283203125,417.29058837890625,50.67910393658926
3772,125.73333333333333,confused,0.909934401512146,confused,0.9,0.8444309764438205,201.37017822265625,253.80047607421875,379.5343017578125,416.77752685546875,54.86264404651345
3773,125.76666666666667,confused,0.909934401512146,confused,0.9,0.8488606567736026,201.37017822265625,253.80047607421875,379.5343017578125,416.77752685546875,49.8935823469934
3774,125.8,confused,0.9050484299659729,confused,0.9,0.8592133257124159,199.93820190429688,252.91969299316406,380.7210388183594,415.600341796875,49.691423697086734
3775,125.83333333333333,confused,0.9050484299659729,confused,0.9,0.8695659946512293,199.93820190429688,252.91969299316406,380.7210388183594,415.600341796875,50.720777807337896
3776,125.86666666666666,confused,0.8563172817230225,confused,0.9333333333333333,0.8690928263323647,199.92196655273438,252.16183471679688,376.9660339355469,414.4811706542969,47.68205174844255
3777,125.9,confused,0.8766956329345703,confused,0.9666666666666667,0.8693549920772684,199.9782257080078,252.00965881347656,377.19268798828125,414.580810546875,58.76021294480247
3778,125.93333333333334,confused,0.8766956329345703,confused,1.0,0.8695996801058451,199.9782257080078,252.00965881347656,377.19268798828125,414.580810546875,52.3352507393035
3779,125.96666666666667,confused,0.8652843236923218,confused,1.0,0.8710458974043528,200.3720703125,251.5238037109375,377.43707275390625,414.33367919921875,49.392983737060895
3780,126.0,confused,0.8776341676712036,confused,1.0,0.8712021787961324,200.85462951660156,251.95849609375,377.5994873046875,414.467041015625,47.37720546707331
3781,126.03333333333333,confused,0.8531463742256165,confused,1.0,0.8705422004063924,201.31236267089844,251.9421844482422,378.52294921875,414.69610595703125,43.75356241263483
3782,126.06666666666666,confused,0.8531463742256165,confused,1.0,0.8693608621756236,201.31236267089844,251.9421844482422,378.52294921875,414.69610595703125,57.347808252891795
3783,126.1,confused,0.8568535447120667,confused,1.0,0.8678894718488057,201.68524169921875,251.850341796875,379.93524169921875,414.6600341796875,57.64653170054564
3784,126.13333333333334,confused,0.8899200558662415,confused,1.0,0.8675202985604604,202.59829711914062,253.521728515625,380.2543640136719,414.66259765625,56.99247221240862
3785,126.16666666666667,confused,0.8899200558662415,confused,1.0,0.8683235883712769,202.59829711914062,253.521728515625,380.2543640136719,414.66259765625,52.26481912997969
3786,126.2,confused,0.8812735080718994,confused,1.0,0.8697570939858754,201.9604949951172,252.36199951171875,379.12274169921875,414.91522216796875,52.07404556459122
3787,126.23333333333333,confused,0.8812735080718994,confused,1.0,0.8731752673784892,201.9604949951172,252.36199951171875,379.12274169921875,414.91522216796875,51.07654838159721
3788,126.26666666666667,confused,0.8777076005935669,confused,1.0,0.8764745771884919,202.8332977294922,253.32907104492188,380.81915283203125,414.9604797363281,53.39729340920954
3789,126.3,confused,0.8772518634796143,confused,1.0,0.8761564830938975,202.5248565673828,252.83267211914062,380.63433837890625,415.4701232910156,52.692923277930625
3790,126.33333333333333,confused,0.8772518634796143,confused,1.0,0.8758383889993032,202.5248565673828,252.83267211914062,380.63433837890625,415.4701232910156,48.22868444352456
3791,126.36666666666666,confused,0.8618330359458923,confused,1.0,0.874305933713913,203.24087524414062,252.59689331054688,380.8763122558594,415.4425964355469,50.47843930148873
3792,126.4,confused,0.8557152152061462,confused,1.0,0.8738498270511628,203.6525421142578,252.41510009765625,380.65655517578125,415.70477294921875,53.93285242191619
3793,126.43333333333334,confused,0.8764085173606873,confused,1.0,0.8740834971268971,203.66485595703125,252.53109741210938,380.102294921875,415.3955383300781,51.097704790214905
3794,126.46666666666667,confused,0.8764085173606873,confused,1.0,0.8747694214185079,203.66485595703125,252.53109741210938,380.102294921875,415.3955383300781,51.65335402273371
3795,126.5,confused,0.8459416031837463,confused,1.0,0.8759694556395213,205.11268615722656,252.5355682373047,381.0775146484375,414.95355224609375,43.628859116251974
3796,126.53333333333333,confused,0.8890576362609863,confused,1.0,0.8786066909631093,204.434326171875,251.66664123535156,381.9195556640625,414.595947265625,53.43675071027251
3797,126.56666666666666,confused,0.8890576362609863,confused,1.0,0.8802041908105215,204.434326171875,251.66664123535156,381.9195556640625,414.595947265625,45.019202077988986
3798,126.6,confused,0.8760343790054321,confused,1.0,0.879451737801234,204.5260009765625,251.56777954101562,382.373046875,414.5776672363281,53.150315533365436
3799,126.63333333333334,confused,0.8576231002807617,confused,1.0,0.8784119745095571,204.1109619140625,251.6344451904297,381.78375244140625,414.28692626953125,53.436069917953425
3800,126.66666666666667,confused,0.8576231002807617,confused,1.0,0.8773722112178802,204.1109619140625,251.6344451904297,381.78375244140625,414.28692626953125,52.107039033965265
3801,126.7,confused,0.8574286103248596,confused,1.0,0.8754489600658417,204.04307556152344,251.04647827148438,382.9151611328125,413.2919616699219,50.07466482014303
3802,126.73333333333333,confused,0.8574286103248596,confused,1.0,0.8736987670262655,204.04307556152344,251.04647827148438,382.9151611328125,413.2919616699219,55.61483485155867
3803,126.76666666666667,confused,0.8559321761131287,confused,1.0,0.8718986928462982,205.0052490234375,250.7767333984375,382.9091796875,412.75274658203125,57.008739619153765
3804,126.8,confused,0.8637564182281494,confused,1.0,0.8705222924550374,205.3041229248047,251.2892608642578,382.27642822265625,413.70001220703125,47.18851536834526
3805,126.83333333333333,confused,0.8714987635612488,confused,1.0,0.8694039702415466,205.37939453125,251.8509063720703,382.20697021484375,414.22711181640625,55.201284514753496
3806,126.86666666666666,confused,0.8542945981025696,confused,1.0,0.8693365474541982,206.10061645507812,252.63922119140625,381.8652038574219,413.23089599609375,54.807443027388665
3807,126.9,confused,0.8450013995170593,confused,1.0,0.8682800730069479,205.94415283203125,252.18869018554688,382.30572509765625,413.2840881347656,53.90166293983088
3808,126.93333333333334,confused,0.873425304889679,confused,1.0,0.8681710620721181,206.2166748046875,252.21063232421875,381.9093017578125,413.567138671875,52.074692093762415
3809,126.96666666666667,confused,0.873425304889679,confused,1.0,0.86844242811203,206.2166748046875,252.21063232421875,381.9093017578125,413.567138671875,45.93376555107763
3810,127.0,confused,0.8611734509468079,confused,1.0,0.8678937375545501,206.19281005859375,252.02236938476562,382.29595947265625,413.6097106933594,55.561054444297255
3811,127.03333333333333,confused,0.8611734509468079,confused,1.0,0.8681613067785899,206.19281005859375,252.02236938476562,382.29595947265625,413.6097106933594,60.24308059118395
3812,127.06666666666666,confused,0.8802650570869446,confused,1.0,0.8690652628739675,205.96591186523438,251.47886657714844,382.2753601074219,413.7689208984375,55.712346416948925
3813,127.1,confused,0.8738435506820679,confused,1.0,0.8696315964063008,205.16555786132812,251.31982421875,382.5509338378906,414.5653076171875,51.899425856266085
3814,127.13333333333334,confused,0.8711778521537781,confused,1.0,0.869006856282552,205.63510131835938,251.57533264160156,382.5155334472656,414.20654296875,55.68128293971617
3815,127.16666666666667,confused,0.8711778521537781,confused,1.0,0.8683821161588033,205.63510131835938,251.57533264160156,382.5155334472656,414.20654296875,55.39009283837143
3816,127.2,confused,0.8651970624923706,confused,1.0,0.8678462346394856,205.79229736328125,251.73109436035156,382.6048583984375,414.8021240234375,53.67609833506098
3817,127.23333333333333,confused,0.8582186698913574,confused,1.0,0.8670777400334676,205.59259033203125,251.88319396972656,382.05133056640625,414.888427734375,58.13875220049069
3818,127.26666666666667,confused,0.8582186698913574,confused,1.0,0.8664281090100606,205.59259033203125,251.88319396972656,382.05133056640625,414.888427734375,56.517867730286206
3819,127.3,confused,0.8511455655097961,confused,1.0,0.8655578990777334,205.97752380371094,252.48388671875,382.0416259765625,414.614013671875,60.55270186380239
3820,127.33333333333333,confused,0.8530594706535339,confused,1.0,0.8647514859835307,205.26153564453125,252.47686767578125,382.764404296875,415.31597900390625,52.37511550660573
3821,127.36666666666666,confused,0.8530594706535339,confused,1.0,0.8644590338071187,205.26153564453125,252.47686767578125,382.764404296875,415.31597900390625,56.58114907795869
3822,127.4,confused,0.8281663656234741,confused,1.0,0.8635407388210297,205.91123962402344,252.611083984375,381.9935302734375,415.04986572265625,49.13664479850047
3823,127.43333333333334,confused,0.8245124816894531,confused,1.0,0.8618108709653218,206.33502197265625,252.49658203125,382.3983154296875,415.25848388671875,56.356116896204234
3824,127.46666666666667,confused,0.8245124816894531,confused,1.0,0.8600810031096141,206.33502197265625,252.49658203125,382.3983154296875,415.25848388671875,51.22063331175889
3825,127.5,confused,0.8248531222343445,confused,1.0,0.8593780537446339,205.7847137451172,251.4638214111328,382.17047119140625,413.37213134765625,54.60480133312503
3826,127.53333333333333,confused,0.8429647088050842,confused,1.0,0.8578416228294372,206.5524444580078,252.91209411621094,382.70013427734375,415.079345703125,49.81476994702962
3827,127.56666666666666,confused,0.8429647088050842,confused,1.0,0.8563051919142405,206.5524444580078,252.91209411621094,382.70013427734375,415.079345703125,53.85252616036464
3828,127.6,confused,0.7865790724754333,confused,1.0,0.8533233483632405,206.40179443359375,251.8276824951172,382.093994140625,413.65032958984375,48.39618766298202
3829,127.63333333333334,confused,0.8419299721717834,confused,1.0,0.8528002440929413,206.2385711669922,252.0166015625,382.73406982421875,414.5093994140625,47.22943011249113
3830,127.66666666666667,confused,0.8419299721717834,confused,1.0,0.852277139822642,206.2385711669922,252.0166015625,382.73406982421875,414.5093994140625,52.381002335368976
3831,127.7,confused,0.8515601754188538,confused,1.0,0.8520815253257752,205.9498291015625,252.72848510742188,382.627197265625,414.9646301269531,48.57273222081968
3832,127.73333333333333,confused,0.8411048054695129,confused,1.0,0.8515373984972636,205.17697143554688,251.35897827148438,382.8678283691406,413.8107604980469,55.07226890756303
3833,127.76666666666667,confused,0.8411048054695129,confused,1.0,0.8510431528091431,205.17697143554688,251.35897827148438,382.8678283691406,413.8107604980469,52.468151113335004
3834,127.8,confused,0.8616725206375122,confused,1.0,0.8509736895561218,205.57142639160156,251.660888671875,383.1190185546875,416.00640869140625,53.973105480562594
3835,127.83333333333333,confused,0.865755558013916,confused,1.0,0.8507822493712107,204.6044464111328,251.1436004638672,383.39117431640625,414.49176025390625,50.520392185203924
3836,127.86666666666666,confused,0.865755558013916,confused,1.0,0.8511642813682556,204.6044464111328,251.1436004638672,383.39117431640625,414.49176025390625,52.3169724713425
3837,127.9,confused,0.862149715423584,confused,1.0,0.8517358918984731,205.16326904296875,251.2029266357422,383.19342041015625,413.56475830078125,55.24927551504294
3838,127.93333333333334,confused,0.8842018842697144,confused,1.0,0.8520951112111409,204.14266967773438,250.45144653320312,383.6569519042969,414.1200256347656,53.98005173678588
3839,127.96666666666667,confused,0.8842018842697144,confused,1.0,0.8524543305238088,204.14266967773438,250.45144653320312,383.6569519042969,414.1200256347656,55.64065692075031
3840,128.0,confused,0.8530665636062622,confused,1.0,0.8521841009457906,204.86453247070312,251.1304931640625,382.7874450683594,413.8414306640625,52.21016991348727
3841,128.03333333333333,confused,0.8634976148605347,confused,1.0,0.8522615730762482,204.54818725585938,251.02503967285156,383.1659851074219,414.277099609375,51.28137914170436
3842,128.06666666666666,confused,0.8634976148605347,confused,1.0,0.8517026583353678,204.54818725585938,251.02503967285156,383.1659851074219,414.277099609375,49.144705082839266
3843,128.1,confused,0.8689972162246704,confused,1.0,0.8515411138534545,205.11972045898438,251.14955139160156,383.3183898925781,414.2880859375,55.42302914981897
3844,128.13333333333333,confused,0.8458195924758911,confused,1.0,0.8506958385308584,205.9221954345703,251.6855010986328,382.84161376953125,415.48236083984375,50.796948044083805
3845,128.16666666666666,confused,0.8458195924758911,confused,1.0,0.8498505632082621,205.9221954345703,251.6855010986328,382.84161376953125,415.48236083984375,58.45231060817214
3846,128.2,confused,0.8753363490104675,confused,1.0,0.8501885394255321,204.26251220703125,250.96189880371094,383.45379638671875,414.391845703125,52.383619128501664
3847,128.23333333333332,confused,0.863730788230896,confused,1.0,0.8503722767035167,204.90809631347656,251.15504455566406,383.0831298828125,414.1929931640625,54.97770379205935
3848,128.26666666666668,confused,0.863730788230896,confused,1.0,0.8505560139815013,204.90809631347656,251.15504455566406,383.0831298828125,414.1929931640625,56.147896279835614
3849,128.3,confused,0.8693265914916992,confused,1.0,0.851162048180898,204.6905059814453,250.62608337402344,382.99945068359375,413.9310302734375,52.11480828011232
3850,128.33333333333334,confused,0.895077109336853,confused,1.0,0.8525626361370087,204.4832305908203,250.571533203125,384.06549072265625,414.3345947265625,53.88158215896099
3851,128.36666666666667,confused,0.895077109336853,confused,1.0,0.8539632240931193,204.4832305908203,250.571533203125,384.06549072265625,414.3345947265625,50.30468468900669
3852,128.4,confused,0.8867964744567871,confused,1.0,0.8559175610542298,204.46359252929688,250.59263610839844,383.5542907714844,413.6341552734375,55.43474927969126
3853,128.43333333333334,confused,0.8937890529632568,confused,1.0,0.8582267800966898,204.37693786621094,250.59982299804688,383.7352294921875,414.1904602050781,51.480275916243215
3854,128.46666666666667,confused,0.8937890529632568,confused,1.0,0.86053599913915,204.37693786621094,250.59982299804688,383.7352294921875,414.1904602050781,52.47865472198588
3855,128.5,confused,0.8985821604728699,confused,1.0,0.8629936337471008,204.23443603515625,250.62017822265625,383.68914794921875,413.9581298828125,51.12261713227049
3856,128.53333333333333,confused,0.9041324853897095,confused,1.0,0.865032559633255,203.68609619140625,250.28851318359375,383.99530029296875,414.04205322265625,53.6026991105204
3857,128.56666666666666,confused,0.9041324853897095,confused,1.0,0.8670714855194092,203.68609619140625,250.28851318359375,383.99530029296875,414.04205322265625,49.89061496372071
3858,128.6,confused,0.8858930468559265,confused,1.0,0.8703819513320923,204.682861328125,250.7427215576172,383.06622314453125,414.15509033203125,52.367268459560016
3859,128.63333333333333,confused,0.8831342458724976,confused,1.0,0.8717554271221161,204.92538452148438,251.2416229248047,383.3154602050781,413.79400634765625,55.39009283837143
3860,128.66666666666666,confused,0.8831342458724976,confused,1.0,0.8731289029121398,204.92538452148438,251.2416229248047,383.3154602050781,413.79400634765625,46.927700328940006
3861,128.7,confused,0.8814423084259033,confused,1.0,0.8741249740123749,205.31214904785156,251.13796997070312,383.215087890625,414.2226867675781,56.76262653602555
3862,128.73333333333332,confused,0.8802112936973572,confused,1.0,0.8754285236199697,205.0907745361328,251.10142517089844,383.35418701171875,414.442626953125,58.60585736642075
3863,128.76666666666668,confused,0.9102870225906372,confused,1.0,0.8777345975240072,205.43630981445312,250.68951416015625,382.5893249511719,415.5328369140625,50.52221780556258
3864,128.8,confused,0.9102870225906372,confused,1.0,0.8793550809224446,205.43630981445312,250.68951416015625,382.5893249511719,415.5328369140625,54.866232373178455
3865,128.83333333333334,confused,0.919197142124176,confused,1.0,0.8811364670594534,205.64627075195312,250.87490844726562,382.6684265136719,415.9080505371094,55.39521369327487
3866,128.86666666666667,confused,0.919197142124176,confused,1.0,0.882917853196462,205.64627075195312,250.87490844726562,382.6684265136719,415.9080505371094,53.89958492360281
3867,128.9,confused,0.9187868237495422,confused,1.0,0.8848057568073273,205.23724365234375,250.4729461669922,382.91925048828125,415.72601318359375,45.948861769023466
3868,128.93333333333334,confused,0.905029296875,confused,1.0,0.8855000038941702,205.71063232421875,250.87954711914062,383.36785888671875,415.9128723144531,52.392125512141504
3869,128.96666666666667,confused,0.905029296875,confused,1.0,0.886194250981013,205.71063232421875,250.87954711914062,383.36785888671875,415.9128723144531,49.304729102258165
3870,129.0,confused,0.8903301358222961,confused,1.0,0.8874363700548807,205.046630859375,250.9334259033203,383.28448486328125,413.97784423828125,51.40204416774921
3871,129.03333333333333,confused,0.8703223466873169,confused,1.0,0.8876638611157736,206.3303985595703,251.58575439453125,382.54180908203125,414.66802978515625,50.914105365379946
3872,129.06666666666666,confused,0.8703223466873169,confused,1.0,0.8878913521766663,206.3303985595703,251.58575439453125,382.54180908203125,414.66802978515625,51.023733926985635
3873,129.1,confused,0.8878729939460754,confused,1.0,0.8885205447673797,204.92861938476562,250.91554260253906,383.3409118652344,413.7518310546875,48.46609121687986
3874,129.13333333333333,confused,0.8906385898590088,confused,1.0,0.890014511346817,204.48236083984375,250.71426391601562,383.090087890625,414.2669982910156,49.74151466995565
3875,129.16666666666666,confused,0.8924066424369812,confused,1.0,0.8915674130121867,205.09613037109375,250.9111328125,383.3218994140625,414.55615234375,56.27521064777545
3876,129.2,confused,0.8924066424369812,confused,1.0,0.8921364227930705,205.09613037109375,250.9111328125,383.3218994140625,414.55615234375,55.09324716606901
3877,129.23333333333332,confused,0.8897413611412048,confused,1.0,0.8930034418900807,205.3905487060547,250.7620849609375,383.26043701171875,414.52117919921875,48.04526970526581
3878,129.26666666666668,confused,0.898875892162323,confused,1.0,0.8941749453544616,205.5158233642578,250.51548767089844,383.68878173828125,414.889892578125,55.501501898876555
3879,129.3,confused,0.898875892162323,confused,1.0,0.8951599220434825,205.5158233642578,250.51548767089844,383.68878173828125,414.889892578125,53.91829283969662
3880,129.33333333333334,confused,0.8774159550666809,confused,1.0,0.8945712169011434,205.9390869140625,250.67752075195312,383.25579833984375,414.7417297363281,47.495770533014756
3881,129.36666666666667,confused,0.8774159550666809,confused,1.0,0.8939825117588043,205.9390869140625,250.67752075195312,383.25579833984375,414.7417297363281,58.35878170611234
3882,129.4,confused,0.8741335868835449,confused,1.0,0.8935604155063629,205.76025390625,250.7016143798828,382.65069580078125,414.72503662109375,50.48937681316433
3883,129.43333333333334,confused,0.8923118710517883,confused,1.0,0.893511176109314,205.257568359375,250.50335693359375,383.19091796875,414.76031494140625,51.955356811059225
3884,129.46666666666667,confused,0.8923118710517883,confused,1.0,0.893461936712265,205.257568359375,250.50335693359375,383.19091796875,414.76031494140625,48.1749517596251
3885,129.5,confused,0.8830546140670776,confused,1.0,0.892944351832072,205.32772827148438,251.13723754882812,382.7108459472656,415.1140441894531,49.71557262404286
3886,129.53333333333333,confused,0.8900060653686523,confused,1.0,0.8924734711647033,204.8282470703125,250.85755920410156,383.30426025390625,415.4632568359375,56.42283116079476
3887,129.56666666666666,confused,0.9006474614143372,confused,1.0,0.8923573036988576,204.46444702148438,250.89581298828125,383.2351989746094,415.5694580078125,54.99788888451805
3888,129.6,confused,0.9006474614143372,confused,1.0,0.8928491175174713,204.46444702148438,250.89581298828125,383.2351989746094,415.5694580078125,50.54474464341664
3889,129.63333333333333,confused,0.902120053768158,confused,1.0,0.89348197778066,204.1461181640625,250.77157592773438,383.5003662109375,415.6080627441406,55.68128293971617
3890,129.66666666666666,confused,0.9148892164230347,confused,1.0,0.8945404767990113,205.07936096191406,251.28448486328125,382.7392578125,416.7281494140625,51.76683164039841
3891,129.7,confused,0.9148892164230347,confused,1.0,0.8956553737322489,205.07936096191406,251.28448486328125,382.7392578125,416.7281494140625,55.323607776927744
3892,129.73333333333332,confused,0.9114845991134644,confused,1.0,0.8966978172461192,204.89089965820312,250.69857788085938,382.3391418457031,415.4934387207031,49.87756266945726
3893,129.76666666666668,confused,0.9114845991134644,confused,1.0,0.8967377364635467,204.89089965820312,250.69857788085938,382.3391418457031,415.4934387207031,48.59636886072136
3894,129.8,confused,0.9170557856559753,confused,1.0,0.896963361899058,204.35128784179688,250.9567108154297,382.2130432128906,416.05413818359375,45.21478159630891
3895,129.83333333333334,confused,0.9056434035301208,confused,1.0,0.8965115706125896,204.21759033203125,251.0081024169922,381.66436767578125,416.08575439453125,60.6078261372175
3896,129.86666666666667,confused,0.9056434035301208,confused,1.0,0.896059779326121,204.21759033203125,251.0081024169922,381.66436767578125,416.08575439453125,52.41307607717685
3897,129.9,confused,0.9015361070632935,confused,1.0,0.8954847554365793,204.12364196777344,251.1578369140625,382.42626953125,416.74462890625,55.244909248966046
3898,129.93333333333334,confused,0.8629686236381531,confused,1.0,0.8940827329953511,202.98782348632812,251.1271514892578,383.3173522949219,416.91461181640625,57.66872447787051
3899,129.96666666666667,confused,0.7922247648239136,confused,1.0,0.8903225819269817,204.52389526367188,251.02883911132812,382.7894592285156,416.0961608886719,53.59584962559738
3900,130.0,confused,0.7922247648239136,confused,1.0,0.8870524028937022,204.52389526367188,251.02883911132812,382.7894592285156,416.0961608886719,48.92115330782868
3901,130.03333333333333,confused,0.6596668362617493,confused,1.0,0.8800305525461832,204.7926788330078,251.57669067382812,382.41680908203125,416.5235900878906,49.45996556684984
3902,130.06666666666666,confused,0.7097129821777344,confused,1.0,0.8746769070625305,204.78196716308594,251.2454833984375,382.7376708984375,416.47802734375,52.4104563402809
3903,130.1,confused,0.7097129821777344,confused,1.0,0.8687382400035858,204.78196716308594,251.2454833984375,382.7376708984375,416.47802734375,43.35153125032299
3904,130.13333333333333,confused,0.5928959250450134,confused,1.0,0.858813484509786,205.5535888671875,251.15553283691406,383.5003662109375,415.661376953125,54.78525059104743
3905,130.16666666666666,frustrated,0.865391731262207,confused,0.9666666666666667,0.8576550997536758,207.52171325683594,253.0924072265625,381.5765380859375,416.13165283203125,48.567670217693376
3906,130.2,frustrated,0.865391731262207,confused,0.9333333333333333,0.856413973229272,207.52171325683594,253.0924072265625,381.5765380859375,416.13165283203125,46.85640235047032
3907,130.23333333333332,frustrated,0.8486692309379578,confused,0.9,0.8551796255288301,207.5663299560547,253.21788024902344,381.53363037109375,416.249267578125,46.85116840176936
3908,130.26666666666668,frustrated,0.8486692309379578,confused,0.8666666666666667,0.8534989998890803,207.5663299560547,253.21788024902344,381.53363037109375,416.249267578125,47.394872142558505
3909,130.3,frustrated,0.8686238527297974,confused,0.8333333333333334,0.8516839241981506,208.26492309570312,253.1487274169922,381.4802551269531,415.55670166015625,50.0095862644569
3910,130.33333333333334,frustrated,0.893292248249054,confused,0.8,0.8506117562452952,208.53512573242188,253.4199981689453,381.3678283691406,412.82025146484375,52.43338792144313
3911,130.36666666666667,frustrated,0.9033433198928833,confused,0.7666666666666667,0.8494463562965393,208.86346435546875,252.01715087890625,380.790283203125,411.84222412109375,46.083150215346755
3912,130.4,frustrated,0.9033433198928833,confused,0.7333333333333333,0.8483242094516754,208.86346435546875,252.01715087890625,380.790283203125,411.84222412109375,54.992841221974565
3913,130.43333333333334,frustrated,0.9115340113639832,confused,0.7,0.8462295588992891,208.68087768554688,251.62464904785156,380.0988464355469,409.3544921875,57.3133284140909
3914,130.46666666666667,frustrated,0.906717836856842,confused,0.6666666666666666,0.8439254432916641,208.5083465576172,251.1697235107422,379.45550537109375,409.21136474609375,49.56751518589425
3915,130.5,frustrated,0.906717836856842,confused,0.6333333333333333,0.8418660132508529,208.5083465576172,251.1697235107422,379.45550537109375,409.21136474609375,49.78343283759243
3916,130.53333333333333,frustrated,0.9058350920677185,confused,0.6,0.8391915659109751,208.83135986328125,252.62692260742188,378.796630859375,408.9088439941406,50.06151605934378
3917,130.56666666666666,frustrated,0.9027144908905029,confused,0.5666666666666667,0.8355765132343068,208.14059448242188,251.37649536132812,379.4165344238281,408.1086120605469,46.15769954549957
3918,130.6,frustrated,0.9027144908905029,confused,0.5333333333333333,0.8315095789730549,208.14059448242188,251.37649536132812,379.4165344238281,408.1086120605469,59.099675919402564
3919,130.63333333333333,frustrated,0.9115175008773804,confused,0.5,0.8268022139867147,208.54779052734375,251.18951416015625,379.17791748046875,407.96875,57.09876526403202
3920,130.66666666666666,frustrated,0.9115175008773804,frustrated,0.5333333333333333,0.8909995891153812,208.54779052734375,251.18951416015625,379.17791748046875,407.96875,45.17290253096392
3921,130.7,frustrated,0.9114519357681274,frustrated,0.5666666666666667,0.8922026683302486,208.1128387451172,252.08639526367188,379.60943603515625,409.7243347167969,48.51991439643704
3922,130.73333333333332,frustrated,0.9071758389472961,frustrated,0.6,0.8930345111423068,208.13848876953125,252.2529296875,379.49853515625,409.3162841796875,55.53751224808665
3923,130.76666666666668,frustrated,0.9065532088279724,frustrated,0.6333333333333333,0.8937460215468156,207.90219116210938,252.0586700439453,379.6568908691406,409.33917236328125,55.49415858482952
3924,130.8,frustrated,0.9065532088279724,frustrated,0.6666666666666666,0.8943863809108734,207.90219116210938,252.0586700439453,379.6568908691406,409.33917236328125,52.39147107685774
3925,130.83333333333334,frustrated,0.90470951795578,frustrated,0.7,0.8948779588653928,208.02561950683594,251.9779510498047,379.9498291015625,409.94085693359375,55.491955969517356
3926,130.86666666666667,frustrated,0.9082320332527161,frustrated,0.7333333333333333,0.8954849622466348,208.00868225097656,251.82655334472656,380.409912109375,410.05712890625,52.58590037737741
3927,130.9,frustrated,0.9082320332527161,frustrated,0.7666666666666667,0.89603918272516,208.00868225097656,251.82655334472656,380.409912109375,410.05712890625,49.859775088561854
3928,130.93333333333334,frustrated,0.8881040215492249,frustrated,0.8,0.8957085510094961,207.43682861328125,252.19515991210938,380.46087646484375,410.3020935058594,57.03044394588347
3929,130.96666666666667,frustrated,0.8783556222915649,frustrated,0.8333333333333334,0.8950144338607788,207.4688720703125,252.1923370361328,381.127685546875,410.85943603515625,43.66110446052152
3930,131.0,frustrated,0.8783556222915649,frustrated,0.8666666666666667,0.894373710338886,207.4688720703125,252.1923370361328,381.127685546875,410.85943603515625,51.06722024034188
3931,131.03333333333333,confused,0.536704957485199,frustrated,0.8666666666666667,0.894373710338886,206.31365966796875,250.91815185546875,383.31988525390625,410.514404296875,47.300801822426216
3932,131.06666666666666,confused,0.38572970032691956,frustrated,0.8666666666666667,0.894373710338886,206.39404296875,251.40280151367188,382.4266357421875,410.5244445800781,55.34477799036749
3933,131.1,confused,0.38572970032691956,frustrated,0.8666666666666667,0.894373710338886,206.39404296875,251.40280151367188,382.4266357421875,410.5244445800781,50.35481121315805
3934,131.13333333333333,frustrated,0.8639796376228333,frustrated,0.9,0.8932480039419951,207.45814514160156,252.52838134765625,381.28515625,411.68994140625,59.484392506133794
3935,131.16666666666666,frustrated,0.84942227602005,frustrated,0.9,0.89265654263673,207.2224884033203,252.5596923828125,381.23968505859375,411.9207763671875,55.503705272072835
3936,131.2,frustrated,0.84942227602005,frustrated,0.9,0.892065081331465,207.2224884033203,252.5596923828125,381.23968505859375,411.9207763671875,55.10048475453554
3937,131.23333333333332,confused,0.44316381216049194,frustrated,0.8666666666666667,0.8937341525004461,207.26312255859375,251.28790283203125,382.61602783203125,411.00726318359375,46.052791075585226
3938,131.26666666666668,confused,0.5154855847358704,frustrated,0.8333333333333334,0.8955367493629456,206.55856323242188,250.5933837890625,383.2210388183594,411.30517578125,54.44743879326012
3939,131.3,confused,0.5154855847358704,frustrated,0.8,0.8966581200559934,206.55856323242188,250.5933837890625,383.2210388183594,411.30517578125,55.99572786500053
3940,131.33333333333334,confused,0.5802342891693115,frustrated,0.7666666666666667,0.896804462308469,207.1453857421875,251.24240112304688,382.569091796875,410.9961853027344,57.02889308877317
3941,131.36666666666667,confused,0.5991598963737488,frustrated,0.7333333333333333,0.8965072415091775,206.7194366455078,251.1522216796875,382.50469970703125,411.26416015625,53.07028709526401
3942,131.4,confused,0.5991598963737488,frustrated,0.7,0.8961817139670962,206.7194366455078,251.1522216796875,382.50469970703125,411.26416015625,53.93077200020573
3943,131.43333333333334,confused,0.6824108958244324,frustrated,0.6666666666666666,0.8954140990972519,206.39370727539062,251.14073181152344,382.5776672363281,410.8448486328125,55.807972750013306
3944,131.46666666666667,confused,0.5305859446525574,frustrated,0.6333333333333333,0.8948191655309576,206.570068359375,250.84710693359375,382.69866943359375,411.0999755859375,44.86462433681328
3945,131.5,confused,0.5305859446525574,frustrated,0.6,0.8941581282350752,206.570068359375,250.84710693359375,382.69866943359375,411.0999755859375,56.9143632539521
3946,131.53333333333333,confused,0.516677737236023,frustrated,0.5666666666666667,0.8934712480096256,206.37442016601562,251.36764526367188,382.0696105957031,411.0809631347656,49.89773727664232
3947,131.56666666666666,frustrated,0.8648397922515869,frustrated,0.5666666666666667,0.8912433245602776,207.64535522460938,252.1125946044922,380.7765808105469,411.81634521484375,50.80925499697153
3948,131.6,frustrated,0.8648397922515869,frustrated,0.5666666666666667,0.8890154011109296,207.64535522460938,252.1125946044922,380.7765808105469,411.81634521484375,53.41565421155855
3949,131.63333333333333,frustrated,0.8382774591445923,frustrated,0.5666666666666667,0.8847071633619421,207.4962615966797,251.62625122070312,380.99749755859375,412.0984191894531,46.362293849759034
3950,131.66666666666666,frustrated,0.822218656539917,frustrated,0.5666666666666667,0.8794542901656207,207.37701416015625,251.49244689941406,381.03460693359375,411.94970703125,54.866232373178455
3951,131.7,frustrated,0.822218656539917,frustrated,0.5666666666666667,0.8742052737404319,207.37701416015625,251.49244689941406,381.03460693359375,411.94970703125,51.24316135416794
3952,131.73333333333332,confused,0.30299997329711914,frustrated,0.5333333333333333,0.8721446134150028,206.81690979003906,250.9383544921875,382.4295654296875,410.8173828125,52.47471537595396
3953,131.76666666666668,frustrated,0.8662015199661255,frustrated,0.5333333333333333,0.8696226328611374,207.86590576171875,251.72344970703125,381.00103759765625,411.60662841796875,52.3829649057075
3954,131.8,frustrated,0.8662015199661255,frustrated,0.5333333333333333,0.867100652307272,207.86590576171875,251.72344970703125,381.00103759765625,411.60662841796875,48.63073926351915
3955,131.83333333333334,frustrated,0.8655876517295837,frustrated,0.5333333333333333,0.8646555356681347,207.4822998046875,251.95640563964844,380.46087646484375,411.6334228515625,53.45105135720657
3956,131.86666666666667,confused,0.36295169591903687,frustrated,0.5,0.8617504358291626,206.3270263671875,250.91943359375,382.41619873046875,411.015380859375,49.87578334026993
3957,131.9,confused,0.36295169591903687,neutral,0.5333333333333333,0.4906260818243027,206.3270263671875,250.91943359375,382.41619873046875,411.015380859375,51.13009557245953
3958,131.93333333333334,confused,0.517706036567688,neutral,0.5666666666666667,0.4922190203386195,205.34060668945312,250.5970458984375,382.6582946777344,410.994140625,49.88290141883615
3959,131.96666666666667,confused,0.4670370817184448,neutral,0.6,0.4908200237486098,205.56253051757812,250.60458374023438,382.6396789550781,410.9369201660156,55.29880814260099
3960,132.0,confused,0.5057697296142578,neutral,0.6333333333333333,0.4916068503731175,205.9491729736328,250.4767303466797,382.37628173828125,410.90997314453125,58.738817466319354
3961,132.03333333333333,confused,0.5057697296142578,neutral,0.6333333333333333,0.4899786804851733,205.9491729736328,250.4767303466797,382.37628173828125,410.90997314453125,51.15628735211611
3962,132.06666666666666,confused,0.35876595973968506,neutral,0.6333333333333333,0.4885595362437399,205.6128387451172,250.328125,382.77825927734375,411.23773193359375,56.53462730826257
3963,132.1,confused,0.35876595973968506,neutral,0.6333333333333333,0.48714039200230647,205.6128387451172,250.328125,382.77825927734375,411.23773193359375,38.34616931797404
3964,132.13333333333333,confused,0.3880749046802521,neutral,0.6666666666666666,0.48218711763620375,206.10018920898438,250.89170837402344,382.7949523925781,411.24560546875,55.23181459046616
3965,132.16666666666666,frustrated,0.8189592957496643,neutral,0.6666666666666666,0.48218711763620375,207.37240600585938,251.85086059570312,381.0790710449219,412.0038146972656,47.4941570794456
3966,132.2,frustrated,0.8189592957496643,neutral,0.6666666666666666,0.48218711763620375,207.37240600585938,251.85086059570312,381.0790710449219,412.0038146972656,49.44247453791022
3967,132.23333333333332,frustrated,0.8607987761497498,neutral,0.6333333333333333,0.48424097581913594,207.30950927734375,251.6764678955078,381.62005615234375,412.27691650390625,49.85918238769421
3968,132.26666666666668,confused,0.3511011302471161,neutral,0.6333333333333333,0.475589162424991,206.35992431640625,251.41116333007812,381.84832763671875,410.9967346191406,55.25291459735743
3969,132.3,confused,0.3511011302471161,neutral,0.6333333333333333,0.46693734903084605,206.35992431640625,251.41116333007812,381.84832763671875,410.9967346191406,51.581572668913104
3970,132.33333333333334,frustrated,0.8530164957046509,neutral,0.6,0.46064307457870907,206.83258056640625,251.87399291992188,381.36126708984375,412.4326477050781,49.7958447109106
3971,132.36666666666667,confused,0.49964120984077454,neutral,0.6,0.4551142586602105,206.17910766601562,250.69894409179688,383.0816345214844,411.3614196777344,54.295900270553666
3972,132.4,confused,0.6004146337509155,neutral,0.6,0.4551839662922753,206.64505004882812,251.18653869628906,382.7336120605469,411.0767822265625,46.475312472298555
3973,132.43333333333334,confused,0.6004146337509155,neutral,0.6,0.4506286183993022,206.64505004882812,251.18653869628906,382.7336120605469,411.0767822265625,52.163418607832654
3974,132.46666666666667,confused,0.4439084529876709,neutral,0.6,0.44581320219569737,206.558349609375,250.54568481445312,382.8665771484375,411.3119201660156,52.06952030986195
3975,132.5,confused,0.4439084529876709,neutral,0.6,0.44099778599209255,206.558349609375,250.54568481445312,382.8665771484375,411.3119201660156,52.39016225533669
3976,132.53333333333333,confused,0.4719284772872925,neutral,0.6,0.4385117159949409,206.87826538085938,251.2239990234375,382.0603332519531,411.05194091796875,53.07095859904849
3977,132.56666666666666,frustrated,0.8372398018836975,neutral,0.6,0.4385117159949409,207.4318084716797,251.59996032714844,381.28826904296875,411.6868896484375,55.05997873373853
3978,132.6,frustrated,0.8372398018836975,neutral,0.6,0.4385117159949409,207.4318084716797,251.59996032714844,381.28826904296875,411.6868896484375,55.37473595268272
3979,132.63333333333333,confused,0.48373448848724365,neutral,0.6333333333333333,0.4408918619155884,206.15451049804688,250.6011962890625,382.5585021972656,411.168212890625,55.377660417216795
3980,132.66666666666666,confused,0.5025925040245056,neutral,0.6666666666666666,0.44397689402103424,206.59902954101562,250.8092041015625,382.5052795410156,410.7335205078125,55.5183988987134
3981,132.7,confused,0.5025925040245056,neutral,0.7,0.44676811354500906,206.59902954101562,250.8092041015625,382.5052795410156,410.7335205078125,52.44715650477667
3982,132.73333333333332,confused,0.7258105874061584,neutral,0.7,0.4669019523121062,206.11279296875,250.72935485839844,382.672607421875,411.0460205078125,51.18125686394143
3983,132.76666666666668,confused,0.7290932536125183,neutral,0.7333333333333333,0.4788197387348522,206.16680908203125,250.76039123535156,381.95233154296875,410.7806396484375,50.61549972244346
3984,132.8,confused,0.502314567565918,neutral,0.7666666666666667,0.47984125303185504,206.3621063232422,250.70977783203125,382.52618408203125,410.79449462890625,56.11709614406893
3985,132.83333333333334,confused,0.502314567565918,neutral,0.8,0.480777641137441,206.3621063232422,250.70977783203125,382.52618408203125,410.79449462890625,48.414622603395934
3986,132.86666666666667,confused,0.5997650623321533,neutral,0.8,0.4906448647379875,205.63983154296875,250.9375,382.51068115234375,410.6470947265625,55.110620573666026
3987,132.9,confused,0.5799641013145447,neutral,0.8,0.4996870482961337,205.55770874023438,250.54042053222656,382.5987854003906,410.6336669921875,47.50868210907855
3988,132.93333333333334,confused,0.5799641013145447,confused,0.8,0.5022811343272527,205.55770874023438,250.54042053222656,382.5987854003906,410.6336669921875,53.8933518361473
3989,132.96666666666667,confused,0.7114788293838501,confused,0.8,0.5124662071466446,205.33123779296875,250.700439453125,382.5797119140625,410.58734130859375,52.4399434879912
3990,133.0,confused,0.7114788293838501,confused,0.8,0.5210374196370443,205.33123779296875,250.700439453125,382.5797119140625,410.58734130859375,53.4401549320898
3991,133.03333333333333,confused,0.616489827632904,confused,0.8,0.5256507570544878,205.28793334960938,250.795166015625,382.4689025878906,410.4207763671875,52.2563540316954
3992,133.06666666666666,confused,0.6623755097389221,confused,0.8,0.5383011549711227,205.08084106445312,250.6016082763672,382.1605529785156,410.65264892578125,50.94812025508655
3993,133.1,confused,0.6623755097389221,confused,0.8,0.5509515528877577,205.08084106445312,250.6016082763672,382.1605529785156,410.65264892578125,49.89773727664232
3994,133.13333333333333,confused,0.6537166237831116,confused,0.8,0.5620199578503767,205.3828125,250.96719360351562,382.06927490234375,410.2397766113281,50.57094973414196
3995,133.16666666666666,confused,0.5646421313285828,confused,0.8333333333333334,0.562124844789505,205.84169006347656,250.33786010742188,382.1927490234375,410.1817932128906,57.487719298245615
3996,133.2,frustrated,0.8478434681892395,confused,0.8333333333333334,0.562124844789505,207.09197998046875,251.1485595703125,380.830078125,410.9654541015625,48.815819182737634
3997,133.23333333333332,frustrated,0.8478434681892395,confused,0.8333333333333334,0.562124844789505,207.09197998046875,251.1485595703125,380.830078125,410.9654541015625,57.160238763662136
3998,133.26666666666668,frustrated,0.8291589617729187,confused,0.8,0.5709174995621046,206.45489501953125,251.0509490966797,380.41998291015625,411.10614013671875,54.33458558955359
3999,133.3,frustrated,0.8322252035140991,confused,0.7666666666666667,0.5804747330105823,206.93157958984375,251.0164031982422,380.331298828125,411.07696533203125,47.35527429971435
4000,133.33333333333334,frustrated,0.8322252035140991,confused,0.7666666666666667,0.5804747330105823,206.93157958984375,251.0164031982422,380.331298828125,411.07696533203125,55.5294242251731
4001,133.36666666666667,confused,0.40092137455940247,confused,0.7666666666666667,0.5761825662592183,206.0395050048828,250.41395568847656,381.80364990234375,410.0977783203125,53.25086015362153
4002,133.4,confused,0.40092137455940247,confused,0.7666666666666667,0.5675089462943699,206.0395050048828,250.41395568847656,381.80364990234375,410.0977783203125,41.7888391834132
4003,133.43333333333334,frustrated,0.861310601234436,confused,0.7333333333333333,0.5660132332281633,207.02273559570312,251.54714965820312,380.4811096191406,410.7989807128906,50.10577118350476
4004,133.46666666666667,frustrated,0.826381266117096,confused,0.7,0.5718277465729487,207.07986450195312,250.95071411132812,380.3853454589844,411.1015930175781,46.42078933970826
4005,133.5,frustrated,0.826381266117096,confused,0.6666666666666666,0.5782237112522125,207.07986450195312,250.95071411132812,380.3853454589844,411.1015930175781,53.43743151993885
4006,133.53333333333333,frustrated,0.8680564761161804,confused,0.6333333333333333,0.5838181972503662,206.80645751953125,251.38388061523438,380.5458984375,411.7517395019531,53.6774721969823
4007,133.56666666666666,frustrated,0.8718969821929932,confused,0.6333333333333333,0.5838181972503662,207.0496826171875,251.84591674804688,380.357177734375,410.8106384277344,48.72621661496997
4008,133.6,frustrated,0.8750332593917847,confused,0.6333333333333333,0.5838181972503662,207.2427978515625,251.7027587890625,380.75360107421875,411.099609375,50.36750966688282
4009,133.63333333333333,frustrated,0.8750332593917847,confused,0.6,0.5893784032927619,207.2427978515625,251.7027587890625,380.75360107421875,411.099609375,58.58621074980445
4010,133.66666666666666,frustrated,0.8836077451705933,confused,0.5666666666666667,0.5944834561908946,207.22976684570312,251.601806640625,380.7872619628906,411.07244873046875,55.50958178930651
4011,133.7,frustrated,0.8587879538536072,confused,0.5333333333333333,0.600226640701294,206.78024291992188,251.50250244140625,380.9825744628906,411.3443603515625,44.47924664361916
4012,133.73333333333332,frustrated,0.8587879538536072,confused,0.5,0.5918543775876363,206.78024291992188,251.50250244140625,380.9825744628906,411.3443603515625,52.72405470635559
4013,133.76666666666668,frustrated,0.8332089185714722,frustrated,0.5333333333333333,0.8517363741993904,206.90194702148438,251.97877502441406,381.0212707519531,411.349365234375,51.173139099349704
4014,133.8,confused,0.39206087589263916,frustrated,0.5333333333333333,0.8517363741993904,205.90704345703125,251.16656494140625,382.24481201171875,410.6993408203125,52.125818678928724
4015,133.83333333333334,confused,0.39206087589263916,frustrated,0.5333333333333333,0.8517363741993904,205.90704345703125,251.16656494140625,382.24481201171875,410.6993408203125,47.97657393850659
4016,133.86666666666667,confused,0.502025842666626,frustrated,0.5333333333333333,0.8517363741993904,205.2244110107422,251.03579711914062,382.67828369140625,411.2532653808594,53.7503876565043
4017,133.9,confused,0.502025842666626,frustrated,0.5333333333333333,0.8517363741993904,205.2244110107422,251.03579711914062,382.67828369140625,411.2532653808594,55.95165615036751
4018,133.93333333333334,confused,0.549687922000885,frustrated,0.5333333333333333,0.8517363741993904,205.8206329345703,250.94778442382812,382.71307373046875,410.9060363769531,55.41936762549053
4019,133.96666666666667,confused,0.5321794152259827,frustrated,0.5333333333333333,0.8517363741993904,205.3712921142578,251.3499755859375,381.51800537109375,411.0546875,50.79325712071304
4020,134.0,confused,0.8626462817192078,frustrated,0.5333333333333333,0.8517363741993904,205.2880401611328,251.47030639648438,381.11517333984375,412.1333312988281,56.95841820799044
4021,134.03333333333333,confused,0.8626462817192078,frustrated,0.5333333333333333,0.8517363741993904,205.2880401611328,251.47030639648438,381.11517333984375,412.1333312988281,54.39941895151877
4022,134.06666666666666,confused,0.8335554599761963,frustrated,0.5333333333333333,0.8517363741993904,205.92710876464844,252.07913208007812,381.644775390625,412.0469055175781,51.31902606142175
4023,134.1,frustrated,0.6876914501190186,frustrated,0.5666666666666667,0.842086672782898,206.62564086914062,253.04928588867188,381.0522155761719,413.7361145019531,47.3686445463375
4024,134.13333333333333,frustrated,0.6876914501190186,frustrated,0.6,0.8335091604126824,206.62564086914062,253.04928588867188,381.0522155761719,413.7361145019531,53.85598356445814
4025,134.16666666666666,confused,0.5817187428474426,frustrated,0.6,0.8335091604126824,205.69125366210938,252.00146484375,381.7268981933594,410.99176025390625,48.28198132863671
4026,134.2,confused,0.5297941565513611,frustrated,0.5666666666666667,0.8326659658375908,205.79925537109375,251.69500732421875,382.01116943359375,411.2779541015625,55.70198807421081
4027,134.23333333333332,confused,0.5297941565513611,frustrated,0.5333333333333333,0.8317173719406128,205.79925537109375,251.69500732421875,382.01116943359375,411.2779541015625,55.384972930146574
4028,134.26666666666668,frustrated,0.8367796540260315,frustrated,0.5333333333333333,0.8321936652064323,207.7279052734375,252.88604736328125,381.39361572265625,413.60455322265625,55.425958717657316
4029,134.3,frustrated,0.8367796540260315,frustrated,0.5333333333333333,0.8324783183634281,207.7279052734375,252.88604736328125,381.39361572265625,413.60455322265625,57.47196492189641
4030,134.33333333333334,confused,0.5588913559913635,confused,0.5,0.5620619972546895,205.96063232421875,251.75888061523438,382.233642578125,411.1596984863281,50.50092710766489
4031,134.36666666666667,confused,0.49359190464019775,confused,0.5,0.5682400325934093,206.13836669921875,251.86508178710938,382.49560546875,411.5033874511719,54.70379403440585
4032,134.4,confused,0.3689708411693573,frustrated,0.5,0.8324951926867167,205.95474243164062,251.60153198242188,382.0483093261719,411.3202209472656,55.787930782224706
4033,134.43333333333334,confused,0.3689708411693573,confused,0.5333333333333333,0.5537887997925282,205.95474243164062,251.60153198242188,382.0483093261719,411.3202209472656,56.22089968366308
4034,134.46666666666667,frustrated,0.8522383570671082,confused,0.5333333333333333,0.5537887997925282,207.4072723388672,253.1295166015625,381.00445556640625,413.53173828125,53.94186943772828
4035,134.5,confused,0.3452003300189972,confused,0.5666666666666667,0.5415188898058498,206.33023071289062,252.2461395263672,381.7851257324219,411.43450927734375,51.292040159955
4036,134.53333333333333,confused,0.3452003300189972,confused,0.6,0.5306123031510247,206.33023071289062,252.2461395263672,381.7851257324219,411.43450927734375,45.99118401719336
4037,134.56666666666666,confused,0.5196372270584106,confused,0.6333333333333333,0.530034667567203,205.52479553222656,252.6079864501953,381.8095703125,411.46466064453125,57.30236624952183
4038,134.6,confused,0.8438436388969421,confused,0.6666666666666666,0.5457251161336899,205.07342529296875,252.163330078125,381.204833984375,412.88006591796875,55.68350061069513
4039,134.63333333333333,confused,0.8438436388969421,confused,0.7,0.5599212362652733,205.07342529296875,252.163330078125,381.204833984375,412.88006591796875,54.92802514405448
4040,134.66666666666666,confused,0.8516094088554382,confused,0.7333333333333333,0.5731797895648263,204.88992309570312,252.2354736328125,380.9007873535156,412.51751708984375,51.15004878048781
4041,134.7,confused,0.8733726143836975,confused,0.7666666666666667,0.5862316515134729,204.9788818359375,251.85824584960938,380.88372802734375,412.8548889160156,50.10996153019044
4042,134.73333333333332,confused,0.8733726143836975,confused,0.8,0.5981958582997322,204.9788818359375,251.85824584960938,380.88372802734375,412.8548889160156,53.43947405302789
4043,134.76666666666668,confused,0.8131691217422485,confused,0.8333333333333334,0.6067947888374329,204.9317626953125,252.8240966796875,380.48065185546875,412.4501953125,51.112026419370956
4044,134.8,frustrated,0.816605269908905,confused,0.8,0.6157420352101326,206.97122192382812,254.06134033203125,380.4116516113281,413.43927001953125,55.36742614251393
4045,134.83333333333334,frustrated,0.816605269908905,confused,0.7666666666666667,0.6254673030065454,206.97122192382812,254.06134033203125,380.4116516113281,413.43927001953125,48.615520139090115
4046,134.86666666666667,confused,0.25604426860809326,confused,0.7666666666666667,0.6147724519605222,205.72885131835938,252.18377685546875,381.4003601074219,411.5943603515625,49.10328033903861
4047,134.9,confused,0.44707995653152466,confused,0.7666666666666667,0.6123835003894308,205.0431671142578,252.46328735351562,381.33135986328125,411.6556701660156,51.67244459228049
4048,134.93333333333334,confused,0.44707995653152466,confused,0.7666666666666667,0.6079222844994586,205.0431671142578,252.46328735351562,381.33135986328125,411.6556701660156,54.3831961102107
4049,134.96666666666667,confused,0.6722365021705627,confused,0.7666666666666667,0.6140117230622665,204.89617919921875,253.16624450683594,381.1597900390625,411.776611328125,47.55177144152826
4050,135.0,confused,0.5544120669364929,confused,0.7666666666666667,0.600610235463018,204.42813110351562,252.32977294921875,381.2317199707031,411.6761474609375,53.21977896486531
4051,135.03333333333333,confused,0.5544120669364929,confused,0.7666666666666667,0.5872087478637695,204.42813110351562,252.32977294921875,381.2317199707031,411.6761474609375,47.0029024485908
4052,135.06666666666666,confused,0.5000547170639038,confused,0.7666666666666667,0.5727087155632351,204.517822265625,252.3936767578125,381.16229248046875,411.69647216796875,52.930982698350604
4053,135.1,confused,0.2999569773674011,confused,0.8,0.5613440598050753,204.17501831054688,252.2475128173828,380.5876159667969,411.52301025390625,54.792407477563394
4054,135.13333333333333,confused,0.3893783986568451,confused,0.8333333333333334,0.5544654333591461,204.49020385742188,252.03073120117188,380.9792175292969,411.6227111816406,45.57886615302696
4055,135.16666666666666,confused,0.3893783986568451,confused,0.8333333333333334,0.5467718195915222,204.49020385742188,252.03073120117188,380.9792175292969,411.6227111816406,59.71814622339289
4056,135.2,confused,0.41778066754341125,confused,0.8333333333333334,0.5422912800312042,204.40960693359375,251.8678436279297,381.31231689453125,411.49713134765625,44.01250813238473
4057,135.23333333333332,confused,0.41778066754341125,confused,0.8333333333333334,0.5378107404708863,204.40960693359375,251.8678436279297,381.31231689453125,411.49713134765625,58.53715178920337
4058,135.26666666666668,confused,0.34576553106307983,confused,0.8666666666666667,0.5304243862628937,204.12020874023438,251.99070739746094,381.2031555175781,411.7557373046875,51.91355793747061
4059,135.3,confused,0.365209698677063,confused,0.9,0.5243053237597147,204.83245849609375,252.31797790527344,380.98870849609375,411.813720703125,48.801619621622876
4060,135.33333333333334,confused,0.365209698677063,confused,0.9,0.5171319290443703,204.83245849609375,252.31797790527344,380.98870849609375,411.813720703125,45.3840593823714
4061,135.36666666666667,frustrated,0.8381021618843079,confused,0.8666666666666667,0.518037314598377,205.84524536132812,253.890380859375,380.2013244628906,414.213134765625,52.72007843334423
4062,135.4,confused,0.3752025067806244,confused,0.8666666666666667,0.5182769940449641,204.4759979248047,252.3199920654297,381.24847412109375,412.18231201171875,48.02051657812786
4063,135.43333333333334,confused,0.3752025067806244,confused,0.8666666666666667,0.5185166734915513,204.4759979248047,252.3199920654297,381.24847412109375,412.18231201171875,50.9499769198999
4064,135.46666666666667,frustrated,0.799859344959259,confused,0.8666666666666667,0.5185166734915513,205.13616943359375,254.0416259765625,379.57598876953125,413.89605712890625,47.47749114247875
4065,135.5,confused,0.25589749217033386,confused,0.8666666666666667,0.5150819489589105,204.25518798828125,252.21853637695312,380.87744140625,411.7489929199219,57.07778564041152
4066,135.53333333333333,frustrated,0.8453064560890198,confused,0.8333333333333334,0.521877213716507,205.78236389160156,253.90994262695312,379.630126953125,414.1438903808594,47.282139153176715
4067,135.56666666666666,frustrated,0.8372066617012024,confused,0.8,0.5219705464939276,205.63568115234375,253.70826721191406,380.0269775390625,414.240966796875,56.77799436863764
4068,135.6,frustrated,0.8240615725517273,confused,0.7666666666666667,0.5079760642155356,205.28604125976562,253.44281005859375,379.8519592285156,414.261474609375,51.68645331427374
4069,135.63333333333333,frustrated,0.8240615725517273,neutral,0.7333333333333333,0.4927093562754718,205.28604125976562,253.44281005859375,379.8519592285156,414.261474609375,44.4236570072869
4070,135.66666666666666,frustrated,0.8566701412200928,neutral,0.7,0.47561887758118765,205.90176391601562,253.2644500732422,380.4241027832031,414.18853759765625,55.00365877647367
4071,135.7,confused,0.33819109201431274,neutral,0.7,0.45013404318264555,205.16441345214844,252.09100341796875,381.0643310546875,412.14483642578125,49.88883470317462
4072,135.73333333333332,confused,0.33819109201431274,neutral,0.7,0.4246492087841034,205.16441345214844,252.09100341796875,381.0643310546875,412.14483642578125,52.28436444322559
4073,135.76666666666668,frustrated,0.8529890179634094,neutral,0.6666666666666666,0.40522321313619614,207.00253295898438,253.90811157226562,378.9096374511719,412.7663879394531,45.681624117800816
4074,135.8,frustrated,0.8420514464378357,neutral,0.6666666666666666,0.40522321313619614,207.08059692382812,253.04115295410156,380.3147888183594,413.640869140625,53.20357709139342
4075,135.83333333333334,confused,0.2964610755443573,neutral,0.7,0.400044063727061,206.58351135253906,251.71376037597656,381.7457275390625,411.243896484375,47.76458798341912
4076,135.86666666666667,confused,0.2964610755443573,neutral,0.7,0.4019686735811688,206.58351135253906,251.71376037597656,381.7457275390625,411.243896484375,53.80623973727422
4077,135.9,confused,0.307028204202652,neutral,0.7,0.3952995425178891,206.15306091308594,251.91842651367188,380.93896484375,411.5964660644531,53.519937730480166
4078,135.93333333333334,frustrated,0.856894850730896,neutral,0.6666666666666666,0.39271052181720734,207.37867736816406,252.57997131347656,380.5142822265625,413.352783203125,51.11700973760862
4079,135.96666666666667,frustrated,0.856894850730896,neutral,0.6333333333333333,0.37799862811439916,207.37867736816406,252.57997131347656,380.5142822265625,413.352783203125,46.492828164143035
4080,136.0,frustrated,0.8437079191207886,neutral,0.6,0.36819788151317173,207.29681396484375,252.4730224609375,380.9521484375,413.08233642578125,47.679883594034195
4081,136.03333333333333,frustrated,0.8437079191207886,neutral,0.5666666666666667,0.3572441059000352,207.29681396484375,252.4730224609375,380.9521484375,413.08233642578125,52.261562998405104
4082,136.06666666666666,frustrated,0.8435552716255188,neutral,0.5333333333333333,0.3483184427022934,207.00718688964844,252.12660217285156,380.7513427734375,413.3914794921875,49.7426944971537
4083,136.1,confused,0.43960776925086975,neutral,0.5333333333333333,0.3570466171950102,205.73077392578125,251.1869659423828,381.92681884765625,411.43170166015625,49.86926021924714
4084,136.13333333333333,confused,0.43960776925086975,neutral,0.5333333333333333,0.3601859528571367,205.73077392578125,251.1869659423828,381.92681884765625,411.43170166015625,45.149561885078256
4085,136.16666666666666,confused,0.32542550563812256,neutral,0.5333333333333333,0.35618889704346657,205.88876342773438,251.51683044433594,381.6642761230469,411.1719970703125,55.714566563056245
4086,136.2,frustrated,0.8341059684753418,neutral,0.5,0.3520827790101369,207.0654296875,252.41555786132812,381.09954833984375,412.5311584472656,52.652573437107705
4087,136.23333333333332,confused,0.40123361349105835,neutral,0.5,0.3509796420733134,204.60963439941406,250.83609008789062,382.1259765625,411.2007751464844,57.61090049997253
4088,136.26666666666668,confused,0.40123361349105835,neutral,0.5,0.3546775142351786,204.60963439941406,250.83609008789062,382.1259765625,411.2007751464844,48.3883710198431
4089,136.3,confused,0.39110395312309265,neutral,0.5,0.35640379786491394,205.27337646484375,251.62649536132812,381.83258056640625,411.3069763183594,48.949128806003245
4090,136.33333333333334,frustrated,0.845129132270813,frustrated,0.5333333333333333,0.8402690179646015,206.56472778320312,252.8274688720703,380.2050476074219,412.91546630859375,44.53781298447554
4091,136.36666666666667,frustrated,0.845129132270813,frustrated,0.5333333333333333,0.8407082036137581,206.56472778320312,252.8274688720703,380.2050476074219,412.91546630859375,44.60601935552483
4092,136.4,frustrated,0.8854263424873352,frustrated,0.5666666666666667,0.8433386823710274,206.08126831054688,251.0384063720703,380.4026794433594,410.65875244140625,52.36399955055619
4093,136.43333333333334,confused,0.2958478033542633,frustrated,0.5666666666666667,0.8433386823710274,204.46640014648438,249.82359313964844,381.5002136230469,410.6019287109375,54.59982556398808
4094,136.46666666666667,confused,0.2958478033542633,frustrated,0.5333333333333333,0.8460561409592628,204.46640014648438,249.82359313964844,381.5002136230469,410.6019287109375,49.86451720284376
4095,136.5,frustrated,0.8558714389801025,frustrated,0.5666666666666667,0.8466335114310769,205.1351318359375,250.58761596679688,380.1456298828125,411.4131164550781,49.61442191677116
4096,136.53333333333333,frustrated,0.8558714389801025,frustrated,0.5666666666666667,0.8472549810129053,205.1351318359375,250.58761596679688,380.1456298828125,411.4131164550781,55.44940641442585
4097,136.56666666666666,frustrated,0.8782966732978821,frustrated,0.5666666666666667,0.8496720405185924,205.56475830078125,251.0994415283203,379.8592529296875,411.27398681640625,58.44823790080963
4098,136.6,frustrated,0.8785821795463562,frustrated,0.5666666666666667,0.8528791350476882,204.97210693359375,250.545654296875,379.8997802734375,411.46533203125,54.999331244017256
4099,136.63333333333333,frustrated,0.8935911059379578,frustrated,0.5666666666666667,0.8569691075998194,205.63522338867188,250.08822631835938,380.1900939941406,410.0519714355469,43.7453483521068
4100,136.66666666666666,frustrated,0.8935911059379578,frustrated,0.5666666666666667,0.8591409290538115,205.63522338867188,250.08822631835938,380.1900939941406,410.0519714355469,55.901692656270825
4101,136.7,frustrated,0.8587676286697388,frustrated,0.6,0.8591201901435852,204.851806640625,250.58718872070312,379.83203125,411.3680114746094,52.89426957223567
4102,136.73333333333332,frustrated,0.8671725988388062,frustrated,0.6333333333333333,0.8595440011275443,205.04574584960938,250.28668212890625,379.6928405761719,410.4383544921875,48.632430865557424
4103,136.76666666666668,frustrated,0.8671725988388062,frustrated,0.6333333333333333,0.860290505384144,205.04574584960938,250.28668212890625,379.6928405761719,410.4383544921875,49.79939209726444
4104,136.8,frustrated,0.8833677768707275,frustrated,0.6333333333333333,0.8624650490911383,205.39466857910156,250.46426391601562,379.5872802734375,410.4422302246094,52.42093685947108
4105,136.83333333333334,confused,0.2770768105983734,frustrated,0.6333333333333333,0.8624650490911383,204.26760864257812,249.9237060546875,380.9939880371094,409.413330078125,49.59154380032397
4106,136.86666666666667,confused,0.2770768105983734,frustrated,0.6333333333333333,0.8624650490911383,204.26760864257812,249.9237060546875,380.9939880371094,409.413330078125,48.31590830549476
4107,136.9,frustrated,0.8449395298957825,frustrated,0.6666666666666666,0.8615887731313705,204.85479736328125,250.66542053222656,379.25244140625,410.3375244140625,52.48587839275212
4108,136.93333333333334,frustrated,0.8449395298957825,frustrated,0.6666666666666666,0.8609910070896148,204.85479736328125,250.66542053222656,379.25244140625,410.3375244140625,44.522684330085134
4109,136.96666666666667,frustrated,0.853683590888977,frustrated,0.6666666666666666,0.860830444097519,205.21817016601562,251.0205078125,379.3334655761719,410.17901611328125,58.6722620896107
4110,137.0,frustrated,0.8412762880325317,frustrated,0.6666666666666666,0.8607088625431061,204.90057373046875,250.79269409179688,379.594970703125,410.4529113769531,47.9086215561749
4111,137.03333333333333,frustrated,0.8704783320426941,frustrated,0.6666666666666666,0.8620473831892014,204.984130859375,250.81961059570312,379.848876953125,410.0700988769531,58.62142028539882
4112,137.06666666666666,frustrated,0.8704783320426941,frustrated,0.6666666666666666,0.8633935362100601,204.984130859375,250.81961059570312,379.848876953125,410.0700988769531,49.84910862847635
4113,137.1,frustrated,0.8770498037338257,frustrated,0.7,0.8640438346635728,205.05621337890625,251.060546875,378.841796875,410.01458740234375,55.431086206668695
4114,137.13333333333333,frustrated,0.8499097228050232,frustrated,0.7333333333333333,0.8634013750336387,204.87396240234375,250.93838500976562,379.89654541015625,411.6654968261719,50.758220081565476
4115,137.16666666666666,frustrated,0.8499097228050232,frustrated,0.7666666666666667,0.8628147814584815,204.87396240234375,250.93838500976562,379.89654541015625,411.6654968261719,56.356116896204234
4116,137.2,frustrated,0.865652322769165,frustrated,0.7666666666666667,0.864186362079952,204.89334106445312,250.93466186523438,380.0215759277344,410.7716369628906,52.48653518870758
4117,137.23333333333332,frustrated,0.8683639764785767,frustrated,0.8,0.8643604293465614,205.10455322265625,251.13311767578125,379.45819091796875,411.02691650390625,56.91822499660741
4118,137.26666666666668,frustrated,0.8683639764785767,frustrated,0.8333333333333334,0.864520571231842,205.10455322265625,251.13311767578125,379.45819091796875,411.02691650390625,46.68481684716672
4119,137.3,frustrated,0.8484982252120972,frustrated,0.8666666666666667,0.8639043271541595,206.24024963378906,251.8050537109375,380.055908203125,412.0650634765625,52.84561982638058
4120,137.33333333333334,frustrated,0.8923895359039307,frustrated,0.8666666666666667,0.8657220349862025,206.7791748046875,251.53184509277344,379.2999267578125,410.6986083984375,53.29348682371477
4121,137.36666666666667,frustrated,0.8923895359039307,frustrated,0.8666666666666667,0.8675397428182455,206.7791748046875,251.53184509277344,379.2999267578125,410.6986083984375,55.07588470881754
4122,137.4,frustrated,0.890790581703186,frustrated,0.8666666666666667,0.8677460597111628,206.96368408203125,251.7747344970703,379.65887451171875,410.64434814453125,52.43797664591303
4123,137.43333333333334,frustrated,0.8784592747688293,frustrated,0.9,0.8681428454540394,207.45501708984375,252.0662078857422,379.3177490234375,410.45928955078125,43.002183786665576
4124,137.46666666666667,frustrated,0.8784592747688293,frustrated,0.9333333333333333,0.868511289358139,207.45501708984375,252.0662078857422,379.3177490234375,410.45928955078125,50.85484262088365
4125,137.5,frustrated,0.8903825283050537,frustrated,0.9333333333333333,0.8697438282626015,206.72979736328125,251.62857055664062,381.00885009765625,410.7284240722656,53.163789388293154
4126,137.53333333333333,frustrated,0.8718908429145813,frustrated,0.9333333333333333,0.8703159498316901,207.12387084960938,251.40647888183594,380.9694519042969,410.68603515625,55.25291459735743
4127,137.56666666666666,frustrated,0.8718908429145813,frustrated,0.9333333333333333,0.8700871701751437,207.12387084960938,251.40647888183594,380.9694519042969,410.68603515625,43.41659938306109
4128,137.6,frustrated,0.8873825073242188,frustrated,0.9333333333333333,0.8704014675957816,207.58151245117188,252.32861328125,380.4643859863281,410.48101806640625,49.81832003040669
4129,137.63333333333333,frustrated,0.8753080368041992,frustrated,0.9333333333333333,0.8697485008410045,207.21327209472656,252.23448181152344,380.36572265625,410.704345703125,53.93562656722176
4130,137.66666666666666,frustrated,0.8753080368041992,frustrated,0.9333333333333333,0.8690955340862274,207.21327209472656,252.23448181152344,380.36572265625,410.704345703125,52.48719200110123
4131,137.7,frustrated,0.8851283192634583,frustrated,0.9333333333333333,0.8700369873217174,207.1785888671875,251.9897918701172,381.03466796875,411.44195556640625,44.62167941530049
4132,137.73333333333332,frustrated,0.8766722679138184,frustrated,0.9333333333333333,0.8703762612172535,206.66844177246094,252.28683471679688,380.5,411.6788024902344,49.374377567717104
4133,137.76666666666668,frustrated,0.8766722679138184,frustrated,0.9333333333333333,0.8707155351127897,206.66844177246094,252.28683471679688,380.5,411.6788024902344,49.13319120024366
4134,137.8,frustrated,0.8636436462402344,frustrated,0.9333333333333333,0.8700111018759864,206.5616455078125,252.1517791748047,380.768310546875,410.46221923828125,46.527899185765314
4135,137.83333333333334,frustrated,0.8554906249046326,frustrated,0.9666666666666667,0.8695103957735258,206.13800048828125,253.32415771484375,381.1513671875,413.08905029296875,52.162769873644415
4136,137.86666666666667,frustrated,0.8554906249046326,frustrated,1.0,0.8690430700778962,206.13800048828125,253.32415771484375,381.1513671875,413.08905029296875,48.31479518960512
4137,137.9,frustrated,0.8433777689933777,frustrated,1.0,0.8689910113811493,205.60528564453125,254.3374481201172,379.310791015625,410.69122314453125,56.75110611985333
4138,137.93333333333334,frustrated,0.8639888763427734,frustrated,1.0,0.869625989596049,206.28607177734375,255.88645935058594,377.064697265625,410.3651123046875,53.0293574733861
4139,137.96666666666667,frustrated,0.8639888763427734,frustrated,1.0,0.8699694991111755,206.28607177734375,255.88645935058594,377.064697265625,410.3651123046875,47.51298752789515
4140,138.0,frustrated,0.8866814970970154,frustrated,1.0,0.8714830060799916,209.44540405273438,260.20428466796875,377.1117858886719,412.26788330078125,58.43439493995375
4141,138.03333333333333,frustrated,0.8792988657951355,frustrated,1.0,0.8717770238717397,210.6922607421875,262.5582580566406,376.82818603515625,412.7648620605469,47.579281711550244
4142,138.06666666666666,frustrated,0.8792988657951355,frustrated,1.0,0.8720710416634877,210.6922607421875,262.5582580566406,376.82818603515625,412.7648620605469,57.02269050370471
4143,138.1,frustrated,0.8854010105133057,frustrated,1.0,0.8723494152228037,210.81646728515625,263.0304260253906,377.02325439453125,413.8011169433594,52.4806246168091
4144,138.13333333333333,frustrated,0.8724117279052734,frustrated,1.0,0.8730994820594787,211.549072265625,263.3909912109375,376.85772705078125,414.989501953125,58.10492484588211
4145,138.16666666666666,frustrated,0.8391180038452148,frustrated,1.0,0.8727397580941518,210.66455078125,264.8271484375,377.8836669921875,416.572998046875,55.194020423202446
4146,138.2,frustrated,0.8391180038452148,frustrated,1.0,0.8718552807966868,210.66455078125,264.8271484375,377.8836669921875,416.572998046875,50.12253677656816
4147,138.23333333333332,frustrated,0.8583285212516785,frustrated,1.0,0.8715207656224568,211.92129516601562,262.54736328125,377.9258117675781,415.328369140625,50.934508846709655
4148,138.26666666666668,frustrated,0.8583285212516785,frustrated,1.0,0.871186250448227,211.92129516601562,262.54736328125,377.9258117675781,415.328369140625,54.81030787726726
4149,138.3,frustrated,0.7305533289909363,frustrated,1.0,0.8672547539075216,208.70062255859375,261.74334716796875,377.66632080078125,416.32269287109375,56.99247221240862
4150,138.33333333333334,frustrated,0.8868131637573242,frustrated,1.0,0.8670688748359681,209.33787536621094,262.36248779296875,377.534912109375,416.09844970703125,50.2896058894764
4151,138.36666666666667,frustrated,0.8868131637573242,frustrated,1.0,0.8668829957644145,209.33787536621094,262.36248779296875,377.534912109375,416.09844970703125,48.1799322267532
4152,138.4,frustrated,0.8876400589942932,frustrated,1.0,0.8667779783407847,209.817626953125,262.3289794921875,377.7779541015625,415.8385009765625,49.7385653468047
4153,138.43333333333334,frustrated,0.858426034450531,frustrated,1.0,0.8661102036635081,208.67059326171875,262.59771728515625,377.91619873046875,416.7388916015625,57.314111586340715
4154,138.46666666666667,frustrated,0.858426034450531,frustrated,1.0,0.8654424289862315,208.67059326171875,262.59771728515625,377.91619873046875,416.7388916015625,53.70015107674186
4155,138.5,confused,0.45063725113868713,frustrated,0.9666666666666667,0.8645824255614445,208.6905517578125,263.24169921875,379.234130859375,416.911865234375,52.27458995961912
4156,138.53333333333333,frustrated,0.8320388197898865,frustrated,0.9666666666666667,0.8632082178674895,209.10812377929688,264.51458740234375,378.3584289550781,417.30523681640625,50.88754352547226
4157,138.56666666666666,confused,0.43755197525024414,frustrated,0.9333333333333333,0.8628981241158077,209.01771545410156,264.2603759765625,378.8909912109375,416.77734375,57.25855949325616
4158,138.6,confused,0.43755197525024414,frustrated,0.9,0.8619912951080887,209.01771545410156,264.2603759765625,378.8909912109375,416.77734375,49.837262357414446
4159,138.63333333333333,frustrated,0.8301112651824951,frustrated,0.9,0.8603173406035812,208.41763305664062,263.9817199707031,377.7664489746094,416.3061828613281,47.56687117955929
4160,138.66666666666666,frustrated,0.8301112651824951,frustrated,0.9,0.8586433860990736,208.41763305664062,263.9817199707031,377.7664489746094,416.3061828613281,49.90545541079184
4161,138.7,frustrated,0.8151177167892456,frustrated,0.9,0.8560504008222509,208.6161346435547,264.62298583984375,378.07989501953125,416.48284912109375,48.24532707592854
4162,138.73333333333332,confused,0.6156526207923889,frustrated,0.8666666666666667,0.8552572520879599,207.9739990234375,264.0621032714844,378.67620849609375,416.3429870605469,49.512512985173295
4163,138.76666666666668,confused,0.6156526207923889,frustrated,0.8333333333333334,0.8544006514549255,207.9739990234375,264.0621032714844,378.67620849609375,416.3429870605469,45.875988493552235
4164,138.8,confused,0.6126096248626709,frustrated,0.8,0.8540155266722044,208.4326934814453,263.85443115234375,378.14666748046875,415.72894287109375,50.07466482014303
4165,138.83333333333334,confused,0.6859311461448669,frustrated,0.7666666666666667,0.8539513919664465,208.14456176757812,263.2777099609375,378.5912780761719,415.579833984375,53.90997660728516
4166,138.86666666666667,confused,0.6859311461448669,frustrated,0.7333333333333333,0.8538814268328927,208.14456176757812,263.2777099609375,378.5912780761719,415.579833984375,45.32324782261028
4167,138.9,confused,0.7468742728233337,frustrated,0.7,0.8543816010157267,208.0052032470703,261.88592529296875,378.92144775390625,416.036865234375,54.76736655176016
4168,138.93333333333334,confused,0.6414234638214111,frustrated,0.6666666666666666,0.8539012372493744,208.57192993164062,262.8294677734375,378.1902770996094,415.31500244140625,54.21729295122866
4169,138.96666666666667,confused,0.419063925743103,frustrated,0.6333333333333333,0.8533703088760376,208.60922241210938,263.2252197265625,378.1551818847656,415.47711181640625,55.02675045589914
4170,139.0,confused,0.419063925743103,frustrated,0.6,0.8515196873082055,208.60922241210938,263.2252197265625,378.1551818847656,415.47711181640625,55.97181594961033
4171,139.03333333333333,confused,0.472872257232666,frustrated,0.5666666666666667,0.8498856179854449,208.45263671875,262.9456787109375,378.3330078125,415.556884765625,50.41715549572074
4172,139.06666666666666,confused,0.472872257232666,frustrated,0.5333333333333333,0.8480472899973392,208.45263671875,262.9456787109375,378.3330078125,415.556884765625,50.73611631929744
4173,139.1,confused,0.4664086699485779,frustrated,0.5,0.8455570419629415,208.53321838378906,262.7991943359375,377.938720703125,415.4837646484375,46.63031974029439
4174,139.13333333333333,confused,0.49987533688545227,confused,0.5333333333333333,0.542498279362917,208.6217041015625,262.04132080078125,378.75970458984375,415.42816162109375,52.249844283329594
4175,139.16666666666666,confused,0.49987533688545227,confused,0.5666666666666667,0.5399910474524778,208.6217041015625,262.04132080078125,378.75970458984375,415.42816162109375,57.79029457962468
4176,139.2,confused,0.4479323923587799,confused,0.6,0.5348766777250502,208.42999267578125,261.836669921875,378.0518798828125,415.135498046875,56.25784990946281
4177,139.23333333333332,frustrated,0.8560144901275635,confused,0.6,0.5348766777250502,209.4078369140625,260.90350341796875,376.05126953125,414.638671875,51.5733274312344
4178,139.26666666666668,frustrated,0.7942001223564148,confused,0.6,0.5348766777250502,209.12376403808594,260.5325927734375,377.23193359375,414.55859375,55.81094315520545
4179,139.3,frustrated,0.7942001223564148,confused,0.6,0.5348766777250502,209.12376403808594,260.5325927734375,377.23193359375,414.55859375,48.50981344621399
4180,139.33333333333334,confused,0.7527826428413391,confused,0.6333333333333333,0.5463454127311707,207.73147583007812,258.5762939453125,378.4524841308594,414.3636474609375,53.26844384612454
4181,139.36666666666667,confused,0.7986676692962646,confused,0.6666666666666666,0.5589615255594254,207.0262451171875,256.73028564453125,378.7333984375,413.96429443359375,60.60257188267592
4182,139.4,confused,0.7986676692962646,confused,0.7,0.5703761038326082,207.0262451171875,256.73028564453125,378.7333984375,413.96429443359375,47.91683136645608
4183,139.43333333333334,frustrated,0.7302600741386414,confused,0.7,0.5703761038326082,206.97225952148438,255.7493133544922,377.3046569824219,413.23345947265625,51.07965851935747
4184,139.46666666666667,frustrated,0.7302600741386414,confused,0.7,0.5703761038326082,206.97225952148438,255.7493133544922,377.3046569824219,413.23345947265625,50.078849965374786
4185,139.5,frustrated,0.8244951963424683,confused,0.6666666666666666,0.5763630464673042,207.94210815429688,254.2782745361328,378.8586120605469,412.39373779296875,52.54176479430776
4186,139.53333333333333,frustrated,0.8769964575767517,confused,0.6666666666666666,0.5763630464673042,209.62701416015625,254.59063720703125,382.07342529296875,412.9022216796875,54.45662871165007
4187,139.56666666666666,frustrated,0.8769964575767517,confused,0.6333333333333333,0.5836688923208337,209.62701416015625,254.59063720703125,382.07342529296875,412.9022216796875,48.13680235961117
4188,139.6,frustrated,0.8910998106002808,confused,0.6,0.5917864988247553,210.50277709960938,251.36326599121094,380.7732238769531,409.001220703125,49.117080825350726
4189,139.63333333333333,frustrated,0.8872200846672058,confused,0.6,0.5917864988247553,211.0160369873047,252.6167755126953,381.48297119140625,410.17596435546875,59.426239727968266
4190,139.66666666666666,frustrated,0.8005682826042175,confused,0.6,0.5917864988247553,209.28485107421875,249.91990661621094,384.41510009765625,411.2557373046875,52.47537189255464
4191,139.7,frustrated,0.8005682826042175,confused,0.6,0.5917864988247553,209.28485107421875,249.91990661621094,384.41510009765625,411.2557373046875,53.718032786885246
4192,139.73333333333332,frustrated,0.7797307968139648,confused,0.5666666666666667,0.5903826092972475,208.76658630371094,249.31298828125,385.0064697265625,410.75482177734375,54.04334492977709
4193,139.76666666666668,frustrated,0.7395214438438416,confused,0.5333333333333333,0.5888032335788012,208.51239013671875,248.52044677734375,385.53076171875,410.89935302734375,53.82073885873401
4194,139.8,frustrated,0.7395214438438416,confused,0.5,0.5872161408265432,208.51239013671875,248.52044677734375,385.53076171875,410.89935302734375,47.44741456351316
4195,139.83333333333334,frustrated,0.6970517635345459,frustrated,0.5333333333333333,0.8011690564453602,208.91632080078125,249.34495544433594,385.25396728515625,410.31201171875,55.50664337515219
4196,139.86666666666667,frustrated,0.5543587803840637,frustrated,0.5666666666666667,0.7866508049123427,208.30352783203125,248.13427734375,385.8433837890625,410.520263671875,49.84496179305263
4197,139.9,frustrated,0.5543587803840637,frustrated,0.6,0.7737456924385495,208.30352783203125,248.13427734375,385.8433837890625,410.520263671875,53.02600538565595
4198,139.93333333333334,frustrated,0.7299798130989075,frustrated,0.6333333333333333,0.7714422251048841,208.6809539794922,247.9154052734375,385.71319580078125,410.13134765625,55.33966645556259
4199,139.96666666666667,frustrated,0.7299798130989075,frustrated,0.6666666666666666,0.7693691045045853,208.6809539794922,247.9154052734375,385.71319580078125,410.13134765625,48.42188870930501
4200,140.0,frustrated,0.7592839598655701,frustrated,0.7,0.768888859521775,208.15089416503906,247.6136474609375,386.0546875,410.00396728515625,53.159072762068924
4201,140.03333333333333,frustrated,0.7795718908309937,frustrated,0.7333333333333333,0.7693744518540122,208.2264404296875,248.11598205566406,385.48016357421875,410.1822509765625,54.88274472344713
4202,140.06666666666666,frustrated,0.797468364238739,frustrated,0.7666666666666667,0.7705959263055221,208.4979248046875,247.74237060546875,384.98358154296875,409.9620361328125,53.03874557410217
4203,140.1,frustrated,0.797468364238739,frustrated,0.8,0.7717156112194061,208.4979248046875,247.74237060546875,384.98358154296875,409.9620361328125,54.21939553763024
4204,140.13333333333333,frustrated,0.7674213647842407,frustrated,0.8333333333333334,0.7715438413619995,208.33595275878906,247.4823760986328,385.3350830078125,409.75018310546875,52.54637250848774
4205,140.16666666666666,frustrated,0.7812885642051697,frustrated,0.8666666666666667,0.7719186383944291,208.24070739746094,247.643310546875,385.41650390625,410.19049072265625,52.65125153774698
4206,140.2,frustrated,0.7812885642051697,frustrated,0.9,0.7722656726837158,208.24070739746094,247.643310546875,385.41650390625,410.19049072265625,53.079689694883506
4207,140.23333333333332,frustrated,0.7823373079299927,frustrated,0.9,0.7695368881578799,208.73715209960938,247.77032470703125,385.0822448730469,409.87115478515625,56.10133354734294
4208,140.26666666666668,frustrated,0.7270381450653076,frustrated,0.9,0.7670494075174685,208.58377075195312,248.0985107421875,384.9512023925781,409.8160400390625,56.06009249111177
4209,140.3,frustrated,0.7270381450653076,frustrated,0.9,0.7645619268770572,208.58377075195312,248.0985107421875,384.9512023925781,409.8160400390625,49.84200019013214
4210,140.33333333333334,frustrated,0.749261200428009,frustrated,0.9333333333333333,0.7640154723610196,208.39671325683594,247.6876220703125,385.2259521484375,409.820556640625,59.393421033999346
4211,140.36666666666667,frustrated,0.749261200428009,frustrated,0.9666666666666667,0.7635067043633297,208.39671325683594,247.6876220703125,385.2259521484375,409.820556640625,52.2784993144709
4212,140.4,frustrated,0.7328160405158997,frustrated,1.0,0.762483682235082,208.26817321777344,247.7484130859375,384.8216552734375,410.2845458984375,53.964078019659304
4213,140.43333333333334,frustrated,0.7958812713623047,frustrated,1.0,0.7646710554758708,208.95303344726562,247.7930450439453,384.7659606933594,410.35284423828125,51.733629355535
4214,140.46666666666667,frustrated,0.6228142380714417,frustrated,1.0,0.7610895276069641,208.76666259765625,248.0076904296875,385.21929931640625,410.10076904296875,48.51149664584779
4215,140.5,frustrated,0.6228142380714417,frustrated,1.0,0.7543668289979298,208.76666259765625,248.0076904296875,385.21929931640625,410.10076904296875,49.47455088054543
4216,140.53333333333333,frustrated,0.7666602730751038,frustrated,1.0,0.7506889561812083,209.3226318359375,247.78402709960938,385.00775146484375,410.4211120605469,49.859775088561854
4217,140.56666666666666,frustrated,0.7579587697982788,frustrated,1.0,0.7467210332552592,209.31980895996094,248.328857421875,384.42529296875,410.11004638671875,48.68888501944396
4218,140.6,frustrated,0.7579587697982788,frustrated,1.0,0.7422829985618591,209.31980895996094,248.328857421875,384.42529296875,410.11004638671875,52.109628525282645
4219,140.63333333333333,frustrated,0.7943495512008667,frustrated,1.0,0.7391873141129811,209.365478515625,248.02435302734375,385.0628662109375,410.24737548828125,52.298054862842896
4220,140.66666666666666,frustrated,0.8168065547943115,frustrated,1.0,0.739728589852651,209.548583984375,247.9346160888672,385.02679443359375,410.36346435546875,47.34885926193513
4221,140.7,frustrated,0.8168065547943115,frustrated,1.0,0.7402698655923208,209.548583984375,247.9346160888672,385.02679443359375,410.36346435546875,53.99742520212163
4222,140.73333333333332,frustrated,0.7887318730354309,frustrated,1.0,0.7405699014663696,209.40731811523438,247.87979125976562,385.2579040527344,410.8947448730469,53.793818135180196
4223,140.76666666666668,frustrated,0.8043951392173767,frustrated,1.0,0.7427323579788208,209.38343811035156,248.12738037109375,384.7027587890625,410.70709228515625,55.17804614939353
4224,140.8,frustrated,0.8043951392173767,frustrated,1.0,0.7448948144912719,209.38343811035156,248.12738037109375,384.7027587890625,410.70709228515625,52.445844899592366
4225,140.83333333333334,frustrated,0.8220009803771973,frustrated,1.0,0.749059788386027,209.31802368164062,248.1817626953125,384.2104797363281,410.95367431640625,52.452403581611726
4226,140.86666666666667,frustrated,0.8492491841316223,frustrated,1.0,0.7588894685109456,209.6829376220703,248.595458984375,384.41009521484375,410.73040771484375,51.872467783027034
4227,140.9,frustrated,0.8492491841316223,frustrated,1.0,0.7687191486358642,209.6829376220703,248.595458984375,384.41009521484375,410.73040771484375,53.120697079459966
4228,140.93333333333334,frustrated,0.819863498210907,frustrated,1.0,0.771715271472931,209.18531799316406,248.88571166992188,384.5115966796875,410.8609924316406,48.249767051271725
4229,140.96666666666667,frustrated,0.8284724354743958,frustrated,1.0,0.7749983588854472,209.37814331054688,249.0443572998047,384.3122253417969,411.08721923828125,49.88527456320841
4230,141.0,frustrated,0.8284724354743958,frustrated,1.0,0.7773046414057414,209.37814331054688,249.0443572998047,384.3122253417969,411.08721923828125,49.80116597998124
4231,141.03333333333333,frustrated,0.8281604051589966,frustrated,1.0,0.7789242585500081,208.9924774169922,248.8436737060547,383.34332275390625,409.60443115234375,53.521986575810935
4232,141.06666666666666,frustrated,0.8399531841278076,frustrated,1.0,0.7803404192129771,209.16744995117188,249.09396362304688,383.5259094238281,409.9712219238281,49.81950350397909
4233,141.1,frustrated,0.8399531841278076,frustrated,1.0,0.781756579875946,209.16744995117188,249.09396362304688,383.5259094238281,409.9712219238281,52.23227606131928
4234,141.13333333333333,frustrated,0.7661152482032776,frustrated,1.0,0.7817130426565806,209.30264282226562,249.2802734375,384.4271545410156,411.03021240234375,56.400828335529674
4235,141.16666666666666,frustrated,0.7493463158607483,frustrated,1.0,0.7806483010450999,209.336181640625,249.46139526367188,385.6322021484375,411.6397399902344,43.84549607468038
4236,141.2,frustrated,0.7493463158607483,frustrated,1.0,0.7795835594336192,209.336181640625,249.46139526367188,385.6322021484375,411.6397399902344,52.192628356685994
4237,141.23333333333332,frustrated,0.7550839781761169,frustrated,1.0,0.77867511510849,209.28237915039062,249.3253631591797,385.0080871582031,411.50311279296875,55.81465660638482
4238,141.26666666666668,frustrated,0.8306585550308228,frustrated,1.0,0.7821291287740072,208.932373046875,249.35931396484375,383.6453857421875,410.25360107421875,49.79407120724657
4239,141.3,frustrated,0.8306585550308228,frustrated,1.0,0.7855831424395243,208.932373046875,249.35931396484375,383.6453857421875,410.25360107421875,47.1593339254995
4240,141.33333333333334,frustrated,0.8320505619049072,frustrated,1.0,0.7883427878220876,208.7183074951172,249.24331665039062,383.60552978515625,410.0947570800781,52.673732857788714
4241,141.36666666666667,frustrated,0.8100199699401855,frustrated,1.0,0.7903680801391602,209.33311462402344,249.48236083984375,384.1639404296875,411.127197265625,57.84927728125345
4242,141.4,frustrated,0.8100199699401855,frustrated,1.0,0.792941544453303,209.33311462402344,249.48236083984375,384.1639404296875,411.127197265625,60.50989670494547
4243,141.43333333333334,frustrated,0.8301607370376587,frustrated,1.0,0.7940841933091481,209.26995849609375,249.572021484375,384.012939453125,411.2664794921875,47.552849676314864
4244,141.46666666666667,frustrated,0.8056519031524658,frustrated,1.0,0.8001787821451823,209.3461151123047,249.32986450195312,384.37835693359375,411.3874206542969,55.005101438631925
4245,141.5,frustrated,0.8056519031524658,frustrated,1.0,0.8062733709812164,209.3461151123047,249.32986450195312,384.37835693359375,411.3874206542969,52.34112860957895
4246,141.53333333333333,frustrated,0.822823166847229,frustrated,1.0,0.8081454674402873,209.19024658203125,249.61773681640625,383.9207763671875,411.09857177734375,54.5628910772593
4247,141.56666666666666,frustrated,0.8127376437187195,frustrated,1.0,0.8099714299043019,209.4415283203125,249.30511474609375,384.21649169921875,411.019287109375,53.31719780848386
4248,141.6,frustrated,0.8127376437187195,frustrated,1.0,0.8117973923683166,209.4415283203125,249.30511474609375,384.21649169921875,411.019287109375,48.565420777175675
4249,141.63333333333333,frustrated,0.8269082307815552,frustrated,1.0,0.812882681687673,209.84165954589844,249.7589111328125,384.0,411.35430908203125,52.97912061539239
4250,141.66666666666666,frustrated,0.8100028038024902,frustrated,1.0,0.8126558899879456,208.87142944335938,249.19598388671875,383.9638366699219,411.03729248046875,53.365362104941724
4251,141.7,frustrated,0.7140944004058838,frustrated,1.0,0.8092321515083313,209.52476501464844,249.4430389404297,384.0008544921875,411.15716552734375,55.39375049525872
4252,141.73333333333332,frustrated,0.7140944004058838,frustrated,1.0,0.8067442357540131,209.52476501464844,249.4430389404297,384.0008544921875,411.15716552734375,53.47422102095976
4253,141.76666666666668,confused,0.46070435643196106,frustrated,0.9666666666666667,0.8068252390828626,212.3899383544922,249.56423950195312,384.49066162109375,408.6212463378906,51.09583734330649
4254,141.8,confused,0.46070435643196106,frustrated,0.9333333333333333,0.8069120283637728,212.3899383544922,249.56423950195312,384.49066162109375,408.6212463378906,54.99428331672523
4255,141.83333333333334,frustrated,0.8046684265136719,frustrated,0.9333333333333333,0.8062930085829326,215.52906799316406,247.96498107910156,383.498779296875,407.80810546875,55.158453991925406
4256,141.86666666666667,frustrated,0.8907330632209778,frustrated,0.9333333333333333,0.8077745756932667,219.58233642578125,247.68711853027344,381.72039794921875,403.010498046875,47.26615429691902
4257,141.9,frustrated,0.8907330632209778,frustrated,0.9333333333333333,0.8092561428036008,219.58233642578125,247.68711853027344,381.72039794921875,403.010498046875,52.2296743664778
4258,141.93333333333334,frustrated,0.8117650747299194,frustrated,0.9333333333333333,0.8089669133935656,222.05923461914062,244.10971069335938,383.0618591308594,396.1269226074219,55.08239434770047
4259,141.96666666666667,engaged,0.5102946162223816,frustrated,0.9,0.8082444866498312,224.35165405273438,236.39549255371094,385.9684753417969,390.7271728515625,55.34623860232506
4260,142.0,engaged,0.5102946162223816,frustrated,0.8666666666666667,0.8074664886181171,224.35165405273438,236.39549255371094,385.9684753417969,390.7271728515625,47.09367526357747
4261,142.03333333333333,engaged,0.8908166885375977,frustrated,0.8333333333333334,0.806638731956482,227.52662658691406,231.84503173828125,387.9197998046875,383.740234375,51.9032792971167
4262,142.06666666666666,engaged,0.9235633611679077,frustrated,0.8,0.8052506297826767,230.05062866210938,223.8054656982422,388.9579772949219,376.09698486328125,49.96371520125793
4263,142.1,engaged,0.943423330783844,frustrated,0.7666666666666667,0.8037418230720188,233.3073272705078,221.427001953125,388.88970947265625,371.07135009765625,52.81101975548029
4264,142.13333333333333,engaged,0.943423330783844,frustrated,0.7333333333333333,0.8054521219296888,233.3073272705078,221.427001953125,388.88970947265625,371.07135009765625,56.67978378378378
4265,142.16666666666666,engaged,0.9388414025306702,frustrated,0.7,0.8081238269805908,235.7186737060547,215.63623046875,388.08856201171875,363.52032470703125,51.219382334623695
4266,142.2,engaged,0.9388414025306702,frustrated,0.6666666666666666,0.811062702536583,235.7186737060547,215.63623046875,388.08856201171875,363.52032470703125,53.7834711803552
4267,142.23333333333332,engaged,0.9321260452270508,frustrated,0.6333333333333333,0.8140089511871338,239.97434997558594,211.6021270751953,388.83056640625,356.22845458984375,54.07609298247876
4268,142.26666666666668,engaged,0.9362541437149048,frustrated,0.6,0.8130839731958177,242.61880493164062,208.3935546875,389.1111145019531,349.402099609375,53.49331700846852
4269,142.3,engaged,0.9362541437149048,frustrated,0.5666666666666667,0.8120501742643469,242.61880493164062,208.3935546875,389.1111145019531,349.402099609375,53.68365544605145
4270,142.33333333333334,engaged,0.9421430230140686,frustrated,0.5333333333333333,0.8108001500368118,247.03741455078125,207.37425231933594,388.5863037109375,344.2021484375,56.03238260637232
4271,142.36666666666667,engaged,0.939605176448822,frustrated,0.5,0.8108521620432536,251.1865234375,205.1293182373047,388.82989501953125,340.05133056640625,45.7663618706763
4272,142.4,engaged,0.939605176448822,frustrated,0.4666666666666667,0.8109116043363299,251.1865234375,205.1293182373047,388.82989501953125,340.05133056640625,53.704964212089784
4273,142.43333333333334,engaged,0.9402090311050415,engaged,0.5,0.8777130325635274,254.1903076171875,205.1754913330078,389.05108642578125,336.92156982421875,56.89197547610005
4274,142.46666666666667,engaged,0.9404699206352234,engaged,0.5333333333333333,0.8816353380680084,254.85791015625,203.62045288085938,388.63568115234375,334.5955505371094,53.50696535183957
4275,142.5,engaged,0.9356703162193298,engaged,0.5666666666666667,0.8848138661945567,257.66357421875,202.809326171875,388.630126953125,332.3895263671875,52.81101975548029
4276,142.53333333333333,engaged,0.9356703162193298,engaged,0.6,0.8876392245292664,257.66357421875,202.809326171875,388.630126953125,332.3895263671875,58.96756597168525
4277,142.56666666666666,engaged,0.9351624250411987,engaged,0.6333333333333333,0.8901404456088418,260.465576171875,202.11953735351562,388.47882080078125,328.5476989746094,50.13631690932129
4278,142.6,engaged,0.9255009293556213,engaged,0.6666666666666666,0.8919084697961808,262.009033203125,200.58001708984375,389.41058349609375,325.50128173828125,54.790975950673406
4279,142.63333333333333,engaged,0.9255009293556213,engaged,0.7,0.8935081107275826,262.009033203125,200.58001708984375,389.41058349609375,325.50128173828125,49.83844673114855
4280,142.66666666666666,engaged,0.9160910248756409,engaged,0.7333333333333333,0.8945346068252217,263.26983642578125,199.54928588867188,388.85260009765625,323.3643493652344,52.46749477739833
4281,142.7,engaged,0.9160910248756409,engaged,0.7666666666666667,0.8954718423926312,263.26983642578125,199.54928588867188,388.85260009765625,323.3643493652344,58.55758303433063
4282,142.73333333333332,engaged,0.921691358089447,engaged,0.8,0.8965643222133318,262.830322265625,200.53424072265625,388.9205322265625,322.01092529296875,56.127609463654856
4283,142.76666666666668,engaged,0.9210078120231628,engaged,0.8333333333333334,0.897542061805725,263.58465576171875,199.79791259765625,388.49945068359375,320.73382568359375,54.713070701800156
4284,142.8,engaged,0.9210078120231628,engaged,0.8666666666666667,0.898444590660242,263.58465576171875,199.79791259765625,388.49945068359375,320.73382568359375,55.88009432579704
4285,142.83333333333334,engaged,0.9198505282402039,engaged,0.9,0.8992374031632034,264.4064636230469,199.08670043945312,388.6226501464844,319.1322937011719,50.92523251013817
4286,142.86666666666667,engaged,0.9104031920433044,engaged,0.9333333333333333,0.8996361813374928,263.59930419921875,199.2747802734375,386.87835693359375,317.4930419921875,57.667138712826365
4287,142.9,engaged,0.9150003790855408,engaged,0.9666666666666667,0.9001659812598393,264.19183349609375,196.16636657714844,384.91082763671875,316.435302734375,55.61852225110062
4288,142.93333333333334,engaged,0.9150003790855408,engaged,1.0,0.9006604611873626,264.19183349609375,196.16636657714844,384.91082763671875,316.435302734375,53.68434256166084
4289,142.96666666666667,engaged,0.9087867736816406,engaged,1.0,0.9139435331026713,262.1612548828125,195.17990112304688,383.12701416015625,315.9934387207031,56.30618463975514
4290,143.0,engaged,0.9130310416221619,engaged,1.0,0.9273680806159973,261.84466552734375,195.7381591796875,380.06817626953125,313.525146484375,53.423818621831614
4291,143.03333333333333,engaged,0.9130310416221619,engaged,1.0,0.9281085590521495,261.84466552734375,195.7381591796875,380.06817626953125,313.525146484375,61.841000235904694
4292,143.06666666666666,engaged,0.9149919748306274,engaged,1.0,0.9278228461742402,260.9129638671875,196.2508544921875,378.43463134765625,313.37945556640625,50.96297736358003
4293,143.1,engaged,0.9149919748306274,engaged,1.0,0.9268751343091329,260.9129638671875,196.2508544921875,378.43463134765625,313.37945556640625,41.513376552679766
4294,143.13333333333333,engaged,0.9048664569854736,engaged,1.0,0.9255899051825206,257.4508056640625,195.9390869140625,376.69873046875,313.76934814453125,42.30389220047001
4295,143.16666666666666,engaged,0.8580808043479919,engaged,1.0,0.9228978852430979,253.7632598876953,197.22470092773438,374.71588134765625,314.7816467285156,51.860922894307336
4296,143.2,engaged,0.8580808043479919,engaged,1.0,0.9202058653036753,253.7632598876953,197.22470092773438,374.71588134765625,314.7816467285156,57.5911244147249
4297,143.23333333333332,engaged,0.8438929319381714,engaged,1.0,0.9172647615273793,252.01644897460938,198.16639709472656,372.8310852050781,315.680908203125,58.002074315821496
4298,143.26666666666668,engaged,0.8580102324485779,engaged,1.0,0.9146566311518352,249.7650146484375,199.0209197998047,370.99432373046875,316.83917236328125,50.79940895768234
4299,143.3,engaged,0.8855449557304382,engaged,1.0,0.9129663248856862,247.5249786376953,198.7132110595703,369.89385986328125,317.69525146484375,53.93632014814053
4300,143.33333333333334,engaged,0.8855449557304382,engaged,1.0,0.9110797226428986,247.5249786376953,198.7132110595703,369.89385986328125,317.69525146484375,47.80160466812546
4301,143.36666666666667,engaged,0.9061558246612549,engaged,1.0,0.9099647442499796,245.32516479492188,197.43150329589844,368.9858703613281,317.6329345703125,55.271117202118965
4302,143.4,engaged,0.9154189229011536,engaged,1.0,0.9091585357983907,244.74676513671875,197.505126953125,368.19708251953125,318.1900634765625,56.91745260615272
4303,143.43333333333334,engaged,0.9154189229011536,engaged,1.0,0.9083321988582611,244.74676513671875,197.505126953125,368.19708251953125,318.1900634765625,53.846995237055964
4304,143.46666666666667,engaged,0.9197495579719543,engaged,1.0,0.9076415201028188,244.34375,197.52516174316406,367.50836181640625,319.06982421875,48.475613702556515
4305,143.5,engaged,0.9375129342079163,engaged,1.0,0.9077029407024384,243.36590576171875,200.42636108398438,367.343994140625,321.0559997558594,53.38302150948199
4306,143.53333333333333,engaged,0.9409206509590149,engaged,1.0,0.9078779518604279,243.25086975097656,204.359619140625,367.3939208984375,323.491455078125,53.36739913223824
4307,143.56666666666666,engaged,0.942287802696228,engaged,1.0,0.9081154644489289,241.5105438232422,204.50621032714844,367.00909423828125,324.1990966796875,58.70264520643807
4308,143.6,engaged,0.9417153000831604,engaged,1.0,0.9086559434731801,241.7606201171875,204.51809692382812,368.11077880859375,327.0415954589844,54.616889120385444
4309,143.63333333333333,engaged,0.9417153000831604,engaged,1.0,0.9091964224974315,241.7606201171875,204.51809692382812,368.11077880859375,327.0415954589844,48.39451245543389
4310,143.66666666666666,engaged,0.9396506547927856,engaged,1.0,0.9099817434946696,242.37962341308594,206.21820068359375,367.7603759765625,327.01458740234375,49.71851922096703
4311,143.7,engaged,0.9398767948150635,engaged,1.0,0.9107746024926503,242.47909545898438,206.01177978515625,368.2100524902344,327.15447998046875,55.9964754415711
4312,143.73333333333332,engaged,0.9398767948150635,engaged,1.0,0.9113807837168376,242.47909545898438,206.01177978515625,368.2100524902344,327.15447998046875,51.0784144188029
4313,143.76666666666668,engaged,0.9395372867584229,engaged,1.0,0.9119984328746795,242.54586791992188,206.03041076660156,369.3428649902344,327.0770263671875,47.36971449222985
4314,143.8,engaged,0.9389632940292358,engaged,1.0,0.9125969489415486,242.70155334472656,205.40359497070312,369.19091796875,326.9885559082031,54.35289239062824
4315,143.83333333333334,engaged,0.9389632940292358,engaged,1.0,0.9132340411345164,242.70155334472656,205.40359497070312,369.19091796875,326.9885559082031,55.13960061524708
4316,143.86666666666667,engaged,0.9399552345275879,engaged,1.0,0.9142191092173259,242.56361389160156,205.2333221435547,368.8458251953125,327.18585205078125,52.45896390424494
4317,143.9,engaged,0.9399552345275879,engaged,1.0,0.9150509377320607,242.56361389160156,205.2333221435547,368.8458251953125,327.18585205078125,47.51244930786832
4318,143.93333333333334,engaged,0.942193329334259,engaged,1.0,0.915957369407018,242.07986450195312,205.36138916015625,369.0683898925781,327.65704345703125,55.21799918377019
4319,143.96666666666667,engaged,0.9384378790855408,engaged,1.0,0.916945739587148,242.12937927246094,205.19302368164062,368.2392578125,327.7227478027344,52.04432256703602
4320,144.0,engaged,0.9367320537567139,engaged,1.0,0.9177357733249665,241.35594177246094,205.52581787109375,367.8323974609375,328.03857421875,45.437649633296864
4321,144.03333333333333,engaged,0.9367320537567139,engaged,1.0,0.9185258070627849,241.35594177246094,205.52581787109375,367.8323974609375,328.03857421875,58.859989615346834
4322,144.06666666666666,engaged,0.9266596436500549,engaged,1.0,0.9189147293567658,241.1256561279297,205.683349609375,367.50238037109375,328.07330322265625,45.60661976578555
4323,144.1,engaged,0.9077392220497131,engaged,1.0,0.9186729709307353,241.10516357421875,205.44775390625,367.168212890625,328.14007568359375,49.20581886438292
4324,144.13333333333333,engaged,0.9077392220497131,engaged,1.0,0.9187687297662099,241.10516357421875,205.44775390625,367.168212890625,328.14007568359375,45.27481352748783
4325,144.16666666666666,engaged,0.9192877411842346,engaged,1.0,0.9208089609940847,240.44822692871094,205.61529541015625,366.7855224609375,328.26031494140625,55.764195971548226
4326,144.2,engaged,0.926796555519104,engaged,1.0,0.9230994860331218,240.0478057861328,205.51943969726562,366.65423583984375,327.8800964355469,49.76689329488959
4327,144.23333333333332,engaged,0.926796555519104,engaged,1.0,0.9258629401524862,240.0478057861328,205.51943969726562,366.65423583984375,327.8800964355469,53.08976760670346
4328,144.26666666666668,engaged,0.92656010389328,engaged,1.0,0.9281479358673096,239.8389892578125,205.64723205566406,366.27825927734375,327.9744873046875,48.403448236067995
4329,144.3,engaged,0.9160986542701721,engaged,1.0,0.9291663924853008,239.5778045654297,205.85586547851562,366.02484130859375,327.8908386230469,55.353542818682115
4330,144.33333333333334,engaged,0.9366952180862427,engaged,1.0,0.9308714012304942,238.98228454589844,205.615478515625,365.8712158203125,328.39080810546875,47.30186870566476
4331,144.36666666666667,engaged,0.9402899742126465,engaged,1.0,0.9320092062155406,238.50477600097656,205.57044982910156,365.959228515625,328.4185791015625,45.129644175211695
4332,144.4,engaged,0.9418532848358154,engaged,1.0,0.9328903516133626,238.02598571777344,205.56764221191406,366.0546875,329.6519775390625,53.41429371911772
4333,144.43333333333334,engaged,0.9418532848358154,engaged,1.0,0.9337714970111847,238.02598571777344,205.56764221191406,366.0546875,329.6519775390625,47.43024504981285
4334,144.46666666666667,engaged,0.9383658766746521,engaged,1.0,0.9343920409679413,238.71348571777344,206.7198944091797,366.2562255859375,329.03253173828125,54.92299029685597
4335,144.5,engaged,0.8459134101867676,engaged,1.0,0.9313387235005697,239.4330291748047,208.03343200683594,366.31927490234375,329.3934326171875,50.964835111424335
4336,144.53333333333333,engaged,0.8459134101867676,engaged,1.0,0.9281718154748281,239.4330291748047,208.03343200683594,366.31927490234375,329.3934326171875,45.99824530619407
4337,144.56666666666666,engaged,0.9208962917327881,engaged,1.0,0.9274587651093801,239.0023193359375,208.16119384765625,367.06451416015625,330.9583740234375,46.43517923964307
4338,144.6,engaged,0.8932480812072754,engaged,1.0,0.9258431911468505,238.7318878173828,208.17132568359375,367.26861572265625,331.70550537109375,51.39070770437169
4339,144.63333333333333,engaged,0.8982149362564087,engaged,1.0,0.9243931790192922,238.7515106201172,208.54849243164062,367.17303466796875,332.3611755371094,48.95484202294665
4340,144.66666666666666,engaged,0.8982149362564087,engaged,1.0,0.923011988401413,238.7515106201172,208.54849243164062,367.17303466796875,332.3611755371094,50.45657848833712
4341,144.7,engaged,0.9231629371643066,engaged,1.0,0.9224548598130544,238.34042358398438,209.5397186279297,366.6289978027344,332.65093994140625,54.9661761044203
4342,144.73333333333332,engaged,0.9231629371643066,engaged,1.0,0.9218977312246959,238.34042358398438,209.5397186279297,366.6289978027344,332.65093994140625,46.10797322105819
4343,144.76666666666668,engaged,0.9170627593994141,engaged,1.0,0.9211485803127288,237.4365234375,210.5944061279297,366.2159423828125,332.97637939453125,52.56151783252713
4344,144.8,engaged,0.5836965441703796,engaged,1.0,0.9093063553174336,237.1181640625,212.8786163330078,365.32568359375,334.59442138671875,47.5070677781805
4345,144.83333333333334,engaged,0.5836965441703796,engaged,1.0,0.8974641303221385,237.1181640625,212.8786163330078,365.32568359375,334.59442138671875,58.435209050252865
4346,144.86666666666667,frustrated,0.7062734961509705,engaged,0.9666666666666667,0.8959989198322954,237.01405334472656,215.97988891601562,364.012939453125,336.2386779785156,44.66396899092729
4347,144.9,frustrated,0.9142382740974426,engaged,0.9333333333333333,0.8944290514503207,239.54525756835938,222.882080078125,360.8786926269531,339.40570068359375,52.295446611141585
4348,144.93333333333334,frustrated,0.9142382740974426,engaged,0.9,0.8926600041212859,239.54525756835938,222.882080078125,360.8786926269531,339.40570068359375,49.84377710965074
4349,144.96666666666667,frustrated,0.9061042666435242,engaged,0.8666666666666667,0.8908993166226608,237.85365295410156,229.24072265625,356.150146484375,341.641357421875,51.16564806343398
4350,145.0,frustrated,0.9098568558692932,engaged,0.8333333333333334,0.8890660071372986,236.42404174804688,232.1044921875,355.3052062988281,345.214599609375,49.64966026657828
4351,145.03333333333333,frustrated,0.9116038680076599,engaged,0.8,0.8870799218614897,236.18777465820312,231.59271240234375,355.3286437988281,346.2498779296875,53.10455546833456
4352,145.06666666666666,frustrated,0.9116038680076599,engaged,0.7666666666666667,0.8853590643924215,236.18777465820312,231.59271240234375,355.3286437988281,346.2498779296875,51.03118346290957
4353,145.1,frustrated,0.9006748199462891,engaged,0.7333333333333333,0.8843417844989083,236.65158081054688,228.5,357.4156799316406,345.428955078125,49.868667292853154
4354,145.13333333333333,frustrated,0.9007298350334167,engaged,0.7,0.8832276208060128,235.5838623046875,226.9450225830078,358.29638671875,345.79669189453125,53.59584962559738
4355,145.16666666666666,frustrated,0.9007298350334167,engaged,0.6666666666666666,0.8814246147871018,235.5838623046875,226.9450225830078,358.29638671875,345.79669189453125,49.65906561530629
4356,145.2,frustrated,0.8996654152870178,engaged,0.6333333333333333,0.87903661790647,235.55453491210938,227.03988647460938,358.4860534667969,345.6200256347656,54.31418100824884
4357,145.23333333333332,frustrated,0.8965192437171936,engaged,0.6,0.8763832880391015,236.68678283691406,233.53662109375,350.3084716796875,344.83428955078125,49.19658440461669
4358,145.26666666666668,frustrated,0.8938900828361511,engaged,0.5666666666666667,0.8734317106359145,237.09783935546875,234.31748962402344,349.53564453125,344.587890625,45.0864685901019
4359,145.3,frustrated,0.8906643986701965,engaged,0.5333333333333333,0.8707650266587734,237.54730224609375,236.3596649169922,351.35736083984375,345.26971435546875,56.5026403707296
4360,145.33333333333334,frustrated,0.9016973972320557,engaged,0.5,0.8663696805636089,238.5958709716797,239.1405029296875,351.43450927734375,345.1768798828125,56.59794621290836
4361,145.36666666666667,frustrated,0.9016973972320557,frustrated,0.5333333333333333,0.8912617079913616,238.5958709716797,239.1405029296875,351.43450927734375,345.1768798828125,49.96966772698572
4362,145.4,frustrated,0.8752304911613464,frustrated,0.5666666666666667,0.8903186952366549,240.30859375,241.95223999023438,350.8251953125,345.5928649902344,49.73738571547155
4363,145.43333333333334,frustrated,0.8294665217399597,frustrated,0.6,0.8869380189312829,242.3299560546875,245.40931701660156,347.9930419921875,344.86279296875,57.562670692376315
4364,145.46666666666667,frustrated,0.8294665217399597,frustrated,0.6333333333333333,0.8839132032896343,242.3299560546875,245.40931701660156,347.9930419921875,344.86279296875,55.75455947253682
4365,145.5,frustrated,0.6718643307685852,frustrated,0.6666666666666666,0.8733107596635818,250.09381103515625,251.9073944091797,343.37310791015625,346.05767822265625,47.480178405669136
4366,145.53333333333333,frustrated,0.6718643307685852,frustrated,0.7,0.8637180725733439,250.09381103515625,251.9073944091797,343.37310791015625,346.05767822265625,55.72196832819641
4367,145.56666666666666,frustrated,0.6510706543922424,frustrated,0.7333333333333333,0.8540522808378394,248.63951110839844,258.05670166015625,343.927978515625,350.6009521484375,48.284204588623986
4368,145.6,frustrated,0.3565822243690491,frustrated,0.7666666666666667,0.8324231479478919,256.8228759765625,259.56353759765625,344.2425537109375,355.83258056640625,49.917928210987334
4369,145.63333333333333,frustrated,0.3565822243690491,frustrated,0.8,0.8125964427987734,256.8228759765625,259.56353759765625,344.2425537109375,355.83258056640625,47.32054695609008
4370,145.66666666666666,frustrated,0.431476891040802,frustrated,0.8333333333333334,0.7973516607284545,256.0970458984375,264.79351806640625,344.912109375,354.99298095703125,49.646134179252876
4371,145.7,frustrated,0.7228095531463623,frustrated,0.8666666666666667,0.7944846565906818,261.6678466796875,267.8774719238281,346.53662109375,354.7276306152344,50.87334740314873
4372,145.73333333333332,frustrated,0.7674000263214111,frustrated,0.9,0.7934815221362643,262.4482421875,268.9757080078125,349.450439453125,355.70025634765625,49.99170441001192
4373,145.76666666666668,frustrated,0.7674000263214111,frustrated,0.9333333333333333,0.7925500401428768,262.4482421875,268.9757080078125,349.450439453125,355.70025634765625,47.050883963026116
4374,145.8,frustrated,0.784801185131073,frustrated,0.9666666666666667,0.792282838245918,262.96746826171875,269.156005859375,352.33746337890625,354.4542236328125,49.90248661511006
4375,145.83333333333334,frustrated,0.7885143160820007,frustrated,1.0,0.7921572208404541,262.5991516113281,267.8921203613281,354.0697326660156,352.2196350097656,53.95783000784738
4376,145.86666666666667,frustrated,0.7885143160820007,frustrated,1.0,0.7948985815048217,262.5991516113281,267.8921203613281,354.0697326660156,352.2196350097656,55.445008460236885
4377,145.9,frustrated,0.812436044216156,frustrated,1.0,0.7915051738421123,263.379150390625,267.7793273925781,355.44354248046875,351.9158630371094,47.336034399088106
4378,145.93333333333334,frustrated,0.8082302212715149,frustrated,1.0,0.787971572081248,263.29620361328125,266.1307067871094,354.84063720703125,352.3222961425781,50.243821799494484
4379,145.96666666666667,frustrated,0.8082302212715149,frustrated,1.0,0.784709103902181,263.29620361328125,266.1307067871094,354.84063720703125,352.3222961425781,54.48138622606708
4380,146.0,frustrated,0.8000768423080444,frustrated,1.0,0.781049770116806,262.11016845703125,264.48455810546875,355.17803955078125,352.35418701171875,52.60502683991371
4381,146.03333333333333,frustrated,0.8000768423080444,frustrated,1.0,0.7773322025934856,262.11016845703125,264.48455810546875,355.17803955078125,352.35418701171875,53.10253845666899
4382,146.06666666666666,frustrated,0.8220266103744507,frustrated,1.0,0.7743462940057119,262.2694091796875,264.82977294921875,355.6927490234375,352.67218017578125,42.61507980858133
4383,146.1,frustrated,0.8087151050567627,frustrated,1.0,0.771280970176061,262.7480163574219,264.9100341796875,353.0501403808594,352.264892578125,52.29870696642103
4384,146.13333333333333,frustrated,0.7801162600517273,frustrated,1.0,0.7672605176766714,263.9316101074219,264.13226318359375,354.0791320800781,351.84539794921875,45.905110048265826
4385,146.16666666666666,frustrated,0.7801162600517273,frustrated,1.0,0.7632400651772817,263.9316101074219,264.13226318359375,354.0791320800781,351.84539794921875,48.67306464901999
4386,146.2,frustrated,0.7702285647392273,frustrated,1.0,0.7589255034923553,263.02618408203125,264.140380859375,352.44647216796875,352.260498046875,57.04440545649897
4387,146.23333333333332,frustrated,0.7510014176368713,frustrated,1.0,0.7540749092896779,261.82684326171875,265.3872985839844,350.63848876953125,351.9489440917969,47.89221037246797
4388,146.26666666666668,frustrated,0.7510014176368713,frustrated,1.0,0.7493119537830353,261.82684326171875,265.3872985839844,350.63848876953125,351.9489440917969,53.86566665810495
4389,146.3,frustrated,0.7608492374420166,frustrated,1.0,0.7449847817420959,261.02471923828125,267.3066711425781,349.6468505859375,351.7897033691406,50.06151605934378
4390,146.33333333333334,frustrated,0.6683865189552307,frustrated,1.0,0.7372077524662017,260.2308044433594,269.771728515625,350.5225524902344,352.5435791015625,46.333101353217344
4391,146.36666666666667,frustrated,0.6679333448410034,frustrated,1.0,0.7294156173865001,261.3251647949219,272.42987060546875,353.2333679199219,351.68170166015625,55.42815609678741
4392,146.4,frustrated,0.6949063539505005,frustrated,1.0,0.7234048128128052,260.30804443359375,271.5467834472656,349.98480224609375,351.3826599121094,53.82626438920473
4393,146.43333333333334,frustrated,0.7067100405693054,frustrated,1.0,0.7193129301071167,261.4187316894531,272.4981689453125,351.1388244628906,352.20404052734375,53.388457523993786
4394,146.46666666666667,frustrated,0.7067100405693054,frustrated,1.0,0.7152210474014282,261.4187316894531,272.4981689453125,351.1388244628906,352.20404052734375,48.66289983873026
4395,146.5,frustrated,0.7493184208869934,frustrated,1.0,0.7178028504053752,256.67584228515625,273.756103515625,352.93133544921875,353.109130859375,52.619545853719735
4396,146.53333333333333,frustrated,0.7453518509864807,frustrated,1.0,0.7202524344126383,254.85574340820312,273.3038330078125,351.4899597167969,353.9990234375,55.420099891651915
4397,146.56666666666666,frustrated,0.7453518509864807,frustrated,1.0,0.7233951409657796,254.85574340820312,273.3038330078125,351.4899597167969,353.9990234375,55.410581940683
4398,146.6,frustrated,0.7612744569778442,frustrated,1.0,0.7368848820527395,258.5767822265625,273.7989501953125,352.46588134765625,355.0394287109375,55.31922975468214
4399,146.63333333333333,frustrated,0.7964520454406738,frustrated,1.0,0.7515472094217936,259.27471923828125,275.2973327636719,352.65057373046875,356.8660583496094,56.973118352599194
4400,146.66666666666666,frustrated,0.7964520454406738,frustrated,1.0,0.7637130479017894,259.27471923828125,275.2973327636719,352.65057373046875,356.8660583496094,49.76748380360236
4401,146.7,frustrated,0.8004372715950012,frustrated,1.0,0.766300638516744,260.67230224609375,274.72869873046875,348.91632080078125,357.49700927734375,55.417170943107045
4402,146.73333333333332,frustrated,0.8217708468437195,frustrated,1.0,0.7681129992008209,260.2569580078125,274.15313720703125,351.6806640625,358.95074462890625,57.37604990287544
4403,146.76666666666668,frustrated,0.8217708468437195,frustrated,1.0,0.7699253598848979,260.2569580078125,274.15313720703125,351.6806640625,358.95074462890625,46.21313353900397
4404,146.8,frustrated,0.7929731607437134,frustrated,1.0,0.7701977590719858,260.4481506347656,274.6156311035156,348.4476013183594,357.0158996582031,53.54931951076271
4405,146.83333333333334,frustrated,0.8181846141815186,frustrated,1.0,0.7711867690086365,260.28271484375,274.165283203125,350.0064697265625,358.2572021484375,52.434043404340436
4406,146.86666666666667,frustrated,0.8181846141815186,frustrated,1.0,0.7721757789452871,260.28271484375,274.165283203125,350.0064697265625,358.2572021484375,47.466745130880575
4407,146.9,frustrated,0.8337882161140442,frustrated,1.0,0.77288751800855,261.47320556640625,274.5205078125,345.26104736328125,357.26611328125,53.248832013000204
4408,146.93333333333334,frustrated,0.839184045791626,frustrated,1.0,0.7739193121592204,257.61553955078125,272.6348876953125,345.63641357421875,358.2579345703125,50.60572862623972
4409,146.96666666666667,frustrated,0.839184045791626,frustrated,1.0,0.7749511063098907,257.61553955078125,272.6348876953125,345.63641357421875,358.2579345703125,46.362293849759034
4410,147.0,frustrated,0.822710394859314,frustrated,1.0,0.7757055580615997,257.89013671875,272.54644775390625,346.357177734375,357.79852294921875,53.81866707727051
4411,147.03333333333333,frustrated,0.8272130489349365,frustrated,1.0,0.7766100982824962,255.91207885742188,270.60198974609375,347.1080017089844,357.94134521484375,53.95435951529497
4412,147.06666666666666,frustrated,0.8272130489349365,frustrated,1.0,0.7767829795678457,255.91207885742188,270.60198974609375,347.1080017089844,357.94134521484375,49.35520463156904
4413,147.1,frustrated,0.8186393976211548,frustrated,1.0,0.7771137893199921,254.13641357421875,271.6604919433594,345.43133544921875,358.9740295410156,46.929800613153716
4414,147.13333333333333,frustrated,0.8367434144020081,frustrated,1.0,0.7790013611316681,254.63986206054688,271.187255859375,346.2117614746094,358.680908203125,48.82491123915953
4415,147.16666666666666,frustrated,0.8367434144020081,frustrated,1.0,0.7808889329433442,254.63986206054688,271.187255859375,346.2117614746094,358.680908203125,47.409336498247995
4416,147.2,frustrated,0.8444610238075256,frustrated,1.0,0.7833633482456207,254.03305053710938,271.533203125,345.8985900878906,359.4332275390625,49.913769918244455
4417,147.23333333333332,frustrated,0.8403376936912537,frustrated,1.0,0.7863412241141001,253.439697265625,271.9351806640625,346.1767578125,358.9217529296875,45.185555459794884
4418,147.26666666666668,frustrated,0.8403376936912537,frustrated,1.0,0.7893190999825795,253.439697265625,271.9351806640625,346.1767578125,358.9217529296875,51.39826479094162
4419,147.3,frustrated,0.8117330074310303,frustrated,1.0,0.79101522564888,255.3817596435547,273.2802734375,345.52117919921875,356.79541015625,54.434012952123865
4420,147.33333333333334,frustrated,0.6431650519371033,frustrated,1.0,0.7901745100816091,258.050537109375,275.12701416015625,348.9654541015625,356.39251708984375,45.13547192957913
4421,147.36666666666667,frustrated,0.6431650519371033,frustrated,1.0,0.7893489003181458,258.050537109375,275.12701416015625,348.9654541015625,356.39251708984375,61.248598130841124
4422,147.4,frustrated,0.641212522983551,frustrated,1.0,0.7875591059525807,257.40386962890625,274.3905029296875,348.75933837890625,355.6021728515625,52.80769521315438
4423,147.43333333333334,frustrated,0.6967397928237915,frustrated,1.0,0.7872267643610636,259.32196044921875,274.750244140625,349.98175048828125,355.96875,58.609952070203875
4424,147.46666666666667,frustrated,0.6967397928237915,frustrated,1.0,0.7868944227695465,259.32196044921875,274.750244140625,349.98175048828125,355.96875,48.599184278828325
4425,147.5,frustrated,0.6815061569213867,frustrated,1.0,0.784634013970693,263.12548828125,274.25152587890625,349.2813720703125,355.84320068359375,47.979317997231725
4426,147.53333333333333,frustrated,0.7653042078018188,frustrated,1.0,0.7852990925312042,260.98565673828125,272.92193603515625,351.43511962890625,357.74139404296875,52.508218680754645
4427,147.56666666666666,frustrated,0.7653042078018188,frustrated,1.0,0.7859641710917155,260.98565673828125,272.92193603515625,351.43511962890625,357.74139404296875,52.35158141740932
4428,147.6,frustrated,0.8158478736877441,frustrated,1.0,0.7877832849820455,263.0158386230469,273.8572998046875,352.7001647949219,358.416015625,47.42434589900726
4429,147.63333333333333,frustrated,0.8189861178398132,frustrated,1.0,0.7885344207286835,262.8549499511719,273.02978515625,352.5014953613281,358.5050048828125,47.15615267862162
4430,147.66666666666666,frustrated,0.8099443316459656,frustrated,1.0,0.7889841636021931,259.40008544921875,273.13262939453125,352.75006103515625,358.84002685546875,53.87742938252258
4431,147.7,frustrated,0.8099443316459656,frustrated,1.0,0.789301065603892,259.40008544921875,273.13262939453125,352.75006103515625,358.84002685546875,49.88705456967506
4432,147.73333333333332,frustrated,0.8519396781921387,frustrated,1.0,0.790306693315506,259.33575439453125,273.397705078125,349.03411865234375,359.2677001953125,45.38258620876208
4433,147.76666666666668,frustrated,0.8519396781921387,frustrated,1.0,0.7913123210271199,259.33575439453125,273.397705078125,349.03411865234375,359.2677001953125,47.26775229616273
4434,147.8,frustrated,0.8319411873817444,frustrated,1.0,0.7926112552483876,257.0093994140625,272.9462585449219,348.43231201171875,359.1325988769531,54.28676451554451
4435,147.83333333333334,frustrated,0.8248441219329834,frustrated,1.0,0.7928332388401031,258.763427734375,273.83660888671875,348.001220703125,359.25421142578125,49.04414120508413
4436,147.86666666666667,frustrated,0.8248441219329834,frustrated,1.0,0.7930552224318187,258.763427734375,273.83660888671875,348.001220703125,359.25421142578125,47.98810109492809
4437,147.9,frustrated,0.7817500233650208,frustrated,1.0,0.7913206160068512,257.075439453125,273.12408447265625,348.072509765625,359.40301513671875,52.31436233239788
4438,147.93333333333334,frustrated,0.7694078683853149,frustrated,1.0,0.7889947434266408,255.20809936523438,272.94091796875,348.2684631347656,359.3836669921875,56.97776208006738
4439,147.96666666666667,frustrated,0.7694078683853149,frustrated,1.0,0.7866688708464304,255.20809936523438,272.94091796875,348.2684631347656,359.3836669921875,57.39803486876317
4440,148.0,frustrated,0.8264391422271729,frustrated,1.0,0.7867931624253591,255.75588989257812,273.74664306640625,345.6904602050781,360.39520263671875,54.08725031271358
4441,148.03333333333333,frustrated,0.7977164387702942,frustrated,1.0,0.7858099420865376,254.6958770751953,273.39190673828125,346.09942626953125,359.58270263671875,59.47595751620085
4442,148.06666666666666,frustrated,0.8211537599563599,frustrated,1.0,0.7856079657872518,252.84597778320312,272.53778076171875,345.2123107910156,359.954833984375,50.003028099331196
4443,148.1,frustrated,0.8211537599563599,frustrated,1.0,0.7856917778650919,252.84597778320312,272.53778076171875,345.2123107910156,359.954833984375,55.36157968374647
4444,148.13333333333333,frustrated,0.8410419821739197,frustrated,1.0,0.785835063457489,252.90158081054688,273.8477783203125,343.7793273925781,360.0040283203125,43.32287352166503
4445,148.16666666666666,frustrated,0.8375450968742371,frustrated,1.0,0.7858617862065633,252.97320556640625,273.52569580078125,343.539306640625,360.5992431640625,52.48587839275212
4446,148.2,frustrated,0.839978039264679,frustrated,1.0,0.7857123533884685,253.05859375,274.31304931640625,343.01898193359375,360.22222900390625,57.01726434844077
4447,148.23333333333332,frustrated,0.837779700756073,frustrated,1.0,0.7856270869572958,253.91854858398438,273.3717956542969,342.6154479980469,360.2864685058594,53.341608271546846
4448,148.26666666666668,frustrated,0.837779700756073,frustrated,1.0,0.7855418205261231,253.91854858398438,273.3717956542969,342.6154479980469,360.2864685058594,49.0607776166191
4449,148.3,frustrated,0.8480638861656189,frustrated,1.0,0.786752849817276,255.19752502441406,273.73565673828125,343.412841796875,360.32305908203125,47.305069644166245
4450,148.33333333333334,frustrated,0.8314613699913025,frustrated,1.0,0.793029393752416,256.203857421875,274.60638427734375,343.91778564453125,360.22283935546875,51.505562787042265
4451,148.36666666666667,frustrated,0.7883194088935852,frustrated,1.0,0.797867872317632,254.8618927001953,275.8594665527344,344.06195068359375,359.5458068847656,55.93374851640951
4452,148.4,frustrated,0.7883194088935852,frustrated,1.0,0.8027714351812999,254.8618927001953,275.8594665527344,344.06195068359375,359.5458068847656,57.01493916944199
4453,148.43333333333334,frustrated,0.7971614599227905,frustrated,1.0,0.8061188240845998,253.5313720703125,276.7384948730469,344.9527587890625,360.1106872558594,48.03316498894882
4454,148.46666666666667,frustrated,0.7390202283859253,frustrated,1.0,0.8075281719366709,255.39564514160156,278.52069091796875,346.1138916015625,359.87860107421875,58.75198207031797
4455,148.5,frustrated,0.7390202283859253,frustrated,1.0,0.8094453076521556,255.39564514160156,278.52069091796875,346.1138916015625,359.87860107421875,58.62142028539882
4456,148.53333333333333,frustrated,0.6841303110122681,frustrated,1.0,0.8067395110925039,251.98536682128906,278.9378356933594,346.3369140625,360.0467224121094,52.456339578278595
4457,148.56666666666666,frustrated,0.6841303110122681,frustrated,1.0,0.8040337145328522,251.98536682128906,278.9378356933594,346.3369140625,360.0467224121094,52.39801616550277
4458,148.6,frustrated,0.6628301739692688,frustrated,1.0,0.7989331245422363,250.98193359375,279.727294921875,345.26092529296875,360.584716796875,50.33607757482658
4459,148.63333333333333,frustrated,0.6421290040016174,frustrated,1.0,0.7930378874142965,251.26727294921875,278.7041931152344,343.7010498046875,359.9253845214844,44.31991715713727
4460,148.66666666666666,frustrated,0.6421290040016174,frustrated,1.0,0.7874440431594849,251.26727294921875,278.7041931152344,343.7010498046875,359.9253845214844,49.68671444648463
4461,148.7,frustrated,0.6366776823997498,frustrated,1.0,0.781668488184611,250.76007080078125,278.60772705078125,342.96759033203125,359.57391357421875,48.00402865841097
4462,148.73333333333332,frustrated,0.68873131275177,frustrated,1.0,0.7762282093365988,251.07125854492188,279.7928771972656,342.0924987792969,360.0669860839844,55.38131643229683
4463,148.76666666666668,frustrated,0.7488491535186768,frustrated,1.0,0.77279185851415,251.87890625,279.3353271484375,343.28955078125,360.699951171875,52.28631977860331
4464,148.8,frustrated,0.7488491535186768,frustrated,1.0,0.7700221240520477,251.87890625,279.3353271484375,343.28955078125,360.699951171875,53.01461145659538
4465,148.83333333333334,frustrated,0.7567501068115234,frustrated,1.0,0.767752323547999,250.62353515625,278.8363037109375,343.86138916015625,360.8797607421875,44.31570272383408
4466,148.86666666666667,frustrated,0.682912290096283,frustrated,1.0,0.7630212624867757,250.8542938232422,278.88287353515625,343.65960693359375,360.54779052734375,53.14762158189513
4467,148.9,frustrated,0.682912290096283,frustrated,1.0,0.7597266713778178,250.8542938232422,278.88287353515625,343.65960693359375,360.54779052734375,50.00541268762593
4468,148.93333333333334,frustrated,0.7581223845481873,frustrated,1.0,0.7593504885832468,251.03416442871094,279.9482116699219,342.9427490234375,360.8349914550781,51.68963817411022
4469,148.96666666666667,frustrated,0.7581223845481873,frustrated,1.0,0.758974305788676,251.03416442871094,279.9482116699219,342.9427490234375,360.8349914550781,48.10919560005964
4470,149.0,frustrated,0.7390267252922058,frustrated,1.0,0.7560605585575104,250.35769653320312,279.53668212890625,342.6018371582031,360.9849853515625,58.671441360787824
4471,149.03333333333333,frustrated,0.7129996418952942,frustrated,1.0,0.7532366653283437,251.94288635253906,279.87420654296875,343.322021484375,360.84747314453125,49.290243730462784
4472,149.06666666666666,frustrated,0.7129996418952942,frustrated,1.0,0.7496315280596415,251.94288635253906,279.87420654296875,343.322021484375,360.84747314453125,52.39998001099395
4473,149.1,frustrated,0.7444755434989929,frustrated,1.0,0.7470755875110626,251.43099975585938,279.91363525390625,341.6206970214844,360.45025634765625,51.28075216099571
4474,149.13333333333333,frustrated,0.6733538508415222,frustrated,1.0,0.741485983133316,252.38133239746094,280.62774658203125,340.466552734375,360.40081787109375,55.40619014279864
4475,149.16666666666666,frustrated,0.49416935443878174,frustrated,1.0,0.7300401250521342,252.59808349609375,280.8597717285156,343.21881103515625,359.9678039550781,49.78284195033946
4476,149.2,frustrated,0.49416935443878174,frustrated,1.0,0.7185131688912709,252.59808349609375,280.8597717285156,343.21881103515625,359.9678039550781,53.17120292078141
4477,149.23333333333332,frustrated,0.5117177963256836,frustrated,1.0,0.7076444387435913,252.7090606689453,281.74859619140625,342.83123779296875,360.39239501953125,55.63180093906677
4478,149.26666666666668,frustrated,0.3666703402996063,frustrated,1.0,0.6919407933950424,252.43533325195312,281.26837158203125,340.1604309082031,359.71954345703125,43.442681360566766
4479,149.3,frustrated,0.3666703402996063,frustrated,1.0,0.6758943418661754,252.43533325195312,281.26837158203125,340.1604309082031,359.71954345703125,55.266747483265696
4480,149.33333333333334,frustrated,0.5921347737312317,frustrated,1.0,0.6679167886575063,251.7798614501953,281.2109375,338.54339599609375,360.2711181640625,58.604219645102695
4481,149.36666666666667,frustrated,0.3936476707458496,frustrated,1.0,0.6547610640525818,249.28594970703125,281.02777099609375,337.133056640625,359.61724853515625,52.700868232248986
4482,149.4,frustrated,0.3936476707458496,frustrated,1.0,0.6416053394476573,249.28594970703125,281.02777099609375,337.133056640625,359.61724853515625,54.6453520943261
4483,149.43333333333334,frustrated,0.3780689537525177,frustrated,1.0,0.6276355892419815,250.79977416992188,279.8389892578125,337.2900085449219,359.4779052734375,56.072833250892366
4484,149.46666666666667,frustrated,0.3780689537525177,frustrated,1.0,0.6156038800875346,250.79977416992188,279.8389892578125,337.2900085449219,359.4779052734375,43.18059587785945
4485,149.5,frustrated,0.32873207330703735,frustrated,1.0,0.6019276082515717,251.41635131835938,279.89898681640625,338.1859436035156,358.65142822265625,58.06470547518516
4486,149.53333333333333,frustrated,0.4666796624660492,frustrated,1.0,0.594679253300031,249.95455932617188,279.9220886230469,341.2752380371094,359.5052185058594,50.99147772171904
4487,149.56666666666666,frustrated,0.5021979808807373,frustrated,1.0,0.5886148422956466,248.47181701660156,280.434326171875,339.7249755859375,359.3416748046875,56.73345056134181
4488,149.6,frustrated,0.5021979808807373,frustrated,1.0,0.5832604358593623,248.47181701660156,280.434326171875,339.7249755859375,359.3416748046875,47.51837039890333
4489,149.63333333333333,frustrated,0.43886125087738037,frustrated,1.0,0.5764848440885544,249.9099578857422,280.6348876953125,337.85504150390625,358.735595703125,53.94950157566403
4490,149.66666666666666,frustrated,0.32310011982917786,frustrated,1.0,0.5658505479494731,252.80410766601562,280.84515380859375,340.2976989746094,357.95526123046875,53.80831056203415
4491,149.7,frustrated,0.32310011982917786,frustrated,1.0,0.555397962530454,252.80410766601562,280.84515380859375,340.2976989746094,357.95526123046875,58.56330633901145
4492,149.73333333333332,frustrated,0.26199254393577576,frustrated,1.0,0.5411733369032542,248.8162078857422,281.77459716796875,335.56365966796875,358.73028564453125,52.11480828011232
4493,149.76666666666668,no_face,0.0,no_face,0.0,0.0,0.0,0.0,0.0,0.0,47.76730784561595
4494,149.8,no_face,0.0,no_face,0.0,0.0,0.0,0.0,0.0,0.0,56.039120327071586
4495,149.83333333333334,frustrated,0.4764005243778229,neutral,0.0,0.0,249.64862060546875,280.205322265625,345.12054443359375,358.9134521484375,48.26031526866874
4496,149.86666666666667,frustrated,0.4764005243778229,neutral,0.0,0.0,249.64862060546875,280.205322265625,345.12054443359375,358.9134521484375,49.871039083029146
4497,149.9,frustrated,0.656880795955658,neutral,0.0,0.0,249.79559326171875,279.1597900390625,343.34991455078125,359.8192138671875,46.92717528725987
4498,149.93333333333334,frustrated,0.7493488788604736,neutral,0.0,0.0,251.28921508789062,277.2554931640625,344.3366394042969,359.947021484375,57.44756269603211
4499,149.96666666666667,frustrated,0.7962285876274109,neutral,0.0,0.0,251.74122619628906,276.0624694824219,343.9954833984375,360.7189636230469,45.89004256064071
4500,150.0,frustrated,0.7962285876274109,neutral,0.0,0.0,251.74122619628906,276.0624694824219,343.9954833984375,360.7189636230469,52.63407288424857
4501,150.03333333333333,frustrated,0.7787016034126282,neutral,0.0,0.0,249.3258056640625,275.820556640625,344.08856201171875,360.15380859375,47.16516732637639
4502,150.06666666666666,frustrated,0.8011024594306946,frustrated,1.0,0.6914114952087402,250.38343811035156,275.8458251953125,343.6317138671875,359.7857666015625,52.36007739841458
4503,150.1,frustrated,0.8011024594306946,frustrated,1.0,0.7035993801222907,250.38343811035156,275.8458251953125,343.6317138671875,359.7857666015625,51.04422538639406
4504,150.13333333333333,frustrated,0.8018226623535156,frustrated,1.0,0.7134217083454132,251.6119384765625,274.998046875,343.33447265625,360.201171875,49.86214603295371
4505,150.16666666666666,frustrated,0.8258687257766724,frustrated,1.0,0.7236441644755277,249.34510803222656,274.7181396484375,341.997802734375,360.88427734375,48.37888277564391
4506,150.2,frustrated,0.8258687257766724,frustrated,1.0,0.7321628779172897,249.34510803222656,274.7181396484375,341.997802734375,360.88427734375,55.743444572917085
4507,150.23333333333332,frustrated,0.8377972841262817,frustrated,1.0,0.7402886014718276,249.39187622070312,274.3594970703125,342.2716979980469,361.01904296875,44.95743608982261
4508,150.26666666666668,frustrated,0.8307836651802063,frustrated,1.0,0.7467525345938546,250.36236572265625,274.2813720703125,340.63189697265625,360.59912109375,52.42355764423558
4509,150.3,frustrated,0.8307836651802063,frustrated,1.0,0.7523546099662781,250.36236572265625,274.2813720703125,340.63189697265625,360.59912109375,52.75721365500239
4510,150.33333333333334,frustrated,0.83860182762146,frustrated,1.0,0.7577450610697269,251.33169555664062,273.9737548828125,341.7332458496094,360.74053955078125,54.21378900292118
4511,150.36666666666667,frustrated,0.835856556892395,frustrated,1.0,0.7623398549416486,251.05860900878906,273.120849609375,342.4073486328125,360.3533935546875,48.49354853628081
4512,150.4,frustrated,0.835856556892395,frustrated,1.0,0.7664241161611345,251.05860900878906,273.120849609375,342.4073486328125,360.3533935546875,50.9103973976161
4513,150.43333333333334,frustrated,0.845804750919342,frustrated,1.0,0.7706020443063033,250.98977661132812,272.0972595214844,342.8396301269531,360.4768981933594,53.028687021935646
4514,150.46666666666667,frustrated,0.8352280855178833,frustrated,1.0,0.7738333463668823,252.10052490234375,271.10418701171875,343.188720703125,360.04986572265625,52.60964565694575
4515,150.5,frustrated,0.8352280855178833,frustrated,1.0,0.7767569053740728,252.10052490234375,271.10418701171875,343.188720703125,360.04986572265625,48.10202302857929
4516,150.53333333333333,frustrated,0.838930606842041,frustrated,1.0,0.779582982713526,252.15066528320312,271.30670166015625,343.0337219238281,360.30548095703125,49.79761834091206
4517,150.56666666666666,frustrated,0.8394738435745239,frustrated,1.0,0.7821869331857433,252.23974609375,271.1204833984375,342.6573486328125,360.2359619140625,49.14125035148561
4518,150.6,frustrated,0.8394738435745239,frustrated,1.0,0.7845738877852758,252.23974609375,271.1204833984375,342.6573486328125,360.2359619140625,53.81314310641246
4519,150.63333333333333,frustrated,0.8458537459373474,frustrated,1.0,0.7870250821113587,252.29713439941406,271.0550842285156,342.982177734375,360.4552307128906,45.98916690423456
4520,150.66666666666666,frustrated,0.8346432447433472,frustrated,1.0,0.7888565499048966,252.9789581298828,270.9815673828125,343.02691650390625,359.992431640625,50.119542097841936
4521,150.7,frustrated,0.8346432447433472,frustrated,1.0,0.7905523534174319,252.9789581298828,270.9815673828125,343.02691650390625,359.992431640625,50.69074121073686
4522,150.73333333333332,frustrated,0.817359983921051,frustrated,1.0,0.7915097687925611,253.68966674804688,272.123291015625,341.8803405761719,358.489990234375,53.59105602759854
4523,150.76666666666668,frustrated,0.832827627658844,frustrated,1.0,0.7929345225465709,251.54925537109375,264.7843017578125,345.52325439453125,358.6287841796875,52.749915108221295
4524,150.8,frustrated,0.832827627658844,frustrated,1.0,0.79426429271698,251.54925537109375,264.7843017578125,345.52325439453125,358.6287841796875,47.46137394905684
4525,150.83333333333334,frustrated,0.8604043126106262,frustrated,1.0,0.8070644189914068,248.80885314941406,257.39306640625,348.0426025390625,357.88232421875,52.206270770839296
4526,150.86666666666667,frustrated,0.9080045223236084,frustrated,1.0,0.8214512189229329,245.21630859375,249.1074981689453,353.94500732421875,356.31060791015625,53.35110726687612
4527,150.9,frustrated,0.9080045223236084,frustrated,1.0,0.8298220098018646,245.21630859375,249.1074981689453,353.94500732421875,356.31060791015625,55.27038886765849
4528,150.93333333333334,frustrated,0.9161847829818726,frustrated,1.0,0.8353832066059113,244.65269470214844,241.76071166992188,363.068603515625,355.3725280761719,52.43142157107855
4529,150.96666666666667,frustrated,0.9162478446960449,frustrated,1.0,0.839383848508199,245.49600219726562,241.80978393554688,364.5221862792969,356.8390197753906,48.96798748453079
4530,151.0,frustrated,0.9162478446960449,frustrated,1.0,0.8433844904104869,245.49600219726562,241.80978393554688,364.5221862792969,356.8390197753906,52.453715514869565
4531,151.03333333333333,frustrated,0.9237399101257324,frustrated,1.0,0.848219100634257,246.28585815429688,242.00233459472656,368.3440246582031,360.1368408203125,52.49704616000801
4532,151.06666666666666,frustrated,0.9140945076942444,frustrated,1.0,0.851985502243042,247.8641357421875,244.80972290039062,367.6971435546875,363.1440124511719,48.67758370568096
4533,151.1,frustrated,0.9140945076942444,frustrated,1.0,0.855751903851827,247.8641357421875,244.80972290039062,367.6971435546875,363.1440124511719,53.9162135410641
4534,151.13333333333333,frustrated,0.91078782081604,frustrated,1.0,0.8593840758005779,249.24658203125,248.58900451660156,373.76214599609375,367.2825927734375,51.56064759610066
4535,151.16666666666666,frustrated,0.9098565578460693,frustrated,1.0,0.862183670202891,251.131103515625,250.80032348632812,370.87725830078125,368.8310852050781,55.565470828254995
4536,151.2,frustrated,0.9158024787902832,frustrated,1.0,0.8651814619700114,251.69363403320312,251.19679260253906,376.4723815917969,372.2548828125,52.89293550909228
4537,151.23333333333332,frustrated,0.9158024787902832,frustrated,1.0,0.8677816351254781,251.69363403320312,251.19679260253906,376.4723815917969,372.2548828125,49.90545541079184
4538,151.26666666666668,frustrated,0.9148337244987488,frustrated,1.0,0.8705833037694295,251.40106201171875,251.3853759765625,376.58642578125,373.8250732421875,49.86273880428451
4539,151.3,frustrated,0.9148337244987488,frustrated,1.0,0.873384972413381,251.40106201171875,251.3853759765625,376.58642578125,373.8250732421875,50.950595838242975
4540,151.33333333333334,frustrated,0.914680004119873,frustrated,1.0,0.8759209116299947,250.85662841796875,251.57220458984375,376.87945556640625,376.2279052734375,55.59640518544047
4541,151.36666666666667,frustrated,0.9148293137550354,frustrated,1.0,0.8785533368587494,251.12924194335938,252.2602081298828,379.6845397949219,376.95928955078125,46.3710075068269
4542,151.4,frustrated,0.9148293137550354,frustrated,1.0,0.8811857620875041,251.12924194335938,252.2602081298828,379.6845397949219,376.95928955078125,54.21098617035027
4543,151.43333333333334,frustrated,0.9116806387901306,frustrated,1.0,0.8833816250165304,250.97793579101562,253.80252075195312,380.2302551269531,377.9886779785156,47.77111617312073
4544,151.46666666666667,frustrated,0.9088955521583557,frustrated,1.0,0.8858372072378794,249.89852905273438,252.29368591308594,378.2163391113281,379.24072265625,54.65959470906366
4545,151.5,frustrated,0.9088955521583557,frustrated,1.0,0.8882927894592285,249.89852905273438,252.29368591308594,378.2163391113281,379.24072265625,51.57142505840403
4546,151.53333333333333,frustrated,0.9108271598815918,frustrated,1.0,0.8906893412272135,250.03042602539062,252.4210662841797,378.8843078613281,378.55535888671875,52.02947378867194
4547,151.56666666666666,frustrated,0.9046028256416321,frustrated,1.0,0.8928603072961171,250.29107666015625,253.85598754882812,376.0352783203125,378.7940368652344,47.02292678004866
4548,151.6,frustrated,0.902891218662262,frustrated,1.0,0.8949742197990418,250.50645446777344,255.3345947265625,376.2786865234375,378.43121337890625,56.873460975212886
4549,151.63333333333333,frustrated,0.902891218662262,frustrated,1.0,0.8968754688898722,250.50645446777344,255.3345947265625,376.2786865234375,378.43121337890625,51.350440744368264
4550,151.66666666666666,frustrated,0.9145199656486511,frustrated,1.0,0.8995380262533824,248.360595703125,253.7666778564453,373.72650146484375,376.90191650390625,50.44201512910248
4551,151.7,frustrated,0.9145199656486511,frustrated,1.0,0.9022005836168925,248.360595703125,253.7666778564453,373.72650146484375,376.90191650390625,47.793434291639606
4552,151.73333333333332,frustrated,0.9175476431846619,frustrated,1.0,0.9055401722590128,247.769287109375,253.23333740234375,372.6436767578125,376.05126953125,50.715871442044936
4553,151.76666666666668,frustrated,0.9174668788909912,frustrated,1.0,0.9083614806334178,247.474365234375,251.07012939453125,372.92462158203125,373.04443359375,49.830157296963364
4554,151.8,frustrated,0.920247495174408,frustrated,1.0,0.9112754762172699,246.17376708984375,248.76058959960938,373.16485595703125,369.8804016113281,49.6849487076216
4555,151.83333333333334,frustrated,0.9254485368728638,frustrated,1.0,0.9134436170260112,246.1071319580078,246.77088928222656,373.51434326171875,368.8870849609375,45.26259901150368
4556,151.86666666666667,frustrated,0.9232072234153748,frustrated,1.0,0.9139503737290701,245.34732055664062,245.90513610839844,373.8044738769531,368.3900146484375,51.43482206362053
4557,151.9,frustrated,0.9241762161254883,frustrated,1.0,0.9144894301891326,245.22433471679688,245.4371337890625,373.4167785644531,367.5355224609375,52.05982598334305
4558,151.93333333333334,frustrated,0.9241762161254883,frustrated,1.0,0.9147558112939199,245.22433471679688,245.4371337890625,373.4167785644531,367.5355224609375,49.0665169275403
4559,151.96666666666667,frustrated,0.9245973229408264,frustrated,1.0,0.9150341272354126,245.28277587890625,244.5552215576172,372.8084716796875,367.54815673828125,50.828342563530825
4560,152.0,frustrated,0.9268333315849304,frustrated,1.0,0.9153869767983754,244.6019287109375,244.63255310058594,373.37860107421875,367.6251220703125,55.06287004581676
4561,152.03333333333333,frustrated,0.9268333315849304,frustrated,1.0,0.9154900908470154,244.6019287109375,244.63255310058594,373.37860107421875,367.6251220703125,55.589036738588774
4562,152.06666666666666,frustrated,0.9263961315155029,frustrated,1.0,0.9159001449743907,243.39096069335938,244.78948974609375,372.1018981933594,367.56451416015625,45.22843340234645
4563,152.1,frustrated,0.9263961315155029,frustrated,1.0,0.9163101991017659,243.39096069335938,244.78948974609375,372.1018981933594,367.56451416015625,57.018039450252175
4564,152.13333333333333,frustrated,0.9243307113647461,frustrated,1.0,0.9167616287867228,242.55938720703125,245.03590393066406,371.88037109375,367.5224609375,52.46880746569259
4565,152.16666666666666,frustrated,0.9193664789199829,frustrated,1.0,0.9170786261558532,241.67991638183594,246.665771484375,369.9161376953125,367.68719482421875,53.42245771347055
4566,152.2,frustrated,0.9193664789199829,frustrated,1.0,0.9171974261601766,241.67991638183594,246.665771484375,369.9161376953125,367.68719482421875,48.652739273161735
4567,152.23333333333332,frustrated,0.9252158403396606,frustrated,1.0,0.9175112048784891,240.3758544921875,246.0973358154297,369.260009765625,368.01885986328125,52.12776217344834
4568,152.26666666666668,frustrated,0.9266889691352844,frustrated,1.0,0.917906379699707,239.7291259765625,245.07119750976562,368.1138916015625,367.7279357910156,47.897679517632014
4569,152.3,frustrated,0.9213919043540955,frustrated,1.0,0.9181249856948852,239.15692138671875,245.24734497070312,367.7911376953125,367.7976379394531,55.378391581615816
4570,152.33333333333334,frustrated,0.9213919043540955,frustrated,1.0,0.9183487157026927,239.15692138671875,245.24734497070312,367.7911376953125,367.7976379394531,58.794807816311085
4571,152.36666666666667,frustrated,0.919647216796875,frustrated,1.0,0.918509312470754,238.74371337890625,245.37542724609375,367.7431640625,368.04241943359375,47.92668685368223
4572,152.4,frustrated,0.9214773178100586,frustrated,1.0,0.9187309126059214,238.55523681640625,245.43453979492188,367.720458984375,367.7315979003906,50.89124816482037
4573,152.43333333333334,frustrated,0.9214773178100586,frustrated,1.0,0.9190574685732523,238.55523681640625,245.43453979492188,367.720458984375,367.7315979003906,51.201250030518324
4574,152.46666666666667,frustrated,0.9185448288917542,frustrated,1.0,0.9193791111310323,237.90643310546875,245.14141845703125,366.95355224609375,367.47998046875,50.39716431360769
4575,152.5,frustrated,0.9185448288917542,frustrated,1.0,0.9197007536888122,237.90643310546875,245.14141845703125,366.95355224609375,367.47998046875,56.94604502131588
4576,152.53333333333333,frustrated,0.9224395155906677,frustrated,1.0,0.9200878322124482,236.96939086914062,243.56788635253906,367.3845520019531,367.415283203125,48.62002851611856
4577,152.56666666666666,frustrated,0.9212879538536072,frustrated,1.0,0.9206440031528473,237.04954528808594,243.85975646972656,366.943603515625,367.168701171875,52.551639457231275
4578,152.6,frustrated,0.9212879538536072,frustrated,1.0,0.9212572276592255,237.04954528808594,243.85975646972656,366.943603515625,367.168701171875,55.269660552393
4579,152.63333333333333,frustrated,0.9218046069145203,frustrated,1.0,0.9218876739343007,237.13626098632812,244.01898193359375,366.5848693847656,366.85406494140625,49.656126061065265
4580,152.66666666666666,frustrated,0.9191772937774658,frustrated,1.0,0.9220429182052612,237.25933837890625,245.21376037597656,365.2171630859375,366.675537109375,53.41565421155855
4581,152.7,frustrated,0.9151861071586609,frustrated,1.0,0.9220651229222615,237.4351806640625,245.30015563964844,366.696044921875,366.2139892578125,53.6465773048194
4582,152.73333333333332,frustrated,0.9151861071586609,frustrated,1.0,0.9219864050547282,237.4351806640625,245.30015563964844,366.696044921875,366.2139892578125,54.06284963006883
4583,152.76666666666668,frustrated,0.9129876494407654,frustrated,1.0,0.9218370974063873,238.466796875,244.6119384765625,363.74969482421875,364.0081787109375,48.32314480915239
4584,152.8,frustrated,0.9100944399833679,frustrated,1.0,0.9214986622333526,236.02450561523438,236.1324462890625,366.9958190917969,358.69866943359375,53.56778502918301
4585,152.83333333333334,frustrated,0.9100944399833679,frustrated,1.0,0.9209868590037028,236.02450561523438,236.1324462890625,366.9958190917969,358.69866943359375,52.50953340761421
4586,152.86666666666667,frustrated,0.9010488390922546,frustrated,1.0,0.9202482461929321,235.2874755859375,233.17755126953125,368.22174072265625,356.2181396484375,53.346357346357344
4587,152.9,frustrated,0.8969711661338806,frustrated,1.0,0.9193414111932119,234.38658142089844,231.47915649414062,367.3343505859375,355.1957702636719,55.41131397468756
4588,152.93333333333334,frustrated,0.8969711661338806,frustrated,1.0,0.9184345761934917,234.38658142089844,231.47915649414062,367.3343505859375,355.1957702636719,55.046249146936844
4589,152.96666666666667,frustrated,0.9099786281585693,frustrated,1.0,0.9179472863674164,235.1327667236328,232.7366943359375,367.44268798828125,354.54095458984375,49.624401036428814
4590,153.0,frustrated,0.9099786281585693,frustrated,1.0,0.917385462919871,235.1327667236328,232.7366943359375,367.44268798828125,354.54095458984375,49.79702711687325
4591,153.03333333333333,frustrated,0.8970314264297485,frustrated,1.0,0.9163920660813649,238.79457092285156,242.15646362304688,359.0394287109375,355.4704284667969,50.599013185673094
4592,153.06666666666666,frustrated,0.7479948401451111,frustrated,1.0,0.9104453563690186,239.51791381835938,249.49375915527344,355.2048645019531,359.4334716796875,50.81848912582541
4593,153.1,frustrated,0.548504650592804,frustrated,1.0,0.8978489736715952,242.4141845703125,261.550537109375,340.68951416015625,360.8616943359375,55.055642334904114
4594,153.13333333333333,frustrated,0.548504650592804,frustrated,1.0,0.8853214383125305,242.4141845703125,261.550537109375,340.68951416015625,360.8616943359375,52.47471537595396
4595,153.16666666666666,no_face,0.0,no_face,0.0,0.0,0.0,0.0,0.0,0.0,50.22336642199418
4596,153.2,no_face,0.0,no_face,0.0,0.0,0.0,0.0,0.0,0.0,56.15015127580391
4597,153.23333333333332,no_face,0.0,no_face,0.0,0.0,0.0,0.0,0.0,0.0,47.543686238948084
4598,153.26666666666668,no_face,0.0,no_face,0.0,0.0,0.0,0.0,0.0,0.0,58.426255084415224
4599,153.3,no_face,0.0,no_face,0.0,0.0,0.0,0.0,0.0,0.0,51.106421347630075
4600,153.33333333333334,no_face,0.0,no_face,0.0,0.0,0.0,0.0,0.0,0.0,52.07016672667006
4601,153.36666666666667,no_face,0.0,no_face,0.0,0.0,0.0,0.0,0.0,0.0,55.41131397468756
4602,153.4,no_face,0.0,no_face,0.0,0.0,0.0,0.0,0.0,0.0,56.71887381844244
4603,153.43333333333334,no_face,0.0,no_face,0.0,0.0,0.0,0.0,0.0,0.0,55.34477799036749
4604,153.46666666666667,no_face,0.0,no_face,0.0,0.0,0.0,0.0,0.0,0.0,48.471692225907475
4605,153.5,no_face,0.0,no_face,0.0,0.0,0.0,0.0,0.0,0.0,47.48179090960548
4606,153.53333333333333,no_face,0.0,no_face,0.0,0.0,0.0,0.0,0.0,0.0,47.95682597758976
4607,153.56666666666666,no_face,0.0,no_face,0.0,0.0,0.0,0.0,0.0,0.0,56.38035836705066
4608,153.6,no_face,0.0,no_face,0.0,0.0,0.0,0.0,0.0,0.0,58.7396400812268
4609,153.63333333333333,no_face,0.0,no_face,0.0,0.0,0.0,0.0,0.0,0.0,48.38167304941632
4610,153.66666666666666,no_face,0.0,no_face,0.0,0.0,0.0,0.0,0.0,0.0,55.58314338722502
4611,153.7,no_face,0.0,no_face,0.0,0.0,0.0,0.0,0.0,0.0,55.78199518559402
4612,153.73333333333332,no_face,0.0,no_face,0.0,0.0,0.0,0.0,0.0,0.0,52.71544020612078
4613,153.76666666666668,no_face,0.0,no_face,0.0,0.0,0.0,0.0,0.0,0.0,46.77436406419021
4614,153.8,no_face,0.0,no_face,0.0,0.0,0.0,0.0,0.0,0.0,55.15192636423406
4615,153.83333333333334,no_face,0.0,no_face,0.0,0.0,0.0,0.0,0.0,0.0,56.47677268198099
4616,153.86666666666667,no_face,0.0,no_face,0.0,0.0,0.0,0.0,0.0,0.0,54.87269254418671
4617,153.9,no_face,0.0,no_face,0.0,0.0,0.0,0.0,0.0,0.0,56.20959809163886
4618,153.93333333333334,no_face,0.0,no_face,0.0,0.0,0.0,0.0,0.0,0.0,52.532551789784826
4619,153.96666666666667,no_face,0.0,no_face,0.0,0.0,0.0,0.0,0.0,0.0,57.44284207787228
4620,154.0,no_face,0.0,no_face,0.0,0.0,0.0,0.0,0.0,0.0,53.28807013086012
4621,154.03333333333333,no_face,0.0,no_face,0.0,0.0,0.0,0.0,0.0,0.0,49.81358669833729
4622,154.06666666666666,no_face,0.0,no_face,0.0,0.0,0.0,0.0,0.0,0.0,51.98755562166115
4623,154.1,no_face,0.0,no_face,0.0,0.0,0.0,0.0,0.0,0.0,58.06390165568415
4624,154.13333333333333,no_face,0.0,no_face,0.0,0.0,0.0,0.0,0.0,0.0,52.50230322451432
4625,154.16666666666666,no_face,0.0,no_face,0.0,0.0,0.0,0.0,0.0,0.0,55.425958717657316
4626,154.2,no_face,0.0,no_face,0.0,0.0,0.0,0.0,0.0,0.0,52.487848829933675
4627,154.23333333333332,no_face,0.0,no_face,0.0,0.0,0.0,0.0,0.0,0.0,56.06458856867882
4628,154.26666666666668,no_face,0.0,no_face,0.0,0.0,0.0,0.0,0.0,0.0,53.21842843185769
4629,154.3,no_face,0.0,no_face,0.0,0.0,0.0,0.0,0.0,0.0,52.04238528922749
4630,154.33333333333334,no_face,0.0,no_face,0.0,0.0,0.0,0.0,0.0,0.0,50.04658266513937
4631,154.36666666666667,no_face,0.0,no_face,0.0,0.0,0.0,0.0,0.0,0.0,53.903048373001596
4632,154.4,no_face,0.0,no_face,0.0,0.0,0.0,0.0,0.0,0.0,47.99853520095212
4633,154.43333333333334,no_face,0.0,no_face,0.0,0.0,0.0,0.0,0.0,0.0,53.62805743437624
4634,154.46666666666667,no_face,0.0,no_face,0.0,0.0,0.0,0.0,0.0,0.0,55.848843557342775
4635,154.5,no_face,0.0,no_face,0.0,0.0,0.0,0.0,0.0,0.0,55.09541824295923
4636,154.53333333333333,no_face,0.0,no_face,0.0,0.0,0.0,0.0,0.0,0.0,55.416438754343545
4637,154.56666666666666,no_face,0.0,no_face,0.0,0.0,0.0,0.0,0.0,0.0,53.33143452941027
4638,154.6,no_face,0.0,no_face,0.0,0.0,0.0,0.0,0.0,0.0,47.94366969960221
4639,154.63333333333333,no_face,0.0,no_face,0.0,0.0,0.0,0.0,0.0,0.0,58.273646771145934
4640,154.66666666666666,no_face,0.0,no_face,0.0,0.0,0.0,0.0,0.0,0.0,53.436069917953425
4641,154.7,no_face,0.0,no_face,0.0,0.0,0.0,0.0,0.0,0.0,58.637811237400214
4642,154.73333333333332,no_face,0.0,no_face,0.0,0.0,0.0,0.0,0.0,0.0,56.46156745550979
4643,154.76666666666668,no_face,0.0,no_face,0.0,0.0,0.0,0.0,0.0,0.0,55.65468465958096
4644,154.8,no_face,0.0,no_face,0.0,0.0,0.0,0.0,0.0,0.0,55.58314338722502
4645,154.83333333333334,no_face,0.0,no_face,0.0,0.0,0.0,0.0,0.0,0.0,45.56945742161187
4646,154.86666666666667,no_face,0.0,no_face,0.0,0.0,0.0,0.0,0.0,0.0,53.67335082218952
4647,154.9,no_face,0.0,no_face,0.0,0.0,0.0,0.0,0.0,0.0,49.82897331717633
4648,154.93333333333334,no_face,0.0,no_face,0.0,0.0,0.0,0.0,0.0,0.0,55.266747483265696
4649,154.96666666666667,no_face,0.0,no_face,0.0,0.0,0.0,0.0,0.0,0.0,52.488505675205545
4650,155.0,no_face,0.0,no_face,0.0,0.0,0.0,0.0,0.0,0.0,55.33309586944763
4651,155.03333333333333,no_face,0.0,no_face,0.0,0.0,0.0,0.0,0.0,0.0,51.4979741178204
4652,155.06666666666666,no_face,0.0,no_face,0.0,0.0,0.0,0.0,0.0,0.0,58.72812556882622
4653,155.1,no_face,0.0,no_face,0.0,0.0,0.0,0.0,0.0,0.0,53.57325873982961
4654,155.13333333333333,no_face,0.0,no_face,0.0,0.0,0.0,0.0,0.0,0.0,47.69940408497475
4655,155.16666666666666,no_face,0.0,no_face,0.0,0.0,0.0,0.0,0.0,0.0,49.8722250627222
4656,155.2,no_face,0.0,no_face,0.0,0.0,0.0,0.0,0.0,0.0,47.411480116654985
4657,155.23333333333332,no_face,0.0,no_face,0.0,0.0,0.0,0.0,0.0,0.0,55.620734925539395
4658,155.26666666666668,no_face,0.0,no_face,0.0,0.0,0.0,0.0,0.0,0.0,51.42347113922809
4659,155.3,no_face,0.0,no_face,0.0,0.0,0.0,0.0,0.0,0.0,55.053474391620504
4660,155.33333333333334,no_face,0.0,no_face,0.0,0.0,0.0,0.0,0.0,0.0,55.36231042356886
4661,155.36666666666667,no_face,0.0,no_face,0.0,0.0,0.0,0.0,0.0,0.0,58.48735933512752
4662,155.4,no_face,0.0,no_face,0.0,0.0,0.0,0.0,0.0,0.0,56.16443712422502
4663,155.43333333333334,no_face,0.0,no_face,0.0,0.0,0.0,0.0,0.0,0.0,51.173763451355505
4664,155.46666666666667,no_face,0.0,no_face,0.0,0.0,0.0,0.0,0.0,0.0,54.81603847561294
4665,155.5,no_face,0.0,no_face,0.0,0.0,0.0,0.0,0.0,0.0,47.652798291258605
4666,155.53333333333333,no_face,0.0,no_face,0.0,0.0,0.0,0.0,0.0,0.0,50.706674565083354
4667,155.56666666666666,no_face,0.0,no_face,0.0,0.0,0.0,0.0,0.0,0.0,46.364343827378846
4668,155.6,no_face,0.0,no_face,0.0,0.0,0.0,0.0,0.0,0.0,58.17423265232527
4669,155.63333333333333,no_face,0.0,no_face,0.0,0.0,0.0,0.0,0.0,0.0,55.68497915615624
4670,155.66666666666666,no_face,0.0,no_face,0.0,0.0,0.0,0.0,0.0,0.0,58.926143946950646
4671,155.7,no_face,0.0,no_face,0.0,0.0,0.0,0.0,0.0,0.0,48.64089064130813
4672,155.73333333333332,no_face,0.0,no_face,0.0,0.0,0.0,0.0,0.0,0.0,52.38231069925441
4673,155.76666666666668,no_face,0.0,no_face,0.0,0.0,0.0,0.0,0.0,0.0,47.476416322372515
4674,155.8,no_face,0.0,no_face,0.0,0.0,0.0,0.0,0.0,0.0,58.87982031304836
4675,155.83333333333334,no_face,0.0,no_face,0.0,0.0,0.0,0.0,0.0,0.0,49.802348638668235
4676,155.86666666666667,no_face,0.0,no_face,0.0,0.0,0.0,0.0,0.0,0.0,56.84802320380586
4677,155.9,no_face,0.0,no_face,0.0,0.0,0.0,0.0,0.0,0.0,52.362038401038674
4678,155.93333333333334,no_face,0.0,no_face,0.0,0.0,0.0,0.0,0.0,0.0,50.16150019135094
4679,155.96666666666667,no_face,0.0,no_face,0.0,0.0,0.0,0.0,0.0,0.0,49.944081924267685
4680,156.0,no_face,0.0,no_face,0.0,0.0,0.0,0.0,0.0,0.0,51.821836737215364
4681,156.03333333333333,no_face,0.0,no_face,0.0,0.0,0.0,0.0,0.0,0.0,55.22381535463654
4682,156.06666666666666,no_face,0.0,no_face,0.0,0.0,0.0,0.0,0.0,0.0,52.624167220807244
4683,156.1,no_face,0.0,no_face,0.0,0.0,0.0,0.0,0.0,0.0,55.30755841552825
4684,156.13333333333333,no_face,0.0,no_face,0.0,0.0,0.0,0.0,0.0,0.0,46.33566062748564
4685,156.16666666666666,no_face,0.0,no_face,0.0,0.0,0.0,0.0,0.0,0.0,55.218726138128964
4686,156.2,no_face,0.0,no_face,0.0,0.0,0.0,0.0,0.0,0.0,57.0002174385736
4687,156.23333333333332,no_face,0.0,no_face,0.0,0.0,0.0,0.0,0.0,0.0,57.01958971709784
4688,156.26666666666668,no_face,0.0,no_face,0.0,0.0,0.0,0.0,0.0,0.0,60.45495034520532
4689,156.3,no_face,0.0,no_face,0.0,0.0,0.0,0.0,0.0,0.0,61.85832903178232
4690,156.33333333333334,frustrated,0.43442079424858093,neutral,0.0,0.0,231.9322509765625,282.3597412109375,344.4539794921875,384.11767578125,55.49636137500331
4691,156.36666666666667,frustrated,0.43442079424858093,neutral,0.0,0.0,231.9322509765625,282.3597412109375,344.4539794921875,384.11767578125,47.32642031029619
4692,156.4,frustrated,0.32056573033332825,neutral,0.0,0.0,232.88442993164062,280.58367919921875,348.5920715332031,385.80877685546875,53.958524159934136
4693,156.43333333333334,no_face,0.0,no_face,0.0,0.0,0.0,0.0,0.0,0.0,59.351398774568764
4694,156.46666666666667,no_face,0.0,no_face,0.0,0.0,0.0,0.0,0.0,0.0,56.19528926284198
4695,156.5,no_face,0.0,no_face,0.0,0.0,0.0,0.0,0.0,0.0,49.283872862934025
4696,156.53333333333333,frustrated,0.6726690530776978,neutral,0.0,0.0,233.0597381591797,281.599609375,336.50665283203125,374.12884521484375,53.930078561968806
4697,156.56666666666666,frustrated,0.6726690530776978,neutral,0.0,0.0,233.0597381591797,281.599609375,336.50665283203125,374.12884521484375,58.61077107962326
4698,156.6,frustrated,0.7186911106109619,neutral,0.0,0.0,234.26116943359375,278.9610595703125,338.35906982421875,372.6854248046875,52.300663374731904
4699,156.63333333333333,frustrated,0.7278491258621216,neutral,0.0,0.0,235.48291015625,277.30108642578125,339.8294677734375,370.43353271484375,51.2456656933058
4700,156.66666666666666,frustrated,0.7278491258621216,neutral,0.0,0.0,235.48291015625,277.30108642578125,339.8294677734375,370.43353271484375,55.206370516617305
4701,156.7,frustrated,0.7729110717773438,neutral,0.0,0.0,235.69952392578125,277.90716552734375,338.59515380859375,371.32171630859375,47.412551998553084
4702,156.73333333333332,frustrated,0.7868058681488037,neutral,0.0,0.0,234.6790771484375,275.7127380371094,338.84716796875,372.7334899902344,52.54637250848774
4703,156.76666666666668,frustrated,0.7868058681488037,frustrated,1.0,0.733281284570694,234.6790771484375,275.7127380371094,338.84716796875,372.7334899902344,41.13393548893269
4704,156.8,frustrated,0.7815303206443787,frustrated,1.0,0.7386422885788811,234.56483459472656,275.283935546875,341.766357421875,373.626220703125,56.475251790811654
4705,156.83333333333334,frustrated,0.7950767278671265,frustrated,1.0,0.7442857325077057,234.37620544433594,276.3935241699219,342.45458984375,373.6080627441406,53.81383354075518
4706,156.86666666666667,frustrated,0.7950767278671265,frustrated,1.0,0.7489030957221985,234.37620544433594,276.3935241699219,342.45458984375,373.6080627441406,50.79325712071304
4707,156.9,frustrated,0.7933743000030518,frustrated,1.0,0.7526090294122696,233.92788696289062,275.99591064453125,341.9758605957031,372.67498779296875,50.391714924189635
4708,156.93333333333334,frustrated,0.8036593794822693,frustrated,1.0,0.7565359794176542,233.8152618408203,273.5486145019531,341.03863525390625,371.1745300292969,56.254831743987985
4709,156.96666666666667,frustrated,0.8036593794822693,frustrated,1.0,0.7599019365651267,233.8152618408203,273.5486145019531,341.03863525390625,371.1745300292969,52.46946383447172
4710,157.0,frustrated,0.8038718700408936,frustrated,1.0,0.7628332654635112,233.5583038330078,275.5924072265625,339.46710205078125,373.25341796875,43.92815324514825
4711,157.03333333333333,frustrated,0.7810119986534119,frustrated,1.0,0.7639694362878799,234.34518432617188,276.44775390625,337.3736267089844,372.7066650390625,56.464607845776904
4712,157.06666666666666,frustrated,0.7810119986534119,frustrated,1.0,0.7649719399564406,234.34518432617188,276.44775390625,337.3736267089844,372.7066650390625,56.90895769449947
4713,157.1,frustrated,0.7879627346992493,frustrated,1.0,0.7662492063310411,235.52090454101562,277.12725830078125,336.2223205566406,373.3453369140625,52.377731711581205
4714,157.13333333333333,frustrated,0.7111806869506836,frustrated,1.0,0.7633508632057592,240.23013305664062,276.91424560546875,338.2780456542969,370.47503662109375,52.415696075981
4715,157.16666666666666,frustrated,0.7111806869506836,frustrated,1.0,0.7607423543930054,240.23013305664062,276.91424560546875,338.2780456542969,370.47503662109375,54.30785166770251
4716,157.2,frustrated,0.6704486012458801,frustrated,1.0,0.7564426518621898,241.1041259765625,275.81298828125,338.3330078125,371.2333984375,53.74625507758941
4717,157.23333333333332,frustrated,0.6851672530174255,frustrated,1.0,0.7532028610056097,241.9276123046875,275.0902404785156,336.9617919921875,373.2968444824219,46.52119034150778
4718,157.26666666666668,frustrated,0.6851672530174255,frustrated,1.0,0.75024479109308,241.9276123046875,275.0902404785156,336.9617919921875,373.2968444824219,60.86640545639239
4719,157.3,frustrated,0.713772714138031,frustrated,1.0,0.7487251212199529,241.83514404296875,273.2460021972656,341.08697509765625,372.2756652832031,52.57799004675768
4720,157.33333333333334,frustrated,0.7493235468864441,frustrated,1.0,0.7487490582466125,242.4881591796875,274.1922607421875,341.3995361328125,372.33428955078125,47.53129426696735
4721,157.36666666666667,frustrated,0.7493235468864441,frustrated,1.0,0.7487711539635291,242.4881591796875,274.1922607421875,341.3995361328125,372.33428955078125,55.95986764862845
4722,157.4,frustrated,0.779823899269104,frustrated,1.0,0.7499212556415134,241.1982421875,273.564697265625,340.58428955078125,370.9383544921875,45.33941562442573
4723,157.43333333333334,frustrated,0.757839560508728,frustrated,1.0,0.750204052243914,242.87353515625,274.2201843261719,341.4188232421875,367.1566467285156,45.13012976392864
4724,157.46666666666667,frustrated,0.7886430621147156,frustrated,1.0,0.7515295353429071,244.17391967773438,275.60675048828125,343.0879211425781,367.8099365234375,53.61297662111897
4725,157.5,frustrated,0.7886430621147156,frustrated,1.0,0.7527666529019673,244.17391967773438,275.60675048828125,343.0879211425781,367.8099365234375,49.82423796060915
4726,157.53333333333333,frustrated,0.751319408416748,frustrated,1.0,0.755388331413269,244.44580078125,275.49676513671875,342.466064453125,367.95660400390625,50.78833672382059
4727,157.56666666666666,frustrated,0.751319408416748,frustrated,1.0,0.7580100099245707,244.44580078125,275.49676513671875,342.466064453125,367.95660400390625,53.077674571638276
4728,157.6,frustrated,0.714644730091095,frustrated,1.0,0.7578751305739085,239.05714416503906,275.48095703125,341.0499267578125,369.877685546875,48.08106930783869
4729,157.63333333333333,frustrated,0.7133016586303711,frustrated,1.0,0.7573902149995168,238.54391479492188,277.15972900390625,339.9338073730469,371.54998779296875,53.26844384612454
4730,157.66666666666666,frustrated,0.7133016586303711,frustrated,1.0,0.7569052994251251,238.54391479492188,277.15972900390625,339.9338073730469,371.54998779296875,48.69792984941193
4731,157.7,frustrated,0.690727174282074,frustrated,1.0,0.7541658361752828,239.0929718017578,276.61419677734375,340.94720458984375,368.74884033203125,54.653896772344055
4732,157.73333333333332,frustrated,0.7385245561599731,frustrated,1.0,0.7525564591089885,236.7079620361328,276.63336181640625,342.92376708984375,370.34075927734375,50.34332765201527
4733,157.76666666666668,frustrated,0.7385245561599731,frustrated,1.0,0.7509470820426941,236.7079620361328,276.63336181640625,342.92376708984375,370.34075927734375,55.440611203637616
4734,157.8,frustrated,0.7650692462921143,frustrated,1.0,0.7503983795642852,234.64723205566406,276.7100830078125,340.386474609375,371.751220703125,46.273294940535294
4735,157.83333333333334,frustrated,0.7805166244506836,frustrated,1.0,0.7499130427837372,233.6917266845703,276.8504638671875,341.67938232421875,374.72808837890625,55.00221618998911
4736,157.86666666666667,frustrated,0.7856809496879578,frustrated,1.0,0.7495998501777649,233.02719116210938,276.3917236328125,341.6996154785156,375.342529296875,47.42059265791586
4737,157.9,frustrated,0.7856809496879578,frustrated,1.0,0.7493434051672617,233.02719116210938,276.3917236328125,341.6996154785156,375.342529296875,48.66572297124823
4738,157.93333333333334,frustrated,0.7771367430686951,frustrated,1.0,0.7484593172868093,233.18495178222656,275.43218994140625,339.95263671875,370.53070068359375,49.518943105748455
4739,157.96666666666667,frustrated,0.7771367430686951,frustrated,1.0,0.7475752294063568,233.18495178222656,275.43218994140625,339.95263671875,370.53070068359375,53.47899373956062
4740,158.0,frustrated,0.7878745794296265,frustrated,1.0,0.7470419863859813,233.234619140625,275.1417236328125,342.53741455078125,372.8641357421875,50.647893446681074
4741,158.03333333333333,frustrated,0.7689143419265747,frustrated,1.0,0.7466387311617534,234.2209014892578,273.8228759765625,341.99737548828125,369.9912109375,51.143811730276795
4742,158.06666666666666,frustrated,0.7689143419265747,frustrated,1.0,0.7462354759375255,234.2209014892578,273.8228759765625,341.99737548828125,369.9912109375,52.45174763959232
4743,158.1,frustrated,0.7441304326057434,frustrated,1.0,0.7447743992010752,236.680908203125,272.7471923828125,342.26837158203125,367.8961181640625,58.10975491486443
4744,158.13333333333333,frustrated,0.7338353991508484,frustrated,1.0,0.7455295562744141,236.0745849609375,273.4291076660156,341.74078369140625,367.3368835449219,52.472745924711944
4745,158.16666666666666,frustrated,0.7338353991508484,frustrated,1.0,0.7462847133477529,236.0745849609375,273.4291076660156,341.74078369140625,367.3368835449219,58.01731817301574
4746,158.2,frustrated,0.7386460304260254,frustrated,1.0,0.748557960987091,234.53359985351562,274.65802001953125,342.1186828613281,368.496826171875,50.78034311173529
4747,158.23333333333332,frustrated,0.7289427518844604,frustrated,1.0,0.7500171442826589,235.436767578125,272.8975830078125,342.7454833984375,370.1781005859375,50.25224944587551
4748,158.26666666666668,frustrated,0.7257072925567627,frustrated,1.0,0.7513684789339702,236.76467895507812,273.234375,342.7778015136719,370.1201171875,47.42809973426811
4749,158.3,frustrated,0.7257072925567627,frustrated,1.0,0.7517662982145945,236.76467895507812,273.234375,342.7778015136719,370.1201171875,50.42442894926665
4750,158.33333333333334,frustrated,0.6969524621963501,frustrated,1.0,0.7500205953915914,234.8116912841797,271.3717041015625,342.75018310546875,368.4229736328125,44.55247867605664
4751,158.36666666666667,frustrated,0.67257159948349,frustrated,1.0,0.7474621971448262,234.80490112304688,271.11822509765625,343.1080017089844,368.40814208984375,60.63937080730974
4752,158.4,frustrated,0.67257159948349,frustrated,1.0,0.7438871204853058,234.80490112304688,271.11822509765625,343.1080017089844,368.40814208984375,51.023733926985635
4753,158.43333333333334,frustrated,0.7627086043357849,frustrated,1.0,0.7440494219462077,232.761962890625,272.19976806640625,343.95220947265625,371.5009765625,48.23090279774157
4754,158.46666666666667,frustrated,0.7627086043357849,frustrated,1.0,0.7431849400202434,232.761962890625,272.19976806640625,343.95220947265625,371.5009765625,50.96917038315247
4755,158.5,frustrated,0.6269210577011108,frustrated,1.0,0.7377942065397899,234.48439025878906,268.48760986328125,344.4669189453125,366.94403076171875,47.879089518504145
4756,158.53333333333333,frustrated,0.7802364826202393,frustrated,1.0,0.7387581090132396,236.7848663330078,262.28216552734375,344.58660888671875,365.81463623046875,52.08439195817656
4757,158.56666666666666,frustrated,0.7802364826202393,frustrated,1.0,0.7397220114866893,236.7848663330078,262.28216552734375,344.58660888671875,365.81463623046875,50.06569900687548
4758,158.6,frustrated,0.8269895315170288,frustrated,1.0,0.743466838200887,238.2600555419922,260.1971740722656,345.26702880859375,363.2861022949219,49.88290141883615
4759,158.63333333333333,frustrated,0.8894405364990234,frustrated,1.0,0.7493381341298421,234.40357971191406,256.13726806640625,346.69921875,361.79327392578125,49.808262774762795
4760,158.66666666666666,frustrated,0.8884533047676086,frustrated,1.0,0.7551765223344167,234.74717712402344,248.8962860107422,351.4952392578125,360.16827392578125,55.4157065849276
4761,158.7,frustrated,0.8884533047676086,frustrated,1.0,0.7617673933506012,234.74717712402344,248.8962860107422,351.4952392578125,360.16827392578125,49.7958447109106
4762,158.73333333333332,frustrated,0.899095892906189,frustrated,1.0,0.7671197712421417,234.7535858154297,243.79541015625,354.47369384765625,359.36199951171875,58.458828120644476
4763,158.76666666666668,frustrated,0.9154911637306213,frustrated,1.0,0.7730186581611633,233.4626922607422,236.42379760742188,362.68121337890625,358.0977478027344,49.66906270353485
4764,158.8,frustrated,0.9154911637306213,frustrated,1.0,0.7780327220757802,233.4626922607422,236.42379760742188,362.68121337890625,358.0977478027344,49.254356710038046
4765,158.83333333333334,frustrated,0.9032534956932068,frustrated,1.0,0.7821239511171977,234.2029266357422,234.0753173828125,365.57452392578125,357.38238525390625,55.123657821761356
4766,158.86666666666667,frustrated,0.9032534956932068,frustrated,1.0,0.7860430359840394,234.2029266357422,234.0753173828125,365.57452392578125,357.38238525390625,55.09035266303277
4767,158.9,frustrated,0.9032878875732422,frustrated,1.0,0.7899632672468822,233.34585571289062,231.30859375,368.3268127441406,358.165283203125,46.95869859716298
4768,158.93333333333334,frustrated,0.8699365258216858,frustrated,1.0,0.7930565933386485,231.8694305419922,230.06881713867188,369.40155029296875,359.1761779785156,51.4998710754761
4769,158.96666666666667,frustrated,0.8699365258216858,frustrated,1.0,0.7961499194304148,231.8694305419922,230.06881713867188,369.40155029296875,359.1761779785156,47.47265483520464
4770,159.0,frustrated,0.8943586349487305,frustrated,1.0,0.7996993879477183,232.36956787109375,230.62716674804688,370.05462646484375,362.3909606933594,51.148177505701014
4771,159.03333333333333,frustrated,0.9207086563110352,frustrated,1.0,0.8047591984272003,232.1126251220703,231.98294067382812,372.87274169921875,367.1601867675781,53.28468525693959
4772,159.06666666666666,frustrated,0.9146335124969482,frustrated,1.0,0.8096165041128794,232.73626708984375,236.27354431152344,373.113037109375,371.0633544921875,55.511051113052226
4773,159.1,frustrated,0.9146335124969482,frustrated,1.0,0.8152999401092529,232.73626708984375,236.27354431152344,373.113037109375,371.0633544921875,46.895694272073705
4774,159.13333333333333,frustrated,0.907526433467865,frustrated,1.0,0.8210896412531535,229.89920043945312,239.69589233398438,374.2215881347656,375.9379577636719,47.145551621424154
4775,159.16666666666666,frustrated,0.8787564039230347,frustrated,1.0,0.8259203414122264,230.3101348876953,242.43927001953125,377.28497314453125,382.130859375,48.29754844950082
4776,159.2,frustrated,0.8787564039230347,frustrated,1.0,0.83059068719546,230.3101348876953,242.43927001953125,377.28497314453125,382.130859375,49.82246243392528
4777,159.23333333333332,frustrated,0.8915659189224243,frustrated,1.0,0.8360114594300588,231.6060333251953,245.34967041015625,378.96209716796875,384.9346923828125,49.64202104366146
4778,159.26666666666668,frustrated,0.8618572354316711,frustrated,1.0,0.8405497908592224,232.12362670898438,245.8426513671875,381.4120788574219,388.853271484375,46.932951391997136
4779,159.3,frustrated,0.8618572354316711,frustrated,1.0,0.845088122288386,232.12362670898438,245.8426513671875,381.4120788574219,388.853271484375,48.4107109879963
4780,159.33333333333334,frustrated,0.8470653891563416,frustrated,1.0,0.8500918865203857,233.89511108398438,246.19052124023438,382.6192932128906,392.8431091308594,46.816653644379954
4781,159.36666666666667,frustrated,0.8470653891563416,frustrated,1.0,0.8559083461761474,233.89511108398438,246.19052124023438,382.6192932128906,392.8431091308594,46.30956928818275
4782,159.4,frustrated,0.8428731560707092,frustrated,1.0,0.8615850647290547,233.6819610595703,245.8017578125,385.39288330078125,395.82049560546875,52.50690401972935
4783,159.43333333333334,frustrated,0.824726402759552,frustrated,1.0,0.8636523246765136,232.93267822265625,246.41122436523438,386.78607177734375,397.9690246582031,54.47997090455655
4784,159.46666666666667,frustrated,0.8447400331497192,frustrated,1.0,0.8663867056369782,233.56228637695312,246.98745727539062,388.2815856933594,399.4277038574219,44.28528893159189
4785,159.5,frustrated,0.8861704468727112,frustrated,1.0,0.8750283519426981,236.72467041015625,247.13497924804688,392.01922607421875,401.2861633300781,49.8805285002438
4786,159.53333333333333,frustrated,0.9078304171562195,frustrated,1.0,0.8792814830938975,239.12213134765625,246.78204345703125,395.6878662109375,402.6390380859375,55.32944621797747
4787,159.56666666666666,frustrated,0.9064434766769409,frustrated,1.0,0.8834883828957876,240.7368621826172,244.3067169189453,401.91741943359375,402.94268798828125,50.11295506410027
4788,159.6,frustrated,0.9064434766769409,frustrated,1.0,0.8861368477344513,240.7368621826172,244.3067169189453,401.91741943359375,402.94268798828125,49.053892215568865
4789,159.63333333333333,frustrated,0.8873308897018433,frustrated,1.0,0.8860665261745453,240.9427032470703,243.6685791015625,405.27630615234375,403.59295654296875,52.330027073898016
4790,159.66666666666666,frustrated,0.8873308897018433,frustrated,1.0,0.8860291123390198,240.9427032470703,243.6685791015625,405.27630615234375,403.59295654296875,50.07825204465405
4791,159.7,frustrated,0.8297766447067261,frustrated,1.0,0.8840732236703237,238.46578979492188,240.47801208496094,409.3398132324219,405.373291015625,51.113895049842796
4792,159.73333333333332,frustrated,0.806656002998352,frustrated,1.0,0.8809918940067292,238.82815551757812,240.0645294189453,409.5066223144531,405.64105224609375,49.825421715371824
4793,159.76666666666668,frustrated,0.7436715364456177,frustrated,1.0,0.875264573097229,237.82659912109375,237.2312774658203,411.99395751953125,406.29205322265625,57.63069017161544
4794,159.8,frustrated,0.7436715364456177,frustrated,1.0,0.8695372521877289,237.82659912109375,237.2312774658203,411.99395751953125,406.29205322265625,52.56876433504205
4795,159.83333333333334,frustrated,0.8504867553710938,frustrated,1.0,0.8677783608436584,238.42489624023438,238.84060668945312,411.6803283691406,407.8057556152344,50.84066473533012
4796,159.86666666666667,frustrated,0.828712522983551,frustrated,1.0,0.8652936617533366,238.9136505126953,238.80612182617188,413.53411865234375,409.3962097167969,50.97970197146122
4797,159.9,frustrated,0.828712522983551,frustrated,1.0,0.8628078162670135,238.9136505126953,238.80612182617188,413.53411865234375,409.3962097167969,49.92327560554663
4798,159.93333333333334,frustrated,0.8637793660163879,frustrated,1.0,0.862602577606837,239.8745880126953,241.5462646484375,412.46881103515625,411.06072998046875,56.8703763965723
4799,159.96666666666667,frustrated,0.8970020413398743,frustrated,1.0,0.8635047614574433,236.5865020751953,244.23956298828125,416.07464599609375,416.28387451171875,47.017655565146235
4800,160.0,frustrated,0.8970020413398743,frustrated,1.0,0.8635928750038147,236.5865020751953,244.23956298828125,416.07464599609375,416.28387451171875,57.05682142808559
4801,160.03333333333333,frustrated,0.9210262894630432,frustrated,1.0,0.8636034627755483,237.69839477539062,246.32325744628906,414.8667907714844,418.1761474609375,49.736206140090836
4802,160.06666666666666,frustrated,0.9206482172012329,frustrated,1.0,0.8638039529323578,235.35330200195312,246.1879119873047,412.9243469238281,420.39459228515625,50.69012858938412
4803,160.1,frustrated,0.9206482172012329,frustrated,1.0,0.8640044430891672,235.35330200195312,246.1879119873047,412.9243469238281,420.39459228515625,52.5003317019439
4804,160.13333333333333,frustrated,0.893272340297699,frustrated,1.0,0.8635293066501617,235.72921752929688,247.6197052001953,412.0162048339844,421.01971435546875,55.89722266645344
4805,160.16666666666666,frustrated,0.8522700667381287,frustrated,1.0,0.8626464287439982,234.93170166015625,247.5174560546875,414.2735595703125,421.83929443359375,52.61294530858003
4806,160.2,frustrated,0.8522700667381287,frustrated,1.0,0.8617635508378346,234.93170166015625,247.5174560546875,414.2735595703125,421.83929443359375,53.80969120043106
4807,160.23333333333332,frustrated,0.8909505605697632,frustrated,1.0,0.861743038892746,234.63372802734375,247.1337890625,415.64166259765625,423.07696533203125,34.565400843881854
4808,160.26666666666668,frustrated,0.8798980116844177,frustrated,1.0,0.8623443981011708,233.55459594726562,246.33355712890625,416.6283874511719,423.75286865234375,45.2357502615373
4809,160.3,frustrated,0.8798980116844177,frustrated,1.0,0.8629457573095958,233.55459594726562,246.33355712890625,416.6283874511719,423.75286865234375,43.37125544169502
4810,160.33333333333334,frustrated,0.8086013793945312,frustrated,1.0,0.8616636236508687,232.18603515625,245.5544891357422,417.64599609375,424.29217529296875,48.42803865649066
4811,160.36666666666667,frustrated,0.8147006630897522,frustrated,1.0,0.8605847994486491,232.38046264648438,245.1336669921875,416.2555847167969,424.8538818359375,45.45734753817642
4812,160.4,frustrated,0.8473089933395386,frustrated,1.0,0.8607326606909435,231.00990295410156,246.5152587890625,412.260986328125,423.5650634765625,55.39740863524098
4813,160.43333333333334,engaged,0.5561936497688293,frustrated,0.9666666666666667,0.8619742557920259,230.16856384277344,244.40809631347656,414.2720947265625,422.7294921875,49.98336392020402
4814,160.46666666666667,engaged,0.8741892576217651,frustrated,0.9333333333333333,0.8625897637435368,230.5201416015625,243.17648315429688,413.5986328125,418.8434753417969,47.50760587628983
4815,160.5,engaged,0.8741892576217651,frustrated,0.9,0.861716405109123,230.5201416015625,243.17648315429688,413.5986328125,418.8434753417969,45.57688504460648
4816,160.53333333333333,engaged,0.857485830783844,frustrated,0.8666666666666667,0.8599427892611577,232.98675537109375,240.28765869140625,409.07421875,415.00616455078125,48.584547665933044
4817,160.56666666666666,frustrated,0.3561098277568817,frustrated,0.8666666666666667,0.83877611045654,233.074462890625,241.064453125,409.09954833984375,414.88287353515625,52.44387761481426
4818,160.6,frustrated,0.3561098277568817,frustrated,0.8666666666666667,0.8176094316519223,233.074462890625,241.064453125,409.09954833984375,414.88287353515625,53.20492687072672
4819,160.63333333333333,engaged,0.9025154709815979,frustrated,0.8333333333333334,0.8148205733299255,236.24940490722656,237.05076599121094,412.445068359375,408.2662353515625,51.36364638312985
4820,160.66666666666666,engaged,0.5525182485580444,frustrated,0.8,0.8117993101477623,238.72119140625,234.2899627685547,413.04400634765625,403.39300537109375,53.927998354248096
4821,160.7,engaged,0.5525182485580444,frustrated,0.7666666666666667,0.8110176869060682,238.72119140625,234.2899627685547,413.04400634765625,403.39300537109375,53.57736475697771
4822,160.73333333333332,engaged,0.7503972053527832,frustrated,0.7333333333333333,0.8112159452655099,240.36380004882812,233.00814819335938,413.0862731933594,400.1576232910156,53.95574765874241
4823,160.76666666666668,engaged,0.8041086792945862,frustrated,0.7,0.8144323456855047,244.2819366455078,232.38323974609375,412.28619384765625,396.2445068359375,52.554273327569575
4824,160.8,engaged,0.8041086792945862,frustrated,0.6666666666666666,0.8179703861474991,244.2819366455078,232.38323974609375,412.28619384765625,396.2445068359375,47.48340352307205
4825,160.83333333333334,engaged,0.8511630892753601,frustrated,0.6333333333333333,0.8162589982936257,246.76177978515625,230.86270141601562,412.38787841796875,392.7492980957031,48.797645224715836
4826,160.86666666666667,engaged,0.8423440456390381,frustrated,0.6,0.815567135810852,248.54501342773438,228.19442749023438,410.3630065917969,388.9369201660156,49.77220837783315
4827,160.9,engaged,0.8694350123405457,frustrated,0.5666666666666667,0.8147938777418697,248.0992431640625,227.02426147460938,410.0670166015625,385.1911315917969,54.51962772318411
4828,160.93333333333334,engaged,0.8694350123405457,frustrated,0.5333333333333333,0.8117322847247124,248.0992431640625,227.02426147460938,410.0670166015625,385.1911315917969,49.27345135862223
4829,160.96666666666667,engaged,0.9234217405319214,frustrated,0.5,0.8060476342837016,249.0520477294922,225.46270751953125,410.52947998046875,383.3612060546875,52.488505675205545
4830,161.0,engaged,0.9234217405319214,engaged,0.5333333333333333,0.8004653230309486,249.0520477294922,225.46270751953125,410.52947998046875,383.3612060546875,50.737957564173904
4831,161.03333333333333,engaged,0.9282466769218445,engaged,0.5666666666666667,0.8079818732598248,249.3425750732422,225.07077026367188,408.25335693359375,380.1540222167969,58.57230236422796
4832,161.06666666666666,engaged,0.862214207649231,engaged,0.6,0.810994780725903,249.38502502441406,227.32884216308594,404.2955322265625,377.9478759765625,53.53018352604845
4833,161.1,engaged,0.862214207649231,engaged,0.6333333333333333,0.8136905400376571,249.38502502441406,227.32884216308594,404.2955322265625,377.9478759765625,43.42963645588494
4834,161.13333333333333,engaged,0.8687120079994202,engaged,0.6666666666666666,0.8164416134357453,244.9607696533203,225.44891357421875,398.43170166015625,375.1141357421875,42.76411092985318
4835,161.16666666666666,engaged,0.8785451054573059,engaged,0.7,0.8193989225796291,242.27273559570312,225.7748565673828,395.3982238769531,372.20147705078125,49.40520165849981
4836,161.2,engaged,0.8785451054573059,engaged,0.7333333333333333,0.8220873854377053,242.27273559570312,225.7748565673828,395.3982238769531,372.20147705078125,44.42036368257734
4837,161.23333333333332,engaged,0.839501678943634,engaged,0.7666666666666667,0.8228445286336152,238.93313598632812,223.96038818359375,392.3092956542969,370.7940673828125,54.96473548336369
4838,161.26666666666668,engaged,0.519991397857666,engaged,0.8,0.8102256481846174,237.85824584960938,226.3074951171875,389.5267028808594,370.2205810546875,45.294370471161216
4839,161.3,frustrated,0.49559924006462097,engaged,0.8,0.8102256481846174,236.20980834960938,224.67034912109375,383.2521057128906,368.4151611328125,52.953703586804195
4840,161.33333333333334,frustrated,0.49559924006462097,engaged,0.8,0.8102256481846174,236.20980834960938,224.67034912109375,383.2521057128906,368.4151611328125,50.73857134216416
4841,161.36666666666667,engaged,0.6064518094062805,engaged,0.8333333333333334,0.8020746946334839,233.9112548828125,226.45753479003906,379.53082275390625,366.970947265625,59.5544953711592
4842,161.4,engaged,0.6064518094062805,engaged,0.8666666666666667,0.7945507375093607,233.9112548828125,226.45753479003906,379.53082275390625,366.970947265625,49.74505431946487
4843,161.43333333333334,engaged,0.5782710909843445,engaged,0.8666666666666667,0.7953998698638036,232.4850311279297,227.3177490234375,377.07940673828125,366.18218994140625,53.6424606727203
4844,161.46666666666667,engaged,0.42818760871887207,engaged,0.8666666666666667,0.7782459602906153,229.3731689453125,226.82327270507812,376.0250244140625,366.5591735839844,49.54292463973541
4845,161.5,engaged,0.42818760871887207,engaged,0.8666666666666667,0.7610920507174271,229.3731689453125,226.82327270507812,376.0250244140625,366.5591735839844,48.085479100268266
4846,161.53333333333333,frustrated,0.7839799523353577,engaged,0.8333333333333334,0.7572362995147706,229.22085571289062,226.74761962890625,375.0874328613281,365.09423828125,52.63935742971888
4847,161.56666666666666,frustrated,0.801194429397583,engaged,0.8333333333333334,0.7572362995147706,226.37051391601562,226.50241088867188,374.3744812011719,366.9019470214844,53.91482743106884
4848,161.6,frustrated,0.801194429397583,engaged,0.8333333333333334,0.7572362995147706,226.37051391601562,226.50241088867188,374.3744812011719,366.9019470214844,49.668474528100795
4849,161.63333333333333,engaged,0.38727545738220215,engaged,0.8333333333333334,0.7366266989707947,223.67413330078125,227.47720336914062,373.91217041015625,369.5496520996094,51.1375762009266
4850,161.66666666666666,engaged,0.5156175494194031,engaged,0.8333333333333334,0.735150671005249,223.13037109375,226.9115447998047,374.8963623046875,371.18524169921875,58.66077397518916
4851,161.7,frustrated,0.7574039697647095,engaged,0.8,0.7427603552738825,223.2467041015625,230.24424743652344,372.66717529296875,371.7496337890625,52.789085508596166
4852,161.73333333333332,frustrated,0.7574039697647095,engaged,0.7666666666666667,0.7424283183139303,223.2467041015625,230.24424743652344,372.66717529296875,371.7496337890625,52.573376786161944
4853,161.76666666666668,frustrated,0.8494001626968384,engaged,0.7333333333333333,0.7396246655420824,223.03053283691406,231.666015625,373.070068359375,374.43707275390625,58.079982275396034
4854,161.8,frustrated,0.8305425047874451,engaged,0.7,0.7365539982205346,221.30325317382812,233.11679077148438,372.6224670410156,376.3862609863281,43.470146237316946
4855,161.83333333333334,frustrated,0.8305425047874451,engaged,0.6666666666666666,0.7308235436677932,221.30325317382812,233.11679077148438,372.6224670410156,376.3862609863281,59.13800688060459
4856,161.86666666666667,frustrated,0.8077795505523682,engaged,0.6333333333333333,0.7249540435640436,219.78952026367188,232.8154296875,373.0223693847656,378.890869140625,51.899425856266085
4857,161.9,frustrated,0.8077795505523682,engaged,0.6,0.7169273230764601,219.78952026367188,232.8154296875,373.0223693847656,378.890869140625,55.63622857749244
4858,161.93333333333334,frustrated,0.8857972621917725,engaged,0.5666666666666667,0.7079562825315139,219.22122192382812,233.62933349609375,373.4156188964844,380.64727783203125,44.89199516220526
4859,161.96666666666667,frustrated,0.8585118055343628,engaged,0.5333333333333333,0.6944896914064884,218.49417114257812,234.17567443847656,373.5954895019531,381.9127197265625,51.107044072670554
4860,162.0,frustrated,0.8585118055343628,engaged,0.5,0.6792275547981262,218.49417114257812,234.17567443847656,373.5954895019531,381.9127197265625,55.3805851906623
4861,162.03333333333333,frustrated,0.8558958768844604,frustrated,0.5333333333333333,0.779821015894413,217.823974609375,234.07000732421875,374.29486083984375,382.36517333984375,50.692579163645156
4862,162.06666666666666,frustrated,0.8465333580970764,frustrated,0.5666666666666667,0.7837452713180991,217.30032348632812,234.43968200683594,374.4380187988281,383.04443359375,50.32339496322603
4863,162.1,engaged,0.668862521648407,frustrated,0.5666666666666667,0.7837452713180991,214.1847381591797,233.38612365722656,375.53253173828125,384.5633544921875,51.2225098920424
4864,162.13333333333333,engaged,0.668862521648407,frustrated,0.5666666666666667,0.7837452713180991,214.1847381591797,233.38612365722656,375.53253173828125,384.5633544921875,52.790414338216785
4865,162.16666666666666,engaged,0.7515242099761963,frustrated,0.5666666666666667,0.7837452713180991,213.10719299316406,233.72671508789062,374.52880859375,384.1750183105469,52.57205886039458
4866,162.2,engaged,0.7932685017585754,frustrated,0.5666666666666667,0.7837452713180991,212.9326171875,233.59376525878906,374.07501220703125,384.00390625,51.251927612204746
4867,162.23333333333332,engaged,0.7932685017585754,frustrated,0.5666666666666667,0.7837452713180991,212.9326171875,233.59376525878906,374.07501220703125,384.00390625,49.7085022162175
4868,162.26666666666668,engaged,0.9135225415229797,frustrated,0.5666666666666667,0.7837452713180991,211.9187469482422,234.22979736328125,373.19879150390625,383.89276123046875,47.88564904669483
4869,162.3,engaged,0.9135225415229797,frustrated,0.5333333333333333,0.8017543982714415,211.9187469482422,234.22979736328125,373.19879150390625,383.89276123046875,54.32965894224168
4870,162.33333333333334,engaged,0.8928748965263367,engaged,0.5,0.6630766113599141,210.5445556640625,234.07418823242188,372.68341064453125,384.3701477050781,52.55493183640738
4871,162.36666666666667,engaged,0.8568954467773438,engaged,0.5,0.6797728538513184,209.12664794921875,233.6185760498047,370.7252197265625,384.22515869140625,47.909716034998745
4872,162.4,engaged,0.8568954467773438,engaged,0.5,0.6964690963427226,209.12664794921875,233.6185760498047,370.7252197265625,384.22515869140625,53.79588800389909
4873,162.43333333333334,engaged,0.7638026475906372,engaged,0.5,0.7088378667831421,208.0682373046875,231.8485107421875,369.6968994140625,383.90716552734375,51.881450695166
4874,162.46666666666667,engaged,0.8072949051856995,engaged,0.5,0.7341116865475973,206.95571899414062,231.6032257080078,367.5480651855469,383.52569580078125,43.28799810099801
4875,162.5,engaged,0.8952257633209229,frustrated,0.5,0.8221647421518962,205.80581665039062,230.4598388671875,367.0622863769531,383.271484375,52.51742315156827
4876,162.53333333333333,engaged,0.8952257633209229,engaged,0.5333333333333333,0.7733712010085583,205.80581665039062,230.4598388671875,367.0622863769531,383.271484375,45.87448321119982
4877,162.56666666666666,engaged,0.9066668748855591,engaged,0.5666666666666667,0.781212123001323,204.0478515625,229.49192810058594,366.4056396484375,384.111572265625,53.46535966041632
4878,162.6,engaged,0.873572826385498,engaged,0.6,0.7863432731893327,204.1419677734375,229.93881225585938,364.80914306640625,383.5132751464844,58.28093431711757
4879,162.63333333333333,engaged,0.873572826385498,engaged,0.6,0.8133597936895158,204.1419677734375,229.93881225585938,364.80914306640625,383.5132751464844,50.22396781300891
4880,162.66666666666666,engaged,0.8582631945610046,engaged,0.6,0.8323956628640493,203.97950744628906,229.9356231689453,365.04150390625,383.41314697265625,53.02600538565595
4881,162.7,engaged,0.8826770782470703,engaged,0.6333333333333333,0.8350420531473661,203.64169311523438,229.54229736328125,364.3372497558594,383.64630126953125,50.29141486810551
4882,162.73333333333332,engaged,0.8826770782470703,engaged,0.6666666666666666,0.8374238044023514,203.64169311523438,229.54229736328125,364.3372497558594,383.64630126953125,53.90027757787602
4883,162.76666666666668,engaged,0.8917629718780518,engaged,0.7,0.8400113838059562,202.84487915039062,229.34095764160156,364.3058166503906,383.60888671875,51.320909858431115
4884,162.8,engaged,0.8917629718780518,engaged,0.7333333333333333,0.8423637287183241,202.84487915039062,229.34095764160156,364.3058166503906,383.60888671875,53.305678409841896
4885,162.83333333333334,engaged,0.8806691765785217,engaged,0.7666666666666667,0.8440291829731154,203.03878784179688,229.93603515625,364.3372497558594,383.5367431640625,52.30914283576319
4886,162.86666666666667,engaged,0.8951010704040527,engaged,0.8,0.8461571782827377,202.89195251464844,230.082275390625,364.532958984375,384.01708984375,47.429172367781256
4887,162.9,engaged,0.8810778856277466,engaged,0.8333333333333334,0.8475540065765381,202.476318359375,230.18170166015625,364.82818603515625,383.96612548828125,54.36980192886031
4888,162.93333333333334,engaged,0.8810778856277466,engaged,0.8666666666666667,0.8488433865400461,202.476318359375,230.18170166015625,364.82818603515625,383.96612548828125,53.57599601466399
4889,162.96666666666667,engaged,0.8926253318786621,engaged,0.9,0.850464940071106,202.400390625,229.73426818847656,366.04083251953125,384.2943115234375,53.92730498733559
4890,163.0,engaged,0.8496405482292175,engaged,0.9333333333333333,0.8504354975053242,203.1256103515625,230.8233184814453,366.33819580078125,384.33184814453125,45.376694470589506
4891,163.03333333333333,engaged,0.8496405482292175,engaged,0.9666666666666667,0.8504080854613205,203.1256103515625,230.8233184814453,366.33819580078125,384.33184814453125,53.82142948800205
4892,163.06666666666666,engaged,0.7907418608665466,engaged,1.0,0.8484192113081614,204.51901245117188,232.28067016601562,366.2601623535156,384.4430847167969,53.87881357020823
4893,163.1,engaged,0.8671473860740662,engaged,1.0,0.8550287067890168,204.76705932617188,236.10488891601562,365.4849548339844,385.1192932128906,47.70699970426989
4894,163.13333333333333,engaged,0.8671473860740662,engaged,1.0,0.861638202269872,204.76705932617188,236.10488891601562,365.4849548339844,385.1192932128906,54.00994102346185
4895,163.16666666666666,frustrated,0.4909871518611908,engaged,0.9666666666666667,0.8654352364868954,204.53900146484375,236.01806640625,362.86578369140625,385.294189453125,50.4347366016137
4896,163.2,engaged,0.8136429190635681,engaged,0.9666666666666667,0.8661378026008606,206.09083557128906,239.75570678710938,364.8013916015625,386.6466979980469,54.36980192886031
4897,163.23333333333332,engaged,0.8136429190635681,engaged,0.9666666666666667,0.8668403687148258,206.09083557128906,239.75570678710938,364.8013916015625,386.6466979980469,47.79397889651086
4898,163.26666666666668,engaged,0.5421271920204163,engaged,0.9666666666666667,0.8540336325250822,206.3894805908203,239.52944946289062,365.64935302734375,387.9754333496094,52.13294553409402
4899,163.3,engaged,0.5740193724632263,engaged,0.9666666666666667,0.8423266266954357,206.65771484375,239.60299682617188,367.311767578125,388.2892150878906,50.78403215846763
4900,163.33333333333334,engaged,0.5740193724632263,engaged,0.9666666666666667,0.8313316086242939,206.65771484375,239.60299682617188,367.311767578125,388.2892150878906,55.96584116140051
4901,163.36666666666667,frustrated,0.7570105195045471,engaged,0.9333333333333333,0.8304186144045421,207.5784912109375,239.24642944335938,367.7236328125,388.8058776855469,50.71525821312407
4902,163.4,frustrated,0.7352796196937561,engaged,0.9,0.8294379909833273,207.468994140625,238.69381713867188,369.0833740234375,389.0990905761719,54.626847787864186
4903,163.43333333333334,frustrated,0.8320338129997253,engaged,0.8666666666666667,0.8319624272676615,208.13214111328125,240.7625732421875,366.1744384765625,388.09912109375,47.64413749233251
4904,163.46666666666667,frustrated,0.8625267148017883,engaged,0.8333333333333334,0.8329491281509399,208.3242950439453,241.6817626953125,366.11187744140625,388.74334716796875,49.80530553114684
4905,163.5,frustrated,0.8683938384056091,engaged,0.8,0.8303542683521906,208.6529541015625,241.8390655517578,365.4783935546875,388.76763916015625,55.185306036524395
4906,163.53333333333333,frustrated,0.8093796372413635,engaged,0.7666666666666667,0.8275337685709414,208.48648071289062,241.64279174804688,365.2452697753906,389.4377746582031,55.34258721697366
4907,163.56666666666666,frustrated,0.8093796372413635,engaged,0.7333333333333333,0.8239368091930043,208.48648071289062,241.64279174804688,365.2452697753906,389.4377746582031,52.356155833780626
4908,163.6,frustrated,0.8513674139976501,engaged,0.7,0.821573189326695,208.53562927246094,242.1353759765625,363.7230224609375,389.78497314453125,55.39301892523673
4909,163.63333333333333,frustrated,0.8513674139976501,engaged,0.6666666666666666,0.8189732074737549,208.53562927246094,242.1353759765625,363.7230224609375,389.78497314453125,57.00409084113674
4910,163.66666666666666,frustrated,0.8935470581054688,engaged,0.6333333333333333,0.8169053134165312,209.68453979492188,244.42913818359375,361.9253845214844,389.86590576171875,38.35388357504709
4911,163.7,frustrated,0.8995949029922485,engaged,0.6,0.8132513264815012,209.45306396484375,245.5902099609375,360.1544189453125,390.36822509765625,52.55822462814681
4912,163.73333333333332,frustrated,0.8995949029922485,engaged,0.5666666666666667,0.8091674587305855,209.45306396484375,245.5902099609375,360.1544189453125,390.36822509765625,48.66572297124823
4913,163.76666666666668,frustrated,0.9047332406044006,engaged,0.5333333333333333,0.8040052391588688,209.22035217285156,247.20303344726562,358.9453125,390.7245788574219,51.1244865372192
4914,163.8,frustrated,0.9073882102966309,engaged,0.5,0.7981547236442565,209.81036376953125,248.991943359375,356.1500244140625,391.08453369140625,45.32373758658324
4915,163.83333333333334,frustrated,0.9073882102966309,frustrated,0.5333333333333333,0.829998267814517,209.81036376953125,248.991943359375,356.1500244140625,391.08453369140625,52.34243498227924
4916,163.86666666666667,frustrated,0.8978811502456665,frustrated,0.5666666666666667,0.8339913785457611,209.17100524902344,250.05902099609375,356.0130615234375,391.819091796875,47.51029654969303
4917,163.9,frustrated,0.8656123876571655,frustrated,0.6,0.8357481012741724,208.5270538330078,250.19093322753906,356.32757568359375,392.57666015625,47.485016246079994
4918,163.93333333333334,frustrated,0.8600358366966248,frustrated,0.6333333333333333,0.8370264031385121,208.41458129882812,248.02444458007812,358.1660461425781,393.9207458496094,55.45380506637051
4919,163.96666666666667,frustrated,0.8600358366966248,frustrated,0.6666666666666666,0.8381768748164177,208.41458129882812,248.02444458007812,358.1660461425781,393.9207458496094,49.72205559836406
4920,164.0,frustrated,0.8169038891792297,frustrated,0.7,0.8371638755003611,207.4425048828125,247.6827850341797,358.80853271484375,394.34759521484375,59.804999073189514
4921,164.03333333333333,frustrated,0.8169038891792297,frustrated,0.7333333333333333,0.8362429670312188,207.4425048828125,247.6827850341797,358.80853271484375,394.34759521484375,55.43621464446207
4922,164.06666666666666,frustrated,0.8886883854866028,frustrated,0.7666666666666667,0.8385232026162355,208.33517456054688,249.49359130859375,357.0318298339844,392.488525390625,51.20062500762949
4923,164.1,frustrated,0.8885538578033447,frustrated,0.8,0.8406078132490317,208.50096130371094,247.82803344726562,358.3280029296875,391.5181579589844,55.38936136495695
4924,164.13333333333333,frustrated,0.8885538578033447,frustrated,0.8333333333333334,0.8425256550312042,208.50096130371094,247.82803344726562,358.3280029296875,391.5181579589844,37.117734513274335
4925,164.16666666666666,frustrated,0.8612303137779236,frustrated,0.8333333333333334,0.8573353815078736,207.7378387451172,244.97586059570312,361.17156982421875,391.3127746582031,46.843842837677855
4926,164.2,frustrated,0.8618965148925781,frustrated,0.8666666666666667,0.8575108097149775,208.0565948486328,244.26705932617188,361.02081298828125,389.5475769042969,49.42790812779146
4927,164.23333333333332,frustrated,0.8618965148925781,frustrated,0.9,0.8576732432400739,208.0565948486328,244.26705932617188,361.02081298828125,389.5475769042969,50.9270875071334
4928,164.26666666666668,frustrated,0.8881582021713257,frustrated,0.9333333333333333,0.8587619917733329,205.28781127929688,241.07025146484375,361.1602478027344,389.0355224609375,47.48985507246377
4929,164.3,frustrated,0.8434722423553467,frustrated,0.9666666666666667,0.8582347590347816,204.90301513671875,240.01390075683594,362.76800537109375,388.3778076171875,53.91344139234161
4930,164.33333333333334,frustrated,0.8544849753379822,frustrated,1.0,0.8581097662448883,205.66751098632812,239.17115783691406,362.5031433105469,388.1690673828125,58.22349315638969
