frame_id,timestamp,raw_class_id,raw_label,raw_confidence,stable_label,vote_ratio,avg_confidence,face_detected,bbox_area_ratio,processing_time_ms,fps,bbox_x1,bbox_y1,bbox_x2,bbox_y2
1,0.0,3,frustrated,0.8642,neutral,0.0,0.0,True,0.0661,1410.91,0.54,271.3,237.53,413.51,380.29
2,1.8488,3,frustrated,0.9292,neutral,0.0,0.0,True,0.0618,20.06,37.26,237.78,238.37,374.41,377.26
3,1.8754,3,frustrated,0.9385,neutral,0.0,0.0,True,0.0623,21.29,35.85,236.6,238.38,374.36,377.21
4,1.9033,3,frustrated,0.927,neutral,0.0,0.0,True,0.0621,22.28,33.33,236.24,238.89,373.94,377.35
5,1.9333,3,frustrated,0.9268,neutral,0.0,0.0,True,0.0621,21.05,34.08,235.96,237.51,373.62,376.03
6,1.9627,3,frustrated,0.9189,neutral,0.0,0.0,True,0.0606,20.24,35.34,235.45,239.16,370.83,376.73
7,1.991,3,frustrated,0.7843,neutral,0.0,0.0,True,0.0597,22.76,31.75,234.97,239.31,369.77,375.26
8,2.0225,3,frustrated,0.6165,frustrated,1.0,0.8632,True,0.0583,19.44,35.67,233.38,241.71,367.82,375.01
9,2.0505,3,frustrated,0.8926,frustrated,1.0,0.8664,True,0.0591,20.61,34.43,231.45,239.71,366.99,373.63
10,2.0795,3,frustrated,0.8918,frustrated,1.0,0.869,True,0.0587,20.82,34.87,230.87,239.36,365.64,373.13
11,2.1092,3,frustrated,0.784,frustrated,1.0,0.8613,True,0.0541,19.59,39.13,231.65,240.54,358.22,371.92
12,2.1338,3,frustrated,0.728,frustrated,1.0,0.8502,True,0.0546,20.41,35.23,228.2,239.99,355.27,372.01
13,2.1621,2,bored,0.2259,frustrated,0.9231,0.8502,True,0.0535,19.82,35.07,230.63,239.0,353.24,372.95
14,2.1907,3,frustrated,0.5907,frustrated,0.9286,0.8302,True,0.0523,22.05,33.33,231.51,239.85,353.79,371.19
15,2.2207,3,frustrated,0.8254,frustrated,0.9333,0.8298,True,0.0521,20.01,36.99,230.82,240.16,353.96,370.23
16,2.2477,3,frustrated,0.4632,frustrated,0.9375,0.8054,True,0.052,20.25,34.17,230.89,238.98,353.67,369.08
17,2.277,0,engaged,0.5544,frustrated,0.8824,0.8054,True,0.0529,18.99,37.0,227.63,238.33,351.66,369.31
18,2.304,3,frustrated,0.8782,frustrated,0.8889,0.81,True,0.0517,18.26,37.11,228.82,236.57,351.41,366.14
19,2.3309,2,bored,0.3873,frustrated,0.8421,0.81,True,0.0509,21.35,34.11,232.33,236.68,353.04,366.13
20,2.3603,3,frustrated,0.7691,frustrated,0.85,0.8075,True,0.0513,19.72,34.2,230.32,237.15,352.68,365.96
21,2.3895,3,frustrated,0.7847,frustrated,0.8571,0.8063,True,0.0525,22.88,27.78,229.87,235.5,354.72,364.72
22,2.4255,3,frustrated,0.5264,frustrated,0.8636,0.7915,True,0.0523,20.19,33.29,229.61,235.66,354.59,364.16
23,2.4555,0,engaged,0.7336,frustrated,0.8261,0.7915,True,0.053,21.94,20.74,230.15,235.7,357.09,364.08
24,2.5037,3,frustrated,0.2712,frustrated,0.8333,0.7655,True,0.0534,22.21,30.45,232.9,233.19,358.14,364.11
25,2.5376,3,frustrated,0.4464,frustrated,0.84,0.7503,True,0.0531,21.44,30.75,235.01,233.27,360.06,363.69
26,2.5691,0,engaged,0.3122,frustrated,0.8077,0.7503,True,0.0517,20.17,33.68,234.94,236.18,359.59,363.49
27,2.5988,3,frustrated,0.8846,frustrated,0.8148,0.7564,True,0.0517,20.69,31.63,236.59,234.02,358.68,364.21
28,2.6304,3,frustrated,0.926,frustrated,0.8214,0.7638,True,0.0545,18.73,32.12,234.13,235.26,362.84,365.3
29,2.6615,3,frustrated,0.9359,frustrated,0.8276,0.771,True,0.0554,20.36,29.63,235.64,235.06,365.79,365.93
30,2.6953,3,frustrated,0.9093,frustrated,0.8333,0.7765,True,0.0558,18.78,34.68,236.62,236.39,369.12,365.86
31,2.7241,3,frustrated,0.9423,frustrated,0.8333,0.7796,True,0.0553,22.17,27.8,240.33,236.22,371.6,365.63
32,2.7601,3,frustrated,0.9393,frustrated,0.8333,0.78,True,0.0562,21.23,31.75,242.59,232.36,371.31,366.52
33,2.7916,3,frustrated,0.9018,frustrated,0.8333,0.7786,True,0.0561,21.62,31.83,243.65,232.66,372.77,366.08
34,2.823,3,frustrated,0.6737,frustrated,0.8333,0.7684,True,0.0577,19.18,22.39,245.64,232.55,378.39,366.09
35,2.8677,2,bored,0.2433,frustrated,0.8,0.7618,True,0.0598,18.35,20.37,244.91,231.05,380.69,366.36
36,2.9168,3,frustrated,0.4661,frustrated,0.8,0.743,True,0.0589,20.37,19.86,247.05,232.21,381.94,366.46
37,2.9671,3,frustrated,0.4661,frustrated,0.8,0.7297,True,0.0589,19.56,37.38,247.05,232.21,381.94,366.46
38,2.9939,3,frustrated,0.2498,frustrated,0.8,0.7144,True,0.0608,20.42,34.56,246.09,230.41,383.25,366.64
39,3.0238,3,frustrated,0.5683,frustrated,0.8,0.7009,True,0.0598,18.68,25.98,248.03,231.62,383.6,367.08
40,3.0623,3,frustrated,0.5683,frustrated,0.8,0.6874,True,0.0598,22.42,31.21,248.03,231.62,383.6,367.08
41,3.0933,3,frustrated,0.3214,frustrated,0.8,0.6682,True,0.0605,21.63,33.6,248.24,230.46,384.29,367.02
42,3.1231,3,frustrated,0.4715,frustrated,0.8,0.6575,True,0.0601,19.68,29.28,248.88,229.92,384.03,366.64
43,3.1572,3,frustrated,0.4715,frustrated,0.8333,0.65,True,0.0601,20.23,34.98,248.88,229.92,384.03,366.64
44,3.1858,3,frustrated,0.5858,frustrated,0.8333,0.6498,True,0.0609,21.82,31.73,247.88,229.49,384.36,366.68
45,3.2174,3,frustrated,0.6134,frustrated,0.8333,0.6414,True,0.0609,18.22,27.97,248.04,230.06,385.02,366.65
46,3.2531,3,frustrated,0.6134,frustrated,0.8333,0.6474,True,0.0609,21.74,33.05,248.04,230.06,385.02,366.65
47,3.2834,3,frustrated,0.69,frustrated,0.8667,0.649,True,0.062,18.25,29.16,248.92,230.05,388.16,366.91
48,3.3176,3,frustrated,0.8781,frustrated,0.8667,0.649,True,0.0608,22.59,19.76,251.9,232.44,390.0,367.58
49,3.3683,3,frustrated,0.8781,frustrated,0.9,0.6575,True,0.0608,21.1,36.92,251.9,232.44,390.0,367.58
50,3.3954,3,frustrated,0.9465,frustrated,0.9,0.6641,True,0.0601,30.17,26.7,252.11,235.0,390.97,368.02
51,3.4328,3,frustrated,0.9384,frustrated,0.9,0.6698,True,0.0612,23.76,30.99,252.37,234.92,392.58,368.91
52,3.4656,3,frustrated,0.9384,frustrated,0.9,0.685,True,0.0612,31.34,26.73,252.37,234.92,392.58,368.91
53,3.5025,3,frustrated,0.9426,frustrated,0.9333,0.6942,True,0.0604,19.19,36.75,254.48,235.8,393.48,369.37
54,3.5297,3,frustrated,0.9353,frustrated,0.9333,0.7179,True,0.0601,21.49,31.97,254.45,237.36,393.61,369.98
55,3.561,3,frustrated,0.9353,frustrated,0.9333,0.7354,True,0.0601,20.54,35.09,254.45,237.36,393.61,369.98
56,3.5895,3,frustrated,0.9109,frustrated,0.9667,0.7415,True,0.061,21.63,33.61,254.33,237.32,394.15,371.41
57,3.6192,3,frustrated,0.9546,frustrated,0.9667,0.7439,True,0.0615,18.02,30.55,253.25,237.82,393.16,372.85
58,3.652,3,frustrated,0.9546,frustrated,0.9667,0.7449,True,0.0615,20.07,34.33,253.25,237.82,393.16,372.85
59,3.6811,0,engaged,0.5508,frustrated,0.9333,0.738,True,0.0638,20.5,34.46,250.91,237.32,393.32,374.87
60,3.7101,0,engaged,0.3325,frustrated,0.9,0.7317,True,0.0646,19.38,24.22,249.86,237.61,393.39,375.85
61,3.7514,3,frustrated,0.9419,frustrated,0.9,0.7317,True,0.0652,19.49,16.27,250.59,236.06,393.61,376.04
62,3.8129,3,frustrated,0.9419,frustrated,0.9,0.7318,True,0.0652,21.72,34.26,250.59,236.06,393.61,376.04
63,3.842,0,engaged,0.2477,frustrated,0.8667,0.7252,True,0.0682,20.48,35.97,246.32,236.19,394.55,377.54
64,3.8698,0,engaged,0.2477,frustrated,0.8333,0.7273,True,0.0682,20.78,34.6,246.32,236.19,394.55,377.54
65,3.8987,0,engaged,0.3596,frustrated,0.8333,0.7273,True,0.0687,19.49,36.26,244.8,235.76,392.94,378.29
66,3.9263,0,engaged,0.489,frustrated,0.8,0.7382,True,0.0668,20.55,30.39,246.32,236.14,391.36,377.56
67,3.9592,0,engaged,0.489,frustrated,0.7667,0.75,True,0.0668,19.45,36.53,246.32,236.14,391.36,377.56
68,3.9866,0,engaged,0.368,frustrated,0.7333,0.7728,True,0.0666,20.17,34.87,246.33,236.04,391.04,377.34
69,4.0153,0,engaged,0.558,frustrated,0.7,0.7825,True,0.0666,19.14,26.2,246.03,235.4,390.84,376.77
70,4.0535,0,engaged,0.558,frustrated,0.6667,0.7932,True,0.0666,20.28,35.77,246.03,235.4,390.84,376.77
71,4.0814,0,engaged,0.777,frustrated,0.6333,0.818,True,0.0671,20.28,36.38,244.93,234.78,391.13,375.84
72,4.1099,0,engaged,0.7955,frustrated,0.6,0.8373,True,0.0675,19.43,24.58,244.93,234.23,390.99,376.21
73,4.1496,0,engaged,0.7653,frustrated,0.5667,0.8588,True,0.066,19.83,20.08,245.37,235.48,389.97,375.59
74,4.1994,0,engaged,0.7653,frustrated,0.5333,0.8758,True,0.066,22.47,33.9,245.37,235.48,389.97,375.59
75,4.2289,0,engaged,0.7071,frustrated,0.5,0.8933,True,0.0651,21.21,28.67,247.04,235.74,389.45,376.08
76,4.2638,0,engaged,0.7045,engaged,0.5333,0.5447,True,0.0656,20.28,21.38,245.98,236.15,389.75,376.27
77,4.3105,0,engaged,0.7045,engaged,0.5667,0.5541,True,0.0656,21.63,35.49,245.98,236.15,389.75,376.27
78,4.3387,0,engaged,0.552,engaged,0.6,0.554,True,0.0652,22.42,34.04,246.39,237.13,389.66,376.95
79,4.3681,0,engaged,0.552,engaged,0.6333,0.5539,True,0.0652,19.8,35.53,246.39,237.13,389.66,376.95
80,4.3962,0,engaged,0.7111,engaged,0.6667,0.5617,True,0.0662,20.78,33.5,246.37,236.26,390.38,377.4
81,4.4261,0,engaged,0.7436,engaged,0.7,0.5704,True,0.0666,22.56,31.94,245.85,236.15,390.44,377.55
82,4.4574,0,engaged,0.7436,engaged,0.7333,0.5783,True,0.0666,25.5,29.95,245.85,236.15,390.44,377.55
83,4.4908,0,engaged,0.5108,engaged,0.7667,0.5753,True,0.0667,22.93,33.15,245.44,236.89,390.51,378.15
84,4.5209,0,engaged,0.7656,engaged,0.8,0.5833,True,0.0663,20.59,35.55,246.04,236.64,390.25,377.9
85,4.5491,0,engaged,0.6136,engaged,0.8333,0.5845,True,0.0673,20.24,19.55,244.97,235.86,390.51,377.98
86,4.6002,0,engaged,0.6136,engaged,0.8667,0.5856,True,0.0673,22.4,33.78,244.97,235.86,390.51,377.98
87,4.6298,0,engaged,0.4554,engaged,0.9,0.5808,True,0.0669,20.4,35.79,243.63,235.77,389.14,377.1
88,4.6578,0,engaged,0.8607,engaged,0.9333,0.5908,True,0.0644,20.7,18.86,240.82,237.08,382.69,376.56
89,4.7108,0,engaged,0.8607,engaged,0.9333,0.6018,True,0.0644,20.74,33.57,240.82,237.08,382.69,376.56
90,4.7406,0,engaged,0.9024,engaged,0.9333,0.6222,True,0.0614,21.69,32.25,241.2,238.56,379.24,375.28
91,4.7716,0,engaged,0.9024,engaged,0.9667,0.6319,True,0.0614,18.35,39.95,241.2,238.56,379.24,375.28
92,4.7966,0,engaged,0.7001,engaged,1.0,0.6341,True,0.0577,21.95,35.0,241.02,239.41,373.28,373.33
93,4.8252,3,frustrated,0.8604,engaged,0.9667,0.6475,True,0.0559,20.05,32.16,238.65,236.67,367.87,369.54
94,4.8563,3,frustrated,0.8604,engaged,0.9333,0.6617,True,0.0559,20.01,36.18,238.65,236.67,367.87,369.54
95,4.8839,3,frustrated,0.8876,engaged,0.9,0.6729,True,0.0563,20.95,35.74,235.89,234.48,365.65,367.74
96,4.9119,0,engaged,0.312,engaged,0.9,0.6664,True,0.0562,19.23,25.71,234.16,234.25,363.06,368.23
97,4.9508,0,engaged,0.9121,engaged,0.9,0.682,True,0.0547,25.37,18.35,234.08,233.18,359.2,367.56
98,5.0053,0,engaged,0.9121,engaged,0.9,0.7022,True,0.0547,24.91,31.31,234.08,233.18,359.2,367.56
99,5.0373,0,engaged,0.9126,engaged,0.9,0.7153,True,0.0547,28.13,28.74,234.19,232.95,360.92,365.57
100,5.0721,0,engaged,0.8896,engaged,0.9,0.7276,True,0.0546,26.68,31.3,233.97,233.35,359.32,367.17
101,5.104,0,engaged,0.8896,engaged,0.9,0.7318,True,0.0546,28.71,27.52,233.97,233.35,359.32,367.17
102,5.1403,0,engaged,0.8913,engaged,0.9,0.7353,True,0.0554,28.58,29.06,233.84,233.73,360.56,368.13
103,5.1748,0,engaged,0.8344,engaged,0.9,0.7379,True,0.0554,31.27,22.92,232.97,233.11,360.17,366.91
104,5.2184,0,engaged,0.8344,engaged,0.9,0.7404,True,0.0554,25.31,31.11,232.97,233.11,360.17,366.91
105,5.2505,0,engaged,0.7308,engaged,0.9,0.7413,True,0.0553,20.76,34.67,233.3,234.05,360.52,367.62
106,5.2794,0,engaged,0.7308,engaged,0.9,0.7423,True,0.0553,22.11,33.05,233.3,234.05,360.52,367.62
107,5.3096,0,engaged,0.8622,engaged,0.9,0.7481,True,0.0562,21.26,34.61,233.25,233.01,361.52,367.69
108,5.3385,0,engaged,0.8968,engaged,0.9,0.7609,True,0.0561,22.49,34.13,233.37,233.37,362.1,367.21
109,5.3678,0,engaged,0.8835,engaged,0.9,0.7732,True,0.0556,18.95,32.33,233.39,233.81,361.24,367.46
110,5.3988,0,engaged,0.8835,engaged,0.9,0.7796,True,0.0556,20.92,33.94,233.39,233.81,361.24,367.46
111,5.4282,3,frustrated,0.5721,engaged,0.8667,0.781,True,0.0558,18.48,36.94,235.05,232.64,363.4,366.2
112,5.4553,0,engaged,0.8585,engaged,0.8667,0.7854,True,0.0557,21.31,25.0,233.89,233.98,361.45,368.01
113,5.4953,0,engaged,0.8585,engaged,0.8667,0.7987,True,0.0557,21.15,35.4,233.89,233.98,361.45,368.01
114,5.5235,3,frustrated,0.7507,engaged,0.8333,0.8001,True,0.0564,20.05,37.16,234.8,232.71,364.67,366.08
115,5.5504,3,frustrated,0.6502,engaged,0.8,0.8078,True,0.0571,19.24,17.99,234.89,232.9,365.1,367.69
116,5.606,3,frustrated,0.6502,engaged,0.7667,0.8163,True,0.0571,19.52,35.99,234.89,232.9,365.1,367.69
117,5.6338,3,frustrated,0.6959,engaged,0.7333,0.8327,True,0.0562,18.69,37.19,234.92,233.0,363.54,367.26
118,5.6607,3,frustrated,0.6959,engaged,0.7,0.8313,True,0.0562,18.06,37.08,234.92,233.0,363.54,367.26
119,5.6877,0,engaged,0.9029,engaged,0.7,0.8334,True,0.0548,19.53,34.77,234.29,234.02,360.68,367.23
120,5.7164,0,engaged,0.8745,engaged,0.7,0.832,True,0.054,20.07,29.74,234.63,232.9,359.5,365.76
121,5.7501,0,engaged,0.9044,engaged,0.7,0.8321,True,0.0536,21.62,20.12,235.32,233.16,359.96,365.38
122,5.7998,0,engaged,0.9044,engaged,0.7,0.8419,True,0.0536,21.05,37.24,235.32,233.16,359.96,365.38
123,5.8266,0,engaged,0.9093,engaged,0.7333,0.8449,True,0.0549,19.73,34.77,233.77,232.34,360.72,365.21
124,5.8554,0,engaged,0.8784,engaged,0.7667,0.8464,True,0.0536,19.22,26.61,234.63,233.21,359.3,365.27
125,5.893,0,engaged,0.8784,engaged,0.8,0.8477,True,0.0536,20.61,34.92,234.63,233.21,359.3,365.27
126,5.9216,0,engaged,0.9036,engaged,0.8,0.8724,True,0.0539,19.69,36.76,234.25,233.62,359.54,365.77
127,5.9488,3,frustrated,0.3321,engaged,0.7667,0.8706,True,0.0541,20.33,24.2,238.92,232.01,364.43,364.49
128,5.9901,3,frustrated,0.3321,engaged,0.7333,0.8687,True,0.0541,20.5,34.9,238.92,232.01,364.43,364.49
129,6.0188,3,frustrated,0.591,engaged,0.7,0.8667,True,0.0553,20.35,28.65,236.71,231.39,363.48,365.51
130,6.0537,3,frustrated,0.7408,engaged,0.6667,0.8655,True,0.0561,20.96,20.05,236.26,231.45,364.62,365.64
131,6.1036,3,frustrated,0.7408,engaged,0.6333,0.8642,True,0.0561,19.65,36.26,236.26,231.45,364.62,365.64
132,6.1311,0,engaged,0.8677,engaged,0.6333,0.863,True,0.0554,21.47,37.33,234.72,234.19,362.77,367.11
133,6.1579,0,engaged,0.8093,engaged,0.6333,0.8617,True,0.0538,18.55,25.17,236.07,234.48,362.21,365.39
134,6.1987,0,engaged,0.8093,engaged,0.6333,0.8603,True,0.0538,21.31,34.65,236.07,234.48,362.21,365.39
135,6.2265,0,engaged,0.8322,engaged,0.6333,0.8657,True,0.0547,20.26,34.8,235.91,234.67,362.4,367.51
136,6.2553,3,frustrated,0.5724,engaged,0.6,0.8732,True,0.0557,18.62,26.96,236.81,233.23,364.82,366.93
137,6.2924,3,frustrated,0.5724,engaged,0.5667,0.8738,True,0.0557,21.33,32.58,236.81,233.23,364.82,366.93
138,6.3231,0,engaged,0.8302,engaged,0.5667,0.8699,True,0.0556,20.09,34.97,235.79,234.24,363.08,368.47
139,6.3517,0,engaged,0.8955,engaged,0.5667,0.8706,True,0.0559,20.1,25.58,235.37,234.08,363.83,367.66
140,6.3908,0,engaged,0.8955,engaged,0.5667,0.8713,True,0.0559,19.07,37.81,235.37,234.08,363.83,367.66
141,6.4172,0,engaged,0.9077,engaged,0.6,0.8733,True,0.0565,19.16,37.68,234.41,233.29,363.7,367.59
142,6.4437,0,engaged,0.9025,engaged,0.6,0.8758,True,0.0547,20.0,16.95,234.84,234.26,361.26,367.15
143,6.5028,0,engaged,0.9041,engaged,0.6,0.8783,True,0.0539,20.03,20.51,234.69,234.17,360.06,366.12
144,6.5515,0,engaged,0.9041,engaged,0.6333,0.8797,True,0.0539,19.98,35.51,234.69,234.17,360.06,366.12
145,6.5797,0,engaged,0.8612,engaged,0.6667,0.8788,True,0.0534,19.57,35.8,235.39,233.51,359.24,366.0
146,6.6076,0,engaged,0.8612,engaged,0.7,0.8779,True,0.0534,21.04,33.38,235.39,233.51,359.24,366.0
147,6.6376,3,frustrated,0.7631,engaged,0.7,0.8779,True,0.0561,20.91,34.59,237.32,230.75,364.68,365.97
148,6.6665,3,frustrated,0.7554,engaged,0.7,0.8779,True,0.0579,18.78,36.5,236.61,229.96,366.74,366.55
149,6.6939,3,frustrated,0.7554,engaged,0.6667,0.8767,True,0.0579,21.55,36.19,236.61,229.96,366.74,366.55
150,6.7215,3,frustrated,0.86,engaged,0.6333,0.8768,True,0.0569,19.55,36.7,239.22,230.27,367.43,366.54
151,6.7488,0,engaged,0.8859,engaged,0.6333,0.8758,True,0.0574,19.68,25.01,237.89,231.74,369.27,366.04
152,6.7887,0,engaged,0.8859,engaged,0.6333,0.8748,True,0.0574,19.08,35.33,237.89,231.74,369.27,366.04
153,6.817,3,frustrated,0.9449,engaged,0.6,0.8729,True,0.0597,18.65,36.81,238.54,231.4,373.11,367.77
154,6.8442,2,bored,0.4857,engaged,0.5667,0.8726,True,0.061,19.0,24.3,238.26,233.89,376.16,369.72
155,6.8853,2,bored,0.771,engaged,0.5333,0.8723,True,0.0591,19.38,15.87,240.02,235.15,375.42,369.18
156,6.9484,2,bored,0.771,engaged,0.5,0.8702,True,0.0591,19.13,35.99,240.02,235.15,375.42,369.18
157,6.9762,3,frustrated,0.9593,engaged,0.5,0.8702,True,0.0602,19.01,38.21,243.35,234.77,380.34,369.71
158,7.0023,3,frustrated,0.9593,engaged,0.5,0.8702,True,0.0602,20.55,34.78,243.35,234.77,380.34,369.71
159,7.0311,0,engaged,0.5083,engaged,0.5333,0.8476,True,0.0615,19.9,36.45,243.05,233.26,380.83,370.45
160,7.0585,0,engaged,0.8544,engaged,0.5667,0.848,True,0.0624,19.86,27.88,242.71,233.69,382.55,370.73
161,7.0944,0,engaged,0.8544,engaged,0.6,0.8483,True,0.0624,20.93,35.47,242.71,233.69,382.55,370.73
162,7.1226,0,engaged,0.9197,engaged,0.6,0.8512,True,0.0642,19.57,35.72,242.38,232.0,384.24,371.03
163,7.1506,0,engaged,0.912,engaged,0.6,0.8569,True,0.0656,18.98,25.49,241.75,231.49,385.56,371.72
164,7.1898,0,engaged,0.912,engaged,0.6,0.8626,True,0.0656,19.87,35.15,241.75,231.49,385.56,371.72
165,7.2183,0,engaged,0.9139,engaged,0.6,0.8672,True,0.0652,19.31,35.29,241.82,231.76,385.31,371.37
166,7.2466,0,engaged,0.8951,engaged,0.6333,0.8686,True,0.0643,19.04,25.79,242.31,233.11,384.75,371.76
167,7.2854,0,engaged,0.8962,engaged,0.6667,0.87,True,0.0646,21.71,19.55,242.11,232.61,384.46,372.11
168,7.3365,0,engaged,0.8962,engaged,0.6667,0.8733,True,0.0646,20.91,34.56,242.11,232.61,384.46,372.11
169,7.3655,0,engaged,0.8914,engaged,0.6667,0.8731,True,0.0638,18.55,36.41,242.17,232.62,383.22,371.59
170,7.3929,3,frustrated,0.6169,engaged,0.6333,0.8719,True,0.0633,19.08,19.38,244.14,230.9,382.92,370.98
171,7.4445,3,frustrated,0.6169,engaged,0.6,0.8699,True,0.0633,19.18,36.54,244.14,230.9,382.92,370.98
172,7.4719,0,engaged,0.9341,engaged,0.6,0.8717,True,0.0625,19.8,36.33,244.02,232.16,383.22,370.1
173,7.4994,0,engaged,0.9341,engaged,0.6,0.8734,True,0.0625,19.03,37.29,244.02,232.16,383.22,370.1
174,7.5262,0,engaged,0.9389,engaged,0.6,0.8753,True,0.0635,20.79,34.51,243.33,230.77,383.75,369.66
175,7.5552,0,engaged,0.938,engaged,0.6,0.8795,True,0.0628,20.51,28.92,243.43,231.46,383.65,369.12
176,7.5898,0,engaged,0.938,engaged,0.6,0.8838,True,0.0628,19.29,34.86,243.43,231.46,383.65,369.12
177,7.6185,0,engaged,0.9328,engaged,0.6333,0.8864,True,0.0631,21.02,33.43,243.43,232.15,384.42,369.67
178,7.6484,0,engaged,0.9311,engaged,0.6667,0.8886,True,0.065,19.38,26.42,243.1,231.48,386.68,370.51
179,7.6862,0,engaged,0.8709,engaged,0.7,0.8878,True,0.0641,18.58,21.03,244.63,232.17,387.34,370.19
180,7.7338,0,engaged,0.8709,engaged,0.7333,0.887,True,0.0641,18.94,37.84,244.63,232.17,387.34,370.19
181,7.7602,0,engaged,0.6785,engaged,0.7333,0.8776,True,0.0634,19.15,36.79,244.94,233.8,388.26,369.75
182,7.7874,0,engaged,0.8522,engaged,0.7333,0.8761,True,0.064,18.57,24.52,246.36,233.75,390.16,370.44
183,7.8282,0,engaged,0.8522,engaged,0.7667,0.875,True,0.064,20.06,34.18,246.36,233.75,390.16,370.44
184,7.8574,0,engaged,0.8396,engaged,0.8,0.8735,True,0.0643,18.9,27.89,247.21,233.49,391.28,370.59
185,7.8933,0,engaged,0.8991,engaged,0.8333,0.8746,True,0.0646,18.57,21.07,248.54,231.95,392.06,370.24
186,7.9407,0,engaged,0.8991,engaged,0.8667,0.8755,True,0.0646,19.63,36.38,248.54,231.95,392.06,370.24
187,7.9682,0,engaged,0.9192,engaged,0.9,0.8771,True,0.0632,18.74,37.05,251.12,233.18,392.86,370.09
188,7.9952,0,engaged,0.9192,engaged,0.9333,0.8786,True,0.0632,21.47,36.42,251.12,233.18,392.86,370.09
189,8.0227,0,engaged,0.9362,engaged,0.9333,0.8939,True,0.0643,22.63,32.1,251.53,231.39,394.03,369.98
190,8.0538,0,engaged,0.936,engaged,0.9333,0.8968,True,0.0643,19.02,31.38,251.8,231.0,394.06,369.78
191,8.0857,0,engaged,0.9352,engaged,0.9333,0.8997,True,0.0649,19.45,20.84,251.67,230.65,394.39,370.42
192,8.1337,0,engaged,0.9352,engaged,0.9333,0.9003,True,0.0649,19.98,35.74,251.67,230.65,394.39,370.42
193,8.1617,0,engaged,0.9338,engaged,0.9333,0.901,True,0.0639,21.75,32.89,252.33,232.19,394.35,370.32
194,8.1921,0,engaged,0.9328,engaged,0.9333,0.9018,True,0.0639,18.43,27.64,251.74,232.37,394.18,370.1
195,8.2283,0,engaged,0.9328,engaged,0.9333,0.9025,True,0.0639,20.4,35.14,251.74,232.37,394.18,370.1
196,8.2567,0,engaged,0.9244,engaged,0.9333,0.9035,True,0.0639,19.55,36.97,252.0,232.01,394.39,369.85
197,8.2838,3,frustrated,0.9024,engaged,0.9,0.9038,True,0.0621,19.24,17.55,253.64,231.41,393.65,367.62
198,8.3408,3,frustrated,0.9024,engaged,0.8667,0.9041,True,0.0621,21.67,33.7,253.64,231.41,393.65,367.62
199,8.3704,0,engaged,0.8506,engaged,0.8667,0.9025,True,0.0607,19.53,36.14,253.96,231.52,393.1,365.64
200,8.3981,0,engaged,0.8506,engaged,0.9,0.9006,True,0.0607,18.24,38.8,253.96,231.52,393.1,365.64
201,8.4239,0,engaged,0.8888,engaged,0.9333,0.9002,True,0.0606,20.98,33.91,254.96,230.29,393.08,365.16
202,8.4534,0,engaged,0.8651,engaged,0.9333,0.8977,True,0.0604,17.96,33.27,255.69,230.97,393.68,365.33
203,8.4834,0,engaged,0.9002,engaged,0.9333,0.8965,True,0.06,18.33,20.35,256.23,231.77,394.5,365.01
204,8.5326,0,engaged,0.9002,engaged,0.9333,0.8951,True,0.06,18.87,36.86,256.23,231.77,394.5,365.01
205,8.5597,0,engaged,0.8529,engaged,0.9333,0.8921,True,0.0615,20.07,36.12,255.23,231.74,396.24,365.7
206,8.5874,0,engaged,0.7745,engaged,0.9333,0.8862,True,0.0613,20.49,23.1,255.61,232.77,396.74,366.18
207,8.6307,0,engaged,0.7745,engaged,0.9333,0.8806,True,0.0613,19.68,35.96,255.61,232.77,396.74,366.18
208,8.6585,0,engaged,0.8415,engaged,0.9333,0.8774,True,0.0605,20.34,36.88,256.67,233.59,397.38,365.73
209,8.6856,3,frustrated,0.464,engaged,0.9,0.8776,True,0.0609,19.83,25.21,257.83,233.36,398.43,366.49
210,8.7253,3,frustrated,0.464,engaged,0.8667,0.8779,True,0.0609,20.1,36.48,257.83,233.36,398.43,366.49
211,8.7527,0,engaged,0.9048,engaged,0.8667,0.8866,True,0.0594,18.54,28.55,258.85,234.4,398.45,365.16
212,8.7877,0,engaged,0.889,engaged,0.8667,0.888,True,0.0598,21.04,19.35,259.14,232.96,399.09,364.21
213,8.8394,0,engaged,0.889,engaged,0.8667,0.8894,True,0.0598,19.77,38.61,259.14,232.96,399.09,364.21
214,8.8653,0,engaged,0.8072,engaged,0.8667,0.8881,True,0.0601,19.6,36.88,259.66,232.14,399.69,363.93
215,8.8924,0,engaged,0.7909,engaged,0.8667,0.884,True,0.0608,18.58,25.12,259.43,230.28,399.43,363.67
216,8.9322,0,engaged,0.7909,engaged,0.8667,0.8798,True,0.0608,18.8,36.41,259.43,230.28,399.43,363.67
217,8.9597,0,engaged,0.7689,engaged,0.8667,0.874,True,0.0581,20.32,35.91,259.74,231.46,397.95,360.6
218,8.9875,0,engaged,0.7728,engaged,0.8667,0.8684,True,0.0598,19.54,24.46,258.44,227.69,396.14,361.08
219,9.0284,0,engaged,0.7728,engaged,0.8667,0.8621,True,0.0598,19.26,37.36,258.44,227.69,396.14,361.08
220,9.0552,0,engaged,0.905,engaged,0.8667,0.8609,True,0.0561,18.66,36.8,259.62,227.41,394.0,355.65
221,9.0823,0,engaged,0.9137,engaged,0.8667,0.8601,True,0.0549,19.11,22.67,259.68,224.22,392.86,350.92
222,9.1265,0,engaged,0.9137,engaged,0.8667,0.8593,True,0.0549,20.78,32.47,259.68,224.22,392.86,350.92
223,9.1573,0,engaged,0.8738,engaged,0.8667,0.857,True,0.0526,20.34,33.86,262.13,221.38,392.51,345.4
224,9.1868,0,engaged,0.8949,engaged,0.8667,0.8555,True,0.0515,22.13,18.95,262.66,218.94,390.75,342.48
225,9.2396,0,engaged,0.8949,engaged,0.8667,0.8541,True,0.0515,20.84,35.88,262.66,218.94,390.75,342.48
226,9.2685,0,engaged,0.9265,engaged,0.8667,0.8541,True,0.0494,21.06,33.19,265.93,216.69,389.88,339.02
227,9.299,0,engaged,0.9288,engaged,0.9,0.8569,True,0.049,19.93,28.6,267.27,214.98,389.84,337.74
228,9.3325,0,engaged,0.9288,engaged,0.9333,0.8595,True,0.049,18.64,38.95,267.27,214.98,389.84,337.74
229,9.3582,0,engaged,0.9186,engaged,0.9333,0.8619,True,0.0487,19.13,35.5,266.34,215.13,389.58,336.57
230,9.3877,0,engaged,0.7069,engaged,0.9333,0.8568,True,0.0477,17.92,24.82,267.15,216.78,389.24,336.87
231,9.4267,0,engaged,0.7069,engaged,0.9333,0.8503,True,0.0477,19.76,37.38,267.15,216.78,389.24,336.87
232,9.4534,0,engaged,0.8138,engaged,0.9333,0.8484,True,0.0499,19.21,34.87,264.37,217.85,390.16,339.77
233,9.4821,0,engaged,0.849,engaged,0.9333,0.8466,True,0.0505,18.92,23.14,262.5,223.53,393.0,342.51
234,9.5253,0,engaged,0.849,engaged,0.9333,0.8448,True,0.0505,20.48,35.52,262.5,223.53,393.0,342.51
235,9.5535,0,engaged,0.8562,engaged,0.9333,0.8449,True,0.0508,20.71,35.34,263.01,228.29,394.4,347.01
236,9.5817,2,bored,0.3219,engaged,0.9,0.8475,True,0.052,20.08,24.03,265.83,229.54,395.63,352.55
237,9.6234,2,bored,0.3219,engaged,0.8667,0.8503,True,0.052,20.06,36.87,265.83,229.54,395.63,352.55
238,9.6505,2,bored,0.3444,engaged,0.8333,0.8507,True,0.0522,18.2,30.34,265.82,230.23,397.7,351.86
239,9.6834,0,engaged,0.8975,engaged,0.8667,0.8525,True,0.0521,18.68,20.16,266.69,229.51,398.19,351.18
240,9.733,0,engaged,0.8975,engaged,0.9,0.8541,True,0.0521,19.86,36.18,266.69,229.51,398.19,351.18
241,9.7607,0,engaged,0.8934,engaged,0.9,0.8537,True,0.0518,21.15,33.85,267.45,228.75,397.89,350.75
242,9.7902,0,engaged,0.8899,engaged,0.9,0.8537,True,0.05,18.31,25.95,270.13,227.31,397.11,348.17
243,9.8288,0,engaged,0.8899,engaged,0.9,0.8538,True,0.05,19.05,37.49,270.13,227.31,397.11,348.17
244,9.8554,0,engaged,0.8868,engaged,0.9,0.8567,True,0.0512,19.36,36.37,269.7,226.69,399.26,348.21
245,9.8829,0,engaged,0.8628,engaged,0.9,0.8594,True,0.051,21.02,21.08,268.99,228.14,399.44,348.34
246,9.9304,0,engaged,0.8628,engaged,0.9,0.8621,True,0.051,24.86,32.22,268.99,228.14,399.44,348.34
247,9.9614,0,engaged,0.8436,engaged,0.9,0.8648,True,0.0517,22.64,32.81,269.12,228.97,399.23,351.05
248,9.9919,3,frustrated,0.7976,engaged,0.8667,0.8684,True,0.0525,24.1,28.45,269.41,230.33,401.72,352.31
249,10.027,3,frustrated,0.7976,engaged,0.8333,0.8722,True,0.0525,24.51,31.77,269.41,230.33,401.72,352.31
250,10.0585,3,frustrated,0.8906,engaged,0.8,0.8708,True,0.0533,18.55,39.26,267.04,231.63,401.9,352.98
251,10.084,3,frustrated,0.9229,engaged,0.7667,0.869,True,0.055,20.21,20.76,267.37,233.8,402.97,358.32
252,10.1322,3,frustrated,0.4857,engaged,0.7333,0.8669,True,0.0566,20.32,20.62,267.19,233.32,405.28,359.32
253,10.1807,3,frustrated,0.4857,engaged,0.7,0.8666,True,0.0566,20.16,36.79,267.19,233.32,405.28,359.32
254,10.2078,0,engaged,0.7077,engaged,0.7,0.8577,True,0.0573,20.0,34.44,266.16,232.58,405.27,359.14
255,10.2369,0,engaged,0.7077,engaged,0.7,0.8488,True,0.0573,20.56,34.47,266.16,232.58,405.27,359.14
256,10.2659,0,engaged,0.6571,engaged,0.7,0.8359,True,0.0578,20.01,35.61,265.68,231.29,405.11,358.72
257,10.294,2,bored,0.2878,engaged,0.6667,0.8313,True,0.0592,18.53,32.09,265.41,229.44,405.99,358.83
258,10.3251,2,bored,0.2878,engaged,0.6333,0.8262,True,0.0592,19.54,38.34,265.41,229.44,405.99,358.83
259,10.3512,2,bored,0.5248,engaged,0.6,0.821,True,0.0589,19.09,36.54,266.47,228.97,405.97,358.69
260,10.3786,3,frustrated,0.5429,engaged,0.5667,0.8277,True,0.0597,20.32,22.26,265.74,229.95,406.33,360.35
261,10.4235,3,frustrated,0.5429,engaged,0.5333,0.8353,True,0.0597,19.59,36.8,265.74,229.95,406.33,360.35
262,10.4507,3,frustrated,0.9383,engaged,0.5,0.8367,True,0.0605,20.0,35.04,265.68,231.22,406.87,362.94
263,10.4792,3,frustrated,0.9407,engaged,0.4667,0.8358,True,0.0604,17.78,26.73,266.54,236.92,408.83,367.36
264,10.5166,3,frustrated,0.7133,engaged,0.4333,0.8348,True,0.0625,19.77,19.88,266.92,235.3,410.94,368.66
265,10.5669,3,frustrated,0.7133,engaged,0.4,0.8331,True,0.0625,21.1,33.91,266.92,235.3,410.94,368.66
266,10.5964,0,engaged,0.6597,engaged,0.4333,0.8197,True,0.0634,19.07,30.29,267.49,235.21,411.0,371.02
267,10.6294,0,engaged,0.6322,engaged,0.4667,0.8063,True,0.0645,19.7,20.6,267.45,235.18,410.84,373.3
268,10.678,0,engaged,0.6322,engaged,0.5,0.7947,True,0.0645,20.27,35.11,267.45,235.18,410.84,373.3
269,10.7065,0,engaged,0.7655,engaged,0.5,0.7859,True,0.0642,19.84,36.61,266.92,236.56,410.73,373.7
270,10.7351,0,engaged,0.7655,engaged,0.5,0.7771,True,0.0642,20.08,35.65,266.92,236.56,410.73,373.7
271,10.7618,3,frustrated,0.8521,engaged,0.4667,0.7688,True,0.063,20.15,36.37,267.49,237.88,409.79,373.83
272,10.7893,3,frustrated,0.9384,frustrated,0.4667,0.7544,True,0.0637,21.53,28.29,266.07,234.49,407.11,373.25
273,10.8247,3,frustrated,0.9384,frustrated,0.5,0.7667,True,0.0637,23.23,32.53,266.07,234.49,407.11,373.25
274,10.8554,3,frustrated,0.97,frustrated,0.5333,0.7794,True,0.0651,20.88,36.12,264.26,229.6,409.1,367.69
275,10.8831,3,frustrated,0.9578,frustrated,0.5667,0.7899,True,0.0651,18.39,29.51,265.59,227.51,408.9,367.06
276,10.917,0,engaged,0.5613,frustrated,0.5667,0.7899,True,0.0647,19.91,19.68,266.17,226.53,409.86,364.92
277,10.9678,0,engaged,0.5613,frustrated,0.5667,0.7899,True,0.0647,22.92,32.99,266.17,226.53,409.86,364.92
278,10.9981,3,frustrated,0.4305,frustrated,0.5667,0.7683,True,0.0655,20.17,35.31,267.12,226.73,411.26,366.22
279,11.0265,3,frustrated,0.7992,frustrated,0.5667,0.7684,True,0.0657,19.96,19.97,266.61,227.4,410.78,367.42
280,11.0765,3,frustrated,0.7992,frustrated,0.5667,0.763,True,0.0657,22.81,33.68,266.61,227.4,410.78,367.42
281,11.1062,3,frustrated,0.9584,frustrated,0.5667,0.7651,True,0.065,20.02,34.46,266.92,230.04,410.42,369.18
282,11.1352,3,frustrated,0.9584,frustrated,0.5667,0.7929,True,0.065,18.7,37.01,266.92,230.04,410.42,369.18
283,11.1622,3,frustrated,0.9588,frustrated,0.5667,0.8207,True,0.0655,20.52,37.06,266.44,230.95,410.26,370.82
284,11.1892,0,engaged,0.3114,frustrated,0.5667,0.8207,True,0.0695,20.59,29.16,266.1,225.95,413.05,371.34
285,11.2235,0,engaged,0.3114,frustrated,0.5667,0.8207,True,0.0695,21.05,36.73,266.1,225.95,413.05,371.34
286,11.2508,3,frustrated,0.9584,frustrated,0.6,0.8284,True,0.0659,22.3,31.83,266.79,231.29,411.01,371.69
287,11.2822,0,engaged,0.2486,frustrated,0.6,0.8284,True,0.0685,23.19,25.34,269.61,224.44,414.78,369.37
288,11.3216,0,engaged,0.7081,frustrated,0.6,0.8284,True,0.0675,19.77,22.93,268.19,224.59,414.01,366.77
289,11.3652,0,engaged,0.7081,frustrated,0.6,0.8284,True,0.0675,23.5,32.25,268.19,224.59,414.01,366.77
290,11.3963,0,engaged,0.7234,frustrated,0.5667,0.8452,True,0.0642,22.0,33.41,270.91,225.96,413.23,364.5
291,11.4262,0,engaged,0.6878,frustrated,0.5333,0.8641,True,0.0638,21.95,26.17,271.35,224.17,414.03,361.49
292,11.4644,0,engaged,0.6878,frustrated,0.5,0.8591,True,0.0638,20.47,35.45,271.35,224.17,414.03,361.49
293,11.4926,0,engaged,0.4592,engaged,0.5333,0.589,True,0.0627,19.23,30.6,271.88,225.74,413.42,361.79
294,11.5253,3,frustrated,0.9219,engaged,0.5333,0.589,True,0.0612,19.36,21.3,273.03,228.01,411.68,363.71
295,11.5722,3,frustrated,0.9219,engaged,0.5333,0.589,True,0.0612,20.13,36.2,273.03,228.01,411.68,363.71
296,11.5999,3,frustrated,0.8381,engaged,0.5,0.5842,True,0.0627,19.19,39.6,272.18,228.37,412.5,365.64
297,11.6251,3,frustrated,0.8381,frustrated,0.5333,0.8775,True,0.0627,22.33,35.49,272.18,228.37,412.5,365.64
298,11.6533,3,frustrated,0.6035,frustrated,0.5667,0.8613,True,0.0626,20.59,35.63,272.9,228.26,412.63,365.93
299,11.6814,0,engaged,0.8074,frustrated,0.5667,0.8613,True,0.0642,19.26,29.37,268.18,226.2,411.51,363.9
300,11.7154,3,frustrated,0.9385,frustrated,0.6,0.8656,True,0.0629,18.46,20.99,270.21,227.37,410.5,365.1
301,11.7631,3,frustrated,0.9385,frustrated,0.6,0.8704,True,0.0629,20.66,35.39,270.21,227.37,410.5,365.1
302,11.7913,2,bored,0.6691,frustrated,0.5667,0.8664,True,0.0607,19.86,35.5,270.16,227.47,408.34,362.5
303,11.8195,2,bored,0.8319,frustrated,0.5333,0.8619,True,0.0611,19.44,24.64,267.95,227.87,408.05,361.79
304,11.8601,2,bored,0.8319,frustrated,0.5,0.8547,True,0.0611,21.09,34.75,267.95,227.87,408.05,361.79
305,11.8888,3,frustrated,0.8063,frustrated,0.5,0.8446,True,0.0605,18.13,40.71,266.76,228.5,405.13,362.77
306,11.9134,3,frustrated,0.9593,frustrated,0.5333,0.8518,True,0.0623,18.84,17.08,266.11,228.35,405.23,366.03
307,11.9719,3,frustrated,0.9593,frustrated,0.5667,0.8581,True,0.0623,19.75,36.19,266.11,228.35,405.23,366.03
308,11.9996,3,frustrated,0.9517,frustrated,0.5667,0.8888,True,0.0621,20.04,35.86,266.39,230.49,406.13,366.91
309,12.0275,3,frustrated,0.9517,frustrated,0.5667,0.8978,True,0.0621,21.51,34.94,266.39,230.49,406.13,366.91
310,12.0561,3,frustrated,0.9607,frustrated,0.5667,0.9073,True,0.063,20.05,37.43,266.64,230.79,408.09,367.55
311,12.0828,3,frustrated,0.9628,frustrated,0.5667,0.9075,True,0.0636,19.86,29.63,267.01,231.54,410.06,368.17
312,12.1166,3,frustrated,0.7672,frustrated,0.5667,0.8963,True,0.0643,21.1,20.29,267.47,230.98,411.2,368.49
313,12.1658,3,frustrated,0.7672,frustrated,0.5667,0.885,True,0.0643,21.75,32.84,267.47,230.98,411.2,368.49
314,12.1963,3,frustrated,0.8316,frustrated,0.6,0.8821,True,0.0645,22.52,32.79,267.79,230.69,411.42,368.72
315,12.2268,3,frustrated,0.63,frustrated,0.6333,0.8688,True,0.0659,20.5,27.54,269.8,228.1,413.57,368.83
316,12.2631,3,frustrated,0.63,frustrated,0.6333,0.8515,True,0.0659,19.04,36.78,269.8,228.1,413.57,368.83
317,12.2903,3,frustrated,0.5835,frustrated,0.6667,0.8381,True,0.0647,20.45,35.32,272.23,228.33,413.9,368.69
318,12.3186,0,engaged,0.7573,frustrated,0.6667,0.8381,True,0.0656,21.22,25.96,269.4,227.96,413.54,367.75
319,12.3571,0,engaged,0.7573,frustrated,0.6667,0.8381,True,0.0656,19.65,37.16,269.4,227.96,413.54,367.75
320,12.384,0,engaged,0.222,frustrated,0.6667,0.8381,True,0.0669,19.96,27.02,269.36,226.19,413.51,368.68
321,12.421,3,frustrated,0.9729,frustrated,0.7,0.8445,True,0.0643,21.6,20.46,268.57,231.2,410.27,370.63
322,12.4699,3,frustrated,0.9729,frustrated,0.7333,0.8504,True,0.0643,20.28,36.44,268.57,231.2,410.27,370.63
323,12.4973,3,frustrated,0.9698,frustrated,0.7667,0.8556,True,0.0647,18.45,40.45,267.87,232.95,410.79,371.99
324,12.5221,3,frustrated,0.9679,frustrated,0.7667,0.8576,True,0.0643,18.64,23.7,267.9,234.03,411.05,372.01
325,12.5643,3,frustrated,0.9679,frustrated,0.7667,0.8595,True,0.0643,19.87,36.14,267.9,234.03,411.05,372.01
326,12.5919,3,frustrated,0.9712,frustrated,0.7667,0.8653,True,0.0645,18.76,35.5,266.55,232.75,409.97,370.89
327,12.6201,3,frustrated,0.954,frustrated,0.7667,0.8704,True,0.0638,19.61,24.04,268.01,231.83,411.26,368.7
328,12.6617,3,frustrated,0.954,frustrated,0.7667,0.8856,True,0.0638,20.87,37.39,268.01,231.83,411.26,368.7
329,12.6884,0,engaged,0.2908,frustrated,0.7667,0.8856,True,0.066,18.62,38.09,266.17,227.67,410.69,367.89
330,12.7147,3,frustrated,0.891,frustrated,0.7667,0.8835,True,0.0649,29.84,19.02,266.53,229.86,410.19,368.68
331,12.7673,3,frustrated,0.891,frustrated,0.7667,0.8815,True,0.0649,48.02,17.81,266.53,229.86,410.19,368.68
332,12.8234,3,frustrated,0.8666,frustrated,0.8,0.8809,True,0.0639,39.88,21.25,265.62,232.33,409.57,368.74
333,12.8705,0,engaged,0.214,frustrated,0.8,0.8809,True,0.0657,22.03,33.02,264.71,228.89,408.43,369.38
334,12.9008,0,engaged,0.214,frustrated,0.8,0.8809,True,0.0657,21.9,33.39,264.71,228.89,408.43,369.38
335,12.9307,0,engaged,0.2056,frustrated,0.7667,0.8841,True,0.0662,23.29,32.63,265.09,230.03,410.3,370.11
336,12.9614,0,engaged,0.3111,frustrated,0.7333,0.8807,True,0.0677,24.54,32.25,265.57,228.29,411.25,371.1
337,12.9924,0,engaged,0.3111,frustrated,0.7,0.8769,True,0.0677,23.28,31.93,265.57,228.29,411.25,371.1
338,13.0237,0,engaged,0.8294,frustrated,0.6667,0.8732,True,0.0646,18.82,39.86,266.06,234.13,409.86,372.24
339,13.0503,0,engaged,0.8426,frustrated,0.6333,0.8691,True,0.0657,20.06,36.18,266.16,233.8,409.95,374.09
340,13.0764,0,engaged,0.8426,frustrated,0.6,0.864,True,0.0657,19.17,36.68,266.16,233.8,409.95,374.09
341,13.1037,0,engaged,0.8127,frustrated,0.5667,0.8582,True,0.0664,20.22,35.43,265.88,233.74,410.12,375.06
342,13.1319,0,engaged,0.8349,frustrated,0.5333,0.8638,True,0.0667,18.63,37.87,266.2,233.1,410.28,375.26
343,13.1583,0,engaged,0.8349,frustrated,0.5,0.8703,True,0.0667,20.91,34.97,266.2,233.1,410.28,375.26
344,13.1869,0,engaged,0.8572,engaged,0.5333,0.5711,True,0.066,18.76,37.45,266.15,233.02,410.62,373.35
345,13.2136,0,engaged,0.8744,engaged,0.5667,0.5889,True,0.0669,19.67,25.81,266.39,232.81,411.01,374.95
346,13.2524,0,engaged,0.8744,engaged,0.6,0.6048,True,0.0669,20.0,36.2,266.39,232.81,411.01,374.95
347,13.28,0,engaged,0.8266,engaged,0.6333,0.6165,True,0.0672,19.54,27.44,265.94,233.64,410.51,376.48
348,13.3164,0,engaged,0.5219,engaged,0.6333,0.6041,True,0.0677,18.41,20.83,265.25,234.37,410.63,377.52
349,13.3644,0,engaged,0.5219,engaged,0.6333,0.5917,True,0.0677,19.72,36.3,265.25,234.37,410.63,377.52
350,13.392,0,engaged,0.3478,engaged,0.6333,0.5983,True,0.0708,21.81,35.69,265.58,230.49,412.41,378.63
351,13.42,3,frustrated,0.9393,engaged,0.6333,0.5983,True,0.0697,20.07,23.8,265.86,234.02,410.52,381.98
352,13.462,3,frustrated,0.9393,engaged,0.6333,0.5983,True,0.0697,20.01,36.22,265.86,234.02,410.52,381.98
353,13.4896,3,frustrated,0.9073,engaged,0.6333,0.5983,True,0.0697,20.34,36.27,266.03,232.91,411.91,379.78
354,13.5172,3,frustrated,0.9012,engaged,0.6333,0.5983,True,0.0714,20.91,24.2,266.35,230.96,413.6,380.01
355,13.5585,3,frustrated,0.9012,engaged,0.6333,0.5983,True,0.0714,19.84,37.31,266.35,230.96,413.6,380.01
356,13.5853,3,frustrated,0.8798,engaged,0.6333,0.5983,True,0.072,20.03,36.19,266.65,230.59,414.08,380.61
357,13.613,3,frustrated,0.947,engaged,0.6333,0.5983,True,0.071,18.7,25.77,265.52,231.06,411.04,381.05
358,13.6518,3,frustrated,0.947,engaged,0.6333,0.5983,True,0.071,18.59,37.66,265.52,231.06,411.04,381.05
359,13.6783,3,frustrated,0.9475,engaged,0.6,0.6154,True,0.0695,20.37,35.4,265.55,233.85,409.89,381.78
360,13.7071,3,frustrated,0.9607,engaged,0.6,0.6154,True,0.0671,18.57,24.62,268.08,237.81,412.44,380.58
361,13.7472,3,frustrated,0.957,engaged,0.6,0.6154,True,0.0683,18.61,15.59,268.46,235.81,412.26,381.74
362,13.8113,3,frustrated,0.957,engaged,0.6,0.6154,True,0.0683,20.19,36.2,268.46,235.81,412.26,381.74
363,13.839,3,frustrated,0.942,engaged,0.5667,0.639,True,0.0677,20.44,35.66,270.85,237.07,414.68,381.58
364,13.867,3,frustrated,0.942,engaged,0.5333,0.6656,True,0.0677,20.04,35.82,270.85,237.07,414.68,381.58
365,13.8949,3,frustrated,0.9368,engaged,0.5,0.6962,True,0.0676,18.87,40.46,271.15,237.42,414.79,381.93
366,13.9196,3,frustrated,0.9489,frustrated,0.5333,0.9346,True,0.0702,18.45,27.58,268.49,235.74,414.09,383.8
367,13.9559,3,frustrated,0.9489,frustrated,0.5667,0.9355,True,0.0702,19.84,38.34,268.49,235.74,414.09,383.8
368,13.982,3,frustrated,0.956,frustrated,0.6,0.9366,True,0.0711,19.0,39.29,268.98,236.58,416.54,384.66
369,14.0074,0,engaged,0.3099,frustrated,0.6,0.9366,True,0.0714,22.38,20.9,268.48,236.74,418.22,383.21
370,14.0553,0,engaged,0.3099,frustrated,0.6,0.9366,True,0.0714,20.78,35.77,268.48,236.74,418.22,383.21
371,14.0832,0,engaged,0.2622,frustrated,0.6,0.9366,True,0.0726,22.12,35.44,267.82,236.1,418.82,383.76
372,14.1115,3,frustrated,0.8954,frustrated,0.6333,0.9344,True,0.0759,20.29,25.84,268.77,235.58,418.16,391.68
373,14.1502,0,engaged,0.2888,frustrated,0.6333,0.9344,True,0.0762,20.82,20.85,268.21,232.76,417.95,389.13
374,14.1981,0,engaged,0.2888,frustrated,0.6333,0.9344,True,0.0762,18.38,37.91,268.21,232.76,417.95,389.13
375,14.2245,3,frustrated,0.9548,frustrated,0.6667,0.9354,True,0.0749,18.92,27.65,268.31,233.7,414.12,391.6
376,14.2607,3,frustrated,0.9452,frustrated,0.7,0.9359,True,0.0712,18.82,21.07,267.61,234.46,413.68,384.14
377,14.3081,3,frustrated,0.9452,frustrated,0.7333,0.9363,True,0.0712,20.64,37.03,267.61,234.46,413.68,384.14
378,14.3351,3,frustrated,0.9378,frustrated,0.7667,0.9364,True,0.0683,20.66,36.32,268.01,234.01,412.63,379.1
379,14.3627,3,frustrated,0.9378,frustrated,0.8,0.9365,True,0.0683,20.47,37.33,268.01,234.01,412.63,379.1
380,14.3895,3,frustrated,0.4267,frustrated,0.8333,0.9161,True,0.0683,21.41,36.05,267.24,230.87,413.39,374.44
381,14.4172,0,engaged,0.8714,frustrated,0.8,0.9151,True,0.0682,21.19,26.33,266.43,230.71,411.5,375.12
382,14.4552,0,engaged,0.8714,frustrated,0.7667,0.914,True,0.0682,19.11,40.04,266.43,230.71,411.5,375.12
383,14.4802,0,engaged,0.8367,frustrated,0.7333,0.9144,True,0.0687,19.17,36.65,265.99,230.84,411.54,375.92
384,14.5074,0,engaged,0.855,frustrated,0.7,0.915,True,0.0692,18.74,24.53,264.18,232.96,410.68,377.99
385,14.5482,0,engaged,0.6737,frustrated,0.6667,0.9157,True,0.0685,18.68,21.4,264.76,234.15,410.95,378.05
386,14.5949,0,engaged,0.6737,frustrated,0.6333,0.9176,True,0.0685,21.77,35.67,264.76,234.15,410.95,378.05
387,14.623,0,engaged,0.6711,frustrated,0.6,0.9159,True,0.068,20.33,36.77,265.06,235.46,410.61,379.0
388,14.6502,0,engaged,0.7778,frustrated,0.5667,0.9141,True,0.0698,18.6,17.47,265.44,233.64,411.83,380.08
389,14.7074,0,engaged,0.7778,frustrated,0.5333,0.912,True,0.0698,20.52,35.1,265.44,233.64,411.83,380.08
390,14.7359,0,engaged,0.8225,frustrated,0.5,0.9088,True,0.0704,18.49,36.48,265.77,232.89,412.4,380.41
391,14.7633,0,engaged,0.8225,engaged,0.5333,0.6321,True,0.0704,20.49,37.06,265.77,232.89,412.4,380.41
392,14.7903,0,engaged,0.8198,engaged,0.5667,0.6431,True,0.0709,19.27,39.05,266.08,232.91,412.73,381.46
393,14.8175,0,engaged,0.8042,engaged,0.6,0.6521,True,0.0696,17.79,28.75,266.78,234.2,412.94,380.52
394,14.8507,0,engaged,0.8042,engaged,0.6333,0.6601,True,0.0696,21.12,32.86,266.78,234.2,412.94,380.52
395,14.8811,0,engaged,0.8258,engaged,0.6667,0.6684,True,0.0688,21.85,34.53,268.85,234.09,414.95,378.84
396,14.9101,2,bored,0.4153,engaged,0.6667,0.6684,True,0.0696,21.03,25.01,272.55,231.28,419.21,377.15
397,14.9501,0,engaged,0.5994,engaged,0.7,0.6651,True,0.0692,19.5,21.66,276.49,231.1,422.87,376.39
398,14.9962,0,engaged,0.5994,engaged,0.7333,0.6621,True,0.0692,21.67,31.09,276.49,231.1,422.87,376.39
399,15.0284,3,frustrated,0.2705,engaged,0.7,0.6789,True,0.0677,22.38,33.77,278.39,230.66,423.28,374.15
400,15.058,3,frustrated,0.2111,engaged,0.6667,0.6973,True,0.0679,18.83,28.48,279.61,228.23,423.92,372.72
401,15.0931,3,frustrated,0.2111,engaged,0.6333,0.7202,True,0.0679,20.41,33.34,279.61,228.23,423.92,372.72
402,15.1231,0,engaged,0.7813,engaged,0.6667,0.7233,True,0.0685,28.56,23.59,280.42,228.22,422.87,375.89
403,15.1655,2,bored,0.4651,engaged,0.6333,0.7461,True,0.0665,25.13,22.33,280.65,227.89,423.06,371.44
404,15.2103,2,bored,0.4651,engaged,0.6,0.7715,True,0.0665,23.53,31.8,280.65,227.89,423.06,371.44
405,15.2418,0,engaged,0.4151,engaged,0.6333,0.7528,True,0.0672,23.32,30.37,279.44,226.73,422.8,370.64
406,15.2747,0,engaged,0.4151,engaged,0.6667,0.7359,True,0.0672,24.6,32.61,279.44,226.73,422.8,370.64
407,15.3053,0,engaged,0.8803,engaged,0.7,0.7428,True,0.065,33.12,24.77,279.53,226.67,421.77,367.1
408,15.3457,0,engaged,0.9054,engaged,0.7333,0.7502,True,0.0661,22.69,32.92,278.44,224.89,420.87,367.47
409,15.3761,0,engaged,0.9096,engaged,0.7667,0.7571,True,0.0665,25.5,31.37,274.86,225.61,419.15,367.22
410,15.408,0,engaged,0.9096,engaged,0.8,0.7634,True,0.0665,22.79,32.78,274.86,225.61,419.15,367.22
411,15.4385,0,engaged,0.8847,engaged,0.8,0.764,True,0.0646,27.16,28.38,273.1,227.75,416.28,366.34
412,15.4737,0,engaged,0.8248,engaged,0.8,0.7621,True,0.0657,25.74,31.62,272.35,227.63,416.66,367.51
413,15.5053,0,engaged,0.8248,engaged,0.8,0.7616,True,0.0657,21.34,33.42,272.35,227.63,416.66,367.51
414,15.5353,0,engaged,0.8417,engaged,0.8,0.761,True,0.0669,21.23,35.91,271.06,228.67,417.1,369.45
415,15.5631,0,engaged,0.6966,engaged,0.8,0.762,True,0.0661,22.29,21.83,270.54,230.87,414.89,371.49
416,15.6089,0,engaged,0.6966,engaged,0.8,0.7629,True,0.0661,23.15,34.1,270.54,230.87,414.89,371.49
417,15.6383,0,engaged,0.6074,engaged,0.8,0.7603,True,0.0665,24.92,30.8,270.09,230.32,414.97,371.39
418,15.6707,0,engaged,0.6074,engaged,0.8,0.7532,True,0.0665,26.17,27.1,270.09,230.32,414.97,371.39
419,15.7076,0,engaged,0.7553,engaged,0.8,0.7522,True,0.0672,23.51,32.42,268.36,230.82,414.38,372.28
420,15.7385,0,engaged,0.7583,engaged,0.8,0.7496,True,0.0669,23.55,32.01,268.36,231.23,413.92,372.46
421,15.7697,2,bored,0.3748,engaged,0.7667,0.7464,True,0.0668,26.5,29.34,266.82,229.21,411.94,370.55
422,15.8038,2,bored,0.3748,engaged,0.7333,0.743,True,0.0668,21.64,33.59,266.82,229.21,411.94,370.55
423,15.8336,3,frustrated,0.4593,engaged,0.7,0.7401,True,0.0669,20.54,36.9,263.2,229.41,410.1,369.22
424,15.8607,0,engaged,0.8402,engaged,0.7,0.7418,True,0.0672,19.65,30.94,263.29,229.61,409.38,370.96
425,15.893,0,engaged,0.8402,engaged,0.7,0.7425,True,0.0672,20.82,34.96,263.29,229.61,409.38,370.96
426,15.9216,0,engaged,0.8413,engaged,0.7333,0.747,True,0.0671,20.33,34.46,263.37,230.22,409.45,371.38
427,15.9506,0,engaged,0.9003,engaged,0.7333,0.7607,True,0.0666,20.51,24.95,263.17,230.68,409.84,370.18
428,15.9907,0,engaged,0.9003,engaged,0.7333,0.7744,True,0.0666,22.71,32.59,263.17,230.68,409.84,370.18
429,16.0214,0,engaged,0.8755,engaged,0.7667,0.7788,True,0.0674,19.39,33.05,263.56,230.06,409.47,371.88
430,16.0516,3,frustrated,0.7774,engaged,0.7667,0.7788,True,0.0671,20.64,19.68,264.79,230.12,410.26,371.75
431,16.1025,3,frustrated,0.7774,engaged,0.7667,0.7788,True,0.0671,23.12,33.59,264.79,230.12,410.26,371.75
432,16.1322,0,engaged,0.8785,engaged,0.7667,0.783,True,0.0661,22.85,32.93,263.8,229.5,409.05,369.32
433,16.1626,0,engaged,0.8267,engaged,0.8,0.7848,True,0.0665,21.57,27.32,264.69,228.55,409.29,369.74
434,16.1992,0,engaged,0.8267,engaged,0.8333,0.7865,True,0.0665,20.33,35.95,264.69,228.55,409.29,369.74
435,16.227,0,engaged,0.8897,engaged,0.8333,0.8055,True,0.0653,24.59,32.21,266.37,229.14,409.69,369.06
436,16.2581,0,engaged,0.5172,engaged,0.8333,0.8096,True,0.0652,22.06,27.52,268.52,230.9,410.8,371.64
437,16.2944,0,engaged,0.5172,engaged,0.8333,0.795,True,0.0652,20.9,35.89,268.52,230.9,410.8,371.64
438,16.3223,3,frustrated,0.8794,engaged,0.8,0.7904,True,0.0677,23.01,32.08,269.94,228.5,415.45,371.37
439,16.3534,3,frustrated,0.7296,engaged,0.7667,0.7853,True,0.0677,22.13,24.96,274.61,234.26,421.92,375.44
440,16.3935,3,frustrated,0.7296,engaged,0.7333,0.7796,True,0.0677,21.68,35.04,274.61,234.26,421.92,375.44
441,16.422,3,frustrated,0.7724,engaged,0.7,0.7746,True,0.0683,19.13,37.52,277.73,235.44,423.84,379.07
442,16.4487,3,frustrated,0.8059,engaged,0.6667,0.7721,True,0.0656,19.05,19.28,280.69,238.34,424.01,378.94
443,16.5005,2,bored,0.2161,engaged,0.6333,0.7693,True,0.0662,25.04,18.12,281.94,237.2,424.55,379.73
444,16.5557,2,bored,0.2161,engaged,0.6,0.7653,True,0.0662,21.62,31.92,281.94,237.2,424.55,379.73
445,16.5871,2,bored,0.2047,engaged,0.5667,0.7693,True,0.0666,20.02,34.44,282.84,237.15,426.58,379.51
446,16.6161,2,bored,0.2047,engaged,0.5333,0.7739,True,0.0666,20.02,33.99,282.84,237.15,426.58,379.51
447,16.6455,0,engaged,0.4549,engaged,0.5333,0.7644,True,0.0668,20.79,35.65,283.73,236.49,426.19,380.56
448,16.6736,0,engaged,0.6236,engaged,0.5333,0.7654,True,0.0665,18.97,34.62,283.96,236.57,426.28,380.04
449,16.7025,0,engaged,0.6236,engaged,0.5333,0.7571,True,0.0665,21.29,34.09,283.96,236.57,426.28,380.04
450,16.7318,0,engaged,0.7615,engaged,0.5333,0.7573,True,0.0657,22.49,33.59,283.43,236.54,425.46,378.6
451,16.7616,3,frustrated,0.4869,engaged,0.5333,0.7573,True,0.0661,19.59,34.94,281.78,236.02,425.61,377.1
452,16.7902,3,frustrated,0.4869,engaged,0.5333,0.7573,True,0.0661,22.6,32.12,281.78,236.02,425.61,377.1
453,16.8213,3,frustrated,0.6847,engaged,0.5333,0.7573,True,0.067,33.24,24.37,279.66,235.5,424.08,377.98
454,16.8624,0,engaged,0.7238,engaged,0.5333,0.7501,True,0.0684,37.67,21.38,279.18,232.23,424.39,376.96
455,16.9091,0,engaged,0.5013,engaged,0.5333,0.7289,True,0.0683,28.51,27.59,277.64,230.45,422.55,375.21
456,16.9454,0,engaged,0.5013,engaged,0.5333,0.7076,True,0.0683,31.87,23.85,277.64,230.45,422.55,375.21
457,16.9873,0,engaged,0.227,engaged,0.5333,0.6656,True,0.0695,28.9,26.92,276.26,226.56,423.59,371.43
458,17.0245,0,engaged,0.8045,engaged,0.5333,0.6596,True,0.0669,22.54,32.4,275.98,228.83,421.9,369.66
459,17.0563,0,engaged,0.8045,engaged,0.5333,0.6551,True,0.0669,21.99,32.21,275.98,228.83,421.9,369.66
460,17.0864,0,engaged,0.8295,engaged,0.5667,0.6654,True,0.0661,25.3,30.03,274.91,229.44,419.96,369.5
461,17.1197,0,engaged,0.8295,engaged,0.6,0.6745,True,0.0661,22.69,33.05,274.91,229.44,419.96,369.5
462,17.1499,0,engaged,0.4693,engaged,0.6,0.6518,True,0.0676,21.1,34.95,273.21,228.46,419.24,370.62
463,17.1785,0,engaged,0.7893,engaged,0.6,0.6497,True,0.0679,21.84,34.81,273.32,231.67,421.77,372.1
464,17.2073,0,engaged,0.7893,engaged,0.6,0.6476,True,0.0679,22.65,30.81,273.32,231.67,421.77,372.1
465,17.2397,0,engaged,0.7984,engaged,0.6,0.6426,True,0.0679,24.66,31.86,274.04,232.05,421.39,373.55
466,17.2711,0,engaged,0.8624,engaged,0.6,0.6617,True,0.0703,20.98,33.27,274.47,230.38,423.66,375.1
467,17.3012,0,engaged,0.8617,engaged,0.6,0.6809,True,0.0694,23.5,27.47,275.26,230.59,423.15,374.76
468,17.3376,0,engaged,0.8617,engaged,0.6333,0.6904,True,0.0694,22.08,31.55,275.26,230.59,423.15,374.76
469,17.3693,0,engaged,0.824,engaged,0.6667,0.6971,True,0.0689,20.02,36.81,274.95,232.1,423.17,374.9
470,17.3964,3,frustrated,0.2528,engaged,0.6667,0.6971,True,0.0688,19.64,20.51,275.58,230.32,422.9,373.82
471,17.4452,3,frustrated,0.2528,engaged,0.6667,0.6971,True,0.0688,26.31,28.9,275.58,230.32,422.9,373.82
472,17.4798,3,frustrated,0.5627,engaged,0.6667,0.6971,True,0.0673,35.69,22.7,275.78,232.94,422.5,373.89
473,17.5238,3,frustrated,0.5627,engaged,0.6667,0.6971,True,0.0673,34.92,22.32,275.78,232.94,422.5,373.89
474,17.5686,3,frustrated,0.9188,engaged,0.6667,0.6971,True,0.0664,31.05,25.03,273.67,234.9,419.17,375.02
475,17.6086,3,frustrated,0.9501,engaged,0.6667,0.6971,True,0.0654,21.96,30.46,267.36,237.1,411.45,376.46
476,17.6414,3,frustrated,0.9501,engaged,0.6667,0.6971,True,0.0654,19.56,37.1,267.36,237.1,411.45,376.46
477,17.6684,2,bored,0.5825,engaged,0.6333,0.7098,True,0.0656,22.07,33.22,258.37,242.42,406.32,378.52
478,17.6985,3,frustrated,0.9293,engaged,0.6,0.7146,True,0.0627,20.68,34.58,256.07,244.28,399.11,378.92
479,17.7274,3,frustrated,0.9224,engaged,0.5667,0.72,True,0.0547,22.31,33.2,257.46,246.79,395.02,368.92
480,17.7575,3,frustrated,0.9224,engaged,0.5333,0.7174,True,0.0547,23.65,31.8,257.46,246.79,395.02,368.92
481,17.789,3,frustrated,0.5857,engaged,0.5333,0.7174,True,0.0491,22.55,31.56,254.41,247.64,392.56,356.77
482,17.8206,2,bored,0.667,engaged,0.5333,0.7174,True,0.0547,26.55,30.31,257.65,246.25,391.69,371.58
483,17.8536,2,bored,0.667,engaged,0.5333,0.7174,True,0.0547,20.09,33.78,257.65,246.25,391.69,371.58
484,17.8832,2,bored,0.794,engaged,0.5,0.7169,True,0.0486,20.61,35.88,260.72,246.37,393.31,358.96
485,17.9111,2,bored,0.6677,engaged,0.4667,0.7323,True,0.0475,20.15,33.23,266.21,244.91,397.73,355.84
486,17.9412,2,bored,0.6677,engaged,0.4333,0.7501,True,0.0475,21.87,34.57,266.21,244.91,397.73,355.84
487,17.9701,2,bored,0.5757,engaged,0.4,0.7937,True,0.0493,21.84,33.19,264.57,244.14,398.66,357.07
488,18.0003,2,bored,0.5757,neutral,0.3667,0.7927,True,0.0493,20.84,33.12,264.57,244.14,398.66,357.07
489,18.0304,2,bored,0.5385,neutral,0.3667,0.71,True,0.0513,24.24,32.16,262.11,244.29,397.31,360.76
490,18.0615,2,bored,0.6729,neutral,0.3667,0.71,True,0.0522,21.18,34.32,262.67,243.18,397.78,361.95
491,18.0907,2,bored,0.7848,neutral,0.3667,0.71,True,0.0559,21.24,21.93,262.52,242.18,399.78,367.33
492,18.1363,2,bored,0.7848,bored,0.4,0.6648,True,0.0559,21.87,34.5,262.52,242.18,399.78,367.33
493,18.1653,2,bored,0.6639,bored,0.4333,0.6648,True,0.0602,23.91,30.88,266.54,240.25,403.66,375.1
494,18.1976,2,bored,0.66,bored,0.4667,0.6644,True,0.0595,20.94,28.92,272.16,237.28,407.35,372.51
495,18.2322,2,bored,0.66,bored,0.5,0.6641,True,0.0595,20.6,34.27,272.16,237.28,407.35,372.51
496,18.2614,3,frustrated,0.8962,bored,0.5,0.6641,True,0.0652,20.81,35.68,277.56,232.78,416.71,376.78
497,18.2894,0,engaged,0.727,bored,0.5,0.6641,True,0.0628,18.27,20.33,281.9,228.87,420.03,368.43
498,18.3386,0,engaged,0.727,bored,0.5,0.6641,True,0.0628,19.56,35.04,281.9,228.87,420.03,368.43
499,18.3671,0,engaged,0.831,bored,0.5,0.6641,True,0.0626,18.99,35.39,285.5,227.19,424.39,365.57
500,18.3954,0,engaged,0.831,bored,0.5,0.6641,True,0.0626,18.95,36.38,285.5,227.19,424.39,365.57
501,18.4229,0,engaged,0.9088,bored,0.5,0.6641,True,0.062,18.5,37.31,287.99,224.06,426.09,361.93
502,18.4497,0,engaged,0.9017,bored,0.5,0.6641,True,0.0623,21.19,27.09,286.71,222.45,424.7,361.06
503,18.4866,0,engaged,0.7911,bored,0.5,0.6641,True,0.0613,19.59,20.63,286.04,223.29,424.19,359.55
504,18.5351,0,engaged,0.7911,bored,0.5,0.6641,True,0.0613,21.35,36.2,286.04,223.29,424.19,359.55
505,18.5627,0,engaged,0.4631,bored,0.5,0.6641,True,0.0652,25.51,28.97,281.04,220.83,423.28,361.65
506,18.5972,0,engaged,0.8447,bored,0.5,0.6641,True,0.0646,20.34,29.95,276.38,220.98,419.74,359.32
507,18.6306,0,engaged,0.8447,bored,0.4667,0.67,True,0.0646,21.41,33.37,276.38,220.98,419.74,359.32
508,18.6606,0,engaged,0.8729,bored,0.4667,0.67,True,0.0635,19.46,35.68,270.35,220.77,412.15,358.29
509,18.6886,0,engaged,0.9017,bored,0.4667,0.67,True,0.0643,19.93,27.45,263.8,219.87,408.0,356.85
510,18.725,0,engaged,0.9017,bored,0.4667,0.67,True,0.0643,22.61,32.66,263.8,219.87,408.0,356.85
511,18.7556,0,engaged,0.8932,engaged,0.5,0.8154,True,0.0624,20.28,29.26,260.82,219.24,400.57,356.35
512,18.7898,0,engaged,0.8983,engaged,0.5333,0.8206,True,0.0599,19.12,21.96,257.44,221.52,395.01,355.18
513,18.8354,0,engaged,0.8983,engaged,0.5667,0.8252,True,0.0599,20.23,35.29,257.44,221.52,395.01,355.18
514,18.8637,0,engaged,0.8942,engaged,0.6,0.829,True,0.0584,18.07,38.41,254.43,222.38,390.3,354.47
515,18.8897,0,engaged,0.8983,engaged,0.6333,0.8326,True,0.0583,19.91,22.59,251.55,222.14,387.31,354.12
516,18.934,0,engaged,0.8983,engaged,0.6667,0.8359,True,0.0583,18.57,37.17,251.55,222.14,387.31,354.12
517,18.9609,0,engaged,0.9079,engaged,0.7,0.8393,True,0.0589,20.55,35.94,249.32,217.28,384.33,351.34
518,18.9887,0,engaged,0.9102,engaged,0.7333,0.8426,True,0.0591,17.82,24.85,246.91,214.3,381.22,349.39
519,19.029,0,engaged,0.9102,engaged,0.7667,0.8455,True,0.0591,19.51,35.78,246.91,214.3,381.22,349.39
520,19.0569,0,engaged,0.8228,engaged,0.8,0.8446,True,0.0577,17.82,35.94,245.82,211.44,378.19,345.24
521,19.0847,0,engaged,0.9146,engaged,0.8333,0.8474,True,0.0559,18.84,25.26,246.09,209.54,376.99,340.73
522,19.1243,0,engaged,0.9146,engaged,0.8667,0.8499,True,0.0559,19.14,36.3,246.09,209.54,376.99,340.73
523,19.1519,0,engaged,0.9215,engaged,0.9,0.8526,True,0.0527,19.37,38.91,246.67,210.59,373.8,338.0
524,19.1776,0,engaged,0.9198,engaged,0.9333,0.855,True,0.0531,20.15,16.42,245.84,209.5,375.44,335.38
525,19.2385,0,engaged,0.9198,engaged,0.9667,0.8572,True,0.0531,19.51,36.34,245.84,209.5,375.44,335.38
526,19.266,0,engaged,0.9255,engaged,1.0,0.8595,True,0.0514,18.9,37.17,245.43,209.64,373.34,333.03
527,19.2929,0,engaged,0.9033,engaged,1.0,0.8654,True,0.0509,21.04,24.29,245.73,207.32,372.81,330.38
528,19.3341,0,engaged,0.9033,engaged,1.0,0.8713,True,0.0509,20.11,35.87,245.73,207.32,372.81,330.38
529,19.3619,0,engaged,0.8998,engaged,1.0,0.8736,True,0.0501,19.66,36.24,245.89,207.42,372.72,328.75
530,19.3895,0,engaged,0.849,engaged,1.0,0.8742,True,0.0484,19.28,25.1,246.69,208.68,372.46,326.84
531,19.4294,0,engaged,0.849,engaged,1.0,0.8722,True,0.0484,20.12,35.68,246.69,208.68,372.46,326.84
532,19.4574,0,engaged,0.841,engaged,1.0,0.8701,True,0.0476,20.05,35.65,248.24,206.81,371.93,325.05
533,19.4855,0,engaged,0.8986,engaged,1.0,0.8737,True,0.0464,19.57,24.63,249.53,206.31,370.88,323.84
534,19.5261,0,engaged,0.8986,engaged,1.0,0.8773,True,0.0464,21.13,33.11,249.53,206.31,370.88,323.84
535,19.5563,0,engaged,0.7667,engaged,1.0,0.8874,True,0.047,21.26,33.42,250.03,204.34,370.73,324.02
536,19.5862,0,engaged,0.844,engaged,1.0,0.8874,True,0.0465,20.68,27.62,250.31,203.87,370.41,322.72
537,19.6224,0,engaged,0.844,engaged,1.0,0.8874,True,0.0465,19.88,36.92,250.31,203.87,370.41,322.72
538,19.6495,0,engaged,0.8599,engaged,1.0,0.8869,True,0.0452,18.56,28.91,252.64,203.76,370.11,321.98
539,19.684,0,engaged,0.8526,engaged,1.0,0.8853,True,0.0443,19.06,20.84,253.36,204.3,369.65,321.21
540,19.732,0,engaged,0.8526,engaged,1.0,0.8837,True,0.0443,19.93,35.76,253.36,204.3,369.65,321.21
541,19.76,0,engaged,0.8059,engaged,1.0,0.8808,True,0.0443,19.45,35.76,253.52,204.18,370.02,320.94
542,19.788,0,engaged,0.6939,engaged,1.0,0.8739,True,0.0438,17.95,24.92,253.98,204.66,370.31,320.43
543,19.8281,0,engaged,0.6939,engaged,1.0,0.8671,True,0.0438,19.03,36.55,253.98,204.66,370.31,320.43
544,19.856,2,bored,0.7141,engaged,0.9667,0.8662,True,0.0424,18.98,36.37,256.42,205.84,369.72,320.92
545,19.883,2,bored,0.8368,engaged,0.9333,0.8651,True,0.0437,18.34,24.62,255.66,204.35,371.21,320.6
546,19.9236,2,bored,0.8368,engaged,0.9,0.8638,True,0.0437,19.53,36.84,255.66,204.35,371.21,320.6
547,19.9507,2,bored,0.8999,engaged,0.8667,0.8621,True,0.0438,18.64,37.5,256.28,203.83,371.6,320.54
548,19.9774,2,bored,0.9057,engaged,0.8333,0.8602,True,0.0433,18.98,22.58,257.39,203.81,371.54,320.41
549,20.0217,2,bored,0.9057,engaged,0.8,0.8581,True,0.0433,18.76,37.89,257.39,203.81,371.54,320.41
550,20.0481,2,bored,0.9009,engaged,0.7667,0.8597,True,0.0431,19.75,36.68,258.13,204.06,371.72,320.72
551,20.0753,2,bored,0.9048,engaged,0.7333,0.8572,True,0.0421,18.99,23.3,260.28,205.24,372.41,320.46
552,20.1182,2,bored,0.7235,engaged,0.7,0.8544,True,0.0408,19.72,15.75,261.29,208.39,373.3,320.16
553,20.1817,2,bored,0.7235,engaged,0.6667,0.8511,True,0.0408,22.0,33.56,261.29,208.39,373.3,320.16
554,20.2125,2,bored,0.5867,engaged,0.6333,0.8475,True,0.0439,19.59,33.91,260.99,205.86,377.42,321.61
555,20.241,2,bored,0.5867,engaged,0.6,0.8434,True,0.0439,19.43,36.07,260.99,205.86,377.42,321.61
556,20.2698,0,engaged,0.603,engaged,0.6,0.8255,True,0.0434,18.09,37.57,262.3,206.26,377.58,321.83
557,20.2964,0,engaged,0.4114,engaged,0.6,0.7982,True,0.0436,19.05,34.67,264.28,206.45,380.06,322.24
558,20.3242,0,engaged,0.4114,engaged,0.6,0.7709,True,0.0436,19.27,35.19,264.28,206.45,380.06,322.24
559,20.3526,0,engaged,0.6069,engaged,0.6,0.7546,True,0.0442,20.03,34.41,263.53,208.63,381.36,323.87
560,20.3817,0,engaged,0.4442,engaged,0.6,0.7321,True,0.0451,18.25,25.87,263.49,208.45,382.46,325.03
561,20.4204,0,engaged,0.4442,engaged,0.6,0.7096,True,0.0451,18.66,35.66,263.49,208.45,382.46,325.03
562,20.4484,0,engaged,0.6673,engaged,0.6,0.7,True,0.0453,21.24,33.72,263.26,210.31,382.62,326.96
563,20.4781,2,bored,0.3498,engaged,0.5667,0.6883,True,0.0461,19.45,25.41,262.3,212.6,382.56,330.37
564,20.5174,2,bored,0.8128,engaged,0.5333,0.6751,True,0.0481,18.15,21.29,260.19,209.51,381.92,330.98
565,20.5644,2,bored,0.8128,engaged,0.5,0.669,True,0.0481,19.67,36.09,260.19,209.51,381.92,330.98
566,20.5921,2,bored,0.7979,bored,0.5333,0.7686,True,0.0465,18.75,27.71,257.45,213.91,377.89,332.59
567,20.6282,2,bored,0.7087,bored,0.5667,0.7651,True,0.0474,19.59,20.02,256.44,213.47,376.93,334.22
568,20.6781,2,bored,0.7087,bored,0.6,0.762,True,0.0474,21.46,32.23,256.44,213.47,376.93,334.22
569,20.7092,3,frustrated,0.4961,bored,0.6,0.762,True,0.0475,22.23,33.28,257.39,215.55,377.51,337.03
570,20.7392,3,frustrated,0.4961,bored,0.6,0.762,True,0.0475,20.4,36.05,257.39,215.55,377.51,337.03
571,20.7675,0,engaged,0.8582,bored,0.6,0.762,True,0.0473,21.36,32.36,255.84,215.96,376.33,336.46
572,20.7978,0,engaged,0.9093,bored,0.6,0.762,True,0.0477,18.99,36.41,255.72,215.88,376.55,337.11
573,20.8253,0,engaged,0.9093,bored,0.6,0.762,True,0.0477,22.56,32.6,255.72,215.88,376.55,337.11
574,20.856,0,engaged,0.9124,bored,0.5667,0.7648,True,0.048,19.35,35.9,255.72,215.88,376.41,338.03
575,20.8838,0,engaged,0.9206,bored,0.5333,0.7603,True,0.0487,19.71,28.2,255.5,216.07,377.3,338.86
576,20.9193,0,engaged,0.9141,bored,0.5,0.7552,True,0.049,20.09,22.67,255.55,215.96,377.99,338.79
577,20.9634,0,engaged,0.9141,bored,0.4667,0.7449,True,0.049,20.65,36.91,255.55,215.96,377.99,338.79
578,20.9905,0,engaged,0.9136,engaged,0.5,0.7227,True,0.0489,21.48,34.12,255.63,216.66,377.92,339.52
579,21.0198,0,engaged,0.8897,engaged,0.5333,0.7331,True,0.0498,20.21,16.92,256.01,216.67,379.29,340.85
580,21.0789,0,engaged,0.8897,engaged,0.5667,0.7423,True,0.0498,20.39,34.87,256.01,216.67,379.29,340.85
581,21.1076,0,engaged,0.8867,engaged,0.6,0.7503,True,0.05,23.22,31.37,256.99,217.06,381.43,340.5
582,21.1395,0,engaged,0.8867,engaged,0.6333,0.7575,True,0.05,21.16,32.6,256.99,217.06,381.43,340.5
583,21.1701,0,engaged,0.8927,engaged,0.6667,0.7643,True,0.0499,22.03,33.25,257.85,217.14,382.26,340.4
584,21.2002,0,engaged,0.8773,engaged,0.7,0.7697,True,0.0501,23.37,31.67,257.87,217.3,382.54,340.64
585,21.2318,0,engaged,0.8773,engaged,0.7333,0.7746,True,0.0501,22.09,33.38,257.87,217.3,382.54,340.64
586,21.2617,0,engaged,0.8752,engaged,0.7333,0.7869,True,0.0504,23.85,31.74,257.79,217.56,383.13,341.04
587,21.2932,0,engaged,0.8924,engaged,0.7333,0.8088,True,0.0494,21.78,34.49,260.74,217.65,383.92,340.93
588,21.3222,0,engaged,0.8844,engaged,0.7333,0.8303,True,0.05,21.4,22.49,261.34,217.72,385.68,341.28
589,21.3667,0,engaged,0.8844,engaged,0.7333,0.8429,True,0.05,21.3,35.29,261.34,217.72,385.68,341.28
590,21.395,0,engaged,0.8908,engaged,0.7333,0.8632,True,0.0501,21.83,35.27,261.75,217.72,386.29,341.42
591,21.4234,0,engaged,0.8916,engaged,0.7333,0.8835,True,0.0503,21.57,25.38,261.61,218.34,386.66,341.99
592,21.4628,0,engaged,0.8916,engaged,0.7333,0.8937,True,0.0503,22.65,32.0,261.61,218.34,386.66,341.99
593,21.494,0,engaged,0.8915,engaged,0.7667,0.8936,True,0.0501,21.07,29.9,261.3,218.2,385.03,342.46
594,21.5275,0,engaged,0.8778,engaged,0.8,0.893,True,0.0499,23.94,20.97,260.06,218.14,383.46,342.27
595,21.5752,0,engaged,0.8778,engaged,0.8333,0.8924,True,0.0499,26.74,28.79,260.06,218.14,383.46,342.27
596,21.6099,0,engaged,0.8846,engaged,0.8667,0.8921,True,0.0503,25.32,31.2,258.52,218.17,382.98,342.28
597,21.6419,0,engaged,0.8846,engaged,0.9,0.8918,True,0.0503,22.38,33.73,258.52,218.17,382.98,342.28
598,21.6716,0,engaged,0.8859,engaged,0.9333,0.8916,True,0.0498,19.88,38.58,258.66,218.23,382.03,342.33
599,21.6975,0,engaged,0.875,engaged,0.9667,0.891,True,0.05,19.92,33.17,257.9,217.72,381.46,342.02
600,21.7277,0,engaged,0.8985,engaged,1.0,0.8913,True,0.0493,22.89,24.16,256.91,217.9,379.1,341.94
601,21.7701,0,engaged,0.8985,engaged,1.0,0.8926,True,0.0493,22.7,33.6,256.91,217.9,379.1,341.94
602,21.7988,0,engaged,0.9027,engaged,1.0,0.8924,True,0.0492,21.01,34.82,255.27,219.4,378.33,342.18
603,21.8275,0,engaged,0.9078,engaged,1.0,0.8923,True,0.0508,19.41,29.73,253.15,219.34,377.78,344.45
604,21.8612,0,engaged,0.9078,engaged,1.0,0.8922,True,0.0508,22.19,35.02,253.15,219.34,377.78,344.45
605,21.8897,0,engaged,0.9093,engaged,1.0,0.8918,True,0.0523,20.08,35.65,250.16,218.32,376.41,345.59
606,21.9178,0,engaged,0.907,engaged,1.0,0.8916,True,0.0513,19.76,18.21,248.73,221.99,374.81,346.94
607,21.9727,0,engaged,0.907,engaged,1.0,0.8913,True,0.0513,20.64,36.06,248.73,221.99,374.81,346.94
608,22.0004,0,engaged,0.9115,engaged,1.0,0.8913,True,0.051,20.14,36.49,248.59,222.26,373.29,347.83
609,22.0278,0,engaged,0.9115,engaged,1.0,0.892,True,0.051,20.54,36.56,248.59,222.26,373.29,347.83
610,22.0552,0,engaged,0.9105,engaged,1.0,0.8927,True,0.0514,23.45,33.19,247.64,222.18,372.44,348.63
611,22.0853,0,engaged,0.912,engaged,1.0,0.8935,True,0.052,19.96,30.12,245.71,224.05,372.85,349.75
612,22.1185,0,engaged,0.9124,engaged,1.0,0.8944,True,0.0526,19.18,21.28,244.51,224.63,372.87,350.6
613,22.1655,0,engaged,0.9124,engaged,1.0,0.895,True,0.0526,19.4,35.61,244.51,224.63,372.87,350.6
614,22.1936,0,engaged,0.9106,engaged,1.0,0.8961,True,0.0533,23.27,32.78,243.7,225.18,373.39,351.33
615,22.2241,0,engaged,0.9088,engaged,1.0,0.8972,True,0.0532,20.28,26.94,243.56,224.97,372.82,351.38
616,22.2612,0,engaged,0.9088,engaged,1.0,0.8983,True,0.0532,23.96,32.6,243.56,224.97,372.82,351.38
617,22.2919,0,engaged,0.9109,engaged,1.0,0.8989,True,0.052,20.67,33.28,243.63,226.24,371.42,351.35
618,22.3219,0,engaged,0.9139,engaged,1.0,0.8999,True,0.052,20.83,26.24,243.62,226.32,371.76,350.98
619,22.3611,0,engaged,0.9139,engaged,1.0,0.9009,True,0.052,20.1,35.23,243.62,226.32,371.76,350.98
620,22.3884,0,engaged,0.919,engaged,1.0,0.9018,True,0.0526,20.78,29.28,244.05,224.38,372.3,350.37
621,22.4226,0,engaged,0.9251,engaged,1.0,0.9029,True,0.0509,19.16,22.2,246.08,223.53,371.42,348.36
622,22.4676,0,engaged,0.9251,engaged,1.0,0.9041,True,0.0509,19.04,38.47,246.08,223.53,371.42,348.36
623,22.4936,0,engaged,0.9155,engaged,1.0,0.9049,True,0.0506,18.04,40.5,247.09,222.2,371.71,346.81
624,22.5183,0,engaged,0.9095,engaged,1.0,0.9059,True,0.05,18.89,21.34,248.47,220.68,371.67,345.46
625,22.5663,0,engaged,0.9095,engaged,1.0,0.907,True,0.05,19.82,35.48,248.47,220.68,371.67,345.46
626,22.5934,0,engaged,0.9081,engaged,1.0,0.9078,True,0.05,22.59,33.02,248.63,220.91,371.86,345.59
627,22.6236,0,engaged,0.9107,engaged,1.0,0.9086,True,0.0505,18.42,26.74,248.47,221.24,372.37,346.37
628,22.661,0,engaged,0.9107,engaged,1.0,0.9095,True,0.0505,21.43,36.19,248.47,221.24,372.37,346.37
629,22.6887,0,engaged,0.9211,engaged,1.0,0.911,True,0.0506,21.53,34.41,249.26,223.52,374.52,347.62
630,22.7177,0,engaged,0.9131,engaged,1.0,0.9115,True,0.0507,19.96,25.17,249.88,224.35,376.07,347.77
631,22.7575,0,engaged,0.9131,engaged,1.0,0.912,True,0.0507,19.87,38.63,249.88,224.35,376.07,347.77
632,22.7834,0,engaged,0.9224,engaged,1.0,0.9126,True,0.0509,18.45,38.8,250.21,225.31,376.77,348.94
633,22.8091,0,engaged,0.9149,engaged,1.0,0.9129,True,0.0502,17.92,17.14,251.02,225.74,377.22,348.04
634,22.8675,0,engaged,0.9149,engaged,1.0,0.9131,True,0.0502,20.41,34.45,251.02,225.74,377.22,348.04
635,22.8965,0,engaged,0.9128,engaged,1.0,0.9132,True,0.05,18.2,37.43,251.55,226.08,377.29,348.32
636,22.9232,0,engaged,0.9174,engaged,1.0,0.9136,True,0.0506,18.76,24.58,252.52,225.35,378.49,348.67
637,22.9639,0,engaged,0.9174,engaged,1.0,0.9139,True,0.0506,18.62,36.52,252.52,225.35,378.49,348.67
638,22.9913,0,engaged,0.9177,engaged,1.0,0.9141,True,0.0508,20.3,37.04,252.95,226.07,379.22,349.76
639,23.0183,0,engaged,0.9217,engaged,1.0,0.9145,True,0.0507,18.8,23.32,253.77,227.01,379.96,350.39
640,23.0612,0,engaged,0.9217,engaged,1.0,0.9148,True,0.0507,20.71,35.39,253.77,227.01,379.96,350.39
641,23.0894,0,engaged,0.8276,engaged,1.0,0.912,True,0.0508,20.84,34.55,253.99,227.07,380.81,350.23
642,23.1184,0,engaged,0.8102,engaged,1.0,0.9086,True,0.0508,20.27,25.42,254.14,227.58,381.15,350.56
643,23.1577,0,engaged,0.8102,engaged,1.0,0.9052,True,0.0508,25.52,31.73,254.14,227.58,381.15,350.56
644,23.1892,0,engaged,0.6251,engaged,1.0,0.8957,True,0.0508,21.9,34.0,253.91,227.45,380.83,350.33
645,23.2186,0,engaged,0.898,engaged,1.0,0.8953,True,0.0505,21.13,27.43,253.68,227.45,380.31,349.85
646,23.2551,0,engaged,0.898,engaged,1.0,0.895,True,0.0505,23.31,31.64,253.68,227.45,380.31,349.85
647,23.2867,0,engaged,0.9129,engaged,1.0,0.895,True,0.0503,20.79,34.02,253.28,226.8,379.0,349.81
648,23.3161,0,engaged,0.921,engaged,1.0,0.8953,True,0.0503,20.05,20.28,252.93,225.35,378.06,348.73
649,23.3664,0,engaged,0.9016,engaged,1.0,0.8949,True,0.0507,19.59,20.77,252.93,222.66,377.59,347.61
650,23.4136,0,engaged,0.9016,engaged,1.0,0.8943,True,0.0507,20.94,34.43,252.93,222.66,377.59,347.61
651,23.4426,0,engaged,0.9138,engaged,1.0,0.8939,True,0.0493,18.05,35.68,252.39,225.52,376.57,347.6
652,23.4706,0,engaged,0.9138,engaged,1.0,0.8935,True,0.0493,26.05,28.87,252.39,225.52,376.57,347.6
653,23.5053,0,engaged,0.9183,engaged,1.0,0.8936,True,0.0487,20.3,34.64,253.03,225.73,376.09,347.27
654,23.5341,0,engaged,0.9175,engaged,1.0,0.8939,True,0.0488,20.99,35.53,253.19,226.48,376.95,347.73
655,23.5623,0,engaged,0.9175,engaged,1.0,0.8942,True,0.0488,22.04,32.82,253.19,226.48,376.95,347.73
656,23.5927,0,engaged,0.9241,engaged,1.0,0.8947,True,0.0494,23.75,32.34,253.6,226.18,377.77,348.31
657,23.6237,0,engaged,0.9247,engaged,1.0,0.8952,True,0.0499,21.43,30.65,254.06,226.81,380.02,348.45
658,23.6563,0,engaged,0.9247,engaged,1.0,0.8956,True,0.0499,20.12,36.72,254.06,226.81,380.02,348.45
659,23.6835,0,engaged,0.9172,engaged,1.0,0.8955,True,0.0503,19.86,33.51,254.16,227.46,381.08,349.24
660,23.7134,0,engaged,0.9106,engaged,1.0,0.8954,True,0.0515,20.39,26.8,254.49,226.86,383.11,349.89
661,23.7517,0,engaged,0.9154,engaged,1.0,0.8955,True,0.0519,19.32,15.95,255.38,226.21,383.64,350.59
662,23.8134,0,engaged,0.9154,engaged,1.0,0.8953,True,0.0519,19.81,35.37,255.38,226.21,383.64,350.59
663,23.8417,0,engaged,0.9087,engaged,1.0,0.895,True,0.0525,19.81,37.51,255.34,226.21,384.65,350.91
664,23.8683,0,engaged,0.9087,engaged,1.0,0.8948,True,0.0525,19.2,36.9,255.34,226.21,384.65,350.91
665,23.8954,0,engaged,0.9046,engaged,1.0,0.8946,True,0.0525,19.85,36.36,255.9,226.45,385.25,351.21
666,23.9229,0,engaged,0.9046,engaged,1.0,0.8941,True,0.0528,21.37,28.24,255.94,225.75,385.11,351.24
667,23.9583,0,engaged,0.9046,engaged,1.0,0.8937,True,0.0528,19.04,36.84,255.94,225.75,385.11,351.24
668,23.9855,0,engaged,0.907,engaged,1.0,0.8934,True,0.0523,18.77,35.99,255.83,226.21,384.75,350.93
669,24.0133,0,engaged,0.9142,engaged,1.0,0.8931,True,0.0524,20.3,23.98,255.28,226.09,384.15,350.92
670,24.055,0,engaged,0.9142,engaged,1.0,0.8929,True,0.0524,20.06,34.66,255.28,226.09,384.15,350.92
671,24.0838,0,engaged,0.9066,engaged,1.0,0.8955,True,0.0523,19.48,35.99,254.94,226.02,384.0,350.59
672,24.1116,0,engaged,0.9176,engaged,1.0,0.8991,True,0.0506,18.03,27.62,255.81,225.81,382.11,348.92
673,24.1478,0,engaged,0.9125,engaged,1.0,0.9025,True,0.0492,17.53,20.37,255.56,224.67,379.74,346.36
674,24.1969,0,engaged,0.9125,engaged,1.0,0.9121,True,0.0492,19.85,35.25,255.56,224.67,379.74,346.36
675,24.2253,0,engaged,0.9175,engaged,1.0,0.9127,True,0.048,19.86,26.91,255.64,223.01,377.76,343.73
676,24.2624,0,engaged,0.9124,engaged,1.0,0.9132,True,0.0493,19.64,20.95,255.7,220.47,377.79,344.45
677,24.3102,0,engaged,0.9124,engaged,1.0,0.9132,True,0.0493,20.92,34.74,255.7,220.47,377.79,344.45
678,24.3389,0,engaged,0.9095,engaged,1.0,0.9128,True,0.0482,18.7,37.02,255.02,222.72,376.37,344.82
679,24.366,0,engaged,0.9095,engaged,1.0,0.913,True,0.0482,18.67,36.02,255.02,222.72,376.37,344.82
680,24.3937,0,engaged,0.9105,engaged,1.0,0.9133,True,0.0485,21.09,32.58,254.34,222.49,375.83,345.01
681,24.4244,0,engaged,0.9108,engaged,1.0,0.9132,True,0.0465,22.45,31.32,253.57,225.64,374.67,343.7
682,24.4563,0,engaged,0.9108,engaged,1.0,0.9131,True,0.0465,22.07,33.25,253.57,225.64,374.67,343.7
683,24.4864,0,engaged,0.9137,engaged,1.0,0.913,True,0.0479,21.13,33.22,252.5,224.5,374.67,344.92
684,24.5165,0,engaged,0.9151,engaged,1.0,0.9129,True,0.0478,20.78,28.28,252.01,224.73,374.03,345.18
685,24.5519,0,engaged,0.9161,engaged,1.0,0.9129,True,0.0486,21.21,20.17,251.1,224.67,374.09,346.08
686,24.6015,0,engaged,0.9161,engaged,1.0,0.9126,True,0.0486,20.64,35.52,251.1,224.67,374.09,346.08
687,24.6296,0,engaged,0.9246,engaged,1.0,0.9126,True,0.0483,20.33,34.68,249.88,225.96,373.56,345.96
688,24.6585,0,engaged,0.9241,engaged,1.0,0.9126,True,0.048,22.08,18.96,250.04,227.07,373.44,346.69
689,24.7112,0,engaged,0.9241,engaged,1.0,0.9128,True,0.048,22.93,34.19,250.04,227.07,373.44,346.69
690,24.7404,0,engaged,0.9136,engaged,1.0,0.9129,True,0.0486,21.92,31.29,249.72,226.72,373.59,347.35
691,24.7724,0,engaged,0.9136,engaged,1.0,0.9128,True,0.0486,22.35,33.57,249.72,226.72,373.59,347.35
692,24.8022,0,engaged,0.9122,engaged,1.0,0.9127,True,0.049,20.22,34.99,249.76,226.49,373.55,348.19
693,24.8308,0,engaged,0.9113,engaged,1.0,0.9128,True,0.0492,18.58,36.46,249.58,226.38,373.56,348.23
694,24.8582,0,engaged,0.9113,engaged,1.0,0.9129,True,0.0492,20.83,33.49,249.58,226.38,373.56,348.23
695,24.8881,0,engaged,0.9126,engaged,1.0,0.9132,True,0.0495,19.96,35.33,249.21,225.89,373.64,348.21
696,24.9164,0,engaged,0.9141,engaged,1.0,0.9135,True,0.0494,18.53,30.74,249.07,225.85,373.36,347.9
697,24.9489,0,engaged,0.9008,engaged,1.0,0.9134,True,0.0496,19.47,20.55,248.61,224.98,372.92,347.49
698,24.9976,0,engaged,0.9008,engaged,1.0,0.9132,True,0.0496,20.17,36.21,248.61,224.98,372.92,347.49
699,25.0252,0,engaged,0.9269,engaged,1.0,0.9136,True,0.0486,22.66,33.12,249.44,224.32,372.93,345.34
700,25.0554,0,engaged,0.9218,engaged,1.0,0.9138,True,0.0488,22.03,25.04,249.3,222.64,372.9,344.01
701,25.0953,0,engaged,0.9218,engaged,1.0,0.9143,True,0.0488,18.77,35.51,249.3,222.64,372.9,344.01
702,25.1235,0,engaged,0.9203,engaged,1.0,0.9144,True,0.0482,19.95,30.31,250.11,223.17,372.61,343.94
703,25.1565,0,engaged,0.92,engaged,1.0,0.9147,True,0.0485,20.32,20.29,250.47,223.38,373.06,344.89
704,25.2057,0,engaged,0.92,engaged,1.0,0.9149,True,0.0485,20.94,32.82,250.47,223.38,373.06,344.89
705,25.2362,0,engaged,0.9292,engaged,1.0,0.9153,True,0.0484,19.37,36.53,250.29,224.97,373.46,345.57
706,25.2636,0,engaged,0.9292,engaged,1.0,0.9159,True,0.0484,19.79,37.16,250.29,224.97,373.46,345.57
707,25.2905,0,engaged,0.9332,engaged,1.0,0.9166,True,0.0487,20.01,34.99,250.57,225.71,373.85,347.14
708,25.3191,0,engaged,0.9309,engaged,1.0,0.9173,True,0.0499,20.64,30.9,250.73,225.25,375.09,348.49
709,25.3514,0,engaged,0.9301,engaged,1.0,0.918,True,0.051,18.73,21.54,251.46,225.67,376.88,350.49
710,25.3979,0,engaged,0.9301,engaged,1.0,0.9186,True,0.051,19.87,35.36,251.46,225.67,376.88,350.49
711,25.4261,0,engaged,0.9275,engaged,1.0,0.9192,True,0.0507,18.76,37.1,252.01,226.56,377.18,350.99
712,25.4531,0,engaged,0.9249,engaged,1.0,0.9197,True,0.0509,18.92,23.82,251.98,227.62,378.22,351.53
713,25.4951,0,engaged,0.9249,engaged,1.0,0.92,True,0.0509,21.05,36.25,251.98,227.62,378.22,351.53
714,25.5227,0,engaged,0.9252,engaged,1.0,0.9204,True,0.0508,21.61,33.2,252.2,228.35,378.38,352.05
715,25.5528,0,engaged,0.9248,engaged,1.0,0.9207,True,0.0514,19.94,19.13,251.93,227.6,378.72,352.17
716,25.6051,0,engaged,0.9248,engaged,1.0,0.9209,True,0.0514,19.81,36.55,251.93,227.6,378.72,352.17
717,25.6324,0,engaged,0.9252,engaged,1.0,0.921,True,0.0516,18.78,35.81,252.17,226.77,378.9,351.92
718,25.6603,0,engaged,0.9252,engaged,1.0,0.921,True,0.0516,18.79,37.3,252.17,226.77,378.9,351.92
719,25.6872,0,engaged,0.9207,engaged,1.0,0.9209,True,0.0512,30.68,25.82,252.57,226.76,378.85,351.31
720,25.7259,0,engaged,0.9213,engaged,1.0,0.9211,True,0.0507,27.31,28.03,252.64,227.09,378.25,351.1
721,25.7616,0,engaged,0.9217,engaged,1.0,0.9214,True,0.0514,32.56,20.67,251.51,226.39,378.04,351.28
722,25.81,0,engaged,0.9217,engaged,1.0,0.9217,True,0.0514,21.35,35.63,251.51,226.39,378.04,351.28
723,25.838,0,engaged,0.9222,engaged,1.0,0.9221,True,0.0501,26.9,28.31,251.25,227.57,375.64,351.2
724,25.8733,0,engaged,0.9235,engaged,1.0,0.9225,True,0.0505,20.92,35.19,250.49,226.55,375.12,351.14
725,25.9018,0,engaged,0.9235,engaged,1.0,0.9229,True,0.0505,19.43,38.12,250.49,226.55,375.12,351.14
726,25.928,0,engaged,0.9362,engaged,1.0,0.9236,True,0.0506,19.96,37.04,249.46,225.14,374.64,349.27
727,25.955,0,engaged,0.9288,engaged,1.0,0.9245,True,0.0492,20.31,27.57,249.8,223.84,373.35,346.29
728,25.9913,0,engaged,0.9288,engaged,1.0,0.9255,True,0.0492,18.63,36.98,249.8,223.84,373.35,346.29
729,26.0183,0,engaged,0.9239,engaged,1.0,0.9254,True,0.0486,19.21,29.02,249.88,223.92,372.65,345.45
730,26.0528,0,engaged,0.9259,engaged,1.0,0.9255,True,0.0487,19.1,21.03,249.42,224.89,372.7,346.25
731,26.1003,0,engaged,0.9259,engaged,1.0,0.9256,True,0.0487,19.4,34.72,249.42,224.89,372.7,346.25
732,26.1291,0,engaged,0.9195,engaged,1.0,0.9256,True,0.0498,20.46,34.38,248.64,224.9,373.2,347.62
733,26.1582,0,engaged,0.9353,engaged,1.0,0.9261,True,0.0496,19.98,24.52,249.09,226.15,373.41,348.84
734,26.199,0,engaged,0.9353,engaged,1.0,0.9266,True,0.0496,19.17,38.33,249.09,226.15,373.41,348.84
735,26.2251,0,engaged,0.9279,engaged,1.0,0.9266,True,0.0504,19.65,35.77,249.04,226.4,374.64,349.61
736,26.2531,0,engaged,0.9253,engaged,1.0,0.9265,True,0.0505,19.4,25.3,249.31,227.06,375.19,350.34
737,26.2926,0,engaged,0.9253,engaged,1.0,0.9262,True,0.0505,19.51,37.53,249.31,227.06,375.19,350.34
738,26.3192,0,engaged,0.9318,engaged,1.0,0.9262,True,0.051,20.17,36.12,249.56,225.46,375.94,349.55
739,26.3469,0,engaged,0.9409,engaged,1.0,0.9266,True,0.0508,21.11,22.95,250.47,223.88,375.28,348.97
740,26.3905,0,engaged,0.9409,engaged,1.0,0.927,True,0.0508,20.04,33.96,250.47,223.88,375.28,348.97
741,26.4199,0,engaged,0.9252,engaged,1.0,0.9269,True,0.0503,21.65,33.67,251.45,223.09,376.41,346.72
742,26.4496,0,engaged,0.9218,engaged,1.0,0.9268,True,0.0498,24.06,25.28,252.93,222.19,376.89,345.69
743,26.4892,0,engaged,0.9213,engaged,1.0,0.9267,True,0.0489,20.03,16.28,254.12,223.27,377.21,345.26
744,26.5506,0,engaged,0.9213,engaged,1.0,0.9265,True,0.0489,20.29,35.11,254.12,223.27,377.21,345.26
745,26.5791,0,engaged,0.9183,engaged,1.0,0.9263,True,0.049,22.11,33.15,254.14,224.22,377.77,345.87
746,26.6093,0,engaged,0.9183,engaged,1.0,0.9261,True,0.049,22.57,32.06,254.14,224.22,377.77,345.87
747,26.6404,0,engaged,0.9173,engaged,1.0,0.9258,True,0.0486,21.69,31.5,254.09,227.13,378.04,347.65
748,26.6722,0,engaged,0.9202,engaged,1.0,0.9257,True,0.0491,20.18,33.87,253.91,227.57,378.0,349.19
749,26.7017,0,engaged,0.9202,engaged,1.0,0.9257,True,0.0491,18.75,38.96,253.91,227.57,378.0,349.19
750,26.7274,0,engaged,0.9186,engaged,1.0,0.9256,True,0.0486,18.39,35.85,253.66,227.54,377.5,348.05
751,26.7553,0,engaged,0.9191,engaged,1.0,0.9255,True,0.0487,21.57,28.56,254.11,226.42,377.88,347.3
752,26.7903,0,engaged,0.9191,engaged,1.0,0.9254,True,0.0487,19.85,38.03,254.11,226.42,377.88,347.3
753,26.8166,0,engaged,0.9214,engaged,1.0,0.9254,True,0.0482,18.26,38.82,253.92,224.55,376.84,345.11
754,26.8423,0,engaged,0.9213,engaged,1.0,0.9253,True,0.0491,21.16,21.69,253.39,222.77,376.58,345.23
755,26.8884,0,engaged,0.9223,engaged,1.0,0.9253,True,0.0473,19.53,22.17,253.55,225.6,375.47,344.86
756,26.9335,0,engaged,0.9223,engaged,1.0,0.9248,True,0.0473,21.35,33.16,253.55,225.6,375.47,344.86
757,26.9637,0,engaged,0.9212,engaged,1.0,0.9245,True,0.0473,20.32,29.2,253.58,225.61,375.06,345.3
758,26.998,0,engaged,0.9341,engaged,1.0,0.9247,True,0.0476,20.37,20.39,253.34,226.92,375.57,346.45
759,27.047,0,engaged,0.9341,engaged,1.0,0.9251,True,0.0476,20.14,35.43,253.34,226.92,375.57,346.45
760,27.0752,0,engaged,0.9331,engaged,1.0,0.9253,True,0.0495,18.81,35.58,252.92,226.9,376.7,349.71
761,27.1033,0,engaged,0.9331,engaged,1.0,0.9255,True,0.0495,19.96,37.21,252.92,226.9,376.7,349.71
762,27.1302,0,engaged,0.9239,engaged,1.0,0.9257,True,0.0507,18.04,37.95,253.07,227.06,378.43,351.32
763,27.1566,0,engaged,0.913,engaged,1.0,0.9249,True,0.0502,19.95,30.39,254.27,227.26,378.6,351.18
764,27.1895,0,engaged,0.913,engaged,1.0,0.9242,True,0.0502,20.66,35.49,254.27,227.26,378.6,351.18
765,27.2176,0,engaged,0.9097,engaged,1.0,0.9236,True,0.0504,20.94,32.71,254.21,228.41,380.26,351.16
766,27.2482,0,engaged,0.911,engaged,1.0,0.9231,True,0.05,18.08,27.94,255.08,229.07,380.32,351.7
767,27.284,0,engaged,0.9074,engaged,1.0,0.9225,True,0.0506,22.27,19.16,254.85,228.96,381.01,352.09
768,27.3362,0,engaged,0.9074,engaged,1.0,0.9217,True,0.0506,18.44,36.43,254.85,228.96,381.01,352.09
769,27.3637,0,engaged,0.9082,engaged,1.0,0.9206,True,0.0507,18.24,37.38,254.79,229.54,381.61,352.45
770,27.3904,0,engaged,0.9219,engaged,1.0,0.92,True,0.0502,19.3,18.56,255.24,229.35,380.11,352.88
771,27.4443,0,engaged,0.9219,engaged,1.0,0.9199,True,0.0502,19.22,35.95,255.24,229.35,380.11,352.88
772,27.4721,0,engaged,0.9205,engaged,1.0,0.9198,True,0.0502,18.39,38.6,254.8,229.95,379.85,353.38
773,27.498,0,engaged,0.9205,engaged,1.0,0.9198,True,0.0502,19.09,35.53,254.8,229.95,379.85,353.38
774,27.5262,0,engaged,0.9122,engaged,1.0,0.9195,True,0.0507,19.77,36.37,253.96,229.5,379.65,353.53
775,27.5537,0,engaged,0.926,engaged,1.0,0.9197,True,0.0499,20.25,27.51,254.0,230.25,378.87,353.09
776,27.59,0,engaged,0.926,engaged,1.0,0.92,True,0.0499,19.58,34.21,254.0,230.25,378.87,353.09
777,27.6192,0,engaged,0.9225,engaged,1.0,0.9202,True,0.0505,18.98,38.34,253.73,228.96,378.81,352.94
778,27.6453,0,engaged,0.9113,engaged,1.0,0.9199,True,0.0501,19.09,26.03,253.21,228.73,379.3,350.72
779,27.6837,0,engaged,0.9233,engaged,1.0,0.92,True,0.0503,22.7,18.79,253.04,227.79,378.6,350.89
780,27.737,0,engaged,0.9233,engaged,1.0,0.9201,True,0.0503,20.79,35.62,253.04,227.79,378.6,350.89
781,27.765,0,engaged,0.9182,engaged,1.0,0.9201,True,0.0498,20.61,34.69,253.29,229.11,378.39,351.28
782,27.7939,2,bored,0.3337,engaged,0.9667,0.9201,True,0.0507,19.58,29.11,252.94,229.69,379.04,353.17
783,27.8282,2,bored,0.3337,engaged,0.9333,0.9201,True,0.0507,22.46,31.38,252.94,229.69,379.04,353.17
784,27.8601,2,bored,0.8464,engaged,0.9,0.92,True,0.0506,19.21,31.58,253.14,230.45,378.92,354.13
785,27.8917,2,bored,0.8922,engaged,0.8667,0.92,True,0.0514,20.61,21.02,254.07,230.03,380.57,354.78
786,27.9393,2,bored,0.8922,engaged,0.8333,0.9199,True,0.0514,20.7,36.49,254.07,230.03,380.57,354.78
787,27.9667,2,bored,0.8394,engaged,0.8,0.9198,True,0.0505,19.92,37.03,255.36,230.41,380.37,354.4
788,27.9937,2,bored,0.8394,engaged,0.7667,0.9192,True,0.0505,23.19,32.82,255.36,230.41,380.37,354.4
789,28.0242,2,bored,0.6781,engaged,0.7333,0.9185,True,0.051,21.07,37.02,255.74,230.06,381.64,354.37
790,28.0512,0,engaged,0.6746,engaged,0.7333,0.9068,True,0.0506,18.68,29.57,254.52,228.93,379.41,353.37
791,28.085,2,bored,0.7897,engaged,0.7,0.9055,True,0.0496,20.3,20.32,257.92,229.48,381.92,352.33
792,28.1342,2,bored,0.7897,engaged,0.6667,0.9046,True,0.0496,18.45,36.98,257.92,229.48,381.92,352.33
793,28.1613,2,bored,0.8114,engaged,0.6333,0.9041,True,0.0498,21.84,32.0,258.15,229.41,382.69,352.18
794,28.1925,0,engaged,0.6473,engaged,0.6333,0.8902,True,0.0517,20.41,26.14,255.78,228.31,382.78,353.29
795,28.2308,0,engaged,0.6473,engaged,0.6333,0.8763,True,0.0517,19.41,36.13,255.78,228.31,382.78,353.29
796,28.2585,0,engaged,0.7463,engaged,0.6333,0.8677,True,0.052,21.99,31.74,255.87,228.21,383.47,353.34
797,28.29,0,engaged,0.785,engaged,0.6333,0.8612,True,0.0519,20.95,19.17,255.85,227.38,382.82,352.9
798,28.3421,0,engaged,0.785,engaged,0.6333,0.8548,True,0.0519,21.32,34.97,255.85,227.38,382.82,352.9
799,28.3707,0,engaged,0.8846,engaged,0.6333,0.8535,True,0.0516,20.53,34.83,255.83,227.64,383.12,352.23
800,28.3994,0,engaged,0.8846,engaged,0.6333,0.8516,True,0.0516,19.84,36.55,255.83,227.64,383.12,352.23
801,28.4268,0,engaged,0.9138,engaged,0.6333,0.8512,True,0.0509,21.16,33.7,254.89,228.0,382.52,350.5
802,28.4565,0,engaged,0.9094,engaged,0.6333,0.8506,True,0.0497,18.74,36.35,255.21,226.6,381.1,347.89
803,28.485,0,engaged,0.896,engaged,0.6333,0.8493,True,0.0496,19.05,20.13,255.8,221.69,380.91,343.46
804,28.5337,0,engaged,0.896,engaged,0.6333,0.8484,True,0.0496,21.14,35.93,255.8,221.69,380.91,343.46
805,28.5615,0,engaged,0.9065,engaged,0.6333,0.8474,True,0.0485,22.51,34.99,255.85,221.4,380.15,341.28
806,28.5901,0,engaged,0.906,engaged,0.6333,0.8464,True,0.0486,19.77,26.34,256.62,218.84,379.48,340.45
807,28.628,0,engaged,0.906,engaged,0.6333,0.8455,True,0.0486,21.38,33.9,256.62,218.84,379.48,340.45
808,28.6575,0,engaged,0.8999,engaged,0.6333,0.8449,True,0.0484,19.32,38.9,256.57,218.31,378.73,339.92
809,28.6832,0,engaged,0.8947,engaged,0.6333,0.8434,True,0.0477,20.58,23.93,256.98,220.42,379.48,340.16
810,28.725,0,engaged,0.8947,engaged,0.6333,0.8419,True,0.0477,20.9,36.05,256.98,220.42,379.48,340.16
811,28.7528,0,engaged,0.8929,engaged,0.6333,0.8406,True,0.0475,21.29,26.73,257.37,219.8,378.33,340.53
812,28.7902,0,engaged,0.8848,engaged,0.6667,0.8428,True,0.0477,19.73,21.75,258.0,220.21,379.77,340.46
813,28.8375,0,engaged,0.8848,engaged,0.7,0.8448,True,0.0477,20.79,34.56,258.0,220.21,379.77,340.46
814,28.8651,0,engaged,0.8898,engaged,0.7333,0.8468,True,0.0481,20.43,36.37,258.37,220.1,380.58,341.05
815,28.8926,0,engaged,0.9024,engaged,0.7667,0.8492,True,0.0496,21.66,23.49,258.18,219.63,381.84,342.91
816,28.9352,0,engaged,0.9024,engaged,0.8,0.8514,True,0.0496,20.73,34.44,258.18,219.63,381.84,342.91
817,28.9642,0,engaged,0.9054,engaged,0.8333,0.8536,True,0.0498,23.58,33.77,258.08,220.34,382.11,343.67
818,28.9938,0,engaged,0.8906,engaged,0.8667,0.855,True,0.0488,20.93,26.72,257.77,224.31,381.67,345.2
819,29.0312,0,engaged,0.8906,engaged,0.9,0.8563,True,0.0488,21.04,36.18,257.77,224.31,381.67,345.2
820,29.0589,0,engaged,0.8948,engaged,0.9,0.8645,True,0.0491,20.28,35.1,258.25,225.02,382.83,345.97
821,29.0874,0,engaged,0.9025,engaged,0.9333,0.8659,True,0.0497,18.64,26.45,258.34,225.68,384.08,347.13
822,29.1257,0,engaged,0.9025,engaged,0.9667,0.8671,True,0.0497,19.59,35.35,258.34,225.68,384.08,347.13
823,29.1535,0,engaged,0.9002,engaged,1.0,0.8682,True,0.049,19.03,36.31,257.93,226.29,382.64,346.98
824,29.181,0,engaged,0.9012,engaged,1.0,0.8767,True,0.0492,19.71,17.77,257.73,226.74,382.82,347.63
825,29.2373,0,engaged,0.9012,engaged,1.0,0.8852,True,0.0492,20.31,35.99,257.73,226.74,382.82,347.63
826,29.2651,0,engaged,0.8986,engaged,1.0,0.8902,True,0.0489,18.23,36.68,257.9,226.89,382.48,347.4
827,29.2923,0,engaged,0.8977,engaged,1.0,0.894,True,0.0488,19.03,24.53,257.74,226.9,382.24,347.23
828,29.3331,0,engaged,0.8977,engaged,1.0,0.8977,True,0.0488,20.45,36.71,257.74,226.9,382.24,347.23
829,29.3603,0,engaged,0.9049,engaged,1.0,0.8984,True,0.0489,21.3,34.05,257.05,226.76,381.77,347.17
830,29.3897,0,engaged,0.9077,engaged,1.0,0.8992,True,0.049,19.58,25.24,256.73,226.46,381.65,346.91
831,29.4293,0,engaged,0.9077,engaged,1.0,0.899,True,0.049,22.25,33.71,256.73,226.46,381.65,346.91
832,29.459,0,engaged,0.9037,engaged,1.0,0.8988,True,0.0486,25.34,30.76,257.0,226.14,380.99,346.61
833,29.4915,0,engaged,0.9078,engaged,1.0,0.8992,True,0.0489,23.05,27.24,256.45,226.39,380.9,347.04
834,29.5282,0,engaged,0.9078,engaged,1.0,0.8996,True,0.0489,24.44,31.84,256.45,226.39,380.9,347.04
835,29.5596,0,engaged,0.9104,engaged,1.0,0.8997,True,0.0489,23.47,32.28,256.37,226.86,381.18,347.1
836,29.5906,0,engaged,0.9131,engaged,1.0,0.8999,True,0.0496,24.87,27.83,256.15,227.28,382.09,348.22
837,29.6265,0,engaged,0.9131,engaged,1.0,0.9002,True,0.0496,22.15,32.33,256.15,227.28,382.09,348.22
838,29.6575,0,engaged,0.9125,engaged,1.0,0.9006,True,0.05,18.52,36.09,256.54,227.67,382.92,349.18
839,29.6852,0,engaged,0.9151,engaged,1.0,0.9013,True,0.0507,20.05,20.78,256.69,227.07,383.41,349.96
840,29.7333,0,engaged,0.9163,engaged,1.0,0.902,True,0.0514,19.41,20.72,256.55,226.02,383.86,350.04
841,29.7816,0,engaged,0.9163,engaged,1.0,0.9028,True,0.0514,19.73,37.6,256.55,226.02,383.86,350.04
842,29.8082,0,engaged,0.9173,engaged,1.0,0.9039,True,0.0517,20.5,34.92,256.46,226.68,384.51,350.82
843,29.8368,0,engaged,0.9173,engaged,1.0,0.9049,True,0.0517,20.09,33.94,256.46,226.68,384.51,350.82
844,29.8663,0,engaged,0.9126,engaged,1.0,0.9057,True,0.0521,19.89,36.97,256.23,226.85,384.68,351.47
845,29.8933,0,engaged,0.9091,engaged,1.0,0.9059,True,0.0521,19.05,31.63,256.53,227.11,384.94,351.83
846,29.9249,0,engaged,0.9091,engaged,1.0,0.9062,True,0.0521,20.69,34.84,256.53,227.11,384.94,351.83
847,29.9536,0,engaged,0.9039,engaged,1.0,0.9061,True,0.0522,19.93,34.83,256.59,227.18,384.89,352.16
848,29.9823,0,engaged,0.9076,engaged,1.0,0.9067,True,0.0525,17.04,26.13,256.75,227.04,385.63,352.24
849,30.0206,0,engaged,0.9076,engaged,1.0,0.9072,True,0.0525,18.95,37.37,256.75,227.04,385.63,352.24
850,30.0474,0,engaged,0.9113,engaged,1.0,0.9078,True,0.0525,18.3,38.54,256.64,226.83,385.5,351.99
851,30.0733,0,engaged,0.9144,engaged,1.0,0.9082,True,0.0522,19.07,23.37,256.86,226.71,385.04,351.77
852,30.1161,0,engaged,0.9158,engaged,1.0,0.9086,True,0.0518,18.83,15.54,256.74,226.29,384.36,350.96
853,30.1805,0,engaged,0.9158,engaged,1.0,0.9091,True,0.0518,18.79,38.38,256.74,226.29,384.36,350.96
854,30.2065,0,engaged,0.919,engaged,1.0,0.9097,True,0.0514,20.39,34.92,256.17,226.76,383.7,350.48
855,30.2352,0,engaged,0.919,engaged,1.0,0.9103,True,0.0514,19.99,35.95,256.17,226.76,383.7,350.48
856,30.263,0,engaged,0.9226,engaged,1.0,0.9111,True,0.0513,20.06,35.59,255.65,226.05,383.66,349.23
857,30.2911,0,engaged,0.9152,engaged,1.0,0.9117,True,0.0503,18.81,30.45,256.15,225.83,382.78,347.79
858,30.3239,0,engaged,0.9152,engaged,1.0,0.9123,True,0.0503,20.66,34.23,256.15,225.83,382.78,347.79
859,30.3531,0,engaged,0.9053,engaged,1.0,0.9123,True,0.0503,18.17,38.69,256.36,224.97,382.64,347.35
860,30.379,0,engaged,0.9096,engaged,1.0,0.9124,True,0.0504,20.79,23.13,256.64,225.3,383.38,347.41
861,30.4222,0,engaged,0.9096,engaged,1.0,0.9124,True,0.0504,19.64,35.66,256.64,225.3,383.38,347.41
862,30.4502,0,engaged,0.9145,engaged,1.0,0.9128,True,0.0506,19.95,35.37,256.71,226.64,384.35,348.38
863,30.4785,0,engaged,0.9173,engaged,1.0,0.9131,True,0.0515,17.87,26.52,257.55,226.91,385.88,350.28
864,30.5162,0,engaged,0.9132,engaged,1.0,0.9133,True,0.0517,21.27,19.46,258.58,226.6,386.93,350.44
865,30.5676,0,engaged,0.9132,engaged,1.0,0.9134,True,0.0517,18.73,36.57,258.58,226.6,386.93,350.44
866,30.595,0,engaged,0.9126,engaged,1.0,0.9134,True,0.0516,19.03,28.79,258.65,227.24,387.02,350.77
867,30.6297,0,engaged,0.9178,engaged,1.0,0.9135,True,0.053,20.03,20.7,257.38,226.56,387.5,351.77
868,30.678,0,engaged,0.9178,engaged,1.0,0.9137,True,0.053,20.24,36.88,257.38,226.56,387.5,351.77
869,30.7051,0,engaged,0.9034,engaged,1.0,0.9133,True,0.0542,19.56,36.01,256.86,226.36,387.64,353.59
870,30.7329,0,engaged,0.9034,engaged,1.0,0.9129,True,0.0542,20.18,36.01,256.86,226.36,387.64,353.59
871,30.7617,0,engaged,0.8975,engaged,1.0,0.9123,True,0.0536,20.85,34.29,257.53,226.53,387.04,353.75
872,30.7898,0,engaged,0.8917,engaged,1.0,0.9114,True,0.054,21.44,30.71,257.01,227.41,387.74,354.22
873,30.8224,0,engaged,0.8917,engaged,1.0,0.9106,True,0.054,18.84,35.82,257.01,227.41,387.74,354.22
874,30.8503,0,engaged,0.8953,engaged,1.0,0.91,True,0.054,20.22,33.05,257.5,227.69,388.0,354.78
875,30.8806,0,engaged,0.8921,engaged,1.0,0.9094,True,0.0551,18.93,28.22,256.6,226.43,388.32,354.88
876,30.916,0,engaged,0.8959,engaged,1.0,0.909,True,0.0551,21.7,19.25,255.74,226.66,387.83,354.79
877,30.9679,0,engaged,0.8959,engaged,1.0,0.9087,True,0.0551,19.22,36.58,255.74,226.66,387.83,354.79
878,30.9953,0,engaged,0.8366,engaged,1.0,0.9063,True,0.0545,18.73,37.23,255.31,227.07,386.74,354.5
879,31.0221,0,engaged,0.9168,engaged,1.0,0.9067,True,0.0513,19.49,18.43,255.33,227.95,380.95,353.52
880,31.0764,0,engaged,0.9168,engaged,1.0,0.9068,True,0.0513,21.79,34.58,255.33,227.95,380.95,353.52
881,31.1053,0,engaged,0.9269,engaged,1.0,0.9073,True,0.0505,19.07,36.93,254.8,227.44,379.07,352.21
882,31.1324,0,engaged,0.9269,engaged,1.0,0.9076,True,0.0505,19.31,37.2,254.8,227.44,379.07,352.21
883,31.1593,0,engaged,0.9275,engaged,1.0,0.908,True,0.0491,19.58,37.17,254.79,228.23,377.99,350.6
884,31.1862,0,engaged,0.933,engaged,1.0,0.9085,True,0.0492,19.69,27.34,253.55,227.58,377.46,349.5
885,31.2227,0,engaged,0.933,engaged,1.0,0.909,True,0.0492,18.43,35.96,253.55,227.58,377.46,349.5
886,31.2506,0,engaged,0.9249,engaged,1.0,0.909,True,0.0493,18.46,36.97,253.39,227.28,377.35,349.58
887,31.2776,0,engaged,0.9294,engaged,1.0,0.9095,True,0.0499,18.68,26.2,253.15,227.76,377.93,350.61
888,31.3158,0,engaged,0.9339,engaged,1.0,0.9101,True,0.0509,19.04,20.19,252.83,227.52,378.45,352.09
889,31.3653,0,engaged,0.9339,engaged,1.0,0.9111,True,0.0509,18.52,35.02,252.83,227.52,378.45,352.09
890,31.3939,0,engaged,0.9318,engaged,1.0,0.9118,True,0.0513,20.6,34.4,253.5,227.36,379.29,352.75
891,31.4229,0,engaged,0.9174,engaged,1.0,0.9121,True,0.0523,18.7,25.49,254.15,227.18,381.66,353.2
892,31.4622,0,engaged,0.9174,engaged,1.0,0.9122,True,0.0523,21.89,33.76,254.15,227.18,381.66,353.2
893,31.4918,0,engaged,0.903,engaged,1.0,0.9117,True,0.0521,18.78,31.33,255.17,229.21,383.78,353.77
894,31.5237,0,engaged,0.902,engaged,1.0,0.9113,True,0.0529,19.86,19.5,255.44,228.27,384.58,354.18
895,31.575,0,engaged,0.902,engaged,1.0,0.911,True,0.0529,18.92,37.73,255.44,228.27,384.58,354.18
896,31.6025,0,engaged,0.9049,engaged,1.0,0.9107,True,0.0535,19.59,34.36,255.46,227.58,385.03,354.53
897,31.6306,0,engaged,0.9049,engaged,1.0,0.9103,True,0.0535,19.32,35.01,255.46,227.58,385.03,354.53
898,31.6592,0,engaged,0.8974,engaged,1.0,0.9096,True,0.0533,22.73,32.67,256.03,228.45,385.5,354.83
899,31.6898,0,engaged,0.8708,engaged,1.0,0.9085,True,0.0541,19.13,36.23,256.69,228.0,387.63,355.0
900,31.7174,0,engaged,0.8611,engaged,1.0,0.9071,True,0.0538,23.13,19.63,259.08,228.54,390.4,354.42
901,31.7683,0,engaged,0.8611,engaged,1.0,0.9059,True,0.0538,18.8,37.64,259.08,228.54,390.4,354.42
902,31.7949,0,engaged,0.8928,engaged,1.0,0.9059,True,0.0529,20.57,34.65,262.6,228.78,392.28,354.2
903,31.8238,0,engaged,0.8989,engaged,1.0,0.9062,True,0.0532,20.13,25.24,263.18,227.96,392.88,353.93
904,31.8634,0,engaged,0.8989,engaged,1.0,0.9063,True,0.0532,22.83,34.32,263.18,227.96,392.88,353.93
905,31.8925,3,frustrated,0.7635,engaged,0.9667,0.9068,True,0.0529,19.49,35.26,264.49,228.56,393.34,354.58
906,31.9209,0,engaged,0.8808,engaged,0.9667,0.9062,True,0.054,20.5,19.13,262.19,225.98,393.9,352.02
907,31.9731,0,engaged,0.8808,engaged,0.9667,0.9057,True,0.054,18.87,38.65,262.19,225.98,393.9,352.02
908,31.999,3,frustrated,0.7074,engaged,0.9333,0.9082,True,0.0531,21.54,34.88,264.5,223.49,395.01,348.48
909,32.0277,3,frustrated,0.7074,engaged,0.9,0.9079,True,0.0531,18.75,36.47,264.5,223.49,395.01,348.48
910,32.0551,0,engaged,0.9143,engaged,0.9,0.9078,True,0.0519,20.54,34.39,266.1,221.57,393.48,346.85
911,32.0842,0,engaged,0.91,engaged,0.9,0.9071,True,0.0499,25.06,25.32,266.39,223.74,392.14,345.54
912,32.1237,0,engaged,0.9073,engaged,0.9,0.9064,True,0.0497,24.03,21.4,267.06,223.18,392.0,345.37
913,32.1704,0,engaged,0.9073,engaged,0.9,0.9057,True,0.0497,22.5,32.22,267.06,223.18,392.0,345.37
914,32.2015,3,frustrated,0.6664,engaged,0.8667,0.9046,True,0.0514,21.32,33.64,266.42,222.77,394.45,345.98
915,32.2312,0,engaged,0.8909,engaged,0.8667,0.903,True,0.0526,20.21,32.68,264.37,225.28,394.41,349.44
916,32.2618,0,engaged,0.8909,engaged,0.8667,0.9017,True,0.0526,29.18,27.59,264.37,225.28,394.41,349.44
917,32.298,0,engaged,0.9093,engaged,0.8667,0.9009,True,0.052,33.52,23.99,265.01,226.84,393.68,350.94
918,32.3397,0,engaged,0.907,engaged,0.8667,0.8999,True,0.0513,26.48,29.41,266.56,227.52,394.0,351.14
919,32.3737,0,engaged,0.907,engaged,0.8667,0.8989,True,0.0513,26.03,29.72,266.56,227.52,394.0,351.14
920,32.4074,0,engaged,0.9023,engaged,0.8667,0.8977,True,0.0524,20.82,33.94,265.84,226.88,395.0,351.5
921,32.4368,0,engaged,0.9075,engaged,0.8667,0.8973,True,0.0523,18.6,30.77,266.12,226.65,394.67,351.53
922,32.4693,0,engaged,0.9075,engaged,0.8667,0.897,True,0.0523,19.55,37.6,266.12,226.65,394.67,351.53
923,32.4959,0,engaged,0.89,engaged,0.8667,0.8965,True,0.0524,20.68,34.42,265.61,227.34,395.0,351.84
924,32.525,0,engaged,0.8805,engaged,0.8667,0.8956,True,0.0529,19.91,24.32,264.74,226.87,394.46,352.06
925,32.5661,0,engaged,0.8805,engaged,0.8667,0.8948,True,0.0529,20.15,35.94,264.74,226.87,394.46,352.06
926,32.5939,0,engaged,0.9101,engaged,0.8667,0.895,True,0.0529,21.03,35.0,264.29,226.95,393.83,352.3
927,32.6225,0,engaged,0.9076,engaged,0.8667,0.8951,True,0.0527,19.04,25.61,263.86,228.14,393.76,352.73
928,32.6615,0,engaged,0.9076,engaged,0.8667,0.8955,True,0.0527,20.14,33.02,263.86,228.14,393.76,352.73
929,32.6918,0,engaged,0.9078,engaged,0.8667,0.8969,True,0.053,21.3,34.65,263.72,228.14,392.78,354.27
930,32.7207,0,engaged,0.8894,engaged,0.8667,0.898,True,0.0535,18.96,26.71,263.17,228.21,392.79,354.99
931,32.7581,0,engaged,0.8894,engaged,0.8667,0.8991,True,0.0535,21.0,34.41,263.17,228.21,392.79,354.99
932,32.7872,0,engaged,0.8958,engaged,0.8667,0.8992,True,0.0537,19.0,37.04,262.76,227.99,392.74,354.87
933,32.8142,0,engaged,0.9113,engaged,0.8667,0.8997,True,0.053,18.93,24.98,263.13,228.25,392.0,354.7
934,32.8542,0,engaged,0.9113,engaged,0.8667,0.9002,True,0.053,22.05,33.37,263.13,228.25,392.0,354.7
935,32.8852,0,engaged,0.9213,engaged,0.9,0.9009,True,0.0529,19.6,30.8,262.99,226.92,392.01,352.79
936,32.9166,0,engaged,0.8671,engaged,0.9,0.9004,True,0.052,18.47,21.38,262.71,227.29,391.18,351.62
937,32.9634,0,engaged,0.8671,engaged,0.9,0.8999,True,0.052,20.21,35.72,262.71,227.29,391.18,351.62
938,32.9914,0,engaged,0.8731,engaged,0.9333,0.899,True,0.0515,19.7,37.69,263.02,227.33,390.47,351.43
939,33.0179,0,engaged,0.5726,engaged,0.9667,0.8877,True,0.0511,18.69,23.24,262.7,228.53,389.99,351.92
940,33.061,0,engaged,0.5726,engaged,0.9667,0.8759,True,0.0511,20.22,35.83,262.7,228.53,389.99,351.92
941,33.0889,0,engaged,0.5219,engaged,0.9667,0.8626,True,0.0522,21.23,35.05,260.85,228.34,389.89,352.61
942,33.1174,2,bored,0.8169,engaged,0.9333,0.861,True,0.0499,19.95,25.67,261.36,231.25,387.05,353.1
943,33.1563,2,bored,0.8169,engaged,0.9,0.8592,True,0.0499,20.8,34.8,261.36,231.25,387.05,353.1
944,33.1851,2,bored,0.7974,engaged,0.9,0.8592,True,0.0519,18.46,38.51,258.67,230.89,384.91,357.07
945,33.2111,2,bored,0.8609,engaged,0.8667,0.858,True,0.0525,20.96,23.16,258.68,231.83,384.75,359.83
946,33.2542,2,bored,0.8609,engaged,0.8333,0.8567,True,0.0525,19.08,39.33,258.68,231.83,384.75,359.83
947,33.2797,3,frustrated,0.7491,engaged,0.8,0.8545,True,0.0505,20.04,36.3,257.71,238.29,381.94,363.19
948,33.3072,3,frustrated,0.9601,engaged,0.7667,0.8522,True,0.0496,19.19,16.98,252.57,241.31,375.04,365.61
949,33.3661,3,frustrated,0.9608,engaged,0.7333,0.8497,True,0.0489,18.78,21.35,247.03,245.72,368.05,369.9
950,33.413,3,frustrated,0.9608,engaged,0.7,0.8472,True,0.0489,20.45,36.99,247.03,245.72,368.05,369.9
951,33.44,3,frustrated,0.9231,engaged,0.6667,0.8442,True,0.0466,19.11,36.6,242.36,252.41,362.89,371.15
952,33.4673,3,frustrated,0.9231,engaged,0.6333,0.8409,True,0.0466,19.78,36.18,242.36,252.41,362.89,371.15
953,33.495,3,frustrated,0.9636,engaged,0.6,0.8382,True,0.0478,20.52,34.43,233.65,254.55,354.45,376.06
954,33.524,3,frustrated,0.9533,engaged,0.5667,0.8357,True,0.0482,22.07,27.63,225.46,257.15,348.63,377.33
955,33.5602,3,frustrated,0.9533,engaged,0.5333,0.8329,True,0.0482,22.14,34.89,225.46,257.15,348.63,377.33
956,33.5889,3,frustrated,0.9274,engaged,0.5,0.8277,True,0.0454,21.9,34.22,222.21,259.16,339.93,377.53
957,33.6181,3,frustrated,0.9438,engaged,0.4667,0.822,True,0.0465,24.37,25.41,215.07,258.68,334.84,378.05
958,33.6574,3,frustrated,0.9438,engaged,0.4333,0.8154,True,0.0465,20.82,36.47,215.07,258.68,334.84,378.05
959,33.6848,3,frustrated,0.9462,frustrated,0.4333,0.9314,True,0.0469,20.02,35.81,209.91,257.37,330.26,377.0
960,33.7128,3,frustrated,0.9342,frustrated,0.4667,0.9316,True,0.0442,20.76,26.75,207.53,258.13,323.69,375.14
961,33.7502,3,frustrated,0.9576,frustrated,0.5,0.9333,True,0.0438,19.88,15.64,203.52,257.8,320.53,372.74
962,33.8141,3,frustrated,0.9576,frustrated,0.5333,0.9349,True,0.0438,20.47,35.36,203.52,257.8,320.53,372.74
963,33.8434,3,frustrated,0.9722,frustrated,0.5667,0.9371,True,0.0457,20.36,35.52,197.25,256.71,317.53,373.48
964,33.8705,3,frustrated,0.9722,frustrated,0.6,0.939,True,0.0457,22.2,33.12,197.25,256.71,317.53,373.48
965,33.9007,3,frustrated,0.959,frustrated,0.6333,0.9401,True,0.0448,19.61,37.22,195.15,258.39,314.65,373.62
966,33.9276,3,frustrated,0.9246,frustrated,0.6667,0.9393,True,0.0439,19.57,35.65,193.02,257.63,309.04,373.82
967,33.9556,3,frustrated,0.9246,frustrated,0.7,0.9386,True,0.0439,21.72,33.81,193.02,257.63,309.04,373.82
968,33.9852,3,frustrated,0.9247,frustrated,0.7333,0.938,True,0.0443,19.2,37.22,189.19,257.65,306.48,373.57
969,34.0121,3,frustrated,0.9427,frustrated,0.7667,0.9382,True,0.0434,20.01,25.79,189.67,258.2,305.73,372.94
970,34.0509,3,frustrated,0.9427,frustrated,0.8,0.9383,True,0.0434,20.21,36.16,189.67,258.2,305.73,372.94
971,34.0785,3,frustrated,0.9608,frustrated,0.8333,0.9392,True,0.0434,20.42,32.4,188.7,257.85,304.77,372.74
972,34.1094,3,frustrated,0.9629,frustrated,0.8667,0.9402,True,0.0433,20.16,26.0,189.38,257.71,304.97,372.88
973,34.1478,3,frustrated,0.9624,frustrated,0.9,0.941,True,0.0431,20.12,20.59,190.44,257.42,305.25,372.75
974,34.1964,3,frustrated,0.9624,frustrated,0.9333,0.9417,True,0.0431,20.02,36.96,190.44,257.42,305.25,372.75
975,34.2235,3,frustrated,0.9338,frustrated,0.9667,0.9415,True,0.0443,19.51,26.55,191.46,256.4,308.3,372.89
976,34.2611,3,frustrated,0.9448,frustrated,1.0,0.9416,True,0.0453,20.46,20.29,195.06,255.64,313.18,373.41
977,34.3104,3,frustrated,0.9448,frustrated,1.0,0.9481,True,0.0453,22.18,33.73,195.06,255.64,313.18,373.41
978,34.3401,3,frustrated,0.9656,frustrated,1.0,0.9483,True,0.0452,24.74,31.31,197.24,256.0,315.98,372.93
979,34.372,3,frustrated,0.9656,frustrated,1.0,0.9484,True,0.0452,20.5,34.87,197.24,256.0,315.98,372.93
980,34.4007,3,frustrated,0.9733,frustrated,1.0,0.9489,True,0.0432,21.24,35.17,203.63,257.38,318.77,372.71
981,34.4301,3,frustrated,0.9634,frustrated,1.0,0.9502,True,0.0439,24.3,29.88,203.9,257.13,320.08,373.25
982,34.4639,3,frustrated,0.9634,frustrated,1.0,0.9515,True,0.0439,21.7,31.77,203.9,257.13,320.08,373.25
983,34.494,3,frustrated,0.9479,frustrated,1.0,0.951,True,0.0439,22.97,32.35,206.05,255.94,320.85,373.34
984,34.525,3,frustrated,0.9532,frustrated,1.0,0.951,True,0.0448,25.76,29.65,205.42,255.53,321.95,373.62
985,34.5587,3,frustrated,0.9446,frustrated,1.0,0.9507,True,0.045,41.63,16.05,204.29,256.61,322.5,373.64
986,34.621,3,frustrated,0.9446,frustrated,1.0,0.9513,True,0.045,26.33,29.32,204.29,256.61,322.5,373.64
987,34.6551,3,frustrated,0.9492,frustrated,1.0,0.9515,True,0.0451,23.53,29.47,201.93,258.46,322.27,373.6
988,34.689,3,frustrated,0.9351,frustrated,1.0,0.9512,True,0.0441,32.94,24.18,202.18,259.98,321.16,373.97
989,34.7304,3,frustrated,0.9351,frustrated,1.0,0.9508,True,0.0441,20.89,34.66,202.18,259.98,321.16,373.97
990,34.7593,3,frustrated,0.9262,frustrated,1.0,0.9506,True,0.0426,22.18,33.83,200.85,263.38,319.39,373.83
991,34.7888,3,frustrated,0.9262,frustrated,1.0,0.9495,True,0.0426,20.11,35.48,200.85,263.38,319.39,373.83
992,34.817,3,frustrated,0.9306,frustrated,1.0,0.9486,True,0.0403,23.57,31.65,200.14,268.71,317.23,374.54
993,34.8486,3,frustrated,0.9043,frustrated,1.0,0.9463,True,0.0391,23.14,31.58,197.01,270.95,314.79,372.95
994,34.8803,3,frustrated,0.9043,frustrated,1.0,0.9441,True,0.0391,21.82,32.92,197.01,270.95,314.79,372.95
995,34.9121,3,frustrated,0.8718,frustrated,1.0,0.9412,True,0.039,19.37,34.64,193.68,274.79,312.68,375.35
996,34.9395,3,frustrated,0.9132,frustrated,1.0,0.9408,True,0.0388,21.14,34.83,196.76,277.23,309.78,382.78
997,34.9693,3,frustrated,0.9289,frustrated,1.0,0.9409,True,0.0383,21.08,31.84,196.86,277.34,309.1,382.09
998,34.9996,3,frustrated,0.9289,frustrated,1.0,0.9411,True,0.0383,19.09,36.5,196.86,277.34,309.1,382.09
999,35.027,3,frustrated,0.9097,frustrated,1.0,0.94,True,0.0388,19.99,34.0,195.82,278.21,308.93,383.48
1000,35.0564,3,frustrated,0.8802,frustrated,1.0,0.9379,True,0.0386,18.87,27.27,195.6,278.58,308.93,383.34
1001,35.0931,3,frustrated,0.8802,frustrated,1.0,0.9352,True,0.0386,24.12,32.45,195.6,278.58,308.93,383.34
1002,35.1239,3,frustrated,0.9267,frustrated,1.0,0.934,True,0.0392,19.37,31.29,196.19,278.27,309.26,384.68
1003,35.1559,3,frustrated,0.9112,frustrated,1.0,0.9323,True,0.0381,18.86,20.89,195.97,279.34,309.76,382.28
1004,35.2052,3,frustrated,0.9112,frustrated,1.0,0.9306,True,0.0381,19.75,35.01,195.97,279.34,309.76,382.28
1005,35.2323,3,frustrated,0.9327,frustrated,1.0,0.9306,True,0.0399,19.2,36.08,197.74,277.31,312.53,384.05
1006,35.2605,3,frustrated,0.9327,frustrated,1.0,0.9302,True,0.0399,22.11,32.11,197.74,277.31,312.53,384.05
1007,35.2912,3,frustrated,0.9195,frustrated,1.0,0.9293,True,0.0378,25.32,30.36,203.16,278.43,314.88,382.26
1008,35.3241,3,frustrated,0.8925,frustrated,1.0,0.9269,True,0.0356,22.87,32.38,204.4,277.48,316.82,374.8
1009,35.3565,3,frustrated,0.9157,frustrated,1.0,0.9252,True,0.0363,23.91,21.21,207.08,276.96,319.08,376.4
1010,35.4021,3,frustrated,0.9157,frustrated,1.0,0.9233,True,0.0363,20.56,35.86,207.08,276.96,319.08,376.4
1011,35.43,3,frustrated,0.9249,frustrated,1.0,0.922,True,0.0366,19.55,36.01,206.82,275.24,319.13,375.36
1012,35.4588,3,frustrated,0.9101,frustrated,1.0,0.9202,True,0.0386,19.48,27.39,207.4,273.6,320.34,378.55
1013,35.4948,3,frustrated,0.9101,frustrated,1.0,0.919,True,0.0386,21.17,34.98,207.4,273.6,320.34,378.55
1014,35.5229,3,frustrated,0.9096,frustrated,1.0,0.9175,True,0.0407,19.03,38.36,209.62,271.28,324.12,380.52
1015,35.5489,3,frustrated,0.9241,frustrated,1.0,0.9168,True,0.0415,18.24,17.84,210.47,267.47,325.98,377.87
1016,35.605,3,frustrated,0.9241,frustrated,1.0,0.9162,True,0.0415,19.01,37.71,210.47,267.47,325.98,377.87
1017,35.6315,3,frustrated,0.9435,frustrated,1.0,0.916,True,0.0418,18.97,36.52,213.05,266.22,327.78,378.22
1018,35.6589,3,frustrated,0.9435,frustrated,1.0,0.9162,True,0.0418,19.04,36.35,213.05,266.22,327.78,378.22
1019,35.6864,3,frustrated,0.9486,frustrated,1.0,0.9167,True,0.0432,21.09,34.96,212.55,264.95,331.07,377.02
1020,35.715,3,frustrated,0.9511,frustrated,1.0,0.9175,True,0.042,18.87,29.22,214.63,266.09,330.86,376.98
1021,35.7492,3,frustrated,0.9447,frustrated,1.0,0.9181,True,0.0413,19.78,20.45,214.36,267.79,330.97,376.59
1022,35.7981,3,frustrated,0.9447,frustrated,1.0,0.9186,True,0.0413,19.05,36.89,214.36,267.79,330.97,376.59
1023,35.8252,3,frustrated,0.9385,frustrated,1.0,0.9198,True,0.0422,22.6,32.58,212.43,267.8,330.99,377.1
1024,35.8559,3,frustrated,0.9466,frustrated,1.0,0.9212,True,0.0419,18.89,27.12,213.46,267.57,330.83,377.12
1025,35.8928,3,frustrated,0.9466,frustrated,1.0,0.9237,True,0.0419,22.13,34.16,213.46,267.57,330.83,377.12
1026,35.9221,3,frustrated,0.9312,frustrated,1.0,0.9243,True,0.0418,19.04,36.9,212.08,267.16,330.04,375.96
1027,35.9492,3,frustrated,0.9261,frustrated,1.0,0.9242,True,0.0419,19.83,24.99,211.39,267.29,330.13,375.77
1028,35.9892,3,frustrated,0.9261,frustrated,1.0,0.9241,True,0.0419,18.77,36.42,211.39,267.29,330.13,375.77
1029,36.0166,3,frustrated,0.9213,frustrated,1.0,0.9245,True,0.0414,20.9,34.01,210.75,268.23,327.7,377.09
1030,36.0461,3,frustrated,0.907,frustrated,1.0,0.9253,True,0.0406,19.36,18.47,210.99,268.78,326.34,377.03
1031,36.1002,3,frustrated,0.907,frustrated,1.0,0.9262,True,0.0406,20.4,35.9,210.99,268.78,326.34,377.03
1032,36.1281,3,frustrated,0.9279,frustrated,1.0,0.9263,True,0.041,18.96,37.0,210.45,269.69,326.08,378.71
1033,36.1551,3,frustrated,0.916,frustrated,1.0,0.9264,True,0.0416,18.52,23.98,208.08,269.83,325.85,378.42
1034,36.1968,3,frustrated,0.916,frustrated,1.0,0.9266,True,0.0416,19.04,36.97,208.08,269.83,325.85,378.42
1035,36.2239,3,frustrated,0.9163,frustrated,1.0,0.9261,True,0.0424,21.37,37.6,207.54,270.3,325.66,380.48
1036,36.2504,3,frustrated,0.9286,frustrated,1.0,0.9259,True,0.0429,18.25,23.36,207.91,270.12,326.51,381.25
1037,36.2933,3,frustrated,0.9286,frustrated,1.0,0.9262,True,0.0429,21.95,34.4,207.91,270.12,326.51,381.25
1038,36.3223,3,frustrated,0.9366,frustrated,1.0,0.9277,True,0.0439,18.48,37.03,206.38,269.91,326.76,381.83
1039,36.3493,3,frustrated,0.9365,frustrated,1.0,0.9284,True,0.0442,19.7,24.54,206.79,268.51,326.86,381.59
1040,36.3901,3,frustrated,0.9365,frustrated,1.0,0.9291,True,0.0442,19.27,33.71,206.79,268.51,326.86,381.59
1041,36.4198,3,frustrated,0.9307,frustrated,1.0,0.9293,True,0.043,20.78,35.99,206.53,268.0,325.94,378.56
1042,36.4475,3,frustrated,0.9407,frustrated,1.0,0.9303,True,0.0432,20.18,25.98,205.77,267.56,325.7,378.34
1043,36.486,3,frustrated,0.9356,frustrated,1.0,0.9311,True,0.0431,19.54,15.76,205.94,267.53,325.74,378.07
1044,36.5495,3,frustrated,0.9356,frustrated,1.0,0.932,True,0.0431,23.51,32.23,205.94,267.53,325.74,378.07
1045,36.5805,3,frustrated,0.9227,frustrated,1.0,0.932,True,0.0433,19.07,34.97,206.03,266.56,325.74,377.58
1046,36.6091,3,frustrated,0.9227,frustrated,1.0,0.9319,True,0.0433,20.95,35.3,206.03,266.56,325.74,377.58
1047,36.6375,3,frustrated,0.9274,frustrated,1.0,0.9314,True,0.0435,20.04,34.86,206.04,266.44,325.66,378.27
1048,36.6661,3,frustrated,0.9254,frustrated,1.0,0.9308,True,0.0437,18.96,35.92,206.27,265.7,325.67,378.16
1049,36.695,3,frustrated,0.9254,frustrated,1.0,0.93,True,0.0437,20.85,33.99,206.27,265.7,325.67,378.16
1050,36.7234,3,frustrated,0.9332,frustrated,1.0,0.9294,True,0.0439,23.75,31.68,205.64,266.19,325.53,378.67
1051,36.755,3,frustrated,0.9234,frustrated,1.0,0.9287,True,0.0437,20.55,28.51,205.64,266.88,325.2,379.18
1052,36.7901,3,frustrated,0.9234,frustrated,1.0,0.928,True,0.0437,21.04,34.32,205.64,266.88,325.2,379.18
1053,36.8192,3,frustrated,0.935,frustrated,1.0,0.9279,True,0.0432,22.68,33.56,205.27,267.47,325.07,378.31
1054,36.849,3,frustrated,0.9398,frustrated,1.0,0.9276,True,0.0427,19.5,26.94,205.31,268.8,324.54,378.75
1055,36.8861,3,frustrated,0.9471,frustrated,1.0,0.9277,True,0.0418,20.03,21.44,205.3,269.23,324.28,377.26
1056,36.9328,3,frustrated,0.9471,frustrated,1.0,0.9282,True,0.0418,19.19,38.45,205.3,269.23,324.28,377.26
1057,36.9588,3,frustrated,0.9444,frustrated,1.0,0.9288,True,0.0425,19.3,26.71,205.08,269.31,324.38,378.85
1058,36.9962,3,frustrated,0.9462,frustrated,1.0,0.9295,True,0.0421,18.88,19.59,205.32,269.56,323.91,378.72
1059,37.0473,3,frustrated,0.9462,frustrated,1.0,0.9303,True,0.0421,18.65,37.77,205.32,269.56,323.91,378.72
1060,37.0737,3,frustrated,0.9504,frustrated,1.0,0.9317,True,0.0411,19.73,35.09,205.71,269.83,322.83,377.68
1061,37.1022,3,frustrated,0.9504,frustrated,1.0,0.9332,True,0.0411,19.61,36.05,205.71,269.83,322.83,377.68
1062,37.13,3,frustrated,0.9555,frustrated,1.0,0.9341,True,0.041,18.53,37.26,205.22,270.05,321.27,378.56
1063,37.1568,3,frustrated,0.9503,frustrated,1.0,0.9353,True,0.0406,21.15,30.03,204.14,270.4,320.29,377.79
1064,37.1901,3,frustrated,0.9503,frustrated,1.0,0.9364,True,0.0406,19.64,37.24,204.14,270.4,320.29,377.79
1065,37.217,3,frustrated,0.9556,frustrated,1.0,0.9377,True,0.0409,20.42,36.8,203.45,270.63,320.02,378.3
1066,37.2442,3,frustrated,0.952,frustrated,1.0,0.9385,True,0.0412,20.53,23.61,202.03,270.33,319.77,377.92
1067,37.2865,3,frustrated,0.9555,frustrated,1.0,0.9394,True,0.0419,20.77,20.57,202.52,268.13,319.02,378.59
1068,37.3351,3,frustrated,0.9555,frustrated,1.0,0.94,True,0.0419,19.88,37.9,202.52,268.13,319.02,378.59
1069,37.3615,3,frustrated,0.9401,frustrated,1.0,0.9401,True,0.042,20.82,35.52,201.92,266.5,318.78,376.93
1070,37.3897,3,frustrated,0.9479,frustrated,1.0,0.9405,True,0.0411,18.71,17.76,203.68,265.54,318.59,375.46
1071,37.446,3,frustrated,0.9479,frustrated,1.0,0.9411,True,0.0411,19.99,36.7,203.68,265.54,318.59,375.46
1072,37.4742,3,frustrated,0.945,frustrated,1.0,0.9412,True,0.0412,17.55,35.0,203.75,264.65,318.38,375.12
1073,37.5018,3,frustrated,0.945,frustrated,1.0,0.9415,True,0.0412,19.71,36.03,203.75,264.65,318.38,375.12
1074,37.5296,3,frustrated,0.9488,frustrated,1.0,0.942,True,0.0414,19.6,35.1,203.31,265.22,318.32,375.69
1075,37.558,3,frustrated,0.9503,frustrated,1.0,0.9429,True,0.0412,20.77,32.4,204.05,265.41,318.52,375.86
1076,37.5889,3,frustrated,0.9503,frustrated,1.0,0.9438,True,0.0412,19.31,35.56,204.05,265.41,318.52,375.86
1077,37.617,3,frustrated,0.9416,frustrated,1.0,0.9443,True,0.0414,19.99,35.72,203.88,265.5,318.94,376.09
1078,37.645,3,frustrated,0.9459,frustrated,1.0,0.945,True,0.042,20.76,23.87,204.63,264.74,319.41,377.07
1079,37.6869,3,frustrated,0.9418,frustrated,1.0,0.9455,True,0.0415,20.16,20.79,204.95,265.99,320.01,376.71
1080,37.736,3,frustrated,0.9418,frustrated,1.0,0.9458,True,0.0415,17.88,37.14,204.95,265.99,320.01,376.71
1081,37.7632,3,frustrated,0.9388,frustrated,1.0,0.9463,True,0.0415,21.21,35.03,206.01,265.92,321.58,376.19
1082,37.7905,3,frustrated,0.9331,frustrated,1.0,0.9467,True,0.0418,18.47,25.05,207.11,266.45,322.5,377.83
1083,37.8304,3,frustrated,0.9331,frustrated,1.0,0.9466,True,0.0418,19.8,35.31,207.11,266.45,322.5,377.83
1084,37.8587,3,frustrated,0.9244,frustrated,1.0,0.9461,True,0.0412,20.96,27.41,208.5,267.22,323.67,377.01
1085,37.8952,3,frustrated,0.9173,frustrated,1.0,0.9451,True,0.0412,18.75,22.28,208.18,267.95,324.09,377.12
1086,37.9401,3,frustrated,0.9173,frustrated,1.0,0.9441,True,0.0412,20.18,36.4,208.18,267.95,324.09,377.12
1087,37.9676,3,frustrated,0.9177,frustrated,1.0,0.9432,True,0.0414,20.04,36.31,210.51,266.76,325.67,377.2
1088,37.9951,3,frustrated,0.9177,frustrated,1.0,0.9423,True,0.0414,18.79,38.01,210.51,266.76,325.67,377.2
1089,38.0214,3,frustrated,0.8638,frustrated,1.0,0.9395,True,0.04,21.11,32.95,212.51,268.93,326.0,377.16
1090,38.0518,3,frustrated,0.9066,frustrated,1.0,0.938,True,0.0408,19.93,29.32,216.92,268.18,331.01,377.93
1091,38.0859,3,frustrated,0.9297,frustrated,1.0,0.9374,True,0.0415,21.8,20.08,218.79,267.32,333.97,377.89
1092,38.1357,3,frustrated,0.9297,frustrated,1.0,0.9365,True,0.0415,20.92,36.78,218.79,267.32,333.97,377.89
1093,38.1629,3,frustrated,0.9412,frustrated,1.0,0.9362,True,0.043,21.52,34.79,221.32,264.34,337.64,378.03
1094,38.1916,3,frustrated,0.9491,frustrated,1.0,0.9362,True,0.0449,19.79,26.24,221.7,261.46,340.08,377.89
1095,38.2297,3,frustrated,0.9491,frustrated,1.0,0.9359,True,0.0449,20.11,36.46,221.7,261.46,340.08,377.89
1096,38.2582,3,frustrated,0.9454,frustrated,1.0,0.9357,True,0.0451,19.83,34.19,222.04,260.34,340.69,377.16
1097,38.2864,3,frustrated,0.9303,frustrated,1.0,0.9349,True,0.0462,19.52,18.48,223.28,258.21,342.24,377.62
1098,38.3405,3,frustrated,0.9303,frustrated,1.0,0.934,True,0.0462,21.15,34.28,223.28,258.21,342.24,377.62
1099,38.3697,3,frustrated,0.9335,frustrated,1.0,0.9338,True,0.0439,18.88,37.77,223.29,259.82,339.66,375.72
1100,38.3962,3,frustrated,0.9335,frustrated,1.0,0.9333,True,0.0439,18.52,38.78,223.29,259.82,339.66,375.72
1101,38.422,2,bored,0.7293,frustrated,0.9667,0.9328,True,0.0435,23.09,32.65,219.93,262.81,336.89,376.96
1102,38.4526,2,bored,0.8474,frustrated,0.9333,0.9324,True,0.0431,19.77,29.99,212.76,265.49,333.85,374.88
1103,38.4859,3,frustrated,0.5431,frustrated,0.9333,0.9181,True,0.0416,18.84,20.85,209.7,269.67,329.99,375.88
1104,38.5339,3,frustrated,0.5431,frustrated,0.9333,0.9036,True,0.0416,18.66,35.75,209.7,269.67,329.99,375.88
1105,38.5619,2,bored,0.856,frustrated,0.9,0.9018,True,0.04,20.09,35.32,204.5,271.3,322.65,375.42
1106,38.5902,2,bored,0.8134,frustrated,0.8667,0.9,True,0.0402,19.19,25.08,199.86,270.34,318.18,374.6
1107,38.6301,2,bored,0.8134,frustrated,0.8333,0.8983,True,0.0402,20.04,36.34,199.86,270.34,318.18,374.6
1108,38.6576,2,bored,0.7058,frustrated,0.8,0.8963,True,0.0412,17.99,37.02,187.4,277.42,311.31,379.51
1109,38.6846,2,bored,0.7133,frustrated,0.7667,0.8943,True,0.0419,19.91,24.86,185.24,277.84,307.06,383.4
1110,38.7248,2,bored,0.7133,frustrated,0.7333,0.8922,True,0.0419,20.58,34.83,185.24,277.84,307.06,383.4
1111,38.7535,2,bored,0.8708,frustrated,0.7,0.89,True,0.0421,19.1,29.05,182.22,277.58,302.83,384.93
1112,38.788,2,bored,0.8716,frustrated,0.6667,0.8878,True,0.0384,20.09,19.63,184.73,276.94,300.74,378.51
1113,38.8389,2,bored,0.8716,frustrated,0.6333,0.8854,True,0.0384,18.52,39.97,184.73,276.94,300.74,378.51
1114,38.8639,2,bored,0.8851,frustrated,0.6,0.8833,True,0.0383,20.72,32.35,181.92,275.93,299.98,375.6
1115,38.8948,2,bored,0.8715,frustrated,0.5667,0.8813,True,0.0383,25.48,22.43,180.48,273.24,297.56,373.78
1116,38.9394,2,bored,0.8715,frustrated,0.5333,0.879,True,0.0383,19.5,36.11,180.48,273.24,297.56,373.78
1117,38.9671,2,bored,0.8764,frustrated,0.5,0.8764,True,0.0381,20.4,32.96,179.74,273.87,297.05,373.76
1118,38.9974,2,bored,0.8944,bored,0.5333,0.8253,True,0.0381,20.09,30.73,181.86,267.1,295.31,370.38
1119,39.03,2,bored,0.8944,bored,0.5667,0.8294,True,0.0381,18.2,37.86,181.86,267.1,295.31,370.38
1120,39.0564,2,bored,0.8683,bored,0.6,0.8315,True,0.04,19.27,37.94,180.79,266.13,297.76,371.25
1121,39.0827,2,bored,0.9115,bored,0.6333,0.8357,True,0.0402,19.46,22.99,184.53,263.97,298.29,372.47
1122,39.1262,2,bored,0.9115,bored,0.6667,0.8395,True,0.0402,19.38,34.6,184.53,263.97,298.29,372.47
1123,39.1551,2,bored,0.9312,bored,0.7,0.8439,True,0.0392,19.53,37.28,186.4,265.01,298.81,372.12
1124,39.182,2,bored,0.9349,bored,0.7333,0.848,True,0.04,19.24,25.5,185.71,263.82,299.64,371.7
1125,39.2212,2,bored,0.9349,bored,0.7667,0.8518,True,0.04,20.26,35.43,185.71,263.82,299.64,371.7
1126,39.2494,2,bored,0.9343,bored,0.8,0.8552,True,0.0406,18.58,28.2,187.24,264.01,300.9,373.64
1127,39.2849,2,bored,0.9125,bored,0.8333,0.8575,True,0.0398,19.64,20.48,187.57,264.92,301.56,372.06
1128,39.3337,2,bored,0.9125,bored,0.8667,0.8596,True,0.0398,21.06,34.23,187.57,264.92,301.56,372.06
1129,39.3629,2,bored,0.8798,bored,0.9,0.8604,True,0.0386,19.43,37.59,188.87,266.8,302.37,371.18
1130,39.3895,2,bored,0.8948,bored,0.9333,0.8616,True,0.0391,19.21,25.22,189.41,268.0,303.67,373.04
1131,39.4292,2,bored,0.8948,bored,0.9333,0.8675,True,0.0391,21.47,34.78,189.41,268.0,303.67,373.04
1132,39.4579,2,bored,0.8991,bored,0.9333,0.8694,True,0.0401,18.86,36.93,189.17,268.51,304.46,375.44
1133,39.485,2,bored,0.8943,bored,0.9667,0.8702,True,0.0409,19.58,25.13,188.8,267.66,304.7,376.0
1134,39.5248,2,bored,0.8943,bored,1.0,0.871,True,0.0409,18.75,37.89,188.8,267.66,304.7,376.0
1135,39.5512,2,bored,0.8953,bored,1.0,0.8724,True,0.041,18.85,34.56,189.09,267.14,304.31,376.48
1136,39.5801,2,bored,0.8936,bored,1.0,0.875,True,0.0404,20.03,23.9,188.04,270.3,304.29,376.97
1137,39.622,2,bored,0.8936,bored,1.0,0.8777,True,0.0404,20.26,34.81,188.04,270.3,304.29,376.97
1138,39.6507,2,bored,0.9013,bored,1.0,0.8842,True,0.0393,19.22,35.86,188.82,270.46,303.26,375.99
1139,39.6786,2,bored,0.9045,bored,1.0,0.8906,True,0.0391,21.38,17.76,187.59,270.63,302.09,375.65
1140,39.7349,2,bored,0.9111,bored,1.0,0.8972,True,0.0396,23.07,20.39,187.18,270.82,301.56,377.07
1141,39.7839,2,bored,0.9111,bored,1.0,0.8985,True,0.0396,18.62,38.65,187.18,270.82,301.56,377.07
1142,39.8098,2,bored,0.9057,bored,1.0,0.8997,True,0.039,19.9,36.38,187.59,270.51,301.09,376.04
1143,39.8373,2,bored,0.9057,bored,1.0,0.9008,True,0.039,19.29,37.17,187.59,270.51,301.09,376.04
1144,39.8642,2,bored,0.9005,bored,1.0,0.9013,True,0.0391,19.06,35.02,187.38,270.63,300.71,376.63
1145,39.8928,2,bored,0.9049,bored,1.0,0.9024,True,0.0404,22.53,28.59,187.21,270.2,300.64,379.58
1146,39.9277,2,bored,0.9049,bored,1.0,0.9035,True,0.0404,21.56,32.17,187.21,270.2,300.64,379.58
1147,39.9588,2,bored,0.9093,bored,1.0,0.9046,True,0.0399,21.21,35.04,186.99,270.44,300.68,378.13
1148,39.9874,2,bored,0.903,bored,1.0,0.9049,True,0.0392,18.91,30.52,187.04,269.99,299.95,376.56
1149,40.0201,2,bored,0.903,bored,1.0,0.9052,True,0.0392,20.55,37.55,187.04,269.99,299.95,376.56
1150,40.0468,2,bored,0.9041,bored,1.0,0.9064,True,0.04,18.98,38.26,186.6,269.94,300.26,377.96
1151,40.0729,2,bored,0.9017,bored,1.0,0.9061,True,0.0389,18.21,23.67,186.82,269.5,299.6,375.36
1152,40.1151,2,bored,0.8988,bored,1.0,0.9056,True,0.0394,19.78,14.91,186.92,268.8,299.98,375.74
1153,40.1822,2,bored,0.8988,bored,1.0,0.9046,True,0.0394,19.46,35.85,186.92,268.8,299.98,375.74
1154,40.2101,2,bored,0.9092,bored,1.0,0.9037,True,0.0398,21.93,32.78,187.24,269.86,300.44,377.87
1155,40.2406,2,bored,0.9092,bored,1.0,0.9029,True,0.0398,19.1,37.95,187.24,269.86,300.44,377.87
1156,40.267,2,bored,0.9096,bored,1.0,0.902,True,0.0394,19.9,35.84,186.88,269.66,300.09,376.52
1157,40.2949,2,bored,0.9141,bored,1.0,0.9021,True,0.0407,20.08,32.13,186.52,269.89,300.69,379.3
1158,40.326,2,bored,0.9141,bored,1.0,0.9021,True,0.0407,18.68,36.08,186.52,269.89,300.69,379.3
1159,40.3537,2,bored,0.9134,bored,1.0,0.9033,True,0.0396,19.04,36.29,186.88,269.96,300.76,376.86
1160,40.3823,2,bored,0.9111,bored,1.0,0.9038,True,0.041,19.22,24.88,186.77,269.85,301.21,379.94
1161,40.4214,2,bored,0.9111,bored,1.0,0.9043,True,0.041,19.58,37.7,186.77,269.85,301.21,379.94
1162,40.448,2,bored,0.9051,bored,1.0,0.9045,True,0.0399,21.23,36.98,187.04,270.23,301.14,377.79
1163,40.475,2,bored,0.9076,bored,1.0,0.905,True,0.0405,18.14,24.31,186.48,270.27,301.2,378.77
1164,40.5161,2,bored,0.9071,bored,1.0,0.9054,True,0.0409,21.14,19.25,186.07,270.63,301.63,379.3
1165,40.5681,2,bored,0.9071,bored,1.0,0.9058,True,0.0409,19.77,37.32,186.07,270.63,301.63,379.3
1166,40.5949,2,bored,0.9118,bored,1.0,0.9064,True,0.0414,18.76,29.87,185.72,270.16,302.05,379.47
1167,40.6284,2,bored,0.9056,bored,1.0,0.9068,True,0.0421,19.32,20.95,185.6,269.68,302.18,380.7
1168,40.6761,2,bored,0.9056,bored,1.0,0.907,True,0.0421,20.34,33.51,185.6,269.68,302.18,380.7
1169,40.7059,2,bored,0.9102,bored,1.0,0.9071,True,0.0426,18.2,38.16,185.25,270.27,302.28,382.22
1170,40.7321,2,bored,0.9102,bored,1.0,0.9071,True,0.0426,20.11,34.77,185.25,270.27,302.28,382.22
1171,40.7609,2,bored,0.9092,bored,1.0,0.9071,True,0.0417,20.0,36.79,185.79,270.21,302.25,380.18
1172,40.7881,2,bored,0.9117,bored,1.0,0.9073,True,0.0404,19.43,29.86,186.23,270.78,302.36,377.7
1173,40.8216,2,bored,0.9117,bored,1.0,0.9075,True,0.0404,19.63,34.9,186.23,270.78,302.36,377.7
1174,40.8502,2,bored,0.9069,bored,1.0,0.9077,True,0.0404,19.99,38.15,186.38,270.99,303.12,377.43
1175,40.8764,2,bored,0.9122,bored,1.0,0.9079,True,0.0408,20.98,23.24,186.02,270.8,303.6,377.29
1176,40.9205,2,bored,0.9142,bored,1.0,0.9082,True,0.0421,20.05,22.47,185.76,270.7,303.18,380.9
1177,40.964,2,bored,0.9142,bored,1.0,0.9084,True,0.0421,19.57,36.7,185.76,270.7,303.18,380.9
1178,40.9912,2,bored,0.9058,bored,1.0,0.9085,True,0.0415,21.73,32.32,185.72,270.95,302.82,379.89
1179,41.0221,2,bored,0.888,bored,1.0,0.908,True,0.0417,19.74,18.37,186.23,273.15,303.81,382.14
1180,41.0766,2,bored,0.888,bored,1.0,0.9075,True,0.0417,21.06,35.3,186.23,273.15,303.81,382.14
1181,41.1049,2,bored,0.8906,bored,1.0,0.9071,True,0.0387,20.08,36.49,187.34,274.72,303.66,376.89
1182,41.1323,2,bored,0.8906,bored,1.0,0.9068,True,0.0387,20.11,36.72,187.34,274.72,303.66,376.89
1183,41.1595,2,bored,0.8664,bored,1.0,0.9057,True,0.0397,20.55,35.44,186.7,275.68,304.04,379.7
1184,41.1878,2,bored,0.7999,bored,1.0,0.9021,True,0.0393,19.03,33.77,188.78,276.7,304.17,381.22
1185,41.2174,2,bored,0.7999,bored,1.0,0.8984,True,0.0393,19.44,38.58,188.78,276.7,304.17,381.22
1186,41.2433,2,bored,0.8424,bored,1.0,0.8962,True,0.0392,19.47,34.52,188.84,276.93,304.33,381.17
1187,41.2723,2,bored,0.7956,bored,1.0,0.8922,True,0.0414,19.16,23.32,189.48,272.98,304.85,383.18
1188,41.3151,2,bored,0.8419,bored,1.0,0.8898,True,0.0408,18.51,20.54,189.95,273.19,304.65,382.53
1189,41.3638,2,bored,0.8419,bored,1.0,0.8875,True,0.0408,20.75,35.39,189.95,273.19,304.65,382.53
1190,41.3921,2,bored,0.8822,bored,1.0,0.8865,True,0.0406,19.12,36.91,190.0,272.94,304.76,381.72
1191,41.4192,2,bored,0.8883,bored,1.0,0.8857,True,0.0415,19.48,23.59,189.34,272.96,304.83,383.25
1192,41.4616,2,bored,0.8883,bored,1.0,0.8852,True,0.0415,20.08,36.24,189.34,272.96,304.83,383.25
1193,41.4892,2,bored,0.8778,bored,1.0,0.8842,True,0.041,20.98,27.25,189.83,273.04,304.78,382.54
1194,41.5259,2,bored,0.8805,bored,1.0,0.8833,True,0.041,20.39,21.67,189.3,273.23,305.04,382.02
1195,41.572,2,bored,0.8805,bored,1.0,0.8824,True,0.041,19.77,35.88,189.3,273.23,305.04,382.02
1196,41.5999,2,bored,0.8638,bored,1.0,0.8808,True,0.0425,18.53,38.4,188.06,274.47,305.54,385.66
1197,41.6259,2,bored,0.8638,bored,1.0,0.8794,True,0.0425,21.47,34.5,188.06,274.47,305.54,385.66
1198,41.6549,2,bored,0.7856,bored,1.0,0.8754,True,0.0403,18.82,37.29,189.44,277.12,305.6,383.62
1199,41.6817,2,bored,0.7773,bored,1.0,0.871,True,0.0403,20.2,28.35,189.55,277.74,306.06,383.89
1200,41.717,2,bored,0.7686,bored,1.0,0.8663,True,0.0402,18.55,21.48,189.13,277.43,305.95,383.16
1201,41.7636,2,bored,0.7686,bored,1.0,0.8616,True,0.0402,20.0,36.21,189.13,277.43,305.95,383.16
1202,41.7912,2,bored,0.7798,bored,1.0,0.8572,True,0.0394,18.16,37.44,189.15,277.8,306.22,381.3
1203,41.8179,2,bored,0.7953,bored,1.0,0.8533,True,0.0387,18.71,23.76,189.25,274.67,306.17,376.47
1204,41.86,2,bored,0.7953,bored,1.0,0.8496,True,0.0387,20.99,34.34,189.25,274.67,306.17,376.47
1205,41.8891,2,bored,0.8034,bored,1.0,0.846,True,0.0391,19.95,36.99,189.75,275.69,306.05,379.05
1206,41.9172,2,bored,0.8162,bored,1.0,0.8427,True,0.0408,21.33,18.03,188.75,278.06,306.68,384.27
1207,41.9716,2,bored,0.8162,bored,1.0,0.8394,True,0.0408,19.6,36.53,188.75,278.06,306.68,384.27
1208,41.999,2,bored,0.7993,bored,1.0,0.8359,True,0.0413,20.07,36.69,188.17,277.85,306.61,384.99
1209,42.0262,2,bored,0.7993,bored,1.0,0.8329,True,0.0413,21.09,34.94,188.17,277.85,306.61,384.99
1210,42.0549,2,bored,0.8062,bored,1.0,0.8302,True,0.0392,19.64,37.76,189.09,275.49,306.84,377.63
1211,42.0814,2,bored,0.8253,bored,1.0,0.828,True,0.0395,19.89,29.0,189.54,275.75,307.22,378.81
1212,42.1158,2,bored,0.8086,bored,1.0,0.8253,True,0.041,17.92,21.3,188.8,275.5,307.32,381.72
1213,42.1628,2,bored,0.8086,bored,1.0,0.8234,True,0.041,22.07,33.78,188.8,275.5,307.32,381.72
1214,42.1924,2,bored,0.8241,bored,1.0,0.8242,True,0.0407,19.51,37.1,189.06,277.9,307.29,383.69
1215,42.2193,2,bored,0.8154,bored,1.0,0.8247,True,0.0415,20.17,24.53,188.1,277.96,307.58,384.74
1216,42.2601,2,bored,0.8154,bored,1.0,0.8238,True,0.0415,25.44,30.33,188.1,277.96,307.58,384.74
1217,42.2931,2,bored,0.807,bored,1.0,0.8242,True,0.0403,24.6,31.49,189.16,278.07,307.02,383.04
1218,42.3248,2,bored,0.795,bored,1.0,0.8226,True,0.0407,24.38,28.93,188.89,278.05,307.27,383.67
1219,42.3594,2,bored,0.795,bored,1.0,0.821,True,0.0407,24.7,31.03,188.89,278.05,307.27,383.67
1220,42.3916,2,bored,0.8116,bored,1.0,0.8187,True,0.0403,20.36,35.88,188.38,278.1,307.3,382.23
1221,42.4195,2,bored,0.8289,bored,1.0,0.8167,True,0.0409,21.61,19.36,188.67,278.35,307.62,383.97
1222,42.4711,2,bored,0.8289,bored,1.0,0.8147,True,0.0409,20.62,37.07,188.67,278.35,307.62,383.97
1223,42.4981,2,bored,0.8245,bored,1.0,0.8129,True,0.0408,21.14,34.63,188.66,278.36,307.5,383.82
1224,42.527,2,bored,0.8342,bored,1.0,0.8114,True,0.0397,18.84,26.34,189.76,278.51,307.57,382.06
1225,42.565,2,bored,0.8342,bored,1.0,0.8098,True,0.0397,19.67,36.79,189.76,278.51,307.57,382.06
1226,42.5921,2,bored,0.83,bored,1.0,0.8087,True,0.04,18.04,37.75,189.81,278.42,307.32,383.04
1227,42.6186,2,bored,0.8328,bored,1.0,0.8077,True,0.0404,19.92,23.38,189.31,278.59,307.23,383.9
1228,42.6614,2,bored,0.8328,bored,1.0,0.8093,True,0.0404,20.75,35.47,189.31,278.59,307.23,383.9
1229,42.6896,2,bored,0.8241,bored,1.0,0.8108,True,0.0405,21.08,35.8,188.35,278.58,307.5,382.99
1230,42.7175,2,bored,0.8425,bored,1.0,0.8133,True,0.0407,18.74,25.43,188.97,278.49,307.21,384.34
1231,42.7569,2,bored,0.8425,bored,1.0,0.8157,True,0.0407,21.1,33.23,188.97,278.49,307.21,384.34
1232,42.787,2,bored,0.8334,bored,1.0,0.8175,True,0.0406,18.97,37.44,188.92,278.61,307.38,383.98
1233,42.8137,2,bored,0.831,bored,1.0,0.8187,True,0.0399,19.15,25.28,189.88,278.49,307.2,383.07
1234,42.8532,2,bored,0.831,bored,1.0,0.8199,True,0.0399,18.3,37.29,189.88,278.49,307.2,383.07
1235,42.88,2,bored,0.8499,bored,1.0,0.8215,True,0.0413,19.11,27.07,189.14,278.14,308.01,384.89
1236,42.917,2,bored,0.8267,bored,1.0,0.8218,True,0.0405,17.38,21.45,189.38,278.08,307.58,383.29
1237,42.9636,2,bored,0.8267,bored,1.0,0.8222,True,0.0405,20.86,34.25,189.38,278.08,307.58,383.29
1238,42.9938,2,bored,0.8455,bored,1.0,0.8237,True,0.0407,19.71,34.63,189.7,278.37,308.09,383.9
1239,43.0217,2,bored,0.8365,bored,1.0,0.8249,True,0.0401,18.87,26.57,189.42,278.63,307.37,383.11
1240,43.0593,2,bored,0.8365,bored,1.0,0.8259,True,0.0401,20.42,35.77,189.42,278.63,307.37,383.11
1241,43.0873,2,bored,0.8143,bored,1.0,0.8256,True,0.0408,18.43,38.02,188.93,278.38,307.58,383.9
1242,43.1136,2,bored,0.8093,bored,1.0,0.8256,True,0.0404,17.94,24.07,189.17,278.38,307.43,383.2
1243,43.1551,2,bored,0.8093,bored,1.0,0.8256,True,0.0404,20.14,35.59,189.17,278.38,307.43,383.2
1244,43.1832,2,bored,0.8222,bored,1.0,0.8256,True,0.0411,18.42,35.79,188.82,278.37,307.97,384.42
1245,43.2112,2,bored,0.8409,bored,1.0,0.8264,True,0.045,20.26,23.68,184.88,279.25,308.06,391.46
1246,43.2534,2,bored,0.8409,bored,1.0,0.8273,True,0.045,18.34,36.54,184.88,279.25,308.06,391.46
1247,43.2808,2,bored,0.8213,bored,1.0,0.8277,True,0.0408,18.53,40.02,188.91,278.46,307.76,383.9
1248,43.3057,2,bored,0.8157,bored,1.0,0.8284,True,0.0405,18.67,17.12,188.52,278.45,307.88,382.56
1249,43.3642,2,bored,0.8065,bored,1.0,0.8288,True,0.0433,18.72,20.72,184.09,280.76,307.53,388.63
1250,43.4124,2,bored,0.8065,bored,1.0,0.8287,True,0.0433,19.99,37.42,184.09,280.76,307.53,388.63
1251,43.4392,2,bored,0.8307,bored,1.0,0.8287,True,0.0453,17.7,40.48,183.46,279.8,308.05,391.53
1252,43.4649,2,bored,0.8307,bored,1.0,0.8288,True,0.0453,20.6,33.94,183.46,279.8,308.05,391.53
1253,43.4933,2,bored,0.8087,bored,1.0,0.8282,True,0.0477,19.71,35.43,182.18,279.09,308.34,395.33
1254,43.5215,2,bored,0.8181,bored,1.0,0.8277,True,0.0475,18.89,28.17,183.16,279.09,308.41,395.58
1255,43.557,2,bored,0.8181,bored,1.0,0.8272,True,0.0475,20.54,35.65,183.16,279.09,308.41,395.58
1256,43.5851,2,bored,0.8073,bored,1.0,0.8264,True,0.05,18.38,36.51,180.93,279.04,308.29,399.54
1257,43.6125,2,bored,0.8149,bored,1.0,0.8258,True,0.0487,19.74,23.67,181.86,278.32,308.43,396.64
1258,43.6547,2,bored,0.8149,bored,1.0,0.8252,True,0.0487,17.51,38.02,181.86,278.32,308.43,396.64
1259,43.681,2,bored,0.8108,bored,1.0,0.8248,True,0.0456,19.34,36.51,182.88,279.16,308.15,391.03
1260,43.7084,2,bored,0.7743,bored,1.0,0.8225,True,0.0409,18.02,27.25,186.85,278.12,308.19,381.69
1261,43.7451,2,bored,0.7983,bored,1.0,0.821,True,0.0492,18.62,14.84,180.54,278.89,308.38,397.04
1262,43.8125,2,bored,0.7983,bored,1.0,0.8199,True,0.0492,19.92,34.68,180.54,278.89,308.38,397.04
1263,43.8414,2,bored,0.7769,bored,1.0,0.8181,True,0.0496,19.57,35.69,179.62,278.97,308.42,397.39
1264,43.8694,2,bored,0.7769,bored,1.0,0.8163,True,0.0496,18.96,36.34,179.62,278.97,308.42,397.39
1265,43.8969,2,bored,0.7993,bored,1.0,0.8146,True,0.0507,19.85,35.75,180.25,278.81,308.51,400.21
1266,43.9249,2,bored,0.7094,bored,1.0,0.8107,True,0.05,18.98,30.43,180.17,278.93,308.25,398.89
1267,43.9577,2,bored,0.7094,bored,1.0,0.8068,True,0.05,20.57,38.29,180.17,278.93,308.25,398.89
1268,43.9838,2,bored,0.7873,bored,1.0,0.8048,True,0.0495,18.74,38.27,180.49,279.3,308.34,398.17
1269,44.01,2,bored,0.7599,bored,1.0,0.8023,True,0.0412,21.39,22.34,187.39,277.7,308.16,382.52
1270,44.0547,2,bored,0.7599,bored,1.0,0.7997,True,0.0412,19.14,39.07,187.39,277.7,308.16,382.52
1271,44.0813,2,bored,0.8168,bored,1.0,0.7998,True,0.0455,21.16,33.7,183.49,279.23,307.91,391.7
1272,44.11,2,bored,0.6706,bored,1.0,0.7952,True,0.0401,21.6,26.32,189.05,277.55,306.68,382.24
1273,44.148,2,bored,0.6811,bored,1.0,0.7909,True,0.0402,20.69,20.35,188.35,275.7,306.63,379.98
1274,44.1971,2,bored,0.6811,bored,1.0,0.7862,True,0.0402,20.23,35.78,188.35,275.7,306.63,379.98
1275,44.2251,2,bored,0.8551,bored,1.0,0.7867,True,0.0369,19.11,30.75,189.73,276.99,305.09,375.35
1276,44.2576,2,bored,0.8405,bored,1.0,0.7866,True,0.0362,36.87,15.06,190.22,272.68,303.92,370.58
1277,44.324,2,bored,0.8405,bored,1.0,0.7873,True,0.0362,29.07,26.38,190.22,272.68,303.92,370.58
1278,44.3619,2,bored,0.818,bored,1.0,0.7874,True,0.038,30.61,27.0,188.4,271.79,304.64,372.33
1279,44.399,2,bored,0.818,bored,1.0,0.7877,True,0.038,21.29,35.11,188.4,271.79,304.64,372.33
1280,44.4274,2,bored,0.8296,bored,1.0,0.7885,True,0.0396,20.77,34.64,189.44,269.28,304.13,375.26
1281,44.4563,2,bored,0.8426,bored,1.0,0.7889,True,0.0424,23.49,33.51,187.96,268.36,304.05,380.64
1282,44.4862,2,bored,0.8426,bored,1.0,0.7893,True,0.0424,23.22,33.75,187.96,268.36,304.05,380.64
1283,44.5158,2,bored,0.7909,bored,1.0,0.7887,True,0.0415,19.83,37.26,188.33,266.58,303.68,377.04
1284,44.5426,2,bored,0.8742,bored,1.0,0.7906,True,0.0426,22.31,34.42,188.43,265.38,303.19,379.43
1285,44.5717,2,bored,0.8732,bored,1.0,0.7924,True,0.0438,19.92,37.19,187.24,263.66,303.49,379.34
1286,44.5986,2,bored,0.8732,bored,1.0,0.7946,True,0.0438,19.97,38.09,187.24,263.66,303.49,379.34
1287,44.6248,2,bored,0.8944,bored,1.0,0.7973,True,0.0432,20.26,37.79,184.26,262.58,301.95,375.41
1288,44.6513,2,bored,0.8352,bored,1.0,0.7979,True,0.0422,20.29,17.69,183.71,262.47,300.54,373.32
1289,44.7078,2,bored,0.8352,bored,1.0,0.7988,True,0.0422,23.85,32.45,183.71,262.47,300.54,373.32
1290,44.7386,2,bored,0.8608,bored,1.0,0.8016,True,0.0444,19.91,37.98,178.97,261.25,300.57,373.34
1291,44.765,2,bored,0.8608,bored,1.0,0.8037,True,0.0444,19.62,37.4,178.97,261.25,300.57,373.34
1292,44.7917,2,bored,0.8939,bored,1.0,0.8069,True,0.0417,21.03,34.54,178.91,261.89,296.26,371.16
1293,44.8207,2,bored,0.8931,bored,1.0,0.8108,True,0.0396,20.89,31.57,178.69,262.68,293.47,368.77
1294,44.8523,2,bored,0.8931,bored,1.0,0.8147,True,0.0396,20.52,33.23,178.69,262.68,293.47,368.77
1295,44.8824,2,bored,0.9063,bored,1.0,0.8182,True,0.0411,20.17,37.44,176.84,262.39,293.38,370.78
1296,44.9091,2,bored,0.8675,bored,1.0,0.8235,True,0.0404,20.03,24.48,174.76,262.92,290.06,370.54
1297,44.95,2,bored,0.8622,bored,1.0,0.8286,True,0.0378,20.11,21.36,176.42,263.7,289.63,366.18
1298,44.9968,2,bored,0.8622,bored,1.0,0.8311,True,0.0378,22.04,35.6,176.42,263.7,289.63,366.18
1299,45.0249,2,bored,0.8976,bored,1.0,0.8357,True,0.0362,22.24,33.46,174.39,263.3,282.6,366.11
1300,45.0548,2,bored,0.8825,bored,1.0,0.8398,True,0.0404,20.25,26.9,172.45,262.6,282.74,375.24
1301,45.092,2,bored,0.8825,bored,1.0,0.8419,True,0.0404,20.37,37.02,172.45,262.6,282.74,375.24
1302,45.119,2,bored,0.8533,bored,1.0,0.848,True,0.0443,19.85,25.98,167.77,262.55,279.84,383.9
1303,45.1575,2,bored,0.8453,bored,1.0,0.8535,True,0.0478,20.17,20.35,168.31,262.8,288.36,385.07
1304,45.2066,2,bored,0.8453,bored,1.0,0.859,True,0.0478,21.09,31.76,168.31,262.8,288.36,385.07
1305,45.2381,2,bored,0.8475,bored,1.0,0.8587,True,0.0424,19.43,38.52,172.5,264.8,288.6,376.99
1306,45.2641,2,bored,0.821,bored,1.0,0.8581,True,0.0358,19.36,28.71,171.4,267.78,267.81,381.89
1307,45.2989,2,bored,0.821,bored,1.0,0.8574,True,0.0358,20.89,34.35,171.4,267.78,267.81,381.89
1308,45.328,2,bored,0.8522,bored,1.0,0.8586,True,0.0406,20.39,35.13,173.25,267.79,282.96,381.48
1309,45.3565,2,bored,0.5594,bored,1.0,0.85,True,0.0495,21.84,24.08,172.88,267.37,299.44,387.42
1310,45.398,2,bored,0.5594,bored,1.0,0.8409,True,0.0495,20.33,37.19,172.88,267.37,299.44,387.42
1311,45.4249,2,bored,0.821,bored,1.0,0.8402,True,0.0355,20.54,36.86,169.62,269.54,265.3,383.49
1312,45.452,2,bored,0.8386,bored,1.0,0.8401,True,0.0383,18.42,24.85,174.73,270.19,279.41,382.55
1313,45.4922,2,bored,0.8386,bored,1.0,0.8417,True,0.0383,22.75,33.01,174.73,270.19,279.41,382.55
1314,45.5225,2,bored,0.7559,bored,1.0,0.8377,True,0.0435,19.72,35.84,175.96,267.53,290.61,384.11
1315,45.5504,2,bored,0.7079,bored,1.0,0.8322,True,0.0334,19.58,26.39,189.21,266.65,279.26,380.59
1316,45.5893,2,bored,0.7079,bored,1.0,0.8267,True,0.0334,21.04,33.49,189.21,266.65,279.26,380.59
1317,45.6192,2,bored,0.7112,bored,1.0,0.8206,True,0.0315,18.74,29.61,188.54,266.56,273.45,380.67
1318,45.652,2,bored,0.8243,bored,1.0,0.8202,True,0.0363,25.13,18.5,186.63,263.98,282.82,379.75
1319,45.706,2,bored,0.8243,bored,1.0,0.8199,True,0.0363,24.07,30.23,186.63,263.98,282.82,379.75
1320,45.7391,2,bored,0.7597,bored,1.0,0.8165,True,0.0357,20.58,33.36,185.25,260.93,283.2,372.76
1321,45.7691,2,bored,0.6734,bored,1.0,0.8103,True,0.0314,20.41,35.54,193.44,259.2,273.64,379.6
1322,45.7972,2,bored,0.6734,bored,1.0,0.8029,True,0.0314,21.11,33.34,193.44,259.2,273.64,379.6
1323,45.8272,2,bored,0.5726,bored,1.0,0.7922,True,0.0414,20.49,35.75,195.34,260.54,304.4,377.25
1324,45.8562,2,bored,0.7959,bored,1.0,0.789,True,0.0333,20.16,25.16,194.1,255.16,278.8,375.79
1325,45.8949,2,bored,0.7959,bored,1.0,0.7853,True,0.0333,20.4,37.06,194.1,255.16,278.8,375.79
1326,45.9219,3,frustrated,0.2872,bored,0.9667,0.7825,True,0.0431,19.1,36.27,199.45,254.63,312.3,372.08
1327,45.9495,2,bored,0.7595,bored,0.9667,0.7789,True,0.0389,19.45,24.71,198.89,255.91,302.51,371.22
1328,45.9899,2,bored,0.7595,bored,0.9667,0.7754,True,0.0389,19.32,37.42,198.89,255.91,302.51,371.22
1329,46.0167,2,bored,0.7595,bored,0.9667,0.7706,True,0.0409,19.42,36.47,201.14,255.99,307.12,374.51
1330,46.0441,2,bored,0.7986,bored,0.9667,0.7677,True,0.0366,19.71,17.4,199.45,255.66,294.43,374.15
1331,46.1016,2,bored,0.2811,bored,0.9667,0.747,True,0.0442,18.94,21.19,200.56,256.43,315.85,374.08
1332,46.1487,2,bored,0.2811,bored,0.9667,0.7273,True,0.0442,18.04,36.69,200.56,256.43,315.85,374.08
1333,46.176,2,bored,0.8054,bored,0.9667,0.7259,True,0.0316,19.21,36.75,197.72,258.89,283.68,371.87
1334,46.2032,2,bored,0.8054,bored,0.9667,0.7245,True,0.0316,19.5,35.7,197.72,258.89,283.68,371.87
1335,46.2312,2,bored,0.8082,bored,0.9667,0.7232,True,0.0311,19.49,37.03,196.83,259.39,282.02,371.57
1336,46.2582,2,bored,0.4548,bored,0.9667,0.7105,True,0.0427,18.64,30.11,195.54,260.46,315.57,369.85
1337,46.2914,2,bored,0.4548,bored,0.9667,0.6979,True,0.0427,18.05,37.64,195.54,260.46,315.57,369.85
1338,46.318,2,bored,0.8484,bored,0.9667,0.6978,True,0.0319,18.59,37.51,193.28,262.13,281.83,372.92
1339,46.3447,2,bored,0.7632,bored,0.9667,0.7048,True,0.0327,18.77,22.59,195.99,263.27,280.39,382.31
1340,46.3889,2,bored,0.7632,bored,0.9667,0.7118,True,0.0327,18.29,38.2,195.99,263.27,280.39,382.31
1341,46.4151,2,bored,0.7499,bored,0.9667,0.7094,True,0.0318,19.78,37.2,194.58,267.25,280.51,381.0
1342,46.442,2,bored,0.7891,bored,0.9667,0.7077,True,0.0302,19.46,22.43,195.61,269.03,281.82,376.76
1343,46.4866,2,bored,0.8221,bored,0.9667,0.7071,True,0.0279,18.88,16.31,193.79,273.52,279.3,373.62
1344,46.5479,2,bored,0.8221,bored,0.9667,0.7094,True,0.0279,18.73,36.75,193.79,273.52,279.3,373.62
1345,46.5766,2,bored,0.7689,bored,0.9667,0.7115,True,0.03,20.02,33.77,194.75,273.87,277.66,385.01
1346,46.6047,2,bored,0.7689,bored,0.9667,0.7136,True,0.03,19.46,36.41,194.75,273.87,277.66,385.01
1347,46.6322,2,bored,0.7201,bored,0.9667,0.7139,True,0.0314,19.37,35.82,192.31,273.49,277.88,386.37
1348,46.6601,2,bored,0.8162,bored,0.9667,0.7136,True,0.0302,18.95,29.8,192.47,275.71,276.92,385.61
1349,46.6937,2,bored,0.8162,bored,0.9667,0.7133,True,0.0302,20.32,34.42,192.47,275.71,276.92,385.61
1350,46.7227,2,bored,0.2648,bored,0.9667,0.6963,True,0.0419,18.83,37.96,192.97,275.29,309.45,385.87
1351,46.7501,2,bored,0.8343,bored,0.9667,0.7018,True,0.0307,17.6,26.14,191.42,275.57,275.8,387.45
1352,46.7873,2,bored,0.8343,bored,0.9667,0.7074,True,0.0307,19.0,36.28,191.42,275.57,275.8,387.45
1353,46.8149,2,bored,0.8231,bored,0.9667,0.716,True,0.0304,19.24,36.7,192.1,276.82,276.26,387.72
1354,46.8421,2,bored,0.8318,bored,0.9667,0.7173,True,0.0312,18.42,24.35,191.48,274.91,276.13,387.97
1355,46.8832,2,bored,0.8481,bored,0.9667,0.7191,True,0.0316,21.0,19.31,192.11,274.78,278.15,387.6
1356,46.935,2,bored,0.8481,bored,1.0,0.7234,True,0.0316,19.29,36.63,192.11,274.78,278.15,387.6
1357,46.9623,2,bored,0.8764,bored,1.0,0.7272,True,0.0315,18.52,30.76,191.27,273.13,276.07,387.09
1358,46.9948,2,bored,0.895,bored,1.0,0.7318,True,0.0324,19.19,20.4,188.68,273.77,276.54,387.03
1359,47.0438,2,bored,0.895,bored,1.0,0.7363,True,0.0324,20.54,33.42,188.68,273.77,276.54,387.03
1360,47.0737,2,bored,0.8862,bored,1.0,0.7392,True,0.0309,20.44,34.23,190.01,273.41,275.87,383.9
1361,47.1029,2,bored,0.8862,bored,1.0,0.7594,True,0.0309,22.06,32.43,190.01,273.41,275.87,383.9
1362,47.1338,2,bored,0.8971,bored,1.0,0.7799,True,0.0317,20.9,35.2,188.78,274.14,275.85,385.81
1363,47.1622,2,bored,0.8972,bored,1.0,0.783,True,0.0314,18.5,39.75,188.73,273.98,275.57,385.04
1364,47.1873,2,bored,0.8972,bored,1.0,0.786,True,0.0314,19.68,33.57,188.73,273.98,275.57,385.04
1365,47.2171,2,bored,0.9144,bored,1.0,0.7896,True,0.0316,20.86,36.61,190.1,274.27,276.81,386.25
1366,47.245,2,bored,0.9237,bored,1.0,0.8052,True,0.0313,18.89,25.31,191.08,275.87,277.59,387.12
1367,47.284,2,bored,0.9127,bored,1.0,0.8205,True,0.031,19.02,20.68,190.68,276.0,277.62,385.56
1368,47.3323,2,bored,0.9127,bored,1.0,0.8226,True,0.031,20.13,35.53,190.68,276.0,277.62,385.56
1369,47.3605,2,bored,0.8982,bored,1.0,0.8271,True,0.032,18.72,37.87,188.33,277.39,277.44,387.61
1370,47.3869,2,bored,0.8599,bored,1.0,0.8303,True,0.0321,20.12,17.18,187.89,277.65,278.07,387.13
1371,47.4451,2,bored,0.8599,bored,1.0,0.834,True,0.0321,19.57,35.33,187.89,277.65,278.07,387.13
1372,47.4734,2,bored,0.8411,bored,1.0,0.8357,True,0.0298,22.16,31.6,191.87,280.44,277.52,387.28
1373,47.505,2,bored,0.8411,bored,1.0,0.8364,True,0.0298,19.34,38.81,191.87,280.44,277.52,387.28
1374,47.5308,2,bored,0.8566,bored,1.0,0.8375,True,0.0293,19.84,36.61,191.4,281.86,277.47,386.6
1375,47.5581,2,bored,0.8699,bored,1.0,0.8409,True,0.0299,21.21,31.46,190.06,282.28,277.64,387.11
1376,47.5899,2,bored,0.8699,bored,1.0,0.8442,True,0.0299,18.56,39.94,190.06,282.28,277.64,387.11
1377,47.6149,2,bored,0.8663,bored,1.0,0.8491,True,0.0321,18.58,36.38,186.06,280.84,278.49,387.47
1378,47.6424,2,bored,0.8906,bored,1.0,0.8516,True,0.0333,18.29,24.55,186.54,280.82,280.59,389.65
1379,47.6832,2,bored,0.7849,bored,1.0,0.8506,True,0.0362,20.26,19.3,182.66,280.07,281.72,392.43
1380,47.735,2,bored,0.7849,bored,1.0,0.8679,True,0.0362,18.44,36.6,182.66,280.07,281.72,392.43
1381,47.7623,2,bored,0.9084,bored,1.0,0.8704,True,0.0361,19.26,36.67,185.22,279.44,285.56,390.11
1382,47.7896,2,bored,0.8824,bored,1.0,0.872,True,0.0384,18.25,25.83,180.32,280.13,287.29,390.41
1383,47.8283,2,bored,0.8824,bored,1.0,0.8739,True,0.0384,19.93,35.13,180.32,280.13,287.29,390.41
1384,47.8568,2,bored,0.8986,bored,1.0,0.8762,True,0.0399,18.05,27.62,182.34,279.08,293.24,389.68
1385,47.893,2,bored,0.8803,bored,1.0,0.8772,True,0.0433,18.34,21.08,178.89,279.79,298.03,391.36
1386,47.9404,2,bored,0.8803,bored,1.0,0.8783,True,0.0433,19.1,36.05,178.89,279.79,298.03,391.36
1387,47.9681,2,bored,0.8821,bored,1.0,0.8785,True,0.0431,19.38,35.25,180.82,280.61,300.82,390.89
1388,47.9965,2,bored,0.8821,bored,1.0,0.8781,True,0.0431,19.37,36.15,180.82,280.61,300.82,390.89
1389,48.0242,2,bored,0.8968,bored,1.0,0.8781,True,0.0443,19.05,39.39,178.03,281.91,297.62,395.76
1390,48.0496,2,bored,0.9002,bored,1.0,0.8786,True,0.043,17.52,30.15,178.3,284.03,296.41,395.8
1391,48.0827,2,bored,0.9021,bored,1.0,0.8791,True,0.047,18.64,20.42,177.69,282.26,302.09,398.44
1392,48.1317,2,bored,0.9021,bored,1.0,0.8793,True,0.047,18.44,38.48,177.69,282.26,302.09,398.44
1393,48.1577,2,bored,0.8859,bored,1.0,0.8789,True,0.0448,21.42,34.06,178.38,284.01,298.85,398.13
1394,48.187,2,bored,0.8868,bored,1.0,0.8786,True,0.0461,18.15,24.97,177.94,284.16,301.59,398.66
1395,48.2271,2,bored,0.8868,bored,1.0,0.8777,True,0.0461,20.72,34.81,177.94,284.16,301.59,398.66
1396,48.2558,2,bored,0.8887,bored,1.0,0.8765,True,0.0446,19.06,36.31,178.11,285.57,299.14,398.86
1397,48.2833,2,bored,0.8781,bored,1.0,0.8753,True,0.044,18.75,17.48,178.05,285.73,299.26,397.16
1398,48.3405,2,bored,0.8781,bored,1.0,0.8742,True,0.044,18.94,36.49,178.05,285.73,299.26,397.16
1399,48.3679,2,bored,0.892,bored,1.0,0.874,True,0.044,20.29,35.19,178.45,287.14,298.44,399.71
1400,48.3964,2,bored,0.892,bored,1.0,0.875,True,0.044,18.16,37.34,178.45,287.14,298.44,399.71
1401,48.4231,2,bored,0.9029,bored,1.0,0.8765,True,0.0443,21.26,33.59,178.3,286.64,298.66,399.77
1402,48.4529,2,bored,0.9045,bored,1.0,0.8786,True,0.0447,18.74,33.07,177.38,286.88,298.49,400.18
1403,48.4832,2,bored,0.9036,bored,1.0,0.8807,True,0.0443,19.47,20.31,178.3,286.43,298.86,399.19
1404,48.5324,2,bored,0.9036,bored,1.0,0.8822,True,0.0443,19.22,36.71,178.3,286.43,298.86,399.19
1405,48.5596,2,bored,0.8889,bored,1.0,0.8829,True,0.0446,21.36,34.17,179.32,285.19,299.09,399.64
1406,48.5889,2,bored,0.8915,bored,1.0,0.8836,True,0.0444,18.48,25.2,182.04,283.34,299.12,399.83
1407,48.6286,2,bored,0.8915,bored,1.0,0.8844,True,0.0444,20.41,35.36,182.04,283.34,299.12,399.83
1408,48.6569,2,bored,0.8904,bored,1.0,0.8844,True,0.0442,18.11,36.89,181.19,282.79,300.01,397.0
1409,48.684,2,bored,0.8853,bored,1.0,0.8878,True,0.0427,18.53,25.24,179.59,282.97,298.31,393.59
1410,48.7236,2,bored,0.8853,bored,1.0,0.8911,True,0.0427,19.79,35.2,179.59,282.97,298.31,393.59
1411,48.752,2,bored,0.8977,bored,1.0,0.8908,True,0.0428,18.37,36.46,177.85,284.26,294.87,396.52
1412,48.7794,2,bored,0.8931,bored,1.0,0.8911,True,0.0421,19.45,17.41,178.81,284.78,295.68,395.32
1413,48.8368,2,bored,0.8931,bored,1.0,0.8915,True,0.0421,26.06,29.26,178.81,284.78,295.68,395.32
1414,48.871,2,bored,0.9003,bored,1.0,0.8915,True,0.0444,20.62,35.55,179.14,284.65,299.07,398.43
1415,48.8992,2,bored,0.8673,bored,1.0,0.8911,True,0.0424,20.7,28.72,180.8,283.2,301.09,391.61
1416,48.934,2,bored,0.8673,bored,1.0,0.8907,True,0.0424,20.42,33.76,180.8,283.2,301.09,391.61
1417,48.9636,2,bored,0.8884,bored,1.0,0.8909,True,0.0391,22.47,33.57,182.61,283.3,298.7,386.85
1418,48.9934,2,bored,0.8657,bored,1.0,0.8903,True,0.0398,19.82,28.14,181.99,284.59,299.32,388.84
1419,49.0289,2,bored,0.8657,bored,1.0,0.8893,True,0.0398,23.01,31.93,181.99,284.59,299.32,388.84
1420,49.0602,2,bored,0.881,bored,1.0,0.8887,True,0.0407,19.34,35.91,179.72,285.06,298.42,390.27
1421,49.0881,2,bored,0.8722,bored,1.0,0.8877,True,0.0413,18.36,27.04,182.52,283.47,299.52,391.96
1422,49.1251,2,bored,0.8722,bored,1.0,0.8867,True,0.0413,20.73,35.49,182.52,283.47,299.52,391.96
1423,49.1532,2,bored,0.8465,bored,1.0,0.8853,True,0.041,18.38,36.45,182.66,283.39,300.67,390.07
1424,49.1807,2,bored,0.8484,bored,1.0,0.8841,True,0.0439,19.38,25.03,181.7,282.45,301.04,395.36
1425,49.2206,2,bored,0.8484,bored,1.0,0.8828,True,0.0439,18.1,37.08,181.7,282.45,301.04,395.36
1426,49.2476,2,bored,0.8411,bored,1.0,0.8812,True,0.0441,18.26,28.17,180.02,284.53,301.5,395.96
1427,49.2831,2,bored,0.792,bored,1.0,0.8783,True,0.0458,18.37,20.42,178.94,283.57,301.48,398.31
1428,49.3321,2,bored,0.792,bored,1.0,0.8755,True,0.0458,19.02,36.63,178.94,283.57,301.48,398.31
1429,49.3594,2,bored,0.7008,bored,1.0,0.8691,True,0.0445,20.03,36.31,179.89,286.39,302.3,398.09
1430,49.3884,2,bored,0.571,bored,1.0,0.8584,True,0.0444,18.82,24.32,178.47,285.84,299.66,398.48
1431,49.428,2,bored,0.571,bored,1.0,0.8473,True,0.0444,20.42,34.8,178.47,285.84,299.66,398.48
1432,49.4567,2,bored,0.617,bored,1.0,0.8377,True,0.0458,21.46,32.38,176.59,286.15,301.19,398.98
1433,49.4876,2,bored,0.7789,bored,1.0,0.8336,True,0.0434,20.21,25.84,177.38,285.54,294.77,399.21
1434,49.5263,2,bored,0.7789,bored,1.0,0.8294,True,0.0434,20.09,35.02,177.38,285.54,294.77,399.21
1435,49.5549,2,bored,0.7594,bored,1.0,0.8251,True,0.0446,20.87,33.64,177.2,284.6,296.8,399.05
1436,49.5846,2,bored,0.756,bored,1.0,0.8206,True,0.0442,20.55,27.04,177.78,286.41,298.67,398.75
1437,49.6216,2,bored,0.756,bored,1.0,0.8161,True,0.0442,21.89,34.58,177.78,286.41,298.67,398.75
1438,49.6505,2,bored,0.6881,bored,1.0,0.8093,True,0.0465,19.61,36.26,176.82,284.83,301.77,399.17
1439,49.6781,2,bored,0.6942,bored,1.0,0.8029,True,0.046,23.38,16.67,176.45,285.0,300.17,399.32
1440,49.7381,2,bored,0.792,bored,1.0,0.7998,True,0.0381,20.65,22.66,195.84,284.97,300.47,396.73
1441,49.7822,2,bored,0.792,bored,1.0,0.7963,True,0.0381,18.68,38.73,195.84,284.97,300.47,396.73
1442,49.8081,3,frustrated,0.7765,bored,0.9667,0.793,True,0.0408,17.98,37.42,186.09,283.57,299.37,394.3
1443,49.8348,3,frustrated,0.7765,bored,0.9333,0.7894,True,0.0408,18.27,35.4,186.09,283.57,299.37,394.3
1444,49.863,3,frustrated,0.7265,bored,0.9,0.7853,True,0.0425,18.41,38.58,184.03,282.8,299.93,395.41
1445,49.8889,2,bored,0.7239,bored,0.9,0.78,True,0.045,19.3,28.5,185.24,275.93,303.35,392.99
1446,49.924,2,bored,0.7239,bored,0.9,0.7747,True,0.045,19.67,37.03,185.24,275.93,303.35,392.99
1447,49.951,2,bored,0.7265,bored,0.9,0.7687,True,0.0458,19.4,36.59,179.54,277.18,301.6,392.38
1448,49.9784,2,bored,0.8375,bored,0.9,0.7676,True,0.0458,20.12,22.49,180.59,276.37,301.24,392.99
1449,50.0228,2,bored,0.8375,bored,0.9,0.7666,True,0.0458,21.13,34.52,180.59,276.37,301.24,392.99
1450,50.0518,2,bored,0.8438,bored,0.9,0.7652,True,0.0439,18.68,37.85,183.08,277.7,301.11,391.95
1451,50.0782,2,bored,0.7893,bored,0.9,0.7622,True,0.0452,20.83,25.22,179.9,279.34,301.19,393.85
1452,50.1179,2,bored,0.7769,bored,0.9,0.7586,True,0.0442,19.02,15.85,179.73,281.64,300.09,394.41
1453,50.181,2,bored,0.7769,bored,0.9,0.756,True,0.0442,19.76,37.35,179.73,281.64,300.09,394.41
1454,50.2077,2,bored,0.7891,bored,0.9,0.7539,True,0.0465,18.43,39.37,176.46,282.53,301.92,396.49
1455,50.2331,2,bored,0.7891,bored,0.9,0.7517,True,0.0465,19.41,35.57,176.46,282.53,301.92,396.49
1456,50.2613,2,bored,0.6819,bored,0.9,0.7458,True,0.041,19.32,38.5,177.2,285.59,293.9,393.49
1457,50.2872,2,bored,0.8692,bored,0.9,0.7486,True,0.0409,19.01,26.46,175.38,287.76,295.55,392.35
1458,50.325,2,bored,0.8692,bored,0.9,0.7515,True,0.0409,20.41,36.09,175.38,287.76,295.55,392.35
1459,50.3527,2,bored,0.8527,bored,0.9,0.7571,True,0.0397,19.9,34.9,173.11,286.44,288.86,391.72
1460,50.3814,2,bored,0.8568,bored,0.9,0.7677,True,0.0376,17.36,26.57,177.37,287.12,288.26,391.24
1461,50.419,2,bored,0.8568,bored,0.9,0.7783,True,0.0376,20.6,36.13,177.37,287.12,288.26,391.24
1462,50.4467,2,bored,0.8566,bored,0.9,0.7872,True,0.0378,20.07,35.62,175.66,287.54,288.53,390.3
1463,50.4748,2,bored,0.846,bored,0.9,0.7896,True,0.0381,20.75,22.6,177.01,286.85,289.52,390.89
1464,50.519,2,bored,0.8578,bored,0.9,0.7926,True,0.0387,19.56,22.49,177.6,287.0,292.37,390.49
1465,50.5635,2,bored,0.8578,bored,0.9,0.7962,True,0.0387,20.12,35.72,177.6,287.0,292.37,390.49
1466,50.5915,2,bored,0.8704,bored,0.9,0.8005,True,0.039,19.38,28.33,181.51,289.07,295.04,394.58
1467,50.6268,2,bored,0.8689,bored,0.9,0.8046,True,0.0376,19.18,20.27,181.96,289.24,291.75,394.57
1468,50.6761,2,bored,0.8689,bored,0.9,0.8113,True,0.0376,17.82,39.1,181.96,289.24,291.75,394.57
1469,50.7017,2,bored,0.8625,bored,0.9,0.8176,True,0.038,19.75,34.86,179.51,289.01,291.69,392.98
1470,50.7304,2,bored,0.8625,bored,0.9,0.8202,True,0.038,18.53,36.33,179.51,289.01,291.69,392.98
1471,50.7579,2,bored,0.8583,bored,0.9,0.8226,True,0.0376,21.42,35.43,182.02,288.6,292.41,393.36
1472,50.7861,2,bored,0.8685,bored,0.9333,0.8243,True,0.0376,18.33,31.6,184.58,288.23,292.64,395.23
1473,50.8178,2,bored,0.8685,bored,0.9667,0.8258,True,0.0376,18.22,37.97,184.58,288.23,292.64,395.23
1474,50.8441,2,bored,0.8496,bored,1.0,0.8266,True,0.0328,18.54,36.16,200.17,289.18,294.43,395.99
1475,50.8717,2,bored,0.85,bored,1.0,0.8308,True,0.0375,18.99,23.69,186.64,288.7,297.89,392.24
1476,50.914,2,bored,0.8409,bored,1.0,0.8347,True,0.0355,18.11,21.29,185.91,288.95,294.72,389.06
1477,50.9619,2,bored,0.8409,bored,1.0,0.8385,True,0.0355,19.51,35.61,185.91,288.95,294.72,389.06
1478,50.989,2,bored,0.8365,bored,1.0,0.8385,True,0.0379,22.34,34.04,182.18,289.01,297.14,390.34
1479,51.0184,2,bored,0.8587,bored,1.0,0.8392,True,0.0352,18.94,17.96,191.19,289.53,295.21,393.4
1480,51.0741,2,bored,0.8587,bored,1.0,0.8397,True,0.0352,20.99,34.73,191.19,289.53,295.21,393.4
1481,51.1028,2,bored,0.8557,bored,1.0,0.8419,True,0.0347,20.17,34.17,190.05,288.55,294.94,390.19
1482,51.1321,2,bored,0.8557,bored,1.0,0.8445,True,0.0347,18.54,36.56,190.05,288.55,294.94,390.19
1483,51.1595,2,bored,0.863,bored,1.0,0.8474,True,0.0394,20.31,37.44,181.44,288.1,294.43,395.31
1484,51.1862,2,bored,0.8679,bored,1.0,0.85,True,0.0385,19.6,31.41,183.82,289.04,296.31,394.19
1485,51.218,2,bored,0.8679,bored,1.0,0.8526,True,0.0385,19.0,35.64,183.82,289.04,296.31,394.19
1486,51.2461,2,bored,0.8711,bored,1.0,0.8589,True,0.0416,19.81,34.13,180.86,288.17,298.72,396.52
1487,51.2754,2,bored,0.8639,bored,1.0,0.8588,True,0.0418,19.44,25.44,182.02,287.3,299.16,397.04
1488,51.3147,2,bored,0.8679,bored,1.0,0.8587,True,0.0431,19.17,20.45,181.76,286.94,300.68,398.31
1489,51.3636,2,bored,0.8679,bored,1.0,0.8592,True,0.0431,18.67,37.97,181.76,286.94,300.68,398.31
1490,51.3899,2,bored,0.8704,bored,1.0,0.8597,True,0.0435,19.62,35.84,181.56,286.98,301.59,398.22
1491,51.4178,2,bored,0.8515,bored,1.0,0.8595,True,0.0442,18.03,24.96,179.73,286.98,301.74,398.38
1492,51.4589,2,bored,0.8515,bored,1.0,0.8593,True,0.0442,18.51,37.0,179.73,286.98,301.74,398.38
1493,51.4849,2,bored,0.8713,bored,1.0,0.8602,True,0.0439,19.05,27.12,180.68,286.68,301.71,398.2
1494,51.5218,2,bored,0.8761,bored,1.0,0.8608,True,0.0433,19.95,20.32,181.0,287.19,300.89,398.07
1495,51.5725,2,bored,0.8761,bored,1.0,0.8614,True,0.0433,20.16,34.49,181.0,287.19,300.89,398.07
1496,51.6,2,bored,0.8475,bored,1.0,0.8606,True,0.0419,18.67,37.33,184.06,287.81,301.32,397.56
1497,51.6268,2,bored,0.8475,bored,1.0,0.8599,True,0.0419,19.03,36.68,184.06,287.81,301.32,397.56
1498,51.654,2,bored,0.8646,bored,1.0,0.8598,True,0.0424,19.96,35.03,181.22,287.88,300.32,397.29
1499,51.6836,2,bored,0.8624,bored,1.0,0.8598,True,0.0416,18.76,31.2,183.29,288.23,300.54,397.29
1500,51.7146,2,bored,0.8508,bored,1.0,0.8594,True,0.0384,19.16,20.65,184.01,289.18,295.4,394.94
1501,51.7631,2,bored,0.8508,bored,1.0,0.8591,True,0.0384,21.4,34.04,184.01,289.18,295.4,394.94
1502,51.7924,2,bored,0.8523,bored,1.0,0.8586,True,0.0383,23.35,31.87,183.29,288.68,295.79,393.37
1503,51.8238,2,bored,0.8607,bored,1.0,0.8583,True,0.0396,19.39,27.31,182.35,288.87,297.14,394.85
1504,51.8604,2,bored,0.8607,bored,1.0,0.8587,True,0.0396,24.39,30.81,182.35,288.87,297.14,394.85
1505,51.8929,2,bored,0.8702,bored,1.0,0.8594,True,0.0421,21.4,33.97,182.52,289.65,300.62,399.28
1506,51.9223,2,bored,0.8787,bored,1.0,0.8606,True,0.0423,22.35,26.46,180.73,288.99,299.09,398.89
1507,51.9601,2,bored,0.8787,bored,1.0,0.8619,True,0.0423,21.24,33.61,180.73,288.99,299.09,398.89
1508,51.9899,2,bored,0.8689,bored,1.0,0.863,True,0.0394,22.51,28.77,181.5,288.78,296.11,394.43
1509,52.0246,2,bored,0.8689,bored,1.0,0.8633,True,0.0394,20.04,36.26,181.5,288.78,296.11,394.43
1510,52.0522,2,bored,0.8862,bored,1.0,0.8642,True,0.0405,19.54,36.19,180.83,288.87,295.45,397.33
1511,52.0798,2,bored,0.8748,bored,1.0,0.8649,True,0.04,18.89,30.62,180.92,289.16,294.99,396.95
1512,52.1125,2,bored,0.8803,bored,1.0,0.8657,True,0.0395,17.59,20.42,180.34,289.45,294.85,395.34
1513,52.1625,2,bored,0.8803,bored,1.0,0.8663,True,0.0395,19.58,35.2,180.34,289.45,294.85,395.34
1514,52.1899,2,bored,0.8888,bored,1.0,0.867,True,0.0405,19.06,36.78,180.64,289.53,295.08,398.12
1515,52.2171,2,bored,0.8973,bored,1.0,0.8679,True,0.0419,19.69,23.41,179.71,288.92,297.19,398.46
1516,52.2598,2,bored,0.8973,bored,1.0,0.8688,True,0.0419,19.83,35.19,179.71,288.92,297.19,398.46
1517,52.2896,2,bored,0.8831,bored,1.0,0.8695,True,0.0409,18.86,37.4,180.35,289.18,297.13,396.71
1518,52.3149,2,bored,0.8505,bored,1.0,0.8689,True,0.0428,18.57,26.55,182.19,288.33,302.04,398.08
1519,52.3526,2,bored,0.8505,bored,1.0,0.8683,True,0.0428,19.04,37.04,182.19,288.33,302.04,398.08
1520,52.3796,2,bored,0.8517,bored,1.0,0.8677,True,0.0438,19.02,36.54,180.25,287.07,301.72,397.87
1521,52.4069,2,bored,0.8706,bored,1.0,0.8683,True,0.0429,20.26,16.89,180.78,286.87,300.17,397.28
1522,52.4662,2,bored,0.8706,bored,1.0,0.8689,True,0.0429,17.95,37.84,180.78,286.87,300.17,397.28
1523,52.4926,2,bored,0.867,bored,1.0,0.8688,True,0.0426,19.54,36.21,181.25,287.31,300.67,396.92
1524,52.5202,2,bored,0.8509,bored,1.0,0.868,True,0.0434,18.77,22.99,181.56,286.47,300.21,398.75
1525,52.5637,2,bored,0.8509,bored,1.0,0.8671,True,0.0434,22.6,31.93,181.56,286.47,300.21,398.75
1526,52.595,2,bored,0.8597,bored,1.0,0.8675,True,0.0433,19.56,33.82,181.31,286.79,299.81,399.07
1527,52.6246,2,bored,0.8619,bored,1.0,0.868,True,0.0445,18.95,29.22,181.42,286.9,300.8,401.39
1528,52.6588,2,bored,0.8619,bored,1.0,0.8679,True,0.0445,19.4,37.24,181.42,286.9,300.8,401.39
1529,52.6857,2,bored,0.8619,bored,1.0,0.8679,True,0.0444,20.11,34.35,182.04,287.3,300.59,402.43
1530,52.7148,2,bored,0.8751,bored,1.0,0.8687,True,0.0436,19.12,23.23,182.38,288.52,300.36,402.13
1531,52.7578,2,bored,0.8751,bored,1.0,0.8695,True,0.0436,22.88,32.3,182.38,288.52,300.36,402.13
1532,52.7888,2,bored,0.8811,bored,1.0,0.8705,True,0.0441,19.6,36.97,181.12,288.79,300.26,402.58
1533,52.8158,2,bored,0.8674,bored,1.0,0.8707,True,0.0429,18.5,28.43,183.18,288.55,300.32,400.97
1534,52.851,2,bored,0.8744,bored,1.0,0.8712,True,0.0451,19.52,14.66,179.88,288.27,301.12,402.58
1535,52.9192,2,bored,0.8744,bored,1.0,0.8713,True,0.0451,19.14,39.04,179.88,288.27,301.12,402.58
1536,52.9448,2,bored,0.8664,bored,1.0,0.8709,True,0.0434,19.29,36.47,181.35,289.09,300.64,400.94
1537,52.9722,2,bored,0.8664,bored,1.0,0.8705,True,0.0434,19.35,36.04,181.35,289.09,300.64,400.94
1538,53.0,2,bored,0.8657,bored,1.0,0.8704,True,0.0443,18.7,36.84,181.48,288.32,301.49,401.74
1539,53.0271,2,bored,0.874,bored,1.0,0.8705,True,0.0445,19.59,30.16,180.9,288.02,300.47,402.28
1540,53.0603,2,bored,0.874,bored,1.0,0.8701,True,0.0445,21.38,33.87,180.9,288.02,300.47,402.28
1541,53.0898,2,bored,0.8751,bored,1.0,0.8701,True,0.0442,19.57,36.21,180.52,287.66,300.93,400.39
1542,53.1174,2,bored,0.8858,bored,1.0,0.8703,True,0.0453,18.88,26.14,179.43,287.24,301.72,400.99
1543,53.1557,2,bored,0.8858,bored,1.0,0.8705,True,0.0453,19.23,36.63,179.43,287.24,301.72,400.99
1544,53.1829,2,bored,0.8739,bored,1.0,0.87,True,0.0442,19.05,39.66,178.86,288.38,300.47,400.08
1545,53.2082,2,bored,0.8929,bored,1.0,0.8699,True,0.0449,18.99,22.51,177.98,288.05,300.35,400.89
1546,53.2526,2,bored,0.8935,bored,1.0,0.8697,True,0.0442,20.03,20.35,178.75,288.35,300.26,400.22
1547,53.3017,2,bored,0.8935,bored,1.0,0.8701,True,0.0442,20.28,34.83,178.75,288.35,300.26,400.22
1548,53.3304,2,bored,0.8875,bored,1.0,0.8713,True,0.0445,17.34,28.88,178.14,288.05,300.28,400.01
1549,53.3651,2,bored,0.8784,bored,1.0,0.8723,True,0.0439,18.93,20.46,178.84,287.94,300.16,399.03
1550,53.4139,2,bored,0.8784,bored,1.0,0.8731,True,0.0439,19.71,35.36,178.84,287.94,300.16,399.03
1551,53.4422,2,bored,0.8872,bored,1.0,0.8737,True,0.0449,20.89,35.17,178.38,286.88,300.17,400.19
1552,53.4706,2,bored,0.8872,bored,1.0,0.8743,True,0.0449,20.12,34.64,178.38,286.88,300.17,400.19
1553,53.4995,2,bored,0.8877,bored,1.0,0.8749,True,0.0446,20.05,36.02,178.32,287.35,299.84,400.21
1554,53.5273,2,bored,0.89,bored,1.0,0.8762,True,0.044,18.77,33.84,178.64,287.54,299.2,399.54
1555,53.5568,2,bored,0.89,bored,1.0,0.8776,True,0.044,19.97,35.72,178.64,287.54,299.2,399.54
1556,53.5848,2,bored,0.867,bored,1.0,0.8778,True,0.0434,17.97,38.47,179.22,288.21,299.78,398.79
1557,53.6108,2,bored,0.8574,bored,1.0,0.8776,True,0.0421,19.32,24.41,179.57,288.44,298.93,396.76
1558,53.6528,2,bored,0.8747,bored,1.0,0.8781,True,0.0442,20.65,19.62,179.24,287.83,299.41,400.74
1559,53.7027,2,bored,0.8747,bored,1.0,0.8785,True,0.0442,20.74,35.9,179.24,287.83,299.41,400.74
1560,53.7306,2,bored,0.8834,bored,1.0,0.8788,True,0.0447,19.56,37.02,178.55,288.3,300.43,401.02
1561,53.7576,2,bored,0.8735,bored,1.0,0.8787,True,0.0445,19.06,17.81,179.25,287.82,300.19,400.83
1562,53.8138,2,bored,0.8735,bored,1.0,0.8785,True,0.0445,25.75,30.18,179.25,287.82,300.19,400.83
1563,53.8469,2,bored,0.8791,bored,1.0,0.8789,True,0.0446,25.44,30.02,178.8,288.24,300.8,400.57
1564,53.8802,2,bored,0.8791,bored,1.0,0.879,True,0.0446,25.35,29.98,178.8,288.24,300.8,400.57
1565,53.9135,2,bored,0.8874,bored,1.0,0.8794,True,0.0443,24.17,32.03,178.82,288.6,299.95,400.84
1566,53.9448,2,bored,0.8819,bored,1.0,0.88,True,0.0446,20.2,34.75,179.5,287.75,300.72,400.85
1567,53.9735,2,bored,0.8819,bored,1.0,0.8805,True,0.0446,20.54,31.7,179.5,287.75,300.72,400.85
1568,54.0061,2,bored,0.8973,bored,1.0,0.8815,True,0.045,21.17,33.27,179.15,288.42,300.98,401.9
1569,54.0351,2,bored,0.8997,bored,1.0,0.8824,True,0.0451,21.28,33.9,178.93,288.21,300.52,402.26
1570,54.0646,2,bored,0.8893,bored,1.0,0.8829,True,0.0442,18.63,28.35,178.73,288.4,299.58,400.75
1571,54.0999,2,bored,0.8893,bored,1.0,0.8834,True,0.0442,18.98,37.14,178.73,288.4,299.58,400.75
1572,54.1268,2,bored,0.8893,bored,1.0,0.8835,True,0.0442,19.17,37.52,179.73,288.46,300.04,401.25
1573,54.1535,2,bored,0.9021,bored,1.0,0.884,True,0.0446,18.67,22.59,178.99,288.28,300.02,401.41
1574,54.1978,2,bored,0.9021,bored,1.0,0.885,True,0.0446,17.42,39.12,178.99,288.28,300.02,401.41
1575,54.2233,2,bored,0.8958,bored,1.0,0.8851,True,0.0449,20.39,26.03,178.54,288.37,300.32,401.62
1576,54.2617,2,bored,0.9014,bored,1.0,0.8853,True,0.0442,19.21,20.48,178.6,288.63,299.99,400.44
1577,54.3106,2,bored,0.9014,bored,1.0,0.8856,True,0.0442,19.07,38.81,178.6,288.63,299.99,400.44
1578,54.3363,2,bored,0.9026,bored,1.0,0.8861,True,0.0445,19.65,36.88,179.18,288.86,300.17,401.75
1579,54.3635,2,bored,0.9026,bored,1.0,0.8869,True,0.0445,21.09,35.21,179.18,288.86,300.17,401.75
1580,54.3919,2,bored,0.8945,bored,1.0,0.8874,True,0.0439,20.4,34.97,180.02,289.2,300.6,400.92
1581,54.4205,2,bored,0.894,bored,1.0,0.8877,True,0.0438,20.09,29.81,180.6,288.86,300.11,401.49
1582,54.454,2,bored,0.8971,bored,1.0,0.888,True,0.0435,18.19,22.47,180.27,288.88,300.08,400.51
1583,54.4985,2,bored,0.8971,bored,1.0,0.8883,True,0.0435,20.86,33.86,180.27,288.88,300.08,400.51
1584,54.528,2,bored,0.9053,bored,1.0,0.8888,True,0.044,19.43,35.78,179.99,289.94,300.59,401.9
1585,54.556,2,bored,0.9062,bored,1.0,0.8893,True,0.0433,18.28,25.65,180.83,289.58,300.08,401.12
1586,54.596,2,bored,0.9062,bored,1.0,0.8907,True,0.0433,21.05,35.21,180.83,289.58,300.08,401.12
1587,54.6234,2,bored,0.902,bored,1.0,0.8921,True,0.0431,20.89,35.04,181.37,289.79,300.36,401.16
1588,54.6519,2,bored,0.909,bored,1.0,0.8933,True,0.0429,19.87,16.92,180.82,290.15,300.44,400.23
1589,54.711,2,bored,0.909,bored,1.0,0.8944,True,0.0429,21.04,35.85,180.82,290.15,300.44,400.23
1590,54.7389,2,bored,0.9037,bored,1.0,0.8951,True,0.0432,19.06,36.9,181.95,289.55,301.46,400.48
1591,54.766,2,bored,0.9037,bored,1.0,0.8961,True,0.0432,19.62,36.29,181.95,289.55,301.46,400.48
1592,54.7936,2,bored,0.9092,bored,1.0,0.8973,True,0.0433,20.79,35.27,180.31,290.24,300.67,400.79
1593,54.8219,2,bored,0.9035,bored,1.0,0.8981,True,0.043,20.58,30.65,180.35,290.36,300.33,400.43
1594,54.8546,2,bored,0.9101,bored,1.0,0.8991,True,0.0435,18.1,21.98,180.09,290.77,301.23,401.04
1595,54.9001,2,bored,0.9101,bored,1.0,0.8999,True,0.0435,18.57,37.37,180.09,290.77,301.23,401.04
1596,54.9278,2,bored,0.9088,bored,1.0,0.9008,True,0.0437,19.22,36.06,179.26,290.53,300.66,401.21
1597,54.9546,2,bored,0.9126,bored,1.0,0.9018,True,0.0433,20.62,23.44,179.22,290.58,300.6,400.2
1598,54.9972,2,bored,0.9126,bored,1.0,0.9023,True,0.0433,19.96,35.68,179.22,290.58,300.6,400.2
1599,55.0253,2,bored,0.9107,bored,1.0,0.9027,True,0.0439,20.13,35.8,179.52,291.37,301.02,402.29
1600,55.0532,2,bored,0.913,bored,1.0,0.9035,True,0.0438,18.84,27.88,179.85,290.5,301.21,401.44
1601,55.089,2,bored,0.913,bored,1.0,0.9043,True,0.0438,20.51,36.89,179.85,290.5,301.21,401.44
1602,55.1162,2,bored,0.9118,bored,1.0,0.905,True,0.0437,18.53,36.99,179.59,291.36,300.55,402.37
1603,55.1432,2,bored,0.917,bored,1.0,0.9055,True,0.0435,18.59,17.18,179.32,291.36,300.29,401.72
1604,55.2014,2,bored,0.917,bored,1.0,0.906,True,0.0435,18.6,36.67,179.32,291.36,300.29,401.72
1605,55.2287,2,bored,0.9161,bored,1.0,0.9067,True,0.0441,20.55,35.64,178.98,291.02,299.95,403.02
1606,55.2567,2,bored,0.9174,bored,1.0,0.9072,True,0.0445,18.34,24.83,178.94,290.61,300.72,402.95
1607,55.297,2,bored,0.9174,bored,1.0,0.9078,True,0.0445,19.78,36.0,178.94,290.61,300.72,402.95
1608,55.3248,2,bored,0.9178,bored,1.0,0.9083,True,0.0445,21.55,33.84,179.11,290.01,300.6,402.41
1609,55.3543,2,bored,0.9152,bored,1.0,0.9087,True,0.0441,20.74,24.03,179.54,290.4,300.49,402.43
1610,55.396,2,bored,0.9152,bored,1.0,0.9094,True,0.0441,19.29,35.94,179.54,290.4,300.49,402.43
1611,55.4238,2,bored,0.9172,bored,1.0,0.9102,True,0.0444,21.52,34.67,179.1,290.1,300.64,402.45
1612,55.4526,2,bored,0.9177,bored,1.0,0.9109,True,0.0441,23.05,24.52,179.36,291.27,300.95,402.65
1613,55.4934,2,bored,0.9177,bored,1.0,0.9115,True,0.0441,24.51,30.72,179.36,291.27,300.95,402.65
1614,55.526,2,bored,0.9179,bored,1.0,0.912,True,0.0443,22.53,33.54,179.02,290.95,300.74,402.66
1615,55.5558,2,bored,0.9216,bored,1.0,0.9125,True,0.0437,24.07,27.47,179.01,291.44,300.02,402.44
1616,55.5922,2,bored,0.9216,bored,1.0,0.913,True,0.0437,22.14,32.04,179.01,291.44,300.02,402.44
1617,55.6234,2,bored,0.9159,bored,1.0,0.9135,True,0.045,19.04,35.71,178.96,290.74,300.97,404.12
1618,55.6514,2,bored,0.9189,bored,1.0,0.9138,True,0.0438,18.34,21.17,179.05,291.49,300.15,402.65
1619,55.6987,2,bored,0.9189,bored,1.0,0.9141,True,0.0438,20.99,35.38,179.05,291.49,300.15,402.65
1620,55.7269,2,bored,0.9164,bored,1.0,0.9145,True,0.0437,19.77,36.01,178.83,291.23,299.84,402.06
1621,55.7547,2,bored,0.9185,bored,1.0,0.915,True,0.0433,19.89,24.29,180.01,291.99,299.58,403.18
1622,55.797,2,bored,0.9185,bored,1.0,0.9153,True,0.0433,20.24,34.57,180.01,291.99,299.58,403.18
1623,55.8248,2,bored,0.9166,bored,1.0,0.9158,True,0.0444,19.59,35.96,178.77,291.39,300.04,403.76
1624,55.8526,2,bored,0.9159,bored,1.0,0.916,True,0.0439,20.07,25.37,179.15,291.71,300.01,403.39
1625,55.892,2,bored,0.9159,bored,1.0,0.9162,True,0.0439,20.89,34.27,179.15,291.71,300.01,403.39
1626,55.9212,2,bored,0.9172,bored,1.0,0.9164,True,0.044,19.69,36.74,178.44,292.19,299.3,404.11
1627,55.9484,2,bored,0.915,bored,1.0,0.9165,True,0.0432,19.78,25.86,179.63,292.53,299.66,403.02
1628,55.9871,2,bored,0.915,bored,1.0,0.9166,True,0.0432,19.53,38.24,179.63,292.53,299.66,403.02
1629,56.0132,2,bored,0.9169,bored,1.0,0.9168,True,0.0432,19.45,38.2,179.87,292.1,299.55,402.86
1630,56.0394,2,bored,0.9186,bored,1.0,0.917,True,0.0437,18.91,17.1,179.88,292.24,300.34,403.72
1631,56.0979,2,bored,0.921,bored,1.0,0.9173,True,0.0435,19.84,20.89,179.43,292.67,299.52,403.89
1632,56.1458,2,bored,0.921,bored,1.0,0.9176,True,0.0435,19.82,35.7,179.43,292.67,299.52,403.89
1633,56.1738,2,bored,0.9184,bored,1.0,0.9176,True,0.0422,19.95,37.23,179.94,293.0,298.94,401.97
1634,56.2007,2,bored,0.9184,bored,1.0,0.9177,True,0.0422,18.64,37.01,179.94,293.0,298.94,401.97
1635,56.2277,2,bored,0.9221,bored,1.0,0.9179,True,0.0427,19.91,35.31,178.77,292.89,299.43,401.53
1636,56.256,2,bored,0.9186,bored,1.0,0.9179,True,0.0429,18.84,28.75,179.49,292.63,299.29,402.52
1637,56.2908,2,bored,0.9186,bored,1.0,0.9179,True,0.0429,22.74,32.77,179.49,292.63,299.29,402.52
1638,56.3213,2,bored,0.9204,bored,1.0,0.918,True,0.0431,19.72,35.75,179.58,292.16,299.62,402.36
1639,56.3493,2,bored,0.9218,bored,1.0,0.9182,True,0.0434,19.04,27.23,178.68,292.29,299.5,402.64
1640,56.386,2,bored,0.9218,bored,1.0,0.9185,True,0.0434,20.64,34.91,178.68,292.29,299.5,402.64
1641,56.4146,2,bored,0.9262,bored,1.0,0.9188,True,0.0432,19.05,35.03,179.85,292.49,299.49,403.41
1642,56.4432,2,bored,0.9237,bored,1.0,0.919,True,0.043,18.05,25.89,179.95,292.4,299.36,403.02
1643,56.4818,2,bored,0.9271,bored,1.0,0.9193,True,0.0433,19.29,15.1,178.4,292.9,298.76,403.53
1644,56.548,2,bored,0.9271,bored,1.0,0.9196,True,0.0433,20.31,34.69,178.4,292.9,298.76,403.53
1645,56.5769,2,bored,0.9265,bored,1.0,0.9197,True,0.0437,19.94,34.47,178.63,292.86,299.64,403.84
1646,56.6059,2,bored,0.9265,bored,1.0,0.9199,True,0.0437,19.73,34.84,178.63,292.86,299.64,403.84
1647,56.6346,2,bored,0.9252,bored,1.0,0.9202,True,0.0439,19.1,36.72,179.05,292.57,299.62,404.5
1648,56.6618,2,bored,0.9242,bored,1.0,0.9204,True,0.044,19.6,33.9,178.42,292.97,299.98,404.23
1649,56.6913,2,bored,0.9242,bored,1.0,0.9206,True,0.044,20.13,35.77,178.42,292.97,299.98,404.23
1650,56.7193,2,bored,0.9226,bored,1.0,0.9208,True,0.0442,19.28,34.95,179.03,291.94,300.02,404.15
1651,56.7479,2,bored,0.9231,bored,1.0,0.9209,True,0.0444,21.91,24.81,178.84,292.3,300.49,404.38
1652,56.7882,2,bored,0.9231,bored,1.0,0.9211,True,0.0444,21.56,33.33,178.84,292.3,300.49,404.38
1653,56.8182,2,bored,0.9249,bored,1.0,0.9214,True,0.0448,19.35,37.35,178.44,291.65,300.75,404.22
1654,56.845,2,bored,0.9256,bored,1.0,0.9217,True,0.0448,19.37,26.33,178.32,291.9,300.44,404.71
1655,56.883,2,bored,0.9282,bored,1.0,0.9221,True,0.0443,18.81,20.81,177.99,292.75,300.25,404.09
1656,56.931,2,bored,0.9282,bored,1.0,0.9225,True,0.0443,20.39,37.83,177.99,292.75,300.25,404.09
1657,56.9574,2,bored,0.9255,bored,1.0,0.9228,True,0.0441,19.54,25.22,178.89,292.67,300.13,404.45
1658,56.9971,2,bored,0.9236,bored,1.0,0.9231,True,0.0439,18.68,21.05,178.81,292.57,299.97,403.81
1659,57.0446,2,bored,0.9236,bored,1.0,0.9233,True,0.0439,20.99,35.71,178.81,292.57,299.97,403.81
1660,57.0726,2,bored,0.9222,bored,1.0,0.9234,True,0.044,19.21,36.5,178.64,291.98,299.28,403.97
1661,57.1,2,bored,0.9222,bored,1.0,0.9235,True,0.044,20.53,36.09,178.64,291.98,299.28,403.97
1662,57.1277,2,bored,0.9189,bored,1.0,0.9234,True,0.0439,19.16,37.29,178.0,292.08,299.18,403.39
1663,57.1545,2,bored,0.9223,bored,1.0,0.9235,True,0.0443,18.87,31.95,177.78,292.35,299.15,404.42
1664,57.1858,2,bored,0.9223,bored,1.0,0.9237,True,0.0443,18.93,36.15,177.78,292.35,299.15,404.42
1665,57.2135,2,bored,0.925,bored,1.0,0.9238,True,0.0441,19.77,36.94,178.28,291.8,299.12,403.97
1666,57.2406,2,bored,0.9277,bored,1.0,0.9241,True,0.044,20.07,23.06,178.78,292.37,299.58,404.28
1667,57.2839,2,bored,0.9224,bored,1.0,0.9242,True,0.0439,20.6,20.96,178.83,291.64,299.87,403.11
1668,57.3316,2,bored,0.9224,bored,1.0,0.9243,True,0.0439,20.31,36.41,178.83,291.64,299.87,403.11
1669,57.3591,2,bored,0.9268,bored,1.0,0.9244,True,0.0451,20.82,35.26,177.99,291.79,300.36,405.01
1670,57.3874,2,bored,0.9275,bored,1.0,0.9246,True,0.0448,19.15,17.97,178.1,291.42,300.0,404.27
1671,57.4431,2,bored,0.9275,bored,1.0,0.9247,True,0.0448,20.44,35.22,178.1,291.42,300.0,404.27
1672,57.4715,2,bored,0.9266,bored,1.0,0.9248,True,0.0447,19.54,36.96,178.15,291.84,300.01,404.61
1673,57.4985,2,bored,0.9266,bored,1.0,0.9248,True,0.0447,20.0,35.47,178.15,291.84,300.01,404.61
1674,57.5267,2,bored,0.9291,bored,1.0,0.9248,True,0.0441,18.06,41.57,178.21,292.81,299.66,404.35
1675,57.5508,2,bored,0.9142,bored,1.0,0.9244,True,0.0445,18.62,29.55,178.72,291.56,299.75,404.64
1676,57.5846,2,bored,0.9142,bored,1.0,0.924,True,0.0445,19.8,35.52,178.72,291.56,299.75,404.64
1677,57.6128,2,bored,0.7772,bored,1.0,0.9191,True,0.0427,19.27,36.58,182.48,290.35,300.44,401.6
1678,57.6401,2,bored,0.5216,bored,1.0,0.9056,True,0.0467,18.86,23.5,178.11,288.15,303.71,402.39
1679,57.6827,3,frustrated,0.5636,bored,0.9667,0.905,True,0.0382,20.6,20.35,187.52,284.15,304.92,384.18
1680,57.7318,3,frustrated,0.5636,bored,0.9333,0.9044,True,0.0382,20.58,35.6,187.52,284.15,304.92,384.18
1681,57.7599,2,bored,0.6006,bored,0.9333,0.8929,True,0.0415,22.13,32.11,192.32,279.11,309.16,388.21
1682,57.791,2,bored,0.8253,bored,0.9333,0.8894,True,0.0482,18.44,29.0,193.02,276.18,317.35,395.27
1683,57.8255,2,bored,0.8253,bored,0.9333,0.8858,True,0.0482,21.33,34.07,193.02,276.18,317.35,395.27
1684,57.8549,3,frustrated,0.8037,bored,0.9,0.8843,True,0.0504,18.5,26.79,194.96,270.76,320.49,394.12
1685,57.8922,3,frustrated,0.8644,bored,0.8667,0.8826,True,0.0518,18.56,20.53,200.3,266.77,328.41,391.03
1686,57.9409,3,frustrated,0.8644,bored,0.8333,0.8808,True,0.0518,19.42,36.84,200.3,266.77,328.41,391.03
1687,57.9681,3,frustrated,0.8493,bored,0.8,0.879,True,0.0528,19.69,35.45,205.99,264.85,334.29,391.38
1688,57.9963,3,frustrated,0.8493,bored,0.7667,0.877,True,0.0528,19.58,37.57,205.99,264.85,334.29,391.38
1689,58.0229,2,bored,0.3927,bored,0.7667,0.8539,True,0.0509,21.04,35.16,211.57,263.97,337.87,387.83
1690,58.0513,2,bored,0.3665,bored,0.7667,0.8298,True,0.0539,19.75,29.01,214.49,260.24,343.37,388.6
1691,58.0858,3,frustrated,0.8833,bored,0.7333,0.8256,True,0.0557,18.56,22.02,217.48,259.4,350.6,387.9
1692,58.1312,3,frustrated,0.8833,bored,0.7,0.8211,True,0.0557,18.66,39.43,217.48,259.4,350.6,387.9
1693,58.1566,2,bored,0.6847,bored,0.7,0.8098,True,0.0576,20.08,34.33,221.74,257.97,357.25,388.59
1694,58.1857,3,frustrated,0.9549,bored,0.6667,0.8042,True,0.0572,18.67,23.97,227.93,253.92,360.91,386.15
1695,58.2274,3,frustrated,0.9549,bored,0.6333,0.7978,True,0.0572,19.52,35.04,227.93,253.92,360.91,386.15
1696,58.2559,3,frustrated,0.9441,bored,0.6,0.7906,True,0.0589,19.67,34.51,230.77,251.79,366.46,385.07
1697,58.2849,3,frustrated,0.936,bored,0.5667,0.7829,True,0.0581,18.39,18.09,235.76,250.98,369.56,384.42
1698,58.3402,3,frustrated,0.936,bored,0.5333,0.7742,True,0.0581,19.57,37.25,235.76,250.98,369.56,384.42
1699,58.367,3,frustrated,0.9537,bored,0.5,0.764,True,0.0609,18.53,38.2,237.44,247.15,373.72,384.41
1700,58.3932,3,frustrated,0.9537,frustrated,0.5333,0.8599,True,0.0609,19.21,37.45,237.44,247.15,373.72,384.41
1701,58.4199,0,engaged,0.2462,frustrated,0.5333,0.8599,True,0.0619,22.1,33.75,239.04,244.44,377.23,382.04
1702,58.4495,3,frustrated,0.4249,frustrated,0.5667,0.8343,True,0.0615,20.68,27.64,242.78,242.84,381.06,379.44
1703,58.4857,0,engaged,0.9179,frustrated,0.5667,0.8343,True,0.063,18.96,21.57,242.71,239.84,383.56,377.18
1704,58.5321,0,engaged,0.9179,frustrated,0.5667,0.8343,True,0.063,19.55,36.36,242.71,239.84,383.56,377.18
1705,58.5596,0,engaged,0.8917,frustrated,0.5667,0.8343,True,0.0616,22.09,33.57,241.76,238.43,380.4,374.94
1706,58.5894,0,engaged,0.7532,frustrated,0.5667,0.8343,True,0.0557,18.04,25.49,239.51,237.79,366.1,372.92
1707,58.6286,0,engaged,0.7532,frustrated,0.5667,0.8343,True,0.0557,21.07,35.29,239.51,237.79,366.1,372.92
1708,58.6569,0,engaged,0.8608,frustrated,0.5667,0.8343,True,0.0545,21.95,33.67,231.5,237.83,357.66,370.64
1709,58.6866,0,engaged,0.8007,frustrated,0.5333,0.8512,True,0.0531,19.75,26.38,225.34,235.11,347.66,368.58
1710,58.7245,0,engaged,0.8007,frustrated,0.5,0.8704,True,0.0531,21.11,35.47,225.34,235.11,347.66,368.58
1711,58.7527,0,engaged,0.8526,frustrated,0.5,0.8704,True,0.0515,19.32,37.56,222.0,234.6,340.9,367.55
1712,58.7794,0,engaged,0.7591,frustrated,0.5,0.8704,True,0.0505,20.58,17.01,222.62,236.21,340.13,368.13
1713,58.8381,0,engaged,0.7591,frustrated,0.5,0.8704,True,0.0505,25.4,30.0,222.62,236.21,340.13,368.13
1714,58.8715,0,engaged,0.7949,frustrated,0.4667,0.8752,True,0.0496,20.56,35.59,222.99,236.67,339.41,367.58
1715,58.8996,0,engaged,0.7631,engaged,0.4667,0.7765,True,0.0501,24.74,26.33,222.25,236.41,339.09,368.03
1716,58.9375,0,engaged,0.7631,engaged,0.5,0.7756,True,0.0501,20.15,35.52,222.25,236.41,339.09,368.03
1717,58.9667,0,engaged,0.5797,engaged,0.5333,0.7634,True,0.0502,23.6,31.36,224.21,236.53,341.45,368.03
1718,58.9976,3,frustrated,0.8854,engaged,0.5333,0.7634,True,0.0518,20.61,30.5,228.92,231.41,347.46,365.6
1719,59.0304,3,frustrated,0.8854,engaged,0.5333,0.7634,True,0.0518,18.67,37.46,228.92,231.41,347.46,365.6
1720,59.0571,0,engaged,0.8031,engaged,0.5667,0.7657,True,0.0559,21.1,34.6,227.37,230.42,355.43,364.59
1721,59.086,0,engaged,0.8952,engaged,0.6,0.7729,True,0.056,19.13,25.37,234.24,229.82,362.01,364.48
1722,59.1254,0,engaged,0.8952,engaged,0.6333,0.7793,True,0.056,18.69,35.63,234.24,229.82,362.01,364.48
1723,59.1535,0,engaged,0.8695,engaged,0.6667,0.7839,True,0.0598,18.52,35.62,240.53,227.22,373.15,365.86
1724,59.1815,3,frustrated,0.6658,engaged,0.6667,0.7839,True,0.0632,18.18,25.46,244.67,226.66,382.48,367.54
1725,59.2208,3,frustrated,0.6658,engaged,0.6667,0.7839,True,0.0632,19.78,36.96,244.67,226.66,382.48,367.54
1726,59.2479,0,engaged,0.8889,engaged,0.7,0.7889,True,0.0654,19.93,26.2,248.91,225.79,391.49,366.63
1727,59.286,0,engaged,0.8969,engaged,0.7333,0.7938,True,0.0665,19.08,21.5,252.69,224.4,395.54,367.47
1728,59.3325,0,engaged,0.8969,engaged,0.7667,0.7982,True,0.0665,19.08,36.63,252.69,224.4,395.54,367.47
1729,59.3599,0,engaged,0.8983,engaged,0.8,0.8024,True,0.0682,20.48,34.58,255.84,222.53,401.02,366.88
1730,59.3888,0,engaged,0.9079,engaged,0.8333,0.8066,True,0.0696,18.85,24.38,257.34,221.98,404.21,367.49
1731,59.4298,0,engaged,0.9079,engaged,0.8333,0.8331,True,0.0696,19.45,35.25,257.34,221.98,404.21,367.49
1732,59.4582,0,engaged,0.8913,engaged,0.8667,0.8353,True,0.0695,20.88,35.16,258.64,222.11,405.06,367.88
1733,59.4866,1,confused,0.2944,engaged,0.8333,0.832,True,0.0718,20.77,24.88,256.33,222.91,406.47,369.86
1734,59.5268,1,confused,0.2944,engaged,0.8,0.8285,True,0.0718,19.41,37.98,256.33,222.91,406.47,369.86
1735,59.5531,1,confused,0.343,engaged,0.7667,0.8257,True,0.0732,19.48,35.49,254.7,226.81,405.97,375.49
1736,59.5823,0,engaged,0.8986,engaged,0.7667,0.832,True,0.0747,20.03,25.63,253.76,230.01,406.13,380.56
1737,59.6203,0,engaged,0.8986,engaged,0.7667,0.8384,True,0.0747,21.0,33.73,253.76,230.01,406.13,380.56
1738,59.65,0,engaged,0.9214,engaged,0.7667,0.841,True,0.0738,19.27,36.64,252.97,233.1,405.19,382.09
1739,59.6773,1,confused,0.5462,engaged,0.7333,0.8428,True,0.0775,18.74,17.92,249.12,232.02,404.71,384.94
1740,59.7331,1,confused,0.7813,engaged,0.7,0.8448,True,0.0783,19.58,20.71,246.05,233.24,403.23,386.19
1741,59.7814,1,confused,0.7813,engaged,0.6667,0.8444,True,0.0783,18.95,38.68,246.05,233.24,403.23,386.19
1742,59.8072,1,confused,0.8413,engaged,0.6333,0.8489,True,0.0791,20.0,36.36,244.4,233.04,402.55,386.66
1743,59.8347,1,confused,0.8413,engaged,0.6,0.8539,True,0.0791,19.75,36.3,244.4,233.04,402.55,386.66
1744,59.8623,1,confused,0.7764,engaged,0.5667,0.8574,True,0.0797,18.99,36.12,243.91,231.73,401.61,387.08
1745,59.89,1,confused,0.889,engaged,0.5333,0.8633,True,0.0828,19.74,28.95,242.39,232.15,403.9,389.65
1746,59.9245,1,confused,0.889,engaged,0.5,0.87,True,0.0828,21.3,33.98,242.39,232.15,403.9,389.65
1747,59.9539,1,confused,0.8986,engaged,0.4667,0.8907,True,0.0828,21.27,34.05,242.19,232.32,403.74,389.83
1748,59.9833,1,confused,0.8824,engaged,0.4667,0.8907,True,0.0828,19.53,26.51,242.01,233.16,403.4,390.79
1749,60.021,1,confused,0.8824,engaged,0.4667,0.8907,True,0.0828,19.56,37.29,242.01,233.16,403.4,390.79
1750,60.0478,1,confused,0.6893,confused,0.5,0.7087,True,0.0811,19.59,36.89,242.32,233.49,401.34,390.16
1751,60.0749,1,confused,0.4085,confused,0.5333,0.6899,True,0.0803,21.34,23.28,242.91,234.63,401.05,390.52
1752,60.1179,1,confused,0.4153,confused,0.5667,0.6738,True,0.0829,18.44,16.01,243.02,231.42,402.36,391.32
1753,60.1804,1,confused,0.4153,confused,0.6,0.6594,True,0.0829,19.14,36.07,243.02,231.42,402.36,391.32
1754,60.2081,0,engaged,0.8418,confused,0.6,0.6594,True,0.0772,18.01,37.71,244.22,235.34,396.4,391.27
1755,60.2346,0,engaged,0.8418,confused,0.6,0.6594,True,0.0772,20.07,34.4,244.22,235.34,396.4,391.27
1756,60.2647,0,engaged,0.8077,confused,0.6,0.6594,True,0.0779,18.55,37.39,246.06,236.19,400.83,390.88
1757,60.2904,1,confused,0.4581,confused,0.6333,0.6488,True,0.08,19.67,29.29,245.74,236.69,403.45,392.46
1758,60.3246,1,confused,0.4581,confused,0.6667,0.6393,True,0.08,19.03,37.66,245.74,236.69,403.45,392.46
1759,60.3521,1,confused,0.2623,confused,0.7,0.6213,True,0.0795,20.16,34.6,246.22,237.9,404.06,392.57
1760,60.38,0,engaged,0.7149,confused,0.7,0.6213,True,0.0814,19.11,24.49,248.54,235.67,405.91,394.58
1761,60.4208,0,engaged,0.7149,confused,0.7,0.6213,True,0.0814,18.8,36.65,248.54,235.67,405.91,394.58
1762,60.4481,0,engaged,0.3979,confused,0.7,0.6213,True,0.0822,19.06,38.73,249.74,236.01,407.17,396.47
1763,60.4739,0,engaged,0.6271,confused,0.6667,0.6377,True,0.0817,20.6,22.68,250.97,236.77,407.64,396.99
1764,60.518,0,engaged,0.7284,confused,0.6333,0.6558,True,0.08,18.23,22.21,251.11,240.18,407.76,397.1
1765,60.5631,0,engaged,0.7284,confused,0.6,0.6731,True,0.08,19.28,37.94,251.11,240.18,407.76,397.1
1766,60.5894,0,engaged,0.8905,confused,0.6,0.6731,True,0.0789,18.15,25.45,252.05,241.51,407.5,397.35
1767,60.6287,0,engaged,0.8645,confused,0.6,0.6731,True,0.0783,18.67,20.87,252.72,241.67,407.95,396.64
1768,60.6766,0,engaged,0.8645,confused,0.6,0.6731,True,0.0783,19.21,37.28,252.72,241.67,407.95,396.64
1769,60.7035,0,engaged,0.8807,confused,0.5667,0.6806,True,0.0788,20.31,33.12,253.12,241.18,408.9,396.67
1770,60.7336,0,engaged,0.8807,confused,0.5333,0.6743,True,0.0788,19.87,35.55,253.12,241.18,408.9,396.67
1771,60.7618,0,engaged,0.861,confused,0.5,0.6672,True,0.0793,20.06,37.21,253.32,240.48,408.87,397.09
1772,60.7886,0,engaged,0.7511,engaged,0.5333,0.7747,True,0.0801,18.01,32.0,252.73,239.45,409.4,396.59
1773,60.8199,0,engaged,0.7511,engaged,0.5667,0.7734,True,0.0801,20.67,34.86,252.73,239.45,409.4,396.59
1774,60.8486,1,confused,0.4319,engaged,0.5667,0.7734,True,0.0808,20.38,35.21,250.73,238.81,409.51,395.07
1775,60.877,1,confused,0.368,engaged,0.5667,0.7734,True,0.08,20.97,23.19,251.59,238.93,410.18,393.97
1776,60.9201,1,confused,0.4967,engaged,0.5667,0.7734,True,0.0791,19.1,22.34,252.72,239.13,410.36,393.22
1777,60.9649,1,confused,0.4967,engaged,0.5667,0.7734,True,0.0791,18.37,35.41,252.72,239.13,410.36,393.22
1778,60.9931,1,confused,0.6094,engaged,0.5667,0.7734,True,0.0798,18.54,35.63,252.4,238.3,410.63,393.29
1779,61.0212,1,confused,0.2311,engaged,0.5667,0.7734,True,0.0791,19.14,17.59,252.72,239.53,409.83,394.28
1780,61.078,1,confused,0.2311,engaged,0.5667,0.7734,True,0.0791,19.12,39.52,252.72,239.53,409.83,394.28
1781,61.1033,1,confused,0.4237,engaged,0.5667,0.7734,True,0.0794,20.55,34.64,253.38,239.48,410.59,394.66
1782,61.1322,1,confused,0.4237,engaged,0.5667,0.7734,True,0.0794,22.94,33.76,253.38,239.48,410.59,394.66
1783,61.1618,1,confused,0.5048,engaged,0.5667,0.7734,True,0.0812,20.24,34.34,254.74,237.76,413.53,394.84
1784,61.1909,1,confused,0.6252,engaged,0.5333,0.7691,True,0.0801,21.09,33.62,256.06,238.07,413.55,394.4
1785,61.2207,1,confused,0.6252,engaged,0.5,0.7642,True,0.0801,21.55,33.49,256.06,238.07,413.55,394.4
1786,61.2505,1,confused,0.4329,confused,0.5333,0.4424,True,0.0787,20.15,36.33,257.23,239.23,414.41,393.01
1787,61.2781,1,confused,0.5701,confused,0.5333,0.4494,True,0.079,21.2,25.2,259.07,236.31,414.59,392.44
1788,61.3177,1,confused,0.7875,confused,0.5333,0.47,True,0.0789,19.83,21.36,259.26,235.85,415.22,391.2
1789,61.3646,1,confused,0.7875,confused,0.5333,0.5028,True,0.0789,21.67,33.0,259.26,235.85,415.22,391.2
1790,61.3949,1,confused,0.6732,confused,0.5667,0.5129,True,0.0791,18.8,35.49,258.07,236.51,414.74,391.64
1791,61.423,1,confused,0.2278,confused,0.6,0.497,True,0.0779,18.81,26.3,256.82,239.57,413.73,392.01
1792,61.4611,1,confused,0.2278,confused,0.6333,0.4829,True,0.0779,20.11,34.88,256.82,239.57,413.73,392.01
1793,61.4897,1,confused,0.4092,confused,0.6667,0.4792,True,0.0764,18.08,30.02,256.72,240.36,410.87,392.54
1794,61.5231,3,frustrated,0.3652,confused,0.6667,0.4792,True,0.0756,17.13,21.1,257.96,239.34,409.81,392.18
1795,61.5704,3,frustrated,0.3652,confused,0.6667,0.4792,True,0.0756,18.61,36.59,257.96,239.34,409.81,392.18
1796,61.5978,1,confused,0.2082,confused,0.7,0.4663,True,0.0754,17.97,36.98,256.24,239.5,409.9,390.28
1797,61.6248,1,confused,0.2082,confused,0.7333,0.4545,True,0.0754,21.45,32.63,256.24,239.5,409.9,390.28
1798,61.6555,0,engaged,0.7655,confused,0.7333,0.4545,True,0.0739,18.94,36.94,256.76,237.41,407.88,387.67
1799,61.6825,1,confused,0.4039,confused,0.7667,0.4523,True,0.0765,17.96,32.24,255.96,237.03,409.65,389.98
1800,61.7145,0,engaged,0.8013,confused,0.7667,0.4523,True,0.075,22.43,17.98,256.56,237.14,408.16,389.21
1801,61.7692,0,engaged,0.8013,confused,0.7667,0.4523,True,0.075,20.18,36.35,256.56,237.14,408.16,389.21
1802,61.7967,0,engaged,0.7622,confused,0.7667,0.4523,True,0.0749,19.73,37.46,256.89,237.0,408.32,389.01
1803,61.8234,0,engaged,0.7802,confused,0.7667,0.4523,True,0.0749,18.03,26.6,257.12,238.06,408.59,389.98
1804,61.861,0,engaged,0.7802,confused,0.7333,0.4533,True,0.0749,20.6,37.36,257.12,238.06,408.59,389.98
1805,61.8877,1,confused,0.6763,confused,0.7333,0.4673,True,0.0768,19.59,36.23,255.54,239.31,409.52,392.61
1806,61.9153,1,confused,0.7393,confused,0.7333,0.4783,True,0.0794,20.34,22.96,255.54,237.44,410.59,394.8
1807,61.9589,1,confused,0.7393,confused,0.7333,0.4893,True,0.0794,19.34,37.21,255.54,237.44,410.59,394.8
1808,61.9858,1,confused,0.6674,confused,0.7333,0.492,True,0.0806,19.82,27.6,252.75,237.69,411.0,394.13
1809,62.022,1,confused,0.5784,confused,0.7333,0.5078,True,0.0801,19.66,21.85,251.65,238.18,409.18,394.32
1810,62.0677,1,confused,0.5784,confused,0.7333,0.5235,True,0.0801,18.34,35.96,251.65,238.18,409.18,394.32
1811,62.0956,1,confused,0.7067,confused,0.7333,0.5364,True,0.0802,17.98,38.2,251.48,238.54,409.43,394.51
1812,62.1217,1,confused,0.4083,confused,0.7333,0.5357,True,0.081,18.42,24.23,251.08,238.24,409.8,395.05
1813,62.163,1,confused,0.4083,confused,0.7333,0.5313,True,0.081,21.01,34.36,251.08,238.24,409.8,395.05
1814,62.1921,0,engaged,0.7184,confused,0.7,0.5268,True,0.079,19.75,37.34,252.8,240.4,408.06,396.75
1815,62.2189,1,confused,0.3784,confused,0.7,0.5151,True,0.08,19.52,23.31,250.35,240.1,407.39,396.5
1816,62.2618,1,confused,0.3784,confused,0.7,0.5125,True,0.08,21.91,32.73,250.35,240.1,407.39,396.5
1817,62.2923,0,engaged,0.822,confused,0.6667,0.5096,True,0.0779,21.95,32.83,252.49,243.09,406.32,398.64
1818,62.3228,0,engaged,0.7473,confused,0.6333,0.495,True,0.0792,20.93,28.64,251.9,241.28,406.42,398.7
1819,62.3577,0,engaged,0.7473,confused,0.6,0.4787,True,0.0792,22.96,32.26,251.9,241.28,406.42,398.7
1820,62.3887,0,engaged,0.793,confused,0.5667,0.4673,True,0.0794,21.43,32.19,251.6,241.59,406.46,399.0
1821,62.4198,0,engaged,0.7934,confused,0.5333,0.4823,True,0.0798,24.37,19.24,251.21,241.41,406.75,399.05
1822,62.4717,1,confused,0.2959,confused,0.5333,0.4865,True,0.0807,19.62,22.61,248.69,239.35,405.86,397.14
1823,62.516,1,confused,0.2959,confused,0.5333,0.4794,True,0.0807,21.07,36.04,248.69,239.35,405.86,397.14
1824,62.5437,0,engaged,0.7194,confused,0.5333,0.4794,True,0.0801,21.0,36.57,251.22,240.75,406.25,399.44
1825,62.5711,0,engaged,0.7194,confused,0.5333,0.4794,True,0.0801,21.92,35.42,251.22,240.75,406.25,399.44
1826,62.5993,0,engaged,0.766,confused,0.5,0.4975,True,0.08,20.85,36.22,251.67,241.81,407.29,399.79
1827,62.6269,0,engaged,0.7381,engaged,0.5333,0.7659,True,0.0789,18.69,28.72,252.7,243.13,407.35,399.86
1828,62.6617,0,engaged,0.7381,engaged,0.5333,0.7642,True,0.0789,20.14,34.9,252.7,243.13,407.35,399.86
1829,62.6904,0,engaged,0.7435,engaged,0.5667,0.763,True,0.0791,23.8,30.6,253.29,242.57,407.6,400.02
1830,62.723,0,engaged,0.7571,engaged,0.5667,0.7604,True,0.0789,21.18,28.65,253.71,242.9,408.23,399.74
1831,62.7579,0,engaged,0.7571,engaged,0.5667,0.7578,True,0.0789,24.15,32.68,253.71,242.9,408.23,399.74
1832,62.7885,0,engaged,0.675,engaged,0.5667,0.7527,True,0.0795,20.1,36.62,253.33,243.38,409.03,400.2
1833,62.8159,1,confused,0.3503,engaged,0.5333,0.751,True,0.081,19.27,27.31,251.87,241.42,409.67,399.16
1834,62.8525,0,engaged,0.7351,engaged,0.5333,0.7481,True,0.0782,18.88,15.65,254.3,243.71,408.17,399.87
1835,62.9164,0,engaged,0.7351,engaged,0.5667,0.7474,True,0.0782,23.17,35.17,254.3,243.71,408.17,399.87
1836,62.9448,0,engaged,0.8445,engaged,0.6,0.7528,True,0.0781,22.17,34.83,254.49,243.65,408.22,399.77
1837,62.9735,0,engaged,0.8445,engaged,0.6333,0.7576,True,0.0781,24.46,31.74,254.49,243.65,408.22,399.77
1838,63.005,1,confused,0.3078,engaged,0.6333,0.7576,True,0.0805,21.49,34.21,252.34,240.59,408.94,398.44
1839,63.0342,1,confused,0.5242,engaged,0.6333,0.7576,True,0.0816,20.63,38.14,251.75,239.87,409.46,398.82
1840,63.0605,1,confused,0.5242,engaged,0.6333,0.7576,True,0.0816,22.61,34.21,251.75,239.87,409.46,398.82
1841,63.0897,1,confused,0.5793,engaged,0.6333,0.7576,True,0.0823,20.72,34.26,251.54,240.07,410.75,398.81
1842,63.1189,1,confused,0.3287,engaged,0.6333,0.7576,True,0.0808,18.63,26.92,251.64,240.21,408.84,398.07
1843,63.156,1,confused,0.3287,engaged,0.6333,0.7576,True,0.0808,22.37,34.97,251.64,240.21,408.84,398.07
1844,63.1846,1,confused,0.3721,engaged,0.6,0.7598,True,0.0795,21.0,36.66,251.04,240.41,406.34,397.77
1845,63.2119,1,confused,0.279,engaged,0.6,0.7598,True,0.0784,21.97,23.45,250.76,240.38,404.86,396.74
1846,63.2545,1,confused,0.7231,engaged,0.6,0.7598,True,0.0794,20.88,21.4,248.49,239.5,405.59,394.76
1847,63.3013,1,confused,0.7231,engaged,0.5667,0.7561,True,0.0794,20.03,36.6,248.49,239.5,405.59,394.76
1848,63.3286,1,confused,0.5324,engaged,0.5333,0.7567,True,0.0794,21.13,25.79,248.46,239.31,405.44,394.78
1849,63.3674,0,engaged,0.762,engaged,0.5333,0.7576,True,0.0785,22.62,21.18,250.35,240.6,405.27,396.23
1850,63.4146,0,engaged,0.762,engaged,0.5333,0.7556,True,0.0785,24.9,33.16,250.35,240.6,405.27,396.23
1851,63.4447,0,engaged,0.8236,engaged,0.5333,0.7575,True,0.0773,27.23,30.66,250.03,242.51,403.76,396.91
1852,63.4773,0,engaged,0.8236,engaged,0.5667,0.7614,True,0.0773,26.57,27.73,250.03,242.51,403.76,396.91
1853,63.5134,0,engaged,0.7609,engaged,0.6,0.7614,True,0.0776,28.47,27.78,249.38,242.11,403.42,396.92
1854,63.5494,1,confused,0.3809,engaged,0.5667,0.7638,True,0.0784,20.29,35.69,246.94,241.35,402.75,395.85
1855,63.5774,1,confused,0.3809,engaged,0.5333,0.7666,True,0.0784,19.73,36.7,246.94,241.35,402.75,395.85
1856,63.6047,1,confused,0.3173,engaged,0.5,0.7667,True,0.0782,18.12,39.49,247.59,241.51,403.03,396.13
1857,63.63,1,confused,0.3988,confused,0.5333,0.4407,True,0.0793,17.57,40.47,246.99,240.6,403.03,396.69
1858,63.6547,1,confused,0.4291,confused,0.5667,0.44,True,0.0795,18.05,22.64,248.22,239.99,403.99,396.68
1859,63.6999,1,confused,0.4291,confused,0.6,0.4394,True,0.0795,17.78,38.89,248.22,239.99,403.99,396.68
1860,63.7246,1,confused,0.3819,confused,0.6333,0.4364,True,0.0788,17.1,37.99,248.47,240.41,403.16,396.82
1861,63.7509,1,confused,0.3303,confused,0.6667,0.4311,True,0.0784,17.96,16.48,249.65,240.02,403.68,396.45
1862,63.8116,1,confused,0.3303,confused,0.7,0.4263,True,0.0784,17.22,37.79,249.65,240.02,403.68,396.45
1863,63.8381,1,confused,0.3583,confused,0.7,0.4267,True,0.0793,17.78,36.2,249.96,239.24,404.82,396.61
1864,63.8657,1,confused,0.3583,confused,0.7333,0.4235,True,0.0793,18.12,40.32,249.96,239.24,404.82,396.61
1865,63.8905,1,confused,0.2719,confused,0.7667,0.417,True,0.0801,17.35,37.48,249.28,238.4,404.82,396.61
1866,63.9172,1,confused,0.4183,confused,0.8,0.417,True,0.0806,16.61,26.73,248.84,238.69,405.07,397.27
1867,63.9546,1,confused,0.4183,confused,0.8333,0.4171,True,0.0806,17.61,39.82,248.84,238.69,405.07,397.27
1868,63.9797,1,confused,0.4736,confused,0.8333,0.4237,True,0.081,18.02,38.12,249.23,238.46,405.79,397.47
1869,64.0069,0,engaged,0.2701,confused,0.8,0.4195,True,0.0807,20.13,20.52,252.25,238.74,406.5,399.53
1870,64.0546,0,engaged,0.3141,confused,0.7667,0.415,True,0.0795,19.71,21.2,252.3,238.62,404.41,399.22
1871,64.1018,0,engaged,0.3141,confused,0.7333,0.4075,True,0.0795,17.24,39.88,252.3,238.62,404.41,399.22
1872,64.1269,0,engaged,0.2086,confused,0.7,0.4112,True,0.0801,17.12,40.2,251.98,236.78,404.63,397.95
1873,64.1518,0,engaged,0.4033,confused,0.6667,0.4154,True,0.0799,18.7,22.23,252.23,237.25,404.75,398.15
1874,64.1968,0,engaged,0.4033,confused,0.6333,0.4176,True,0.0799,17.66,39.56,252.23,237.25,404.75,398.15
1875,64.222,1,confused,0.2919,confused,0.6333,0.4183,True,0.0797,16.68,28.1,250.34,238.2,404.37,397.25
1876,64.2576,0,engaged,0.454,confused,0.6,0.4014,True,0.079,19.29,19.86,252.35,238.17,403.93,398.36
1877,64.308,0,engaged,0.454,neutral,0.5667,0.3825,True,0.079,18.02,37.73,252.35,238.17,403.93,398.36
1878,64.3345,0,engaged,0.6147,neutral,0.5333,0.3731,True,0.0796,17.54,39.1,252.39,237.64,404.78,398.05
1879,64.36,0,engaged,0.6147,neutral,0.5333,0.3731,True,0.0796,17.11,40.55,252.39,237.64,404.78,398.05
1880,64.3847,0,engaged,0.5317,neutral,0.5333,0.3731,True,0.0799,17.22,40.99,252.34,236.73,404.12,398.54
1881,64.4091,1,confused,0.4689,neutral,0.5667,0.3787,True,0.0806,18.83,22.52,250.31,236.75,404.42,397.31
1882,64.4535,1,confused,0.6419,neutral,0.6,0.3933,True,0.0802,18.09,20.66,251.11,235.71,405.36,395.48
1883,64.5019,1,confused,0.6419,confused,0.6333,0.4064,True,0.0802,16.61,36.75,251.11,235.71,405.36,395.48
1884,64.5291,1,confused,0.6201,confused,0.6333,0.419,True,0.0804,16.52,40.76,251.33,234.61,405.24,395.11
1885,64.5537,0,engaged,0.8484,confused,0.6,0.4211,True,0.0782,17.85,22.89,253.95,235.65,405.55,394.09
1886,64.5973,0,engaged,0.8484,confused,0.5667,0.4272,True,0.0782,16.59,39.71,253.95,235.65,405.55,394.09
1887,64.6225,0,engaged,0.8792,confused,0.5333,0.429,True,0.0778,18.32,39.32,253.67,234.48,405.67,391.76
1888,64.648,1,confused,0.35,confused,0.5333,0.4241,True,0.0764,17.69,17.08,252.51,234.69,404.33,389.38
1889,64.7065,1,confused,0.35,confused,0.5333,0.4191,True,0.0764,18.23,38.13,252.51,234.69,404.33,389.38
1890,64.7327,1,confused,0.2423,confused,0.5333,0.4104,True,0.0761,18.02,39.6,252.97,236.02,404.82,390.03
1891,64.758,1,confused,0.2423,confused,0.5333,0.4049,True,0.0761,17.31,37.29,252.97,236.02,404.82,390.03
1892,64.7848,1,confused,0.2305,neutral,0.5333,0.3986,True,0.0744,18.67,38.19,251.64,234.55,402.86,385.66
1893,64.811,0,engaged,0.285,confused,0.5,0.4013,True,0.0745,19.36,24.1,251.13,232.81,402.88,383.68
1894,64.8525,1,confused,0.2547,neutral,0.5,0.3944,True,0.073,18.03,21.11,251.13,231.38,399.49,382.62
1895,64.8999,1,confused,0.2547,neutral,0.5,0.3933,True,0.073,17.53,38.7,251.13,231.38,399.49,382.62
1896,64.9257,0,engaged,0.7375,engaged,0.5333,0.5113,True,0.0721,17.04,39.16,250.07,229.34,398.86,378.18
1897,64.9512,0,engaged,0.8785,engaged,0.5667,0.5329,True,0.0662,18.58,22.03,253.4,229.93,394.31,374.33
1898,64.9966,0,engaged,0.8785,engaged,0.6,0.5521,True,0.0662,17.47,38.49,253.4,229.93,394.31,374.33
1899,65.0226,0,engaged,0.8964,engaged,0.6,0.5869,True,0.0651,20.06,36.28,253.28,228.36,394.52,369.92
1900,65.0502,0,engaged,0.9149,engaged,0.6,0.6203,True,0.0621,20.91,22.48,254.82,228.37,392.35,366.98
1901,65.0946,0,engaged,0.9149,engaged,0.6,0.6537,True,0.0621,22.61,32.09,254.82,228.37,392.35,366.98
1902,65.1258,0,engaged,0.8552,engaged,0.6,0.6896,True,0.0635,18.77,37.46,253.42,227.16,393.28,366.56
1903,65.1535,0,engaged,0.8415,engaged,0.6,0.7139,True,0.0624,19.07,19.16,255.05,226.7,393.42,365.15
1904,65.2047,0,engaged,0.8415,engaged,0.6,0.7383,True,0.0624,18.17,39.24,255.05,226.7,393.42,365.15
1905,65.2302,0,engaged,0.6208,engaged,0.6333,0.7321,True,0.0632,19.25,35.13,253.64,224.56,392.56,364.39
1906,65.2586,0,engaged,0.6182,engaged,0.6333,0.7407,True,0.0612,19.58,23.18,255.42,224.78,392.05,362.37
1907,65.3018,0,engaged,0.6182,engaged,0.6333,0.7494,True,0.0612,17.69,37.44,255.42,224.78,392.05,362.37
1908,65.3285,2,bored,0.4021,engaged,0.6,0.7569,True,0.061,18.7,34.55,255.19,222.24,389.69,361.6
1909,65.3574,0,engaged,0.5653,engaged,0.6,0.7541,True,0.0602,17.79,25.47,255.51,224.93,390.99,361.41
1910,65.3967,0,engaged,0.5653,engaged,0.6,0.756,True,0.0602,18.52,35.51,255.51,224.93,390.99,361.41
1911,65.4249,0,engaged,0.6529,engaged,0.6333,0.7506,True,0.0596,21.55,33.83,256.25,225.07,390.2,361.77
1912,65.4544,0,engaged,0.752,engaged,0.6667,0.7506,True,0.0604,17.9,27.8,256.29,226.01,391.99,362.72
1913,65.4904,0,engaged,0.752,engaged,0.7,0.7507,True,0.0604,19.27,37.6,256.29,226.01,391.99,362.72
1914,65.517,0,engaged,0.7388,engaged,0.7333,0.7502,True,0.0636,24.64,29.77,255.08,224.72,393.1,366.23
1915,65.5506,0,engaged,0.825,engaged,0.7333,0.7491,True,0.0656,25.02,22.83,253.21,224.35,393.96,367.59
1916,65.5944,0,engaged,0.825,engaged,0.7333,0.748,True,0.0656,21.68,36.85,253.21,224.35,393.96,367.59
1917,65.6215,0,engaged,0.9033,engaged,0.7333,0.7491,True,0.0658,33.15,22.38,253.48,224.42,394.03,368.31
1918,65.6662,0,engaged,0.9138,engaged,0.7667,0.7563,True,0.0656,35.53,17.1,253.47,225.07,394.4,367.99
1919,65.7247,0,engaged,0.9138,engaged,0.8,0.7628,True,0.0656,29.56,26.14,253.47,225.07,394.4,367.99
1920,65.763,0,engaged,0.8976,engaged,0.8333,0.7682,True,0.0644,39.21,20.04,253.99,225.4,394.24,366.42
1921,65.8129,0,engaged,0.9233,engaged,0.8667,0.7742,True,0.0631,18.8,37.47,255.04,226.24,393.73,366.03
1922,65.8395,0,engaged,0.9233,engaged,0.9,0.7797,True,0.0631,18.06,38.02,255.04,226.24,393.73,366.03
1923,65.8658,0,engaged,0.9196,engaged,0.9,0.8032,True,0.0613,19.31,36.98,255.85,228.29,393.37,365.12
1924,65.8929,0,engaged,0.9208,engaged,0.9333,0.8074,True,0.0607,18.72,39.91,256.28,231.03,394.99,365.51
1925,65.9179,0,engaged,0.9208,engaged,0.9667,0.8113,True,0.0607,18.88,40.27,256.28,231.03,394.99,365.51
1926,65.9428,0,engaged,0.9142,engaged,0.9667,0.8174,True,0.0607,18.47,38.72,255.54,233.65,395.92,366.41
1927,65.9686,0,engaged,0.9261,engaged,0.9667,0.8191,True,0.0614,18.98,38.26,255.41,233.03,396.19,366.91
1928,65.9947,0,engaged,0.9261,engaged,0.9667,0.8207,True,0.0614,20.44,34.55,255.41,233.03,396.19,366.91
1929,66.0237,0,engaged,0.9309,engaged,0.9667,0.8219,True,0.0616,19.04,36.81,254.29,234.74,396.51,367.72
1930,66.0508,0,engaged,0.9335,engaged,0.9667,0.8225,True,0.0632,18.2,20.55,254.35,234.79,398.25,369.62
1931,66.0995,0,engaged,0.9116,engaged,0.9667,0.8224,True,0.0648,16.3,21.71,254.22,233.85,398.03,372.22
1932,66.1456,0,engaged,0.9116,engaged,0.9667,0.8244,True,0.0648,16.72,38.88,254.22,233.85,398.03,372.22
1933,66.1713,0,engaged,0.875,engaged,0.9667,0.8255,True,0.0651,19.22,36.05,254.85,234.35,398.5,373.68
1934,66.199,0,engaged,0.875,engaged,0.9667,0.8267,True,0.0651,17.03,41.62,254.85,234.35,398.5,373.68
1935,66.223,0,engaged,0.7353,engaged,0.9667,0.8306,True,0.0681,19.95,36.87,254.64,233.64,400.07,377.39
1936,66.2502,0,engaged,0.8784,engaged,0.9667,0.8396,True,0.0698,18.13,23.6,255.39,234.51,403.36,379.48
1937,66.2925,0,engaged,0.8784,engaged,0.9667,0.8486,True,0.0698,18.4,37.66,255.39,234.51,403.36,379.48
1938,66.3191,0,engaged,0.8653,engaged,1.0,0.8491,True,0.071,16.69,37.91,255.97,236.07,405.56,381.87
1939,66.3455,0,engaged,0.553,engaged,1.0,0.8487,True,0.0707,16.5,24.94,256.63,237.3,405.28,383.43
1940,66.3856,0,engaged,0.553,engaged,1.0,0.8483,True,0.0707,17.68,38.93,256.63,237.3,405.28,383.43
1941,66.4112,0,engaged,0.8721,engaged,1.0,0.8556,True,0.0709,19.67,35.29,256.88,239.93,406.59,385.34
1942,66.4396,0,engaged,0.5807,engaged,1.0,0.8499,True,0.0724,22.18,19.87,254.99,240.45,406.17,387.58
1943,66.4899,0,engaged,0.5812,engaged,1.0,0.8442,True,0.074,26.88,14.87,255.23,237.37,406.46,387.68
1944,66.5572,0,engaged,0.5812,engaged,1.0,0.839,True,0.074,17.7,39.42,255.23,237.37,406.46,387.68
1945,66.5825,0,engaged,0.5084,engaged,1.0,0.8284,True,0.0736,18.26,38.05,255.16,238.11,406.38,387.64
1946,66.6088,0,engaged,0.5084,engaged,1.0,0.8179,True,0.0736,17.2,40.12,255.16,238.11,406.38,387.64
1947,66.6337,0,engaged,0.7905,engaged,1.0,0.8141,True,0.0727,18.62,37.17,254.86,237.84,405.62,386.0
1948,66.6606,0,engaged,0.8849,engaged,1.0,0.8131,True,0.0729,17.16,34.31,254.03,235.6,404.96,384.05
1949,66.6908,0,engaged,0.8849,engaged,1.0,0.8122,True,0.0729,17.93,38.65,254.03,235.6,404.96,384.05
1950,66.7157,0,engaged,0.8657,engaged,1.0,0.8111,True,0.0726,18.35,37.23,254.11,235.38,404.33,383.78
1951,66.7425,0,engaged,0.8851,engaged,1.0,0.8098,True,0.0726,19.65,22.08,253.29,235.63,403.74,383.94
1952,66.7878,0,engaged,0.8851,engaged,1.0,0.8086,True,0.0726,16.25,41.41,253.29,235.63,403.74,383.94
1953,66.812,0,engaged,0.8972,engaged,1.0,0.8078,True,0.0713,18.66,37.11,252.98,238.06,402.34,384.69
1954,66.8389,0,engaged,0.842,engaged,1.0,0.8052,True,0.07,16.53,24.13,253.07,239.79,401.53,384.63
1955,66.8804,0,engaged,0.766,engaged,1.0,0.8,True,0.0704,17.89,19.15,252.45,239.59,400.94,385.23
1956,66.9326,0,engaged,0.766,engaged,1.0,0.7951,True,0.0704,17.54,40.61,252.45,239.59,400.94,385.23
1957,66.9572,0,engaged,0.8355,engaged,1.0,0.7921,True,0.0727,19.01,25.28,251.72,238.07,402.59,386.18
1958,66.9968,0,engaged,0.8092,engaged,1.0,0.7882,True,0.074,18.84,20.86,250.71,236.49,401.96,386.86
1959,67.0447,0,engaged,0.8092,engaged,1.0,0.7841,True,0.074,17.32,41.79,250.71,236.49,401.96,386.86
1960,67.0686,0,engaged,0.8825,engaged,1.0,0.7824,True,0.0729,17.67,39.48,250.61,235.58,399.71,385.85
1961,67.094,0,engaged,0.8825,engaged,1.0,0.7814,True,0.0729,25.23,32.74,250.61,235.58,399.71,385.85
1962,67.1245,0,engaged,0.8797,engaged,1.0,0.7804,True,0.0722,18.89,36.3,250.07,234.18,397.39,384.84
1963,67.1521,0,engaged,0.8966,engaged,1.0,0.7811,True,0.0706,21.23,25.68,250.19,234.43,396.08,383.17
1964,67.191,0,engaged,0.8966,engaged,1.0,0.7818,True,0.0706,21.97,35.45,250.19,234.43,396.08,383.17
1965,67.2192,0,engaged,0.9041,engaged,1.0,0.7874,True,0.0694,22.14,34.3,251.33,233.02,396.88,379.51
1966,67.2484,3,frustrated,0.2654,engaged,0.9667,0.7843,True,0.0655,21.1,26.04,253.03,231.49,394.29,374.02
1967,67.2868,0,engaged,0.5727,engaged,0.9667,0.7738,True,0.0662,21.32,20.97,250.65,227.62,392.91,370.65
1968,67.3345,0,engaged,0.5727,engaged,0.9667,0.7637,True,0.0662,20.32,36.65,250.65,227.62,392.91,370.65
1969,67.3617,0,engaged,0.2635,engaged,0.9667,0.7537,True,0.0617,19.81,34.67,253.18,228.49,391.65,365.36
1970,67.3906,3,frustrated,0.8164,engaged,0.9333,0.7609,True,0.0586,19.67,18.44,256.71,224.64,389.45,360.2
1971,67.4448,3,frustrated,0.8164,engaged,0.9,0.7567,True,0.0586,18.83,38.12,256.71,224.64,389.45,360.2
1972,67.471,0,engaged,0.4536,engaged,0.9,0.752,True,0.0581,19.87,35.76,255.31,220.88,388.85,354.57
1973,67.499,0,engaged,0.4536,engaged,0.9,0.7473,True,0.0581,19.54,36.92,255.31,220.88,388.85,354.57
1974,67.5261,0,engaged,0.6303,engaged,0.9,0.7491,True,0.0553,18.54,37.0,260.08,220.94,391.03,350.72
1975,67.5531,3,frustrated,0.8284,engaged,0.8667,0.7584,True,0.0562,19.93,29.53,261.35,217.59,392.99,348.73
1976,67.587,3,frustrated,0.8284,engaged,0.8333,0.7684,True,0.0562,19.04,37.66,261.35,217.59,392.99,348.73
1977,67.6135,2,bored,0.5188,engaged,0.8,0.7675,True,0.0544,20.19,36.06,263.6,216.4,392.34,346.32
1978,67.6413,3,frustrated,0.8706,engaged,0.7667,0.7623,True,0.0517,18.59,22.99,268.06,216.42,393.61,343.01
1979,67.6848,3,frustrated,0.9145,engaged,0.7333,0.7568,True,0.0503,21.83,19.98,271.69,216.03,395.73,340.59
1980,67.7348,3,frustrated,0.9145,engaged,0.7,0.7516,True,0.0503,18.49,37.58,271.69,216.03,395.73,340.59
1981,67.7614,2,bored,0.3339,engaged,0.6667,0.7449,True,0.05,22.13,33.73,274.3,213.6,397.65,338.05
1982,67.7911,3,frustrated,0.8183,engaged,0.6333,0.7375,True,0.0471,18.76,25.75,279.38,215.18,399.7,335.42
1983,67.8299,3,frustrated,0.8183,engaged,0.6,0.7287,True,0.0471,20.31,34.69,279.38,215.18,399.7,335.42
1984,67.8587,3,frustrated,0.6376,engaged,0.5667,0.722,True,0.0464,18.36,29.99,283.11,212.92,400.67,334.21
1985,67.8921,2,bored,0.7262,engaged,0.5333,0.7193,True,0.046,18.62,20.49,287.13,208.38,401.36,332.0
1986,67.9422,2,bored,0.7262,engaged,0.5,0.7161,True,0.046,19.41,34.0,287.13,208.38,401.36,332.0
1987,67.9703,2,bored,0.6989,engaged,0.4667,0.7076,True,0.0437,18.37,37.2,288.64,212.1,402.49,330.05
1988,67.9982,2,bored,0.6989,engaged,0.4333,0.6998,True,0.0437,18.16,38.8,288.64,212.1,402.49,330.05
1989,68.0229,2,bored,0.648,engaged,0.4,0.6907,True,0.0434,21.77,31.55,291.06,209.99,404.41,327.51
1990,68.0546,2,bored,0.6569,neutral,0.3667,0.6733,True,0.0394,19.86,33.58,296.06,212.42,403.65,324.78
1991,68.0854,2,bored,0.8013,neutral,0.3667,0.7753,True,0.0391,20.86,19.92,299.0,210.64,405.72,323.25
1992,68.1346,2,bored,0.8013,neutral,0.3667,0.7753,True,0.0391,20.52,36.17,299.0,210.64,405.72,323.25
1993,68.1623,2,bored,0.8453,neutral,0.3667,0.7753,True,0.0382,19.72,34.96,301.4,211.24,407.16,322.11
1994,68.1909,2,bored,0.7514,bored,0.4,0.6839,True,0.0377,20.78,25.6,302.84,211.09,408.32,320.78
1995,68.2299,2,bored,0.7514,bored,0.4333,0.6891,True,0.0377,20.06,37.46,302.84,211.09,408.32,320.78
1996,68.2566,2,bored,0.7208,bored,0.4667,0.6914,True,0.0368,19.73,36.06,305.86,209.73,409.0,319.28
1997,68.2844,2,bored,0.6509,bored,0.5,0.6887,True,0.0348,18.52,25.83,309.22,210.42,409.65,316.81
1998,68.3231,2,bored,0.6509,bored,0.5333,0.6863,True,0.0348,20.61,33.84,309.22,210.42,409.65,316.81
1999,68.3526,2,bored,0.8796,bored,0.5667,0.6977,True,0.0342,19.13,26.89,311.57,211.07,411.18,316.46
2000,68.3898,2,bored,0.8586,bored,0.6,0.7066,True,0.0336,19.03,20.88,314.39,211.53,412.99,316.37
2001,68.4377,2,bored,0.8586,bored,0.6333,0.7146,True,0.0336,23.44,31.76,314.39,211.53,412.99,316.37
2002,68.4692,2,bored,0.7681,bored,0.6667,0.7173,True,0.0323,20.51,36.64,315.59,213.91,413.32,315.39
2003,68.4965,2,bored,0.8616,bored,0.7,0.7242,True,0.032,23.96,23.57,317.39,212.67,413.67,314.68
2004,68.5389,2,bored,0.8616,bored,0.7333,0.7304,True,0.032,20.32,35.89,317.39,212.67,413.67,314.68
2005,68.5668,2,bored,0.8786,bored,0.7667,0.7369,True,0.0324,21.23,34.22,317.02,212.19,414.32,314.6
2006,68.596,2,bored,0.8534,bored,0.8,0.7417,True,0.0326,20.69,31.0,316.66,212.91,414.2,315.54
2007,68.6283,2,bored,0.8534,bored,0.8,0.7556,True,0.0326,19.52,36.33,316.66,212.91,414.2,315.54
2008,68.6558,2,bored,0.8376,bored,0.8333,0.7589,True,0.0319,19.37,37.34,318.2,212.92,414.58,314.58
2009,68.6826,2,bored,0.8039,bored,0.8667,0.7607,True,0.0318,19.55,23.27,316.38,214.34,413.86,314.6
2010,68.7255,2,bored,0.8039,bored,0.9,0.7623,True,0.0318,19.92,34.59,316.38,214.34,413.86,314.6
2011,68.7544,2,bored,0.7052,bored,0.9,0.776,True,0.0322,23.0,35.22,315.97,213.6,413.45,314.93
2012,68.7828,2,bored,0.5318,bored,0.9333,0.7673,True,0.0319,31.11,14.98,317.03,214.02,413.18,316.05
2013,68.8496,2,bored,0.5318,bored,0.9667,0.7592,True,0.0319,29.3,27.91,317.03,214.02,413.18,316.05
2014,68.8854,2,bored,0.7116,bored,1.0,0.7576,True,0.0318,25.4,32.8,317.57,215.19,413.01,317.41
2015,68.9159,2,bored,0.8156,bored,1.0,0.7606,True,0.0323,22.66,34.79,317.54,215.01,414.02,317.83
2016,68.9447,2,bored,0.8156,bored,1.0,0.7635,True,0.0323,21.32,35.04,317.54,215.01,414.02,317.83
2017,68.9732,2,bored,0.8432,bored,1.0,0.7684,True,0.0325,23.92,30.91,318.66,215.84,414.84,319.63
2018,69.0056,2,bored,0.7307,bored,1.0,0.7694,True,0.0326,18.62,37.56,318.19,217.19,415.69,319.91
2019,69.0322,2,bored,0.7307,bored,1.0,0.7722,True,0.0326,20.43,36.35,318.19,217.19,415.69,319.91
2020,69.0597,2,bored,0.3807,bored,1.0,0.763,True,0.0328,18.87,35.65,319.5,215.5,416.65,319.06
2021,69.0877,0,engaged,0.8009,bored,0.9667,0.7616,True,0.0327,18.63,27.22,320.62,217.32,418.3,320.02
2022,69.1245,0,engaged,0.8009,bored,0.9333,0.7602,True,0.0327,21.5,32.91,320.62,217.32,418.3,320.02
2023,69.1549,0,engaged,0.6824,bored,0.9,0.7571,True,0.0326,21.08,34.46,321.85,217.56,419.22,320.45
2024,69.1839,0,engaged,0.7609,bored,0.8667,0.7573,True,0.0341,18.18,26.79,320.58,217.83,420.42,322.68
2025,69.2212,0,engaged,0.7609,bored,0.8333,0.7575,True,0.0341,19.88,34.29,320.58,217.83,420.42,322.68
2026,69.2504,3,frustrated,0.3954,bored,0.8,0.7591,True,0.0327,20.95,27.53,321.67,220.12,419.57,322.72
2027,69.2867,0,engaged,0.5946,bored,0.7667,0.7638,True,0.0339,18.11,21.74,320.95,221.81,422.25,324.52
2028,69.3327,0,engaged,0.5946,bored,0.7333,0.7689,True,0.0339,19.37,38.07,320.95,221.81,422.25,324.52
2029,69.359,0,engaged,0.8383,bored,0.7,0.7636,True,0.0337,22.31,33.16,321.34,220.96,421.47,324.47
2030,69.3891,0,engaged,0.7421,bored,0.6667,0.7589,True,0.0335,19.02,25.25,319.49,221.04,419.48,324.06
2031,69.4287,0,engaged,0.7421,bored,0.6333,0.7536,True,0.0335,19.85,36.55,319.49,221.04,419.48,324.06
2032,69.4561,2,bored,0.8643,bored,0.6333,0.7587,True,0.0336,20.29,34.71,318.99,219.72,418.29,323.7
2033,69.4859,3,frustrated,0.6643,bored,0.6,0.753,True,0.0351,18.04,26.31,314.12,218.46,417.34,323.04
2034,69.5229,3,frustrated,0.6643,bored,0.5667,0.7466,True,0.0351,18.54,36.88,314.12,218.46,417.34,323.04
2035,69.55,2,bored,0.412,bored,0.5667,0.7191,True,0.036,19.37,34.83,306.22,218.98,411.98,323.61
2036,69.5787,2,bored,0.8048,bored,0.5667,0.7163,True,0.0329,19.41,24.28,299.54,218.66,397.33,322.09
2037,69.6199,2,bored,0.8048,bored,0.5667,0.7134,True,0.0329,21.76,34.53,299.54,218.66,397.33,322.09
2038,69.6489,2,bored,0.6206,bored,0.5667,0.7007,True,0.0328,19.19,36.84,289.61,219.71,387.81,322.37
2039,69.6766,2,bored,0.7689,bored,0.5667,0.6986,True,0.0316,18.12,18.13,284.28,219.76,379.65,321.69
2040,69.7312,2,bored,0.7437,bored,0.5667,0.6951,True,0.0319,19.47,19.79,273.67,220.33,368.79,323.27
2041,69.7817,2,bored,0.7437,bored,0.5667,0.6973,True,0.0319,19.26,38.77,273.67,220.33,368.79,323.27
2042,69.8075,2,bored,0.7556,bored,0.5667,0.7105,True,0.0317,18.81,37.0,268.17,221.12,364.01,322.87
2043,69.8345,2,bored,0.7556,bored,0.5667,0.7237,True,0.0317,19.51,35.66,268.17,221.12,364.01,322.87
2044,69.8626,2,bored,0.7639,bored,0.5667,0.7267,True,0.0322,19.57,36.95,259.15,219.81,353.93,324.09
2045,69.8896,2,bored,0.8279,bored,0.5667,0.7275,True,0.0329,20.03,28.48,255.35,221.07,351.07,326.51
2046,69.9247,2,bored,0.8279,bored,0.5667,0.7282,True,0.0329,19.53,34.58,255.35,221.07,351.07,326.51
2047,69.9537,0,engaged,0.849,bored,0.5333,0.721,True,0.0349,22.37,32.48,251.27,218.16,350.86,325.92
2048,69.9844,0,engaged,0.7592,bored,0.5,0.7203,True,0.0334,18.22,28.31,251.46,218.24,348.24,324.35
2049,70.0198,0,engaged,0.7592,bored,0.4667,0.7196,True,0.0334,19.89,38.41,251.46,218.24,348.24,324.35
2050,70.0458,0,engaged,0.6097,engaged,0.4667,0.7354,True,0.0337,18.76,37.35,251.29,216.2,347.88,323.28
2051,70.0726,0,engaged,0.4024,engaged,0.4667,0.7069,True,0.0351,21.28,21.58,243.96,214.11,345.35,320.48
2052,70.1189,0,engaged,0.8142,engaged,0.4667,0.7079,True,0.0351,19.09,15.92,240.85,213.94,341.61,320.83
2053,70.1817,0,engaged,0.8142,engaged,0.4667,0.7173,True,0.0351,20.68,33.82,240.85,213.94,341.61,320.83
2054,70.2113,0,engaged,0.8348,engaged,0.4667,0.7225,True,0.0351,20.78,37.3,241.52,214.02,341.58,321.87
2055,70.2381,0,engaged,0.8348,engaged,0.4667,0.7278,True,0.0351,19.57,35.6,241.52,214.02,341.58,321.87
2056,70.2662,0,engaged,0.8328,engaged,0.5,0.7348,True,0.0363,19.05,36.28,239.96,213.51,342.76,322.12
2057,70.2938,0,engaged,0.9081,engaged,0.5,0.7557,True,0.0355,19.03,31.61,239.05,214.62,340.87,321.61
2058,70.3254,0,engaged,0.9081,engaged,0.5,0.7766,True,0.0355,20.04,35.43,239.05,214.62,340.87,321.61
2059,70.3536,0,engaged,0.8685,engaged,0.5,0.7786,True,0.0367,21.1,33.9,241.24,213.77,345.25,322.21
2060,70.3831,2,bored,0.8543,engaged,0.4667,0.7812,True,0.0382,19.55,27.23,239.28,213.51,346.95,322.5
2061,70.4198,2,bored,0.8543,bored,0.5,0.7602,True,0.0382,20.21,35.85,239.28,213.51,346.95,322.5
2062,70.4477,2,bored,0.9006,bored,0.5,0.7626,True,0.0407,20.98,34.42,237.92,211.15,349.04,323.62
2063,70.4768,3,frustrated,0.6663,bored,0.5,0.7626,True,0.0427,21.57,24.53,236.79,212.17,351.49,326.54
2064,70.5176,2,bored,0.6415,bored,0.5333,0.755,True,0.0446,18.78,21.29,234.78,214.26,352.12,331.08
2065,70.5645,2,bored,0.6415,bored,0.5333,0.7693,True,0.0446,19.11,35.25,234.78,214.26,352.12,331.08
2066,70.5929,2,bored,0.8619,bored,0.5333,0.7729,True,0.0476,18.77,28.72,228.6,212.6,349.26,333.7
2067,70.6277,3,frustrated,0.683,bored,0.5,0.7708,True,0.0504,19.27,20.37,222.05,212.37,347.39,336.01
2068,70.6768,3,frustrated,0.683,bored,0.4667,0.7815,True,0.0504,20.81,34.72,222.05,212.37,347.39,336.01
2069,70.7056,3,frustrated,0.8679,bored,0.4333,0.7825,True,0.0507,19.48,37.76,216.82,211.21,338.82,338.88
2070,70.7321,3,frustrated,0.8679,engaged,0.4333,0.7843,True,0.0507,19.08,38.16,216.82,211.21,338.82,338.88
2071,70.7583,3,frustrated,0.8586,engaged,0.4333,0.7843,True,0.0545,21.17,38.06,207.45,209.44,337.07,338.52
2072,70.7851,3,frustrated,0.9091,engaged,0.4333,0.7843,True,0.0561,17.5,28.37,200.28,207.39,331.34,338.94
2073,70.8198,3,frustrated,0.9091,engaged,0.4333,0.7843,True,0.0561,21.07,35.73,200.28,207.39,331.34,338.94
2074,70.8478,0,engaged,0.4873,engaged,0.4667,0.763,True,0.0574,18.62,37.22,193.98,206.13,327.73,337.89
2075,70.8747,0,engaged,0.4997,engaged,0.5,0.7455,True,0.0591,18.66,24.44,191.39,202.96,327.75,336.01
2076,70.9156,0,engaged,0.7667,engaged,0.5333,0.7468,True,0.0576,18.84,20.92,193.81,205.76,329.49,336.24
2077,70.9634,0,engaged,0.7667,engaged,0.5333,0.7417,True,0.0576,19.53,36.69,193.81,205.76,329.49,336.24
2078,70.9907,3,frustrated,0.9079,engaged,0.5,0.7405,True,0.0558,19.57,37.31,200.39,206.31,330.82,337.71
2079,71.0175,3,frustrated,0.8064,engaged,0.4667,0.7392,True,0.0537,19.19,17.49,206.75,212.49,337.16,339.04
2080,71.0747,3,frustrated,0.8064,engaged,0.4333,0.7491,True,0.0537,19.42,37.32,206.75,212.49,337.16,339.04
2081,71.1015,3,frustrated,0.8486,engaged,0.4,0.778,True,0.0508,19.05,36.89,216.96,219.41,343.57,342.63
2082,71.1286,3,frustrated,0.8486,frustrated,0.4333,0.8202,True,0.0508,19.51,36.93,216.96,219.41,343.57,342.63
2083,71.1556,3,frustrated,0.9366,frustrated,0.4667,0.8285,True,0.0498,18.29,38.32,226.04,226.79,351.81,348.49
2084,71.1817,3,frustrated,0.9383,frustrated,0.5,0.8359,True,0.0443,19.93,25.6,238.06,230.49,355.74,346.16
2085,71.2208,3,frustrated,0.9383,frustrated,0.5333,0.8423,True,0.0443,20.14,35.65,238.06,230.49,355.74,346.16
2086,71.2489,3,frustrated,0.9152,frustrated,0.5667,0.8466,True,0.0413,19.47,37.01,248.31,233.91,363.48,344.1
2087,71.2759,3,frustrated,0.9464,frustrated,0.6,0.8521,True,0.0402,18.74,25.97,256.86,235.14,369.87,344.33
2088,71.3144,3,frustrated,0.8888,frustrated,0.6333,0.854,True,0.0373,18.13,20.64,261.87,234.93,370.53,340.38
2089,71.3628,3,frustrated,0.8888,frustrated,0.6667,0.8558,True,0.0373,20.74,36.22,261.87,234.93,370.53,340.38
2090,71.3904,3,frustrated,0.4982,frustrated,0.7,0.8387,True,0.0356,19.47,38.56,264.51,235.5,370.38,338.8
2091,71.4164,2,bored,0.7648,frustrated,0.7,0.8387,True,0.0356,20.26,22.64,264.16,233.87,369.84,337.37
2092,71.4605,2,bored,0.7648,frustrated,0.7,0.8387,True,0.0356,20.2,37.11,264.16,233.87,369.84,337.37
2093,71.4875,2,bored,0.8599,frustrated,0.6667,0.8474,True,0.0352,20.06,35.2,263.03,234.96,368.63,337.39
2094,71.5159,2,bored,0.8459,frustrated,0.6667,0.8474,True,0.0344,19.45,17.84,261.43,237.39,367.11,337.25
2095,71.5719,2,bored,0.8459,frustrated,0.6667,0.8474,True,0.0344,20.3,35.2,261.43,237.39,367.11,337.25
2096,71.6004,2,bored,0.8933,frustrated,0.6667,0.8474,True,0.0329,18.69,38.15,260.35,236.92,362.75,335.5
2097,71.6266,2,bored,0.8933,frustrated,0.6333,0.856,True,0.0329,21.2,33.02,260.35,236.92,362.75,335.5
2098,71.6569,2,bored,0.804,frustrated,0.6,0.8656,True,0.0312,19.45,37.1,259.26,237.51,356.99,335.45
2099,71.6838,2,bored,0.877,frustrated,0.5667,0.8655,True,0.0304,17.28,32.46,256.34,239.24,353.13,335.77
2100,71.7146,2,bored,0.7697,frustrated,0.5333,0.8653,True,0.0308,18.07,19.98,254.81,238.26,352.4,335.13
2101,71.7647,2,bored,0.7697,frustrated,0.5,0.8658,True,0.0308,19.73,36.08,254.81,238.26,352.4,335.13
2102,71.7924,2,bored,0.8818,frustrated,0.4667,0.8627,True,0.0304,20.54,35.04,252.58,239.91,350.08,335.7
2103,71.8209,2,bored,0.8676,frustrated,0.4333,0.8591,True,0.0306,20.06,25.09,250.71,239.65,347.98,336.16
2104,71.8608,2,bored,0.8676,bored,0.4667,0.8361,True,0.0306,18.66,36.1,250.71,239.65,347.98,336.16
2105,71.8885,2,bored,0.8303,bored,0.5,0.8357,True,0.0312,18.95,38.36,247.19,240.89,347.17,336.89
2106,71.9146,2,bored,0.846,bored,0.5333,0.8364,True,0.0325,17.83,24.49,244.27,240.99,346.97,338.15
2107,71.9554,2,bored,0.846,bored,0.5667,0.8369,True,0.0325,22.54,31.77,244.27,240.99,346.97,338.15
2108,71.9869,2,bored,0.8763,bored,0.6,0.8391,True,0.0311,20.04,29.68,243.76,240.69,342.1,337.86
2109,72.0206,2,bored,0.8854,bored,0.6333,0.8415,True,0.0309,20.58,20.25,242.18,240.78,339.29,338.4
2110,72.0699,2,bored,0.8854,bored,0.6667,0.8437,True,0.0309,17.73,38.88,242.18,240.78,339.29,338.4
2111,72.0957,3,frustrated,0.671,bored,0.6667,0.8437,True,0.0312,19.98,34.49,238.91,241.75,337.76,338.65
2112,72.1246,3,frustrated,0.4588,bored,0.6667,0.8437,True,0.0317,18.63,25.2,236.6,240.97,336.47,338.37
2113,72.1643,3,frustrated,0.4588,bored,0.6667,0.8437,True,0.0317,20.48,35.45,236.6,240.97,336.47,338.37
2114,72.1925,3,frustrated,0.668,bored,0.6667,0.8437,True,0.0314,20.56,35.06,234.39,241.26,334.75,337.47
2115,72.2211,3,frustrated,0.8063,bored,0.6667,0.8437,True,0.032,19.51,25.81,231.89,239.73,332.63,337.3
2116,72.2608,3,frustrated,0.8063,bored,0.6667,0.8437,True,0.032,21.89,34.65,231.89,239.73,332.63,337.3
2117,72.2887,3,frustrated,0.7171,bored,0.6667,0.8437,True,0.0333,23.05,32.72,228.44,236.03,332.16,334.55
2118,72.3192,2,bored,0.5521,bored,0.7,0.8299,True,0.0326,19.46,25.63,228.71,234.21,329.73,333.24
2119,72.3583,2,bored,0.5521,bored,0.7333,0.8172,True,0.0326,20.61,32.63,228.71,234.21,329.73,333.24
2120,72.3889,2,bored,0.7496,bored,0.7667,0.8143,True,0.0333,19.99,36.36,228.21,233.83,331.13,333.09
2121,72.4164,2,bored,0.7799,bored,0.7667,0.8149,True,0.0333,20.83,18.51,227.48,233.55,330.03,333.16
2122,72.4704,3,frustrated,0.6083,bored,0.7333,0.8172,True,0.0328,17.75,22.7,227.8,235.19,330.6,333.35
2123,72.5145,3,frustrated,0.6083,bored,0.7,0.8152,True,0.0328,18.58,36.6,227.8,235.19,330.6,333.35
2124,72.5418,3,frustrated,0.658,bored,0.6667,0.8137,True,0.0333,19.8,35.6,228.7,236.98,332.02,336.04
2125,72.5699,3,frustrated,0.658,bored,0.6333,0.812,True,0.0333,20.52,34.26,228.7,236.98,332.02,336.04
2126,72.5991,3,frustrated,0.4004,bored,0.6,0.8074,True,0.033,18.76,36.9,232.02,237.53,334.51,336.43
2127,72.6262,3,frustrated,0.4157,bored,0.5667,0.8024,True,0.033,19.94,27.37,233.41,237.47,335.93,336.23
2128,72.6627,3,frustrated,0.4157,bored,0.5333,0.8023,True,0.033,21.04,33.8,233.41,237.47,335.93,336.23
2129,72.6923,3,frustrated,0.602,bored,0.5,0.7973,True,0.0327,23.09,31.8,235.81,238.17,337.8,336.56
2130,72.7238,2,bored,0.9369,bored,0.5,0.8085,True,0.0333,21.15,29.49,237.77,236.15,340.61,335.61
2131,72.7577,2,bored,0.9369,bored,0.5,0.8196,True,0.0333,24.24,32.55,237.77,236.15,340.61,335.61
2132,72.7884,2,bored,0.834,bored,0.5,0.8164,True,0.0337,20.56,37.93,240.75,235.99,344.78,335.41
2133,72.8148,2,bored,0.7224,bored,0.5,0.8067,True,0.0345,19.96,26.19,241.7,236.02,348.25,335.57
2134,72.8529,2,bored,0.728,bored,0.5,0.7974,True,0.0353,19.16,16.19,243.97,234.31,349.59,337.1
2135,72.9147,2,bored,0.728,bored,0.5,0.7906,True,0.0353,19.72,34.79,243.97,234.31,349.59,337.1
2136,72.9435,2,bored,0.8433,bored,0.5,0.7904,True,0.0347,20.04,34.91,244.1,234.96,349.34,336.28
2137,72.9721,2,bored,0.8433,bored,0.5,0.7902,True,0.0347,19.46,36.62,244.1,234.96,349.34,336.28
2138,72.9994,2,bored,0.8981,bored,0.5,0.7917,True,0.0338,18.47,37.74,247.8,234.06,349.87,335.71
2139,73.0259,2,bored,0.8994,bored,0.5,0.7926,True,0.0349,20.15,28.26,247.72,233.28,351.39,336.71
2140,73.0613,2,bored,0.8994,frustrated,0.5,0.5969,True,0.0349,18.79,38.1,247.72,233.28,351.39,336.71
2141,73.0886,2,bored,0.9088,bored,0.5333,0.8008,True,0.0349,18.93,35.87,248.58,233.16,352.24,336.66
2142,73.1154,2,bored,0.9025,bored,0.5667,0.8067,True,0.034,18.02,25.61,251.44,233.09,353.44,335.58
2143,73.1545,2,bored,0.9025,bored,0.6,0.8121,True,0.034,21.72,33.44,251.44,233.09,353.44,335.58
2144,73.1844,2,bored,0.7923,bored,0.6333,0.811,True,0.0334,19.82,36.85,254.33,233.4,355.65,334.61
2145,73.2115,2,bored,0.7796,bored,0.6667,0.8095,True,0.0349,20.01,23.12,257.82,232.0,363.86,333.2
2146,73.2548,2,bored,0.774,bored,0.7,0.8078,True,0.034,20.03,21.31,264.53,231.31,367.8,332.43
2147,73.3017,2,bored,0.774,bored,0.7333,0.8062,True,0.034,19.98,34.64,264.53,231.31,367.8,332.43
2148,73.3306,2,bored,0.8215,bored,0.7333,0.8185,True,0.0335,19.04,29.09,268.4,231.36,370.54,332.05
2149,73.3649,0,engaged,0.3728,bored,0.7,0.8312,True,0.0349,18.49,20.74,271.27,229.22,374.62,332.94
2150,73.4132,0,engaged,0.3728,bored,0.6667,0.8352,True,0.0349,19.71,35.7,271.27,229.22,374.62,332.94
2151,73.4412,0,engaged,0.8186,bored,0.6333,0.8381,True,0.0344,20.97,33.78,274.17,232.1,377.52,334.21
2152,73.4708,0,engaged,0.8186,bored,0.6333,0.8381,True,0.0344,20.38,33.07,274.17,232.1,377.52,334.21
2153,73.501,0,engaged,0.793,bored,0.6333,0.8381,True,0.0355,20.12,36.89,275.69,232.16,381.21,335.63
2154,73.5281,2,bored,0.4308,bored,0.6667,0.8178,True,0.0354,19.07,37.73,277.9,230.96,382.6,334.78
2155,73.5546,2,bored,0.4308,bored,0.7,0.7994,True,0.0354,19.43,35.34,277.9,230.96,382.6,334.78
2156,73.5829,0,engaged,0.7835,bored,0.7,0.7994,True,0.0349,18.68,37.61,278.15,232.25,382.64,334.9
2157,73.6095,0,engaged,0.7429,bored,0.7,0.7994,True,0.0352,20.17,22.89,278.16,231.93,381.78,336.16
2158,73.6532,2,bored,0.5495,bored,0.7333,0.788,True,0.0351,19.3,20.46,275.08,231.07,379.36,334.41
2159,73.7021,2,bored,0.5495,bored,0.7667,0.7776,True,0.0351,19.49,36.14,275.08,231.07,379.36,334.41
2160,73.7298,2,bored,0.6499,bored,0.7667,0.7651,True,0.0341,19.35,37.22,273.68,230.37,375.79,332.9
2161,73.7566,2,bored,0.4591,bored,0.7667,0.7444,True,0.0333,18.5,18.18,271.81,231.85,373.21,332.58
2162,73.8116,2,bored,0.4591,bored,0.7667,0.7281,True,0.0333,19.85,35.89,271.81,231.85,373.21,332.58
2163,73.8395,2,bored,0.7906,bored,0.7667,0.731,True,0.034,18.64,36.63,269.79,230.89,372.15,332.94
2164,73.8668,2,bored,0.7906,bored,0.7667,0.7338,True,0.034,29.38,27.1,269.79,230.89,372.15,332.94
2165,73.9037,2,bored,0.8328,bored,0.7667,0.7383,True,0.0342,32.4,24.44,267.2,231.56,370.54,333.27
2166,73.9446,2,bored,0.795,bored,0.7667,0.7362,True,0.0341,33.23,24.36,265.31,232.06,369.04,333.0
2167,73.9857,2,bored,0.795,bored,0.7667,0.7341,True,0.0341,25.6,29.8,265.31,232.06,369.04,333.0
2168,74.0192,2,bored,0.8529,bored,0.7667,0.7322,True,0.0356,25.61,29.1,259.41,231.47,365.77,334.25
2169,74.0536,2,bored,0.8761,bored,0.7667,0.7312,True,0.0342,20.03,34.77,258.63,231.49,361.86,333.34
2170,74.0824,2,bored,0.8994,bored,0.7667,0.7311,True,0.0337,22.31,33.9,256.88,233.17,359.58,333.86
2171,74.1118,2,bored,0.8994,bored,0.7667,0.7307,True,0.0337,20.49,33.9,256.88,233.17,359.58,333.86
2172,74.1413,2,bored,0.9012,bored,0.7667,0.7307,True,0.0333,21.12,34.18,255.84,232.94,357.57,333.64
2173,74.1706,2,bored,0.7542,bored,0.7667,0.7242,True,0.0336,21.08,34.33,254.68,232.49,356.49,333.81
2174,74.1997,2,bored,0.7542,bored,0.7667,0.7226,True,0.0336,19.26,36.37,254.68,232.49,356.49,333.81
2175,74.2272,2,bored,0.9237,bored,0.7667,0.7288,True,0.0333,20.58,28.88,253.24,232.36,354.81,333.15
2176,74.2619,2,bored,0.857,bored,0.7667,0.7325,True,0.033,19.93,20.59,252.63,232.38,353.46,332.81
2177,74.3104,2,bored,0.857,bored,0.7667,0.7361,True,0.033,19.86,36.66,252.63,232.38,353.46,332.81
2178,74.3377,2,bored,0.8079,bored,0.7667,0.7355,True,0.0329,18.58,35.88,252.38,232.46,353.0,332.77
2179,74.3656,2,bored,0.8079,bored,0.8,0.7385,True,0.0329,19.99,34.44,252.38,232.46,353.0,332.77
2180,74.3946,3,frustrated,0.4539,bored,0.8,0.7385,True,0.034,20.58,35.76,250.9,231.34,353.41,333.33
2181,74.4226,3,frustrated,0.5591,bored,0.8,0.7385,True,0.034,19.68,32.49,250.46,230.96,352.64,333.19
2182,74.4533,2,bored,0.503,bored,0.8333,0.7291,True,0.0338,20.44,20.58,253.1,229.31,354.27,331.93
2183,74.5019,2,bored,0.503,bored,0.8667,0.7204,True,0.0338,19.85,35.21,253.1,229.31,354.27,331.93
2184,74.5303,2,bored,0.5811,bored,0.8667,0.7262,True,0.0335,18.53,38.47,254.58,229.96,355.72,331.76
2185,74.5563,3,frustrated,0.6925,bored,0.8333,0.738,True,0.0327,19.55,24.89,256.8,230.63,357.76,330.23
2186,74.5965,3,frustrated,0.6925,bored,0.8333,0.738,True,0.0327,19.0,37.75,256.8,230.63,357.76,330.23
2187,74.623,2,bored,0.7722,bored,0.8667,0.7393,True,0.0331,28.53,27.01,259.57,229.86,362.14,328.99
2188,74.66,2,bored,0.6452,bored,0.8667,0.743,True,0.0339,28.11,24.1,263.35,227.99,366.75,328.61
2189,74.7025,2,bored,0.6452,bored,0.8667,0.7466,True,0.0339,44.21,19.15,263.35,227.99,366.75,328.61
2190,74.7537,2,bored,0.7649,bored,0.8667,0.7511,True,0.0328,36.26,18.92,268.0,228.75,369.9,327.57
2191,74.8066,2,bored,0.731,bored,0.8667,0.7615,True,0.0322,31.17,25.55,272.57,229.05,372.25,328.43
2192,74.8457,2,bored,0.731,bored,0.8667,0.772,True,0.0322,31.93,25.04,272.57,229.05,372.25,328.43
2193,74.8856,3,frustrated,0.5201,bored,0.8333,0.7712,True,0.0343,19.6,36.22,276.69,226.36,378.38,330.1
2194,74.9132,2,bored,0.471,bored,0.8333,0.7585,True,0.0343,18.64,36.39,281.58,230.51,384.12,333.19
2195,74.9407,2,bored,0.471,bored,0.8333,0.744,True,0.0343,19.89,35.8,281.58,230.51,384.12,333.19
2196,74.9687,2,bored,0.6394,bored,0.8333,0.7378,True,0.0327,18.92,35.34,287.34,232.9,386.69,333.95
2197,74.997,2,bored,0.7973,bored,0.8333,0.7378,True,0.0339,20.98,36.18,293.14,232.76,395.3,334.73
2198,75.0246,2,bored,0.7973,bored,0.8333,0.7356,True,0.0339,19.53,38.29,293.14,232.76,395.3,334.73
2199,75.0507,2,bored,0.8227,bored,0.8333,0.7335,True,0.0329,19.03,38.21,297.25,233.36,396.53,335.24
2200,75.0769,2,bored,0.7536,bored,0.8333,0.7277,True,0.0342,19.54,37.13,297.58,232.74,398.96,336.51
2201,75.1038,2,bored,0.7536,bored,0.8333,0.7218,True,0.0342,20.03,36.42,297.58,232.74,398.96,336.51
2202,75.1313,2,bored,0.7483,bored,0.8333,0.7157,True,0.0338,19.63,36.84,300.36,232.18,399.97,336.58
2203,75.1584,2,bored,0.6902,bored,0.8333,0.7131,True,0.0329,19.43,20.57,304.78,231.65,402.46,335.08
2204,75.207,2,bored,0.6902,bored,0.8333,0.7106,True,0.0329,19.99,34.08,304.78,231.65,402.46,335.08
2205,75.2364,2,bored,0.6697,bored,0.8333,0.7004,True,0.0323,20.4,35.22,305.08,230.69,401.63,333.56
2206,75.2648,3,frustrated,0.9042,bored,0.8,0.6939,True,0.032,19.2,26.34,303.6,230.78,401.22,331.56
2207,75.3027,3,frustrated,0.9042,bored,0.7667,0.6868,True,0.032,19.54,36.38,303.6,230.78,401.22,331.56
2208,75.3302,3,frustrated,0.828,bored,0.7333,0.6813,True,0.0318,19.08,37.78,303.18,229.95,400.82,329.98
2209,75.3567,2,bored,0.8501,bored,0.7333,0.6832,True,0.0322,18.68,26.16,303.46,226.62,399.83,329.31
2210,75.3949,2,bored,0.8501,bored,0.7667,0.6905,True,0.0322,19.24,35.53,303.46,226.62,399.83,329.31
2211,75.423,2,bored,0.8697,bored,0.8,0.6979,True,0.0309,18.97,38.73,302.05,226.37,398.91,324.35
2212,75.4489,2,bored,0.8542,bored,0.8,0.7126,True,0.0295,17.86,23.4,299.76,227.58,397.0,320.87
2213,75.4916,2,bored,0.8542,bored,0.8,0.7272,True,0.0295,20.8,34.61,299.76,227.58,397.0,320.87
2214,75.5205,3,frustrated,0.3526,bored,0.7667,0.7336,True,0.0301,19.97,37.57,296.82,229.61,396.98,321.95
2215,75.5471,2,bored,0.642,bored,0.8,0.7298,True,0.0292,20.14,24.06,296.86,228.25,393.85,320.75
2216,75.5887,2,bored,0.642,bored,0.8333,0.7262,True,0.0292,20.6,35.75,296.86,228.25,393.85,320.75
2217,75.6166,2,bored,0.6496,bored,0.8333,0.7213,True,0.0295,18.71,28.71,297.75,226.8,392.96,322.02
2218,75.6515,2,bored,0.677,bored,0.8333,0.7226,True,0.0309,19.62,20.6,293.89,225.85,392.49,322.13
2219,75.7,2,bored,0.677,bored,0.8333,0.7239,True,0.0309,20.29,34.69,293.89,225.85,392.49,322.13
2220,75.7288,2,bored,0.7871,bored,0.8333,0.7248,True,0.0299,20.24,37.28,292.52,227.7,390.83,321.12
2221,75.7557,2,bored,0.8104,bored,0.8333,0.7279,True,0.0296,19.7,24.99,289.8,229.12,388.3,321.54
2222,75.7957,2,bored,0.8104,bored,0.8333,0.7311,True,0.0296,19.46,35.74,289.8,229.12,388.3,321.54
2223,75.8237,2,bored,0.8569,bored,0.8667,0.736,True,0.0292,18.76,35.77,288.96,229.71,386.85,321.42
2224,75.8516,2,bored,0.8256,bored,0.8667,0.7496,True,0.0295,19.94,23.82,287.38,228.91,385.05,321.71
2225,75.8936,2,bored,0.8256,bored,0.8667,0.7632,True,0.0295,20.35,36.35,287.38,228.91,385.05,321.71
2226,75.9211,2,bored,0.6874,bored,0.8667,0.7651,True,0.0296,19.16,35.92,283.9,225.71,379.74,320.65
2227,75.949,2,bored,0.7745,bored,0.8667,0.7642,True,0.0294,18.88,25.7,279.56,225.54,374.04,321.15
2228,75.9879,2,bored,0.7745,bored,0.8667,0.7633,True,0.0294,19.37,38.65,279.56,225.54,374.04,321.15
2229,76.0137,2,bored,0.7182,bored,0.8667,0.7593,True,0.0293,19.81,36.24,275.5,228.49,371.64,322.22
2230,76.0413,2,bored,0.7195,bored,0.8667,0.758,True,0.0286,19.72,17.21,272.85,230.73,368.89,322.29
2231,76.0994,2,bored,0.7982,bored,0.8667,0.7597,True,0.0292,19.15,20.28,271.15,231.25,368.15,323.79
2232,76.1487,2,bored,0.7982,bored,0.8667,0.7616,True,0.0292,19.87,37.03,271.15,231.25,368.15,323.79
2233,76.1757,2,bored,0.7799,bored,0.8667,0.7651,True,0.0302,21.54,33.25,269.21,229.79,366.26,325.47
2234,76.2058,2,bored,0.7799,bored,0.8667,0.7685,True,0.0302,20.91,33.88,269.21,229.79,366.26,325.47
2235,76.2353,2,bored,0.7197,bored,0.8667,0.7705,True,0.0312,21.32,33.04,266.47,229.02,365.12,326.32
2236,76.2656,3,frustrated,0.3301,bored,0.8667,0.7705,True,0.0316,20.65,34.3,265.08,230.07,364.73,327.34
2237,76.2948,3,frustrated,0.3301,bored,0.8667,0.7705,True,0.0316,23.26,33.48,265.08,230.07,364.73,327.34
2238,76.3246,2,bored,0.845,bored,0.9,0.7732,True,0.0312,23.87,30.95,264.75,230.18,363.03,327.61
2239,76.3569,2,bored,0.8438,bored,0.9,0.773,True,0.0319,22.95,29.02,262.64,230.32,362.59,328.37
2240,76.3914,2,bored,0.8438,bored,0.9,0.7727,True,0.0319,24.04,31.59,262.64,230.32,362.59,328.37
2241,76.423,3,frustrated,0.5449,bored,0.8667,0.769,True,0.0327,19.14,38.95,259.75,230.47,361.51,329.29
2242,76.4487,3,frustrated,0.7553,bored,0.8333,0.7656,True,0.0327,19.32,26.99,258.49,232.37,360.8,330.53
2243,76.4858,3,frustrated,0.6839,bored,0.8,0.7619,True,0.0328,18.03,16.12,258.9,233.11,360.77,332.0
2244,76.5478,3,frustrated,0.6839,bored,0.8,0.7619,True,0.0328,18.87,37.09,258.9,233.11,360.77,332.0
2245,76.5748,3,frustrated,0.5105,bored,0.7667,0.7671,True,0.0326,22.51,33.5,257.15,232.78,357.46,332.69
2246,76.6046,3,frustrated,0.5105,bored,0.7333,0.7728,True,0.0326,19.67,39.62,257.15,232.78,357.46,332.69
2247,76.6299,2,bored,0.782,bored,0.7333,0.7788,True,0.0322,20.79,34.84,256.53,232.8,356.06,332.31
2248,76.6586,2,bored,0.606,bored,0.7333,0.7756,True,0.0318,18.89,31.18,256.99,233.9,355.79,332.92
2249,76.6906,2,bored,0.606,bored,0.7333,0.7724,True,0.0318,19.55,36.41,256.99,233.9,355.79,332.92
2250,76.7181,2,bored,0.7859,bored,0.7333,0.7723,True,0.0321,18.81,38.01,256.78,234.29,356.14,333.38
2251,76.7444,2,bored,0.8356,bored,0.7333,0.7735,True,0.0323,20.43,22.22,256.56,233.89,355.97,333.63
2252,76.7894,2,bored,0.8356,bored,0.7333,0.7746,True,0.0323,18.35,39.91,256.56,233.89,355.97,333.63
2253,76.8145,2,bored,0.9021,bored,0.7333,0.7767,True,0.0324,19.24,35.59,256.48,234.14,356.7,333.35
2254,76.8426,2,bored,0.9121,bored,0.7333,0.7806,True,0.0325,21.02,23.33,255.95,233.65,355.97,333.48
2255,76.8854,2,bored,0.8827,bored,0.7333,0.7832,True,0.0321,20.69,20.74,256.62,234.03,355.22,333.98
2256,76.9336,2,bored,0.8827,bored,0.7333,0.7921,True,0.0321,20.35,35.12,256.62,234.03,355.22,333.98
2257,76.9621,2,bored,0.8641,bored,0.7333,0.7962,True,0.0316,19.74,28.64,255.98,234.43,353.83,333.79
2258,76.997,2,bored,0.8943,bored,0.7333,0.8016,True,0.0326,19.61,21.01,254.17,233.83,353.96,334.18
2259,77.0446,2,bored,0.8943,bored,0.7333,0.8096,True,0.0326,18.84,36.66,254.17,233.83,353.96,334.18
2260,77.0719,2,bored,0.8894,bored,0.7333,0.8173,True,0.0325,19.44,35.91,254.06,233.79,353.63,334.0
2261,77.0997,2,bored,0.8894,bored,0.7333,0.8215,True,0.0325,19.41,34.89,254.06,233.79,353.63,334.0
2262,77.1284,2,bored,0.9038,bored,0.7333,0.8263,True,0.0324,19.71,35.8,254.36,233.99,353.99,333.99
2263,77.1563,2,bored,0.8961,bored,0.7333,0.8316,True,0.0325,19.27,31.4,254.75,233.81,354.4,333.87
2264,77.1882,2,bored,0.8961,bored,0.7333,0.8368,True,0.0325,18.43,40.7,254.75,233.81,354.4,333.87
2265,77.2127,2,bored,0.9006,bored,0.7333,0.8451,True,0.0324,19.56,36.5,254.84,233.86,354.36,333.94
2266,77.2401,2,bored,0.8897,bored,0.7667,0.847,True,0.0325,19.52,22.17,255.46,233.8,354.87,334.23
2267,77.2853,2,bored,0.8592,bored,0.8,0.8475,True,0.0321,19.29,20.38,256.47,234.39,354.92,334.41
2268,77.3343,2,bored,0.8592,bored,0.8,0.8481,True,0.0321,19.08,37.3,256.47,234.39,354.92,334.41
2269,77.3611,2,bored,0.8467,bored,0.8,0.8482,True,0.0318,19.82,35.26,256.15,234.91,355.21,333.68
2270,77.3895,2,bored,0.8851,bored,0.8,0.8499,True,0.0318,18.21,18.8,256.29,234.83,355.17,333.58
2271,77.4427,2,bored,0.8851,bored,0.8333,0.8514,True,0.0318,21.07,32.88,256.29,234.83,355.17,333.58
2272,77.4731,2,bored,0.8792,bored,0.8667,0.8524,True,0.0319,19.98,35.11,256.63,234.52,355.79,333.48
2273,77.5016,2,bored,0.8792,bored,0.9,0.8534,True,0.0319,19.52,36.2,256.63,234.52,355.79,333.48
2274,77.5292,2,bored,0.9419,bored,0.9333,0.8566,True,0.0321,19.83,35.28,256.79,234.11,356.29,333.19
2275,77.5576,2,bored,0.9351,bored,0.9667,0.8593,True,0.0324,19.36,32.94,256.86,233.59,357.01,332.86
2276,77.5879,2,bored,0.9351,bored,1.0,0.8618,True,0.0324,17.78,38.88,256.86,233.59,357.01,332.86
2277,77.6136,2,bored,0.9401,bored,1.0,0.8671,True,0.0337,17.94,37.09,256.69,234.07,360.07,334.11
2278,77.6406,2,bored,0.9237,bored,1.0,0.8777,True,0.0332,20.06,22.85,257.89,234.23,360.52,333.6
2279,77.6844,2,bored,0.8261,bored,1.0,0.885,True,0.0327,21.16,19.87,258.92,234.75,360.73,333.53
2280,77.7347,2,bored,0.8261,bored,1.0,0.8863,True,0.0327,19.88,37.26,258.92,234.75,360.73,333.53
2281,77.7615,2,bored,0.8867,bored,1.0,0.888,True,0.0333,19.18,37.75,258.66,235.13,361.96,334.27
2282,77.788,2,bored,0.8626,bored,1.0,0.8889,True,0.0333,19.08,25.24,259.08,235.3,362.15,334.57
2283,77.8276,2,bored,0.8626,bored,1.0,0.8876,True,0.0333,18.99,37.01,259.08,235.3,362.15,334.57
2284,77.8547,2,bored,0.8807,bored,1.0,0.8866,True,0.0339,18.75,37.93,258.84,235.59,362.66,335.88
2285,77.881,2,bored,0.9133,bored,1.0,0.8876,True,0.0338,19.19,16.48,258.95,235.96,362.74,336.06
2286,77.9417,2,bored,0.9133,bored,1.0,0.8886,True,0.0338,20.21,35.85,258.95,235.96,362.74,336.06
2287,77.9696,2,bored,0.8846,bored,1.0,0.8893,True,0.0342,19.01,36.71,259.02,236.01,363.29,336.76
2288,77.9978,2,bored,0.8846,bored,1.0,0.889,True,0.0342,18.23,36.04,259.02,236.01,363.29,336.76
2289,78.0246,2,bored,0.9006,bored,1.0,0.8892,True,0.0343,21.76,33.65,258.67,236.18,363.34,336.8
2290,78.0543,2,bored,0.9055,bored,1.0,0.8897,True,0.034,18.3,35.35,258.72,236.49,363.01,336.75
2291,78.0826,2,bored,0.9275,bored,1.0,0.891,True,0.034,20.74,19.34,258.65,236.23,362.59,336.74
2292,78.1343,2,bored,0.9275,bored,1.0,0.8918,True,0.034,19.21,35.76,258.65,236.23,362.59,336.74
2293,78.1623,2,bored,0.9221,bored,1.0,0.8927,True,0.0342,20.33,34.6,258.56,236.13,362.88,336.93
2294,78.1912,2,bored,0.9349,bored,1.0,0.8939,True,0.0345,19.77,25.94,258.16,235.9,362.84,337.01
2295,78.2297,2,bored,0.9349,bored,1.0,0.8951,True,0.0345,19.22,37.32,258.16,235.9,362.84,337.01
2296,78.2565,2,bored,0.9397,bored,1.0,0.8968,True,0.0342,19.45,35.72,258.36,236.25,362.72,337.08
2297,78.2845,2,bored,0.917,bored,1.0,0.8987,True,0.0344,17.82,25.58,258.42,235.91,362.95,336.95
2298,78.3236,2,bored,0.917,bored,1.0,0.9006,True,0.0344,20.03,34.97,258.42,235.91,362.95,336.95
2299,78.3522,2,bored,0.9208,bored,1.0,0.9031,True,0.0343,18.93,29.76,258.16,236.17,362.81,336.85
2300,78.3858,2,bored,0.9255,bored,1.0,0.9044,True,0.0346,19.45,19.54,258.23,235.75,363.27,337.08
2301,78.437,2,bored,0.9255,bored,1.0,0.9058,True,0.0346,18.83,38.27,258.23,235.75,363.27,337.08
2302,78.4631,2,bored,0.9114,bored,1.0,0.9069,True,0.0342,18.0,37.57,258.41,236.22,362.88,336.82
2303,78.4897,2,bored,0.8976,bored,1.0,0.9075,True,0.0341,20.79,22.33,258.75,236.62,363.12,336.91
2304,78.5345,2,bored,0.8976,bored,1.0,0.906,True,0.0341,19.15,37.49,258.75,236.62,363.12,336.91
2305,78.5612,2,bored,0.7734,bored,1.0,0.9006,True,0.0335,20.13,36.97,259.24,237.33,362.91,336.69
2306,78.5882,2,bored,0.7897,bored,1.0,0.8958,True,0.0345,19.34,25.64,258.96,234.47,363.04,336.44
2307,78.6282,2,bored,0.7897,bored,1.0,0.8907,True,0.0345,19.35,35.13,258.96,234.47,363.04,336.44
2308,78.6557,3,frustrated,0.5795,bored,0.9667,0.8896,True,0.0343,22.23,32.43,256.87,235.47,360.74,336.93
2309,78.6865,2,bored,0.7803,bored,0.9667,0.888,True,0.0322,18.76,26.4,255.83,235.99,355.17,335.53
2310,78.7244,2,bored,0.7803,bored,0.9667,0.8864,True,0.0322,21.22,34.16,255.83,235.99,355.17,335.53
2311,78.7536,2,bored,0.7737,bored,0.9667,0.8825,True,0.0322,18.76,36.75,254.71,236.22,354.05,335.7
2312,78.7809,2,bored,0.8032,bored,0.9667,0.8805,True,0.032,20.95,17.69,253.5,236.47,352.46,335.81
2313,78.8374,2,bored,0.8032,bored,0.9667,0.8785,True,0.032,18.01,37.06,253.5,236.47,352.46,335.81
2314,78.8644,2,bored,0.8372,bored,0.9667,0.877,True,0.032,18.99,36.28,253.49,236.3,352.29,335.74
2315,78.8919,2,bored,0.7316,bored,0.9667,0.8707,True,0.032,21.15,23.45,253.6,236.3,352.48,335.72
2316,78.9346,2,bored,0.7316,bored,0.9667,0.8644,True,0.032,19.82,35.99,253.6,236.3,352.48,335.72
2317,78.9624,2,bored,0.5859,bored,0.9667,0.8541,True,0.0325,19.12,36.06,252.23,236.54,352.55,335.98
2318,78.9901,2,bored,0.6645,bored,0.9667,0.8465,True,0.0329,19.86,26.15,250.84,236.57,352.31,336.08
2319,79.0283,2,bored,0.6645,bored,0.9667,0.8384,True,0.0329,19.65,36.87,250.84,236.57,352.31,336.08
2320,79.0554,2,bored,0.7458,bored,0.9667,0.8329,True,0.033,19.15,36.83,250.68,236.91,352.59,336.44
2321,79.0826,2,bored,0.7087,bored,0.9667,0.8253,True,0.0337,19.12,24.53,250.1,235.89,352.67,336.86
2322,79.1234,2,bored,0.7087,bored,0.9667,0.8178,True,0.0337,20.15,35.36,250.1,235.89,352.67,336.86
2323,79.1516,2,bored,0.5743,bored,0.9667,0.8058,True,0.0327,18.55,37.37,251.03,236.78,352.19,336.15
2324,79.1784,2,bored,0.6073,bored,0.9667,0.7945,True,0.0331,19.03,24.23,250.56,236.11,352.13,336.14
2325,79.2197,2,bored,0.6073,bored,0.9667,0.7832,True,0.0331,20.74,35.4,250.56,236.11,352.13,336.14
2326,79.2479,0,engaged,0.3089,bored,0.9333,0.7776,True,0.0333,17.64,28.59,250.96,236.0,352.91,336.29
2327,79.2829,2,bored,0.5983,bored,0.9333,0.7662,True,0.0335,21.02,19.45,250.84,235.08,352.31,336.45
2328,79.3343,2,bored,0.5983,bored,0.9333,0.7548,True,0.0335,19.57,36.73,250.84,235.08,352.31,336.45
2329,79.3615,2,bored,0.7447,bored,0.9333,0.7486,True,0.034,20.28,35.98,250.24,234.84,352.64,336.86
2330,79.3893,2,bored,0.7263,bored,0.9333,0.7414,True,0.0336,19.39,25.86,250.6,235.26,352.36,336.77
2331,79.428,2,bored,0.7263,bored,0.9333,0.7343,True,0.0336,21.1,36.18,250.6,235.26,352.36,336.77
2332,79.4556,2,bored,0.7494,bored,0.9333,0.7285,True,0.0331,19.89,35.12,251.09,235.37,351.87,336.4
2333,79.4841,2,bored,0.8474,bored,0.9333,0.7267,True,0.033,19.43,25.94,251.01,235.8,351.67,336.43
2334,79.5227,2,bored,0.8474,bored,0.9333,0.725,True,0.033,22.3,33.67,251.01,235.8,351.67,336.43
2335,79.5524,2,bored,0.843,bored,0.9333,0.7274,True,0.0322,18.62,36.17,252.22,235.87,351.68,335.46
2336,79.58,2,bored,0.8964,bored,0.9333,0.7313,True,0.032,19.37,24.72,252.46,235.93,351.46,335.34
2337,79.6205,2,bored,0.8964,bored,0.9333,0.7351,True,0.032,18.35,39.9,252.46,235.93,351.46,335.34
2338,79.6455,3,frustrated,0.4418,bored,0.9333,0.7351,True,0.0325,19.22,34.8,252.19,234.97,351.88,335.18
2339,79.6743,2,bored,0.6663,bored,0.9333,0.731,True,0.0316,18.48,17.55,252.38,233.7,350.41,332.61
2340,79.7312,2,bored,0.6605,bored,0.9333,0.7267,True,0.0311,17.34,20.65,251.13,233.48,349.07,331.07
2341,79.7797,2,bored,0.6605,bored,0.9333,0.7227,True,0.0311,19.9,34.54,251.13,233.48,349.07,331.07
2342,79.8086,2,bored,0.8943,bored,0.9333,0.7259,True,0.0305,18.59,38.92,250.02,232.84,346.98,329.39
2343,79.8353,2,bored,0.8943,bored,0.9333,0.7292,True,0.0305,18.68,35.89,250.02,232.84,346.98,329.39
2344,79.8622,2,bored,0.8636,bored,0.9333,0.7301,True,0.0298,18.95,35.12,249.91,233.38,345.76,328.8
2345,79.8906,2,bored,0.9085,bored,0.9333,0.7364,True,0.0297,19.55,28.78,250.1,233.26,345.49,328.8
2346,79.9254,2,bored,0.9085,bored,0.9333,0.7428,True,0.0297,19.04,34.49,250.1,233.26,345.49,328.8
2347,79.9544,2,bored,0.8805,bored,0.9333,0.7533,True,0.0302,19.96,35.23,249.61,233.07,346.25,329.17
2348,79.9828,2,bored,0.9013,bored,0.9333,0.7617,True,0.0302,20.01,26.9,250.83,232.91,346.62,329.74
2349,80.0199,2,bored,0.9013,bored,0.9333,0.7702,True,0.0302,20.15,34.81,250.83,232.91,346.62,329.74
2350,80.0487,2,bored,0.8968,bored,0.9333,0.7756,True,0.0303,19.26,36.3,250.73,233.11,346.58,330.24
2351,80.0762,2,bored,0.9188,bored,0.9333,0.7831,True,0.0305,18.31,24.05,249.97,233.43,347.29,329.69
2352,80.1178,2,bored,0.9077,bored,0.9333,0.7902,True,0.0302,18.82,15.92,250.94,234.38,347.3,330.58
2353,80.1806,2,bored,0.9077,bored,0.9333,0.8021,True,0.0302,18.66,36.89,250.94,234.38,347.3,330.58
2354,80.2091,2,bored,0.9186,bored,0.9333,0.8132,True,0.0299,22.41,32.84,250.85,235.5,346.87,331.23
2355,80.2382,2,bored,0.9186,bored,0.9333,0.8243,True,0.0299,23.9,30.64,250.85,235.5,346.87,331.23
2356,80.2708,2,bored,0.9146,bored,0.9667,0.8275,True,0.0302,20.61,35.3,250.62,235.59,347.56,331.33
2357,80.2991,2,bored,0.912,bored,0.9667,0.8383,True,0.0305,20.13,33.66,250.6,235.55,347.88,331.79
2358,80.3288,2,bored,0.912,bored,0.9667,0.8491,True,0.0305,21.97,31.19,250.6,235.55,347.88,331.79
2359,80.3609,2,bored,0.8735,bored,0.9667,0.8535,True,0.0303,22.83,32.47,251.05,236.18,347.76,332.39
2360,80.3917,2,bored,0.8336,bored,0.9667,0.8572,True,0.0313,21.04,32.79,250.41,235.91,349.17,333.38
2361,80.4222,2,bored,0.8336,bored,0.9667,0.8609,True,0.0313,19.41,37.24,250.41,235.91,349.17,333.38
2362,80.449,2,bored,0.8956,bored,0.9667,0.866,True,0.0324,19.42,36.59,249.92,236.66,350.86,335.36
2363,80.4764,2,bored,0.7802,bored,0.9667,0.8637,True,0.0327,19.88,25.46,250.53,238.15,351.71,337.43
2364,80.5156,3,frustrated,0.8451,bored,0.9333,0.8642,True,0.0318,18.44,20.4,251.6,241.02,353.04,337.44
2365,80.5647,3,frustrated,0.8451,bored,0.9,0.865,True,0.0318,18.74,35.6,251.6,241.02,353.04,337.44
2366,80.5928,3,frustrated,0.8612,bored,0.8667,0.8638,True,0.0328,19.3,28.55,252.25,239.67,353.64,339.03
2367,80.6278,3,frustrated,0.5357,bored,0.8333,0.8625,True,0.0332,19.46,20.77,254.88,239.91,357.06,339.79
2368,80.6759,3,frustrated,0.5357,bored,0.8333,0.8625,True,0.0332,20.53,34.95,254.88,239.91,357.06,339.79
2369,80.7045,3,frustrated,0.7895,bored,0.8,0.8707,True,0.0333,18.4,36.46,256.86,240.52,359.46,340.24
2370,80.732,3,frustrated,0.7895,bored,0.7667,0.8798,True,0.0333,19.35,37.87,256.86,240.52,359.46,340.24
2371,80.7584,3,frustrated,0.4406,bored,0.7333,0.8898,True,0.034,20.06,35.41,257.93,240.09,361.59,340.82
2372,80.7866,2,bored,0.8608,bored,0.7333,0.8883,True,0.0343,18.65,29.38,258.97,238.64,362.93,340.02
2373,80.8207,2,bored,0.8608,bored,0.7333,0.8868,True,0.0343,21.35,34.86,258.97,238.64,362.93,340.02
2374,80.8493,2,bored,0.8704,bored,0.7333,0.8871,True,0.0342,20.03,34.56,259.63,238.79,363.22,340.13
2375,80.8783,2,bored,0.8621,bored,0.7333,0.885,True,0.0351,18.28,27.6,260.19,238.36,365.24,341.0
2376,80.9156,2,bored,0.8447,bored,0.7333,0.8821,True,0.0357,18.7,20.38,258.82,236.4,364.65,340.14
2377,80.9646,2,bored,0.8447,bored,0.7333,0.8804,True,0.0357,19.28,37.04,258.82,236.4,364.65,340.14
2378,80.9906,2,bored,0.8827,bored,0.7333,0.8796,True,0.0356,20.47,37.03,259.31,236.33,364.87,339.83
2379,81.0176,2,bored,0.8503,bored,0.7333,0.8773,True,0.0342,19.03,23.53,261.8,239.61,365.63,340.78
2380,81.0601,2,bored,0.8503,bored,0.7333,0.8751,True,0.0342,20.1,37.22,261.8,239.61,365.63,340.78
2381,81.088,2,bored,0.8476,bored,0.7333,0.8719,True,0.0343,19.12,27.26,261.47,239.97,365.99,340.9
2382,81.1236,2,bored,0.8476,bored,0.7333,0.8692,True,0.0343,21.67,33.43,261.47,239.97,365.99,340.9
2383,81.1536,2,bored,0.876,bored,0.7333,0.8677,True,0.0355,19.48,36.23,259.37,236.39,364.98,339.71
2384,81.1812,2,bored,0.8629,bored,0.7333,0.8652,True,0.0354,20.41,25.46,259.4,236.46,364.72,339.62
2385,81.2204,2,bored,0.8629,bored,0.7333,0.8627,True,0.0354,19.18,37.75,259.4,236.46,364.72,339.62
2386,81.2469,2,bored,0.8715,bored,0.7333,0.8607,True,0.0355,21.99,34.0,258.94,236.74,365.0,339.42
2387,81.2763,2,bored,0.8722,bored,0.7333,0.8589,True,0.0355,21.36,24.05,258.68,236.58,364.71,339.47
2388,81.3179,2,bored,0.8009,bored,0.7333,0.8539,True,0.0351,19.09,21.41,258.85,237.56,364.78,339.28
2389,81.3646,2,bored,0.8009,bored,0.7333,0.8506,True,0.0351,19.16,39.34,258.85,237.56,364.78,339.28
2390,81.39,2,bored,0.8101,bored,0.7333,0.8495,True,0.0354,21.11,33.76,258.59,237.06,364.89,339.28
2391,81.4197,2,bored,0.8742,bored,0.7333,0.8513,True,0.0355,18.05,24.49,258.53,236.67,364.74,339.48
2392,81.4605,2,bored,0.8742,bored,0.7333,0.8504,True,0.0355,19.75,38.41,258.53,236.67,364.74,339.48
2393,81.4865,2,bored,0.8177,bored,0.7333,0.8521,True,0.0357,19.06,35.63,258.32,236.43,364.68,339.56
2394,81.5146,2,bored,0.8265,bored,0.7667,0.851,True,0.0355,18.98,16.97,258.36,236.94,364.56,339.5
2395,81.5735,2,bored,0.8265,bored,0.8,0.8499,True,0.0355,20.07,35.9,258.36,236.94,364.56,339.5
2396,81.6024,2,bored,0.7842,bored,0.8333,0.8473,True,0.0355,19.41,36.64,258.51,237.5,365.5,339.5
2397,81.6286,2,bored,0.7842,bored,0.8667,0.8449,True,0.0355,20.13,37.01,258.51,237.5,365.5,339.5
2398,81.6557,2,bored,0.8552,bored,0.9,0.8453,True,0.0355,22.44,32.18,258.43,236.74,364.64,339.33
2399,81.6867,2,bored,0.8312,bored,0.9333,0.8448,True,0.0357,18.98,32.75,258.39,237.06,364.83,340.11
2400,81.7173,2,bored,0.7416,bored,0.9667,0.8412,True,0.0351,17.95,21.99,258.9,238.1,365.35,339.27
2401,81.7628,2,bored,0.7416,bored,1.0,0.8379,True,0.0351,18.34,36.76,258.9,238.1,365.35,339.27
2402,81.79,2,bored,0.7667,bored,1.0,0.8347,True,0.0345,21.45,33.37,259.23,238.94,364.67,339.52
2403,81.8199,2,bored,0.8337,bored,1.0,0.8338,True,0.0356,18.52,25.11,258.48,236.77,364.89,339.61
2404,81.8598,2,bored,0.8337,bored,1.0,0.8326,True,0.0356,18.85,37.22,258.48,236.77,364.89,339.61
2405,81.8866,2,bored,0.8017,bored,1.0,0.8306,True,0.0351,18.54,38.1,258.84,237.24,364.68,339.17
2406,81.9129,2,bored,0.8172,bored,1.0,0.8297,True,0.0356,19.76,23.07,258.67,236.56,365.1,339.45
2407,81.9562,2,bored,0.8172,bored,1.0,0.8288,True,0.0356,19.76,35.37,258.67,236.56,365.1,339.45
2408,81.9845,2,bored,0.8448,bored,1.0,0.8275,True,0.0354,20.58,27.81,258.77,236.81,364.83,339.45
2409,82.0204,2,bored,0.8958,bored,1.0,0.829,True,0.0356,17.54,21.67,258.67,236.35,364.92,339.28
2410,82.0666,2,bored,0.8958,bored,1.0,0.8305,True,0.0356,18.94,34.62,258.67,236.35,364.92,339.28
2411,82.0955,2,bored,0.8913,bored,1.0,0.832,True,0.0355,19.6,36.71,258.56,236.56,364.54,339.42
2412,82.1227,2,bored,0.9056,bored,1.0,0.8339,True,0.0363,19.02,23.85,258.16,235.84,365.01,340.08
2413,82.1646,2,bored,0.9056,bored,1.0,0.8349,True,0.0363,19.04,37.65,258.16,235.84,365.01,340.08
2414,82.1912,2,bored,0.8894,bored,1.0,0.8358,True,0.0361,21.32,33.96,258.24,235.98,365.0,339.91
2415,82.2206,2,bored,0.9001,bored,1.0,0.837,True,0.0359,18.69,26.61,258.29,236.52,364.82,340.18
2416,82.2582,2,bored,0.9001,bored,1.0,0.838,True,0.0359,21.23,35.32,258.29,236.52,364.82,340.18
2417,82.2865,2,bored,0.887,bored,1.0,0.8385,True,0.0353,22.69,31.55,258.77,237.04,364.43,339.64
2418,82.3182,2,bored,0.8661,bored,1.0,0.8407,True,0.0348,18.88,27.02,260.6,236.68,365.09,338.91
2419,82.3552,2,bored,0.8661,bored,1.0,0.8428,True,0.0348,20.84,34.12,260.6,236.68,365.09,338.91
2420,82.3846,2,bored,0.8749,bored,1.0,0.845,True,0.0343,19.22,37.38,262.57,236.68,365.9,338.51
2421,82.4113,2,bored,0.8793,bored,1.0,0.8452,True,0.0339,20.39,17.08,264.28,236.48,366.75,338.12
2422,82.4699,2,bored,0.8715,bored,1.0,0.8451,True,0.0342,18.97,21.46,264.69,235.95,367.62,338.11
2423,82.5175,2,bored,0.8715,bored,1.0,0.8469,True,0.0342,19.07,35.51,264.69,235.95,367.62,338.11
2424,82.5446,2,bored,0.8917,bored,1.0,0.849,True,0.0347,20.56,35.73,264.69,235.35,368.14,338.33
2425,82.5726,2,bored,0.8917,bored,1.0,0.8512,True,0.0347,19.78,36.83,264.69,235.35,368.14,338.33
2426,82.5998,2,bored,0.912,bored,1.0,0.8555,True,0.0342,19.84,35.09,265.1,235.46,367.69,338.0
2427,82.6283,2,bored,0.907,bored,1.0,0.8596,True,0.0343,18.97,31.53,264.96,235.42,367.74,337.9
2428,82.66,2,bored,0.907,bored,1.0,0.8613,True,0.0343,20.95,35.99,264.96,235.42,367.74,337.9
2429,82.6878,2,bored,0.9102,bored,1.0,0.8639,True,0.0341,18.36,39.63,265.09,235.64,367.76,337.65
2430,82.713,2,bored,0.8995,bored,1.0,0.8692,True,0.0343,19.47,22.67,264.99,234.91,367.82,337.34
2431,82.7571,2,bored,0.8995,bored,1.0,0.8744,True,0.0343,19.61,35.53,264.99,234.91,367.82,337.34
2432,82.7853,2,bored,0.8585,bored,1.0,0.8775,True,0.0342,18.77,37.35,264.74,235.13,367.73,337.17
2433,82.812,2,bored,0.8681,bored,1.0,0.8787,True,0.0342,19.51,25.02,264.48,235.34,367.76,336.95
2434,82.852,2,bored,0.9056,bored,1.0,0.8811,True,0.0341,19.91,15.55,264.4,235.29,367.76,336.54
2435,82.9173,2,bored,0.9056,bored,1.0,0.8845,True,0.0341,18.22,38.5,264.4,235.29,367.76,336.54
2436,82.9423,2,bored,0.9101,bored,1.0,0.8876,True,0.0339,21.79,35.41,264.79,235.07,367.33,336.52
2437,82.9705,2,bored,0.9101,bored,1.0,0.8907,True,0.0339,19.73,35.96,264.79,235.07,367.33,336.52
2438,82.9983,2,bored,0.9081,bored,1.0,0.8928,True,0.0341,20.85,33.1,264.46,234.87,367.27,336.64
2439,83.0285,2,bored,0.9095,bored,1.0,0.8933,True,0.0337,19.72,31.99,264.77,235.37,367.14,336.43
2440,83.0608,2,bored,0.9095,bored,1.0,0.8937,True,0.0337,22.56,33.91,264.77,235.37,367.14,336.43
2441,83.0893,2,bored,0.9083,bored,1.0,0.8943,True,0.0336,20.04,33.91,264.77,235.44,367.07,336.47
2442,83.1188,2,bored,0.9116,bored,1.0,0.8945,True,0.0342,20.97,26.52,264.3,234.84,367.08,337.08
2443,83.1565,2,bored,0.9116,bored,1.0,0.8947,True,0.0342,25.28,30.29,264.3,234.84,367.08,337.08
2444,83.1895,2,bored,0.9118,bored,1.0,0.8955,True,0.0339,20.98,35.16,264.88,235.07,367.7,336.21
2445,83.2179,2,bored,0.9091,bored,1.0,0.8958,True,0.0339,20.75,29.51,264.86,235.11,367.59,336.41
2446,83.2518,2,bored,0.9108,bored,1.0,0.8961,True,0.0342,22.41,20.02,264.21,234.67,366.77,337.04
2447,83.3018,2,bored,0.9108,bored,1.0,0.8969,True,0.0342,21.18,35.88,264.21,234.67,366.77,337.04
2448,83.3297,2,bored,0.9065,bored,1.0,0.8983,True,0.0332,22.96,26.38,264.79,235.71,366.18,336.21
2449,83.3676,2,bored,0.8595,bored,1.0,0.898,True,0.0329,19.74,22.62,265.28,235.29,365.71,335.79
2450,83.4118,2,bored,0.8595,bored,1.0,0.8975,True,0.0329,21.66,34.35,265.28,235.29,365.71,335.79
2451,83.4409,2,bored,0.5501,bored,1.0,0.8865,True,0.0331,21.28,33.25,263.83,236.29,365.92,335.78
2452,83.4709,2,bored,0.5501,bored,1.0,0.8758,True,0.0331,23.82,30.66,263.83,236.29,365.92,335.78
2453,83.5036,2,bored,0.697,bored,1.0,0.87,True,0.0326,21.28,37.33,264.08,235.01,364.68,334.58
2454,83.5303,2,bored,0.7112,bored,1.0,0.864,True,0.0329,21.77,34.06,262.13,233.18,363.07,333.42
2455,83.5597,2,bored,0.7112,bored,1.0,0.858,True,0.0329,20.98,34.96,262.13,233.18,363.07,333.42
2456,83.5883,2,bored,0.6224,bored,1.0,0.8483,True,0.0321,22.32,33.6,261.46,233.89,361.55,332.42
2457,83.6181,2,bored,0.4534,bored,1.0,0.8332,True,0.0319,20.53,29.33,260.43,233.69,360.29,331.74
2458,83.6522,2,bored,0.6997,bored,1.0,0.8263,True,0.0318,23.78,19.37,259.03,233.52,358.97,331.42
2459,83.7038,2,bored,0.6997,bored,1.0,0.8193,True,0.0318,20.5,36.73,259.03,233.52,358.97,331.42
2460,83.731,2,bored,0.7107,bored,1.0,0.813,True,0.0309,19.76,36.57,258.9,233.88,357.18,330.58
2461,83.7584,2,bored,0.5346,bored,1.0,0.8008,True,0.0307,36.4,13.8,258.96,233.93,356.29,330.84
2462,83.8325,2,bored,0.5346,bored,1.0,0.79,True,0.0307,28.65,27.9,258.96,233.93,356.29,330.84
2463,83.8667,2,bored,0.7697,bored,1.0,0.7867,True,0.0308,29.78,25.63,257.33,233.84,354.88,330.92
2464,83.9057,2,bored,0.7697,bored,1.0,0.7822,True,0.0308,25.07,31.18,257.33,233.84,354.88,330.92
2465,83.939,2,bored,0.8477,bored,1.0,0.7803,True,0.0315,26.88,30.04,256.48,232.45,354.64,330.92
2466,83.9711,2,bored,0.8677,bored,1.0,0.7789,True,0.0312,20.59,35.25,254.96,234.24,353.28,331.7
2467,83.9994,2,bored,0.8677,bored,1.0,0.7775,True,0.0312,20.85,35.15,254.96,234.24,353.28,331.7
2468,84.0279,2,bored,0.8586,bored,1.0,0.7758,True,0.0315,19.09,38.04,253.41,235.3,352.86,332.55
2469,84.0557,2,bored,0.8795,bored,1.0,0.7748,True,0.0314,20.15,35.33,253.26,235.76,352.51,332.98
2470,84.0825,2,bored,0.8604,bored,1.0,0.7732,True,0.0317,20.41,34.65,252.61,235.93,352.37,333.61
2471,84.1114,2,bored,0.8604,bored,1.0,0.7716,True,0.0317,19.19,35.73,252.61,235.93,352.37,333.61
2472,84.1393,2,bored,0.7632,bored,1.0,0.7666,True,0.0323,24.35,32.26,250.87,236.02,351.84,334.21
2473,84.1703,3,frustrated,0.5232,bored,0.9667,0.7616,True,0.0324,19.32,35.71,250.58,237.49,351.72,336.03
2474,84.1983,3,frustrated,0.5232,bored,0.9333,0.7563,True,0.0324,19.74,36.41,250.58,237.49,351.72,336.03
2475,84.2271,3,frustrated,0.6166,bored,0.9,0.7506,True,0.0322,19.47,36.61,250.82,238.49,351.83,336.5
2476,84.2531,3,frustrated,0.4902,bored,0.8667,0.7444,True,0.0315,20.19,17.42,251.0,239.98,350.44,337.42
2477,84.3105,3,frustrated,0.4902,bored,0.8333,0.7378,True,0.0315,21.02,34.97,251.0,239.98,350.44,337.42
2478,84.3391,2,bored,0.8448,bored,0.8333,0.7353,True,0.0326,24.44,32.27,250.52,240.48,352.66,338.66
2479,84.3701,2,bored,0.8448,bored,0.8333,0.7347,True,0.0326,19.93,35.8,250.52,240.48,352.66,338.66
2480,84.398,2,bored,0.8246,bored,0.8333,0.7333,True,0.0324,20.13,34.9,250.87,241.54,352.2,339.7
2481,84.4267,2,bored,0.8058,bored,0.8333,0.7436,True,0.0319,19.25,37.36,251.27,242.81,350.81,341.25
2482,84.4535,2,bored,0.8772,bored,0.8333,0.7566,True,0.0322,20.65,20.51,251.44,243.93,352.04,342.38
2483,84.5022,2,bored,0.8772,bored,0.8333,0.7639,True,0.0322,18.67,38.78,251.44,243.93,352.04,342.38
2484,84.528,2,bored,0.8186,bored,0.8333,0.7682,True,0.0328,19.15,36.12,252.1,243.55,353.61,342.68
2485,84.5557,2,bored,0.667,bored,0.8333,0.7664,True,0.0328,19.08,24.34,252.61,243.88,354.29,342.85
2486,84.5968,2,bored,0.667,bored,0.8333,0.7682,True,0.0328,18.78,38.05,252.61,243.88,354.29,342.85
2487,84.6231,3,frustrated,0.6233,bored,0.8,0.7813,True,0.0341,20.81,33.53,254.44,241.75,357.27,343.57
2488,84.6529,3,frustrated,0.59,bored,0.7667,0.7848,True,0.0345,18.25,24.24,255.72,241.94,359.78,343.65
2489,84.6942,3,frustrated,0.59,bored,0.7333,0.7887,True,0.0345,19.96,36.37,255.72,241.94,359.78,343.65
2490,84.7216,2,bored,0.7266,bored,0.7333,0.7894,True,0.035,20.4,27.7,256.11,240.78,361.07,343.11
2491,84.7577,2,bored,0.7927,bored,0.7333,0.8012,True,0.0351,19.06,21.36,256.89,241.3,362.1,343.82
2492,84.8046,2,bored,0.7927,bored,0.7333,0.8129,True,0.0351,18.62,38.09,256.89,241.3,362.1,343.82
2493,84.8321,2,bored,0.7384,bored,0.7333,0.8115,True,0.0354,18.46,36.32,256.98,241.11,362.31,344.26
2494,84.8583,2,bored,0.8121,bored,0.7333,0.8134,True,0.0348,21.67,22.63,257.6,241.8,362.28,343.86
2495,84.9025,2,bored,0.8121,bored,0.7333,0.8118,True,0.0348,19.55,36.15,257.6,241.8,362.28,343.86
2496,84.9302,2,bored,0.7955,bored,0.7333,0.8085,True,0.0349,18.93,37.1,257.68,241.44,362.46,343.69
2497,84.9571,2,bored,0.8129,bored,0.7333,0.806,True,0.0348,18.05,26.71,257.59,242.57,362.86,344.03
2498,84.9946,2,bored,0.8129,bored,0.7333,0.8039,True,0.0348,19.04,35.15,257.59,242.57,362.86,344.03
2499,85.023,2,bored,0.8491,bored,0.7333,0.8025,True,0.0352,20.94,35.05,257.74,241.34,363.07,344.07
2500,85.0516,2,bored,0.8628,bored,0.7333,0.8027,True,0.0354,19.09,23.83,257.54,240.87,363.02,343.84
2501,85.0935,2,bored,0.8628,bored,0.7333,0.8028,True,0.0354,18.83,38.71,257.54,240.87,363.02,343.84
2502,85.1194,2,bored,0.8821,bored,0.7333,0.8082,True,0.0352,18.77,36.01,257.71,240.96,363.27,343.46
2503,85.1471,2,bored,0.8897,bored,0.7667,0.8117,True,0.0353,19.1,17.73,257.74,241.01,363.23,343.91
2504,85.2035,2,bored,0.8897,bored,0.8,0.815,True,0.0353,19.41,36.87,257.74,241.01,363.23,343.91
2505,85.2307,2,bored,0.8738,bored,0.8333,0.8173,True,0.035,19.0,37.51,258.09,241.08,363.07,343.57
2506,85.2573,2,bored,0.8817,bored,0.8667,0.8198,True,0.0354,19.09,23.4,257.99,240.55,363.51,343.57
2507,85.3001,2,bored,0.8817,bored,0.9,0.8221,True,0.0354,19.61,36.19,257.99,240.55,363.51,343.57
2508,85.3277,2,bored,0.8643,bored,0.9,0.8228,True,0.0353,18.04,39.03,257.81,240.55,363.4,343.31
2509,85.3533,2,bored,0.8631,bored,0.9,0.8235,True,0.0355,18.07,23.86,257.83,240.5,363.35,343.77
2510,85.3952,2,bored,0.8631,bored,0.9,0.8249,True,0.0355,19.74,35.39,257.83,240.5,363.35,343.77
2511,85.4235,2,bored,0.8155,bored,0.9,0.8253,True,0.035,21.17,34.01,258.11,240.63,363.16,343.12
2512,85.4529,3,frustrated,0.5986,bored,0.8667,0.8233,True,0.0354,18.68,26.04,257.8,239.82,362.94,343.35
2513,85.4913,3,frustrated,0.5986,bored,0.8333,0.8211,True,0.0354,20.86,35.13,257.8,239.82,362.94,343.35
2514,85.5197,2,bored,0.7587,bored,0.8333,0.8187,True,0.0353,18.35,37.23,259.66,240.25,364.38,343.73
2515,85.5466,2,bored,0.8273,bored,0.8333,0.8251,True,0.0354,19.45,23.79,257.78,240.16,363.6,342.97
2516,85.5886,2,bored,0.8273,bored,0.8333,0.8315,True,0.0354,18.39,38.6,257.78,240.16,363.6,342.97
2517,85.6145,2,bored,0.8534,bored,0.8667,0.8324,True,0.0348,19.77,25.24,258.13,240.79,363.37,342.5
2518,85.6542,2,bored,0.8149,bored,0.9,0.8317,True,0.0355,20.6,20.56,259.61,239.52,364.73,343.25
2519,85.7028,2,bored,0.8149,bored,0.9333,0.8311,True,0.0355,19.02,39.62,259.61,239.52,364.73,343.25
2520,85.7281,2,bored,0.8389,bored,0.9333,0.8352,True,0.0349,20.09,34.86,258.39,240.19,363.42,342.29
2521,85.7567,2,bored,0.8547,bored,0.9333,0.8374,True,0.0351,17.96,26.74,258.45,239.76,363.54,342.33
2522,85.7952,2,bored,0.8547,bored,0.9333,0.8396,True,0.0351,18.97,35.49,258.45,239.76,363.54,342.33
2523,85.8223,2,bored,0.8422,bored,0.9333,0.8433,True,0.0352,20.25,35.44,258.47,239.78,363.72,342.37
2524,85.8505,2,bored,0.8861,bored,0.9333,0.8459,True,0.0354,19.34,23.81,258.48,239.42,363.98,342.45
2525,85.8925,2,bored,0.8861,bored,0.9333,0.8486,True,0.0354,20.56,37.53,258.48,239.42,363.98,342.45
2526,85.9192,2,bored,0.8716,bored,0.9333,0.8513,True,0.0355,19.32,36.4,258.84,238.82,364.14,342.4
2527,85.9466,2,bored,0.8678,bored,0.9333,0.8533,True,0.0355,18.82,24.59,258.35,239.43,364.19,342.36
2528,85.9873,2,bored,0.8678,bored,0.9333,0.8552,True,0.0355,21.0,34.48,258.35,239.43,364.19,342.36
2529,86.0163,2,bored,0.8664,bored,0.9333,0.8558,True,0.035,20.0,35.7,258.98,239.59,363.79,342.09
2530,86.0443,2,bored,0.8538,bored,0.9333,0.8555,True,0.0352,19.63,18.74,259.0,239.54,364.37,342.15
2531,86.0977,2,bored,0.857,bored,0.9333,0.8553,True,0.0353,20.72,19.19,260.21,239.63,365.28,342.7
2532,86.1498,2,bored,0.857,bored,0.9333,0.8544,True,0.0353,18.21,37.22,260.21,239.63,365.28,342.7
2533,86.1767,2,bored,0.8713,bored,0.9333,0.8537,True,0.0354,20.11,35.91,258.9,239.4,364.52,342.23
2534,86.2045,2,bored,0.8713,bored,0.9333,0.8531,True,0.0354,22.05,33.27,258.9,239.4,364.52,342.23
2535,86.2346,2,bored,0.8512,bored,0.9333,0.8523,True,0.0352,19.54,35.5,259.41,239.45,364.51,342.42
2536,86.2627,2,bored,0.8669,bored,0.9333,0.8518,True,0.0351,19.16,33.3,259.27,240.07,364.71,342.44
2537,86.2928,2,bored,0.8669,bored,0.9333,0.8512,True,0.0351,19.23,35.63,259.27,240.07,364.71,342.44
2538,86.3208,2,bored,0.8566,bored,0.9333,0.8509,True,0.035,25.09,31.98,259.38,240.33,364.62,342.4
2539,86.3521,2,bored,0.8731,bored,0.9333,0.8513,True,0.0347,19.02,28.23,259.46,240.49,364.32,342.27
2540,86.3875,2,bored,0.8731,bored,0.9333,0.8517,True,0.0347,21.27,32.95,259.46,240.49,364.32,342.27
2541,86.4179,2,bored,0.8609,bored,0.9333,0.8533,True,0.0345,19.22,35.62,259.8,240.83,364.53,342.15
2542,86.4459,2,bored,0.8706,bored,0.9667,0.8539,True,0.0345,20.41,24.04,260.14,240.56,364.56,342.2
2543,86.4876,2,bored,0.8744,bored,1.0,0.8546,True,0.0347,20.53,15.81,260.07,240.1,364.51,342.12
2544,86.5508,2,bored,0.8744,bored,1.0,0.8584,True,0.0347,19.76,37.89,260.07,240.1,364.51,342.12
2545,86.5772,2,bored,0.8827,bored,1.0,0.8603,True,0.0343,18.55,36.85,260.22,240.69,364.47,341.91
2546,86.6043,2,bored,0.8827,bored,1.0,0.8621,True,0.0343,22.19,33.11,260.22,240.69,364.47,341.91
2547,86.6345,2,bored,0.871,bored,1.0,0.8627,True,0.0346,19.15,38.28,260.35,239.94,364.51,342.07
2548,86.6607,2,bored,0.8653,bored,1.0,0.8644,True,0.0346,18.36,32.46,260.42,239.73,364.54,341.82
2549,86.6915,2,bored,0.8653,bored,1.0,0.8661,True,0.0346,19.42,35.49,260.42,239.73,364.54,341.82
2550,86.7196,2,bored,0.863,bored,1.0,0.8669,True,0.0345,19.03,35.03,261.64,240.24,365.59,342.22
2551,86.7482,2,bored,0.8629,bored,1.0,0.8671,True,0.0345,18.92,25.22,261.76,239.61,365.04,342.33
2552,86.7878,2,bored,0.8629,bored,1.0,0.8674,True,0.0345,19.02,37.83,261.76,239.61,365.04,342.33
2553,86.8143,2,bored,0.8832,bored,1.0,0.8688,True,0.0353,19.42,36.21,260.34,238.2,364.9,341.84
2554,86.8419,2,bored,0.858,bored,1.0,0.8678,True,0.0346,20.51,22.71,260.67,239.46,364.64,341.78
2555,86.8859,2,bored,0.8662,bored,1.0,0.8672,True,0.0353,18.14,21.89,260.22,238.57,364.95,342.07
2556,86.9316,2,bored,0.8662,bored,1.0,0.867,True,0.0353,18.79,36.63,260.22,238.57,364.95,342.07
2557,86.9589,2,bored,0.8315,bored,1.0,0.8658,True,0.0345,18.43,28.21,260.76,239.84,364.63,341.98
2558,86.9943,2,bored,0.8591,bored,1.0,0.8655,True,0.0348,19.68,19.63,261.38,239.27,365.31,342.18
2559,87.0453,2,bored,0.8591,bored,1.0,0.8653,True,0.0348,21.89,32.36,261.38,239.27,365.31,342.18
2560,87.0762,2,bored,0.8708,bored,1.0,0.8658,True,0.0346,22.2,32.03,260.42,239.74,364.43,341.89
2561,87.1074,2,bored,0.8708,bored,1.0,0.8663,True,0.0346,19.89,36.5,260.42,239.74,364.43,341.89
2562,87.1358,2,bored,0.854,bored,1.0,0.8662,True,0.0348,20.25,33.02,260.54,239.22,364.72,341.98
2563,87.1651,2,bored,0.8409,bored,1.0,0.8652,True,0.035,21.05,34.39,260.49,238.49,364.74,341.6
2564,87.1942,2,bored,0.8409,bored,1.0,0.8642,True,0.035,24.09,31.26,260.49,238.49,364.74,341.6
2565,87.2262,2,bored,0.8549,bored,1.0,0.8643,True,0.0348,20.23,34.86,260.69,238.67,364.57,341.69
2566,87.2549,2,bored,0.8168,bored,1.0,0.8626,True,0.0345,21.89,31.74,260.58,239.11,364.42,341.15
2567,87.2864,2,bored,0.8374,bored,1.0,0.8616,True,0.0345,18.13,20.94,260.68,238.97,364.56,340.85
2568,87.3341,2,bored,0.8374,bored,1.0,0.861,True,0.0345,19.2,37.97,260.68,238.97,364.56,340.85
2569,87.3604,2,bored,0.8354,bored,1.0,0.8597,True,0.0344,19.25,35.44,260.62,238.51,364.23,340.53
2570,87.3887,2,bored,0.8195,bored,1.0,0.858,True,0.0341,18.62,24.81,260.84,239.2,364.2,340.47
2571,87.429,2,bored,0.8195,bored,1.0,0.8566,True,0.0341,19.88,35.2,260.84,239.2,364.2,340.47
2572,87.4574,2,bored,0.8402,bored,1.0,0.8556,True,0.0342,19.14,28.88,260.7,238.89,364.25,340.38
2573,87.492,2,bored,0.8402,bored,1.0,0.8544,True,0.0342,19.57,36.39,260.7,238.89,364.25,340.38
2574,87.5195,2,bored,0.83,bored,1.0,0.8529,True,0.0344,20.74,33.99,260.51,238.3,364.46,340.04
2575,87.5489,2,bored,0.8533,bored,1.0,0.852,True,0.0346,18.94,25.24,260.26,238.15,364.84,339.85
2576,87.5885,2,bored,0.8533,bored,1.0,0.851,True,0.0346,19.3,35.98,260.26,238.15,364.84,339.85
2577,87.6163,2,bored,0.8363,bored,1.0,0.8498,True,0.0343,19.23,36.06,260.48,237.94,364.06,339.65
2578,87.644,2,bored,0.8567,bored,1.0,0.8495,True,0.0338,21.61,23.82,260.2,239.67,363.85,339.94
2579,87.686,2,bored,0.8633,bored,1.0,0.8495,True,0.0336,18.9,21.55,259.47,239.69,362.41,339.83
2580,87.7324,2,bored,0.8633,bored,1.0,0.8495,True,0.0336,19.0,39.5,259.47,239.69,362.41,339.83
2581,87.7587,2,bored,0.8323,bored,1.0,0.8485,True,0.0333,20.21,34.68,258.96,239.96,361.58,339.63
2582,87.7866,2,bored,0.8601,bored,1.0,0.8484,True,0.0334,21.0,22.71,258.29,240.32,361.62,339.56
2583,87.8306,2,bored,0.8601,bored,1.0,0.8476,True,0.0334,18.48,38.95,258.29,240.32,361.62,339.56
2584,87.8573,2,bored,0.852,bored,1.0,0.8474,True,0.0337,20.98,33.23,257.58,239.41,360.88,339.52
2585,87.8864,2,bored,0.8147,bored,1.0,0.8457,True,0.0329,19.53,18.03,257.26,241.12,359.74,339.66
2586,87.9419,2,bored,0.8147,bored,1.0,0.844,True,0.0329,19.65,36.08,257.26,241.12,359.74,339.66
2587,87.9696,2,bored,0.8003,bored,1.0,0.8429,True,0.0333,20.0,35.66,256.97,240.72,360.45,339.58
2588,87.9976,2,bored,0.8003,bored,1.0,0.841,True,0.0333,20.22,35.51,256.97,240.72,360.45,339.58
2589,88.0258,2,bored,0.8175,bored,1.0,0.8396,True,0.0338,20.8,35.3,256.73,239.45,359.61,340.33
2590,88.0541,2,bored,0.7952,bored,1.0,0.837,True,0.0337,21.27,31.0,257.55,240.21,360.51,340.66
2591,88.0864,2,bored,0.7305,bored,1.0,0.8324,True,0.0335,19.17,21.2,258.57,241.04,362.18,340.42
2592,88.1335,2,bored,0.7305,bored,1.0,0.8283,True,0.0335,20.03,35.65,258.57,241.04,362.18,340.42
2593,88.1616,3,frustrated,0.7759,bored,0.9667,0.8278,True,0.0346,20.27,34.72,260.04,239.56,363.94,341.77
2594,88.1904,3,frustrated,0.6231,bored,0.9333,0.8274,True,0.0351,20.55,25.37,262.09,238.74,365.68,342.86
2595,88.2298,3,frustrated,0.6231,bored,0.9,0.8263,True,0.0351,20.57,36.28,262.09,238.74,365.68,342.86
2596,88.2574,2,bored,0.7862,bored,0.9,0.8252,True,0.034,19.89,35.71,263.79,240.89,366.37,342.67
2597,88.2854,2,bored,0.7684,bored,0.9,0.8226,True,0.0341,18.81,26.59,264.74,241.2,367.24,343.43
2598,88.323,2,bored,0.7684,bored,0.9,0.8201,True,0.0341,22.73,33.07,264.74,241.2,367.24,343.43
2599,88.3532,2,bored,0.7923,bored,0.9,0.8185,True,0.0342,18.81,29.36,265.63,240.91,367.71,343.78
2600,88.3873,2,bored,0.7953,bored,0.9,0.8176,True,0.0346,18.89,19.98,266.02,241.45,369.63,344.17
2601,88.4373,2,bored,0.7953,bored,0.9,0.8167,True,0.0346,20.36,35.25,266.02,241.45,369.63,344.17
2602,88.4657,2,bored,0.7657,bored,0.9,0.8139,True,0.0345,18.76,36.69,266.6,242.16,370.34,344.36
2603,88.493,3,frustrated,0.4505,bored,0.8667,0.8129,True,0.0356,19.42,25.44,267.13,240.79,372.07,345.05
2604,88.5323,3,frustrated,0.4505,bored,0.8333,0.8122,True,0.0356,19.01,34.64,267.13,240.79,372.07,345.05
2605,88.5611,2,bored,0.819,bored,0.8333,0.8109,True,0.0354,19.66,37.93,267.0,241.89,372.61,344.9
2606,88.5875,2,bored,0.8106,bored,0.8333,0.8091,True,0.0355,18.48,24.9,266.91,241.37,372.65,344.57
2607,88.6277,2,bored,0.8106,bored,0.8333,0.8081,True,0.0355,18.87,37.26,266.91,241.37,372.65,344.57
2608,88.6545,2,bored,0.8367,bored,0.8333,0.8073,True,0.0351,20.33,35.05,266.96,241.47,371.7,344.53
2609,88.683,2,bored,0.8101,bored,0.8333,0.8052,True,0.0357,18.8,24.17,266.96,240.35,372.22,344.5
2610,88.7244,2,bored,0.8101,bored,0.8333,0.8031,True,0.0357,20.57,35.63,266.96,240.35,372.22,344.5
2611,88.7525,2,bored,0.8696,bored,0.8333,0.8046,True,0.0361,18.68,35.59,267.11,239.15,372.93,343.9
2612,88.7816,2,bored,0.8678,bored,0.8333,0.8049,True,0.0361,19.39,17.97,267.16,239.3,373.17,343.83
2613,88.8362,2,bored,0.8678,bored,0.8333,0.8052,True,0.0361,18.4,36.58,267.16,239.3,373.17,343.83
2614,88.8636,2,bored,0.8553,bored,0.8333,0.8053,True,0.0355,21.14,35.02,267.47,240.15,372.35,344.06
2615,88.8921,2,bored,0.787,bored,0.8333,0.8042,True,0.0355,20.71,23.79,267.27,240.15,372.25,344.07
2616,88.9351,2,bored,0.787,bored,0.8333,0.8031,True,0.0355,19.51,34.82,267.27,240.15,372.25,344.07
2617,88.9629,2,bored,0.7807,bored,0.8333,0.8023,True,0.0359,19.55,36.47,267.22,239.69,373.44,343.58
2618,88.9903,3,frustrated,0.5825,bored,0.8,0.8024,True,0.0362,19.64,26.12,268.02,238.23,373.88,343.2
2619,89.0286,3,frustrated,0.5825,bored,0.7667,0.8017,True,0.0362,19.97,36.78,268.02,238.23,373.88,343.2
2620,89.0558,3,frustrated,0.6184,bored,0.7333,0.802,True,0.0363,19.65,37.04,267.54,237.83,373.56,343.15
2621,89.0828,3,frustrated,0.4305,bored,0.7,0.8054,True,0.0363,19.65,23.24,267.49,238.11,373.67,343.08
2622,89.1268,3,frustrated,0.4305,bored,0.6667,0.8092,True,0.0363,20.77,32.66,267.49,238.11,373.67,343.08
2623,89.1564,2,bored,0.6317,bored,0.7,0.8007,True,0.0365,19.0,37.0,266.79,237.5,373.74,342.33
2624,89.1834,2,bored,0.561,bored,0.7333,0.7898,True,0.0367,19.92,26.39,266.82,237.58,374.22,342.48
2625,89.2213,2,bored,0.561,bored,0.7667,0.7799,True,0.0367,20.51,35.68,266.82,237.58,374.22,342.48
2626,89.2493,2,bored,0.762,bored,0.7667,0.7788,True,0.0363,19.13,29.42,266.92,238.13,373.5,342.76
2627,89.2833,2,bored,0.8678,bored,0.7667,0.7832,True,0.0364,19.74,19.62,266.57,237.63,373.69,342.15
2628,89.3343,2,bored,0.8678,bored,0.7667,0.7875,True,0.0364,20.87,37.74,266.57,237.63,373.69,342.15
2629,89.3608,2,bored,0.8776,bored,0.7667,0.7912,True,0.0365,20.57,36.15,266.36,237.74,373.84,342.17
2630,89.3885,2,bored,0.9015,bored,0.7667,0.7958,True,0.0365,19.34,26.08,266.64,237.4,373.76,342.1
2631,89.4268,2,bored,0.9015,bored,0.7667,0.8004,True,0.0365,20.72,36.61,266.64,237.4,373.76,342.1
2632,89.4541,2,bored,0.8597,bored,0.7667,0.8045,True,0.0353,20.58,34.98,266.82,238.04,371.33,341.82
2633,89.4827,2,bored,0.8545,bored,0.8,0.8066,True,0.034,18.08,24.58,267.35,240.73,369.53,342.82
2634,89.5234,2,bored,0.8545,bored,0.8333,0.8085,True,0.034,21.98,34.36,267.35,240.73,369.53,342.82
2635,89.5525,2,bored,0.843,bored,0.8333,0.8095,True,0.0341,18.89,38.09,266.27,240.93,368.74,343.05
2636,89.5787,2,bored,0.7889,bored,0.8333,0.8086,True,0.0339,19.97,23.46,264.67,241.9,367.53,343.16
2637,89.6214,2,bored,0.7889,bored,0.8333,0.8077,True,0.0339,19.61,36.69,264.67,241.9,367.53,343.16
2638,89.6486,2,bored,0.8911,bored,0.8333,0.8099,True,0.0337,19.93,36.01,263.81,241.86,366.4,342.83
2639,89.6764,2,bored,0.9004,bored,0.8333,0.8135,True,0.0335,20.54,17.86,263.59,242.45,366.2,342.88
2640,89.7324,2,bored,0.8736,bored,0.8333,0.8161,True,0.0339,19.21,20.82,263.07,242.26,366.03,343.52
2641,89.7804,2,bored,0.8736,bored,0.8333,0.8162,True,0.0339,17.89,39.74,263.07,242.26,366.03,343.52
2642,89.8056,2,bored,0.8749,bored,0.8333,0.8165,True,0.0346,19.73,34.8,261.7,241.87,365.77,343.9
2643,89.8343,2,bored,0.8749,bored,0.8333,0.8168,True,0.0346,18.35,35.81,261.7,241.87,365.77,343.9
2644,89.8622,2,bored,0.8716,bored,0.8333,0.8174,True,0.0342,19.61,37.36,262.43,242.29,365.76,343.89
2645,89.889,2,bored,0.8394,bored,0.8333,0.8195,True,0.0343,18.95,29.18,261.68,242.31,365.62,343.54
2646,89.9233,2,bored,0.8394,bored,0.8333,0.8216,True,0.0343,20.79,33.97,261.68,242.31,365.62,343.54
2647,89.9527,2,bored,0.8692,bored,0.8333,0.8252,True,0.0341,20.16,34.24,261.45,242.94,365.56,343.54
2648,89.9819,2,bored,0.8592,bored,0.8667,0.8265,True,0.034,20.63,25.26,261.91,242.9,365.78,343.45
2649,90.0215,2,bored,0.8592,bored,0.9,0.8277,True,0.034,19.97,34.42,261.91,242.9,365.78,343.45
2650,90.0505,2,bored,0.8809,bored,0.9333,0.8296,True,0.0345,16.79,42.23,261.76,242.07,365.9,343.73
2651,90.0742,2,bored,0.8882,bored,0.9667,0.8316,True,0.0341,18.93,23.81,262.72,242.37,365.85,343.89
2652,90.1162,2,bored,0.8937,bored,1.0,0.8337,True,0.0339,19.3,15.94,263.03,242.09,365.89,343.4
2653,90.179,2,bored,0.8937,bored,1.0,0.8424,True,0.0339,20.12,36.58,263.03,242.09,365.89,343.4
2654,90.2063,2,bored,0.8911,bored,1.0,0.8534,True,0.0348,22.32,32.97,263.17,240.71,366.62,344.04
2655,90.2366,2,bored,0.8911,bored,1.0,0.8644,True,0.0348,25.01,30.68,263.17,240.71,366.62,344.04
2656,90.2692,2,bored,0.9002,bored,1.0,0.869,True,0.034,21.76,37.16,263.6,241.88,366.53,343.31
2657,90.2961,2,bored,0.9006,bored,1.0,0.8701,True,0.0344,19.45,32.5,263.29,240.96,366.58,343.33
2658,90.3279,2,bored,0.9006,bored,1.0,0.8712,True,0.0344,20.82,29.44,263.29,240.96,366.58,343.33
2659,90.3609,2,bored,0.8947,bored,1.0,0.8718,True,0.0344,24.05,31.68,264.08,240.45,366.78,343.43
2660,90.3924,2,bored,0.9059,bored,1.0,0.8719,True,0.0344,21.82,33.25,263.37,241.11,366.84,343.33
2661,90.4225,2,bored,0.9059,bored,1.0,0.8721,True,0.0344,18.68,39.88,263.37,241.11,366.84,343.33
2662,90.4476,2,bored,0.9009,bored,1.0,0.8735,True,0.0353,18.07,37.61,263.38,239.33,367.45,343.58
2663,90.4752,2,bored,0.8954,bored,1.0,0.8748,True,0.0343,18.7,24.43,263.41,241.39,366.59,343.46
2664,90.5151,2,bored,0.8942,bored,1.0,0.8761,True,0.0344,18.53,20.87,263.4,241.13,366.75,343.28
2665,90.563,2,bored,0.8942,bored,1.0,0.8779,True,0.0344,19.14,38.26,263.4,241.13,366.75,343.28
2666,90.5891,2,bored,0.883,bored,1.0,0.881,True,0.0346,20.16,35.09,263.24,240.83,366.74,343.42
2667,90.6176,2,bored,0.845,bored,1.0,0.8829,True,0.0345,18.01,17.32,263.6,240.68,366.8,343.4
2668,90.6754,2,bored,0.845,bored,1.0,0.8813,True,0.0345,18.88,36.51,263.6,240.68,366.8,343.4
2669,90.7028,2,bored,0.8968,bored,1.0,0.8812,True,0.0347,18.99,35.76,263.25,240.73,367.06,343.32
2670,90.7307,2,bored,0.8968,bored,1.0,0.882,True,0.0347,20.36,36.33,263.25,240.73,367.06,343.32
2671,90.7583,2,bored,0.8684,bored,1.0,0.8818,True,0.0347,19.15,38.05,263.6,240.34,366.95,343.4
2672,90.7857,2,bored,0.8446,bored,1.0,0.8808,True,0.0348,20.04,27.56,263.0,240.4,366.91,343.19
2673,90.8208,2,bored,0.8446,bored,1.0,0.8798,True,0.0348,18.08,40.2,263.0,240.4,366.91,343.19
2674,90.8457,2,bored,0.8859,bored,1.0,0.8803,True,0.0347,21.19,33.1,263.32,240.38,367.17,343.09
2675,90.8759,2,bored,0.8859,bored,1.0,0.8818,True,0.0344,19.59,24.62,263.53,241.04,366.89,343.21
2676,90.9165,2,bored,0.8817,bored,1.0,0.8832,True,0.0344,18.6,20.56,263.31,240.94,366.84,343.03
2677,90.9652,2,bored,0.8817,bored,1.0,0.8836,True,0.0344,20.47,38.79,263.31,240.94,366.84,343.03
2678,90.9909,2,bored,0.8924,bored,1.0,0.8847,True,0.0345,19.85,36.54,263.26,240.88,366.74,343.17
2679,91.0183,2,bored,0.8949,bored,1.0,0.8859,True,0.0344,18.46,24.34,263.3,240.99,366.67,343.2
2680,91.0594,2,bored,0.8949,bored,1.0,0.8864,True,0.0344,18.88,36.73,263.3,240.99,366.67,343.2
2681,91.0866,2,bored,0.8699,bored,1.0,0.8858,True,0.0345,20.32,26.19,262.97,240.81,366.53,343.12
2682,91.1248,2,bored,0.8547,bored,1.0,0.8845,True,0.0345,18.48,20.94,262.55,240.96,366.47,343.05
2683,91.1726,2,bored,0.8547,bored,1.0,0.8832,True,0.0345,21.02,34.37,262.55,240.96,366.47,343.05
2684,91.2017,2,bored,0.8701,bored,1.0,0.8825,True,0.0346,19.97,35.74,262.63,240.49,366.49,342.87
2685,91.2296,2,bored,0.8701,bored,1.0,0.8818,True,0.0346,19.17,34.89,262.63,240.49,366.49,342.87
2686,91.2583,2,bored,0.8866,bored,1.0,0.8813,True,0.0358,20.76,35.25,261.83,238.51,367.06,343.1
2687,91.2867,2,bored,0.8694,bored,1.0,0.8803,True,0.0345,20.17,33.47,262.79,240.61,366.27,342.93
2688,91.3165,2,bored,0.8395,bored,1.0,0.8783,True,0.0347,20.02,20.96,262.35,240.62,366.35,343.1
2689,91.3642,2,bored,0.8395,bored,1.0,0.8764,True,0.0347,19.19,37.59,262.35,240.62,366.35,343.1
2690,91.3909,2,bored,0.8673,bored,1.0,0.8751,True,0.0345,20.14,36.16,262.93,240.46,366.33,343.04
2691,91.4185,2,bored,0.8823,bored,1.0,0.8744,True,0.0346,19.65,24.39,262.38,240.77,366.38,343.05
2692,91.4595,2,bored,0.8823,bored,1.0,0.8737,True,0.0346,17.93,39.68,262.38,240.77,366.38,343.05
2693,91.4861,2,bored,0.8864,bored,1.0,0.8734,True,0.0344,19.13,36.19,262.53,240.99,366.19,342.93
2694,91.5123,2,bored,0.8891,bored,1.0,0.8733,True,0.0344,18.37,17.03,262.14,241.17,366.08,342.85
2695,91.571,2,bored,0.8891,bored,1.0,0.8731,True,0.0344,18.49,38.16,262.14,241.17,366.08,342.85
2696,91.5972,2,bored,0.8989,bored,1.0,0.8736,True,0.0358,17.96,37.15,260.65,239.27,366.59,343.16
2697,91.6242,2,bored,0.8989,bored,1.0,0.8754,True,0.0358,21.23,34.25,260.65,239.27,366.59,343.16
2698,91.6534,2,bored,0.9111,bored,1.0,0.8776,True,0.036,18.26,35.61,260.67,238.74,366.48,343.31
2699,91.6814,2,bored,0.8923,bored,1.0,0.8775,True,0.0358,19.52,28.56,260.87,239.3,366.57,343.29
2700,91.7165,2,bored,0.8785,bored,1.0,0.8769,True,0.0359,19.33,20.99,260.76,239.17,366.54,343.39
2701,91.7641,2,bored,0.8785,bored,1.0,0.8772,True,0.0359,21.48,34.91,260.76,239.17,366.54,343.39
2702,91.7927,2,bored,0.887,bored,1.0,0.8786,True,0.0345,20.95,34.82,261.81,241.06,365.85,343.01
2703,91.8215,2,bored,0.8715,bored,1.0,0.8795,True,0.0355,18.78,26.02,261.31,239.79,366.35,343.54
2704,91.8599,2,bored,0.8715,bored,1.0,0.879,True,0.0355,19.48,37.62,261.31,239.79,366.35,343.54
2705,91.8865,2,bored,0.8934,bored,1.0,0.8793,True,0.0349,19.17,38.11,261.63,241.29,366.44,343.59
2706,91.9127,2,bored,0.8504,bored,1.0,0.8782,True,0.0348,20.12,23.33,262.29,240.83,366.44,343.52
2707,91.9556,2,bored,0.8504,bored,1.0,0.8772,True,0.0348,20.23,34.8,262.29,240.83,366.44,343.52
2708,91.9843,2,bored,0.8438,bored,1.0,0.8756,True,0.0352,19.92,27.01,261.99,240.0,366.22,343.64
2709,92.0213,2,bored,0.8511,bored,1.0,0.8741,True,0.0343,21.84,20.51,263.02,241.58,366.24,343.55
2710,92.0701,2,bored,0.8511,bored,1.0,0.8726,True,0.0343,20.99,35.64,263.02,241.58,366.24,343.55
2711,92.0992,2,bored,0.7599,bored,1.0,0.869,True,0.0346,19.6,34.79,262.96,241.11,366.44,343.72
2712,92.1269,3,frustrated,0.5374,bored,0.9667,0.8695,True,0.0351,18.92,28.31,263.01,242.14,367.55,345.17
2713,92.1622,3,frustrated,0.5374,bored,0.9333,0.87,True,0.0351,19.33,35.9,263.01,242.14,367.55,345.17
2714,92.1901,3,frustrated,0.4234,bored,0.9,0.87,True,0.0354,17.68,41.69,262.35,242.78,368.53,345.15
2715,92.2141,3,frustrated,0.5231,bored,0.8667,0.87,True,0.035,18.26,21.59,263.23,242.66,367.87,345.44
2716,92.2604,3,frustrated,0.5231,bored,0.8333,0.8693,True,0.035,19.2,37.46,263.23,242.66,367.87,345.44
2717,92.2871,3,frustrated,0.5553,bored,0.8,0.8693,True,0.0356,18.42,38.57,262.61,241.71,368.58,345.05
2718,92.313,3,frustrated,0.4025,bored,0.7667,0.8706,True,0.0359,19.04,23.75,262.5,241.36,368.78,345.18
2719,92.3551,3,frustrated,0.4025,bored,0.7333,0.872,True,0.0359,18.55,36.3,262.5,241.36,368.78,345.18
2720,92.3827,3,frustrated,0.3354,bored,0.7,0.8723,True,0.0357,20.55,36.45,262.6,242.24,368.92,345.32
2721,92.4101,2,bored,0.7693,bored,0.7,0.8669,True,0.0348,18.62,16.93,263.47,241.27,367.63,343.96
2722,92.4692,2,bored,0.8166,bored,0.7,0.8637,True,0.0349,19.84,20.78,263.04,241.36,367.28,344.12
2723,92.5173,2,bored,0.8166,bored,0.7,0.8604,True,0.0349,18.56,38.58,263.04,241.36,367.28,344.12
2724,92.5432,2,bored,0.7917,bored,0.7,0.8558,True,0.0354,20.22,35.4,262.39,240.8,367.82,344.08
2725,92.5715,2,bored,0.7917,bored,0.7,0.8512,True,0.0354,20.1,37.01,262.39,240.8,367.82,344.08
2726,92.5985,3,frustrated,0.4917,bored,0.6667,0.8488,True,0.0366,19.24,37.38,262.8,240.04,369.06,345.95
2727,92.6262,2,bored,0.7719,bored,0.6667,0.8424,True,0.0358,18.65,30.35,263.46,240.47,368.58,345.07
2728,92.6592,2,bored,0.7719,bored,0.6667,0.8354,True,0.0358,20.52,34.63,263.46,240.47,368.58,345.07
2729,92.687,2,bored,0.7565,bored,0.6667,0.8287,True,0.0354,18.64,38.91,263.59,241.14,368.69,344.66
2730,92.7127,3,frustrated,0.3192,bored,0.6333,0.826,True,0.0362,19.59,22.89,263.13,241.52,369.66,345.8
2731,92.7564,3,frustrated,0.3192,bored,0.6,0.8231,True,0.0362,20.91,35.2,263.13,241.52,369.66,345.8
2732,92.7848,3,frustrated,0.51,bored,0.5667,0.8194,True,0.036,19.74,35.26,263.65,241.76,369.63,346.18
2733,92.8132,3,frustrated,0.4485,bored,0.5333,0.8161,True,0.036,19.18,24.4,264.12,241.68,370.63,345.51
2734,92.8542,3,frustrated,0.5448,bored,0.5,0.8124,True,0.0367,21.15,15.32,264.32,241.13,371.79,346.17
2735,92.9195,3,frustrated,0.5448,frustrated,0.5333,0.4636,True,0.0367,19.0,37.18,264.32,241.13,371.79,346.17
2736,92.9463,3,frustrated,0.6034,frustrated,0.5667,0.4719,True,0.0366,18.5,37.75,264.71,241.26,371.11,346.83
2737,92.9728,3,frustrated,0.6034,frustrated,0.6,0.4792,True,0.0366,21.63,33.12,264.71,241.26,371.11,346.83
2738,93.003,3,frustrated,0.5734,frustrated,0.6333,0.4841,True,0.0371,20.63,34.3,264.75,240.29,371.69,346.98
2739,93.0322,3,frustrated,0.6282,frustrated,0.6667,0.4913,True,0.0367,18.85,35.5,265.29,241.43,371.37,347.57
2740,93.0604,3,frustrated,0.6282,frustrated,0.7,0.4978,True,0.0367,20.41,37.5,265.29,241.43,371.37,347.57
2741,93.087,3,frustrated,0.3583,frustrated,0.7333,0.4915,True,0.0364,19.41,37.14,264.63,242.34,372.08,346.37
2742,93.114,2,bored,0.772,frustrated,0.7,0.4893,True,0.0358,21.31,22.8,264.97,241.81,370.68,345.77
2743,93.1578,2,bored,0.772,frustrated,0.6667,0.4869,True,0.0358,22.0,33.83,264.97,241.81,370.68,345.77
2744,93.1874,2,bored,0.755,frustrated,0.6333,0.4903,True,0.0355,18.87,37.1,265.22,242.33,370.3,346.06
2745,93.2143,2,bored,0.7951,frustrated,0.6,0.4884,True,0.0358,20.71,25.63,264.78,242.31,370.49,346.46
2746,93.2533,2,bored,0.7994,frustrated,0.5667,0.4864,True,0.0358,19.19,20.81,264.58,242.73,370.6,346.54
2747,93.3014,2,bored,0.7994,frustrated,0.5333,0.4821,True,0.0358,19.93,36.43,264.58,242.73,370.6,346.54
2748,93.3289,2,bored,0.9233,frustrated,0.5,0.4874,True,0.0356,20.12,27.31,264.49,243.45,370.65,346.53
2749,93.3655,2,bored,0.9152,bored,0.5333,0.8011,True,0.0361,20.0,20.47,264.22,242.82,370.76,347.0
2750,93.4153,2,bored,0.9152,bored,0.5667,0.8078,True,0.0361,18.78,37.28,264.22,242.82,370.76,347.0
2751,93.4411,2,bored,0.9105,bored,0.5667,0.8161,True,0.0359,21.09,33.77,264.24,243.18,370.61,346.85
2752,93.4708,2,bored,0.9105,bored,0.5667,0.8216,True,0.0359,19.55,37.45,264.24,243.18,370.61,346.85
2753,93.4975,2,bored,0.9165,bored,0.5667,0.8275,True,0.0371,20.53,34.14,263.04,240.85,371.32,346.06
2754,93.5268,2,bored,0.9195,bored,0.5667,0.835,True,0.0373,19.07,33.76,263.61,240.08,371.38,346.35
2755,93.5564,2,bored,0.9195,bored,0.5667,0.8425,True,0.0373,20.45,35.68,263.61,240.08,371.38,346.35
2756,93.5844,2,bored,0.9212,bored,0.6,0.8469,True,0.0367,20.41,34.79,263.61,242.14,370.6,347.52
2757,93.6131,2,bored,0.9255,bored,0.6,0.8554,True,0.0364,21.13,24.29,263.51,242.64,370.31,347.27
2758,93.6543,2,bored,0.9223,bored,0.6,0.8638,True,0.0361,19.0,21.81,263.71,242.64,369.85,347.16
2759,93.7012,2,bored,0.9223,bored,0.6,0.873,True,0.0361,18.58,36.6,263.71,242.64,369.85,347.16
2760,93.7275,2,bored,0.9209,bored,0.6333,0.8755,True,0.0369,19.68,35.13,263.43,241.87,370.57,347.6
2761,93.7559,2,bored,0.9209,bored,0.6667,0.8778,True,0.0365,19.18,25.17,263.68,242.4,370.28,347.59
2762,93.7957,2,bored,0.9209,bored,0.7,0.8799,True,0.0365,19.56,36.54,263.68,242.4,370.28,347.59
2763,93.823,2,bored,0.9195,bored,0.7333,0.8817,True,0.0365,18.95,26.94,263.19,242.3,370.24,347.06
2764,93.8612,2,bored,0.9195,bored,0.7667,0.8833,True,0.0365,19.45,34.28,263.19,242.3,370.24,347.06
2765,93.8893,2,bored,0.9215,bored,0.8,0.8849,True,0.0367,20.28,33.84,263.3,242.18,370.4,347.33
2766,93.9189,2,bored,0.915,bored,0.8333,0.8861,True,0.0364,19.42,25.72,263.82,242.12,370.29,347.22
2767,93.9578,2,bored,0.915,bored,0.8667,0.8872,True,0.0364,19.81,36.4,263.82,242.12,370.29,347.22
2768,93.9852,2,bored,0.9045,bored,0.9,0.8878,True,0.0368,18.92,37.84,263.33,241.69,370.11,347.53
2769,94.0117,2,bored,0.8918,bored,0.9333,0.888,True,0.0363,18.56,24.56,263.98,242.29,370.17,347.29
2770,94.0524,2,bored,0.8909,bored,0.9667,0.8881,True,0.0369,21.54,20.29,263.35,241.76,370.25,347.72
2771,94.1017,2,bored,0.8909,bored,1.0,0.8882,True,0.0369,19.62,35.93,263.35,241.76,370.25,347.72
2772,94.1295,2,bored,0.8741,bored,1.0,0.8916,True,0.0367,20.11,35.52,262.92,242.49,369.82,347.91
2773,94.1576,2,bored,0.8734,bored,1.0,0.895,True,0.0365,18.57,27.46,263.06,242.66,369.65,347.96
2774,94.1941,2,bored,0.8734,bored,1.0,0.8989,True,0.0365,20.43,35.78,263.06,242.66,369.65,347.96
2775,94.222,3,frustrated,0.5755,bored,0.9667,0.9025,True,0.0372,18.44,38.87,263.23,243.07,370.22,349.9
2776,94.2477,3,frustrated,0.714,bored,0.9333,0.9062,True,0.0367,19.58,16.55,263.29,243.71,369.7,349.69
2777,94.3082,3,frustrated,0.714,bored,0.9,0.9101,True,0.0367,20.94,34.54,263.29,243.71,369.7,349.69
2778,94.3371,3,frustrated,0.6645,bored,0.8667,0.9096,True,0.0359,20.03,35.62,263.7,244.94,369.16,349.55
2779,94.3652,3,frustrated,0.6645,bored,0.8333,0.9094,True,0.0359,19.53,36.25,263.7,244.94,369.16,349.55
2780,94.3928,3,frustrated,0.6586,bored,0.8,0.9092,True,0.0358,20.55,34.58,264.07,244.82,369.51,349.23
2781,94.4217,3,frustrated,0.7894,bored,0.7667,0.9091,True,0.0358,18.74,32.9,263.05,244.89,368.41,349.2
2782,94.4521,3,frustrated,0.6063,bored,0.7333,0.909,True,0.0355,21.97,19.6,263.15,245.26,368.09,349.31
2783,94.5031,3,frustrated,0.6063,bored,0.7,0.9087,True,0.0355,20.34,34.62,263.15,245.26,368.09,349.31
2784,94.532,3,frustrated,0.7043,bored,0.6667,0.9081,True,0.0356,19.92,35.16,262.85,245.43,367.94,349.5
2785,94.5604,3,frustrated,0.8132,bored,0.6333,0.9075,True,0.0359,35.98,19.29,262.28,244.84,367.63,349.57
2786,94.6123,3,frustrated,0.8132,bored,0.6,0.9068,True,0.0359,23.08,33.89,262.28,244.84,367.63,349.57
2787,94.6418,3,frustrated,0.5307,bored,0.5667,0.9057,True,0.0361,20.97,35.01,262.25,243.99,367.42,349.34
2788,94.6704,2,bored,0.7696,bored,0.5667,0.8967,True,0.036,19.37,37.71,260.75,243.3,366.99,347.41
2789,94.6969,2,bored,0.7696,bored,0.5667,0.8877,True,0.036,19.54,36.48,260.75,243.3,366.99,347.41
2790,94.7243,2,bored,0.7497,bored,0.5667,0.8777,True,0.035,19.42,31.71,260.81,244.68,366.04,346.79
2791,94.7558,2,bored,0.7061,bored,0.5667,0.865,True,0.0353,18.12,20.62,260.48,244.03,365.65,347.2
2792,94.8043,2,bored,0.7061,bored,0.5667,0.8524,True,0.0353,21.55,33.22,260.48,244.03,365.65,347.2
2793,94.8344,2,bored,0.801,bored,0.5667,0.8454,True,0.0348,18.58,37.34,259.75,244.75,364.73,346.65
2794,94.8612,2,bored,0.7514,bored,0.5667,0.8355,True,0.0348,21.14,24.76,259.48,244.93,364.81,346.54
2795,94.9016,2,bored,0.7514,bored,0.5667,0.8255,True,0.0348,19.02,36.97,259.48,244.93,364.81,346.54
2796,94.9297,2,bored,0.7852,bored,0.5667,0.8179,True,0.0352,19.84,33.9,258.96,244.28,364.72,346.55
2797,94.9582,2,bored,0.8294,bored,0.5667,0.8128,True,0.0356,18.48,26.57,258.5,243.9,365.2,346.49
2798,94.9958,2,bored,0.8294,bored,0.5667,0.8084,True,0.0356,20.96,33.93,258.5,243.9,365.2,346.49
2799,95.0253,2,bored,0.8113,bored,0.5667,0.8037,True,0.0365,19.63,36.2,257.68,242.75,365.74,346.38
2800,95.0529,3,frustrated,0.4904,bored,0.5333,0.7982,True,0.037,20.17,24.06,259.5,243.23,366.56,349.28
2801,95.0944,3,frustrated,0.4904,bored,0.5,0.7921,True,0.037,20.48,34.59,259.5,243.23,366.56,349.28
2802,95.1234,2,bored,0.7377,bored,0.5,0.783,True,0.0363,19.7,37.91,258.15,243.42,365.86,347.07
2803,95.1497,3,frustrated,0.3137,frustrated,0.5333,0.6343,True,0.0367,20.67,17.28,257.81,244.32,366.79,347.69
2804,95.2076,3,frustrated,0.3137,frustrated,0.5667,0.6154,True,0.0367,21.34,35.46,257.81,244.32,366.79,347.69
2805,95.2358,3,frustrated,0.3508,frustrated,0.5667,0.6022,True,0.0377,19.82,35.26,258.69,242.51,367.63,348.81
2806,95.2642,3,frustrated,0.6093,frustrated,0.5667,0.5961,True,0.0372,20.41,26.7,259.41,242.84,366.57,349.57
2807,95.3016,3,frustrated,0.6093,frustrated,0.5667,0.5899,True,0.0372,18.73,37.1,259.41,242.84,366.57,349.57
2808,95.3286,2,bored,0.8008,frustrated,0.5333,0.5853,True,0.0371,19.65,36.81,258.24,242.22,366.44,347.43
2809,95.3557,3,frustrated,0.3308,frustrated,0.5333,0.5644,True,0.0375,19.14,25.87,257.78,243.12,367.99,347.78
2810,95.3944,3,frustrated,0.3308,frustrated,0.5333,0.5439,True,0.0375,20.72,36.21,257.78,243.12,367.99,347.78
2811,95.422,3,frustrated,0.6663,frustrated,0.5333,0.5362,True,0.0372,18.68,37.81,259.38,242.72,366.99,348.83
2812,95.4484,2,bored,0.7704,frustrated,0.5,0.5315,True,0.0374,19.87,21.41,257.34,241.75,367.5,346.09
2813,95.4951,2,bored,0.7704,bored,0.5333,0.7712,True,0.0374,20.0,31.02,257.34,241.75,367.5,346.09
2814,95.5274,2,bored,0.5338,bored,0.5667,0.7572,True,0.036,25.31,30.46,257.1,243.0,364.59,345.99
2815,95.5602,2,bored,0.5416,bored,0.6,0.7453,True,0.0356,21.12,33.01,257.24,243.03,363.53,345.8
2816,95.5905,2,bored,0.5416,bored,0.6333,0.7346,True,0.0356,23.66,32.33,257.24,243.03,363.53,345.8
2817,95.6214,3,frustrated,0.8982,bored,0.6333,0.7346,True,0.0363,18.92,31.5,255.61,244.03,364.59,346.31
2818,95.6532,3,frustrated,0.8983,bored,0.6,0.7326,True,0.0357,21.06,20.65,255.75,244.72,364.24,345.87
2819,95.7016,3,frustrated,0.8983,bored,0.5667,0.7304,True,0.0357,19.18,36.14,255.75,244.72,364.24,345.87
2820,95.7293,3,frustrated,0.8986,bored,0.5333,0.7292,True,0.0352,19.61,35.94,256.01,244.98,363.26,345.88
2821,95.7571,2,bored,0.5591,bored,0.5333,0.72,True,0.0354,18.84,24.94,254.42,242.67,361.12,344.65
2822,95.7972,2,bored,0.5591,bored,0.5333,0.7108,True,0.0354,19.97,36.34,254.42,242.67,361.12,344.65
2823,95.8247,2,bored,0.6998,bored,0.5333,0.7045,True,0.0352,19.75,36.93,254.1,242.67,360.41,344.34
2824,95.8518,2,bored,0.7048,bored,0.5333,0.7016,True,0.0355,20.51,24.23,254.11,242.95,361.68,344.2
2825,95.8931,2,bored,0.7048,bored,0.5333,0.6987,True,0.0355,19.37,36.87,254.11,242.95,361.68,344.2
2826,95.9202,2,bored,0.6646,bored,0.5333,0.6912,True,0.0352,19.86,37.52,253.67,243.61,361.53,343.8
2827,95.9468,2,bored,0.7314,bored,0.5333,0.685,True,0.035,17.97,24.78,253.91,243.46,360.69,344.12
2828,95.9872,2,bored,0.7314,bored,0.5333,0.6789,True,0.035,20.14,34.29,253.91,243.46,360.69,344.12
2829,96.0164,2,bored,0.5428,bored,0.5333,0.6621,True,0.0353,18.59,37.84,254.43,242.55,361.04,344.4
2830,96.0428,2,bored,0.3401,bored,0.5667,0.6432,True,0.0351,21.07,16.33,255.73,242.65,361.57,344.59
2831,96.104,3,frustrated,0.8192,bored,0.5667,0.6432,True,0.036,18.52,22.96,255.93,244.11,364.64,345.87
2832,96.1476,3,frustrated,0.8192,bored,0.5333,0.6373,True,0.036,20.71,37.81,255.93,244.11,364.64,345.87
2833,96.174,3,frustrated,0.8468,bored,0.5333,0.6373,True,0.036,20.53,35.2,256.51,243.74,364.91,345.85
2834,96.2024,3,frustrated,0.8468,bored,0.5333,0.6373,True,0.036,20.02,34.91,256.51,243.74,364.91,345.85
2835,96.2311,3,frustrated,0.8239,bored,0.5333,0.6373,True,0.0359,18.82,37.83,257.24,244.41,365.77,345.89
2836,96.2575,3,frustrated,0.8864,bored,0.5333,0.6373,True,0.0368,19.42,27.81,259.17,242.67,366.55,347.83
2837,96.2935,3,frustrated,0.8864,bored,0.5333,0.6373,True,0.0368,19.09,37.91,259.17,242.67,366.55,347.83
2838,96.3198,3,frustrated,0.8454,frustrated,0.5,0.7797,True,0.0381,19.6,35.79,258.99,240.71,367.67,348.39
2839,96.3478,3,frustrated,0.8745,frustrated,0.5,0.8159,True,0.0371,19.82,24.82,259.46,241.91,366.66,348.21
2840,96.3881,3,frustrated,0.8745,frustrated,0.5,0.8522,True,0.0371,19.79,36.13,259.46,241.91,366.66,348.21
2841,96.4157,3,frustrated,0.872,bored,0.5,0.6264,True,0.0376,19.75,35.35,259.28,241.06,367.24,347.91
2842,96.444,3,frustrated,0.8423,frustrated,0.5333,0.8644,True,0.0383,21.25,24.19,258.8,240.28,367.67,348.4
2843,96.4854,3,frustrated,0.8085,frustrated,0.5667,0.8611,True,0.0386,18.25,16.41,258.81,239.42,367.82,348.23
2844,96.5463,3,frustrated,0.8085,frustrated,0.6,0.8582,True,0.0386,19.34,38.77,258.81,239.42,367.82,348.23
2845,96.5721,3,frustrated,0.8742,frustrated,0.6333,0.859,True,0.0384,19.23,35.08,258.76,240.48,368.08,348.32
2846,96.6006,3,frustrated,0.8742,frustrated,0.6667,0.8598,True,0.0384,20.68,35.47,258.76,240.48,368.08,348.32
2847,96.6288,3,frustrated,0.799,frustrated,0.6667,0.8548,True,0.0389,19.62,35.03,257.92,238.01,368.51,346.14
2848,96.6574,3,frustrated,0.9033,frustrated,0.6667,0.8551,True,0.0379,20.11,28.12,259.35,238.14,367.12,346.15
2849,96.6929,3,frustrated,0.9033,frustrated,0.6667,0.8553,True,0.0379,18.96,34.48,259.35,238.14,367.12,346.15
2850,96.7219,3,frustrated,0.9292,frustrated,0.6667,0.8569,True,0.0366,21.39,34.32,262.01,240.94,368.24,346.92
2851,96.7511,3,frustrated,0.82,frustrated,0.7,0.8551,True,0.0362,18.08,28.49,263.79,241.4,368.63,347.45
2852,96.7871,3,frustrated,0.82,frustrated,0.7333,0.8535,True,0.0362,20.71,33.18,263.79,241.4,368.63,347.45
2853,96.8163,2,bored,0.7621,frustrated,0.7333,0.8535,True,0.0362,19.96,35.75,265.14,240.37,368.9,347.48
2854,96.8443,2,bored,0.5825,frustrated,0.7333,0.8535,True,0.0363,21.23,24.33,264.63,239.36,368.03,347.27
2855,96.8854,3,frustrated,0.6515,frustrated,0.7667,0.8447,True,0.0354,19.68,20.43,264.94,238.21,365.91,345.92
2856,96.9343,3,frustrated,0.6515,frustrated,0.8,0.8367,True,0.0354,20.62,35.98,264.94,238.21,365.91,345.92
2857,96.9621,3,frustrated,0.4003,frustrated,0.8333,0.8192,True,0.035,18.67,38.8,263.01,238.24,362.33,346.37
2858,96.9879,3,frustrated,0.6978,frustrated,0.8667,0.8146,True,0.0337,18.87,17.68,261.95,237.74,358.09,345.54
2859,97.0444,3,frustrated,0.6978,frustrated,0.9,0.8102,True,0.0337,21.21,36.95,261.95,237.74,358.09,345.54
2860,97.0715,2,bored,0.6867,frustrated,0.9,0.8102,True,0.0315,19.56,41.06,259.11,241.58,353.36,344.34
2861,97.0959,2,bored,0.6867,frustrated,0.8667,0.8099,True,0.0315,20.62,35.62,259.11,241.58,353.36,344.34
2862,97.1239,3,frustrated,0.4644,frustrated,0.8667,0.7962,True,0.0308,21.57,33.24,259.66,242.13,352.63,343.95
2863,97.154,3,frustrated,0.4861,frustrated,0.8667,0.7824,True,0.0291,19.03,29.14,261.74,243.36,351.5,342.99
2864,97.1883,3,frustrated,0.4861,frustrated,0.8667,0.7685,True,0.0291,22.72,32.94,261.74,243.36,351.5,342.99
2865,97.2187,3,frustrated,0.3307,frustrated,0.8667,0.7495,True,0.028,21.22,36.33,263.12,243.47,349.89,342.58
2866,97.2462,2,bored,0.8236,frustrated,0.8333,0.7441,True,0.0312,20.05,25.73,254.2,239.93,347.56,342.58
2867,97.2851,2,bored,0.7971,frustrated,0.8,0.7381,True,0.032,17.66,21.3,252.36,238.09,346.97,341.84
2868,97.3334,2,bored,0.7971,frustrated,0.7667,0.7335,True,0.032,19.6,35.82,252.36,238.09,346.97,341.84
2869,97.36,2,bored,0.7015,frustrated,0.7333,0.727,True,0.0291,19.68,35.81,254.13,240.57,342.7,341.59
2870,97.3879,2,bored,0.7931,frustrated,0.7,0.72,True,0.0253,21.22,23.22,262.44,242.59,341.79,340.69
2871,97.4309,2,bored,0.7931,frustrated,0.6667,0.7124,True,0.0253,20.27,35.98,262.44,242.59,341.79,340.69
2872,97.4587,3,frustrated,0.2361,frustrated,0.6667,0.6821,True,0.0325,19.37,29.73,242.64,237.23,339.43,340.53
2873,97.4924,2,bored,0.7535,frustrated,0.6333,0.6755,True,0.0299,21.34,20.18,246.8,238.32,336.87,340.4
2874,97.5419,2,bored,0.7535,frustrated,0.6,0.6681,True,0.0299,19.86,35.26,246.8,238.32,336.87,340.4
2875,97.5703,2,bored,0.7714,frustrated,0.5667,0.656,True,0.0315,19.31,36.47,242.73,238.09,337.51,340.24
2876,97.5977,2,bored,0.7714,frustrated,0.5333,0.6423,True,0.0315,19.23,36.02,242.73,238.09,337.51,340.24
2877,97.6255,2,bored,0.7662,frustrated,0.5,0.6319,True,0.0322,20.01,35.7,241.36,237.23,337.43,340.29
2878,97.6535,2,bored,0.7619,bored,0.5333,0.7501,True,0.0314,21.87,28.96,241.44,236.86,336.54,338.4
2879,97.688,2,bored,0.8233,bored,0.5667,0.7544,True,0.0312,19.19,22.41,242.35,237.74,336.46,339.55
2880,97.7326,2,bored,0.8233,bored,0.6,0.7582,True,0.0312,19.26,37.82,242.35,237.74,336.46,339.55
2881,97.7601,2,bored,0.7834,bored,0.6333,0.7595,True,0.031,19.54,36.74,244.64,237.62,337.69,339.89
2882,97.7863,2,bored,0.7924,bored,0.6667,0.7612,True,0.0301,19.32,23.62,251.59,236.67,344.59,335.94
2883,97.8286,2,bored,0.7924,bored,0.6667,0.7627,True,0.0301,19.01,35.8,251.59,236.67,344.59,335.94
2884,97.8566,2,bored,0.709,bored,0.6667,0.769,True,0.0333,20.13,34.64,249.86,235.77,350.4,337.45
2885,97.8854,2,bored,0.81,bored,0.7,0.771,True,0.0321,19.05,17.81,255.18,236.02,354.09,335.62
2886,97.9416,2,bored,0.81,bored,0.7333,0.7727,True,0.0321,20.59,34.33,255.18,236.02,354.09,335.62
2887,97.9707,3,frustrated,0.3714,bored,0.7333,0.7727,True,0.0334,19.67,36.76,259.52,233.28,360.79,334.65
2888,97.9979,3,frustrated,0.3714,bored,0.7333,0.7727,True,0.0334,19.79,36.89,259.52,233.28,360.79,334.65
2889,98.025,2,bored,0.9018,bored,0.7667,0.7784,True,0.0339,20.16,36.11,261.08,231.98,362.93,334.3
2890,98.0542,2,bored,0.8824,bored,0.7667,0.7869,True,0.0345,20.06,31.89,262.26,232.1,365.36,335.05
2891,98.0841,2,bored,0.8151,bored,0.7667,0.7924,True,0.0348,18.48,20.52,264.34,232.71,366.7,337.02
2892,98.1328,2,bored,0.8151,bored,0.8,0.7934,True,0.0348,20.79,36.43,264.34,232.71,366.7,337.02
2893,98.1603,3,frustrated,0.395,bored,0.8,0.7934,True,0.0356,19.39,36.44,264.03,232.61,367.98,337.85
2894,98.1877,2,bored,0.8356,bored,0.8333,0.7951,True,0.0354,21.56,23.57,264.09,233.68,367.71,338.62
2895,98.2301,2,bored,0.8356,bored,0.8667,0.7966,True,0.0354,19.04,39.98,264.09,233.68,367.71,338.62
2896,98.2551,2,bored,0.7233,bored,0.8667,0.7928,True,0.0352,21.06,34.61,264.39,235.66,367.49,340.48
2897,98.284,2,bored,0.7822,bored,0.8667,0.7922,True,0.0362,19.04,25.83,264.08,236.16,368.27,342.77
2898,98.3227,2,bored,0.7822,bored,0.8667,0.7916,True,0.0362,20.55,34.08,264.08,236.16,368.27,342.77
2899,98.3521,2,bored,0.7982,bored,0.8667,0.7954,True,0.0375,18.91,27.41,261.54,236.5,368.97,343.77
2900,98.3886,2,bored,0.9227,bored,0.8667,0.8003,True,0.0374,20.74,21.02,261.71,237.22,369.06,344.21
2901,98.4361,2,bored,0.9227,bored,0.8667,0.8053,True,0.0374,19.16,35.98,261.71,237.22,369.06,344.21
2902,98.4639,2,bored,0.9279,bored,0.9,0.8099,True,0.0374,18.98,38.9,260.25,237.23,367.48,344.5
2903,98.4907,2,bored,0.932,bored,0.9,0.8165,True,0.0377,19.25,23.81,259.7,237.5,367.71,344.86
2904,98.5317,2,bored,0.932,bored,0.9,0.8231,True,0.0377,18.74,35.19,259.7,237.5,367.71,344.86
2905,98.5601,2,bored,0.9283,bored,0.9,0.8289,True,0.0371,19.94,36.9,259.72,238.09,366.47,344.93
2906,98.5882,2,bored,0.9171,bored,0.9,0.8343,True,0.0367,19.3,24.19,259.2,239.06,365.58,344.98
2907,98.6285,2,bored,0.9171,bored,0.9,0.8399,True,0.0367,21.47,34.38,259.2,239.06,365.58,344.98
2908,98.6576,2,bored,0.9136,bored,0.9,0.8455,True,0.037,23.36,31.37,258.05,239.24,364.89,345.54
2909,98.6895,2,bored,0.9104,bored,0.9,0.8487,True,0.037,20.96,25.09,258.03,238.51,364.28,345.46
2910,98.7297,2,bored,0.9104,bored,0.9,0.852,True,0.037,25.0,31.29,258.03,238.51,364.28,345.46
2911,98.7613,2,bored,0.9104,bored,0.9,0.8567,True,0.037,23.04,32.67,258.23,238.1,364.0,345.6
2912,98.7919,2,bored,0.9015,bored,0.9,0.8607,True,0.0365,21.16,22.0,258.44,239.49,364.17,345.6
2913,98.8374,2,bored,0.9015,bored,0.9,0.8647,True,0.0365,19.9,37.16,258.44,239.49,364.17,345.6
2914,98.8643,2,bored,0.9037,bored,0.9,0.872,True,0.0367,20.91,34.59,258.16,239.78,364.6,345.71
2915,98.8932,2,bored,0.8839,bored,0.9,0.8747,True,0.0367,18.51,25.46,258.23,240.15,364.77,345.85
2916,98.9325,2,bored,0.8839,bored,0.9,0.8774,True,0.0367,19.31,37.98,258.23,240.15,364.77,345.85
2917,98.9588,2,bored,0.8897,bored,0.9333,0.8779,True,0.0367,20.56,35.62,258.37,240.09,365.01,345.83
2918,98.9869,2,bored,0.878,bored,0.9667,0.8779,True,0.0369,19.42,23.4,258.62,240.09,365.21,346.5
2919,99.0296,2,bored,0.878,bored,0.9667,0.8771,True,0.0369,18.73,35.28,258.62,240.09,365.21,346.5
2920,99.058,2,bored,0.8919,bored,0.9667,0.8774,True,0.0373,21.33,34.4,258.36,239.78,365.46,346.75
2921,99.087,2,bored,0.8936,bored,0.9667,0.8801,True,0.0378,18.38,25.83,258.3,239.27,365.91,347.07
2922,99.1257,2,bored,0.8936,bored,0.9667,0.8828,True,0.0378,19.56,35.4,258.3,239.27,365.91,347.07
2923,99.154,2,bored,0.8843,bored,1.0,0.8829,True,0.0372,19.89,35.64,258.36,240.08,365.5,346.64
2924,99.182,2,bored,0.8879,bored,1.0,0.8846,True,0.0372,20.14,26.5,258.15,240.08,365.64,346.43
2925,99.2198,2,bored,0.8879,bored,1.0,0.8863,True,0.0372,20.11,37.75,258.15,240.08,365.64,346.43
2926,99.2463,2,bored,0.7091,bored,1.0,0.8859,True,0.0374,22.47,24.82,258.97,241.46,365.2,349.59
2927,99.2865,2,bored,0.6166,bored,1.0,0.8803,True,0.0378,19.95,21.85,258.19,240.78,364.28,350.13
2928,99.3333,2,bored,0.6166,bored,1.0,0.8748,True,0.0378,18.75,37.05,258.19,240.78,364.28,350.13
2929,99.3593,2,bored,0.7898,bored,1.0,0.8746,True,0.0375,17.91,38.5,256.37,240.95,363.38,348.73
2930,99.3853,2,bored,0.8741,bored,1.0,0.8729,True,0.0374,20.58,22.17,255.38,240.56,361.36,349.04
2931,99.4304,2,bored,0.8741,bored,1.0,0.8713,True,0.0374,18.99,37.86,255.38,240.56,361.36,349.04
2932,99.4568,2,bored,0.7974,bored,1.0,0.867,True,0.0352,21.33,35.02,255.2,242.86,359.2,346.81
2933,99.4854,3,frustrated,0.5867,bored,0.9667,0.8647,True,0.0354,17.72,27.27,254.62,242.97,358.74,347.39
2934,99.522,3,frustrated,0.5867,bored,0.9333,0.8623,True,0.0354,20.51,34.21,254.62,242.97,358.74,347.39
2935,99.5513,2,bored,0.8208,bored,0.9333,0.8585,True,0.035,20.08,35.68,254.71,243.31,359.32,346.01
2936,99.5793,2,bored,0.8211,bored,0.9333,0.855,True,0.0354,19.66,24.49,254.67,242.87,359.32,346.78
2937,99.6201,2,bored,0.8211,bored,0.9333,0.8516,True,0.0354,18.89,35.84,254.67,242.87,359.32,346.78
2938,99.648,2,bored,0.8213,bored,0.9333,0.8483,True,0.0354,19.86,37.02,254.81,242.7,359.63,346.31
2939,99.675,2,bored,0.6629,bored,0.9333,0.8395,True,0.0349,20.26,17.2,255.36,243.02,359.75,345.72
2940,99.7332,3,frustrated,0.5924,bored,0.9,0.8368,True,0.0363,19.14,21.86,255.4,241.6,361.12,347.09
2941,99.7789,3,frustrated,0.5924,bored,0.8667,0.834,True,0.0363,20.04,34.77,255.4,241.6,361.12,347.09
2942,99.8077,2,bored,0.6988,bored,0.8667,0.8262,True,0.0367,20.24,33.88,255.56,240.08,361.81,346.29
2943,99.8372,2,bored,0.6988,bored,0.8667,0.8184,True,0.0367,19.12,37.0,255.56,240.08,361.81,346.29
2944,99.8642,2,bored,0.68,bored,0.8667,0.8098,True,0.0372,19.58,38.43,256.03,238.8,362.26,346.33
2945,99.8902,2,bored,0.7562,bored,0.8667,0.8049,True,0.0371,19.2,29.15,256.0,239.23,362.6,346.21
2946,99.9245,2,bored,0.7562,bored,0.8667,0.8,True,0.0371,19.71,36.57,256.0,239.23,362.6,346.21
2947,99.9519,2,bored,0.832,bored,0.8667,0.7978,True,0.0372,22.17,33.1,256.42,238.97,363.15,345.98
2948,99.9821,2,bored,0.7945,bored,0.8667,0.7946,True,0.0378,20.04,26.45,258.49,238.61,364.8,347.74
2949,100.0199,2,bored,0.7945,bored,0.8667,0.7914,True,0.0378,17.88,36.54,258.49,238.61,364.8,347.74
2950,100.0473,2,bored,0.7884,bored,0.8667,0.7874,True,0.0371,20.02,36.88,259.28,238.95,365.65,346.22
2951,100.0744,2,bored,0.7693,bored,0.8667,0.7826,True,0.0361,19.95,23.37,260.19,240.45,365.99,345.21
2952,100.1172,2,bored,0.8685,bored,0.8667,0.7816,True,0.0366,19.81,20.74,259.53,237.49,365.71,343.29
2953,100.1654,2,bored,0.8685,bored,0.8667,0.781,True,0.0366,19.85,34.66,259.53,237.49,365.71,343.29
2954,100.1942,2,bored,0.8822,bored,0.8667,0.7808,True,0.0364,19.19,29.65,260.99,237.12,366.72,342.82
2955,100.228,2,bored,0.8822,bored,0.8667,0.7806,True,0.0364,20.04,35.8,260.99,237.12,366.72,342.82
2956,100.2559,2,bored,0.9068,bored,0.8667,0.7882,True,0.0366,20.82,34.09,261.45,236.3,367.11,342.71
2957,100.2852,2,bored,0.893,bored,0.8667,0.7988,True,0.0364,17.88,26.17,262.15,236.63,367.6,342.65
2958,100.3244,2,bored,0.893,bored,0.8667,0.8094,True,0.0364,21.02,33.64,262.15,236.63,367.6,342.65
2959,100.3532,2,bored,0.9013,bored,0.8667,0.8137,True,0.0365,19.32,36.27,263.09,235.58,368.26,342.29
2960,100.3807,2,bored,0.9057,bored,0.8667,0.8149,True,0.0364,21.31,24.35,262.72,236.23,368.4,342.09
2961,100.4218,2,bored,0.9057,bored,0.8667,0.8161,True,0.0364,19.32,37.8,262.72,236.23,368.4,342.09
2962,100.4483,2,bored,0.898,bored,0.8667,0.82,True,0.0363,18.72,37.04,262.41,236.11,367.68,342.06
2963,100.4753,2,bored,0.8825,bored,0.9,0.8223,True,0.0361,18.99,24.71,262.37,236.41,367.53,341.86
2964,100.5157,2,bored,0.876,bored,0.9333,0.8243,True,0.0355,20.28,20.01,262.32,236.24,366.01,341.43
2965,100.5657,2,bored,0.876,bored,0.9333,0.8262,True,0.0355,18.87,38.32,262.32,236.24,366.01,341.43
2966,100.5918,2,bored,0.855,bored,0.9333,0.8274,True,0.0355,20.82,34.67,262.11,236.16,366.12,340.96
2967,100.6206,2,bored,0.875,bored,0.9333,0.8294,True,0.0357,19.24,17.76,260.12,236.57,364.97,341.19
2968,100.677,2,bored,0.875,bored,0.9333,0.8313,True,0.0357,19.82,36.96,260.12,236.57,364.97,341.19
2969,100.704,2,bored,0.907,bored,0.9333,0.84,True,0.0357,20.0,35.69,259.35,237.03,365.28,340.65
2970,100.732,2,bored,0.907,bored,0.9667,0.8423,True,0.0357,19.86,36.32,259.35,237.03,365.28,340.65
2971,100.7596,2,bored,0.9348,bored,1.0,0.8454,True,0.0361,21.02,33.85,258.48,236.78,364.47,341.28
2972,100.7891,2,bored,0.9415,bored,1.0,0.8535,True,0.0361,20.11,31.04,258.16,236.4,364.03,341.09
2973,100.8213,2,bored,0.9415,bored,1.0,0.8616,True,0.0361,19.59,36.84,258.16,236.4,364.03,341.09
2974,100.8485,2,bored,0.9334,bored,1.0,0.87,True,0.0363,18.67,38.69,257.85,236.72,363.56,342.11
2975,100.8743,2,bored,0.9212,bored,1.0,0.8755,True,0.0367,18.85,23.87,257.51,236.85,363.72,342.99
2976,100.9162,2,bored,0.9025,bored,1.0,0.8804,True,0.0365,20.33,20.78,257.45,237.37,363.74,342.94
2977,100.9643,2,bored,0.9025,bored,1.0,0.8827,True,0.0365,19.26,37.25,257.45,237.37,363.74,342.94
2978,100.9912,2,bored,0.8907,bored,1.0,0.8859,True,0.0366,19.67,37.0,257.91,237.07,363.54,343.42
2979,101.0182,2,bored,0.8947,bored,1.0,0.8893,True,0.0368,18.63,23.82,257.5,237.36,363.9,343.49
2980,101.0602,2,bored,0.8947,bored,1.0,0.8928,True,0.0368,18.0,35.12,257.5,237.36,363.9,343.49
2981,101.0886,2,bored,0.9032,bored,1.0,0.8973,True,0.0365,18.37,29.65,257.62,238.65,364.56,343.54
2982,101.1224,2,bored,0.8817,bored,1.0,0.8977,True,0.037,21.34,18.59,258.08,238.62,366.07,344.01
2983,101.1762,2,bored,0.8817,bored,1.0,0.8982,True,0.037,20.16,35.5,258.08,238.62,366.07,344.01
2984,101.2043,2,bored,0.8884,bored,1.0,0.8984,True,0.0367,19.19,36.69,259.41,238.12,366.45,343.48
2985,101.2316,2,bored,0.8884,bored,1.0,0.8986,True,0.0367,19.23,37.35,259.41,238.12,366.45,343.48
2986,101.2584,2,bored,0.8976,bored,1.0,0.8983,True,0.0366,21.45,34.51,260.59,237.73,367.17,343.35
2987,101.2873,2,bored,0.9097,bored,1.0,0.8988,True,0.0373,19.75,33.55,260.57,237.43,368.98,343.26
2988,101.3172,2,bored,0.9111,bored,1.0,0.8994,True,0.0372,22.14,19.62,261.07,236.7,368.48,343.0
2989,101.3691,2,bored,0.9111,bored,1.0,0.8998,True,0.0372,19.13,34.3,261.07,236.7,368.48,343.0
2990,101.3973,2,bored,0.9181,bored,1.0,0.9002,True,0.0374,19.97,35.57,260.95,236.87,369.07,342.98
2991,101.4254,2,bored,0.9194,bored,1.0,0.9006,True,0.037,18.18,29.53,261.25,237.48,369.33,342.69
2992,101.4602,2,bored,0.9194,bored,1.0,0.9014,True,0.037,20.32,34.5,261.25,237.48,369.33,342.69
2993,101.4882,2,bored,0.9173,bored,1.0,0.9025,True,0.0374,19.28,38.4,261.07,236.43,369.3,342.69
2994,101.5143,2,bored,0.9205,bored,1.0,0.904,True,0.0376,20.63,16.76,261.07,236.13,369.36,342.8
2995,101.5739,2,bored,0.9205,bored,1.0,0.9055,True,0.0376,20.19,36.21,261.07,236.13,369.36,342.8
2996,101.6015,2,bored,0.9169,bored,1.0,0.9075,True,0.0371,20.26,34.78,261.12,236.98,369.22,342.42
2997,101.6303,2,bored,0.9169,bored,1.0,0.9089,True,0.0371,21.06,34.8,261.12,236.98,369.22,342.42
2998,101.659,2,bored,0.9134,bored,1.0,0.9102,True,0.0367,23.07,32.05,260.96,236.74,367.66,342.55
2999,101.6902,2,bored,0.9207,bored,1.0,0.9107,True,0.0361,20.17,37.16,262.13,236.01,366.69,342.13
3000,101.7171,2,bored,0.9178,bored,1.0,0.911,True,0.0366,20.79,21.31,260.68,236.23,366.6,342.43
3001,101.7641,2,bored,0.9178,bored,1.0,0.9105,True,0.0366,20.7,31.7,260.68,236.23,366.6,342.43
3002,101.7956,2,bored,0.9252,bored,1.0,0.9099,True,0.0365,20.48,34.59,260.31,236.05,366.05,342.11
3003,101.8258,2,bored,0.9235,bored,1.0,0.9093,True,0.0362,20.81,28.26,260.22,236.32,365.49,342.06
3004,101.861,2,bored,0.9235,bored,1.0,0.909,True,0.0362,20.02,33.99,260.22,236.32,365.49,342.06
3005,101.8893,2,bored,0.9108,bored,1.0,0.9087,True,0.0367,21.8,33.32,260.39,236.84,366.53,343.09
3006,101.9194,2,bored,0.9056,bored,1.0,0.9088,True,0.0368,20.27,25.6,260.3,237.02,367.01,342.99
3007,101.9584,2,bored,0.9056,bored,1.0,0.9089,True,0.0368,20.51,35.2,260.3,237.02,367.01,342.99
3008,101.9868,2,bored,0.7937,bored,1.0,0.9056,True,0.0362,19.78,28.84,260.45,238.41,366.83,342.83
3009,102.0215,2,bored,0.8594,bored,1.0,0.9045,True,0.0369,19.04,21.34,260.61,237.71,368.03,343.23
3010,102.0684,2,bored,0.8594,bored,1.0,0.9033,True,0.0369,19.98,34.23,260.61,237.71,368.03,343.23
3011,102.0976,2,bored,0.8102,bored,1.0,0.9002,True,0.0355,18.55,37.54,261.27,240.36,367.06,343.58
3012,102.1242,2,bored,0.8981,bored,1.0,0.9007,True,0.0375,20.69,24.57,261.33,237.83,370.11,343.85
3013,102.1649,2,bored,0.8981,bored,1.0,0.9013,True,0.0375,19.57,37.69,261.33,237.83,370.11,343.85
3014,102.1914,2,bored,0.895,bored,1.0,0.9015,True,0.038,21.55,34.51,261.43,237.4,371.0,343.99
3015,102.2204,2,bored,0.8927,bored,1.0,0.9016,True,0.0386,18.03,25.41,261.64,236.35,371.78,344.04
3016,102.2598,2,bored,0.8927,bored,1.0,0.9015,True,0.0386,20.52,34.18,261.64,236.35,371.78,344.04
3017,102.289,2,bored,0.9053,bored,1.0,0.9013,True,0.0383,20.94,36.39,262.55,235.99,371.61,343.84
3018,102.3165,2,bored,0.9078,bored,1.0,0.9012,True,0.0381,19.53,25.97,263.46,235.7,371.75,343.87
3019,102.355,2,bored,0.9078,bored,1.0,0.9011,True,0.0381,21.36,33.25,263.46,235.7,371.75,343.87
3020,102.3851,2,bored,0.9266,bored,1.0,0.9014,True,0.038,20.26,35.39,263.78,235.54,371.71,343.8
3021,102.4133,2,bored,0.9134,bored,1.0,0.9012,True,0.0388,18.83,18.84,263.26,235.08,372.13,344.48
3022,102.4664,2,bored,0.9378,bored,1.0,0.9018,True,0.0387,20.57,20.45,263.28,234.79,372.04,344.08
3023,102.5153,2,bored,0.9378,bored,1.0,0.9025,True,0.0387,19.18,36.84,263.28,234.79,372.04,344.08
3024,102.5424,2,bored,0.9214,bored,1.0,0.9025,True,0.0376,20.16,34.25,263.91,236.56,371.37,344.09
3025,102.5716,2,bored,0.9214,bored,1.0,0.9026,True,0.0376,21.12,35.66,263.91,236.56,371.37,344.09
3026,102.5997,2,bored,0.9222,bored,1.0,0.9027,True,0.0379,20.23,35.64,263.76,235.89,371.47,344.01
3027,102.6277,2,bored,0.9313,bored,1.0,0.9032,True,0.0379,19.09,32.27,263.95,236.15,371.64,344.24
3028,102.6587,2,bored,0.9313,bored,1.0,0.9038,True,0.0379,21.1,34.93,263.95,236.15,371.64,344.24
3029,102.6874,2,bored,0.9302,bored,1.0,0.9041,True,0.0381,21.19,33.65,263.45,236.08,371.6,344.18
3030,102.7171,2,bored,0.9247,bored,1.0,0.9044,True,0.0379,21.12,25.07,263.46,236.49,371.47,344.28
3031,102.757,2,bored,0.9247,bored,1.0,0.9046,True,0.0379,20.84,34.49,263.46,236.49,371.47,344.28
3032,102.786,2,bored,0.9215,bored,1.0,0.9045,True,0.038,20.03,35.71,262.43,237.0,371.15,344.27
3033,102.814,2,bored,0.9041,bored,1.0,0.9038,True,0.0379,21.04,26.63,261.91,237.38,370.58,344.4
3034,102.8515,2,bored,0.9125,bored,1.0,0.9034,True,0.0381,20.66,15.28,260.5,237.9,370.07,344.69
3035,102.917,2,bored,0.9125,bored,1.0,0.9035,True,0.0381,19.2,36.49,260.5,237.9,370.07,344.69
3036,102.9444,2,bored,0.9219,bored,1.0,0.9041,True,0.0384,18.92,37.12,260.14,237.44,370.22,344.69
3037,102.9713,2,bored,0.9219,bored,1.0,0.9046,True,0.0384,20.17,38.57,260.14,237.44,370.22,344.69
3038,102.9973,2,bored,0.9146,bored,1.0,0.9086,True,0.0379,20.3,35.97,259.83,237.47,368.9,344.25
3039,103.0251,2,bored,0.9075,bored,1.0,0.9102,True,0.0369,18.57,29.38,259.73,238.63,367.09,344.29
3040,103.0591,2,bored,0.9075,bored,1.0,0.9118,True,0.0369,20.5,34.28,259.73,238.63,367.09,344.29
3041,103.0883,2,bored,0.9056,bored,1.0,0.915,True,0.0369,21.36,34.96,259.1,238.15,366.31,343.96
3042,103.1169,2,bored,0.8879,bored,1.0,0.9147,True,0.0372,20.15,24.27,258.89,237.4,365.9,344.05
3043,103.1591,2,bored,0.8879,bored,1.0,0.9143,True,0.0372,20.04,34.06,258.89,237.4,365.9,344.05
3044,103.1874,2,bored,0.8922,bored,1.0,0.9142,True,0.037,18.97,35.4,258.97,238.8,366.75,344.37
3045,103.2157,2,bored,0.8897,bored,1.0,0.9141,True,0.0372,19.07,27.65,258.51,238.57,366.08,344.72
3046,103.2519,2,bored,0.9118,bored,1.0,0.9148,True,0.037,29.93,16.82,258.39,236.78,364.49,343.84
3047,103.3113,2,bored,0.9118,bored,1.0,0.915,True,0.037,27.01,27.83,258.39,236.78,364.49,343.84
3048,103.3472,2,bored,0.9031,bored,1.0,0.9148,True,0.0368,33.25,24.26,258.35,237.21,364.84,343.41
3049,103.3885,2,bored,0.9,bored,1.0,0.9146,True,0.0373,20.07,38.85,257.77,237.69,365.19,344.23
3050,103.4142,2,bored,0.9,bored,1.0,0.9137,True,0.0373,18.42,35.38,257.77,237.69,365.19,344.23
3051,103.4425,2,bored,0.8984,bored,1.0,0.9132,True,0.0373,21.1,34.4,257.67,237.91,365.16,344.44
3052,103.4715,2,bored,0.8984,bored,1.0,0.9119,True,0.0373,20.57,37.19,257.67,237.91,365.16,344.44
3053,103.4984,2,bored,0.9054,bored,1.0,0.9108,True,0.0374,21.34,34.65,257.66,237.34,365.01,344.41
3054,103.5273,2,bored,0.8917,bored,1.0,0.9098,True,0.0369,22.12,31.51,257.95,238.28,364.87,344.38
3055,103.559,2,bored,0.8917,bored,1.0,0.9088,True,0.0369,21.1,34.11,257.95,238.28,364.87,344.38
3056,103.5883,2,bored,0.8851,bored,1.0,0.9076,True,0.0372,22.09,33.77,258.27,238.77,365.75,345.09
3057,103.6189,2,bored,0.8655,bored,1.0,0.9054,True,0.0367,20.5,28.54,258.18,238.86,364.52,344.77
3058,103.653,2,bored,0.8191,bored,1.0,0.9016,True,0.036,20.75,20.17,257.6,239.53,363.43,344.03
3059,103.7026,2,bored,0.8191,bored,1.0,0.8979,True,0.036,20.03,34.0,257.6,239.53,363.43,344.03
3060,103.732,2,bored,0.8036,bored,1.0,0.8939,True,0.0361,20.7,35.58,257.09,238.91,363.05,343.58
3061,103.7601,2,bored,0.8244,bored,1.0,0.8905,True,0.0364,19.42,27.72,257.03,238.6,363.3,343.73
3062,103.7961,2,bored,0.8244,bored,1.0,0.8873,True,0.0364,19.11,35.55,257.03,238.6,363.3,343.73
3063,103.8243,2,bored,0.8404,bored,1.0,0.8852,True,0.0366,18.71,28.45,256.64,238.22,363.29,343.71
3064,103.8594,2,bored,0.8171,bored,1.0,0.882,True,0.0366,18.91,20.97,256.26,238.33,362.85,343.75
3065,103.9071,2,bored,0.8171,bored,1.0,0.8788,True,0.0366,19.48,35.63,256.26,238.33,362.85,343.75
3066,103.9352,2,bored,0.8321,bored,1.0,0.8758,True,0.0367,20.45,34.73,256.41,238.09,363.12,343.63
3067,103.964,2,bored,0.8321,bored,1.0,0.8728,True,0.0367,19.67,36.13,256.41,238.09,363.12,343.63
3068,103.9916,2,bored,0.8504,bored,1.0,0.8707,True,0.0365,21.61,34.76,256.43,238.23,363.05,343.52
3069,104.0204,2,bored,0.8615,bored,1.0,0.8692,True,0.0367,19.55,31.17,256.44,237.96,363.04,343.58
3070,104.0525,2,bored,0.7908,bored,1.0,0.8653,True,0.0364,20.38,20.07,256.81,238.86,363.13,343.91
3071,104.1023,2,bored,0.7908,bored,1.0,0.8615,True,0.0364,19.33,36.69,256.81,238.86,363.13,343.91
3072,104.1296,2,bored,0.8066,bored,1.0,0.8588,True,0.0363,20.41,34.8,256.78,238.91,363.16,343.85
3073,104.1583,2,bored,0.7218,bored,1.0,0.8532,True,0.0365,18.72,27.19,256.88,238.94,363.61,344.1
3074,104.1951,2,bored,0.7218,bored,1.0,0.8475,True,0.0365,20.12,34.29,256.88,238.94,363.61,344.1
3075,104.2243,2,bored,0.689,bored,1.0,0.8408,True,0.0361,20.4,35.2,257.07,239.3,362.96,344.11
3076,104.2527,2,bored,0.7166,bored,1.0,0.8343,True,0.0365,19.45,18.13,257.0,238.68,363.18,344.42
3077,104.3078,2,bored,0.7166,bored,1.0,0.8278,True,0.0365,19.92,36.83,257.0,238.68,363.18,344.42
3078,104.335,3,frustrated,0.565,bored,0.9667,0.8252,True,0.0369,21.07,34.1,256.22,238.09,362.92,344.44
3079,104.3643,3,frustrated,0.565,bored,0.9333,0.8226,True,0.0369,19.52,36.17,256.22,238.09,362.92,344.44
3080,104.3919,2,bored,0.6255,bored,0.9333,0.8128,True,0.0363,21.88,34.61,257.21,239.23,363.3,344.25
3081,104.4208,2,bored,0.6684,bored,0.9333,0.8045,True,0.0362,19.63,30.06,257.23,239.17,362.94,344.28
3082,104.4541,2,bored,0.7925,bored,0.9333,0.8008,True,0.0362,21.72,20.38,257.04,239.63,362.75,344.77
3083,104.5032,2,bored,0.7925,bored,0.9333,0.7967,True,0.0362,20.6,34.79,257.04,239.63,362.75,344.77
3084,104.5319,2,bored,0.7168,bored,0.9333,0.7905,True,0.0367,20.44,35.29,256.66,238.69,362.55,345.04
3085,104.5602,2,bored,0.7641,bored,0.9333,0.7859,True,0.0372,19.06,28.98,254.6,238.89,361.61,345.58
3086,104.5947,2,bored,0.7641,bored,0.9333,0.7816,True,0.0372,22.27,31.55,254.6,238.89,361.61,345.58
3087,104.6264,2,bored,0.8142,bored,0.9333,0.7798,True,0.0357,19.12,37.62,254.74,240.08,359.49,344.92
3088,104.653,2,bored,0.7838,bored,0.9333,0.7785,True,0.0343,20.1,25.07,254.62,242.34,358.01,344.37
3089,104.6929,2,bored,0.7838,bored,0.9333,0.7773,True,0.0343,19.54,35.74,254.62,242.34,358.01,344.37
3090,104.7209,2,bored,0.7937,bored,0.9333,0.7769,True,0.0355,19.76,29.26,253.87,240.73,358.0,345.45
3091,104.7551,2,bored,0.8059,bored,0.9333,0.7762,True,0.0346,18.47,20.35,252.7,242.53,356.74,344.72
3092,104.8042,2,bored,0.8059,bored,0.9333,0.7756,True,0.0346,20.22,35.76,252.7,242.53,356.74,344.72
3093,104.8322,2,bored,0.8306,bored,0.9333,0.7752,True,0.0348,19.83,36.57,252.68,242.22,356.92,344.7
3094,104.8595,2,bored,0.881,bored,0.9333,0.7775,True,0.0354,20.34,23.85,252.52,241.18,356.98,345.29
3095,104.9014,2,bored,0.881,bored,0.9333,0.7798,True,0.0354,18.55,36.53,252.52,241.18,356.98,345.29
3096,104.9288,2,bored,0.8788,bored,0.9333,0.7815,True,0.0359,21.54,35.38,252.11,240.74,357.41,345.39
3097,104.9571,2,bored,0.8905,bored,0.9333,0.7835,True,0.0354,19.53,24.68,251.98,241.61,356.79,345.38
3098,104.9976,2,bored,0.8905,bored,0.9333,0.785,True,0.0354,19.45,37.47,251.98,241.61,356.79,345.38
3099,105.0243,2,bored,0.8926,bored,0.9333,0.7861,True,0.0352,19.06,36.88,251.85,242.3,356.59,345.51
3100,105.0514,2,bored,0.8989,bored,0.9333,0.7899,True,0.0357,19.5,24.23,251.76,241.52,357.26,345.4
3101,105.0927,2,bored,0.8989,bored,0.9333,0.7938,True,0.0357,18.95,35.23,251.76,241.52,357.26,345.4
3102,105.121,2,bored,0.8598,bored,0.9333,0.7957,True,0.0355,19.98,36.38,252.26,241.58,357.05,345.77
3103,105.1485,2,bored,0.8387,bored,0.9333,0.7999,True,0.0366,18.86,18.03,252.29,241.29,359.67,345.98
3104,105.204,2,bored,0.8387,bored,0.9333,0.8041,True,0.0366,20.66,35.12,252.29,241.29,359.67,345.98
3105,105.2325,2,bored,0.8585,bored,0.9333,0.8101,True,0.0351,18.27,36.96,254.85,241.78,358.37,345.97
3106,105.2609,2,bored,0.8576,bored,0.9333,0.8151,True,0.0354,20.8,24.36,254.52,242.4,359.8,345.83
3107,105.3006,2,bored,0.8576,bored,0.9333,0.8202,True,0.0354,19.49,37.67,254.52,242.4,359.8,345.83
3108,105.3271,2,bored,0.8318,bored,0.9667,0.8206,True,0.0351,19.24,39.5,255.48,243.41,361.35,345.4
3109,105.3525,2,bored,0.7978,bored,1.0,0.8198,True,0.0369,18.07,23.49,255.26,241.91,363.02,347.19
3110,105.395,2,bored,0.7978,bored,1.0,0.8256,True,0.0369,20.34,34.6,255.26,241.91,363.02,347.19
3111,105.4239,2,bored,0.8911,bored,1.0,0.833,True,0.037,21.56,34.58,255.77,241.66,363.37,347.22
3112,105.4528,2,bored,0.9145,bored,1.0,0.8371,True,0.0385,20.13,25.41,255.57,239.48,364.65,347.84
3113,105.4922,2,bored,0.9145,bored,1.0,0.8411,True,0.0385,19.7,36.84,255.57,239.48,364.65,347.84
3114,105.5193,2,bored,0.9252,bored,1.0,0.8481,True,0.0391,19.57,36.94,256.04,238.3,365.49,347.99
3115,105.5464,2,bored,0.9294,bored,1.0,0.8536,True,0.0395,19.93,24.0,255.64,238.44,366.34,348.0
3116,105.5881,2,bored,0.9294,bored,1.0,0.8591,True,0.0395,20.3,35.03,255.64,238.44,366.34,348.0
3117,105.6166,2,bored,0.9254,bored,1.0,0.8628,True,0.039,19.03,28.35,256.16,238.16,365.7,347.59
3118,105.6519,2,bored,0.9058,bored,1.0,0.8669,True,0.0382,21.3,19.65,256.77,239.79,365.52,347.57
3119,105.7028,2,bored,0.9058,bored,1.0,0.8709,True,0.0382,19.1,35.55,256.77,239.79,365.52,347.57
3120,105.7309,2,bored,0.8847,bored,1.0,0.874,True,0.038,19.38,36.03,256.63,240.46,365.29,347.93
3121,105.7587,2,bored,0.8649,bored,1.0,0.8759,True,0.0378,19.21,27.09,256.34,240.97,364.91,347.89
3122,105.7956,2,bored,0.8649,bored,1.0,0.8779,True,0.0378,19.68,37.35,256.34,240.97,364.91,347.89
3123,105.8224,2,bored,0.7714,bored,1.0,0.8759,True,0.0375,21.75,33.03,256.1,241.54,364.47,347.78
3124,105.8526,2,bored,0.7778,bored,1.0,0.8725,True,0.0382,21.31,21.95,255.07,240.87,364.21,348.29
3125,105.8982,2,bored,0.7778,bored,1.0,0.869,True,0.0382,21.29,34.87,255.07,240.87,364.21,348.29
3126,105.9279,3,frustrated,0.5939,bored,0.9667,0.8687,True,0.0373,24.22,30.87,254.31,244.29,364.88,347.99
3127,105.9593,2,bored,0.7938,bored,0.9667,0.8654,True,0.0361,21.12,33.25,253.48,243.22,360.53,346.71
3128,105.9893,2,bored,0.7938,bored,0.9667,0.862,True,0.0361,22.07,32.14,253.48,243.22,360.53,346.71
3129,106.0204,3,frustrated,0.5127,bored,0.9333,0.8609,True,0.0369,19.87,34.03,252.88,242.81,360.22,348.42
3130,106.0498,2,bored,0.5959,bored,0.9333,0.8501,True,0.0356,20.84,19.34,252.62,243.62,358.9,346.47
3131,106.1015,2,bored,0.5206,bored,0.9333,0.8366,True,0.0347,19.3,21.48,252.35,243.27,355.69,346.45
3132,106.1481,2,bored,0.5206,bored,0.9333,0.8245,True,0.0347,20.61,35.76,252.35,243.27,355.69,346.45
3133,106.1761,3,frustrated,0.7505,bored,0.9,0.824,True,0.034,19.16,36.82,252.92,245.21,356.05,346.53
3134,106.2032,3,frustrated,0.7505,bored,0.8667,0.8234,True,0.034,19.79,35.76,252.92,245.21,356.05,346.53
3135,106.2312,2,bored,0.6722,bored,0.8667,0.8162,True,0.0361,19.02,36.74,252.23,241.02,356.55,347.47
3136,106.2584,3,frustrated,0.6642,bored,0.8333,0.8146,True,0.0349,18.43,28.63,252.51,242.99,356.45,346.26
3137,106.2933,3,frustrated,0.6642,bored,0.8,0.8128,True,0.0349,20.35,34.99,252.51,242.99,356.45,346.26
3138,106.3219,2,bored,0.8102,bored,0.8,0.8119,True,0.0349,20.08,36.7,251.65,242.12,355.73,345.0
3139,106.3492,2,bored,0.8236,bored,0.8,0.813,True,0.0351,19.26,26.14,251.5,240.97,355.32,344.76
3140,106.3874,2,bored,0.8236,bored,0.8,0.814,True,0.0351,19.28,37.4,251.5,240.97,355.32,344.76
3141,106.4142,2,bored,0.7995,bored,0.8,0.8102,True,0.0346,19.87,36.8,251.13,241.42,354.73,344.04
3142,106.4413,2,bored,0.8398,bored,0.8,0.8071,True,0.0345,18.24,25.0,251.38,241.48,354.82,343.88
3143,106.4813,2,bored,0.8206,bored,0.8,0.8032,True,0.0342,18.47,15.16,250.9,241.71,354.26,343.43
3144,106.5483,2,bored,0.8206,bored,0.8,0.7988,True,0.0342,19.67,35.99,250.9,241.71,354.26,343.43
3145,106.5751,2,bored,0.8706,bored,0.8,0.7964,True,0.0347,18.88,38.32,250.91,241.02,354.66,343.64
3146,106.6012,2,bored,0.8706,bored,0.8,0.7939,True,0.0347,21.18,36.87,250.91,241.02,354.66,343.64
3147,106.6283,2,bored,0.8689,bored,0.8,0.7916,True,0.0344,18.61,38.42,251.16,240.95,354.35,343.39
3148,106.6543,2,bored,0.8132,bored,0.8,0.7877,True,0.0348,19.17,26.52,251.19,240.37,354.92,343.57
3149,106.692,2,bored,0.8132,bored,0.8,0.7839,True,0.0348,20.97,34.94,251.19,240.37,354.92,343.57
3150,106.7206,2,bored,0.7946,bored,0.8,0.7801,True,0.0351,19.56,36.56,251.3,239.72,354.93,343.84
3151,106.748,2,bored,0.8722,bored,0.8,0.7804,True,0.0358,19.07,24.13,251.35,238.9,356.2,343.87
3152,106.7894,2,bored,0.8722,bored,0.8,0.7807,True,0.0358,19.02,37.81,251.35,238.9,356.2,343.87
3153,106.8159,2,bored,0.9243,bored,0.8,0.7871,True,0.036,18.65,35.98,250.98,238.57,356.34,343.66
3154,106.8437,2,bored,0.9273,bored,0.8,0.7933,True,0.0359,20.01,24.89,251.12,238.53,356.36,343.29
3155,106.8839,2,bored,0.9311,bored,0.8,0.7997,True,0.036,19.66,20.69,251.04,238.58,356.54,343.5
3156,106.9322,2,bored,0.9311,bored,0.8333,0.805,True,0.036,19.67,37.1,251.04,238.58,356.54,343.5
3157,106.9592,2,bored,0.9228,bored,0.8333,0.8101,True,0.0358,19.36,36.24,251.53,238.71,356.51,343.45
3158,106.9868,2,bored,0.9082,bored,0.8333,0.8147,True,0.0357,19.76,16.91,251.68,238.61,356.19,343.45
3159,107.0469,2,bored,0.9082,bored,0.8667,0.8183,True,0.0357,19.3,34.83,251.68,238.61,356.19,343.45
3160,107.0746,2,bored,0.9158,bored,0.8667,0.8306,True,0.0355,20.07,35.62,251.71,238.9,356.25,343.37
3161,107.1042,2,bored,0.9158,bored,0.8667,0.8458,True,0.0355,19.48,34.96,251.71,238.9,356.25,343.37
3162,107.1313,2,bored,0.888,bored,0.8667,0.8599,True,0.0344,20.49,35.75,252.13,241.11,354.97,343.79
3163,107.1593,2,bored,0.9005,bored,0.9,0.8614,True,0.0352,20.73,34.18,252.2,239.23,356.07,343.33
3164,107.1885,2,bored,0.9005,bored,0.9333,0.8628,True,0.0352,21.24,35.6,252.2,239.23,356.07,343.33
3165,107.2166,2,bored,0.8998,bored,0.9333,0.871,True,0.0352,21.32,36.98,252.44,238.93,355.99,343.42
3166,107.2437,2,bored,0.892,bored,0.9667,0.8717,True,0.0353,21.99,24.25,252.33,238.97,356.15,343.35
3167,107.2849,2,bored,0.8972,bored,1.0,0.8725,True,0.0353,19.6,20.93,252.64,238.67,356.34,343.3
3168,107.3342,2,bored,0.8972,bored,1.0,0.8754,True,0.0353,22.59,31.09,252.64,238.67,356.34,343.3
3169,107.3648,2,bored,0.8804,bored,1.0,0.8773,True,0.0353,19.75,36.02,252.96,238.89,356.31,343.93
3170,107.3926,2,bored,0.8754,bored,1.0,0.8791,True,0.0353,20.04,27.16,253.24,238.63,356.35,343.83
3171,107.4294,2,bored,0.8754,bored,1.0,0.8816,True,0.0353,20.5,35.93,253.24,238.63,356.35,343.83
3172,107.4573,2,bored,0.8759,bored,1.0,0.8828,True,0.0351,19.05,31.34,253.34,239.0,356.32,343.84
3173,107.4892,2,bored,0.8808,bored,1.0,0.8848,True,0.0356,18.92,20.38,252.56,238.08,356.44,343.28
3174,107.5382,2,bored,0.8808,bored,1.0,0.8868,True,0.0356,20.09,35.62,252.56,238.08,356.44,343.28
3175,107.5663,2,bored,0.8894,bored,1.0,0.8874,True,0.0356,21.72,35.24,252.35,238.47,356.57,343.39
3176,107.5947,2,bored,0.8894,bored,1.0,0.8881,True,0.0356,20.67,34.17,252.35,238.47,356.57,343.39
3177,107.6239,2,bored,0.8704,bored,1.0,0.8881,True,0.0352,21.4,33.43,253.75,238.76,356.75,343.87
3178,107.6539,2,bored,0.8395,bored,1.0,0.889,True,0.0354,20.94,31.83,253.77,238.68,357.28,343.8
3179,107.6853,2,bored,0.8568,bored,1.0,0.8904,True,0.0355,19.95,21.02,253.96,238.77,357.6,343.9
3180,107.7328,2,bored,0.8568,bored,1.0,0.8925,True,0.0355,20.45,34.75,253.96,238.77,357.6,343.9
3181,107.7616,2,bored,0.8759,bored,1.0,0.8926,True,0.0349,20.43,34.46,254.35,239.25,357.58,343.22
3182,107.7906,2,bored,0.8738,bored,1.0,0.8927,True,0.0352,19.88,25.99,254.57,239.3,358.2,343.71
3183,107.8291,2,bored,0.8738,bored,1.0,0.891,True,0.0352,21.01,34.32,254.57,239.3,358.2,343.71
3184,107.8582,2,bored,0.8597,bored,1.0,0.8887,True,0.0354,20.8,36.36,254.31,239.18,358.27,343.69
3185,107.8857,2,bored,0.881,bored,1.0,0.8871,True,0.0352,20.06,18.94,254.61,239.13,358.16,343.68
3186,107.9386,2,bored,0.881,bored,1.0,0.8854,True,0.0352,23.77,32.75,254.61,239.13,358.16,343.68
3187,107.9691,2,bored,0.8657,bored,1.0,0.8835,True,0.0351,20.04,35.2,254.33,239.12,357.63,343.63
3188,107.9975,2,bored,0.8657,bored,1.0,0.8821,True,0.0351,19.63,37.96,254.33,239.12,357.63,343.63
3189,108.0238,2,bored,0.873,bored,1.0,0.8809,True,0.0357,22.39,31.86,254.13,238.56,358.27,343.84
3190,108.0552,2,bored,0.8387,bored,1.0,0.8783,True,0.0349,21.61,32.12,254.39,239.53,357.32,343.58
3191,108.0864,2,bored,0.8567,bored,1.0,0.8764,True,0.035,20.13,22.3,254.46,239.29,357.33,343.68
3192,108.1312,2,bored,0.8567,bored,1.0,0.8753,True,0.035,20.32,36.97,254.46,239.29,357.33,343.68
3193,108.1583,2,bored,0.87,bored,1.0,0.8743,True,0.0354,22.72,34.11,254.31,239.02,357.89,343.88
3194,108.1876,2,bored,0.8623,bored,1.0,0.873,True,0.0352,20.63,23.5,254.12,239.62,358.06,343.69
3195,108.2301,2,bored,0.8623,bored,1.0,0.8718,True,0.0352,20.84,35.84,254.12,239.62,358.06,343.69
3196,108.258,2,bored,0.8558,bored,1.0,0.8706,True,0.0352,21.83,34.86,253.75,239.16,357.13,343.89
3197,108.2877,2,bored,0.8656,bored,1.0,0.8695,True,0.0356,20.12,27.47,253.05,238.57,357.51,343.19
3198,108.3231,2,bored,0.8656,bored,1.0,0.8685,True,0.0356,21.19,37.17,253.05,238.57,357.51,343.19
3199,108.3515,2,bored,0.8439,bored,1.0,0.8673,True,0.0349,21.02,25.66,254.16,239.3,356.91,343.74
3200,108.389,2,bored,0.8679,bored,1.0,0.867,True,0.0354,20.18,21.34,253.95,238.57,357.38,343.83
3201,108.4359,2,bored,0.8679,bored,1.0,0.8668,True,0.0354,19.73,37.72,253.95,238.57,357.38,343.83
3202,108.4624,2,bored,0.8685,bored,1.0,0.8665,True,0.0354,20.07,34.63,254.23,238.91,357.88,343.93
3203,108.4912,2,bored,0.8313,bored,1.0,0.8649,True,0.0357,19.92,25.45,254.21,238.36,358.09,343.86
3204,108.5305,2,bored,0.8313,bored,1.0,0.8632,True,0.0357,20.22,36.38,254.21,238.36,358.09,343.86
3205,108.558,2,bored,0.8103,bored,1.0,0.8606,True,0.0356,22.47,33.88,254.55,238.97,358.93,343.74
3206,108.5875,2,bored,0.8241,bored,1.0,0.8584,True,0.0358,19.69,25.07,254.28,238.95,359.01,343.9
3207,108.6274,2,bored,0.8241,bored,1.0,0.8569,True,0.0358,22.29,32.96,254.28,238.95,359.01,343.9
3208,108.6578,2,bored,0.8517,bored,1.0,0.8573,True,0.0357,23.38,32.39,254.89,238.85,359.36,343.89
3209,108.6886,2,bored,0.8693,bored,1.0,0.8577,True,0.0361,20.8,26.48,254.94,238.22,359.97,343.8
3210,108.7264,2,bored,0.8693,bored,1.0,0.8581,True,0.0361,22.24,34.98,254.94,238.22,359.97,343.8
3211,108.7565,2,bored,0.82,bored,1.0,0.8562,True,0.0363,20.09,34.14,254.66,238.01,360.15,343.78
3212,108.7843,2,bored,0.8512,bored,1.0,0.8555,True,0.0359,20.1,19.37,255.17,238.59,360.11,343.59
3213,108.8359,2,bored,0.8512,bored,1.0,0.8547,True,0.0359,18.89,35.3,255.17,238.59,360.11,343.59
3214,108.8642,2,bored,0.8537,bored,1.0,0.8545,True,0.036,19.63,36.19,255.07,238.54,360.58,343.48
3215,108.8918,2,bored,0.8864,bored,1.0,0.8547,True,0.0363,18.65,25.41,254.01,238.21,360.14,343.15
3216,108.9312,2,bored,0.8864,bored,1.0,0.8549,True,0.0363,19.22,37.41,254.01,238.21,360.14,343.15
3217,108.9579,2,bored,0.8626,bored,1.0,0.8548,True,0.0364,22.09,34.05,254.35,238.05,360.57,343.43
3218,108.9873,2,bored,0.8227,bored,1.0,0.8534,True,0.0356,18.26,25.19,254.73,238.89,359.25,343.53
3219,109.027,2,bored,0.8227,bored,1.0,0.8517,True,0.0356,19.32,35.48,254.73,238.89,359.25,343.53
3220,109.0562,2,bored,0.8708,bored,1.0,0.8527,True,0.0355,20.67,32.58,254.34,239.09,358.85,343.57
3221,109.0859,2,bored,0.8751,bored,1.0,0.8534,True,0.0351,20.27,24.83,254.19,238.51,357.65,342.63
3222,109.1262,2,bored,0.8751,bored,1.0,0.854,True,0.0351,20.27,35.54,254.19,238.51,357.65,342.63
3223,109.1543,2,bored,0.9034,bored,1.0,0.8551,True,0.0357,21.05,33.33,252.73,238.03,357.33,342.73
3224,109.1843,2,bored,0.8747,bored,1.0,0.8555,True,0.0353,19.43,27.82,251.75,238.78,356.13,342.53
3225,109.2203,2,bored,0.8747,bored,1.0,0.8559,True,0.0353,20.05,36.86,251.75,238.78,356.13,342.53
3226,109.2474,2,bored,0.8579,bored,1.0,0.856,True,0.0355,19.57,26.73,250.85,238.57,355.6,342.65
3227,109.2848,2,bored,0.9155,bored,1.0,0.8577,True,0.035,19.86,20.7,250.3,239.11,354.26,342.49
3228,109.3331,2,bored,0.9155,bored,1.0,0.8593,True,0.035,19.6,36.2,250.3,239.11,354.26,342.49
3229,109.3607,2,bored,0.9098,bored,1.0,0.8615,True,0.035,19.89,35.0,249.87,238.79,353.13,342.93
3230,109.3893,2,bored,0.9058,bored,1.0,0.8628,True,0.0352,19.57,25.73,249.02,238.64,352.95,342.76
3231,109.4281,2,bored,0.9058,bored,1.0,0.864,True,0.0352,20.56,33.29,249.02,238.64,352.95,342.76
3232,109.4582,2,bored,0.8162,bored,1.0,0.8623,True,0.0351,19.07,35.84,248.41,239.51,352.26,343.34
3233,109.4861,2,bored,0.8158,bored,1.0,0.8618,True,0.0339,18.21,27.48,245.78,240.22,347.71,342.48
3234,109.5239,2,bored,0.8158,bored,1.0,0.8613,True,0.0339,20.29,34.78,245.78,240.22,347.71,342.48
3235,109.5512,2,bored,0.8915,bored,1.0,0.864,True,0.0336,19.37,35.1,244.5,241.62,347.32,342.14
3236,109.5797,2,bored,0.8739,bored,1.0,0.8656,True,0.0333,19.12,24.82,244.15,242.16,346.71,342.0
3237,109.621,2,bored,0.8739,bored,1.0,0.8673,True,0.0333,19.18,35.7,244.15,242.16,346.71,342.0
3238,109.648,2,bored,0.9005,bored,1.0,0.8689,True,0.0344,19.11,38.09,243.59,240.12,347.34,341.92
3239,109.6743,2,bored,0.8747,bored,1.0,0.8691,True,0.0336,20.34,17.18,244.26,241.31,347.23,341.45
3240,109.7325,2,bored,0.8683,bored,1.0,0.8691,True,0.0345,19.64,20.78,244.66,240.02,348.67,341.93
3241,109.7806,2,bored,0.8683,bored,1.0,0.8707,True,0.0345,19.26,38.46,244.66,240.02,348.67,341.93
3242,109.8066,2,bored,0.8674,bored,1.0,0.8712,True,0.0335,20.66,34.42,245.12,241.28,347.84,341.42
3243,109.8367,2,bored,0.8674,bored,1.0,0.8717,True,0.0335,19.33,37.14,245.12,241.28,347.84,341.42
3244,109.8626,2,bored,0.8487,bored,1.0,0.8716,True,0.0335,18.56,40.85,245.79,240.84,347.91,341.47
3245,109.8871,2,bored,0.8263,bored,1.0,0.8696,True,0.0339,19.3,26.91,247.38,239.5,349.72,341.35
3246,109.9242,2,bored,0.8263,bored,1.0,0.8676,True,0.0339,20.27,37.27,247.38,239.5,349.72,341.35
3247,109.9511,2,bored,0.5908,bored,1.0,0.8585,True,0.0346,20.7,35.43,247.95,237.51,350.61,340.94
3248,109.9793,2,bored,0.7993,bored,1.0,0.8577,True,0.0347,19.0,25.59,248.76,237.79,351.27,341.76
3249,110.0184,2,bored,0.7993,bored,1.0,0.857,True,0.0347,20.49,34.8,248.76,237.79,351.27,341.76
3250,110.0471,2,bored,0.8118,bored,1.0,0.855,True,0.0354,18.87,35.51,248.24,238.98,352.83,342.86
3251,110.0753,2,bored,0.6896,bored,1.0,0.8488,True,0.0345,19.05,25.8,249.48,239.07,352.13,342.38
3252,110.114,2,bored,0.6701,bored,1.0,0.842,True,0.0345,20.37,19.93,250.71,238.98,353.06,342.4
3253,110.1642,2,bored,0.6701,bored,1.0,0.8342,True,0.0345,19.78,36.21,250.71,238.98,353.06,342.4
3254,110.1918,2,bored,0.634,bored,1.0,0.8262,True,0.0343,20.76,26.32,251.28,240.17,353.68,343.06
3255,110.2298,3,frustrated,0.8045,bored,0.9667,0.8245,True,0.0345,19.03,21.12,252.77,240.42,355.51,343.5
3256,110.2772,3,frustrated,0.8045,bored,0.9333,0.8233,True,0.0345,19.78,37.33,252.77,240.42,355.51,343.5
3257,110.304,3,frustrated,0.7703,bored,0.9,0.8199,True,0.0362,19.58,34.16,254.14,239.03,360.47,343.54
3258,110.3332,3,frustrated,0.7703,bored,0.8667,0.8162,True,0.0362,19.45,36.67,254.14,239.03,360.47,343.54
3259,110.3605,3,frustrated,0.6779,bored,0.8333,0.8125,True,0.0364,19.8,37.71,255.02,239.01,361.54,344.11
3260,110.387,2,bored,0.5682,bored,0.8333,0.799,True,0.0357,18.98,31.06,256.93,241.76,363.18,345.01
3261,110.4192,2,bored,0.5682,bored,0.8333,0.7854,True,0.0357,19.57,34.01,256.93,241.76,363.18,345.01
3262,110.4486,2,bored,0.614,bored,0.8333,0.7774,True,0.0364,19.99,37.01,257.73,240.81,364.67,345.51
3263,110.4756,2,bored,0.8865,bored,0.8333,0.7802,True,0.0366,19.8,25.25,257.77,241.88,365.48,346.15
3264,110.5152,2,bored,0.8723,bored,0.8333,0.7825,True,0.0362,19.34,20.44,258.48,242.49,365.53,346.43
3265,110.5642,2,bored,0.8723,bored,0.8333,0.7817,True,0.0362,19.21,34.35,258.48,242.49,365.53,346.43
3266,110.5933,2,bored,0.8644,bored,0.8333,0.7813,True,0.0366,19.81,36.03,259.27,241.88,366.53,346.57
3267,110.621,2,bored,0.86,bored,0.8333,0.7808,True,0.0366,18.01,18.8,259.98,241.45,366.97,346.62
3268,110.6742,2,bored,0.86,bored,0.8333,0.7791,True,0.0366,21.55,33.72,259.98,241.45,366.97,346.62
3269,110.7039,2,bored,0.8537,bored,0.8333,0.7783,True,0.0371,21.23,34.78,260.11,241.8,368.6,346.85
3270,110.7326,2,bored,0.8537,bored,0.8333,0.7777,True,0.0371,20.67,33.72,260.11,241.8,368.6,346.85
3271,110.7623,2,bored,0.8944,bored,0.8333,0.7788,True,0.0382,19.55,37.92,259.73,240.41,369.35,347.46
3272,110.7887,2,bored,0.8358,bored,0.8333,0.7775,True,0.0381,19.99,30.9,259.79,240.85,369.57,347.34
3273,110.821,2,bored,0.8358,bored,0.8333,0.7762,True,0.0381,19.29,35.55,259.79,240.85,369.57,347.34
3274,110.8492,2,bored,0.8574,bored,0.8333,0.7766,True,0.0384,19.1,36.72,259.77,240.14,369.56,347.47
3275,110.8764,2,bored,0.8827,bored,0.8333,0.7788,True,0.0386,18.59,25.47,259.46,240.24,369.96,347.67
3276,110.9156,2,bored,0.8924,bored,0.8333,0.7815,True,0.0396,19.26,20.12,259.43,237.85,370.86,347.09
3277,110.9654,2,bored,0.8924,bored,0.8333,0.7935,True,0.0396,18.76,36.67,259.43,237.85,370.86,347.09
3278,110.9926,2,bored,0.8236,bored,0.8333,0.7945,True,0.0375,19.27,36.88,259.66,240.54,368.07,346.93
3279,111.0197,2,bored,0.6753,bored,0.8333,0.7895,True,0.037,19.16,25.02,259.84,239.87,366.63,346.46
3280,111.0597,2,bored,0.6753,bored,0.8333,0.7841,True,0.037,21.34,33.5,259.84,239.87,366.63,346.46
3281,111.0896,2,bored,0.6577,bored,0.8333,0.7828,True,0.0367,17.97,30.73,259.21,240.69,366.24,345.91
3282,111.1221,2,bored,0.8743,bored,0.8333,0.791,True,0.0368,20.5,19.56,258.39,240.54,365.77,345.75
3283,111.1732,2,bored,0.8743,bored,0.8333,0.7991,True,0.0368,20.55,35.09,258.39,240.54,365.77,345.75
3284,111.2017,2,bored,0.9122,bored,0.8333,0.8103,True,0.0371,20.22,35.64,257.74,240.08,365.74,345.58
3285,111.2298,2,bored,0.9122,bored,0.8667,0.8142,True,0.0371,19.03,38.39,257.74,240.08,365.74,345.58
3286,111.2558,2,bored,0.9138,bored,0.9,0.8179,True,0.0379,20.11,35.24,257.08,238.03,366.01,344.8
3287,111.2842,2,bored,0.906,bored,0.9333,0.821,True,0.0376,23.57,27.33,257.07,237.41,364.97,344.45
3288,111.3208,2,bored,0.9009,bored,0.9667,0.8238,True,0.0375,19.81,22.17,256.97,237.36,364.32,344.74
3289,111.3659,2,bored,0.9009,bored,1.0,0.8264,True,0.0375,19.65,37.6,256.97,237.36,364.32,344.74
3290,111.3925,2,bored,0.8923,bored,1.0,0.8372,True,0.0364,20.53,34.42,257.55,239.42,363.91,344.41
3291,111.4216,2,bored,0.8859,bored,1.0,0.8477,True,0.0361,19.06,26.08,257.61,239.33,363.58,343.89
3292,111.4599,2,bored,0.8859,bored,1.0,0.8568,True,0.0361,19.78,38.09,257.61,239.33,363.58,343.89
3293,111.4862,2,bored,0.8775,bored,1.0,0.8565,True,0.0364,19.61,36.2,257.43,238.79,363.69,343.89
3294,111.5138,2,bored,0.8809,bored,1.0,0.8568,True,0.0362,19.34,17.13,257.6,238.82,363.65,343.69
3295,111.5722,2,bored,0.8809,bored,1.0,0.8571,True,0.0362,19.89,34.44,257.6,238.82,363.65,343.69
3296,111.6012,2,bored,0.8798,bored,1.0,0.8576,True,0.036,18.14,39.58,257.52,238.71,363.12,343.32
3297,111.6265,2,bored,0.8798,bored,1.0,0.8583,True,0.036,23.62,31.06,257.52,238.71,363.12,343.32
3298,111.6587,2,bored,0.8689,bored,1.0,0.8585,True,0.0362,22.2,33.64,257.36,238.55,363.53,343.37
3299,111.6884,2,bored,0.879,bored,1.0,0.8594,True,0.0359,20.07,37.1,257.25,239.16,363.15,343.23
3300,111.7153,2,bored,0.875,bored,1.0,0.8601,True,0.0361,19.57,20.62,257.54,238.14,363.01,343.22
3301,111.7638,2,bored,0.875,bored,1.0,0.8595,True,0.0361,20.15,33.22,257.54,238.14,363.01,343.22
3302,111.7939,2,bored,0.8506,bored,1.0,0.8599,True,0.0363,19.24,36.57,257.36,237.97,363.19,343.33
3303,111.8213,2,bored,0.8501,bored,1.0,0.8604,True,0.0361,19.13,25.52,257.4,238.3,363.07,343.3
3304,111.8605,2,bored,0.8501,bored,1.0,0.8602,True,0.0361,18.66,38.6,257.4,238.3,363.07,343.3
3305,111.8864,2,bored,0.8665,bored,1.0,0.8596,True,0.0362,19.9,35.46,257.18,238.03,362.77,343.29
3306,111.9146,2,bored,0.8707,bored,1.0,0.8589,True,0.0361,17.66,24.64,257.12,238.29,362.73,343.2
3307,111.9552,2,bored,0.8707,bored,1.0,0.8582,True,0.0361,19.27,37.56,257.12,238.29,362.73,343.2
3308,111.9818,2,bored,0.8726,bored,1.0,0.8598,True,0.0362,20.06,26.58,256.97,238.08,362.69,343.19
3309,112.0194,2,bored,0.8857,bored,1.0,0.8668,True,0.0365,20.14,20.3,256.49,237.91,362.78,343.36
3310,112.0687,2,bored,0.8857,bored,1.0,0.8739,True,0.0365,19.62,37.63,256.49,237.91,362.78,343.36
3311,112.0953,2,bored,0.8817,bored,1.0,0.8813,True,0.0365,21.0,37.53,256.84,236.8,362.41,343.15
3312,112.1219,2,bored,0.8739,bored,1.0,0.8813,True,0.0365,20.04,23.26,256.23,237.94,362.52,343.3
3313,112.1649,2,bored,0.8739,bored,1.0,0.8813,True,0.0365,20.95,35.65,256.23,237.94,362.52,343.3
3314,112.1929,2,bored,0.8787,bored,1.0,0.8802,True,0.0366,20.25,35.9,255.76,238.27,362.44,343.73
3315,112.2219,2,bored,0.8725,bored,1.0,0.8789,True,0.036,20.31,25.17,255.96,238.36,361.72,343.01
3316,112.2605,2,bored,0.8725,bored,1.0,0.8775,True,0.036,20.35,35.25,255.96,238.36,361.72,343.01
3317,112.2889,2,bored,0.8729,bored,1.0,0.8764,True,0.0359,19.86,35.59,255.69,238.56,361.51,342.8
3318,112.317,2,bored,0.8835,bored,1.0,0.8758,True,0.0356,20.03,25.53,254.65,238.66,359.88,342.54
3319,112.3562,2,bored,0.8835,bored,1.0,0.8752,True,0.0356,21.16,34.38,254.65,238.66,359.88,342.54
3320,112.3852,2,bored,0.8735,bored,1.0,0.8746,True,0.0358,18.65,36.51,255.25,238.39,360.52,342.95
3321,112.4126,2,bored,0.8776,bored,1.0,0.8743,True,0.0355,19.35,18.21,254.97,238.71,359.85,342.57
3322,112.4675,2,bored,0.886,bored,1.0,0.8743,True,0.0355,20.68,20.56,254.96,238.39,359.86,342.39
3323,112.5162,2,bored,0.886,bored,1.0,0.8746,True,0.0355,19.36,34.91,254.96,238.39,359.86,342.39
3324,112.5448,2,bored,0.8598,bored,1.0,0.8739,True,0.0357,18.85,37.76,255.72,238.61,360.98,342.78
3325,112.5713,2,bored,0.8598,bored,1.0,0.8732,True,0.0357,20.25,34.28,255.72,238.61,360.98,342.78
3326,112.6005,2,bored,0.8765,bored,1.0,0.8731,True,0.0356,20.65,35.92,257.3,238.54,361.74,343.36
3327,112.6283,2,bored,0.8367,bored,1.0,0.8717,True,0.0352,19.8,30.7,257.82,238.95,361.66,343.18
3328,112.6609,2,bored,0.8367,bored,1.0,0.8706,True,0.0352,19.84,35.79,257.82,238.95,361.66,343.18
3329,112.6898,2,bored,0.8388,bored,1.0,0.8692,True,0.0357,22.29,33.04,257.88,239.34,363.31,343.22
3330,112.7191,2,bored,0.8599,bored,1.0,0.8687,True,0.0357,19.11,27.05,258.37,239.61,363.85,343.59
3331,112.7561,2,bored,0.8599,bored,1.0,0.8682,True,0.0357,20.99,33.25,258.37,239.61,363.85,343.59
3332,112.7861,2,bored,0.8299,bored,1.0,0.8675,True,0.0357,18.5,37.89,258.96,240.17,365.16,343.37
3333,112.8125,2,bored,0.8571,bored,1.0,0.8678,True,0.0365,19.75,23.46,258.93,238.79,365.89,343.62
3334,112.8551,2,bored,0.8554,bored,1.0,0.868,True,0.0363,21.06,16.16,259.21,239.02,365.85,343.47
3335,112.917,2,bored,0.8554,bored,1.0,0.8676,True,0.0363,18.4,39.12,259.21,239.02,365.85,343.47
3336,112.9426,2,bored,0.8861,bored,1.0,0.8681,True,0.036,19.04,36.28,259.53,239.24,365.88,343.3
3337,112.9702,2,bored,0.8861,bored,1.0,0.8686,True,0.036,20.98,34.47,259.53,239.24,365.88,343.3
3338,112.9992,2,bored,0.8633,bored,1.0,0.8683,True,0.0364,20.42,35.2,259.35,238.95,366.35,343.44
3339,113.0276,2,bored,0.838,bored,1.0,0.8667,True,0.0366,19.12,30.31,259.47,238.48,366.58,343.54
3340,113.0606,2,bored,0.838,bored,1.0,0.8651,True,0.0366,20.98,36.21,259.47,238.48,366.58,343.54
3341,113.0882,2,bored,0.8482,bored,1.0,0.864,True,0.0367,21.17,35.33,259.51,238.32,366.53,343.53
3342,113.1165,2,bored,0.8585,bored,1.0,0.8635,True,0.0359,18.98,25.0,259.91,239.16,365.74,343.46
3343,113.1565,2,bored,0.8585,bored,1.0,0.863,True,0.0359,22.54,32.3,259.91,239.16,365.74,343.46
3344,113.1875,2,bored,0.8668,bored,1.0,0.8626,True,0.0364,22.33,32.42,259.64,238.7,366.13,343.75
3345,113.2183,2,bored,0.8457,bored,1.0,0.8617,True,0.0361,20.15,28.17,259.63,239.22,366.13,343.37
3346,113.2538,2,bored,0.8347,bored,1.0,0.8604,True,0.0362,18.56,21.92,259.42,238.83,365.57,343.72
3347,113.2994,2,bored,0.8347,bored,1.0,0.8591,True,0.0362,19.96,36.28,259.42,238.83,365.57,343.72
3348,113.327,2,bored,0.8577,bored,1.0,0.8583,True,0.0361,18.67,37.26,259.7,238.73,365.77,343.33
3349,113.355,2,bored,0.8776,bored,1.0,0.8581,True,0.0371,18.21,17.4,259.06,236.51,365.36,343.73
3350,113.4113,2,bored,0.8776,bored,1.0,0.8582,True,0.0371,19.55,36.93,259.06,236.51,365.36,343.73
3351,113.4384,2,bored,0.9023,bored,1.0,0.8591,True,0.037,19.42,36.39,258.86,237.45,366.1,343.49
3352,113.4659,2,bored,0.9023,bored,1.0,0.8596,True,0.037,21.22,33.06,258.86,237.45,366.1,343.49
3353,113.4961,2,bored,0.9056,bored,1.0,0.8602,True,0.037,19.03,37.68,259.07,237.76,366.39,343.71
3354,113.5227,2,bored,0.9039,bored,1.0,0.8617,True,0.0372,19.59,29.92,258.62,238.19,366.56,344.04
3355,113.5561,2,bored,0.9039,bored,1.0,0.8632,True,0.0372,21.65,34.3,258.62,238.19,366.56,344.04
3356,113.5852,2,bored,0.9136,bored,1.0,0.8644,True,0.0372,19.55,36.3,258.71,237.81,366.4,343.86
3357,113.6128,2,bored,0.9133,bored,1.0,0.867,True,0.0376,22.17,23.51,258.51,237.48,367.0,344.02
3358,113.6553,2,bored,0.915,bored,1.0,0.8696,True,0.0378,28.82,18.28,258.06,237.18,366.7,344.15
3359,113.71,2,bored,0.915,bored,1.0,0.8721,True,0.0378,28.78,28.06,258.06,237.18,366.7,344.15
3360,113.7456,2,bored,0.9191,bored,1.0,0.8741,True,0.0373,27.51,28.22,257.94,237.88,366.04,343.9
3361,113.7811,2,bored,0.9193,bored,1.0,0.8761,True,0.0374,24.73,30.3,257.69,237.44,365.61,344.0
3362,113.8141,2,bored,0.9193,bored,1.0,0.8791,True,0.0374,19.64,37.25,257.69,237.44,365.61,344.0
3363,113.8409,2,bored,0.9168,bored,1.0,0.881,True,0.0376,21.1,35.85,257.61,237.71,366.09,344.05
3364,113.8688,2,bored,0.9176,bored,1.0,0.8831,True,0.0378,18.27,26.89,257.43,237.09,366.04,344.02
3365,113.906,2,bored,0.9176,bored,1.0,0.8852,True,0.0378,20.85,35.41,257.43,237.09,366.04,344.02
3366,113.9342,2,bored,0.9121,bored,1.0,0.8861,True,0.0378,19.27,35.66,257.62,237.21,366.07,344.16
3367,113.9623,2,bored,0.9121,bored,1.0,0.8869,True,0.0378,20.48,34.51,257.62,237.21,366.07,344.16
3368,113.9913,2,bored,0.9168,bored,1.0,0.8887,True,0.038,20.3,35.23,257.74,235.89,365.49,344.13
3369,114.0196,2,bored,0.8953,bored,1.0,0.8906,True,0.0377,20.77,29.22,257.8,236.36,365.53,343.95
3370,114.0539,2,bored,0.9061,bored,1.0,0.8929,True,0.0376,18.25,22.58,257.98,236.74,365.7,344.01
3371,114.0991,2,bored,0.9061,bored,1.0,0.8948,True,0.0376,19.69,36.97,257.98,236.74,365.7,344.01
3372,114.1252,2,bored,0.9017,bored,1.0,0.8963,True,0.0376,18.75,38.41,257.85,236.2,365.47,343.6
3373,114.1522,2,bored,0.8991,bored,1.0,0.8976,True,0.037,19.91,21.79,258.06,238.16,365.61,343.77
3374,114.1971,2,bored,0.8991,bored,1.0,0.8987,True,0.037,20.91,34.56,258.06,238.16,365.61,343.77
3375,114.2261,2,bored,0.9023,bored,1.0,0.9006,True,0.0381,22.52,32.77,257.3,236.7,366.43,343.9
3376,114.2566,2,bored,0.8817,bored,1.0,0.9021,True,0.0365,18.16,19.41,257.93,239.14,365.11,343.7
3377,114.3081,2,bored,0.8817,bored,1.0,0.9037,True,0.0365,18.71,38.45,257.93,239.14,365.11,343.7
3378,114.3341,2,bored,0.8805,bored,1.0,0.9045,True,0.0363,21.46,33.93,257.61,239.61,364.74,343.85
3379,114.3636,2,bored,0.8805,bored,1.0,0.9046,True,0.0363,19.55,36.92,257.61,239.61,364.74,343.85
3380,114.3907,2,bored,0.7926,bored,1.0,0.9017,True,0.0359,20.13,36.42,258.02,239.8,363.82,344.15
3381,114.4181,2,bored,0.7153,bored,1.0,0.8955,True,0.0359,20.06,28.0,256.96,239.12,362.31,343.77
3382,114.4538,2,bored,0.7236,bored,1.0,0.8895,True,0.0362,19.47,21.69,256.35,238.94,362.0,344.17
3383,114.5,2,bored,0.7236,bored,1.0,0.8835,True,0.0362,18.71,36.74,256.35,238.94,362.0,344.17
3384,114.5272,2,bored,0.7097,bored,1.0,0.877,True,0.0368,21.11,34.94,255.69,238.17,362.0,344.46
3385,114.5571,2,bored,0.8579,bored,1.0,0.8755,True,0.0369,19.62,24.36,255.67,237.95,361.96,344.64
3386,114.5968,2,bored,0.8579,bored,1.0,0.8736,True,0.0369,21.13,34.1,255.67,237.95,361.96,344.64
3387,114.6262,2,bored,0.8593,bored,1.0,0.8718,True,0.0369,20.23,35.73,255.29,238.03,361.53,344.67
3388,114.6541,2,bored,0.8765,bored,1.0,0.8705,True,0.0364,19.66,26.4,255.26,239.06,361.18,344.59
3389,114.692,2,bored,0.8765,bored,1.0,0.8693,True,0.0364,21.08,34.97,255.26,239.06,361.18,344.59
3390,114.7206,2,bored,0.8501,bored,1.0,0.867,True,0.0366,19.69,27.71,255.01,239.02,361.46,344.76
3391,114.7567,2,bored,0.7789,bored,1.0,0.8623,True,0.0353,18.52,21.12,254.83,241.15,359.78,344.35
3392,114.8041,2,bored,0.7789,bored,1.0,0.8576,True,0.0353,19.65,35.08,254.83,241.15,359.78,344.35
3393,114.8326,3,frustrated,0.8824,bored,0.9667,0.8556,True,0.0342,18.88,34.21,255.53,240.62,357.98,343.15
3394,114.8618,3,frustrated,0.8888,bored,0.9333,0.8533,True,0.0345,19.97,25.5,256.62,236.49,358.66,340.29
3395,114.901,3,frustrated,0.8888,bored,0.9,0.851,True,0.0345,19.46,37.15,256.62,236.49,358.66,340.29
3396,114.9279,3,frustrated,0.7351,bored,0.8667,0.8486,True,0.0343,20.96,35.68,256.66,234.06,358.8,337.35
3397,114.956,3,frustrated,0.8719,bored,0.8333,0.8461,True,0.0328,19.17,24.91,256.74,233.35,355.19,335.66
3398,114.9961,3,frustrated,0.8719,bored,0.8,0.8431,True,0.0328,20.8,34.72,256.74,233.35,355.19,335.66
3399,115.0249,3,frustrated,0.6298,bored,0.7667,0.8409,True,0.0313,21.18,34.27,257.58,232.31,353.56,332.54
3400,115.0541,3,frustrated,0.5382,bored,0.7333,0.8379,True,0.0316,20.5,25.94,257.14,232.19,355.82,330.49
3401,115.0926,3,frustrated,0.5382,bored,0.7,0.8346,True,0.0316,19.31,35.29,257.14,232.19,355.82,330.49
3402,115.121,2,bored,0.8256,bored,0.7,0.831,True,0.0309,18.92,36.96,257.45,232.32,355.6,329.17
3403,115.148,2,bored,0.7233,bored,0.7,0.8227,True,0.0305,18.22,18.42,257.08,232.36,354.9,328.2
3404,115.2023,2,bored,0.7233,bored,0.7,0.8143,True,0.0305,21.48,33.42,257.08,232.36,354.9,328.2
3405,115.2322,2,bored,0.6503,bored,0.7,0.8023,True,0.0299,19.27,35.99,257.43,232.23,353.67,327.58
3406,115.26,2,bored,0.8142,bored,0.7,0.7991,True,0.0299,21.92,23.7,256.73,231.51,353.77,326.23
3407,115.3022,2,bored,0.8142,bored,0.7,0.7959,True,0.0299,20.42,35.62,256.73,231.51,353.77,326.23
3408,115.3303,2,bored,0.7394,bored,0.7,0.7891,True,0.0293,20.67,35.46,256.54,231.75,353.03,325.08
3409,115.3585,2,bored,0.7485,bored,0.7,0.7829,True,0.0286,18.68,27.41,257.24,231.5,350.89,325.46
3410,115.395,2,bored,0.7485,bored,0.7,0.7808,True,0.0286,19.89,35.52,257.24,231.5,350.89,325.46
3411,115.4231,2,bored,0.8477,bored,0.7,0.7871,True,0.0293,20.44,35.18,255.39,231.11,350.72,325.38
3412,115.4516,2,bored,0.798,bored,0.7,0.7906,True,0.0295,20.63,24.85,254.53,231.01,351.54,324.4
3413,115.4918,2,bored,0.798,bored,0.7,0.7941,True,0.0295,20.62,36.92,254.53,231.01,351.54,324.4
3414,115.5189,2,bored,0.8761,bored,0.7,0.8021,True,0.029,20.08,35.37,253.05,231.03,348.65,324.32
3415,115.5472,2,bored,0.9054,bored,0.7,0.8043,True,0.029,19.39,25.35,253.0,231.46,348.05,325.21
3416,115.5866,2,bored,0.9054,bored,0.7,0.8066,True,0.029,20.04,36.28,253.0,231.46,348.05,325.21
3417,115.6142,2,bored,0.8945,bored,0.7,0.8083,True,0.029,19.15,26.81,252.75,231.75,347.58,325.61
3418,115.6515,2,bored,0.9211,bored,0.7,0.8104,True,0.029,20.62,19.86,252.02,231.8,347.09,325.62
3419,115.7018,2,bored,0.9211,bored,0.7,0.8125,True,0.029,20.27,35.93,252.02,231.8,347.09,325.62
3420,115.7297,2,bored,0.8536,bored,0.7,0.8127,True,0.0302,20.17,35.83,250.6,231.73,347.5,327.41
3421,115.7576,2,bored,0.8314,bored,0.7,0.8152,True,0.031,19.1,26.02,250.64,231.82,348.19,329.55
3422,115.796,2,bored,0.8314,bored,0.7,0.8177,True,0.031,20.6,35.58,250.64,231.82,348.19,329.55
3423,115.8241,3,frustrated,0.4829,bored,0.7,0.8177,True,0.0314,21.72,32.22,251.43,232.8,350.11,330.45
3424,115.8552,3,frustrated,0.5754,bored,0.7,0.8177,True,0.0322,20.47,25.75,251.2,232.95,350.79,332.19
3425,115.894,3,frustrated,0.5754,bored,0.7,0.8177,True,0.0322,20.93,32.42,251.2,232.95,350.79,332.19
3426,115.9248,3,frustrated,0.7295,bored,0.7,0.8177,True,0.0324,26.77,29.5,252.2,232.96,351.89,332.76
3427,115.9587,3,frustrated,0.7984,bored,0.7,0.8177,True,0.0325,20.43,32.03,252.96,233.07,352.01,333.79
3428,115.99,3,frustrated,0.7984,bored,0.7,0.8177,True,0.0325,21.24,34.76,252.96,233.07,352.01,333.79
3429,116.0187,3,frustrated,0.5251,bored,0.7,0.8177,True,0.032,18.87,36.97,254.29,234.88,352.73,334.83
3430,116.0458,3,frustrated,0.5177,bored,0.7,0.8177,True,0.0326,20.73,18.51,254.69,234.23,353.35,335.68
3431,116.0998,2,bored,0.845,bored,0.7333,0.8189,True,0.0323,20.64,19.88,255.65,234.85,354.12,335.71
3432,116.1501,2,bored,0.845,bored,0.7333,0.8198,True,0.0323,19.08,38.89,255.65,234.85,354.12,335.71
3433,116.1758,2,bored,0.8347,bored,0.7333,0.8249,True,0.0325,18.97,38.21,256.51,234.52,355.14,335.66
3434,116.202,2,bored,0.8347,bored,0.7333,0.8299,True,0.0325,19.93,36.4,256.51,234.52,355.14,335.66
3435,116.2295,2,bored,0.6896,bored,0.7333,0.8317,True,0.0323,17.68,38.9,256.11,235.31,355.02,335.68
3436,116.2552,2,bored,0.8219,bored,0.7333,0.8321,True,0.0334,19.19,26.97,255.67,234.83,356.84,336.22
3437,116.2922,2,bored,0.8219,bored,0.7333,0.8324,True,0.0334,18.56,37.63,255.67,234.83,356.84,336.22
3438,116.3188,2,bored,0.7804,bored,0.7333,0.8343,True,0.0338,19.67,36.16,255.99,235.42,358.75,336.53
3439,116.3465,2,bored,0.8436,bored,0.7333,0.8386,True,0.0342,19.85,23.26,256.81,235.68,360.65,336.88
3440,116.3895,2,bored,0.8436,bored,0.7333,0.8429,True,0.0342,20.54,34.92,256.81,235.68,360.65,336.88
3441,116.4181,2,bored,0.8806,bored,0.7333,0.8444,True,0.0346,19.26,36.77,256.99,235.34,361.13,337.42
3442,116.4453,2,bored,0.8627,bored,0.7333,0.8474,True,0.0347,18.55,26.0,256.74,235.22,360.82,337.62
3443,116.4838,2,bored,0.9287,bored,0.7333,0.8533,True,0.0347,18.27,21.51,257.06,235.85,361.64,337.69
3444,116.5302,2,bored,0.9287,bored,0.7333,0.8557,True,0.0347,19.67,36.78,257.06,235.85,361.64,337.69
3445,116.5574,2,bored,0.9243,bored,0.7333,0.8565,True,0.035,18.21,26.73,256.7,235.89,361.75,338.09
3446,116.5948,2,bored,0.9341,bored,0.7333,0.8578,True,0.035,18.58,20.97,256.87,235.73,361.66,338.32
3447,116.6425,2,bored,0.9341,bored,0.7333,0.8596,True,0.035,19.85,36.17,256.87,235.73,361.66,338.32
3448,116.6702,2,bored,0.9214,bored,0.7333,0.8597,True,0.035,19.47,38.77,257.33,235.91,362.07,338.46
3449,116.696,2,bored,0.9214,bored,0.7333,0.8597,True,0.035,18.23,38.09,257.33,235.91,362.07,338.46
3450,116.7222,2,bored,0.9248,bored,0.7333,0.8629,True,0.035,19.09,36.89,257.42,235.8,361.85,338.82
3451,116.7493,2,bored,0.9176,bored,0.7333,0.8668,True,0.0349,19.71,26.35,257.72,235.79,361.96,338.6
3452,116.7873,2,bored,0.9176,bored,0.7333,0.8708,True,0.0349,19.95,35.6,257.72,235.79,361.96,338.6
3453,116.8154,2,bored,0.9327,bored,0.7667,0.8734,True,0.035,18.83,35.29,258.06,236.13,362.62,339.03
3454,116.8437,2,bored,0.9249,bored,0.8,0.8756,True,0.0354,19.09,24.09,258.16,235.98,363.25,339.35
3455,116.8852,2,bored,0.9032,bored,0.8333,0.8767,True,0.0356,19.25,21.42,258.13,236.2,363.49,339.95
3456,116.9319,2,bored,0.9032,bored,0.8667,0.8777,True,0.0356,20.97,35.3,258.13,236.2,363.49,339.95
3457,116.9613,2,bored,0.9049,bored,0.9,0.8787,True,0.0356,19.38,34.61,258.09,236.36,363.59,340.12
3458,116.9901,2,bored,0.9013,bored,0.9333,0.8795,True,0.0358,19.83,17.96,258.07,236.4,363.95,340.37
3459,117.0448,2,bored,0.9013,bored,0.9667,0.8803,True,0.0358,19.76,36.46,258.07,236.4,363.95,340.37
3460,117.0722,2,bored,0.9283,bored,1.0,0.8819,True,0.0358,20.42,36.08,258.4,236.25,363.81,340.56
3461,117.1,2,bored,0.9283,bored,1.0,0.8847,True,0.0358,21.1,35.41,258.4,236.25,363.81,340.56
3462,117.1282,2,bored,0.9139,bored,1.0,0.8869,True,0.0358,20.48,35.73,258.55,236.25,364.14,340.38
3463,117.1562,2,bored,0.9181,bored,1.0,0.8897,True,0.0359,20.52,30.37,258.62,236.21,364.02,340.77
3464,117.1891,2,bored,0.9181,bored,1.0,0.8925,True,0.0359,19.16,36.13,258.62,236.21,364.02,340.77
3465,117.2168,2,bored,0.9231,bored,1.0,0.9003,True,0.0359,18.77,37.09,258.55,236.31,363.86,341.01
3466,117.2438,2,bored,0.9274,bored,1.0,0.9038,True,0.036,19.34,24.73,258.85,236.07,364.24,341.09
3467,117.2842,2,bored,0.9312,bored,1.0,0.9075,True,0.0361,20.4,20.77,258.87,235.99,364.37,341.05
3468,117.3323,2,bored,0.9312,bored,1.0,0.9125,True,0.0361,20.22,36.47,258.87,235.99,364.37,341.05
3469,117.3598,2,bored,0.918,bored,1.0,0.915,True,0.0359,19.01,37.7,259.28,236.18,364.4,341.17
3470,117.3863,2,bored,0.8971,bored,1.0,0.9167,True,0.0362,19.93,23.7,259.16,235.8,364.77,341.07
3471,117.4285,2,bored,0.8971,bored,1.0,0.9173,True,0.0362,19.56,34.12,259.16,235.8,364.77,341.07
3472,117.4578,2,bored,0.9029,bored,1.0,0.9186,True,0.0365,20.19,27.66,259.34,235.43,365.3,341.35
3473,117.4939,2,bored,0.8583,bored,1.0,0.9163,True,0.0365,19.47,21.9,259.74,235.37,365.52,341.42
3474,117.5396,2,bored,0.8583,bored,1.0,0.9139,True,0.0365,20.16,34.62,259.74,235.37,365.52,341.42
3475,117.5685,2,bored,0.8765,bored,1.0,0.9123,True,0.0365,18.61,39.51,259.53,235.85,365.44,341.6
3476,117.5938,2,bored,0.8765,bored,1.0,0.9104,True,0.0365,19.38,34.59,259.53,235.85,365.44,341.6
3477,117.6227,2,bored,0.8799,bored,1.0,0.9086,True,0.0366,19.37,35.23,259.78,235.81,366.19,341.43
3478,117.6511,2,bored,0.8816,bored,1.0,0.9073,True,0.0366,19.04,31.37,260.1,236.4,366.54,341.94
3479,117.683,2,bored,0.8813,bored,1.0,0.906,True,0.0364,19.9,20.09,260.42,237.03,366.81,342.09
3480,117.7327,2,bored,0.8813,bored,1.0,0.9045,True,0.0364,19.35,35.82,260.42,237.03,366.81,342.09
3481,117.7607,2,bored,0.9001,bored,1.0,0.9039,True,0.0367,20.18,36.09,260.56,236.6,367.21,342.23
3482,117.7884,2,bored,0.8753,bored,1.0,0.9025,True,0.0368,19.19,25.3,260.59,235.97,367.3,341.97
3483,117.8279,2,bored,0.8753,bored,1.0,0.9006,True,0.0368,19.03,37.65,260.59,235.97,367.3,341.97
3484,117.8544,2,bored,0.8954,bored,1.0,0.8996,True,0.0367,20.47,35.12,260.77,236.34,367.26,342.14
3485,117.8829,2,bored,0.9049,bored,1.0,0.8997,True,0.0367,21.74,16.72,260.12,235.84,366.84,341.57
3486,117.9427,2,bored,0.9049,bored,1.0,0.8997,True,0.0367,19.21,36.57,260.12,235.84,366.84,341.57
3487,117.9701,2,bored,0.8997,bored,1.0,0.8995,True,0.0365,19.44,37.2,260.8,236.43,367.41,341.56
3488,117.997,2,bored,0.8997,bored,1.0,0.8995,True,0.0365,19.62,35.49,260.8,236.43,367.41,341.56
3489,118.0251,2,bored,0.8387,bored,1.0,0.8974,True,0.0357,19.4,37.88,261.75,236.28,366.53,340.99
3490,118.0515,2,bored,0.8049,bored,1.0,0.8933,True,0.0354,19.53,28.64,262.8,235.73,366.8,340.2
3491,118.0865,2,bored,0.8182,bored,1.0,0.8896,True,0.0354,20.07,21.73,262.87,235.47,367.07,339.87
3492,118.1325,2,bored,0.8182,bored,1.0,0.8864,True,0.0354,19.96,34.65,262.87,235.47,367.07,339.87
3493,118.1613,2,bored,0.8893,bored,1.0,0.8855,True,0.0352,19.74,35.4,262.5,235.67,366.55,339.58
3494,118.1896,2,bored,0.8988,bored,1.0,0.8848,True,0.0352,19.04,24.67,262.15,235.55,366.43,339.36
3495,118.2301,2,bored,0.8988,bored,1.0,0.884,True,0.0352,21.56,35.24,262.15,235.55,366.43,339.36
3496,118.2585,2,bored,0.9176,bored,1.0,0.8837,True,0.0352,19.88,35.94,261.48,235.22,365.95,338.75
3497,118.2873,2,bored,0.9254,bored,1.0,0.8835,True,0.0349,19.98,25.69,262.54,235.31,366.16,338.62
3498,118.3252,2,bored,0.9254,bored,1.0,0.8833,True,0.0349,20.03,35.05,262.54,235.31,366.16,338.62
3499,118.3538,2,bored,0.9215,bored,1.0,0.8834,True,0.0346,20.13,27.96,262.78,235.42,365.76,338.54
3500,118.3895,2,bored,0.9283,bored,1.0,0.8845,True,0.0348,19.04,21.12,262.69,234.98,365.95,338.65
3501,118.4369,2,bored,0.9283,bored,1.0,0.8855,True,0.0348,20.81,34.66,262.69,234.98,365.95,338.65
3502,118.4657,2,bored,0.9338,bored,1.0,0.8865,True,0.035,17.67,36.99,261.72,235.28,365.67,338.76
3503,118.4928,2,bored,0.9285,bored,1.0,0.8889,True,0.0352,20.3,24.98,261.65,235.18,365.95,338.8
3504,118.5328,2,bored,0.9285,bored,1.0,0.8912,True,0.0352,20.19,34.77,261.65,235.18,365.95,338.8
3505,118.5616,2,bored,0.9309,bored,1.0,0.893,True,0.0353,21.25,33.5,261.19,235.21,365.7,338.97
3506,118.5914,2,bored,0.9352,bored,1.0,0.895,True,0.035,18.98,27.21,261.83,234.89,365.22,338.76
3507,118.6282,2,bored,0.9352,bored,1.0,0.8968,True,0.035,20.68,31.78,261.83,234.89,365.22,338.76
3508,118.6596,2,bored,0.9358,bored,1.0,0.8986,True,0.035,24.78,30.9,261.07,235.56,365.08,339.05
3509,118.692,2,bored,0.9393,bored,1.0,0.9006,True,0.0352,19.78,29.57,260.61,235.39,364.98,338.95
3510,118.7272,2,bored,0.9393,bored,1.0,0.9025,True,0.0352,24.35,31.01,260.61,235.39,364.98,338.95
3511,118.7581,2,bored,0.9311,bored,1.0,0.9035,True,0.035,24.78,30.82,260.99,235.33,365.23,338.59
3512,118.7905,2,bored,0.93,bored,1.0,0.9054,True,0.035,21.65,21.46,261.15,234.72,364.68,338.7
3513,118.8371,2,bored,0.93,bored,1.0,0.9072,True,0.035,20.71,34.64,261.15,234.72,364.68,338.7
3514,118.866,2,bored,0.9247,bored,1.0,0.9082,True,0.0355,19.59,36.0,260.43,234.4,364.91,338.66
3515,118.8937,2,bored,0.9217,bored,1.0,0.9087,True,0.0354,20.55,26.02,260.9,234.45,365.18,338.63
3516,118.9322,2,bored,0.9217,bored,1.0,0.9093,True,0.0354,20.55,36.18,260.9,234.45,365.18,338.63
3517,118.9598,2,bored,0.9235,bored,1.0,0.9101,True,0.0359,20.85,34.61,260.05,233.44,364.84,338.75
3518,118.9887,2,bored,0.9265,bored,1.0,0.911,True,0.0356,20.22,24.89,259.85,233.97,364.32,338.6
3519,119.0289,2,bored,0.9265,bored,1.0,0.9139,True,0.0356,22.14,32.72,259.85,233.97,364.32,338.6
3520,119.0594,2,bored,0.932,bored,1.0,0.9181,True,0.036,22.07,33.71,259.44,233.57,364.57,338.79
3521,119.0891,2,bored,0.9227,bored,1.0,0.9216,True,0.0356,19.93,27.86,259.72,233.89,364.47,338.29
3522,119.125,2,bored,0.9227,bored,1.0,0.9251,True,0.0356,21.44,33.31,259.72,233.89,364.47,338.29
3523,119.155,2,bored,0.9161,bored,1.0,0.926,True,0.0356,22.9,32.36,260.06,233.81,364.71,338.21
3524,119.1859,2,bored,0.9103,bored,1.0,0.9264,True,0.0359,20.99,27.51,259.8,233.26,364.79,338.41
3525,119.2223,2,bored,0.9103,bored,1.0,0.9268,True,0.0359,21.19,31.52,259.8,233.26,364.79,338.41
3526,119.254,2,bored,0.9101,bored,1.0,0.9265,True,0.036,21.15,32.05,259.51,233.44,365.01,338.27
3527,119.2852,2,bored,0.9119,bored,1.0,0.9261,True,0.0359,20.2,20.37,259.56,233.73,364.87,338.45
3528,119.3343,2,bored,0.9119,bored,1.0,0.9256,True,0.0359,21.38,33.94,259.56,233.73,364.87,338.45
3529,119.3638,2,bored,0.9045,bored,1.0,0.925,True,0.0364,20.77,34.64,259.5,233.12,365.33,338.66
3530,119.3926,2,bored,0.9066,bored,1.0,0.9243,True,0.0366,21.11,27.4,259.06,233.04,365.32,338.91
3531,119.4292,2,bored,0.9066,bored,1.0,0.9236,True,0.0366,20.4,34.38,259.06,233.04,365.32,338.91
3532,119.4582,2,bored,0.8949,bored,1.0,0.9223,True,0.0368,21.88,33.53,259.04,232.85,365.46,338.99
3533,119.4891,2,bored,0.9074,bored,1.0,0.9216,True,0.0363,21.53,25.68,259.19,233.71,365.02,338.99
3534,119.528,2,bored,0.9074,bored,1.0,0.9209,True,0.0363,22.77,32.31,259.19,233.71,365.02,338.99
3535,119.558,2,bored,0.893,bored,1.0,0.9196,True,0.0364,22.42,33.1,259.12,233.37,365.26,338.85
3536,119.5882,2,bored,0.9001,bored,1.0,0.9185,True,0.0363,25.17,26.92,259.23,233.72,365.09,339.09
3537,119.6253,2,bored,0.9001,bored,1.0,0.9173,True,0.0363,22.21,33.86,259.23,233.72,365.09,339.09
3538,119.6548,2,bored,0.9103,bored,1.0,0.9164,True,0.0363,22.16,31.55,259.26,233.81,365.28,339.11
3539,119.6865,2,bored,0.9121,bored,1.0,0.9155,True,0.0366,22.4,30.56,259.13,233.73,365.5,339.42
3540,119.7193,2,bored,0.8926,bored,1.0,0.914,True,0.0365,18.75,16.61,259.01,233.64,365.41,339.13
3541,119.7795,2,bored,0.8926,bored,1.0,0.9127,True,0.0365,20.29,38.43,259.01,233.64,365.41,339.13
3542,119.8055,2,bored,0.9164,bored,1.0,0.9122,True,0.0366,21.61,33.08,258.91,233.82,365.47,339.38
3543,119.8357,2,bored,0.9164,bored,1.0,0.9118,True,0.0366,22.05,32.95,258.91,233.82,365.47,339.38
3544,119.8661,2,bored,0.9058,bored,1.0,0.9112,True,0.0367,20.23,37.42,258.97,233.62,365.27,339.54
3545,119.8928,2,bored,0.9116,bored,1.0,0.9108,True,0.0365,19.92,30.98,259.05,234.08,365.34,339.45
3546,119.9251,2,bored,0.9116,bored,1.0,0.9105,True,0.0365,23.08,33.68,259.05,234.08,365.34,339.45
3547,119.9548,2,bored,0.9136,bored,1.0,0.9101,True,0.0365,20.91,34.54,259.09,233.77,365.33,339.25
3548,119.9837,2,bored,0.9246,bored,1.0,0.9101,True,0.0362,20.63,26.04,259.28,234.3,365.24,339.34
3549,120.0221,2,bored,0.9246,bored,1.0,0.91,True,0.0362,20.05,35.63,259.28,234.3,365.24,339.34
3550,120.0502,2,bored,0.9251,bored,1.0,0.9098,True,0.0364,19.77,36.64,259.44,233.97,365.05,339.74
3551,120.0775,2,bored,0.9206,bored,1.0,0.9097,True,0.0361,21.54,24.26,259.26,234.34,365.09,339.18
3552,120.1197,2,bored,0.9075,bored,1.0,0.9092,True,0.0364,19.64,21.85,259.37,234.04,365.55,339.46
3553,120.1655,2,bored,0.9075,bored,1.0,0.9089,True,0.0364,21.35,35.74,259.37,234.04,365.55,339.46
3554,120.1925,2,bored,0.9258,bored,1.0,0.9094,True,0.0361,20.03,29.33,259.09,234.7,365.22,339.15
3555,120.2266,2,bored,0.9093,bored,1.0,0.9094,True,0.0361,19.73,20.68,258.93,234.81,365.27,339.16
3556,120.2749,2,bored,0.9093,bored,1.0,0.9094,True,0.0361,19.04,34.59,258.93,234.81,365.27,339.16
3557,120.3038,2,bored,0.9003,bored,1.0,0.909,True,0.0359,19.29,39.69,259.6,234.61,365.25,339.12
3558,120.329,2,bored,0.9003,bored,1.0,0.9086,True,0.0359,20.03,33.96,259.6,234.61,365.25,339.12
3559,120.3584,2,bored,0.9043,bored,1.0,0.9086,True,0.0363,20.54,35.84,259.19,234.61,365.37,339.62
3560,120.3864,2,bored,0.8828,bored,1.0,0.9078,True,0.0361,21.08,27.94,259.51,234.42,365.32,339.24
3561,120.4222,2,bored,0.8828,bored,1.0,0.907,True,0.0361,19.86,37.42,259.51,234.42,365.32,339.24
3562,120.4489,2,bored,0.8772,bored,1.0,0.9064,True,0.0363,20.8,35.29,259.32,234.35,365.21,339.63
3563,120.4772,2,bored,0.8946,bored,1.0,0.906,True,0.0361,19.53,26.95,259.42,234.97,365.22,339.72
3564,120.5143,2,bored,0.8925,bored,1.0,0.9055,True,0.0358,19.11,20.49,259.52,235.44,365.03,339.59
3565,120.5641,2,bored,0.8925,bored,1.0,0.9055,True,0.0358,20.05,36.03,259.52,235.44,365.03,339.59
3566,120.5909,2,bored,0.8705,bored,1.0,0.9045,True,0.0361,20.07,36.24,259.35,234.97,365.34,339.71
3567,120.6185,2,bored,0.8897,bored,1.0,0.9042,True,0.036,19.21,16.85,259.47,235.32,365.18,339.8
3568,120.6778,2,bored,0.8897,bored,1.0,0.9035,True,0.036,21.08,35.15,259.47,235.32,365.18,339.8
3569,120.7063,2,bored,0.9062,bored,1.0,0.9033,True,0.0361,23.35,34.73,259.31,235.45,365.41,340.01
3570,120.7351,2,bored,0.9062,bored,1.0,0.9037,True,0.0361,23.37,30.93,259.31,235.45,365.41,340.01
3571,120.7674,2,bored,0.9088,bored,1.0,0.9043,True,0.0362,21.45,36.03,259.26,235.32,365.38,340.18
3572,120.7952,2,bored,0.9091,bored,1.0,0.904,True,0.0362,22.1,33.04,259.24,235.31,365.28,340.06
3573,120.8254,2,bored,0.9091,bored,1.0,0.9038,True,0.0362,19.97,35.15,259.24,235.31,365.28,340.06
3574,120.8539,2,bored,0.889,bored,1.0,0.9032,True,0.0363,19.59,35.98,259.04,235.2,365.43,340.14
3575,120.8827,2,bored,0.9025,bored,1.0,0.9029,True,0.0365,18.73,31.18,259.3,234.54,365.38,340.32
3576,120.9137,2,bored,0.9062,bored,1.0,0.9027,True,0.0361,20.81,19.27,259.51,235.1,365.29,339.91
3577,120.9656,2,bored,0.9062,bored,1.0,0.9025,True,0.0361,20.07,35.26,259.51,235.1,365.29,339.91
3578,120.994,2,bored,0.9224,bored,1.0,0.9024,True,0.0361,19.56,36.67,259.48,235.22,365.06,340.21
3579,121.0212,2,bored,0.93,bored,1.0,0.9026,True,0.0363,20.06,25.27,259.19,235.24,365.32,340.28
3580,121.0608,2,bored,0.93,bored,1.0,0.9028,True,0.0363,19.96,36.35,259.19,235.24,365.32,340.28
3581,121.0883,2,bored,0.921,bored,1.0,0.9028,True,0.0361,18.54,29.34,259.3,235.24,365.27,339.98
3582,121.1224,2,bored,0.9254,bored,1.0,0.9034,True,0.0363,19.38,20.19,258.92,235.02,365.01,340.15
3583,121.1729,2,bored,0.9254,bored,1.0,0.904,True,0.0363,20.48,31.23,258.92,235.02,365.01,340.15
3584,121.204,2,bored,0.9312,bored,1.0,0.9042,True,0.0363,20.96,35.36,259.19,234.81,365.03,340.12
3585,121.2322,2,bored,0.9312,bored,1.0,0.9049,True,0.0363,19.79,37.16,259.19,234.81,365.03,340.12
3586,121.2592,2,bored,0.9169,bored,1.0,0.9051,True,0.0364,20.33,36.44,258.78,235.13,365.25,340.19
3587,121.2866,2,bored,0.927,bored,1.0,0.906,True,0.0362,22.05,30.61,259.07,235.36,365.11,340.32
3588,121.3193,2,bored,0.9055,bored,1.0,0.9062,True,0.0361,21.39,21.68,259.07,235.39,365.17,339.84
3589,121.3654,2,bored,0.9055,bored,1.0,0.9062,True,0.0361,22.06,33.65,259.07,235.39,365.17,339.84
3590,121.3951,2,bored,0.9097,bored,1.0,0.9071,True,0.0363,20.02,35.91,258.96,235.3,365.3,340.22
3591,121.423,2,bored,0.8979,bored,1.0,0.9076,True,0.0364,21.12,25.42,259.08,235.18,365.3,340.5
3592,121.4623,2,bored,0.8979,bored,1.0,0.9083,True,0.0364,21.59,33.23,259.08,235.18,365.3,340.5
3593,121.4924,2,bored,0.9211,bored,1.0,0.9092,True,0.0364,21.03,34.2,259.11,234.96,365.55,339.93
3594,121.5216,2,bored,0.9197,bored,1.0,0.9101,True,0.0363,22.69,19.11,259.43,235.14,365.54,340.15
3595,121.5739,2,bored,0.9197,bored,1.0,0.911,True,0.0363,22.97,33.37,259.43,235.14,365.54,340.15
3596,121.6039,2,bored,0.9288,bored,1.0,0.913,True,0.0361,21.47,35.31,259.26,235.45,365.44,339.96
3597,121.6337,2,bored,0.9273,bored,1.0,0.9142,True,0.0361,21.83,26.93,259.55,235.19,365.35,340.14
3598,121.6694,2,bored,0.9273,bored,1.0,0.9155,True,0.0361,22.05,34.21,259.55,235.19,365.35,340.14
3599,121.6986,2,bored,0.9287,bored,1.0,0.9162,True,0.0364,23.73,31.97,259.25,235.08,365.36,340.39
3600,121.7299,2,bored,0.9285,bored,1.0,0.917,True,0.0362,21.28,27.53,259.6,235.1,365.04,340.65
3601,121.7662,2,bored,0.9285,bored,1.0,0.9176,True,0.0362,24.52,31.46,259.6,235.1,365.04,340.65
3602,121.798,2,bored,0.9279,bored,1.0,0.9182,True,0.036,24.19,30.95,259.93,235.16,365.07,340.21
3603,121.8303,2,bored,0.9277,bored,1.0,0.9189,True,0.0358,22.45,29.87,260.26,235.28,365.0,340.42
3604,121.8638,2,bored,0.9277,bored,1.0,0.9202,True,0.0358,26.51,28.49,260.26,235.28,365.0,340.42
3605,121.8989,2,bored,0.9301,bored,1.0,0.9211,True,0.0363,32.02,25.07,259.69,235.08,365.32,340.58
3606,121.9388,2,bored,0.9268,bored,1.0,0.9218,True,0.0359,33.25,24.67,259.59,235.48,364.62,340.53
3607,121.9793,2,bored,0.9268,bored,1.0,0.9224,True,0.0359,34.1,24.65,259.59,235.48,364.62,340.53
3608,122.0199,2,bored,0.9286,bored,1.0,0.9227,True,0.036,23.08,31.54,259.42,235.3,364.62,340.37
3609,122.0516,2,bored,0.9274,bored,1.0,0.9226,True,0.0364,20.71,34.77,259.23,235.28,365.16,340.82
3610,122.0803,2,bored,0.9274,bored,1.0,0.9225,True,0.0364,20.36,35.98,259.23,235.28,365.16,340.82
3611,122.1081,2,bored,0.9071,bored,1.0,0.922,True,0.0367,21.6,35.29,259.18,234.97,365.4,341.07
3612,122.1365,2,bored,0.9054,bored,1.0,0.9213,True,0.0364,22.35,34.83,259.36,235.19,364.75,341.23
3613,122.1652,2,bored,0.9054,bored,1.0,0.9207,True,0.0364,21.05,33.7,259.36,235.19,364.75,341.23
3614,122.1949,2,bored,0.8957,bored,1.0,0.9195,True,0.0369,19.98,34.6,259.07,234.82,365.17,341.59
3615,122.2238,2,bored,0.849,bored,1.0,0.9168,True,0.0368,20.14,26.06,259.13,235.15,365.32,341.58
3616,122.2621,2,bored,0.849,bored,1.0,0.9145,True,0.0368,19.89,37.23,259.13,235.15,365.32,341.58
3617,122.289,2,bored,0.8897,bored,1.0,0.9133,True,0.0369,22.35,32.44,259.04,235.07,365.23,341.75
3618,122.3198,2,bored,0.8858,bored,1.0,0.9126,True,0.0367,19.03,27.67,259.15,235.06,365.09,341.4
3619,122.3569,2,bored,0.8858,bored,1.0,0.9119,True,0.0367,19.08,35.57,259.15,235.06,365.09,341.4
3620,122.3841,2,bored,0.885,bored,1.0,0.9111,True,0.0366,20.93,35.63,259.13,235.04,364.7,341.47
3621,122.4121,2,bored,0.8976,bored,1.0,0.9111,True,0.0369,21.63,17.44,259.08,234.8,365.06,341.63
3622,122.4695,2,bored,0.9077,bored,1.0,0.9114,True,0.0366,19.6,21.31,259.37,234.93,364.83,341.48
3623,122.5164,2,bored,0.9077,bored,1.0,0.911,True,0.0366,20.55,36.34,259.37,234.93,364.83,341.48
3624,122.5439,2,bored,0.8933,bored,1.0,0.9101,True,0.0366,22.33,36.3,259.25,235.4,365.45,341.41
3625,122.5715,2,bored,0.8933,bored,1.0,0.9092,True,0.0366,21.75,32.88,259.25,235.4,365.45,341.41
3626,122.6019,2,bored,0.8595,bored,1.0,0.9069,True,0.0369,20.03,37.67,259.17,235.08,365.42,341.7
3627,122.6284,2,bored,0.878,bored,1.0,0.9053,True,0.0366,18.73,29.63,259.28,235.24,365.04,341.53
3628,122.6622,2,bored,0.878,bored,1.0,0.9036,True,0.0366,26.76,28.15,259.28,235.24,365.04,341.53
3629,122.6977,2,bored,0.8982,bored,1.0,0.9026,True,0.0366,31.29,26.02,259.17,235.29,365.0,341.51
3630,122.7361,2,bored,0.8554,bored,1.0,0.9002,True,0.0364,28.63,27.29,259.52,235.58,365.12,341.34
3631,122.7728,2,bored,0.8554,bored,1.0,0.8977,True,0.0364,20.63,36.43,259.52,235.58,365.12,341.34
3632,122.8002,2,bored,0.8767,bored,1.0,0.896,True,0.0365,20.47,34.5,259.61,235.38,365.23,341.41
3633,122.8292,2,bored,0.9174,bored,1.0,0.8957,True,0.0363,19.95,35.86,260.13,235.51,365.21,341.57
3634,122.8571,2,bored,0.8877,bored,1.0,0.8944,True,0.0365,18.44,23.46,260.26,235.63,366.01,341.56
3635,122.8997,2,bored,0.8877,bored,1.0,0.8929,True,0.0365,18.64,38.58,260.26,235.63,366.01,341.56
3636,122.9256,2,bored,0.8969,bored,1.0,0.8919,True,0.0367,18.44,27.35,261.04,235.69,367.52,341.54
3637,122.9637,2,bored,0.8683,bored,1.0,0.89,True,0.0362,19.17,20.08,262.51,235.45,367.43,341.48
3638,123.012,2,bored,0.8683,bored,1.0,0.888,True,0.0362,18.71,36.02,262.51,235.45,367.43,341.48
3639,123.0398,2,bored,0.8766,bored,1.0,0.8863,True,0.0365,20.47,36.08,262.07,235.25,367.51,341.45
3640,123.0675,2,bored,0.8766,bored,1.0,0.8846,True,0.0365,20.85,35.17,262.07,235.25,367.51,341.45
3641,123.0959,2,bored,0.8658,bored,1.0,0.8832,True,0.0363,18.96,40.46,262.2,235.48,367.53,341.35
3642,123.1206,2,bored,0.8629,bored,1.0,0.8818,True,0.0365,19.28,27.26,261.79,235.72,367.64,341.79
3643,123.1573,2,bored,0.8629,bored,1.0,0.8804,True,0.0365,20.04,36.29,261.79,235.72,367.64,341.79
3644,123.1849,2,bored,0.8856,bored,1.0,0.8801,True,0.0367,19.22,36.74,262.09,235.3,368.04,341.68
3645,123.2121,2,bored,0.8814,bored,1.0,0.8811,True,0.0368,19.96,24.82,262.01,235.09,367.68,341.94
3646,123.2524,2,bored,0.8827,bored,1.0,0.8823,True,0.0368,18.83,20.94,261.82,235.37,367.89,342.01
3647,123.3012,2,bored,0.8827,bored,1.0,0.882,True,0.0368,19.59,35.45,261.82,235.37,367.89,342.01
3648,123.3294,2,bored,0.8891,bored,1.0,0.8821,True,0.0374,19.38,33.01,261.18,235.51,368.72,342.25
3649,123.3586,2,bored,0.8638,bored,1.0,0.8814,True,0.0373,19.24,19.09,261.11,235.72,368.51,342.36
3650,123.411,2,bored,0.8638,bored,1.0,0.8807,True,0.0373,18.62,37.41,261.11,235.72,368.51,342.36
3651,123.4378,2,bored,0.8166,bored,1.0,0.878,True,0.0374,20.72,34.2,261.18,235.29,368.31,342.43
3652,123.467,2,bored,0.8166,bored,1.0,0.875,True,0.0374,19.91,37.13,261.18,235.29,368.31,342.43
3653,123.4939,2,bored,0.8418,bored,1.0,0.8728,True,0.0375,19.45,36.33,260.98,235.18,368.32,342.45
3654,123.5215,2,bored,0.8623,bored,1.0,0.8717,True,0.0373,19.08,29.79,261.12,235.29,368.23,342.39
3655,123.555,2,bored,0.8623,bored,1.0,0.8707,True,0.0373,21.04,33.62,261.12,235.29,368.23,342.39
3656,123.5848,2,bored,0.8662,bored,1.0,0.8709,True,0.0374,20.63,35.7,260.73,235.6,368.01,342.62
3657,123.6128,2,bored,0.8588,bored,1.0,0.8703,True,0.037,21.05,24.46,260.69,236.11,367.67,342.48
3658,123.6537,2,bored,0.8537,bored,1.0,0.8695,True,0.0373,19.95,21.24,260.52,235.5,367.65,342.59
3659,123.7007,2,bored,0.8537,bored,1.0,0.868,True,0.0373,19.55,35.2,260.52,235.5,367.65,342.59
3660,123.7292,2,bored,0.8432,bored,1.0,0.8676,True,0.0372,19.44,38.43,260.43,235.26,366.86,342.54
3661,123.7552,2,bored,0.8612,bored,1.0,0.8678,True,0.0372,18.7,25.25,260.56,235.23,366.86,342.75
3662,123.7948,2,bored,0.8612,bored,1.0,0.8673,True,0.0372,19.21,34.45,260.56,235.23,366.86,342.75
3663,123.8238,2,bored,0.8492,bored,1.0,0.865,True,0.0367,19.22,27.62,260.27,235.58,366.04,342.31
3664,123.86,2,bored,0.8897,bored,1.0,0.865,True,0.0366,18.27,21.56,260.0,235.6,365.62,342.15
3665,123.9064,2,bored,0.8897,bored,1.0,0.8651,True,0.0366,19.57,34.81,260.0,235.6,365.62,342.15
3666,123.9351,2,bored,0.8718,bored,1.0,0.8643,True,0.0368,18.84,38.7,259.65,235.47,365.61,342.04
3667,123.961,2,bored,0.8718,bored,1.0,0.8644,True,0.0368,20.1,35.75,259.65,235.47,365.61,342.04
3668,123.9889,2,bored,0.8657,bored,1.0,0.8643,True,0.0368,22.7,31.44,259.42,235.28,365.19,342.07
3669,124.0208,2,bored,0.8879,bored,1.0,0.8647,True,0.0368,19.73,31.6,259.18,235.35,365.32,341.98
3670,124.0524,2,bored,0.8945,bored,1.0,0.8653,True,0.0368,19.13,21.07,259.11,235.13,365.18,341.85
3671,124.0999,2,bored,0.8945,bored,1.0,0.8662,True,0.0368,18.06,37.37,259.11,235.13,365.18,341.85
3672,124.1266,2,bored,0.8784,bored,1.0,0.8667,True,0.0372,19.06,37.83,259.08,234.79,365.63,342.08
3673,124.153,2,bored,0.8945,bored,1.0,0.8678,True,0.0371,18.23,24.45,259.07,234.81,365.43,341.93
3674,124.1953,2,bored,0.8945,bored,1.0,0.8681,True,0.0371,19.41,34.59,259.07,234.81,365.43,341.93
3675,124.2229,2,bored,0.8717,bored,1.0,0.8678,True,0.0369,20.39,34.65,259.28,234.69,365.26,341.52
3676,124.2517,2,bored,0.8827,bored,1.0,0.8678,True,0.0366,18.53,18.41,259.36,235.07,364.88,341.59
3677,124.306,2,bored,0.8827,bored,1.0,0.8678,True,0.0366,20.49,33.99,259.36,235.07,364.88,341.59
3678,124.3355,2,bored,0.8975,bored,1.0,0.8681,True,0.0367,19.87,35.16,259.16,235.22,365.03,341.65
3679,124.3639,2,bored,0.8975,bored,1.0,0.8692,True,0.0367,19.4,35.9,259.16,235.22,365.03,341.65
3680,124.3918,2,bored,0.8944,bored,1.0,0.8702,True,0.0364,20.41,35.82,259.52,235.48,365.16,341.46
3681,124.4197,2,bored,0.88,bored,1.0,0.8723,True,0.037,20.85,29.09,259.32,234.98,365.58,341.85
3682,124.454,2,bored,0.8799,bored,1.0,0.8744,True,0.0368,18.13,21.44,259.31,235.07,365.51,341.66
3683,124.5007,2,bored,0.8799,bored,1.0,0.8757,True,0.0368,18.6,39.31,259.31,235.07,365.51,341.66
3684,124.5261,2,bored,0.8138,bored,1.0,0.8741,True,0.037,19.58,36.88,259.57,235.07,366.02,341.94
3685,124.5532,2,bored,0.7884,bored,1.0,0.8716,True,0.0367,20.67,22.73,259.74,236.43,366.16,342.29
3686,124.5972,2,bored,0.7884,bored,1.0,0.869,True,0.0367,19.4,35.83,259.74,236.43,366.16,342.29
3687,124.6252,2,bored,0.6765,bored,1.0,0.8629,True,0.0369,20.38,34.62,259.65,236.3,366.46,342.55
3688,124.654,2,bored,0.7155,bored,1.0,0.8583,True,0.0363,19.37,25.67,260.65,237.6,366.16,343.18
3689,124.693,2,bored,0.7155,bored,1.0,0.8537,True,0.0363,20.97,35.25,260.65,237.6,366.16,343.18
3690,124.7214,2,bored,0.8235,bored,1.0,0.8531,True,0.0371,20.01,29.64,258.86,235.84,365.61,342.66
3691,124.7551,2,bored,0.7753,bored,1.0,0.8502,True,0.0372,19.1,20.84,258.85,236.67,366.18,343.01
3692,124.8031,2,bored,0.7753,bored,1.0,0.8473,True,0.0372,19.71,38.59,258.85,236.67,366.18,343.01
3693,124.829,2,bored,0.7496,bored,1.0,0.844,True,0.0369,20.39,35.84,258.9,237.13,366.08,342.94
3694,124.8569,2,bored,0.6956,bored,1.0,0.8376,True,0.037,18.63,25.64,258.83,237.11,366.34,342.72
3695,124.8959,2,bored,0.6956,bored,1.0,0.8311,True,0.037,21.19,34.26,258.83,237.11,366.34,342.72
3696,124.9251,2,bored,0.7775,bored,1.0,0.8279,True,0.0361,20.71,34.82,259.34,237.63,364.85,342.66
3697,124.9538,2,bored,0.7928,bored,1.0,0.8253,True,0.0373,20.91,23.32,258.87,236.31,366.56,342.8
3698,124.9967,2,bored,0.7928,bored,1.0,0.8229,True,0.0373,18.41,36.58,258.87,236.31,366.56,342.8
3699,125.024,2,bored,0.8241,bored,1.0,0.8208,True,0.0372,21.38,33.46,258.71,235.61,365.6,342.59
3700,125.0539,2,bored,0.8353,bored,1.0,0.8188,True,0.0369,22.42,23.74,258.91,236.73,366.19,342.49
3701,125.096,2,bored,0.8353,bored,1.0,0.8168,True,0.0369,20.14,35.8,258.91,236.73,366.19,342.49
3702,125.124,2,bored,0.8503,bored,1.0,0.8159,True,0.0374,21.06,33.73,258.76,235.79,366.4,342.53
3703,125.1536,2,bored,0.842,bored,1.0,0.8141,True,0.0373,19.61,19.55,258.72,236.21,366.36,342.55
3704,125.2048,2,bored,0.842,bored,1.0,0.8124,True,0.0373,19.75,37.22,258.72,236.21,366.36,342.55
3705,125.2316,2,bored,0.8016,bored,1.0,0.81,True,0.0372,20.05,32.71,258.76,235.88,365.89,342.57
3706,125.2622,2,bored,0.8346,bored,1.0,0.8084,True,0.0371,24.27,23.22,258.8,236.39,366.21,342.37
3707,125.3053,2,bored,0.8346,bored,1.0,0.8068,True,0.0371,25.61,30.56,258.8,236.39,366.21,342.37
3708,125.338,2,bored,0.8578,bored,1.0,0.8055,True,0.0369,20.91,34.79,258.46,235.72,364.78,342.21
3709,125.3668,2,bored,0.8743,bored,1.0,0.8047,True,0.0369,20.04,32.05,258.15,235.85,364.64,342.25
3710,125.3979,2,bored,0.8743,bored,1.0,0.8041,True,0.0369,20.62,33.78,258.15,235.85,364.64,342.25
3711,125.4275,2,bored,0.8986,bored,1.0,0.8047,True,0.0368,21.4,36.37,258.19,235.71,364.23,342.29
3712,125.455,2,bored,0.8944,bored,1.0,0.8052,True,0.037,19.76,26.82,258.1,235.6,364.57,342.28
3713,125.4923,2,bored,0.8944,bored,1.0,0.8057,True,0.037,21.78,35.15,258.1,235.6,364.57,342.28
3714,125.5208,2,bored,0.8623,bored,1.0,0.8073,True,0.0366,18.53,37.46,258.36,236.43,364.68,342.3
3715,125.5475,2,bored,0.8491,bored,1.0,0.8093,True,0.0369,20.76,24.25,258.25,236.1,364.97,342.23
3716,125.5887,2,bored,0.8491,bored,1.0,0.8113,True,0.0369,19.86,35.45,258.25,236.1,364.97,342.23
3717,125.6169,2,bored,0.866,bored,1.0,0.8176,True,0.0369,21.91,27.12,258.34,236.23,364.99,342.48
3718,125.6538,2,bored,0.8751,bored,1.0,0.823,True,0.0368,19.29,21.56,258.16,235.84,364.26,342.36
3719,125.7002,2,bored,0.8751,bored,1.0,0.8283,True,0.0368,19.68,37.56,258.16,235.84,364.26,342.36
3720,125.7268,2,bored,0.8325,bored,1.0,0.8286,True,0.0364,19.63,36.83,258.48,237.2,364.53,342.61
3721,125.754,2,bored,0.7998,bored,1.0,0.8294,True,0.0365,19.24,24.33,258.49,237.07,364.83,342.61
3722,125.7951,2,bored,0.7998,bored,1.0,0.8302,True,0.0365,19.76,36.17,258.49,237.07,364.83,342.61
3723,125.8227,2,bored,0.8197,bored,1.0,0.8325,True,0.0363,21.24,33.6,258.48,237.61,364.9,342.47
3724,125.8525,2,bored,0.7977,bored,1.0,0.8359,True,0.0365,18.82,24.8,258.82,237.61,365.46,342.72
3725,125.8928,2,bored,0.7977,bored,1.0,0.8393,True,0.0365,19.72,36.52,258.82,237.61,365.46,342.72
3726,125.9202,2,bored,0.7954,bored,1.0,0.8399,True,0.0364,20.42,35.8,259.03,237.6,365.3,342.76
3727,125.9481,2,bored,0.8364,bored,1.0,0.8414,True,0.0364,18.78,25.75,259.18,237.09,364.88,343.0
3728,125.9869,2,bored,0.8364,bored,1.0,0.8428,True,0.0364,19.03,36.15,259.18,237.09,364.88,343.0
3729,126.0146,2,bored,0.8496,bored,1.0,0.8437,True,0.0368,18.86,36.53,258.95,236.01,364.82,342.66
3730,126.042,2,bored,0.8669,bored,1.0,0.8447,True,0.0368,18.04,24.48,258.94,236.63,365.15,342.98
3731,126.0838,2,bored,0.8689,bored,1.0,0.8459,True,0.0366,18.73,15.8,259.22,237.09,365.3,342.94
3732,126.1461,2,bored,0.8689,bored,1.0,0.8465,True,0.0366,19.44,37.11,259.22,237.09,365.3,342.94
3733,126.1731,2,bored,0.8224,bored,1.0,0.8458,True,0.0367,20.59,34.53,259.11,236.77,365.42,342.83
3734,126.202,2,bored,0.8224,bored,1.0,0.8452,True,0.0367,18.76,35.73,259.11,236.77,365.42,342.83
3735,126.23,2,bored,0.8693,bored,1.0,0.8474,True,0.0369,19.45,37.09,258.9,236.58,365.54,342.84
3736,126.257,2,bored,0.8654,bored,1.0,0.8485,True,0.0368,18.24,28.37,258.87,236.86,365.65,342.77
3737,126.2922,2,bored,0.8654,bored,1.0,0.8495,True,0.0368,20.28,35.7,258.87,236.86,365.65,342.77
3738,126.3202,2,bored,0.8614,bored,1.0,0.8496,True,0.037,20.13,33.73,258.68,236.51,365.81,342.6
3739,126.3499,2,bored,0.8564,bored,1.0,0.849,True,0.0367,19.93,24.92,258.78,237.05,365.23,342.84
3740,126.39,2,bored,0.8564,bored,1.0,0.8484,True,0.0367,18.32,40.26,258.78,237.05,365.23,342.84
3741,126.4149,2,bored,0.859,bored,1.0,0.8471,True,0.0362,18.61,34.94,259.2,237.84,365.35,342.6
3742,126.4435,2,bored,0.8511,bored,1.0,0.8457,True,0.0366,20.98,23.0,259.2,237.12,365.91,342.59
3743,126.4869,2,bored,0.8558,bored,1.0,0.8444,True,0.0368,20.87,20.96,258.82,236.23,365.28,342.37
3744,126.5347,2,bored,0.8558,bored,1.0,0.8442,True,0.0368,19.98,34.48,258.82,236.23,365.28,342.37
3745,126.5636,2,bored,0.8641,bored,1.0,0.8447,True,0.0368,20.1,31.01,258.97,237.34,366.34,342.64
3746,126.5959,2,bored,0.8283,bored,1.0,0.844,True,0.0365,18.12,21.74,259.48,237.02,365.59,342.57
3747,126.6419,2,bored,0.8283,bored,1.0,0.8427,True,0.0365,20.88,35.36,259.48,237.02,365.59,342.57
3748,126.6702,2,bored,0.8507,bored,1.0,0.8419,True,0.0371,21.55,34.42,259.13,236.29,365.98,342.91
3749,126.6992,2,bored,0.8507,bored,1.0,0.8411,True,0.0371,20.63,34.31,259.13,236.29,365.98,342.91
3750,126.7284,2,bored,0.8279,bored,1.0,0.8409,True,0.0369,18.73,37.72,259.15,236.58,365.89,342.72
3751,126.7549,2,bored,0.8143,bored,1.0,0.8414,True,0.0367,16.99,33.12,259.07,237.16,365.79,342.79
3752,126.7851,2,bored,0.8143,bored,1.0,0.8419,True,0.0367,18.37,35.8,259.07,237.16,365.79,342.79
3753,126.813,2,bored,0.8202,bored,1.0,0.8419,True,0.0367,18.13,38.69,258.86,237.2,365.44,343.01
3754,126.8389,2,bored,0.8042,bored,1.0,0.8421,True,0.0368,18.53,22.97,259.25,236.75,365.78,342.98
3755,126.8824,2,bored,0.7561,bored,1.0,0.8407,True,0.0369,21.7,19.95,258.65,237.15,365.75,342.91
3756,126.9325,2,bored,0.7561,bored,1.0,0.8394,True,0.0369,18.46,38.35,258.65,237.15,365.75,342.91
3757,126.9586,2,bored,0.784,bored,1.0,0.8377,True,0.0369,19.23,36.36,258.92,236.74,365.63,342.85
3758,126.9861,2,bored,0.7674,bored,1.0,0.8354,True,0.0372,18.51,17.35,258.64,236.97,366.38,342.91
3759,127.0437,2,bored,0.7674,bored,1.0,0.8327,True,0.0372,19.17,37.06,258.64,236.97,366.38,342.91
3760,127.0717,2,bored,0.7644,bored,1.0,0.8292,True,0.0376,21.21,33.65,258.48,236.43,366.63,343.26
3761,127.1004,2,bored,0.7644,bored,1.0,0.8257,True,0.0376,22.81,35.42,258.48,236.43,366.63,343.26
3762,127.1292,2,bored,0.7794,bored,1.0,0.8228,True,0.0375,27.47,29.96,258.29,236.81,366.55,343.22
3763,127.1621,2,bored,0.7858,bored,1.0,0.8215,True,0.0371,24.78,33.14,258.57,237.07,366.32,342.84
3764,127.1922,2,bored,0.7858,bored,1.0,0.8203,True,0.0371,24.32,31.37,258.57,237.07,366.32,342.84
3765,127.2241,2,bored,0.8236,bored,1.0,0.8188,True,0.0369,27.41,30.37,258.52,237.54,365.93,343.16
3766,127.257,2,bored,0.8302,bored,1.0,0.8176,True,0.0369,18.76,37.15,258.39,237.39,365.81,342.9
3767,127.2839,2,bored,0.8031,bored,1.0,0.8156,True,0.0369,17.61,21.48,258.11,237.51,365.55,343.04
3768,127.3305,2,bored,0.8031,bored,1.0,0.8136,True,0.0369,19.99,36.24,258.11,237.51,365.55,343.04
3769,127.3581,2,bored,0.8613,bored,1.0,0.8138,True,0.0371,18.01,37.14,258.06,236.95,365.33,343.08
3770,127.385,2,bored,0.8555,bored,1.0,0.8137,True,0.037,19.06,23.77,258.03,237.29,365.17,343.36
3771,127.4271,2,bored,0.8555,bored,1.0,0.8136,True,0.037,19.53,35.67,258.03,237.29,365.17,343.36
3772,127.4551,2,bored,0.8692,bored,1.0,0.8142,True,0.0368,18.99,27.38,258.03,237.71,365.35,343.06
3773,127.4917,2,bored,0.8643,bored,1.0,0.8145,True,0.0366,17.05,21.69,258.18,238.05,365.32,343.12
3774,127.5378,2,bored,0.8643,bored,1.0,0.8148,True,0.0366,18.73,38.65,258.18,238.05,365.32,343.12
3775,127.5636,2,bored,0.8458,bored,1.0,0.8142,True,0.0367,18.74,37.92,258.2,237.77,365.56,342.89
3776,127.59,2,bored,0.8458,bored,1.0,0.8148,True,0.0367,16.52,39.8,258.2,237.77,365.56,342.89
3777,127.6151,2,bored,0.8235,bored,1.0,0.8146,True,0.0368,18.03,37.57,258.16,237.42,365.56,342.7
3778,127.6418,2,bored,0.8153,bored,1.0,0.8134,True,0.0369,16.78,25.48,258.12,237.85,365.89,343.07
3779,127.681,2,bored,0.8232,bored,1.0,0.8125,True,0.0369,18.13,19.65,258.26,237.56,365.92,342.85
3780,127.7319,2,bored,0.8232,bored,1.0,0.8124,True,0.0369,17.21,41.97,258.26,237.56,365.92,342.85
3781,127.7557,2,bored,0.824,bored,1.0,0.8127,True,0.0372,18.59,37.61,258.07,237.09,365.81,343.17
3782,127.7823,2,bored,0.7791,bored,1.0,0.8115,True,0.0369,18.4,22.71,258.26,237.55,365.88,343.0
3783,127.8263,2,bored,0.7791,bored,1.0,0.8101,True,0.0369,18.81,38.08,258.26,237.55,365.88,343.0
3784,127.8526,2,bored,0.7879,bored,1.0,0.8096,True,0.0371,19.46,35.95,258.22,237.08,366.01,342.86
3785,127.8804,2,bored,0.8299,bored,1.0,0.812,True,0.0373,17.85,17.38,258.36,236.91,366.29,342.95
3786,127.938,2,bored,0.8299,bored,1.0,0.8145,True,0.0373,17.51,39.93,258.36,236.91,366.29,342.95
3787,127.963,2,bored,0.8802,bored,1.0,0.8177,True,0.0372,19.08,37.83,258.14,236.02,365.3,342.77
3788,127.9894,2,bored,0.8802,bored,1.0,0.8215,True,0.0372,17.13,39.58,258.14,236.02,365.3,342.77
3789,128.0147,2,bored,0.7961,bored,1.0,0.8224,True,0.0359,18.64,37.15,259.15,238.5,364.3,343.27
3790,128.0416,3,frustrated,0.7941,bored,0.9667,0.8244,True,0.0347,18.21,23.54,256.53,238.12,358.17,342.98
3791,128.0841,3,frustrated,0.8378,bored,0.9333,0.8266,True,0.034,18.74,21.01,252.93,238.51,353.78,342.01
3792,128.1317,3,frustrated,0.8378,bored,0.9,0.8283,True,0.034,18.02,39.76,252.93,238.51,353.78,342.01
3793,128.1569,3,frustrated,0.8655,bored,0.8667,0.83,True,0.034,18.22,39.58,250.92,237.27,350.7,342.05
3794,128.1821,2,bored,0.6623,bored,0.8667,0.8252,True,0.0334,19.44,20.8,251.45,237.45,349.66,342.0
3795,128.2302,2,bored,0.6623,bored,0.8667,0.819,True,0.0334,17.74,41.26,251.45,237.45,349.66,342.0
3796,128.2544,2,bored,0.7378,bored,0.8667,0.8155,True,0.0337,18.45,37.78,249.43,238.1,349.51,341.54
3797,128.2809,2,bored,0.8012,bored,0.8667,0.8154,True,0.0329,19.34,23.69,250.56,238.63,349.39,340.92
3798,128.3231,2,bored,0.8012,bored,0.8667,0.8153,True,0.0329,20.06,37.4,250.56,238.63,349.39,340.92
3799,128.3499,2,bored,0.7867,bored,0.8667,0.8124,True,0.033,20.23,25.62,249.84,238.08,348.95,340.44
3800,128.3889,2,bored,0.7804,bored,0.8667,0.8096,True,0.0327,18.62,20.9,249.9,238.52,348.53,340.35
3801,128.4367,2,bored,0.7804,bored,0.8667,0.8067,True,0.0327,18.77,38.63,249.9,238.52,348.53,340.35
3802,128.4626,2,bored,0.7603,bored,0.8667,0.8025,True,0.0334,18.7,36.72,248.95,237.06,348.41,340.3
3803,128.4899,2,bored,0.7768,bored,0.8667,0.7991,True,0.0335,20.8,22.85,248.69,236.6,348.49,339.71
3804,128.5336,2,bored,0.7768,bored,0.8667,0.7957,True,0.0335,18.73,37.88,248.69,236.6,348.49,339.71
3805,128.56,2,bored,0.7777,bored,0.8667,0.7931,True,0.0333,21.29,33.23,248.61,236.67,348.41,339.32
3806,128.5901,2,bored,0.8037,bored,0.8667,0.7915,True,0.0327,18.21,25.89,249.24,237.2,347.91,338.94
3807,128.6287,2,bored,0.8037,bored,0.8667,0.7908,True,0.0327,20.02,31.58,249.24,237.2,347.91,338.94
3808,128.6604,2,bored,0.747,bored,0.8667,0.7881,True,0.0336,19.18,38.0,247.87,236.98,348.32,339.65
3809,128.6867,2,bored,0.7869,bored,0.8667,0.7867,True,0.033,20.94,24.79,248.96,237.51,348.54,339.28
3810,128.7271,2,bored,0.7869,bored,0.8667,0.7853,True,0.033,18.62,37.38,248.96,237.51,348.54,339.28
3811,128.7538,2,bored,0.7939,bored,0.8667,0.7842,True,0.0334,19.26,37.51,247.95,237.26,348.25,339.41
3812,128.7805,2,bored,0.7558,bored,0.8667,0.7833,True,0.0332,16.8,19.26,248.19,237.42,348.08,339.37
3813,128.8324,2,bored,0.7558,bored,0.8667,0.7824,True,0.0332,19.81,36.02,248.19,237.42,348.08,339.37
3814,128.8613,2,bored,0.7596,bored,0.8667,0.7813,True,0.0331,20.07,34.48,247.79,237.42,347.45,339.34
3815,128.8892,0,engaged,0.2951,bored,0.8333,0.7794,True,0.0332,20.99,22.43,246.42,235.84,345.46,338.8
3816,128.9338,0,engaged,0.2951,bored,0.8,0.7772,True,0.0332,18.63,38.26,246.42,235.84,345.46,338.8
3817,128.9609,0,engaged,0.2503,bored,0.7667,0.7728,True,0.0343,19.22,32.66,244.36,235.38,345.89,339.07
3818,128.9905,2,bored,0.7911,bored,0.7667,0.7689,True,0.0326,19.74,26.18,248.93,237.89,347.68,339.19
3819,129.0287,2,bored,0.7911,bored,0.7667,0.7687,True,0.0326,19.06,33.68,248.93,237.89,347.68,339.19
3820,129.0584,2,bored,0.8351,bored,0.8,0.7714,True,0.0329,19.32,37.76,249.4,235.72,347.67,338.65
3821,129.0849,2,bored,0.9029,bored,0.8333,0.7767,True,0.0333,21.64,24.66,249.31,235.75,349.16,338.17
3822,129.1254,2,bored,0.9029,bored,0.8667,0.7815,True,0.0333,20.12,36.5,249.31,235.75,349.16,338.17
3823,129.1528,2,bored,0.9203,bored,0.9,0.7867,True,0.0335,18.85,39.92,249.65,236.19,350.16,338.47
3824,129.1779,2,bored,0.916,bored,0.9,0.7961,True,0.0332,19.48,23.48,250.93,236.17,350.53,338.62
3825,129.2205,2,bored,0.9332,bored,0.9,0.8061,True,0.033,18.27,22.01,253.29,235.48,351.78,338.53
3826,129.2659,2,bored,0.9332,bored,0.9,0.8134,True,0.033,25.43,30.13,253.29,235.48,351.78,338.53
3827,129.2991,2,bored,0.9433,bored,0.9,0.8186,True,0.0336,18.37,32.38,254.35,235.69,353.79,339.52
3828,129.33,2,bored,0.9309,bored,0.9,0.8234,True,0.0336,18.18,20.77,255.2,236.14,355.34,339.2
3829,129.3781,2,bored,0.9309,bored,0.9,0.8288,True,0.0336,19.72,37.24,255.2,236.14,355.34,339.2
3830,129.405,2,bored,0.9153,bored,0.9,0.8338,True,0.034,19.91,36.12,255.85,236.29,357.32,339.17
3831,129.4326,2,bored,0.9153,bored,0.9,0.8388,True,0.034,19.05,37.81,255.85,236.29,357.32,339.17
3832,129.4591,2,bored,0.824,bored,0.9,0.8411,True,0.0343,18.46,37.81,256.07,235.78,358.25,338.89
3833,129.4855,2,bored,0.8535,bored,0.9,0.844,True,0.0348,25.8,22.59,256.46,236.07,360.36,338.94
3834,129.5303,2,bored,0.8535,bored,0.9,0.8468,True,0.0348,21.24,34.29,256.46,236.07,360.36,338.94
3835,129.559,2,bored,0.8971,bored,0.9,0.8512,True,0.0353,26.87,28.64,256.57,235.37,361.18,339.01
3836,129.5939,2,bored,0.8337,bored,0.9,0.8523,True,0.0354,19.24,36.69,256.62,235.47,361.92,338.85
3837,129.6211,2,bored,0.8286,bored,0.9,0.8532,True,0.0353,23.91,19.54,256.63,235.38,361.47,338.93
3838,129.6723,2,bored,0.8286,bored,0.9,0.8563,True,0.0353,23.18,30.31,256.63,235.38,361.47,338.93
3839,129.7053,2,bored,0.6692,bored,0.9,0.8519,True,0.0352,25.66,29.16,256.86,235.71,361.7,338.9
3840,129.7396,2,bored,0.8128,bored,0.9,0.8529,True,0.0358,26.02,20.86,256.6,235.17,361.97,339.64
3841,129.7875,2,bored,0.8128,bored,0.9,0.8536,True,0.0358,20.1,33.75,256.6,235.17,361.97,339.64
3842,129.8172,2,bored,0.7533,bored,0.9,0.8535,True,0.0354,17.88,40.51,256.81,235.51,361.59,339.35
3843,129.8418,2,bored,0.7533,bored,0.9,0.8534,True,0.0354,18.7,37.31,256.81,235.51,361.59,339.35
3844,129.8686,2,bored,0.7758,bored,0.9,0.854,True,0.0356,17.79,37.74,257.3,235.64,361.95,340.07
3845,129.8951,2,bored,0.852,bored,0.9333,0.8539,True,0.0356,18.34,36.4,257.78,235.85,362.27,340.66
3846,129.9226,2,bored,0.852,bored,0.9667,0.8538,True,0.0356,18.22,38.1,257.78,235.85,362.27,340.66
3847,129.9489,2,bored,0.8337,bored,1.0,0.8532,True,0.0361,17.59,38.74,257.48,235.69,362.7,341.04
3848,129.9747,2,bored,0.8238,bored,1.0,0.8543,True,0.0363,19.77,22.33,257.76,236.13,363.91,341.3
3849,130.0195,2,bored,0.773,bored,1.0,0.8537,True,0.0359,18.21,20.75,258.56,236.84,363.33,341.98
3850,130.0677,2,bored,0.773,bored,1.0,0.8516,True,0.0359,16.79,40.45,258.56,236.84,363.33,341.98
3851,130.0924,2,bored,0.8473,bored,1.0,0.8497,True,0.0367,18.13,37.51,258.04,235.67,363.9,342.12
3852,130.119,2,bored,0.8131,bored,1.0,0.8467,True,0.0368,19.47,22.97,258.19,236.55,364.9,342.59
3853,130.1626,2,bored,0.8131,bored,1.0,0.8432,True,0.0368,19.53,34.26,258.19,236.55,364.9,342.59
3854,130.1918,2,bored,0.7628,bored,1.0,0.8381,True,0.0362,18.09,28.16,258.3,237.84,364.63,342.39
3855,130.2273,2,bored,0.7611,bored,1.0,0.8323,True,0.0364,18.69,21.11,258.49,237.03,364.45,342.42
3856,130.2747,2,bored,0.7611,bored,1.0,0.8266,True,0.0364,18.12,38.29,258.49,237.03,364.45,342.42
3857,130.3008,2,bored,0.768,bored,1.0,0.8207,True,0.0368,17.58,39.43,258.43,236.79,365.23,342.56
3858,130.3261,2,bored,0.768,bored,1.0,0.8153,True,0.0368,18.17,38.98,258.43,236.79,365.23,342.56
3859,130.3518,2,bored,0.7532,bored,1.0,0.8094,True,0.0364,16.76,41.61,258.37,237.54,364.92,342.49
3860,130.3758,2,bored,0.8123,bored,1.0,0.806,True,0.0368,17.58,23.93,258.01,237.35,365.2,342.85
3861,130.4176,2,bored,0.7974,bored,1.0,0.802,True,0.0368,18.12,20.45,258.11,236.67,364.86,342.63
3862,130.4665,2,bored,0.7974,bored,1.0,0.8011,True,0.0368,18.27,40.88,258.11,236.67,364.86,342.63
3863,130.4909,2,bored,0.7798,bored,1.0,0.7987,True,0.0369,18.61,35.1,257.94,237.21,365.07,343.0
3864,130.5194,2,bored,0.7869,bored,1.0,0.7965,True,0.0372,18.53,22.52,258.09,236.61,365.31,343.23
3865,130.5638,2,bored,0.7869,bored,1.0,0.7928,True,0.0372,19.7,35.45,258.09,236.61,365.31,343.23
3866,130.5921,2,bored,0.8433,bored,1.0,0.7931,True,0.0373,16.99,40.81,257.91,236.55,365.08,343.34
3867,130.6166,2,bored,0.8377,bored,1.0,0.7934,True,0.0369,17.08,17.03,258.01,237.0,364.99,342.95
3868,130.6753,2,bored,0.8377,bored,1.0,0.7937,True,0.0369,17.09,40.73,258.01,237.0,364.99,342.95
3869,130.6998,2,bored,0.8414,bored,1.0,0.7995,True,0.0371,16.63,41.67,258.13,236.34,364.97,342.9
3870,130.7238,2,bored,0.8414,bored,1.0,0.8004,True,0.0371,17.05,40.42,258.13,236.34,364.97,342.9
3871,130.7486,2,bored,0.8355,bored,1.0,0.8012,True,0.0368,17.31,42.1,258.13,236.89,364.7,342.87
3872,130.7723,2,bored,0.8426,bored,1.0,0.8042,True,0.0371,17.17,21.98,257.85,236.61,364.93,343.11
3873,130.8178,2,bored,0.8507,bored,1.0,0.8074,True,0.0366,16.89,19.67,258.03,236.8,364.36,342.58
3874,130.8686,2,bored,0.8507,bored,1.0,0.8099,True,0.0366,17.08,43.46,258.03,236.8,364.36,342.58
3875,130.8917,2,bored,0.84,bored,1.0,0.8095,True,0.0365,18.05,37.66,258.03,237.39,364.39,342.95
3876,130.9182,2,bored,0.8364,bored,1.0,0.809,True,0.0367,17.05,22.33,257.9,236.81,364.24,342.76
3877,130.963,2,bored,0.8364,bored,1.0,0.8091,True,0.0367,17.65,38.7,257.9,236.81,364.24,342.76
3878,130.9888,2,bored,0.8361,bored,1.0,0.8095,True,0.0367,19.1,37.55,257.8,236.65,364.08,342.65
3879,131.0155,2,bored,0.8646,bored,1.0,0.8125,True,0.0369,19.23,22.18,257.81,235.64,363.94,342.5
3880,131.0605,2,bored,0.8646,bored,1.0,0.8156,True,0.0369,18.4,37.04,257.81,235.64,363.94,342.5
3881,131.0875,2,bored,0.8772,bored,1.0,0.8166,True,0.0371,18.59,28.58,257.59,235.68,364.03,342.7
3882,131.1225,2,bored,0.8852,bored,1.0,0.819,True,0.0373,16.52,20.5,257.59,235.51,364.45,342.6
3883,131.1713,2,bored,0.8852,bored,1.0,0.8214,True,0.0373,22.47,32.81,257.59,235.51,364.45,342.6
3884,131.2018,2,bored,0.9063,bored,1.0,0.8262,True,0.0372,20.23,38.84,257.49,235.74,364.13,342.96
3885,131.2275,2,bored,0.8907,bored,1.0,0.8305,True,0.0372,19.02,24.25,256.92,237.18,364.38,343.41
3886,131.2688,2,bored,0.8907,bored,1.0,0.8348,True,0.0372,29.41,26.36,256.92,237.18,364.38,343.41
3887,131.3067,2,bored,0.879,bored,1.0,0.8385,True,0.0367,29.1,26.21,257.31,237.17,363.88,343.08
3888,131.3449,2,bored,0.8686,bored,1.0,0.8419,True,0.0366,31.21,25.14,257.8,237.9,364.81,343.05
3889,131.3846,2,bored,0.8686,bored,1.0,0.8457,True,0.0366,28.85,27.93,257.8,237.9,364.81,343.05
3890,131.4204,2,bored,0.8588,bored,1.0,0.8473,True,0.0372,26.71,28.63,257.29,237.35,364.96,343.44
3891,131.4554,2,bored,0.8706,bored,1.0,0.8497,True,0.0366,20.78,34.14,258.08,237.52,364.59,343.08
3892,131.4847,2,bored,0.8706,bored,1.0,0.8521,True,0.0366,19.37,36.46,258.08,237.52,364.59,343.08
3893,131.5121,2,bored,0.8733,bored,1.0,0.8553,True,0.0369,20.15,35.76,257.83,237.25,364.6,343.4
3894,131.54,2,bored,0.8523,bored,1.0,0.8574,True,0.0373,20.18,30.8,257.33,236.86,364.84,343.36
3895,131.5725,2,bored,0.8523,bored,1.0,0.8596,True,0.0373,21.12,33.32,257.33,236.86,364.84,343.36
3896,131.6025,2,bored,0.8508,bored,1.0,0.8599,True,0.0366,21.12,36.32,257.85,237.93,364.56,343.3
3897,131.6301,2,bored,0.7969,bored,1.0,0.8585,True,0.0367,19.04,27.96,257.92,237.81,364.91,343.24
3898,131.6658,2,bored,0.7969,bored,1.0,0.8572,True,0.0367,19.46,34.49,257.92,237.81,364.91,343.24
3899,131.6948,2,bored,0.8128,bored,1.0,0.8562,True,0.0366,19.95,35.78,258.4,237.35,364.66,343.18
3900,131.7228,2,bored,0.7727,bored,1.0,0.8539,True,0.0369,19.16,24.34,258.33,237.52,365.19,343.69
3901,131.7639,2,bored,0.7727,bored,1.0,0.8518,True,0.0369,20.15,35.75,258.33,237.52,365.19,343.69
3902,131.7918,2,bored,0.768,bored,1.0,0.8493,True,0.0373,20.45,36.08,258.12,237.23,366.02,343.44
3903,131.8196,2,bored,0.7702,bored,1.0,0.8466,True,0.037,20.26,24.14,258.25,237.97,365.93,343.49
3904,131.861,2,bored,0.7702,bored,1.0,0.844,True,0.037,20.02,33.7,258.25,237.97,365.93,343.49
3905,131.8907,2,bored,0.7822,bored,1.0,0.842,True,0.0374,23.92,31.81,258.57,236.98,366.41,343.39
3906,131.9221,2,bored,0.8252,bored,1.0,0.8417,True,0.038,19.79,29.12,258.53,236.82,367.62,343.78
3907,131.9564,2,bored,0.8252,bored,1.0,0.8413,True,0.038,24.08,31.66,258.53,236.82,367.62,343.78
3908,131.988,2,bored,0.8078,bored,1.0,0.8403,True,0.0373,19.18,33.25,259.08,237.49,366.56,343.97
3909,132.0181,2,bored,0.8661,bored,1.0,0.8404,True,0.0378,20.03,20.04,259.24,237.41,368.36,343.78
3910,132.069,2,bored,0.8661,bored,1.0,0.8404,True,0.0378,19.32,34.74,259.24,237.41,368.36,343.78
3911,132.0968,2,bored,0.8389,bored,1.0,0.8392,True,0.0376,19.5,35.95,259.33,238.09,368.65,343.83
3912,132.1246,2,bored,0.8384,bored,1.0,0.8376,True,0.0378,18.85,25.5,259.54,238.01,369.19,344.01
3913,132.1638,2,bored,0.8384,bored,1.0,0.836,True,0.0378,20.48,36.28,259.54,238.01,369.19,344.01
3914,132.1914,2,bored,0.8646,bored,1.0,0.8347,True,0.0377,19.28,34.66,259.79,237.75,369.0,343.67
3915,132.2202,2,bored,0.8411,bored,1.0,0.833,True,0.0375,21.47,24.4,259.96,238.17,369.05,343.77
3916,132.2612,2,bored,0.8411,bored,1.0,0.8313,True,0.0375,21.74,34.08,259.96,238.17,369.05,343.77
3917,132.2905,2,bored,0.8362,bored,1.0,0.8299,True,0.0377,23.53,32.53,259.92,237.89,369.05,343.9
3918,132.3213,2,bored,0.8335,bored,1.0,0.8287,True,0.0375,18.95,29.57,260.04,237.64,368.61,343.88
3919,132.3551,2,bored,0.8335,bored,1.0,0.8276,True,0.0375,24.85,31.18,260.04,237.64,368.61,343.88
3920,132.3872,2,bored,0.7982,bored,1.0,0.8256,True,0.0374,20.27,35.7,260.01,237.88,368.52,343.83
3921,132.4152,2,bored,0.8106,bored,1.0,0.8236,True,0.0373,22.73,24.33,259.93,237.64,367.83,343.9
3922,132.4563,2,bored,0.8453,bored,1.0,0.8227,True,0.0373,19.88,17.45,259.78,237.38,367.46,343.93
3923,132.5136,2,bored,0.8453,bored,1.0,0.8218,True,0.0373,20.36,37.49,259.78,237.38,367.46,343.93
3924,132.5403,2,bored,0.8169,bored,1.0,0.8206,True,0.0363,21.47,33.14,259.83,238.7,365.78,343.93
3925,132.5704,2,bored,0.8169,bored,1.0,0.8194,True,0.0363,21.32,35.07,259.83,238.7,365.78,343.93
3926,132.5989,2,bored,0.8475,bored,1.0,0.8193,True,0.0369,20.23,34.75,259.17,238.37,366.41,344.07
3927,132.6277,2,bored,0.8399,bored,1.0,0.8207,True,0.0367,20.08,31.99,259.39,238.31,365.88,344.31
3928,132.659,2,bored,0.8399,bored,1.0,0.8222,True,0.0367,20.57,35.52,259.39,238.31,365.88,344.31
3929,132.6871,2,bored,0.7779,bored,1.0,0.821,True,0.0366,21.46,37.73,259.17,238.21,365.43,344.16
3930,132.7136,2,bored,0.8202,bored,1.0,0.8226,True,0.0366,19.8,23.73,259.18,238.01,365.08,344.28
3931,132.7573,2,bored,0.8202,bored,1.0,0.8242,True,0.0366,24.33,31.16,259.18,238.01,365.08,344.28
3932,132.7879,2,bored,0.8697,bored,1.0,0.8276,True,0.0372,21.66,34.6,258.7,237.58,365.51,344.5
3933,132.8168,2,bored,0.84,bored,1.0,0.8299,True,0.0366,22.04,26.93,258.6,237.97,364.74,343.99
3934,132.8539,2,bored,0.8237,bored,1.0,0.8317,True,0.0367,20.42,22.24,258.69,237.95,365.02,343.87
3935,132.8989,2,bored,0.8237,bored,1.0,0.8331,True,0.0367,19.95,35.27,258.69,237.95,365.02,343.87
3936,132.9272,2,bored,0.851,bored,1.0,0.8339,True,0.037,21.24,25.89,258.6,237.48,365.33,344.09
3937,132.9658,2,bored,0.8576,bored,1.0,0.835,True,0.0368,20.06,20.43,258.59,237.6,365.08,343.83
3938,133.0148,2,bored,0.8576,bored,1.0,0.8367,True,0.0368,20.61,36.68,258.59,237.6,365.08,343.83
3939,133.0421,2,bored,0.8207,bored,1.0,0.8352,True,0.0367,21.2,34.58,258.68,237.91,364.88,343.94
3940,133.071,2,bored,0.8207,bored,1.0,0.8336,True,0.0367,20.21,35.0,258.68,237.91,364.88,343.94
3941,133.0995,2,bored,0.8379,bored,1.0,0.8336,True,0.0368,19.4,34.88,258.6,237.87,365.46,343.64
3942,133.1282,2,bored,0.818,bored,1.0,0.8329,True,0.037,18.51,39.48,258.27,237.81,365.53,343.71
3943,133.1535,2,bored,0.818,bored,1.0,0.8323,True,0.037,20.25,36.04,258.27,237.81,365.53,343.71
3944,133.1813,2,bored,0.8329,bored,1.0,0.8312,True,0.037,21.34,33.84,258.28,237.58,365.24,343.97
3945,133.2108,2,bored,0.8516,bored,1.0,0.8316,True,0.0371,22.54,22.9,258.22,237.44,365.11,344.08
3946,133.2545,2,bored,0.7793,bored,1.0,0.8295,True,0.037,26.02,19.75,258.51,237.6,365.42,343.84
3947,133.3051,2,bored,0.7793,bored,1.0,0.8276,True,0.037,25.42,28.81,258.51,237.6,365.42,343.84
3948,133.3398,2,bored,0.8072,bored,1.0,0.8267,True,0.0365,24.97,31.37,258.51,237.98,364.53,343.81
3949,133.3717,2,bored,0.7303,bored,1.0,0.8233,True,0.0368,23.79,23.45,258.59,237.67,365.66,343.39
3950,133.4144,2,bored,0.7303,bored,1.0,0.821,True,0.0368,21.52,36.99,258.59,237.67,365.66,343.39
3951,133.4414,2,bored,0.7801,bored,1.0,0.82,True,0.037,20.39,34.29,258.31,237.39,365.36,343.64
3952,133.4706,2,bored,0.7801,bored,1.0,0.8178,True,0.037,19.02,36.82,258.31,237.39,365.36,343.64
3953,133.4977,2,bored,0.8479,bored,1.0,0.8179,True,0.0368,22.29,32.7,258.61,237.69,365.29,343.77
3954,133.5283,2,bored,0.832,bored,1.0,0.8184,True,0.0368,18.35,35.26,258.6,237.99,365.61,343.54
3955,133.5567,2,bored,0.832,bored,1.0,0.8189,True,0.0368,20.0,35.44,258.6,237.99,365.61,343.54
3956,133.5849,2,bored,0.8526,bored,1.0,0.8191,True,0.0367,18.85,35.91,258.98,237.7,365.78,343.3
3957,133.6127,2,bored,0.8342,bored,1.0,0.8189,True,0.0366,19.26,25.51,259.12,237.56,365.34,343.49
3958,133.6519,2,bored,0.8393,bored,1.0,0.8189,True,0.0372,20.76,20.05,259.04,237.2,366.46,343.51
3959,133.7018,2,bored,0.8393,bored,1.0,0.8209,True,0.0372,29.64,26.29,259.04,237.2,366.46,343.51
3960,133.7398,2,bored,0.8708,bored,1.0,0.8226,True,0.0372,29.25,26.85,258.74,237.31,366.13,343.82
3961,133.7771,2,bored,0.737,bored,1.0,0.8198,True,0.0373,26.96,28.38,258.8,237.5,366.19,344.1
3962,133.8123,2,bored,0.737,bored,1.0,0.8154,True,0.0373,24.26,30.94,258.8,237.5,366.19,344.1
3963,133.8446,2,bored,0.8296,bored,1.0,0.8151,True,0.037,20.04,34.41,258.81,237.37,365.48,343.93
3964,133.8737,2,bored,0.852,bored,1.0,0.816,True,0.0374,18.61,29.74,258.59,237.34,366.04,344.16
3965,133.9073,2,bored,0.852,bored,1.0,0.817,True,0.0374,20.56,31.77,258.59,237.34,366.04,344.16
3966,133.9388,2,bored,0.8051,bored,1.0,0.8154,True,0.0372,18.54,38.44,258.82,237.55,365.92,344.18
3967,133.9648,2,bored,0.8051,bored,1.0,0.8137,True,0.0372,19.84,36.76,258.82,237.55,365.92,344.18
3968,133.992,2,bored,0.8332,bored,1.0,0.8129,True,0.0373,18.66,35.94,258.73,237.25,365.81,344.13
3969,134.0198,2,bored,0.8421,bored,1.0,0.8136,True,0.0372,20.79,30.65,258.35,237.54,365.35,344.27
3970,134.0524,2,bored,0.8372,bored,1.0,0.8141,True,0.037,18.51,21.33,258.46,238.07,365.55,344.08
3971,134.0993,2,bored,0.8372,bored,1.0,0.8141,True,0.037,20.58,34.95,258.46,238.07,365.55,344.08
3972,134.1279,2,bored,0.8234,bored,1.0,0.8143,True,0.0374,18.44,39.01,258.12,237.33,365.71,344.15
3973,134.1536,2,bored,0.823,bored,1.0,0.8144,True,0.0371,18.49,25.05,258.56,237.57,365.75,344.03
3974,134.1935,2,bored,0.823,bored,1.0,0.8141,True,0.0371,19.71,35.64,258.56,237.57,365.75,344.03
3975,134.2216,2,bored,0.8026,bored,1.0,0.8125,True,0.0374,20.21,35.46,258.17,238.09,365.87,344.85
3976,134.2498,2,bored,0.8455,bored,1.0,0.8147,True,0.0376,19.19,17.09,258.24,237.7,366.19,344.7
3977,134.3083,2,bored,0.8455,bored,1.0,0.8169,True,0.0376,19.42,35.03,258.24,237.7,366.19,344.7
3978,134.3368,2,bored,0.8635,bored,1.0,0.8188,True,0.0372,20.93,33.49,258.36,237.79,365.52,344.47
3979,134.3667,2,bored,0.8635,bored,1.0,0.8232,True,0.0372,19.49,37.03,258.36,237.79,365.52,344.47
3980,134.3937,2,bored,0.8813,bored,1.0,0.8282,True,0.0374,19.23,37.4,258.14,237.85,365.72,344.62
3981,134.4204,2,bored,0.9054,bored,1.0,0.8324,True,0.0377,20.72,32.06,258.39,237.14,366.01,344.74
3982,134.4516,2,bored,0.9171,bored,1.0,0.837,True,0.0375,17.94,20.64,258.3,237.23,365.63,344.55
3983,134.5001,2,bored,0.9171,bored,1.0,0.8393,True,0.0375,18.98,37.03,258.3,237.23,365.63,344.55
3984,134.5271,2,bored,0.9239,bored,1.0,0.8424,True,0.0369,18.96,39.03,258.35,237.87,364.88,344.22
3985,134.5527,2,bored,0.9178,bored,1.0,0.8452,True,0.0374,20.25,22.66,258.18,237.37,365.32,344.7
3986,134.5968,2,bored,0.9178,bored,1.0,0.8474,True,0.0374,19.59,36.09,258.18,237.37,365.32,344.7
3987,134.6245,2,bored,0.9197,bored,1.0,0.8502,True,0.0371,20.66,36.51,258.33,238.32,365.32,344.73
3988,134.6519,2,bored,0.9045,bored,1.0,0.8524,True,0.037,19.05,26.23,258.62,238.0,365.31,344.53
3989,134.69,2,bored,0.9045,bored,1.0,0.8546,True,0.037,21.61,34.34,258.62,238.0,365.31,344.53
3990,134.7192,2,bored,0.9155,bored,1.0,0.8561,True,0.0371,18.19,28.37,258.53,237.88,365.37,344.5
3991,134.7554,2,bored,0.9052,bored,1.0,0.8617,True,0.0368,18.38,20.59,259.13,237.72,365.27,344.3
3992,134.803,2,bored,0.9052,bored,1.0,0.8673,True,0.0368,20.8,34.07,259.13,237.72,365.27,344.3
3993,134.8323,2,bored,0.9109,bored,1.0,0.87,True,0.0377,19.94,37.3,258.99,237.5,366.87,344.76
3994,134.8591,2,bored,0.9097,bored,1.0,0.8719,True,0.0377,19.47,23.75,258.95,237.35,367.04,344.54
3995,134.9012,2,bored,0.9097,bored,1.0,0.8738,True,0.0377,20.07,36.83,258.95,237.35,367.04,344.54
3996,134.9284,2,bored,0.8896,bored,1.0,0.8767,True,0.0373,18.09,39.04,259.41,237.67,366.94,344.15
3997,134.954,2,bored,0.8367,bored,1.0,0.8777,True,0.037,19.1,24.0,259.56,237.79,366.77,343.92
3998,134.9957,2,bored,0.8367,bored,1.0,0.8778,True,0.037,19.94,35.35,259.56,237.79,366.77,343.92
3999,135.024,2,bored,0.8597,bored,1.0,0.8784,True,0.0369,20.84,33.81,259.6,237.59,366.63,343.55
4000,135.0535,2,bored,0.8252,bored,1.0,0.878,True,0.0372,20.0,24.82,259.51,237.7,367.25,343.75
4001,135.0938,2,bored,0.8252,bored,1.0,0.8776,True,0.0372,22.03,32.6,259.51,237.7,367.25,343.75
4002,135.1245,2,bored,0.7772,bored,1.0,0.8761,True,0.0367,20.48,35.91,260.45,238.64,366.86,344.56
4003,135.1523,2,bored,0.8216,bored,1.0,0.876,True,0.0363,18.96,19.94,258.95,238.47,365.31,343.33
4004,135.2035,2,bored,0.8216,bored,1.0,0.876,True,0.0363,19.78,35.1,258.95,238.47,365.31,343.33
4005,135.231,2,bored,0.805,bored,1.0,0.8761,True,0.0358,20.04,35.64,259.05,238.94,364.24,343.44
4006,135.259,2,bored,0.7734,bored,1.0,0.8737,True,0.0357,18.85,25.25,259.33,240.05,364.51,344.33
4007,135.2987,2,bored,0.7734,bored,1.0,0.8713,True,0.0357,18.78,38.3,259.33,240.05,364.51,344.33
4008,135.3248,2,bored,0.81,bored,1.0,0.8695,True,0.0367,19.11,36.66,257.35,237.78,363.58,343.78
4009,135.352,2,bored,0.6912,bored,1.0,0.8637,True,0.037,22.24,20.71,258.14,237.57,364.35,344.67
4010,135.4003,2,bored,0.6912,bored,1.0,0.8574,True,0.037,18.28,40.69,258.14,237.57,364.35,344.67
4011,135.426,2,bored,0.755,bored,1.0,0.8524,True,0.0362,20.82,32.6,256.46,238.01,361.95,343.48
4012,135.4556,2,bored,0.8034,bored,1.0,0.8486,True,0.0362,20.61,25.66,256.01,238.21,361.75,343.43
4013,135.4945,2,bored,0.8034,bored,1.0,0.8448,True,0.0362,19.86,35.95,256.01,238.21,361.75,343.43
4014,135.5224,2,bored,0.8482,bored,1.0,0.8423,True,0.0364,19.75,36.52,255.77,237.44,361.44,343.35
4015,135.5497,2,bored,0.8442,bored,1.0,0.8398,True,0.0361,19.95,26.02,256.08,237.82,361.48,343.15
4016,135.5882,2,bored,0.8442,bored,1.0,0.8374,True,0.0361,19.74,37.36,256.08,237.82,361.48,343.15
4017,135.6149,2,bored,0.8452,bored,1.0,0.8349,True,0.0365,19.9,34.96,255.9,236.96,361.5,343.24
4018,135.6435,2,bored,0.8557,bored,1.0,0.8333,True,0.0363,18.19,17.97,256.33,237.22,361.49,343.22
4019,135.6992,2,bored,0.8557,bored,1.0,0.8316,True,0.0363,20.14,35.56,256.33,237.22,361.49,343.22
4020,135.7273,2,bored,0.8533,bored,1.0,0.8296,True,0.0359,20.33,35.86,256.53,238.01,361.43,343.29
4021,135.7552,2,bored,0.8229,bored,1.0,0.8268,True,0.0361,19.73,25.84,256.45,238.55,362.11,343.48
4022,135.7949,2,bored,0.8229,bored,1.0,0.8241,True,0.0361,19.17,34.86,256.45,238.55,362.11,343.48
4023,135.8226,2,bored,0.8295,bored,1.0,0.8214,True,0.0359,23.63,30.83,256.47,238.74,361.84,343.43
4024,135.855,2,bored,0.8202,bored,1.0,0.8184,True,0.0364,21.44,25.99,256.32,237.93,362.19,343.51
4025,135.8935,2,bored,0.8202,bored,1.0,0.8154,True,0.0364,23.27,32.81,256.32,237.93,362.19,343.51
4026,135.925,2,bored,0.8605,bored,1.0,0.8144,True,0.0363,24.25,32.02,256.38,238.27,362.25,343.63
4027,135.9552,2,bored,0.8624,bored,1.0,0.8153,True,0.036,22.67,29.16,256.46,238.39,361.72,343.46
4028,135.9895,2,bored,0.8624,bored,1.0,0.8161,True,0.036,21.8,33.52,256.46,238.39,361.72,343.46
4029,136.0193,2,bored,0.864,bored,1.0,0.8163,True,0.0365,19.54,36.27,256.04,237.7,362.09,343.54
4030,136.0469,2,bored,0.8532,bored,1.0,0.8172,True,0.0362,21.63,25.97,256.12,238.27,361.6,343.58
4031,136.0854,2,bored,0.8282,bored,1.0,0.8173,True,0.0362,18.58,16.56,256.2,238.16,361.77,343.6
4032,136.1458,2,bored,0.8282,bored,1.0,0.819,True,0.0362,18.55,37.97,256.2,238.16,361.77,343.6
4033,136.1721,2,bored,0.864,bored,1.0,0.8204,True,0.0363,19.37,38.37,255.9,238.46,361.71,343.94
4034,136.1982,2,bored,0.864,bored,1.0,0.8218,True,0.0363,19.58,36.9,255.9,238.46,361.71,343.94
4035,136.2263,2,bored,0.8565,bored,1.0,0.8236,True,0.0363,21.12,33.71,256.05,238.37,361.94,343.82
4036,136.255,2,bored,0.8574,bored,1.0,0.8264,True,0.0368,18.91,27.73,255.54,237.62,361.75,343.93
4037,136.291,2,bored,0.8574,bored,1.0,0.8292,True,0.0368,21.87,33.47,255.54,237.62,361.75,343.93
4038,136.3209,2,bored,0.8531,bored,1.0,0.8306,True,0.0367,19.42,37.47,255.52,237.69,361.54,344.01
4039,136.3476,2,bored,0.8551,bored,1.0,0.8361,True,0.0364,20.1,24.19,255.75,237.97,361.23,343.96
4040,136.3889,2,bored,0.8551,bored,1.0,0.8415,True,0.0364,19.57,36.07,255.75,237.97,361.23,343.96
4041,136.4167,2,bored,0.8743,bored,1.0,0.8455,True,0.0364,17.99,37.52,255.79,237.65,361.08,343.88
4042,136.4433,2,bored,0.8696,bored,1.0,0.8477,True,0.0365,21.86,23.0,255.5,237.38,360.91,343.88
4043,136.4868,2,bored,0.8567,bored,1.0,0.8495,True,0.0367,21.17,21.37,255.42,237.05,360.96,343.81
4044,136.5336,2,bored,0.8567,bored,1.0,0.8498,True,0.0367,20.67,34.71,255.42,237.05,360.96,343.81
4045,136.5624,2,bored,0.8533,bored,1.0,0.8501,True,0.0369,20.25,30.83,255.36,236.87,361.47,343.77
4046,136.5948,2,bored,0.8452,bored,1.0,0.8501,True,0.0366,20.61,19.16,255.67,237.6,361.56,343.85
4047,136.647,2,bored,0.8452,bored,1.0,0.8501,True,0.0366,18.91,39.33,255.67,237.6,361.56,343.85
4048,136.6724,2,bored,0.8448,bored,1.0,0.8497,True,0.0364,22.64,33.06,255.36,238.11,361.53,343.57
4049,136.7027,2,bored,0.8448,bored,1.0,0.8494,True,0.0364,21.01,36.33,255.36,238.11,361.53,343.57
4050,136.7302,2,bored,0.8541,bored,1.0,0.8494,True,0.0364,20.04,35.7,255.75,238.05,361.51,343.86
4051,136.7582,2,bored,0.8675,bored,1.0,0.8509,True,0.0363,19.55,32.76,255.9,238.02,361.4,343.64
4052,136.7887,2,bored,0.8675,bored,1.0,0.8524,True,0.0363,20.31,36.54,255.9,238.02,361.4,343.64
4053,136.8161,2,bored,0.805,bored,1.0,0.8516,True,0.0363,20.11,36.36,256.32,238.2,361.82,343.84
4054,136.8436,2,bored,0.7602,bored,1.0,0.8496,True,0.0361,18.54,24.95,256.55,238.28,361.93,343.64
4055,136.8837,2,bored,0.7018,bored,1.0,0.8456,True,0.0362,20.0,20.81,256.78,238.4,362.33,343.82
4056,136.9317,2,bored,0.7018,bored,1.0,0.8403,True,0.0362,18.85,36.36,256.78,238.4,362.33,343.82
4057,136.9592,2,bored,0.7053,bored,1.0,0.8351,True,0.0361,19.32,35.93,257.07,238.93,362.95,343.63
4058,136.9871,2,bored,0.6977,bored,1.0,0.8296,True,0.0364,18.44,18.18,258.57,239.41,364.5,344.94
4059,137.0421,2,bored,0.6977,bored,1.0,0.8241,True,0.0364,19.18,36.84,258.57,239.41,364.5,344.94
4060,137.0702,2,bored,0.6963,bored,1.0,0.8188,True,0.0369,20.32,34.65,258.6,239.07,364.85,345.67
4061,137.0981,2,bored,0.6963,bored,1.0,0.8144,True,0.0369,21.13,33.46,258.6,239.07,364.85,345.67
4062,137.128,2,bored,0.7391,bored,1.0,0.8114,True,0.036,20.29,35.31,259.33,240.23,364.73,345.23
4063,137.1563,2,bored,0.7524,bored,1.0,0.8077,True,0.0369,20.01,32.3,259.44,239.04,365.29,346.13
4064,137.1872,2,bored,0.7524,bored,1.0,0.804,True,0.0369,19.49,35.44,259.44,239.04,365.29,346.13
4065,137.2155,2,bored,0.7503,bored,1.0,0.8005,True,0.0361,19.34,37.6,259.68,239.91,364.9,345.44
4066,137.2421,2,bored,0.7777,bored,1.0,0.7978,True,0.0364,20.19,22.8,258.06,238.33,363.66,344.22
4067,137.2859,2,bored,0.8268,bored,1.0,0.7968,True,0.0372,17.96,22.93,258.1,237.38,364.32,344.88
4068,137.3295,2,bored,0.8268,bored,1.0,0.7959,True,0.0372,17.94,35.3,258.1,237.38,364.32,344.88
4069,137.3578,2,bored,0.7919,bored,1.0,0.7938,True,0.0364,21.02,35.55,260.02,239.13,364.95,345.8
4070,137.386,2,bored,0.8363,bored,1.0,0.7932,True,0.0372,18.26,23.25,258.36,237.68,365.47,344.43
4071,137.429,2,bored,0.8363,bored,1.0,0.7919,True,0.0372,19.37,35.81,258.36,237.68,365.47,344.43
4072,137.4569,2,bored,0.9017,bored,1.0,0.793,True,0.037,19.28,28.8,258.45,238.12,365.43,344.37
4073,137.4916,2,bored,0.9026,bored,1.0,0.7945,True,0.0373,19.14,20.36,258.14,237.59,365.39,344.49
4074,137.5407,2,bored,0.9026,bored,1.0,0.796,True,0.0373,20.91,35.27,258.14,237.59,365.39,344.49
4075,137.5691,2,bored,0.8699,bored,1.0,0.7966,True,0.0374,20.51,34.46,258.52,237.57,365.73,344.6
4076,137.5981,2,bored,0.8699,bored,1.0,0.7974,True,0.0374,19.1,39.0,258.52,237.57,365.73,344.6
4077,137.6238,2,bored,0.8978,bored,1.0,0.7992,True,0.0376,20.03,36.34,258.27,237.68,365.76,345.03
4078,137.6513,2,bored,0.9081,bored,1.0,0.8013,True,0.0373,21.14,28.03,258.18,237.66,365.12,344.79
4079,137.6869,2,bored,0.8852,bored,1.0,0.8026,True,0.0376,19.34,22.21,257.9,237.6,365.32,344.99
4080,137.732,2,bored,0.8852,bored,1.0,0.8037,True,0.0376,19.77,35.06,257.9,237.6,365.32,344.99
4081,137.7605,2,bored,0.9009,bored,1.0,0.8048,True,0.0372,19.87,36.32,257.89,237.69,364.49,344.8
4082,137.788,2,bored,0.8206,bored,1.0,0.8032,True,0.0372,21.42,24.09,258.17,237.44,364.81,344.52
4083,137.8295,2,bored,0.8206,bored,1.0,0.8037,True,0.0372,21.19,34.57,258.17,237.44,364.81,344.52
4084,137.8585,2,bored,0.8506,bored,1.0,0.8068,True,0.0372,19.49,36.46,258.28,237.11,364.57,344.63
4085,137.8859,2,bored,0.8437,bored,1.0,0.8115,True,0.0374,20.48,18.02,259.56,238.65,366.09,346.58
4086,137.9414,2,bored,0.8437,bored,1.0,0.8162,True,0.0374,20.58,34.35,259.56,238.65,366.09,346.58
4087,137.9705,2,bored,0.8437,bored,1.0,0.8208,True,0.0372,20.69,34.66,258.19,237.73,364.94,344.72
4088,137.9994,2,bored,0.8437,bored,1.0,0.8257,True,0.0372,19.0,36.33,258.19,237.73,364.94,344.72
4089,138.0269,2,bored,0.8382,bored,1.0,0.8304,True,0.0369,19.82,37.24,259.73,239.03,365.62,346.1
4090,138.0537,2,bored,0.8439,bored,1.0,0.8353,True,0.0376,19.01,33.35,258.02,237.04,365.16,344.76
4091,138.0837,2,bored,0.9074,bored,1.0,0.8423,True,0.037,22.68,19.53,258.2,237.97,364.78,344.48
4092,138.1349,2,bored,0.9074,bored,1.0,0.8479,True,0.037,18.94,37.92,258.2,237.97,364.78,344.48
4093,138.1613,2,bored,0.7982,bored,1.0,0.8495,True,0.0373,20.46,34.48,258.28,237.94,365.42,344.77
4094,138.1903,2,bored,0.7807,bored,1.0,0.8504,True,0.0365,18.76,26.2,259.8,239.64,365.15,345.97
4095,138.2285,2,bored,0.7807,bored,1.0,0.8514,True,0.0365,20.56,34.18,259.8,239.64,365.15,345.97
4096,138.2577,2,bored,0.7708,bored,1.0,0.8512,True,0.0373,19.02,38.26,259.42,238.39,365.48,346.39
4097,138.2853,2,bored,0.7632,bored,1.0,0.8491,True,0.0372,19.28,24.35,259.52,238.1,365.35,346.0
4098,138.3249,2,bored,0.7632,bored,1.0,0.847,True,0.0372,23.39,32.36,259.52,238.1,365.35,346.0
4099,138.3558,2,bored,0.8167,bored,1.0,0.8478,True,0.037,20.02,30.18,259.31,238.81,365.41,345.91
4100,138.389,2,bored,0.8149,bored,1.0,0.8471,True,0.0376,19.81,20.68,257.62,236.87,364.97,344.36
4101,138.4383,2,bored,0.8149,bored,1.0,0.8464,True,0.0376,22.7,31.61,257.62,236.87,364.97,344.36
4102,138.469,2,bored,0.8732,bored,1.0,0.8454,True,0.0374,18.66,36.3,257.59,237.37,364.74,344.55
4103,138.4975,3,frustrated,0.9123,bored,0.9667,0.8434,True,0.036,18.97,28.33,257.19,238.92,362.84,343.62
4104,138.5318,3,frustrated,0.9123,bored,0.9333,0.8413,True,0.036,19.08,38.48,257.19,238.92,362.84,343.62
4105,138.5588,3,frustrated,0.9098,bored,0.9,0.8403,True,0.035,19.41,33.77,253.24,238.56,356.18,342.9
4106,138.5874,3,frustrated,0.9459,bored,0.8667,0.8391,True,0.0336,18.8,24.95,248.87,238.19,348.32,342.08
4107,138.6275,3,frustrated,0.9459,bored,0.8333,0.8368,True,0.0336,19.16,36.66,248.87,238.19,348.32,342.08
4108,138.6548,3,frustrated,0.8686,bored,0.8,0.8338,True,0.0331,21.08,34.4,242.9,236.98,340.19,341.49
4109,138.6838,3,frustrated,0.8423,bored,0.7667,0.8316,True,0.0306,20.34,23.83,244.9,239.51,337.95,340.39
4110,138.7258,3,frustrated,0.8423,bored,0.7333,0.8291,True,0.0306,19.96,35.66,244.9,239.51,337.95,340.39
4111,138.7538,2,bored,0.6824,bored,0.7333,0.8192,True,0.0315,21.85,32.26,241.42,237.15,335.48,339.86
4112,138.7848,2,bored,0.7736,bored,0.7333,0.8171,True,0.0306,20.82,27.7,241.32,237.01,334.05,338.49
4113,138.8209,2,bored,0.7987,bored,0.7333,0.8161,True,0.0307,19.97,15.73,240.73,236.02,334.17,336.89
4114,138.8845,2,bored,0.7987,bored,0.7333,0.8137,True,0.0307,19.56,36.12,240.73,236.02,334.17,336.89
4115,138.9122,2,bored,0.7319,bored,0.7333,0.8086,True,0.0311,19.29,35.31,239.72,236.6,334.8,337.08
4116,138.9405,2,bored,0.7319,bored,0.7333,0.8035,True,0.0311,20.16,37.78,239.72,236.6,334.8,337.08
4117,138.967,2,bored,0.7094,bored,0.7333,0.7974,True,0.0314,19.84,36.29,240.0,236.28,335.91,336.98
4118,138.9945,0,engaged,0.3128,bored,0.7,0.7952,True,0.0325,19.36,30.07,238.81,234.21,336.11,336.92
4119,139.0278,0,engaged,0.3128,bored,0.6667,0.7931,True,0.0325,19.63,35.72,238.81,234.21,336.11,336.92
4120,139.0558,0,engaged,0.4172,bored,0.6333,0.7904,True,0.0322,20.24,34.52,239.3,233.94,335.26,337.04
4121,139.0848,0,engaged,0.4437,bored,0.6,0.7839,True,0.0313,20.12,25.26,240.55,235.4,335.66,336.61
4122,139.1243,0,engaged,0.4437,bored,0.5667,0.7766,True,0.0313,20.24,35.9,240.55,235.4,335.66,336.61
4123,139.1522,0,engaged,0.2678,bored,0.5333,0.7753,True,0.0319,18.79,37.56,240.8,236.25,337.61,337.42
4124,139.1788,0,engaged,0.3173,bored,0.5,0.7749,True,0.0326,19.62,24.1,240.12,236.19,338.88,337.51
4125,139.2203,0,engaged,0.3744,bored,0.4667,0.7745,True,0.0323,20.97,20.53,241.22,237.08,339.78,337.74
4126,139.269,0,engaged,0.3744,bored,0.4333,0.7748,True,0.0323,18.15,36.14,241.22,237.08,339.78,337.74
4127,139.2967,0,engaged,0.3309,bored,0.4,0.7758,True,0.0337,19.92,29.2,239.21,235.62,340.21,338.08
4128,139.3309,0,engaged,0.2693,neutral,0.3667,0.7769,True,0.0333,18.87,20.22,239.88,235.87,339.96,338.25
4129,139.3804,0,engaged,0.2693,neutral,0.4,0.3445,True,0.0333,19.45,36.73,239.88,235.87,339.96,338.25
4130,139.4076,2,bored,0.7338,neutral,0.4,0.3445,True,0.0332,21.55,34.74,239.48,236.43,338.81,338.96
4131,139.4364,2,bored,0.7338,neutral,0.4,0.3445,True,0.0332,20.11,35.28,239.48,236.43,338.81,338.96
4132,139.4648,0,engaged,0.2764,neutral,0.4333,0.3392,True,0.0324,21.05,31.14,241.83,235.92,338.27,339.01
4133,139.4969,0,engaged,0.3773,neutral,0.4667,0.342,True,0.0319,20.63,33.7,241.24,236.18,336.85,338.73
4134,139.5275,0,engaged,0.3773,neutral,0.5,0.3443,True,0.0319,20.72,32.53,241.24,236.18,336.85,338.73
4135,139.5573,0,engaged,0.2497,neutral,0.5333,0.3384,True,0.0328,23.08,31.37,238.79,235.6,336.81,338.43
4136,139.5892,2,bored,0.7137,neutral,0.5333,0.3384,True,0.0318,20.05,33.53,240.64,237.02,336.92,338.55
4137,139.619,2,bored,0.6795,neutral,0.5333,0.3384,True,0.032,20.19,19.96,239.55,237.1,336.4,338.67
4138,139.6691,2,bored,0.6795,neutral,0.5333,0.3384,True,0.032,19.23,36.87,239.55,237.1,336.4,338.67
4139,139.6962,2,bored,0.6712,neutral,0.5333,0.3384,True,0.0317,19.21,37.69,238.43,237.45,334.46,338.97
4140,139.7227,0,engaged,0.3336,neutral,0.5667,0.3381,True,0.0321,18.87,17.64,237.41,235.94,333.34,338.63
4141,139.7794,0,engaged,0.3336,neutral,0.6,0.3379,True,0.0321,20.88,34.95,237.41,235.94,333.34,338.63
4142,139.808,0,engaged,0.3276,neutral,0.6333,0.3373,True,0.0312,18.25,36.26,239.47,236.22,332.54,339.28
4143,139.8356,0,engaged,0.3276,neutral,0.6667,0.3368,True,0.0312,20.02,35.34,239.47,236.22,332.54,339.28
4144,139.8639,0,engaged,0.3633,neutral,0.7,0.3381,True,0.031,19.86,35.64,239.69,236.21,332.81,338.52
4145,139.892,0,engaged,0.3708,neutral,0.7333,0.3396,True,0.0311,19.51,31.72,239.4,235.51,332.15,338.65
4146,139.9235,0,engaged,0.3708,neutral,0.7667,0.3409,True,0.0311,21.67,34.05,239.4,235.51,332.15,338.65
4147,139.9529,0,engaged,0.3691,neutral,0.8,0.3421,True,0.0316,18.78,35.55,239.13,234.89,332.6,338.66
4148,139.981,2,bored,0.7717,neutral,0.7667,0.3434,True,0.0299,20.06,25.25,240.67,238.39,332.4,338.37
4149,140.0206,0,engaged,0.2903,neutral,0.7667,0.3424,True,0.0315,19.21,21.62,238.56,235.69,332.76,338.27
4150,140.0668,0,engaged,0.2903,neutral,0.7667,0.3369,True,0.0315,19.46,37.08,238.56,235.69,332.76,338.27
4151,140.0948,2,bored,0.7911,neutral,0.7333,0.332,True,0.0303,19.82,35.47,239.65,238.33,333.0,338.2
4152,140.122,2,bored,0.8189,neutral,0.7,0.3267,True,0.0297,21.05,22.78,240.97,238.86,332.82,338.18
4153,140.1659,2,bored,0.8189,neutral,0.6667,0.3297,True,0.0297,20.95,34.54,240.97,238.86,332.82,338.18
4154,140.1949,2,bored,0.8227,neutral,0.6333,0.3303,True,0.0299,18.85,30.7,240.51,237.85,332.07,338.22
4155,140.2274,2,bored,0.826,neutral,0.6,0.3279,True,0.0303,18.99,20.29,239.51,237.36,331.97,338.17
4156,140.2767,2,bored,0.826,neutral,0.5667,0.3251,True,0.0303,19.11,36.86,239.51,237.36,331.97,338.17
4157,140.3039,2,bored,0.8328,neutral,0.5333,0.3248,True,0.0311,18.36,36.92,238.39,237.33,332.92,338.37
4158,140.3309,2,bored,0.8328,neutral,0.5,0.3285,True,0.0311,20.38,34.56,238.39,237.33,332.92,338.37
4159,140.3599,3,frustrated,0.6679,bored,0.5,0.7702,True,0.0331,19.36,35.86,236.97,234.96,335.03,338.78
4160,140.3878,3,frustrated,0.6131,bored,0.4667,0.7728,True,0.032,21.34,31.12,244.16,236.58,340.46,338.8
4161,140.4199,2,bored,0.7748,neutral,0.4667,0.3327,True,0.0321,18.02,21.91,251.72,235.71,348.62,337.41
4162,140.4655,2,bored,0.7748,bored,0.5,0.7756,True,0.0321,20.81,34.38,251.72,235.71,348.62,337.41
4163,140.4946,2,bored,0.8281,bored,0.5333,0.7789,True,0.0315,20.83,34.67,254.63,235.79,350.31,336.8
4164,140.5234,2,bored,0.8321,bored,0.5667,0.782,True,0.032,18.37,25.74,254.83,236.01,352.3,336.81
4165,140.5623,2,bored,0.8321,bored,0.6,0.7848,True,0.032,18.77,35.72,254.83,236.01,352.3,336.81
4166,140.5903,2,bored,0.8932,bored,0.6,0.7948,True,0.0328,21.12,34.91,255.75,234.04,353.61,337.0
4167,140.6189,2,bored,0.6449,bored,0.6,0.7929,True,0.0327,19.54,18.0,257.0,234.99,355.17,337.39
4168,140.6745,2,bored,0.6449,bored,0.6,0.7909,True,0.0327,19.38,37.34,257.0,234.99,355.17,337.39
4169,140.7013,2,bored,0.7245,bored,0.6,0.7939,True,0.0328,18.95,37.57,258.28,237.23,357.86,338.38
4170,140.7279,2,bored,0.7245,bored,0.6333,0.7903,True,0.0328,20.97,34.32,258.28,237.23,357.86,338.38
4171,140.7571,3,frustrated,0.72,bored,0.6333,0.7903,True,0.0351,19.99,35.06,257.46,236.25,361.43,340.03
4172,140.7856,3,frustrated,0.9183,bored,0.6333,0.7903,True,0.0352,20.37,27.5,257.75,237.37,361.77,341.24
4173,140.8219,3,frustrated,0.9337,bored,0.6333,0.7903,True,0.0351,21.2,21.23,257.59,238.26,361.58,341.98
4174,140.87,3,frustrated,0.9337,bored,0.6333,0.7903,True,0.0351,20.64,33.18,257.59,238.26,361.58,341.98
4175,140.9002,3,frustrated,0.9391,bored,0.6333,0.7903,True,0.0358,20.22,34.8,257.55,237.71,361.89,343.03
4176,140.9279,3,frustrated,0.9304,bored,0.6333,0.7903,True,0.0359,19.8,28.01,257.17,238.94,362.49,343.74
4177,140.9636,3,frustrated,0.9304,bored,0.6333,0.7903,True,0.0359,19.46,36.78,257.17,238.94,362.49,343.74
4178,140.9908,3,frustrated,0.9477,bored,0.6,0.7913,True,0.0369,22.27,33.23,257.16,238.47,363.86,344.75
4179,141.0209,3,frustrated,0.9407,bored,0.6,0.7913,True,0.0374,19.08,25.89,257.78,237.39,364.82,344.7
4180,141.0595,3,frustrated,0.9407,bored,0.6,0.7913,True,0.0374,20.09,37.15,257.78,237.39,364.82,344.7
4181,141.0874,3,frustrated,0.9246,bored,0.5667,0.7913,True,0.0375,18.99,26.85,260.81,238.23,369.66,344.05
4182,141.1237,3,frustrated,0.8241,bored,0.5333,0.7896,True,0.0374,18.68,21.04,268.26,238.59,377.25,343.88
4183,141.1712,3,frustrated,0.8241,bored,0.5,0.7876,True,0.0374,19.9,35.0,268.26,238.59,377.25,343.88
4184,141.1998,3,frustrated,0.8174,frustrated,0.5333,0.8629,True,0.0379,18.53,40.01,273.41,236.45,381.29,344.34
4185,141.2248,3,frustrated,0.851,frustrated,0.5667,0.8622,True,0.0393,23.14,21.76,278.23,236.08,390.61,343.58
4186,141.2708,3,frustrated,0.851,frustrated,0.6,0.8615,True,0.0393,20.99,33.17,278.23,236.08,390.61,343.58
4187,141.3009,3,frustrated,0.7157,frustrated,0.6333,0.8539,True,0.0403,20.12,34.39,284.72,235.49,397.5,345.4
4188,141.33,3,frustrated,0.8872,frustrated,0.6667,0.8555,True,0.0394,19.85,29.7,289.62,236.86,400.25,346.2
4189,141.3636,3,frustrated,0.8872,frustrated,0.6667,0.8665,True,0.0394,19.88,37.16,289.62,236.86,400.25,346.2
4190,141.3906,3,frustrated,0.849,frustrated,0.6667,0.8783,True,0.0382,21.36,35.4,297.55,238.38,405.84,346.72
4191,141.4188,2,bored,0.2297,frustrated,0.6667,0.8783,True,0.039,19.46,24.67,300.46,237.82,410.99,346.32
4192,141.4593,2,bored,0.2297,frustrated,0.6667,0.8783,True,0.039,21.55,34.68,300.46,237.82,410.99,346.32
4193,141.4882,2,bored,0.7369,frustrated,0.6667,0.8783,True,0.0353,18.7,38.87,309.29,241.54,414.83,344.34
4194,141.5151,2,bored,0.8862,frustrated,0.6667,0.8783,True,0.0357,19.51,17.16,310.97,241.47,416.15,345.84
4195,141.5722,2,bored,0.8862,frustrated,0.6667,0.8783,True,0.0357,20.01,36.28,310.97,241.47,416.15,345.84
4196,141.5997,2,bored,0.8852,frustrated,0.6667,0.8783,True,0.0362,18.93,37.96,312.16,237.37,416.48,343.98
4197,141.6261,2,bored,0.8717,frustrated,0.6667,0.8783,True,0.0365,18.94,24.12,312.01,236.19,416.55,343.39
4198,141.6675,2,bored,0.8717,frustrated,0.6667,0.8783,True,0.0365,21.14,35.24,312.01,236.19,416.55,343.39
4199,141.6959,2,bored,0.8646,frustrated,0.6667,0.8783,True,0.0363,19.78,36.65,309.62,236.19,414.8,342.34
4200,141.7232,3,frustrated,0.8694,frustrated,0.7,0.8779,True,0.0375,19.05,25.23,304.46,233.06,410.93,341.21
4201,141.7628,3,frustrated,0.8694,frustrated,0.7,0.885,True,0.0375,18.34,39.03,304.46,233.06,410.93,341.21
4202,141.7885,3,frustrated,0.6321,frustrated,0.7,0.8713,True,0.0363,20.61,34.92,298.57,233.62,404.31,339.23
4203,141.8171,3,frustrated,0.7677,frustrated,0.7,0.8634,True,0.0362,19.99,23.56,292.71,233.51,397.56,339.51
4204,141.8595,3,frustrated,0.7677,frustrated,0.7,0.8555,True,0.0362,18.26,38.54,292.71,233.51,397.56,339.51
4205,141.8855,3,frustrated,0.3861,frustrated,0.7,0.8292,True,0.0368,19.9,33.99,287.04,232.47,394.56,337.75
4206,141.9149,2,bored,0.5525,frustrated,0.6667,0.8241,True,0.0349,18.85,25.75,280.87,231.41,383.49,335.83
4207,141.9537,2,bored,0.5525,frustrated,0.6333,0.8186,True,0.0349,20.07,35.19,280.87,231.41,383.49,335.83
4208,141.9822,2,bored,0.8481,frustrated,0.6,0.8114,True,0.0356,19.6,35.86,272.07,232.3,378.02,335.65
4209,142.0101,2,bored,0.8471,frustrated,0.5667,0.8038,True,0.0345,20.74,16.79,266.28,232.54,368.83,335.74
4210,142.0696,2,bored,0.8471,frustrated,0.5333,0.7952,True,0.0345,19.07,38.43,266.28,232.54,368.83,335.74
4211,142.0966,2,bored,0.8861,frustrated,0.5,0.7866,True,0.0338,19.48,34.62,263.54,233.42,364.67,336.04
4212,142.1245,3,frustrated,0.4246,frustrated,0.5,0.76,True,0.0341,19.66,25.28,258.9,234.14,362.56,335.17
4213,142.1641,3,frustrated,0.4246,frustrated,0.5,0.7333,True,0.0341,18.0,37.12,258.9,234.14,362.56,335.17
4214,142.191,2,bored,0.6741,bored,0.5333,0.7293,True,0.0334,19.65,35.5,256.26,233.17,356.33,335.61
4215,142.2192,2,bored,0.9023,bored,0.5667,0.7395,True,0.035,18.9,24.63,251.93,232.72,355.38,336.61
4216,142.2598,2,bored,0.9023,bored,0.6,0.7486,True,0.035,19.56,37.05,251.93,232.72,355.38,336.61
4217,142.2868,2,bored,0.9138,bored,0.6333,0.7573,True,0.0354,18.64,37.16,249.85,232.73,354.07,337.08
4218,142.3137,2,bored,0.9205,bored,0.6667,0.7654,True,0.0349,18.12,25.05,247.21,233.98,351.64,336.52
4219,142.3536,2,bored,0.9205,bored,0.7,0.7728,True,0.0349,19.72,35.63,247.21,233.98,351.64,336.52
4220,142.3817,2,bored,0.9062,bored,0.7333,0.7789,True,0.0362,19.59,36.88,243.06,233.72,350.29,337.51
4221,142.4088,2,bored,0.894,bored,0.7333,0.8091,True,0.0362,18.12,22.85,242.07,234.13,349.17,337.84
4222,142.4525,2,bored,0.8633,bored,0.7333,0.8379,True,0.0362,18.09,15.64,241.77,234.49,348.85,338.48
4223,142.5164,2,bored,0.8633,bored,0.7333,0.8436,True,0.0362,17.69,38.4,241.77,234.49,348.85,338.48
4224,142.5435,2,bored,0.829,bored,0.7333,0.841,True,0.0359,18.82,36.85,241.83,236.11,349.04,339.08
4225,142.5696,2,bored,0.829,bored,0.7333,0.8384,True,0.0359,18.34,37.94,241.83,236.11,349.04,339.08
4226,142.596,3,frustrated,0.8293,bored,0.7,0.8362,True,0.0358,20.24,36.03,243.33,235.78,349.33,339.64
4227,142.6237,3,frustrated,0.8374,bored,0.6667,0.8344,True,0.0365,19.58,28.6,244.16,236.79,351.65,341.25
4228,142.6587,3,frustrated,0.8374,bored,0.6333,0.8324,True,0.0365,19.06,36.18,244.16,236.79,351.65,341.25
4229,142.6863,3,frustrated,0.8518,bored,0.6,0.8306,True,0.035,18.74,36.67,248.95,237.86,352.32,341.9
4230,142.7136,3,frustrated,0.7206,bored,0.6,0.8306,True,0.034,18.62,25.52,252.44,238.41,354.36,340.74
4231,142.7528,3,frustrated,0.7206,bored,0.6,0.8306,True,0.034,21.13,33.5,252.44,238.41,354.36,340.74
4232,142.7827,2,bored,0.6342,bored,0.6333,0.8203,True,0.0348,19.76,38.31,255.18,238.45,359.76,340.67
4233,142.8088,3,frustrated,0.5058,bored,0.6333,0.8203,True,0.035,20.62,23.13,256.95,237.13,361.82,339.6
4234,142.852,2,bored,0.8795,bored,0.6667,0.8233,True,0.0358,21.98,19.79,257.56,235.51,364.16,338.63
4235,142.9025,2,bored,0.8795,bored,0.7,0.8259,True,0.0358,18.62,37.77,257.56,235.51,364.16,338.63
4236,142.929,2,bored,0.8839,bored,0.7,0.8417,True,0.0358,19.3,28.76,258.4,234.63,364.71,338.09
4237,142.9648,2,bored,0.8978,bored,0.7,0.8582,True,0.0366,19.33,20.39,258.36,232.52,365.59,337.35
4238,143.0128,2,bored,0.8978,bored,0.7,0.8605,True,0.0366,22.47,32.56,258.36,232.52,365.59,337.35
4239,143.0435,2,bored,0.7733,bored,0.7,0.857,True,0.0375,23.95,32.28,256.9,231.43,365.87,337.13
4240,143.0755,2,bored,0.7733,bored,0.7,0.8535,True,0.0375,22.25,32.0,256.9,231.43,365.87,337.13
4241,143.1057,2,bored,0.8557,bored,0.7,0.8521,True,0.0369,23.43,32.33,257.29,231.4,365.12,336.54
4242,143.1367,2,bored,0.9066,bored,0.7333,0.8545,True,0.0366,24.8,30.06,257.2,231.59,364.36,336.52
4243,143.1699,2,bored,0.9066,bored,0.7667,0.8568,True,0.0366,24.55,31.14,257.2,231.59,364.36,336.52
4244,143.2021,2,bored,0.9113,bored,0.7667,0.8671,True,0.0356,20.56,34.92,257.48,232.41,363.57,335.59
4245,143.2307,2,bored,0.8828,bored,0.7667,0.8663,True,0.0358,19.07,36.72,257.5,231.85,363.46,335.72
4246,143.2579,2,bored,0.7605,bored,0.7667,0.8601,True,0.0341,19.59,23.98,259.36,234.11,363.74,334.44
4247,143.2996,2,bored,0.7605,bored,0.7667,0.8534,True,0.0341,18.43,38.42,259.36,234.11,363.74,334.44
4248,143.3267,3,frustrated,0.8533,bored,0.7333,0.8504,True,0.034,18.84,35.85,257.95,231.52,362.02,331.95
4249,143.3536,3,frustrated,0.7388,bored,0.7,0.8471,True,0.0314,18.56,17.36,258.67,232.05,356.68,330.55
4250,143.4111,3,frustrated,0.7388,bored,0.6667,0.8441,True,0.0314,19.67,34.89,258.67,232.05,356.68,330.55
4251,143.4398,3,frustrated,0.8748,bored,0.6333,0.8415,True,0.0302,20.15,36.39,257.71,231.18,353.92,327.72
4252,143.4673,3,frustrated,0.8748,bored,0.6,0.8403,True,0.0302,18.56,38.29,257.71,231.18,353.92,327.72
4253,143.4934,3,frustrated,0.7082,bored,0.5667,0.8389,True,0.0303,19.74,36.82,255.64,230.42,352.96,325.92
4254,143.5206,2,bored,0.6355,bored,0.5667,0.8275,True,0.0292,19.51,28.16,255.08,229.64,350.5,323.68
4255,143.5561,2,bored,0.6355,bored,0.5667,0.8161,True,0.0292,18.94,37.75,255.08,229.64,350.5,323.68
4256,143.5826,2,bored,0.755,bored,0.6,0.8127,True,0.0288,18.61,36.87,252.69,230.45,349.18,322.0
4257,143.6097,2,bored,0.7454,bored,0.6333,0.8092,True,0.0279,19.09,24.13,250.72,230.98,345.3,321.73
4258,143.6511,2,bored,0.8385,bored,0.6667,0.8107,True,0.0281,20.5,20.36,249.55,230.95,344.8,321.57
4259,143.7002,2,bored,0.8385,bored,0.7,0.812,True,0.0281,19.11,38.23,249.55,230.95,344.8,321.57
4260,143.7264,2,bored,0.8209,bored,0.7333,0.8124,True,0.0281,19.06,35.99,249.09,230.8,344.24,321.57
4261,143.7542,2,bored,0.8715,bored,0.7667,0.815,True,0.0275,17.85,25.38,249.95,231.05,343.77,321.26
4262,143.7936,2,bored,0.8715,bored,0.7667,0.8253,True,0.0275,19.18,36.75,249.95,231.05,343.77,321.26
4263,143.8208,2,bored,0.8768,bored,0.8,0.8274,True,0.027,18.78,26.43,250.59,228.87,342.89,318.67
4264,143.8586,2,bored,0.8803,bored,0.8,0.8275,True,0.0267,17.85,21.09,251.37,228.94,343.39,318.17
4265,143.906,2,bored,0.8803,bored,0.8,0.8275,True,0.0267,20.57,35.27,251.37,228.94,343.39,318.17
4266,143.9344,2,bored,0.8782,bored,0.8,0.8273,True,0.0267,18.34,37.4,251.22,228.87,343.32,317.93
4267,143.9611,2,bored,0.8782,bored,0.8,0.8265,True,0.0267,21.04,36.45,251.22,228.87,343.32,317.93
4268,143.9886,2,bored,0.8953,bored,0.8,0.8263,True,0.0273,19.55,35.62,250.05,228.41,343.49,318.3
4269,144.0176,2,bored,0.8888,bored,0.8,0.8312,True,0.0272,20.74,27.64,250.6,228.14,343.43,318.29
4270,144.0528,2,bored,0.8489,bored,0.8,0.8343,True,0.0276,19.95,21.24,249.36,230.24,343.48,320.24
4271,144.0999,2,bored,0.8489,bored,0.8,0.834,True,0.0276,18.76,35.94,249.36,230.24,343.48,320.24
4272,144.1277,2,bored,0.8264,bored,0.8,0.8307,True,0.0282,19.27,38.4,248.17,231.01,343.7,321.62
4273,144.1537,2,bored,0.731,bored,0.8,0.8234,True,0.0283,19.34,24.42,248.8,231.01,344.7,321.66
4274,144.1947,2,bored,0.731,bored,0.8,0.8159,True,0.0283,18.96,38.3,248.8,231.01,344.7,321.66
4275,144.2208,2,bored,0.8463,bored,0.8,0.8143,True,0.0286,20.09,35.04,248.55,231.43,344.12,323.25
4276,144.2493,2,bored,0.9005,bored,0.8,0.8202,True,0.0285,19.76,17.22,248.37,231.37,343.59,323.47
4277,144.3074,2,bored,0.9005,bored,0.8,0.826,True,0.0285,19.84,36.2,248.37,231.37,343.59,323.47
4278,144.335,2,bored,0.9198,bored,0.8333,0.8298,True,0.0289,19.9,35.18,248.6,231.16,343.72,324.38
4279,144.364,2,bored,0.9198,bored,0.8667,0.8332,True,0.0289,19.11,36.69,248.6,231.16,343.72,324.38
4280,144.3907,2,bored,0.9341,bored,0.9,0.837,True,0.0286,17.53,36.05,248.87,231.41,343.16,324.63
4281,144.4184,2,bored,0.941,bored,0.9333,0.8407,True,0.0288,19.89,30.01,248.84,231.6,343.24,325.4
4282,144.4518,2,bored,0.9445,bored,0.9667,0.8443,True,0.0293,21.02,20.05,248.03,231.53,343.02,326.21
4283,144.5016,2,bored,0.9445,bored,1.0,0.8476,True,0.0293,19.8,36.16,248.03,231.53,343.02,326.21
4284,144.5293,2,bored,0.9409,bored,1.0,0.8578,True,0.0294,19.54,38.15,247.66,231.56,342.8,326.34
4285,144.5555,2,bored,0.9231,bored,1.0,0.8674,True,0.0292,19.6,24.58,249.08,230.96,343.59,325.96
4286,144.5962,2,bored,0.9231,bored,1.0,0.873,True,0.0292,18.72,37.95,249.08,230.96,343.59,325.96
4287,144.6225,2,bored,0.8855,bored,1.0,0.8776,True,0.0289,21.59,34.87,251.9,231.39,345.85,325.75
4288,144.6512,2,bored,0.8885,bored,1.0,0.8793,True,0.0284,18.32,25.51,254.3,230.97,346.55,325.46
4289,144.6904,2,bored,0.8885,bored,1.0,0.881,True,0.0284,20.65,34.65,254.3,230.97,346.55,325.46
4290,144.7193,2,bored,0.5265,bored,1.0,0.8711,True,0.0289,18.21,28.94,258.68,230.82,351.72,326.38
4291,144.7538,2,bored,0.7788,bored,1.0,0.8681,True,0.0296,18.87,20.5,260.14,230.91,355.3,326.4
4292,144.8026,2,bored,0.7788,bored,1.0,0.865,True,0.0296,19.37,38.11,260.14,230.91,355.3,326.4
4293,144.8289,2,bored,0.8747,bored,1.0,0.8649,True,0.0303,21.05,33.92,264.62,229.62,360.86,326.46
4294,144.8584,2,bored,0.5124,bored,1.0,0.8526,True,0.0294,19.02,24.28,268.99,230.99,364.22,325.72
4295,144.8996,2,bored,0.5124,bored,1.0,0.8404,True,0.0294,19.8,37.09,268.99,230.99,364.22,325.72
4296,144.9265,3,frustrated,0.5427,bored,0.9667,0.8391,True,0.0295,17.66,40.13,273.28,230.73,368.59,325.81
4297,144.953,2,bored,0.6985,bored,0.9667,0.8329,True,0.0291,19.86,22.7,276.43,230.27,370.3,325.56
4298,144.9955,2,bored,0.6985,bored,0.9667,0.8261,True,0.0291,19.2,38.42,276.43,230.27,370.3,325.56
4299,145.0215,0,engaged,0.6009,bored,0.9333,0.8238,True,0.0298,22.01,32.59,282.32,229.6,377.77,325.39
4300,145.0522,3,frustrated,0.2391,bored,0.9,0.8229,True,0.0304,18.67,25.49,286.37,229.69,383.54,325.92
4301,145.0914,3,frustrated,0.2391,bored,0.8667,0.8219,True,0.0304,21.05,33.83,286.37,229.69,383.54,325.92
4302,145.121,2,bored,0.5145,bored,0.8667,0.8099,True,0.0299,21.12,33.06,287.4,230.11,383.73,325.59
4303,145.1512,0,engaged,0.6961,bored,0.8333,0.8131,True,0.0297,20.24,27.14,289.17,229.03,384.98,324.21
4304,145.1881,0,engaged,0.6961,bored,0.8,0.8165,True,0.0297,21.77,34.56,289.17,229.03,384.98,324.21
4305,145.217,0,engaged,0.7694,bored,0.7667,0.8152,True,0.0296,21.2,27.36,289.05,229.43,385.69,323.67
4306,145.2536,0,engaged,0.6503,bored,0.7333,0.8113,True,0.0295,18.77,22.62,288.76,229.85,385.39,323.53
4307,145.2978,0,engaged,0.6503,bored,0.7,0.8071,True,0.0295,19.14,34.76,288.76,229.85,385.39,323.53
4308,145.3265,2,bored,0.4588,bored,0.7,0.7851,True,0.0288,18.72,38.12,287.31,231.03,383.44,323.13
4309,145.3528,2,bored,0.5964,bored,0.7,0.7697,True,0.0301,18.55,22.75,285.16,229.94,381.75,325.65
4310,145.3982,2,bored,0.5964,bored,0.7,0.7536,True,0.0301,19.03,33.17,285.16,229.94,381.75,325.65
4311,145.4269,2,bored,0.9153,bored,0.7,0.7524,True,0.0304,21.32,34.34,281.83,229.97,379.0,326.0
4312,145.456,2,bored,0.881,bored,0.7,0.7494,True,0.0299,19.28,27.99,279.31,230.73,375.28,326.61
4313,145.4917,2,bored,0.881,bored,0.7,0.7464,True,0.0299,22.2,33.64,279.31,230.73,375.28,326.61
4314,145.5214,2,bored,0.8936,bored,0.7,0.7441,True,0.0296,19.92,37.08,275.58,231.14,370.51,326.95
4315,145.5484,2,bored,0.9142,bored,0.7,0.7437,True,0.03,21.49,25.01,273.48,231.55,369.34,327.71
4316,145.5884,2,bored,0.9142,bored,0.7,0.7433,True,0.03,18.52,39.84,273.48,231.55,369.34,327.71
4317,145.6135,2,bored,0.9016,bored,0.7,0.744,True,0.0298,19.86,36.49,272.33,231.58,367.91,327.51
4318,145.6409,2,bored,0.8828,bored,0.7,0.7438,True,0.0293,18.56,17.02,270.89,232.55,365.7,327.59
4319,145.7007,2,bored,0.8966,bored,0.7,0.7441,True,0.0292,18.82,20.94,270.06,232.23,364.4,327.21
4320,145.7474,2,bored,0.8966,bored,0.7,0.7618,True,0.0292,19.83,36.39,270.06,232.23,364.4,327.21
4321,145.7749,2,bored,0.8846,bored,0.7,0.7668,True,0.0294,20.04,37.22,269.14,232.03,363.67,327.62
4322,145.8018,2,bored,0.8846,bored,0.7,0.7719,True,0.0294,19.86,37.49,269.14,232.03,363.67,327.62
4323,145.8285,2,bored,0.6223,bored,0.7,0.7598,True,0.0292,21.82,33.07,270.47,232.49,364.73,327.8
4324,145.8587,2,bored,0.824,bored,0.7,0.7747,True,0.0294,20.49,28.13,270.88,232.38,365.29,328.0
4325,145.8942,2,bored,0.824,bored,0.7,0.7895,True,0.0294,20.39,33.86,270.88,232.38,365.29,328.0
4326,145.9238,2,bored,0.8946,bored,0.7333,0.7943,True,0.0295,21.48,35.8,271.3,232.92,366.32,328.19
4327,145.9517,2,bored,0.9072,bored,0.7333,0.8038,True,0.0299,19.2,27.11,271.21,232.35,366.66,328.6
4328,145.9886,2,bored,0.9072,bored,0.7333,0.8133,True,0.0299,20.83,34.07,271.21,232.35,366.66,328.6
4329,146.0179,2,bored,0.892,bored,0.7667,0.8167,True,0.0293,17.75,38.78,271.46,233.21,366.23,328.14
4330,146.0437,2,bored,0.9136,bored,0.8,0.8207,True,0.0295,17.78,26.71,271.49,233.39,366.62,328.67
4331,146.0812,2,bored,0.8859,bored,0.8333,0.8233,True,0.0294,18.24,14.98,271.1,234.34,366.36,329.27
4332,146.1479,2,bored,0.8859,bored,0.8333,0.8382,True,0.0294,20.05,36.42,271.1,234.34,366.36,329.27
4333,146.1754,2,bored,0.8807,bored,0.8667,0.8398,True,0.0293,19.76,35.72,271.34,234.85,366.45,329.61
4334,146.2034,2,bored,0.8807,bored,0.9,0.8413,True,0.0293,20.01,35.27,271.34,234.85,366.45,329.61
4335,146.2317,2,bored,0.9047,bored,0.9333,0.8436,True,0.0292,19.23,36.75,271.47,235.08,366.21,329.91
4336,146.2589,2,bored,0.8889,bored,0.9667,0.8452,True,0.0298,19.52,30.12,270.68,233.94,366.26,329.6
4337,146.2921,2,bored,0.8889,bored,1.0,0.8466,True,0.0298,20.58,35.27,270.68,233.94,366.26,329.6
4338,146.3205,2,bored,0.9169,bored,1.0,0.8619,True,0.0296,20.11,34.81,270.4,233.55,365.15,329.36
4339,146.3492,2,bored,0.8888,bored,1.0,0.8716,True,0.0299,20.72,25.18,269.77,233.26,365.51,329.05
4340,146.3889,2,bored,0.8888,bored,1.0,0.8814,True,0.0299,22.03,34.41,269.77,233.26,365.51,329.05
4341,146.418,2,bored,0.8884,bored,1.0,0.8805,True,0.0301,19.82,37.62,269.52,232.8,365.3,329.2
4342,146.4446,2,bored,0.9069,bored,1.0,0.8814,True,0.0302,19.15,26.15,269.1,232.64,365.17,329.37
4343,146.4828,2,bored,0.9361,bored,1.0,0.8832,True,0.03,18.42,21.0,267.9,233.08,364.17,328.75
4344,146.5304,2,bored,0.9361,bored,1.0,0.8846,True,0.03,18.37,39.27,267.9,233.08,364.17,328.75
4345,146.5559,2,bored,0.9371,bored,1.0,0.8854,True,0.03,18.3,25.13,267.98,233.2,364.44,328.84
4346,146.5957,2,bored,0.9511,bored,1.0,0.8866,True,0.0299,21.13,20.0,267.93,233.79,364.31,329.01
4347,146.6457,2,bored,0.9511,bored,1.0,0.8882,True,0.0299,21.53,31.74,267.93,233.79,364.31,329.01
4348,146.6772,2,bored,0.9488,bored,1.0,0.8904,True,0.0303,24.99,31.73,267.4,233.2,364.1,329.47
4349,146.7087,2,bored,0.9488,bored,1.0,0.8922,True,0.0303,20.51,31.01,267.4,233.2,364.1,329.47
4350,146.741,2,bored,0.9443,bored,1.0,0.8938,True,0.0301,25.17,30.73,267.53,233.63,363.8,329.62
4351,146.7735,2,bored,0.9522,bored,1.0,0.896,True,0.0298,22.0,32.17,268.33,233.61,363.66,329.62
4352,146.8056,2,bored,0.9522,bored,1.0,0.8983,True,0.0298,18.36,34.25,268.33,233.61,363.66,329.62
4353,146.8338,2,bored,0.9362,bored,1.0,0.9087,True,0.0296,19.99,37.08,267.96,234.88,363.62,330.02
4354,146.8608,2,bored,0.9459,bored,1.0,0.9128,True,0.0298,19.69,37.6,266.57,235.12,362.86,330.34
4355,146.8874,2,bored,0.9519,bored,1.0,0.9171,True,0.0303,20.6,22.02,265.16,235.69,362.57,331.22
4356,146.9328,2,bored,0.9519,bored,1.0,0.919,True,0.0303,19.77,36.18,265.16,235.69,362.57,331.22
4357,146.9604,2,bored,0.954,bored,1.0,0.9205,True,0.0302,19.74,36.27,265.42,236.09,362.09,332.2
4358,146.989,2,bored,0.9515,bored,1.0,0.922,True,0.0298,18.43,17.59,265.19,236.65,361.1,331.96
4359,147.0448,2,bored,0.9515,bored,1.0,0.924,True,0.0298,18.84,38.07,265.19,236.65,361.1,331.96
4360,147.0711,2,bored,0.9475,bored,1.0,0.9251,True,0.0301,21.5,33.34,264.03,236.0,360.7,331.61
4361,147.1011,2,bored,0.9475,bored,1.0,0.9272,True,0.0301,18.99,36.99,264.03,236.0,360.7,331.61
4362,147.1281,2,bored,0.9387,bored,1.0,0.9289,True,0.0296,18.58,39.21,264.49,236.54,360.14,331.63
4363,147.1536,2,bored,0.9319,bored,1.0,0.9306,True,0.0298,19.37,28.41,265.15,236.4,360.63,332.35
4364,147.1888,2,bored,0.9319,bored,1.0,0.9324,True,0.0298,19.21,36.09,265.15,236.4,360.63,332.35
4365,147.2165,2,bored,0.9403,bored,1.0,0.9335,True,0.0296,20.88,35.63,264.71,237.06,360.24,332.4
4366,147.2446,2,bored,0.9382,bored,1.0,0.9352,True,0.0293,18.54,26.65,264.7,237.38,359.3,332.41
4367,147.2821,2,bored,0.9407,bored,1.0,0.9369,True,0.0296,18.82,19.93,263.65,236.85,359.89,331.19
4368,147.3323,2,bored,0.9407,bored,1.0,0.9377,True,0.0296,19.65,36.37,263.65,236.85,359.89,331.19
4369,147.3608,2,bored,0.9259,bored,1.0,0.9389,True,0.0282,19.62,36.4,264.64,237.67,356.52,332.05
4370,147.3873,2,bored,0.7328,bored,1.0,0.9337,True,0.0282,19.19,23.79,263.17,237.67,356.68,330.21
4371,147.4293,2,bored,0.7328,bored,1.0,0.9285,True,0.0282,21.1,33.2,263.17,237.67,356.68,330.21
4372,147.4594,2,bored,0.7691,bored,1.0,0.924,True,0.0284,18.56,31.68,261.7,236.38,354.8,330.13
4373,147.492,2,bored,0.6403,bored,1.0,0.9141,True,0.0285,18.88,20.61,259.77,235.16,352.89,329.24
4374,147.5395,2,bored,0.6403,bored,1.0,0.9042,True,0.0285,21.02,34.95,259.77,235.16,352.89,329.24
4375,147.5681,2,bored,0.6065,bored,1.0,0.8932,True,0.0283,19.54,36.97,258.49,235.08,351.62,328.34
4376,147.5952,2,bored,0.6065,bored,1.0,0.8817,True,0.0283,18.16,37.49,258.49,235.08,351.62,328.34
4377,147.6218,2,bored,0.6885,bored,1.0,0.873,True,0.029,20.28,34.73,256.09,234.32,351.24,327.86
4378,147.6506,2,bored,0.7687,bored,1.0,0.867,True,0.0291,18.86,30.31,255.6,233.34,350.57,327.63
4379,147.6836,2,bored,0.6822,bored,1.0,0.8581,True,0.0295,18.33,21.57,254.66,232.54,350.05,327.54
4380,147.73,2,bored,0.6822,bored,1.0,0.8494,True,0.0295,19.13,39.0,254.66,232.54,350.05,327.54
4381,147.7556,2,bored,0.6536,bored,1.0,0.8394,True,0.0302,20.64,36.99,254.24,231.4,351.09,327.22
4382,147.7827,2,bored,0.6683,bored,1.0,0.8299,True,0.03,19.99,21.93,254.53,231.73,352.4,325.84
4383,147.8283,2,bored,0.6683,bored,1.0,0.821,True,0.03,18.64,37.97,254.53,231.73,352.4,325.84
4384,147.8546,2,bored,0.8209,bored,1.0,0.8168,True,0.03,20.45,35.97,254.88,230.46,351.25,326.14
4385,147.8824,2,bored,0.857,bored,1.0,0.8137,True,0.0295,19.07,17.7,254.77,231.03,352.35,323.76
4386,147.9389,2,bored,0.857,bored,1.0,0.8105,True,0.0295,20.94,33.37,254.77,231.03,352.35,323.76
4387,147.9688,2,bored,0.8951,bored,1.0,0.8086,True,0.0297,21.06,33.82,255.09,229.36,350.88,324.66
4388,147.9984,2,bored,0.8951,bored,1.0,0.8067,True,0.0297,19.14,36.78,255.09,229.36,350.88,324.66
4389,148.0256,2,bored,0.8013,bored,1.0,0.8017,True,0.0298,18.92,37.04,254.69,228.36,351.1,323.4
4390,148.0526,2,bored,0.8373,bored,1.0,0.798,True,0.03,19.11,33.72,254.1,227.48,350.52,323.17
4391,148.0823,2,bored,0.8179,bored,1.0,0.7937,True,0.0301,19.09,20.18,254.44,227.13,351.25,322.64
4392,148.1318,2,bored,0.8179,bored,1.0,0.7896,True,0.0301,18.49,34.95,254.44,227.13,351.25,322.64
4393,148.1604,2,bored,0.5628,bored,1.0,0.7773,True,0.0296,18.53,39.8,256.1,227.42,352.3,321.86
4394,148.1856,2,bored,0.4164,bored,1.0,0.7602,True,0.0296,19.04,24.26,255.11,227.52,351.57,321.79
4395,148.2268,2,bored,0.4164,bored,1.0,0.7427,True,0.0296,19.63,34.78,255.11,227.52,351.57,321.79
4396,148.2555,0,engaged,0.4796,bored,0.9667,0.736,True,0.0292,19.83,37.8,256.55,227.0,352.24,320.71
4397,148.282,2,bored,0.3275,bored,0.9667,0.7148,True,0.03,20.41,22.84,256.36,225.02,352.73,320.74
4398,148.3258,2,bored,0.3275,bored,0.9667,0.6937,True,0.03,19.74,36.01,256.36,225.02,352.73,320.74
4399,148.3535,0,engaged,0.4026,bored,0.9333,0.6854,True,0.0297,19.79,34.23,255.9,227.05,352.99,321.16
4400,148.3828,0,engaged,0.6257,bored,0.9,0.6836,True,0.0296,20.08,18.64,256.32,226.71,352.68,321.07
4401,148.4364,0,engaged,0.6257,bored,0.8667,0.6817,True,0.0296,18.81,35.73,256.32,226.71,352.68,321.07
4402,148.4644,2,bored,0.5909,bored,0.8667,0.6749,True,0.0299,19.5,36.36,256.39,226.35,352.93,321.51
4403,148.4919,2,bored,0.6053,bored,0.8667,0.6735,True,0.0294,20.76,24.68,257.38,227.63,352.95,322.09
4404,148.5324,2,bored,0.6053,bored,0.8667,0.6722,True,0.0294,19.22,36.66,257.38,227.63,352.95,322.09
4405,148.5597,2,bored,0.5968,bored,0.8667,0.6718,True,0.0293,20.29,35.78,257.39,228.85,353.16,322.81
4406,148.5876,3,frustrated,0.5404,bored,0.8333,0.6744,True,0.029,21.25,23.1,258.25,229.67,353.22,323.45
4407,148.6309,3,frustrated,0.5404,bored,0.8,0.6738,True,0.029,19.71,36.29,258.25,229.67,353.22,323.45
4408,148.6585,2,bored,0.6691,bored,0.8,0.6697,True,0.0282,20.27,35.18,259.39,230.59,353.5,322.79
4409,148.6869,2,bored,0.6321,bored,0.8,0.6676,True,0.0284,20.97,25.93,259.62,231.03,354.1,323.31
4410,148.7265,2,bored,0.6321,bored,0.8,0.6655,True,0.0284,19.09,35.69,259.62,231.03,354.1,323.31
4411,148.7549,2,bored,0.5991,bored,0.8,0.6632,True,0.0295,20.07,34.01,260.15,230.92,356.31,325.09
4412,148.7829,2,bored,0.5359,bored,0.8,0.6577,True,0.0297,17.88,28.99,262.72,230.53,359.12,325.27
4413,148.8174,3,frustrated,0.6216,bored,0.7667,0.6572,True,0.0299,18.6,15.1,264.16,231.53,360.38,327.08
4414,148.8846,3,frustrated,0.6216,bored,0.7333,0.6498,True,0.0299,18.28,34.32,264.16,231.53,360.38,327.08
4415,148.9127,2,bored,0.754,bored,0.7333,0.6451,True,0.0314,18.2,38.14,263.2,231.85,362.8,328.6
4416,148.939,2,bored,0.754,bored,0.7333,0.6404,True,0.0314,22.08,32.51,263.2,231.85,362.8,328.6
4417,148.9697,2,bored,0.5866,bored,0.7333,0.6264,True,0.032,20.28,35.85,264.82,232.37,364.04,331.3
4418,148.9976,3,frustrated,0.568,bored,0.7,0.6136,True,0.0325,19.39,31.08,263.88,233.23,363.45,333.41
4419,149.0298,3,frustrated,0.568,bored,0.6667,0.6042,True,0.0325,20.86,34.61,263.88,233.23,363.45,333.41
4420,149.0587,2,bored,0.7598,bored,0.6667,0.6004,True,0.0319,20.14,35.36,264.93,235.39,364.19,334.04
4421,149.087,3,frustrated,0.6885,bored,0.6333,0.5889,True,0.0326,18.5,27.36,264.68,235.1,363.89,336.09
4422,149.1235,3,frustrated,0.6885,bored,0.6,0.5762,True,0.0326,18.77,37.89,264.68,235.1,363.89,336.09
4423,149.1499,3,frustrated,0.636,bored,0.5667,0.577,True,0.0328,20.19,36.1,264.43,235.19,363.92,336.6
4424,149.1776,2,bored,0.7632,bored,0.5667,0.5974,True,0.0327,19.78,23.48,264.59,236.27,364.72,336.55
4425,149.2202,2,bored,0.8068,bored,0.5667,0.6203,True,0.033,21.11,20.42,264.33,236.32,365.03,337.02
4426,149.2691,2,bored,0.8068,bored,0.6,0.6307,True,0.033,20.97,33.93,264.33,236.32,365.03,337.02
4427,149.2986,2,bored,0.8469,bored,0.6,0.6595,True,0.0331,22.25,27.66,263.5,236.8,364.61,337.28
4428,149.3348,2,bored,0.8486,bored,0.6,0.6885,True,0.0331,19.64,22.41,263.87,236.63,364.69,337.58
4429,149.3794,2,bored,0.8486,bored,0.6333,0.6969,True,0.0331,19.6,37.88,263.87,236.63,364.69,337.58
4430,149.4058,2,bored,0.678,bored,0.6667,0.696,True,0.0324,24.08,31.22,264.21,239.7,364.89,338.63
4431,149.4378,2,bored,0.678,bored,0.7,0.6951,True,0.0324,21.26,34.54,264.21,239.7,364.89,338.63
4432,149.4668,2,bored,0.6961,bored,0.7,0.7001,True,0.0331,20.81,34.47,263.87,238.75,364.82,339.39
4433,149.4958,2,bored,0.8207,bored,0.7,0.7104,True,0.0335,20.31,33.53,264.02,238.11,365.46,339.6
4434,149.5256,2,bored,0.8207,bored,0.7,0.7206,True,0.0335,22.59,31.71,264.02,238.11,365.46,339.6
4435,149.5572,2,bored,0.8533,bored,0.7,0.7329,True,0.0335,23.66,31.51,263.65,238.01,365.47,339.23
4436,149.5889,2,bored,0.7962,bored,0.7333,0.7357,True,0.0331,21.28,29.91,263.69,238.58,364.83,339.08
4437,149.6223,2,bored,0.7309,bored,0.7667,0.7355,True,0.0325,20.68,21.21,263.28,240.2,364.22,339.06
4438,149.6695,2,bored,0.7309,bored,0.7667,0.7382,True,0.0325,20.97,34.09,263.28,240.2,364.22,339.06
4439,149.6988,2,bored,0.7698,bored,0.7667,0.7442,True,0.0324,18.14,37.39,263.64,240.56,364.51,339.36
4440,149.7255,2,bored,0.8833,bored,0.7667,0.7551,True,0.0332,18.94,18.48,262.36,237.56,363.94,337.91
4441,149.7797,2,bored,0.8833,bored,0.7667,0.7675,True,0.0332,18.57,39.83,262.36,237.56,363.94,337.91
4442,149.8048,2,bored,0.8421,bored,0.7667,0.7808,True,0.033,18.88,37.21,260.19,238.58,362.52,337.78
4443,149.8317,2,bored,0.8421,bored,0.8,0.7833,True,0.033,20.2,33.59,260.19,238.58,362.52,337.78
4444,149.8614,2,bored,0.9004,bored,0.8333,0.788,True,0.0327,17.61,39.63,259.75,238.66,361.17,337.65
4445,149.8867,2,bored,0.9339,bored,0.8333,0.7952,True,0.0333,19.08,27.01,258.67,237.49,360.76,337.59
4446,149.9237,2,bored,0.9339,bored,0.8333,0.8024,True,0.0333,21.99,35.09,258.67,237.49,360.76,337.59
4447,149.9522,2,bored,0.9392,bored,0.8333,0.8165,True,0.0332,21.47,34.1,258.06,236.89,359.71,337.18
4448,149.9815,2,bored,0.9409,bored,0.8667,0.8213,True,0.0328,20.02,25.42,257.55,237.03,358.03,337.27
4449,150.0208,2,bored,0.9496,bored,0.9,0.8261,True,0.0325,20.92,20.47,257.36,237.63,357.66,337.22
4450,150.0697,2,bored,0.9496,bored,0.9,0.8331,True,0.0325,19.03,38.25,257.36,237.63,357.66,337.22
4451,150.0958,2,bored,0.9487,bored,0.9333,0.8372,True,0.0323,20.5,35.71,257.33,237.79,357.2,337.27
4452,150.1238,2,bored,0.9289,bored,0.9667,0.8404,True,0.0323,18.18,25.72,257.25,238.02,356.81,337.67
4453,150.1627,2,bored,0.9289,bored,1.0,0.8433,True,0.0323,19.09,38.88,257.25,238.02,356.81,337.67
4454,150.1884,2,bored,0.7539,bored,1.0,0.843,True,0.0316,19.25,24.71,257.6,240.37,356.6,338.31
4455,150.2289,2,bored,0.8076,bored,1.0,0.8431,True,0.0312,18.17,21.67,258.21,240.86,356.61,338.21
4456,150.2751,2,bored,0.8076,bored,1.0,0.8431,True,0.0312,21.01,35.11,258.21,240.86,356.61,338.21
4457,150.3035,2,bored,0.8462,bored,1.0,0.8431,True,0.0315,19.33,36.41,258.41,240.48,357.05,338.63
4458,150.331,2,bored,0.8462,bored,1.0,0.843,True,0.0315,19.19,36.19,258.41,240.48,357.05,338.63
4459,150.3586,2,bored,0.8876,bored,1.0,0.8443,True,0.0323,20.12,35.53,258.21,239.44,357.74,339.19
4460,150.3868,2,bored,0.8766,bored,1.0,0.8509,True,0.0319,20.24,29.56,258.46,240.2,357.56,339.23
4461,150.4206,2,bored,0.8728,bored,1.0,0.8574,True,0.0319,18.71,22.33,258.3,240.45,357.2,339.6
4462,150.4654,2,bored,0.8728,bored,1.0,0.8633,True,0.0319,19.18,36.78,258.3,240.45,357.2,339.6
4463,150.4926,2,bored,0.9197,bored,1.0,0.8666,True,0.0322,19.64,35.57,258.02,240.07,356.83,340.13
4464,150.5207,2,bored,0.8003,bored,1.0,0.8659,True,0.031,19.0,23.79,257.93,243.09,356.12,340.01
4465,150.5627,2,bored,0.8003,bored,1.0,0.8641,True,0.031,21.35,33.46,257.93,243.09,356.12,340.01
4466,150.5926,2,bored,0.6298,bored,1.0,0.8586,True,0.0305,18.57,36.92,257.83,244.07,354.87,340.75
4467,150.6197,2,bored,0.7933,bored,1.0,0.8607,True,0.0302,18.56,17.94,256.49,245.33,355.87,338.63
4468,150.6765,2,bored,0.7933,bored,1.0,0.8628,True,0.0302,19.35,37.33,256.49,245.33,355.87,338.63
4469,150.7022,2,bored,0.7369,bored,1.0,0.8617,True,0.0302,19.05,37.14,256.48,245.28,355.67,338.91
4470,150.7292,2,bored,0.7369,bored,1.0,0.8568,True,0.0302,18.8,37.49,256.48,245.28,355.67,338.91
4471,150.7568,2,bored,0.801,bored,1.0,0.854,True,0.032,19.35,35.91,256.03,241.88,355.29,341.07
4472,150.7837,2,bored,0.7682,bored,1.0,0.8516,True,0.0317,20.04,29.97,256.61,242.23,355.5,340.8
4473,150.817,2,bored,0.811,bored,1.0,0.8505,True,0.0308,18.33,20.58,257.09,244.08,355.15,340.68
4474,150.8656,2,bored,0.811,bored,1.0,0.8476,True,0.0308,18.06,37.62,257.09,244.08,355.15,340.68
4475,150.8922,2,bored,0.8322,bored,1.0,0.8442,True,0.0312,18.86,37.54,258.0,242.98,355.58,341.1
4476,150.9189,2,bored,0.7859,bored,1.0,0.8392,True,0.0306,21.77,21.08,258.9,243.83,355.86,340.92
4477,150.9663,2,bored,0.7859,bored,1.0,0.8341,True,0.0306,19.91,36.84,258.9,243.83,355.86,340.92
4478,150.9934,2,bored,0.65,bored,1.0,0.8244,True,0.0298,18.8,35.84,258.2,245.81,356.52,338.92
4479,151.0223,3,frustrated,0.6133,bored,0.9667,0.8201,True,0.0321,19.82,26.4,258.2,243.67,359.0,341.54
4480,151.0592,3,frustrated,0.6133,bored,0.9333,0.8155,True,0.0321,20.03,35.58,258.2,243.67,359.0,341.54
4481,151.0873,3,frustrated,0.6976,bored,0.9,0.8106,True,0.0321,18.54,27.76,259.63,243.21,359.98,341.6
4482,151.1233,2,bored,0.6202,bored,0.9,0.7991,True,0.0317,19.11,20.63,261.51,243.26,360.53,341.59
4483,151.1718,2,bored,0.6202,bored,0.9,0.7877,True,0.0317,19.88,35.99,261.51,243.26,360.53,341.59
4484,151.1996,3,frustrated,0.7826,bored,0.8667,0.789,True,0.0314,19.27,36.45,264.22,242.24,361.74,341.02
4485,151.227,3,frustrated,0.5652,bored,0.8333,0.7882,True,0.0304,18.23,26.45,267.92,242.92,364.02,339.96
4486,151.2649,3,frustrated,0.5652,bored,0.8,0.7874,True,0.0304,20.25,36.0,267.92,242.92,364.02,339.96
4487,151.2926,3,frustrated,0.697,bored,0.7667,0.7849,True,0.0314,18.76,37.17,269.55,242.61,367.95,340.63
4488,151.3209,3,frustrated,0.7107,bored,0.7333,0.7821,True,0.0309,21.57,20.92,271.71,243.41,369.51,340.33
4489,151.3673,3,frustrated,0.7107,bored,0.7,0.7771,True,0.0309,18.79,35.71,271.71,243.41,369.51,340.33
4490,151.3953,3,frustrated,0.5434,bored,0.6667,0.7721,True,0.0306,18.55,37.67,273.71,242.59,370.19,339.86
4491,151.4219,3,frustrated,0.6499,bored,0.6333,0.7668,True,0.0312,21.32,25.66,274.72,241.84,372.83,339.55
4492,151.4609,3,frustrated,0.6499,bored,0.6,0.7609,True,0.0312,18.54,36.98,274.72,241.84,372.83,339.55
4493,151.4879,2,bored,0.5776,bored,0.6,0.7419,True,0.0311,21.08,32.52,274.81,242.5,374.34,338.46
4494,151.5187,2,bored,0.7145,bored,0.6,0.7371,True,0.0312,19.25,27.27,274.7,241.8,374.04,338.2
4495,151.5553,2,bored,0.7145,bored,0.6,0.7324,True,0.0312,21.89,33.37,274.7,241.8,374.04,338.2
4496,151.5863,2,bored,0.7112,bored,0.6,0.7369,True,0.0313,19.33,28.15,274.7,239.26,372.76,337.33
4497,151.6208,2,bored,0.7,bored,0.6,0.7317,True,0.0311,17.93,22.36,274.4,238.92,371.85,337.08
4498,151.6655,2,bored,0.7,bored,0.6,0.7265,True,0.0311,19.44,35.78,274.4,238.92,371.85,337.08
4499,151.6935,3,frustrated,0.4115,bored,0.5667,0.7259,True,0.0316,18.78,38.18,273.66,239.96,372.4,338.28
4500,151.7197,2,bored,0.7489,bored,0.5667,0.7266,True,0.0318,18.6,23.6,271.61,239.96,371.67,337.5
4501,151.7621,2,bored,0.7489,bored,0.5667,0.7235,True,0.0318,19.84,35.94,271.61,239.96,371.67,337.5
4502,151.7899,2,bored,0.8376,bored,0.5667,0.7276,True,0.0324,22.59,33.22,269.37,237.57,369.42,337.1
4503,151.82,2,bored,0.8698,bored,0.5667,0.7311,True,0.032,21.19,23.98,268.25,238.27,367.58,337.13
4504,151.8617,2,bored,0.8698,bored,0.5667,0.7345,True,0.032,19.28,37.38,268.25,238.27,367.58,337.13
4505,151.8884,2,bored,0.8669,bored,0.5667,0.7366,True,0.0312,20.16,34.92,266.46,238.42,363.65,337.15
4506,151.9171,2,bored,0.8195,bored,0.5667,0.7385,True,0.0316,18.64,26.65,265.93,237.28,363.8,336.5
4507,151.9546,2,bored,0.8195,bored,0.5667,0.7405,True,0.0316,21.56,34.56,265.93,237.28,363.8,336.5
4508,151.9835,2,bored,0.8334,bored,0.5667,0.7513,True,0.0313,19.06,36.67,265.83,238.14,363.53,336.41
4509,152.0108,2,bored,0.7668,bored,0.6,0.7522,True,0.031,18.85,17.85,264.67,240.32,363.77,336.49
4510,152.0668,2,bored,0.7025,bored,0.6333,0.7496,True,0.031,18.78,20.95,263.81,240.18,363.22,335.85
4511,152.1156,2,bored,0.7025,bored,0.6667,0.7472,True,0.031,19.85,34.54,263.81,240.18,363.22,335.85
4512,152.1435,2,bored,0.8833,bored,0.6667,0.7604,True,0.0319,18.19,38.77,262.48,237.66,361.99,336.16
4513,152.1693,2,bored,0.8833,bored,0.6667,0.7735,True,0.0319,19.58,36.77,262.48,237.66,361.99,336.16
4514,152.1965,2,bored,0.9014,bored,0.7,0.7796,True,0.0312,18.14,38.96,261.53,237.08,359.01,335.4
4515,152.2222,2,bored,0.9119,bored,0.7333,0.7856,True,0.0311,20.83,25.4,260.15,236.92,357.24,335.19
4516,152.2625,2,bored,0.9119,bored,0.7667,0.7911,True,0.0311,19.64,35.81,260.15,236.92,357.24,335.19
4517,152.2895,2,bored,0.9519,bored,0.8,0.7978,True,0.0309,20.77,35.87,259.01,238.46,357.02,335.18
4518,152.3173,2,bored,0.9567,bored,0.8333,0.8042,True,0.0315,19.19,26.11,258.56,236.65,357.09,334.91
4519,152.3556,2,bored,0.9567,bored,0.8667,0.81,True,0.0315,22.3,33.37,258.56,236.65,357.09,334.91
4520,152.3856,2,bored,0.9603,bored,0.9,0.8156,True,0.0315,18.22,38.1,258.48,237.0,357.12,335.09
4521,152.4118,2,bored,0.9603,bored,0.9333,0.8208,True,0.0317,17.9,26.71,258.82,237.22,357.63,335.73
4522,152.4493,2,bored,0.7104,bored,0.9667,0.817,True,0.0316,19.77,15.19,259.2,238.91,358.89,336.36
4523,152.5151,2,bored,0.7104,bored,0.9667,0.8215,True,0.0316,19.17,37.48,259.2,238.91,358.89,336.36
4524,152.5418,3,frustrated,0.539,bored,0.9333,0.8254,True,0.0322,19.25,38.36,259.9,239.88,360.67,337.99
4525,152.5688,3,frustrated,0.539,bored,0.9,0.8295,True,0.0322,21.57,32.74,259.9,239.88,360.67,337.99
4526,152.5984,2,bored,0.6282,bored,0.9,0.8264,True,0.031,18.56,38.22,263.5,241.75,362.69,337.87
4527,152.6246,2,bored,0.7954,bored,0.9,0.8299,True,0.0314,19.36,27.74,263.23,240.89,362.32,338.12
4528,152.6606,2,bored,0.7954,bored,0.9,0.8335,True,0.0314,19.36,35.44,263.23,240.89,362.32,338.12
4529,152.6888,2,bored,0.798,bored,0.9333,0.8322,True,0.0312,19.64,34.97,264.22,241.49,363.46,338.06
4530,152.7174,2,bored,0.847,bored,0.9333,0.8357,True,0.0309,19.05,24.97,264.6,241.57,363.12,338.01
4531,152.7575,2,bored,0.847,bored,0.9333,0.8392,True,0.0309,21.35,33.44,264.6,241.57,363.12,338.01
4532,152.7874,2,bored,0.8276,bored,0.9333,0.8389,True,0.0313,20.59,34.33,264.29,240.46,363.27,337.68
4533,152.8165,2,bored,0.7048,bored,0.9333,0.833,True,0.0306,20.66,27.82,264.43,242.21,362.64,337.79
4534,152.8524,3,frustrated,0.6889,bored,0.9,0.8316,True,0.0321,18.95,21.95,260.67,239.64,360.87,338.03
4535,152.898,3,frustrated,0.6889,bored,0.8667,0.8302,True,0.0321,18.85,34.06,260.67,239.64,360.87,338.03
4536,152.9274,3,frustrated,0.8708,bored,0.8333,0.8307,True,0.0296,18.99,27.62,260.65,240.51,354.98,337.05
4537,152.9636,3,frustrated,0.8561,bored,0.8,0.8311,True,0.0294,20.72,19.97,258.81,240.84,353.65,336.02
4538,153.0136,3,frustrated,0.8561,bored,0.7667,0.831,True,0.0294,21.69,33.55,258.81,240.84,353.65,336.02
4539,153.0434,3,frustrated,0.7248,bored,0.7333,0.834,True,0.0296,24.37,31.75,255.41,239.65,351.82,333.83
4540,153.0749,3,frustrated,0.7248,bored,0.7,0.8402,True,0.0296,21.92,32.96,255.41,239.65,351.82,333.83
4541,153.1053,2,bored,0.3123,bored,0.7,0.8216,True,0.0288,23.57,31.68,252.96,238.4,348.43,330.97
4542,153.1369,2,bored,0.6743,bored,0.7,0.8117,True,0.0267,24.07,30.31,248.57,239.25,337.42,331.43
4543,153.1698,2,bored,0.6743,bored,0.7,0.8017,True,0.0267,23.84,30.84,248.57,239.25,337.42,331.43
4544,153.2023,2,bored,0.5576,bored,0.7,0.7854,True,0.0279,18.41,36.8,243.05,238.65,337.06,329.91
4545,153.2294,2,bored,0.6357,bored,0.7,0.7722,True,0.0272,18.1,36.99,240.7,240.2,335.92,327.92
4546,153.2565,2,bored,0.7784,bored,0.7,0.7658,True,0.0274,19.03,23.27,239.87,239.53,333.44,329.32
4547,153.2994,2,bored,0.7784,bored,0.7,0.7576,True,0.0274,22.8,33.36,239.87,239.53,333.44,329.32
4548,153.3294,2,bored,0.8403,bored,0.7,0.752,True,0.0267,20.04,37.86,239.17,239.48,330.99,328.76
4549,153.3558,2,bored,0.8308,bored,0.7,0.746,True,0.0261,19.91,17.34,239.04,239.22,330.37,326.98
4550,153.4135,2,bored,0.8308,bored,0.7,0.7399,True,0.0261,20.41,35.08,239.04,239.22,330.37,326.98
4551,153.442,2,bored,0.8622,bored,0.7,0.7352,True,0.0264,22.19,34.02,239.4,239.34,329.12,329.67
4552,153.4714,2,bored,0.8622,bored,0.7,0.7424,True,0.0264,21.47,32.6,239.4,239.34,329.12,329.67
4553,153.5021,2,bored,0.842,bored,0.7,0.7487,True,0.026,23.05,33.74,239.29,239.88,329.17,328.91
4554,153.5317,2,bored,0.8071,bored,0.7333,0.7514,True,0.0262,21.48,33.81,238.93,240.28,329.55,329.25
4555,153.5613,2,bored,0.8071,bored,0.7667,0.7538,True,0.0262,22.92,34.35,238.93,240.28,329.55,329.25
4556,153.5904,2,bored,0.8611,bored,0.7667,0.7639,True,0.0265,22.87,35.09,239.84,239.84,329.78,330.43
4557,153.6189,2,bored,0.7956,bored,0.7667,0.7639,True,0.0266,20.21,31.83,240.19,240.41,331.34,330.19
4558,153.6503,2,bored,0.6626,bored,0.7667,0.7581,True,0.0265,20.02,20.76,241.86,240.46,332.9,329.89
4559,153.6985,2,bored,0.6626,bored,0.7667,0.7522,True,0.0265,20.2,37.88,241.86,240.46,332.9,329.89
4560,153.7249,2,bored,0.5461,bored,0.7667,0.7392,True,0.0273,19.57,37.12,241.16,239.88,333.57,330.67
4561,153.7518,3,frustrated,0.4611,bored,0.7333,0.7343,True,0.0273,34.86,16.42,241.69,242.05,335.4,331.66
4562,153.8128,3,frustrated,0.4611,bored,0.7,0.7298,True,0.0273,38.6,21.57,241.69,242.05,335.4,331.66
4563,153.8591,2,bored,0.6058,bored,0.7,0.7251,True,0.0275,33.39,25.12,241.96,242.21,336.76,331.31
4564,153.8989,2,bored,0.6845,bored,0.7333,0.7233,True,0.0273,21.76,34.79,243.34,242.51,336.88,332.18
4565,153.9277,2,bored,0.6845,bored,0.7667,0.7216,True,0.0273,18.95,38.5,243.34,242.51,336.88,332.18
4566,153.9536,3,frustrated,0.3916,bored,0.7667,0.7216,True,0.0284,21.83,36.52,244.25,241.09,337.91,334.35
4567,153.981,3,frustrated,0.3916,bored,0.7667,0.7216,True,0.0284,21.54,33.32,244.25,241.09,337.91,334.35
4568,154.011,3,frustrated,0.4999,bored,0.7667,0.7216,True,0.0288,20.04,35.03,243.83,241.83,339.04,334.6
4569,154.0396,3,frustrated,0.3769,bored,0.7667,0.7216,True,0.0295,21.55,34.9,243.95,241.63,340.44,335.56
4570,154.0682,3,frustrated,0.457,bored,0.7667,0.7216,True,0.029,19.85,32.06,244.89,243.9,341.06,336.52
4571,154.0994,3,frustrated,0.457,bored,0.7333,0.7402,True,0.029,20.69,35.44,244.89,243.9,341.06,336.52
4572,154.1276,2,bored,0.8454,bored,0.7333,0.748,True,0.0288,20.35,36.39,245.19,241.77,339.54,335.48
4573,154.1551,2,bored,0.8849,bored,0.7333,0.7575,True,0.0288,18.97,24.49,244.77,241.98,338.8,335.98
4574,154.196,2,bored,0.8849,bored,0.7333,0.7724,True,0.0288,20.05,36.36,244.77,241.98,338.8,335.98
4575,154.2235,2,bored,0.9172,bored,0.7333,0.7852,True,0.0293,19.44,36.63,244.14,241.7,339.35,336.18
4576,154.2508,2,bored,0.9105,bored,0.7333,0.7912,True,0.0288,18.55,18.06,245.59,242.18,339.65,336.22
4577,154.3075,2,bored,0.9105,bored,0.7333,0.7972,True,0.0288,21.9,32.88,245.59,242.18,339.65,336.22
4578,154.3365,2,bored,0.8381,bored,0.7333,0.7971,True,0.0288,22.39,31.93,244.67,242.64,339.19,336.38
4579,154.3679,2,bored,0.8381,bored,0.7333,0.7974,True,0.0288,22.84,33.77,244.67,242.64,339.19,336.38
4580,154.3975,2,bored,0.763,bored,0.7333,0.7944,True,0.0279,20.33,36.54,244.63,245.5,338.22,337.07
4581,154.4262,2,bored,0.7426,bored,0.7333,0.7889,True,0.028,24.51,30.69,245.08,245.89,339.19,337.23
4582,154.4574,3,frustrated,0.6537,bored,0.7,0.7854,True,0.0288,23.32,22.29,244.06,246.71,340.29,338.8
4583,154.5023,3,frustrated,0.6537,bored,0.6667,0.7826,True,0.0288,22.46,31.98,244.06,246.71,340.29,338.8
4584,154.5335,2,bored,0.7783,bored,0.6667,0.7812,True,0.0283,20.22,35.64,244.73,245.84,339.42,337.55
4585,154.5616,3,frustrated,0.4975,bored,0.6333,0.7798,True,0.0287,29.76,22.01,244.86,246.8,340.59,338.95
4586,154.607,3,frustrated,0.4975,bored,0.6,0.7753,True,0.0287,20.37,33.57,244.86,246.8,340.59,338.95
4587,154.6368,3,frustrated,0.6637,bored,0.5667,0.7741,True,0.0283,22.01,34.8,244.69,247.09,339.61,338.72
4588,154.6666,3,frustrated,0.6525,bored,0.5333,0.7811,True,0.0283,19.81,36.02,244.47,246.82,339.23,338.5
4589,154.6933,3,frustrated,0.6525,bored,0.5,0.789,True,0.0283,21.5,34.4,244.47,246.82,339.23,338.5
4590,154.7224,3,frustrated,0.5692,frustrated,0.5333,0.521,True,0.0288,20.47,34.97,244.02,245.42,339.69,337.97
4591,154.751,3,frustrated,0.6029,frustrated,0.5333,0.5299,True,0.0297,20.25,19.0,243.11,243.3,339.99,337.45
4592,154.8046,3,frustrated,0.6029,frustrated,0.5333,0.5388,True,0.0297,19.44,35.91,243.11,243.3,339.99,337.45
4593,154.8315,2,bored,0.7521,frustrated,0.5333,0.5388,True,0.0296,21.47,35.01,243.82,240.94,339.44,336.03
4594,154.86,2,bored,0.8782,frustrated,0.5333,0.5388,True,0.0291,18.98,25.36,245.36,241.24,339.76,335.78
4595,154.8995,2,bored,0.8782,frustrated,0.5333,0.5388,True,0.0291,20.11,35.78,245.36,241.24,339.76,335.78
4596,154.9274,2,bored,0.8287,frustrated,0.5,0.5486,True,0.0293,19.03,36.24,245.8,241.06,340.81,335.69
4597,154.955,2,bored,0.8548,bored,0.5333,0.8441,True,0.0292,20.9,24.54,246.64,240.62,341.05,335.71
4598,154.9958,2,bored,0.8548,bored,0.5667,0.8447,True,0.0292,22.21,33.69,246.64,240.62,341.05,335.71
4599,155.0254,2,bored,0.778,bored,0.6,0.841,True,0.0291,21.65,33.71,248.52,240.82,342.85,335.58
4600,155.0551,2,bored,0.7982,bored,0.6333,0.8388,True,0.0293,19.57,27.33,249.05,241.36,344.54,335.68
4601,155.0917,2,bored,0.7982,bored,0.6667,0.8367,True,0.0293,21.68,36.07,249.05,241.36,344.54,335.68
4602,155.1194,2,bored,0.7581,bored,0.6667,0.8324,True,0.0293,19.66,34.8,249.65,241.26,345.1,335.6
4603,155.1482,2,bored,0.8411,bored,0.6667,0.8302,True,0.0297,21.54,24.84,249.18,240.65,345.22,335.67
4604,155.1884,2,bored,0.8411,bored,0.6667,0.828,True,0.0297,19.93,34.69,249.18,240.65,345.22,335.67
4605,155.2173,2,bored,0.8562,bored,0.6667,0.8249,True,0.03,20.15,28.52,248.11,240.59,344.9,335.68
4606,155.2523,2,bored,0.8397,bored,0.6667,0.8214,True,0.0302,19.03,21.68,247.04,240.75,344.6,335.92
4607,155.2984,2,bored,0.8397,bored,0.6667,0.8178,True,0.0302,19.54,36.99,247.04,240.75,344.6,335.92
4608,155.3255,2,bored,0.8766,bored,0.6667,0.8198,True,0.0298,19.96,35.66,247.24,240.73,343.43,335.88
4609,155.3535,2,bored,0.8847,bored,0.6667,0.8221,True,0.0297,20.76,23.53,246.69,241.23,342.92,335.92
4610,155.396,2,bored,0.8847,bored,0.6667,0.8282,True,0.0297,21.89,32.9,246.69,241.23,342.92,335.92
4611,155.4264,2,bored,0.8835,bored,0.6667,0.8352,True,0.03,19.78,36.64,247.17,241.15,344.32,336.08
4612,155.4537,2,bored,0.8222,bored,0.7,0.8346,True,0.0297,19.29,26.44,248.18,240.56,344.0,335.7
4613,155.4926,2,bored,0.8222,bored,0.7333,0.834,True,0.0297,21.0,34.81,248.18,240.56,344.0,335.7
4614,155.5202,2,bored,0.745,bored,0.7333,0.8325,True,0.0288,21.12,34.93,250.45,242.7,346.13,335.26
4615,155.5489,2,bored,0.8284,bored,0.7667,0.8324,True,0.0302,20.77,25.78,252.8,238.55,348.71,335.39
4616,155.5877,2,bored,0.8284,bored,0.8,0.8322,True,0.0302,22.64,33.3,252.8,238.55,348.71,335.39
4617,155.6177,2,bored,0.519,bored,0.8333,0.8197,True,0.0303,22.86,32.51,255.04,238.89,351.74,335.28
4618,155.6485,2,bored,0.7857,bored,0.8667,0.8184,True,0.0298,20.69,18.86,261.99,236.87,355.87,334.31
4619,155.7025,2,bored,0.6233,bored,0.9,0.8111,True,0.0314,19.67,22.22,266.0,235.66,364.21,333.99
4620,155.7465,2,bored,0.6233,bored,0.9333,0.8044,True,0.0314,19.2,38.15,266.0,235.66,364.21,333.99
4621,155.7727,2,bored,0.5971,bored,0.9667,0.7973,True,0.03,21.54,35.45,271.15,236.18,366.42,332.85
4622,155.8009,2,bored,0.5971,bored,1.0,0.7906,True,0.03,19.9,36.96,271.15,236.18,366.42,332.85
4623,155.828,2,bored,0.8412,bored,1.0,0.7936,True,0.0311,20.23,36.07,276.07,234.54,373.89,332.27
4624,155.8557,2,bored,0.7152,bored,1.0,0.7881,True,0.0317,20.16,26.51,282.2,231.67,379.64,331.54
4625,155.8934,2,bored,0.7152,bored,1.0,0.7827,True,0.0317,20.81,35.31,282.2,231.67,379.64,331.54
4626,155.9217,2,bored,0.582,bored,1.0,0.7745,True,0.0293,21.81,33.93,287.58,233.77,381.28,329.81
4627,155.9512,3,frustrated,0.3994,bored,0.9667,0.7717,True,0.0299,20.77,26.41,289.11,233.21,384.23,329.73
4628,155.989,3,frustrated,0.3994,bored,0.9333,0.7688,True,0.0299,23.57,31.91,289.11,233.21,384.23,329.73
4629,156.0204,2,bored,0.7867,bored,0.9333,0.7691,True,0.0295,23.28,32.13,290.74,234.52,386.41,329.39
4630,156.0515,2,bored,0.8033,bored,0.9333,0.7692,True,0.0281,20.06,30.17,297.06,233.24,388.33,327.94
4631,156.0846,2,bored,0.7543,bored,0.9333,0.7677,True,0.0282,19.1,16.1,297.44,232.87,390.2,326.4
4632,156.1468,2,bored,0.7543,bored,0.9333,0.7675,True,0.0282,18.34,35.67,297.44,232.87,390.2,326.4
4633,156.1748,2,bored,0.7386,bored,0.9333,0.7639,True,0.0286,20.45,35.77,297.32,231.74,390.55,325.92
4634,156.2027,2,bored,0.7386,bored,0.9333,0.7602,True,0.0286,19.52,37.6,297.32,231.74,390.55,325.92
4635,156.2293,2,bored,0.6865,bored,0.9333,0.7542,True,0.0284,20.35,36.04,298.57,231.75,391.72,325.35
4636,156.2571,2,bored,0.7532,bored,0.9333,0.7511,True,0.028,19.28,28.11,297.74,233.35,390.88,325.63
4637,156.2927,2,bored,0.7532,bored,0.9333,0.748,True,0.028,19.59,34.87,297.74,233.35,390.88,325.63
4638,156.3213,2,bored,0.743,bored,0.9333,0.7432,True,0.029,20.89,36.7,296.85,233.24,390.59,328.25
4639,156.3486,2,bored,0.5744,bored,0.9333,0.7321,True,0.0294,19.69,25.65,295.38,232.92,389.63,328.82
4640,156.3876,2,bored,0.5744,bored,0.9333,0.7211,True,0.0294,20.28,36.39,295.38,232.92,389.63,328.82
4641,156.4162,2,bored,0.5658,bored,0.9333,0.7097,True,0.0303,19.16,36.1,294.16,232.21,388.92,330.51
4642,156.4428,2,bored,0.6931,bored,0.9333,0.7051,True,0.0304,20.51,23.35,292.74,232.8,388.4,330.42
4643,156.4856,2,bored,0.7791,bored,0.9333,0.7036,True,0.031,21.48,20.97,289.95,234.7,388.24,331.64
4644,156.5333,2,bored,0.7791,bored,0.9333,0.7048,True,0.031,19.62,36.03,289.95,234.7,388.24,331.64
4645,156.561,2,bored,0.7513,bored,0.9333,0.702,True,0.0307,20.06,28.72,289.88,234.33,386.11,332.19
4646,156.5959,0,engaged,0.5912,bored,0.9,0.6973,True,0.0314,24.79,18.3,289.3,233.06,387.45,331.38
4647,156.6505,0,engaged,0.5912,bored,0.8667,0.7042,True,0.0314,20.86,34.4,289.3,233.06,387.45,331.38
4648,156.6796,0,engaged,0.6632,bored,0.8333,0.7009,True,0.031,20.24,35.61,289.22,234.49,386.96,331.99
4649,156.7076,0,engaged,0.6632,bored,0.8,0.7042,True,0.031,21.16,34.32,289.22,234.49,386.96,331.99
4650,156.7368,2,bored,0.6171,bored,0.8,0.7039,True,0.0307,20.83,36.06,287.58,236.53,384.83,333.49
4651,156.7655,0,engaged,0.8344,bored,0.7667,0.7086,True,0.0319,20.2,33.24,285.0,235.34,383.38,334.86
4652,156.7946,0,engaged,0.8344,bored,0.7333,0.7136,True,0.0319,19.08,33.44,285.0,235.34,383.38,334.86
4653,156.8245,3,frustrated,0.6751,bored,0.7,0.7076,True,0.0318,22.91,32.44,286.33,236.08,383.82,336.32
4654,156.8553,3,frustrated,0.81,bored,0.6667,0.7072,True,0.0321,21.55,33.46,284.14,237.03,382.95,336.69
4655,156.8852,0,engaged,0.2306,bored,0.6333,0.7067,True,0.0329,19.12,21.63,281.97,237.29,382.83,337.5
4656,156.9314,0,engaged,0.2306,bored,0.6,0.7137,True,0.0329,19.35,37.66,281.97,237.29,382.83,337.5
4657,156.958,3,frustrated,0.774,bored,0.6,0.7137,True,0.0326,20.18,33.66,280.89,240.21,381.86,339.35
4658,156.9877,3,frustrated,0.6048,bored,0.6,0.7137,True,0.0335,21.13,17.21,277.37,239.86,380.61,339.65
4659,157.0458,3,frustrated,0.6048,bored,0.5667,0.7094,True,0.0335,20.93,33.63,277.37,239.86,380.61,339.65
4660,157.0755,3,frustrated,0.7878,bored,0.5333,0.7035,True,0.0336,20.38,36.03,274.61,240.19,377.12,340.86
4661,157.1033,3,frustrated,0.7878,bored,0.5,0.7001,True,0.0336,21.84,33.16,274.61,240.19,377.12,340.86
4662,157.1334,3,frustrated,0.6779,bored,0.4667,0.6963,True,0.0333,19.95,36.46,274.0,240.55,375.66,341.03
4663,157.1608,3,frustrated,0.6991,bored,0.4333,0.693,True,0.0327,20.55,33.83,272.9,240.05,372.48,341.02
4664,157.1904,3,frustrated,0.6991,bored,0.4,0.6892,True,0.0327,21.23,34.18,272.9,240.05,372.48,341.02
4665,157.2197,3,frustrated,0.7605,neutral,0.3667,0.6894,True,0.0335,19.6,36.74,269.37,240.09,370.87,341.45
4666,157.2469,3,frustrated,0.8658,frustrated,0.4,0.7289,True,0.0342,18.75,29.11,268.03,238.48,370.24,341.24
4667,157.2822,3,frustrated,0.8374,frustrated,0.4333,0.7373,True,0.0327,18.58,20.37,268.27,240.57,368.58,340.71
4668,157.3303,3,frustrated,0.8374,frustrated,0.4667,0.7444,True,0.0327,19.38,37.59,268.27,240.57,368.58,340.71
4669,157.3569,3,frustrated,0.838,frustrated,0.5,0.7506,True,0.0335,20.77,34.16,266.96,240.94,369.01,341.82
4670,157.3862,3,frustrated,0.8331,frustrated,0.5333,0.7558,True,0.0326,19.64,24.17,267.18,242.74,368.21,341.85
4671,157.4276,3,frustrated,0.8331,frustrated,0.5667,0.7603,True,0.0326,19.48,35.71,267.18,242.74,368.21,341.85
4672,157.4556,3,frustrated,0.8532,frustrated,0.6,0.7655,True,0.0328,20.02,26.57,267.46,241.39,367.9,341.55
4673,157.4932,3,frustrated,0.8535,frustrated,0.6333,0.7701,True,0.0328,19.64,21.25,267.49,241.26,368.36,341.1
4674,157.5403,3,frustrated,0.8535,frustrated,0.6667,0.7743,True,0.0328,21.58,33.98,267.49,241.26,368.36,341.1
4675,157.5697,3,frustrated,0.8421,frustrated,0.7,0.7775,True,0.0314,20.52,34.21,268.85,242.57,367.3,340.56
4676,157.599,3,frustrated,0.8421,frustrated,0.7333,0.7805,True,0.0314,20.72,34.5,268.85,242.57,367.3,340.56
4677,157.6279,3,frustrated,0.7699,frustrated,0.7667,0.78,True,0.0317,20.29,36.22,269.46,242.41,368.58,340.55
4678,157.6556,3,frustrated,0.8644,frustrated,0.8,0.7835,True,0.0309,20.2,37.11,270.18,242.27,368.11,339.18
4679,157.6825,3,frustrated,0.8623,frustrated,0.8333,0.7867,True,0.031,19.41,19.55,270.68,241.34,368.85,338.48
4680,157.7337,3,frustrated,0.8623,frustrated,0.8667,0.7896,True,0.031,19.13,37.49,270.68,241.34,368.85,338.48
4681,157.7603,3,frustrated,0.8132,frustrated,0.9,0.7905,True,0.0312,19.46,35.49,270.0,240.41,368.67,337.7
4682,157.7895,3,frustrated,0.8339,frustrated,0.9333,0.792,True,0.0311,19.36,25.24,268.26,239.14,366.34,336.56
4683,157.8281,3,frustrated,0.8339,frustrated,0.9333,0.7977,True,0.0311,21.04,34.36,268.26,239.14,366.34,336.56
4684,157.8572,3,frustrated,0.7821,frustrated,0.9333,0.7967,True,0.0316,20.08,35.16,267.84,238.09,366.65,336.29
4685,157.8857,3,frustrated,0.6326,frustrated,0.9667,0.791,True,0.0313,19.05,18.47,267.75,237.99,365.99,335.99
4686,157.9398,3,frustrated,0.6326,frustrated,1.0,0.7858,True,0.0313,20.63,34.69,267.75,237.99,365.99,335.99
4687,157.9686,3,frustrated,0.3298,frustrated,1.0,0.7709,True,0.031,19.45,35.41,268.6,237.39,366.54,334.75
4688,157.9969,3,frustrated,0.3298,frustrated,1.0,0.7618,True,0.031,18.94,37.33,268.6,237.39,366.54,334.75
4689,158.0237,2,bored,0.5914,frustrated,0.9667,0.7672,True,0.0306,21.11,34.96,267.57,236.75,364.94,333.36
4690,158.0533,2,bored,0.6458,frustrated,0.9333,0.7665,True,0.0301,22.24,29.2,267.88,237.42,364.49,333.15
4691,158.0865,0,engaged,0.4155,frustrated,0.9,0.7657,True,0.0303,19.1,22.62,267.52,236.4,363.35,333.49
4692,158.1307,0,engaged,0.4155,frustrated,0.8667,0.769,True,0.0303,18.59,34.91,267.52,236.4,363.35,333.49
4693,158.1594,0,engaged,0.4936,frustrated,0.8333,0.7718,True,0.0306,18.57,38.08,267.77,235.73,363.68,333.6
4694,158.1856,0,engaged,0.7337,frustrated,0.8,0.7749,True,0.0308,19.88,23.65,267.99,235.29,364.27,333.47
4695,158.2284,0,engaged,0.7337,frustrated,0.7667,0.7755,True,0.0308,19.3,36.48,267.99,235.29,364.27,333.47
4696,158.2553,3,frustrated,0.3813,frustrated,0.7667,0.7544,True,0.0312,22.08,33.24,269.27,236.46,367.25,334.32
4697,158.2854,3,frustrated,0.3274,frustrated,0.7667,0.7322,True,0.0305,19.28,27.36,271.32,237.09,367.99,334.15
4698,158.322,3,frustrated,0.3274,frustrated,0.7667,0.7101,True,0.0305,20.01,32.58,271.32,237.09,367.99,334.15
4699,158.3527,3,frustrated,0.3893,frustrated,0.7667,0.6906,True,0.0302,22.26,32.7,272.79,237.85,368.45,334.67
4700,158.3832,3,frustrated,0.8418,frustrated,0.7667,0.6909,True,0.0305,19.84,19.34,273.65,238.68,369.73,336.26
4701,158.4349,3,frustrated,0.6464,frustrated,0.7667,0.6828,True,0.0305,18.62,21.32,275.43,239.45,371.92,336.41
4702,158.4818,3,frustrated,0.6464,frustrated,0.7667,0.6738,True,0.0305,19.97,34.17,275.43,239.45,371.92,336.41
4703,158.5111,3,frustrated,0.8066,frustrated,0.7667,0.6718,True,0.0313,18.44,37.42,278.94,239.09,377.38,336.85
4704,158.5378,3,frustrated,0.8066,frustrated,0.7667,0.6698,True,0.0313,21.33,33.28,278.94,239.09,377.38,336.85
4705,158.5679,3,frustrated,0.6888,frustrated,0.7667,0.6631,True,0.0326,18.61,36.2,281.13,238.46,382.48,337.28
4706,158.5955,3,frustrated,0.6418,frustrated,0.7667,0.6544,True,0.0327,21.96,28.05,282.84,238.86,383.84,338.38
4707,158.6312,3,frustrated,0.6418,frustrated,0.7667,0.6488,True,0.0327,20.72,35.46,282.84,238.86,383.84,338.38
4708,158.6594,3,frustrated,0.5883,frustrated,0.7667,0.6368,True,0.0331,21.41,34.82,283.03,238.05,384.63,338.08
4709,158.6881,0,engaged,0.2801,frustrated,0.7333,0.6266,True,0.0324,21.0,26.61,283.55,237.12,383.57,336.63
4710,158.7257,0,engaged,0.2801,frustrated,0.7,0.6153,True,0.0324,19.54,38.15,283.55,237.12,383.57,336.63
4711,158.7519,3,frustrated,0.8282,frustrated,0.7,0.616,True,0.0327,19.37,35.87,284.94,237.51,384.86,338.19
4712,158.7797,0,engaged,0.341,frustrated,0.6667,0.6051,True,0.0329,21.3,25.3,284.74,235.88,385.27,336.53
4713,158.8193,0,engaged,0.6252,frustrated,0.6333,0.5931,True,0.033,19.2,15.54,284.23,235.53,385.37,335.63
4714,158.8836,0,engaged,0.6252,frustrated,0.6,0.5826,True,0.033,21.0,33.91,284.23,235.53,385.37,335.63
4715,158.9136,0,engaged,0.7608,frustrated,0.5667,0.5797,True,0.0325,20.69,34.99,285.07,234.45,384.42,334.95
4716,158.9417,0,engaged,0.7608,frustrated,0.5333,0.5764,True,0.0325,20.67,35.88,285.07,234.45,384.42,334.95
4717,158.9695,0,engaged,0.863,frustrated,0.5,0.5928,True,0.0321,18.78,36.64,285.46,235.75,384.78,335.0
4718,158.9968,0,engaged,0.7092,engaged,0.4667,0.5741,True,0.0317,20.33,31.82,285.57,235.71,383.37,335.26
4719,159.0283,0,engaged,0.7092,engaged,0.5,0.5831,True,0.0317,19.13,36.88,285.57,235.71,383.37,335.26
4720,159.0554,2,bored,0.7371,engaged,0.5,0.5831,True,0.0312,22.28,32.99,287.13,236.53,384.04,335.49
4721,159.0857,2,bored,0.713,engaged,0.4667,0.5951,True,0.0309,19.52,26.54,288.69,237.61,385.55,335.64
4722,159.1234,2,bored,0.713,frustrated,0.4667,0.6116,True,0.0309,20.78,33.49,288.69,237.61,385.55,335.64
4723,159.1532,0,engaged,0.6789,frustrated,0.4667,0.6116,True,0.0317,19.25,39.1,291.76,236.43,388.69,336.79
4724,159.1788,0,engaged,0.8156,frustrated,0.4667,0.6116,True,0.032,19.87,24.35,293.54,237.05,391.51,337.28
4725,159.2199,0,engaged,0.7975,frustrated,0.4667,0.6116,True,0.0324,19.69,20.81,294.64,236.7,393.51,337.38
4726,159.2679,0,engaged,0.7975,engaged,0.4667,0.646,True,0.0324,22.12,32.32,294.64,236.7,393.51,337.38
4727,159.2989,0,engaged,0.5415,engaged,0.5,0.639,True,0.0322,21.44,28.47,295.93,236.19,393.84,337.26
4728,159.335,0,engaged,0.8565,engaged,0.5333,0.6526,True,0.0321,19.54,22.43,296.45,237.0,395.08,336.96
4729,159.3786,0,engaged,0.8565,engaged,0.5667,0.6646,True,0.0321,19.29,37.84,296.45,237.0,395.08,336.96
4730,159.405,0,engaged,0.8042,engaged,0.6,0.6724,True,0.0319,21.49,33.34,297.97,237.36,396.38,336.9
4731,159.435,0,engaged,0.8042,engaged,0.6333,0.6793,True,0.0319,18.49,35.03,297.97,237.36,396.38,336.9
4732,159.4636,0,engaged,0.5691,engaged,0.6667,0.6738,True,0.0329,19.22,36.48,299.05,235.86,398.19,337.73
4733,159.491,0,engaged,0.6935,engaged,0.7,0.6747,True,0.0333,19.02,30.88,299.06,234.72,398.36,337.69
4734,159.5234,0,engaged,0.6935,engaged,0.7333,0.6756,True,0.0333,20.64,34.39,299.06,234.72,398.36,337.69
4735,159.5524,0,engaged,0.5494,engaged,0.7667,0.6701,True,0.033,19.12,36.6,298.62,235.36,397.45,337.88
4736,159.5798,0,engaged,0.4166,engaged,0.8,0.6595,True,0.0331,19.87,24.74,297.16,236.85,397.34,338.29
4737,159.6202,3,frustrated,0.3516,engaged,0.8,0.6595,True,0.0336,20.02,20.73,295.67,239.23,397.94,340.01
4738,159.6684,3,frustrated,0.3516,engaged,0.8,0.6595,True,0.0336,18.7,40.05,295.67,239.23,397.94,340.01
4739,159.6934,3,frustrated,0.4535,engaged,0.7667,0.676,True,0.0324,21.43,33.35,293.05,242.36,394.69,340.19
4740,159.7234,3,frustrated,0.5714,engaged,0.7333,0.694,True,0.0328,20.06,17.89,291.98,241.12,392.87,341.06
4741,159.7793,3,frustrated,0.5714,engaged,0.7333,0.694,True,0.0328,20.05,37.46,291.98,241.12,392.87,341.06
4742,159.806,0,engaged,0.2775,engaged,0.7333,0.6912,True,0.0315,20.7,35.39,291.15,241.58,388.24,341.34
4743,159.8342,0,engaged,0.2775,engaged,0.7333,0.6754,True,0.0315,20.65,36.34,291.15,241.58,388.24,341.34
4744,159.8618,3,frustrated,0.4889,engaged,0.7,0.6777,True,0.0327,19.54,36.33,289.09,241.02,388.07,342.55
4745,159.8893,2,bored,0.5018,engaged,0.6667,0.6736,True,0.0328,19.62,29.23,288.92,241.17,388.14,342.81
4746,159.9235,2,bored,0.5018,engaged,0.6333,0.669,True,0.0328,19.94,34.78,288.92,241.17,388.14,342.81
4747,159.9523,3,frustrated,0.6315,engaged,0.6,0.6582,True,0.0321,21.05,33.78,286.97,242.3,385.21,342.63
4748,159.9819,2,bored,0.6979,engaged,0.5667,0.6552,True,0.0325,20.93,25.2,285.63,242.24,384.7,342.89
