original_filename,new_filename,subject_id,class_id,class_name,original_subset,original_image_path,original_label_path,sha256,image_extension,file_size,width,height,bbox_count
bored_2196.jpg,S01_bored_0001.jpg,S01,2,bored,train,D:\varell\college\tugas\semester 7\projek skripsi1\skripsi_yolov13_engagement\datasets\master_combined_dataset\images\train\bored_2196.jpg,D:\varell\college\tugas\semester 7\projek skripsi1\skripsi_yolov13_engagement\datasets\master_combined_dataset\labels\train\bored_2196.txt,196b1df803244ee9737c995f89ede8f0caaccebd9263e603c5f7b2d45ad13ac2,.jpg,67939,640,480,1
bored_2288.jpg,S01_bored_0002.jpg,S01,2,bored,train,D:\varell\college\tugas\semester 7\projek skripsi1\skripsi_yolov13_engagement\datasets\master_combined_dataset\images\train\bored_2288.jpg,D:\varell\college\tugas\semester 7\projek skripsi1\skripsi_yolov13_engagement\datasets\master_combined_dataset\labels\train\bored_2288.txt,d2c276cfdce673049ed488ff13f6bc8fd503a02621c3648bb94349b421a010f3,.jpg,67906,640,480,1
bored_2371.jpg,S01_bored_0003.jpg,S01,2,bored,train,D:\varell\college\tugas\semester 7\projek skripsi1\skripsi_yolov13_engagement\datasets\master_combined_dataset\images\train\bored_2371.jpg,D:\varell\college\tugas\semester 7\projek skripsi1\skripsi_yolov13_engagement\datasets\master_combined_dataset\labels\train\bored_2371.txt,21eda8c89bda44dd923ade8255b0857cf58671110b1ce2155b263c03a7ce24d9,.jpg,66968,640,480,1
bored_2459.jpg,S01_bored_0004.jpg,S01,2,bored,train,D:\varell\college\tugas\semester 7\projek skripsi1\skripsi_yolov13_engagement\datasets\master_combined_dataset\images\train\bored_2459.jpg,D:\varell\college\tugas\semester 7\projek skripsi1\skripsi_yolov13_engagement\datasets\master_combined_dataset\labels\train\bored_2459.txt,be2bd1958bd3a4ed8e1dfd4f25fbfb326fb43eb6a2bbd81ca6e78882c4c55939,.jpg,67139,640,480,1
bored_4708.jpg,S01_bored_0005.jpg,S01,2,bored,test,D:\varell\college\tugas\semester 7\projek skripsi1\skripsi_yolov13_engagement\datasets\master_combined_dataset\images\test\bored_4708.jpg,D:\varell\college\tugas\semester 7\projek skripsi1\skripsi_yolov13_engagement\datasets\master_combined_dataset\labels\test\bored_4708.txt,29d06a313fcf4acdedbe1cd9265bc1f3a073403370bfbc479a6e65163b433ce2,.jpg,66046,640,480,1
bored_4880.jpg,S01_bored_0006.jpg,S01,2,bored,train,D:\varell\college\tugas\semester 7\projek skripsi1\skripsi_yolov13_engagement\datasets\master_combined_dataset\images\train\bored_4880.jpg,D:\varell\college\tugas\semester 7\projek skripsi1\skripsi_yolov13_engagement\datasets\master_combined_dataset\labels\train\bored_4880.txt,6b4f973f024dd75853b15b588dead37296909bf95976929adf1a54c88a4f6360,.jpg,65723,640,480,1
bored_5123.jpg,S01_bored_0007.jpg,S01,2,bored,train,D:\varell\college\tugas\semester 7\projek skripsi1\skripsi_yolov13_engagement\datasets\master_combined_dataset\images\train\bored_5123.jpg,D:\varell\college\tugas\semester 7\projek skripsi1\skripsi_yolov13_engagement\datasets\master_combined_dataset\labels\train\bored_5123.txt,5e3aa0ea9ebf1bfc36542c3c314f446c38469ebcc91555ede726778803c0a0fe,.jpg,69505,640,480,1
bored_5166.jpg,S01_bored_0008.jpg,S01,2,bored,train,D:\varell\college\tugas\semester 7\projek skripsi1\skripsi_yolov13_engagement\datasets\master_combined_dataset\images\train\bored_5166.jpg,D:\varell\college\tugas\semester 7\projek skripsi1\skripsi_yolov13_engagement\datasets\master_combined_dataset\labels\train\bored_5166.txt,3744108be913c5cbce0ee902bb1c94e599062b551f7bcdf244359c7b06dbd387,.jpg,69316,640,480,1
bored_5169.jpg,S01_bored_0009.jpg,S01,2,bored,train,D:\varell\college\tugas\semester 7\projek skripsi1\skripsi_yolov13_engagement\datasets\master_combined_dataset\images\train\bored_5169.jpg,D:\varell\college\tugas\semester 7\projek skripsi1\skripsi_yolov13_engagement\datasets\master_combined_dataset\labels\train\bored_5169.txt,1cd72988a0d3d4e770e1a83eb413cb105ae8ed489fab97598887c1a0f72d8586,.jpg,67774,640,480,1
bored_5171.jpg,S01_bored_0010.jpg,S01,2,bored,train,D:\varell\college\tugas\semester 7\projek skripsi1\skripsi_yolov13_engagement\datasets\master_combined_dataset\images\train\bored_5171.jpg,D:\varell\college\tugas\semester 7\projek skripsi1\skripsi_yolov13_engagement\datasets\master_combined_dataset\labels\train\bored_5171.txt,b9c40e985a86915216aaa7abf81f7cffe661662af326620000b5b52b97b6c7ec,.jpg,69265,640,480,1
bored_5177.jpg,S01_bored_0011.jpg,S01,2,bored,train,D:\varell\college\tugas\semester 7\projek skripsi1\skripsi_yolov13_engagement\datasets\master_combined_dataset\images\train\bored_5177.jpg,D:\varell\college\tugas\semester 7\projek skripsi1\skripsi_yolov13_engagement\datasets\master_combined_dataset\labels\train\bored_5177.txt,47928e0dbd6201a9ebaddb912da53c1852054e085bd5df95112c19f65aa7a177,.jpg,69182,640,480,1
bored_5182.jpg,S01_bored_0012.jpg,S01,2,bored,train,D:\varell\college\tugas\semester 7\projek skripsi1\skripsi_yolov13_engagement\datasets\master_combined_dataset\images\train\bored_5182.jpg,D:\varell\college\tugas\semester 7\projek skripsi1\skripsi_yolov13_engagement\datasets\master_combined_dataset\labels\train\bored_5182.txt,e14c1d5dc7b5eb33faa0389e6542cc731caec404878ee3e088c2fbce4f23f6f8,.jpg,69530,640,480,1
bored_5188.jpg,S01_bored_0013.jpg,S01,2,bored,train,D:\varell\college\tugas\semester 7\projek skripsi1\skripsi_yolov13_engagement\datasets\master_combined_dataset\images\train\bored_5188.jpg,D:\varell\college\tugas\semester 7\projek skripsi1\skripsi_yolov13_engagement\datasets\master_combined_dataset\labels\train\bored_5188.txt,a186071fcbee902f6ba82d534d190f27d7a91de3eb797125c44c6e40ccfa6dda,.jpg,69496,640,480,1
bored_5193.jpg,S01_bored_0014.jpg,S01,2,bored,val,D:\varell\college\tugas\semester 7\projek skripsi1\skripsi_yolov13_engagement\datasets\master_combined_dataset\images\val\bored_5193.jpg,D:\varell\college\tugas\semester 7\projek skripsi1\skripsi_yolov13_engagement\datasets\master_combined_dataset\labels\val\bored_5193.txt,cd2898984085daad1cc36fc80959bf2c22e40b3cfea710ee5c678726911a3682,.jpg,69365,640,480,1
bored_5197.jpg,S01_bored_0015.jpg,S01,2,bored,train,D:\varell\college\tugas\semester 7\projek skripsi1\skripsi_yolov13_engagement\datasets\master_combined_dataset\images\train\bored_5197.jpg,D:\varell\college\tugas\semester 7\projek skripsi1\skripsi_yolov13_engagement\datasets\master_combined_dataset\labels\train\bored_5197.txt,92e10f87c78b8f0a08d45498de006a25ed50df81870f33643c7c0644d2ec7112,.jpg,69369,640,480,1
bored_5202.jpg,S01_bored_0016.jpg,S01,2,bored,train,D:\varell\college\tugas\semester 7\projek skripsi1\skripsi_yolov13_engagement\datasets\master_combined_dataset\images\train\bored_5202.jpg,D:\varell\college\tugas\semester 7\projek skripsi1\skripsi_yolov13_engagement\datasets\master_combined_dataset\labels\train\bored_5202.txt,a3fa9124d08e588807e46a0b85ab207f09700bacb15d2833055bf7f51a86b705,.jpg,69424,640,480,1
bored_5207.jpg,S01_bored_0017.jpg,S01,2,bored,train,D:\varell\college\tugas\semester 7\projek skripsi1\skripsi_yolov13_engagement\datasets\master_combined_dataset\images\train\bored_5207.jpg,D:\varell\college\tugas\semester 7\projek skripsi1\skripsi_yolov13_engagement\datasets\master_combined_dataset\labels\train\bored_5207.txt,1e73acbea73de5d9cb6cd2938a65fb8352b254d6d664d19d9503c020b0e26aff,.jpg,69388,640,480,1
bored_5212.jpg,S01_bored_0018.jpg,S01,2,bored,train,D:\varell\college\tugas\semester 7\projek skripsi1\skripsi_yolov13_engagement\datasets\master_combined_dataset\images\train\bored_5212.jpg,D:\varell\college\tugas\semester 7\projek skripsi1\skripsi_yolov13_engagement\datasets\master_combined_dataset\labels\train\bored_5212.txt,8025c43ca8aba9ae277a62621fdba49a736340c45462b8ebb34ee2bec54b20a7,.jpg,69460,640,480,1
bored_5217.jpg,S01_bored_0019.jpg,S01,2,bored,train,D:\varell\college\tugas\semester 7\projek skripsi1\skripsi_yolov13_engagement\datasets\master_combined_dataset\images\train\bored_5217.jpg,D:\varell\college\tugas\semester 7\projek skripsi1\skripsi_yolov13_engagement\datasets\master_combined_dataset\labels\train\bored_5217.txt,23c31973e8f2d88e2d9bd0d09387495ed38bb397cad4cbefc9712a844f7eea2d,.jpg,69436,640,480,1
bored_5222.jpg,S01_bored_0020.jpg,S01,2,bored,test,D:\varell\college\tugas\semester 7\projek skripsi1\skripsi_yolov13_engagement\datasets\master_combined_dataset\images\test\bored_5222.jpg,D:\varell\college\tugas\semester 7\projek skripsi1\skripsi_yolov13_engagement\datasets\master_combined_dataset\labels\test\bored_5222.txt,39c33aff3919f241545ffd9e7c90c1080781abcf9e2709f9a9b7b7a9ce78b847,.jpg,69156,640,480,1
bored_5226.jpg,S01_bored_0021.jpg,S01,2,bored,test,D:\varell\college\tugas\semester 7\projek skripsi1\skripsi_yolov13_engagement\datasets\master_combined_dataset\images\test\bored_5226.jpg,D:\varell\college\tugas\semester 7\projek skripsi1\skripsi_yolov13_engagement\datasets\master_combined_dataset\labels\test\bored_5226.txt,46c2df729ed5ae4f77be47969b6bd70b4fdcc8eb48f588e6ba5de7a52201b122,.jpg,69306,640,480,1
bored_5306.jpg,S01_bored_0022.jpg,S01,2,bored,train,D:\varell\college\tugas\semester 7\projek skripsi1\skripsi_yolov13_engagement\datasets\master_combined_dataset\images\train\bored_5306.jpg,D:\varell\college\tugas\semester 7\projek skripsi1\skripsi_yolov13_engagement\datasets\master_combined_dataset\labels\train\bored_5306.txt,e395d16623f90e274a87c35ee4c2aebca25d57dbf50a39dab25c8322953353eb,.jpg,67675,640,480,1
bored_5543.jpg,S01_bored_0023.jpg,S01,2,bored,train,D:\varell\college\tugas\semester 7\projek skripsi1\skripsi_yolov13_engagement\datasets\master_combined_dataset\images\train\bored_5543.jpg,D:\varell\college\tugas\semester 7\projek skripsi1\skripsi_yolov13_engagement\datasets\master_combined_dataset\labels\train\bored_5543.txt,9d6fc2eda896231445d2c54a441426957c6e77dc99fae89b7dd30c47e0cb0fdc,.jpg,68454,640,480,1
bored_5553.jpg,S01_bored_0024.jpg,S01,2,bored,train,D:\varell\college\tugas\semester 7\projek skripsi1\skripsi_yolov13_engagement\datasets\master_combined_dataset\images\train\bored_5553.jpg,D:\varell\college\tugas\semester 7\projek skripsi1\skripsi_yolov13_engagement\datasets\master_combined_dataset\labels\train\bored_5553.txt,8050254e2d07ec7207b4e3650549a2b8a4cada80a54d91e660dd0e1509c096a2,.jpg,68811,640,480,1
bored_5596.jpg,S01_bored_0025.jpg,S01,2,bored,train,D:\varell\college\tugas\semester 7\projek skripsi1\skripsi_yolov13_engagement\datasets\master_combined_dataset\images\train\bored_5596.jpg,D:\varell\college\tugas\semester 7\projek skripsi1\skripsi_yolov13_engagement\datasets\master_combined_dataset\labels\train\bored_5596.txt,7e416e698134a8cee63a81f589f50a23b568145d0e3579e841567185e6852464,.jpg,68479,640,480,1
bored_5606.jpg,S01_bored_0026.jpg,S01,2,bored,train,D:\varell\college\tugas\semester 7\projek skripsi1\skripsi_yolov13_engagement\datasets\master_combined_dataset\images\train\bored_5606.jpg,D:\varell\college\tugas\semester 7\projek skripsi1\skripsi_yolov13_engagement\datasets\master_combined_dataset\labels\train\bored_5606.txt,99fdb41a92c734042413c9b697dbcdb6c24165814cd1273dc8fc490c0b4c7a8f,.jpg,68449,640,480,1
bored_5685.jpg,S01_bored_0027.jpg,S01,2,bored,test,D:\varell\college\tugas\semester 7\projek skripsi1\skripsi_yolov13_engagement\datasets\master_combined_dataset\images\test\bored_5685.jpg,D:\varell\college\tugas\semester 7\projek skripsi1\skripsi_yolov13_engagement\datasets\master_combined_dataset\labels\test\bored_5685.txt,1a45dcdcf7a9f2c84649be10b297725aa2fb5ecb5f61c5e047032fd405fbdc17,.jpg,70166,640,480,1
bored_5695.jpg,S01_bored_0028.jpg,S01,2,bored,val,D:\varell\college\tugas\semester 7\projek skripsi1\skripsi_yolov13_engagement\datasets\master_combined_dataset\images\val\bored_5695.jpg,D:\varell\college\tugas\semester 7\projek skripsi1\skripsi_yolov13_engagement\datasets\master_combined_dataset\labels\val\bored_5695.txt,c2909fcd993b6573bbb441b8d32fd6715dad2a9270e7d9e2b1a2c0909d28e5a2,.jpg,70710,640,480,1
bored_5700.jpg,S01_bored_0029.jpg,S01,2,bored,train,D:\varell\college\tugas\semester 7\projek skripsi1\skripsi_yolov13_engagement\datasets\master_combined_dataset\images\train\bored_5700.jpg,D:\varell\college\tugas\semester 7\projek skripsi1\skripsi_yolov13_engagement\datasets\master_combined_dataset\labels\train\bored_5700.txt,727c8ee75bbf187c9f646d444e8dd25d7cf26898f2ee72afddb4b5b8fda65cff,.jpg,70721,640,480,1
bored_5706.jpg,S01_bored_0030.jpg,S01,2,bored,train,D:\varell\college\tugas\semester 7\projek skripsi1\skripsi_yolov13_engagement\datasets\master_combined_dataset\images\train\bored_5706.jpg,D:\varell\college\tugas\semester 7\projek skripsi1\skripsi_yolov13_engagement\datasets\master_combined_dataset\labels\train\bored_5706.txt,f7e7efe01ad272f83b72638fccef3be12c8887948ff53fcb785cd21e2cadce2c,.jpg,70898,640,480,1
bored_5867.jpg,S01_bored_0031.jpg,S01,2,bored,train,D:\varell\college\tugas\semester 7\projek skripsi1\skripsi_yolov13_engagement\datasets\master_combined_dataset\images\train\bored_5867.jpg,D:\varell\college\tugas\semester 7\projek skripsi1\skripsi_yolov13_engagement\datasets\master_combined_dataset\labels\train\bored_5867.txt,1a905c66e5bd6bf4ab0906fe64fb6409b83201eb80f5e06ff363c8f630970af4,.jpg,69866,640,480,1
bored_5893.jpg,S01_bored_0032.jpg,S01,2,bored,train,D:\varell\college\tugas\semester 7\projek skripsi1\skripsi_yolov13_engagement\datasets\master_combined_dataset\images\train\bored_5893.jpg,D:\varell\college\tugas\semester 7\projek skripsi1\skripsi_yolov13_engagement\datasets\master_combined_dataset\labels\train\bored_5893.txt,924ab1a29a493f939fdfdaa5ac2eb6f6d52cc25e3bfe9b434804b213ee37e531,.jpg,70017,640,480,1
bored_5899.jpg,S01_bored_0033.jpg,S01,2,bored,train,D:\varell\college\tugas\semester 7\projek skripsi1\skripsi_yolov13_engagement\datasets\master_combined_dataset\images\train\bored_5899.jpg,D:\varell\college\tugas\semester 7\projek skripsi1\skripsi_yolov13_engagement\datasets\master_combined_dataset\labels\train\bored_5899.txt,12bbfd7a4790862a5bcf549a62ceef0567b4bb8e165676e37d56fcb9aea7b176,.jpg,70098,640,480,1
bored_5905.jpg,S01_bored_0034.jpg,S01,2,bored,train,D:\varell\college\tugas\semester 7\projek skripsi1\skripsi_yolov13_engagement\datasets\master_combined_dataset\images\train\bored_5905.jpg,D:\varell\college\tugas\semester 7\projek skripsi1\skripsi_yolov13_engagement\datasets\master_combined_dataset\labels\train\bored_5905.txt,fa4c719d86081bafe6a49bbe817e6aa402a71f78d035a49143efeb1a096184ec,.jpg,70134,640,480,1
bored_5910.jpg,S01_bored_0035.jpg,S01,2,bored,val,D:\varell\college\tugas\semester 7\projek skripsi1\skripsi_yolov13_engagement\datasets\master_combined_dataset\images\val\bored_5910.jpg,D:\varell\college\tugas\semester 7\projek skripsi1\skripsi_yolov13_engagement\datasets\master_combined_dataset\labels\val\bored_5910.txt,ae18df2ff035e22906e42319e4203e5173340d77ca64ebf8df53f90f1744567c,.jpg,70129,640,480,1
bored_5914.jpg,S01_bored_0036.jpg,S01,2,bored,train,D:\varell\college\tugas\semester 7\projek skripsi1\skripsi_yolov13_engagement\datasets\master_combined_dataset\images\train\bored_5914.jpg,D:\varell\college\tugas\semester 7\projek skripsi1\skripsi_yolov13_engagement\datasets\master_combined_dataset\labels\train\bored_5914.txt,7123e2320509381ddbde156ed86a427666000afea3783979ceb0ff5adb5f1425,.jpg,70272,640,480,1
bored_5919.jpg,S01_bored_0037.jpg,S01,2,bored,train,D:\varell\college\tugas\semester 7\projek skripsi1\skripsi_yolov13_engagement\datasets\master_combined_dataset\images\train\bored_5919.jpg,D:\varell\college\tugas\semester 7\projek skripsi1\skripsi_yolov13_engagement\datasets\master_combined_dataset\labels\train\bored_5919.txt,bcdba50cc46938b98eec175699b213db6ca216fb3421c66c0fe012c6e6dd06b1,.jpg,70161,640,480,1
bored_6005.jpg,S01_bored_0038.jpg,S01,2,bored,train,D:\varell\college\tugas\semester 7\projek skripsi1\skripsi_yolov13_engagement\datasets\master_combined_dataset\images\train\bored_6005.jpg,D:\varell\college\tugas\semester 7\projek skripsi1\skripsi_yolov13_engagement\datasets\master_combined_dataset\labels\train\bored_6005.txt,55f0643784d31e500227eab19257da7f7b0dfbd0da1414f10ccbe462a8492c02,.jpg,70242,640,480,1
bored_6010.jpg,S01_bored_0039.jpg,S01,2,bored,train,D:\varell\college\tugas\semester 7\projek skripsi1\skripsi_yolov13_engagement\datasets\master_combined_dataset\images\train\bored_6010.jpg,D:\varell\college\tugas\semester 7\projek skripsi1\skripsi_yolov13_engagement\datasets\master_combined_dataset\labels\train\bored_6010.txt,1475b5f92620ab2495389158e1d18c176d7e45115d2c9feaf4ff5045dea2477f,.jpg,70398,640,480,1
bored_6016.jpg,S01_bored_0040.jpg,S01,2,bored,train,D:\varell\college\tugas\semester 7\projek skripsi1\skripsi_yolov13_engagement\datasets\master_combined_dataset\images\train\bored_6016.jpg,D:\varell\college\tugas\semester 7\projek skripsi1\skripsi_yolov13_engagement\datasets\master_combined_dataset\labels\train\bored_6016.txt,9a5d992a3ff94f17c673b3f6c8875bfaf282e44a53337691cfae9089307514fc,.jpg,70481,640,480,1
bored_6022.jpg,S01_bored_0041.jpg,S01,2,bored,train,D:\varell\college\tugas\semester 7\projek skripsi1\skripsi_yolov13_engagement\datasets\master_combined_dataset\images\train\bored_6022.jpg,D:\varell\college\tugas\semester 7\projek skripsi1\skripsi_yolov13_engagement\datasets\master_combined_dataset\labels\train\bored_6022.txt,408f8fd29c97bea609c43ef9643c2148828ce7ffe7c425af6d4e83feb1be5a0f,.jpg,70365,640,480,1
bored_6027.jpg,S01_bored_0042.jpg,S01,2,bored,train,D:\varell\college\tugas\semester 7\projek skripsi1\skripsi_yolov13_engagement\datasets\master_combined_dataset\images\train\bored_6027.jpg,D:\varell\college\tugas\semester 7\projek skripsi1\skripsi_yolov13_engagement\datasets\master_combined_dataset\labels\train\bored_6027.txt,8a9679cf566d023e91b1eccf120633715d955a2ee92ac55ff4b8485ee75fac1f,.jpg,70455,640,480,1
bored_6032.jpg,S01_bored_0043.jpg,S01,2,bored,train,D:\varell\college\tugas\semester 7\projek skripsi1\skripsi_yolov13_engagement\datasets\master_combined_dataset\images\train\bored_6032.jpg,D:\varell\college\tugas\semester 7\projek skripsi1\skripsi_yolov13_engagement\datasets\master_combined_dataset\labels\train\bored_6032.txt,f94377ef28bfa8e1dfad4e07913ce3d77484cc0d83b5d43580f0c49a4faf1846,.jpg,70434,640,480,1
bored_6037.jpg,S01_bored_0044.jpg,S01,2,bored,train,D:\varell\college\tugas\semester 7\projek skripsi1\skripsi_yolov13_engagement\datasets\master_combined_dataset\images\train\bored_6037.jpg,D:\varell\college\tugas\semester 7\projek skripsi1\skripsi_yolov13_engagement\datasets\master_combined_dataset\labels\train\bored_6037.txt,ecd642e0bf12cc35ba546151d4b1f4adb9d0b12aa11f7a5017598fced25c16b6,.jpg,70436,640,480,1
bored_6042.jpg,S01_bored_0045.jpg,S01,2,bored,train,D:\varell\college\tugas\semester 7\projek skripsi1\skripsi_yolov13_engagement\datasets\master_combined_dataset\images\train\bored_6042.jpg,D:\varell\college\tugas\semester 7\projek skripsi1\skripsi_yolov13_engagement\datasets\master_combined_dataset\labels\train\bored_6042.txt,371cc5df42feb2721faea2b2bc0ad0440eaa410d0de0630fe4a6db529652731c,.jpg,70520,640,480,1
bored_6047.jpg,S01_bored_0046.jpg,S01,2,bored,test,D:\varell\college\tugas\semester 7\projek skripsi1\skripsi_yolov13_engagement\datasets\master_combined_dataset\images\test\bored_6047.jpg,D:\varell\college\tugas\semester 7\projek skripsi1\skripsi_yolov13_engagement\datasets\master_combined_dataset\labels\test\bored_6047.txt,37240cec561ede6ed9a761141de0c173568a6e0ef426095624fd850f4d886f29,.jpg,70374,640,480,1
bored_6080.jpg,S01_bored_0047.jpg,S01,2,bored,train,D:\varell\college\tugas\semester 7\projek skripsi1\skripsi_yolov13_engagement\datasets\master_combined_dataset\images\train\bored_6080.jpg,D:\varell\college\tugas\semester 7\projek skripsi1\skripsi_yolov13_engagement\datasets\master_combined_dataset\labels\train\bored_6080.txt,4d087073bbc217a57b343af2a35fffabdc78d74bd2fd0c9c8b3d1e6cd3373238,.jpg,70727,640,480,1
bored_6265.jpg,S01_bored_0048.jpg,S01,2,bored,train,D:\varell\college\tugas\semester 7\projek skripsi1\skripsi_yolov13_engagement\datasets\master_combined_dataset\images\train\bored_6265.jpg,D:\varell\college\tugas\semester 7\projek skripsi1\skripsi_yolov13_engagement\datasets\master_combined_dataset\labels\train\bored_6265.txt,f939fc3db6a9578036c46768718bc2a5701b8f531339dbaa41a9402c9f15a535,.jpg,67173,640,480,1
bored_6271.jpg,S01_bored_0049.jpg,S01,2,bored,train,D:\varell\college\tugas\semester 7\projek skripsi1\skripsi_yolov13_engagement\datasets\master_combined_dataset\images\train\bored_6271.jpg,D:\varell\college\tugas\semester 7\projek skripsi1\skripsi_yolov13_engagement\datasets\master_combined_dataset\labels\train\bored_6271.txt,ff4ff97c3c850f2fc03edb29061d376d799d85e1fc8e10a01c07ddbabe4d3c4a,.jpg,67294,640,480,1
bored_6275.jpg,S01_bored_0050.jpg,S01,2,bored,train,D:\varell\college\tugas\semester 7\projek skripsi1\skripsi_yolov13_engagement\datasets\master_combined_dataset\images\train\bored_6275.jpg,D:\varell\college\tugas\semester 7\projek skripsi1\skripsi_yolov13_engagement\datasets\master_combined_dataset\labels\train\bored_6275.txt,fabe7e2554c5bcc01624270851f49b19ad7ce9957df3ba734128f54a183c03d9,.jpg,67210,640,480,1
bored_6279.jpg,S01_bored_0051.jpg,S01,2,bored,test,D:\varell\college\tugas\semester 7\projek skripsi1\skripsi_yolov13_engagement\datasets\master_combined_dataset\images\test\bored_6279.jpg,D:\varell\college\tugas\semester 7\projek skripsi1\skripsi_yolov13_engagement\datasets\master_combined_dataset\labels\test\bored_6279.txt,f00d84b4685d733d98ce147334d72a4222c889cf3912181da517e30135ca29f5,.jpg,67142,640,480,1
bored_6290.jpg,S01_bored_0052.jpg,S01,2,bored,val,D:\varell\college\tugas\semester 7\projek skripsi1\skripsi_yolov13_engagement\datasets\master_combined_dataset\images\val\bored_6290.jpg,D:\varell\college\tugas\semester 7\projek skripsi1\skripsi_yolov13_engagement\datasets\master_combined_dataset\labels\val\bored_6290.txt,d6e932504f2ff8486d4ec40ca97dcbb283ab9352b6e2679b9d79623a1ee18a71,.jpg,67126,640,480,1
bored_6294.jpg,S01_bored_0053.jpg,S01,2,bored,train,D:\varell\college\tugas\semester 7\projek skripsi1\skripsi_yolov13_engagement\datasets\master_combined_dataset\images\train\bored_6294.jpg,D:\varell\college\tugas\semester 7\projek skripsi1\skripsi_yolov13_engagement\datasets\master_combined_dataset\labels\train\bored_6294.txt,11cb64748b4d893d88b6763ed12cfeeeba123cd7087c6d716eaf2dfa0148013f,.jpg,67264,640,480,1
bored_6298.jpg,S01_bored_0054.jpg,S01,2,bored,train,D:\varell\college\tugas\semester 7\projek skripsi1\skripsi_yolov13_engagement\datasets\master_combined_dataset\images\train\bored_6298.jpg,D:\varell\college\tugas\semester 7\projek skripsi1\skripsi_yolov13_engagement\datasets\master_combined_dataset\labels\train\bored_6298.txt,b59728b15e2be7bd8006218635ac551c908580edd27d799f4bbd0cb5194e496b,.jpg,67226,640,480,1
bored_6302.jpg,S01_bored_0055.jpg,S01,2,bored,train,D:\varell\college\tugas\semester 7\projek skripsi1\skripsi_yolov13_engagement\datasets\master_combined_dataset\images\train\bored_6302.jpg,D:\varell\college\tugas\semester 7\projek skripsi1\skripsi_yolov13_engagement\datasets\master_combined_dataset\labels\train\bored_6302.txt,b46dbe7745da0a2e733625378d8af533d5649943dd448a4f725d9912c613d6b6,.jpg,67264,640,480,1
bored_6375.jpg,S01_bored_0056.jpg,S01,2,bored,train,D:\varell\college\tugas\semester 7\projek skripsi1\skripsi_yolov13_engagement\datasets\master_combined_dataset\images\train\bored_6375.jpg,D:\varell\college\tugas\semester 7\projek skripsi1\skripsi_yolov13_engagement\datasets\master_combined_dataset\labels\train\bored_6375.txt,aeace0b1d07f94efef138acc7802e52370c3622d4fd4fc366c91764db54d731d,.jpg,67625,640,480,1
bored_6379.jpg,S01_bored_0057.jpg,S01,2,bored,test,D:\varell\college\tugas\semester 7\projek skripsi1\skripsi_yolov13_engagement\datasets\master_combined_dataset\images\test\bored_6379.jpg,D:\varell\college\tugas\semester 7\projek skripsi1\skripsi_yolov13_engagement\datasets\master_combined_dataset\labels\test\bored_6379.txt,563c02c61fcee5a33ab859ee0a712fac4965dc98efca2b16a53ccda7a851195e,.jpg,67546,640,480,1
bored_6405.jpg,S01_bored_0058.jpg,S01,2,bored,train,D:\varell\college\tugas\semester 7\projek skripsi1\skripsi_yolov13_engagement\datasets\master_combined_dataset\images\train\bored_6405.jpg,D:\varell\college\tugas\semester 7\projek skripsi1\skripsi_yolov13_engagement\datasets\master_combined_dataset\labels\train\bored_6405.txt,face8f61719af01301b4367c222698653d93ba0721ea7c666d2c8ec3515e3dfe,.jpg,67484,640,480,1
bored_6410.jpg,S01_bored_0059.jpg,S01,2,bored,train,D:\varell\college\tugas\semester 7\projek skripsi1\skripsi_yolov13_engagement\datasets\master_combined_dataset\images\train\bored_6410.jpg,D:\varell\college\tugas\semester 7\projek skripsi1\skripsi_yolov13_engagement\datasets\master_combined_dataset\labels\train\bored_6410.txt,0a718d9c68485827257f38a445b20e3174b5a0c7207caa1b96bae75ab58d45e3,.jpg,67435,640,480,1
bored_6881.jpg,S01_bored_0060.jpg,S01,2,bored,train,D:\varell\college\tugas\semester 7\projek skripsi1\skripsi_yolov13_engagement\datasets\master_combined_dataset\images\train\bored_6881.jpg,D:\varell\college\tugas\semester 7\projek skripsi1\skripsi_yolov13_engagement\datasets\master_combined_dataset\labels\train\bored_6881.txt,0476d0edb148ddf15749da658f12cfdcaa77db88b2873a9c236d3ebcf4fe9b5c,.jpg,65874,640,480,1
bored_6887.jpg,S01_bored_0061.jpg,S01,2,bored,train,D:\varell\college\tugas\semester 7\projek skripsi1\skripsi_yolov13_engagement\datasets\master_combined_dataset\images\train\bored_6887.jpg,D:\varell\college\tugas\semester 7\projek skripsi1\skripsi_yolov13_engagement\datasets\master_combined_dataset\labels\train\bored_6887.txt,7a6b860fd39092d984f62197d33c7189d02ffe9066c94fd16f239274ec286a46,.jpg,65997,640,480,1
bored_6891.jpg,S01_bored_0062.jpg,S01,2,bored,train,D:\varell\college\tugas\semester 7\projek skripsi1\skripsi_yolov13_engagement\datasets\master_combined_dataset\images\train\bored_6891.jpg,D:\varell\college\tugas\semester 7\projek skripsi1\skripsi_yolov13_engagement\datasets\master_combined_dataset\labels\train\bored_6891.txt,b5196311f43ee2c17847048028c42e44e1a3d0877e4ef9dfe53743c0bb397ab6,.jpg,65959,640,480,1
bored_6895.jpg,S01_bored_0063.jpg,S01,2,bored,train,D:\varell\college\tugas\semester 7\projek skripsi1\skripsi_yolov13_engagement\datasets\master_combined_dataset\images\train\bored_6895.jpg,D:\varell\college\tugas\semester 7\projek skripsi1\skripsi_yolov13_engagement\datasets\master_combined_dataset\labels\train\bored_6895.txt,0529fe51402e68525ec6f351d9994bf9314d88ea849927e810ccee8a4c9e6ea2,.jpg,66845,640,480,1
bored_6902.jpg,S01_bored_0064.jpg,S01,2,bored,train,D:\varell\college\tugas\semester 7\projek skripsi1\skripsi_yolov13_engagement\datasets\master_combined_dataset\images\train\bored_6902.jpg,D:\varell\college\tugas\semester 7\projek skripsi1\skripsi_yolov13_engagement\datasets\master_combined_dataset\labels\train\bored_6902.txt,f6a8404677562670dbe1753ef09021e70f95fe9ce86307e7ffeab0df6fd5f6cc,.jpg,67193,640,480,1
bored_6918.jpg,S01_bored_0065.jpg,S01,2,bored,test,D:\varell\college\tugas\semester 7\projek skripsi1\skripsi_yolov13_engagement\datasets\master_combined_dataset\images\test\bored_6918.jpg,D:\varell\college\tugas\semester 7\projek skripsi1\skripsi_yolov13_engagement\datasets\master_combined_dataset\labels\test\bored_6918.txt,301f0eab73cf9f28586374489b00fff01cda1ada3ae052c62c5d88a515446c1e,.jpg,67441,640,480,1
bored_6919.jpg,S01_bored_0066.jpg,S01,2,bored,train,D:\varell\college\tugas\semester 7\projek skripsi1\skripsi_yolov13_engagement\datasets\master_combined_dataset\images\train\bored_6919.jpg,D:\varell\college\tugas\semester 7\projek skripsi1\skripsi_yolov13_engagement\datasets\master_combined_dataset\labels\train\bored_6919.txt,3eb92cc1bc67f43a2dcdd20204e2d9312997e5d17778ab6d24a4919dfcbb2f79,.jpg,67461,640,480,1
bored_6920.jpg,S01_bored_0067.jpg,S01,2,bored,train,D:\varell\college\tugas\semester 7\projek skripsi1\skripsi_yolov13_engagement\datasets\master_combined_dataset\images\train\bored_6920.jpg,D:\varell\college\tugas\semester 7\projek skripsi1\skripsi_yolov13_engagement\datasets\master_combined_dataset\labels\train\bored_6920.txt,85b46e8ae217bf8c1d3dffd05e9f1a4626e973be77b0ce6ff96d51d6cb517162,.jpg,67272,640,480,1
bored_7026.jpg,S01_bored_0068.jpg,S01,2,bored,train,D:\varell\college\tugas\semester 7\projek skripsi1\skripsi_yolov13_engagement\datasets\master_combined_dataset\images\train\bored_7026.jpg,D:\varell\college\tugas\semester 7\projek skripsi1\skripsi_yolov13_engagement\datasets\master_combined_dataset\labels\train\bored_7026.txt,ad66040cd37e53cccb42577271ea768239d05e870de8fe87a34eb61ce0e6f44d,.jpg,66869,640,480,1
bored_7035.jpg,S01_bored_0069.jpg,S01,2,bored,val,D:\varell\college\tugas\semester 7\projek skripsi1\skripsi_yolov13_engagement\datasets\master_combined_dataset\images\val\bored_7035.jpg,D:\varell\college\tugas\semester 7\projek skripsi1\skripsi_yolov13_engagement\datasets\master_combined_dataset\labels\val\bored_7035.txt,a8216945e5608ff06da75f8bda4e5068c1384566dd76e2aa5823988b4fc34049,.jpg,66666,640,480,1
bored_7069.jpg,S01_bored_0070.jpg,S01,2,bored,train,D:\varell\college\tugas\semester 7\projek skripsi1\skripsi_yolov13_engagement\datasets\master_combined_dataset\images\train\bored_7069.jpg,D:\varell\college\tugas\semester 7\projek skripsi1\skripsi_yolov13_engagement\datasets\master_combined_dataset\labels\train\bored_7069.txt,3123d877d867814f6da399b50f7e9db35022ac95e0ce9c61dbdd74d5008d97c7,.jpg,68015,640,480,1
bored_7074.jpg,S01_bored_0071.jpg,S01,2,bored,val,D:\varell\college\tugas\semester 7\projek skripsi1\skripsi_yolov13_engagement\datasets\master_combined_dataset\images\val\bored_7074.jpg,D:\varell\college\tugas\semester 7\projek skripsi1\skripsi_yolov13_engagement\datasets\master_combined_dataset\labels\val\bored_7074.txt,2e5e9facf711d92cc3393be87e747a908c1b7fa2ee968edc5df5c2e2395ac5f4,.jpg,68143,640,480,1
bored_7078.jpg,S01_bored_0072.jpg,S01,2,bored,train,D:\varell\college\tugas\semester 7\projek skripsi1\skripsi_yolov13_engagement\datasets\master_combined_dataset\images\train\bored_7078.jpg,D:\varell\college\tugas\semester 7\projek skripsi1\skripsi_yolov13_engagement\datasets\master_combined_dataset\labels\train\bored_7078.txt,19616bd12ab5204831a6b67f6304126b59c28face1da76bb09ccb1b8d7ec91a1,.jpg,68162,640,480,1
bored_7081.jpg,S01_bored_0073.jpg,S01,2,bored,train,D:\varell\college\tugas\semester 7\projek skripsi1\skripsi_yolov13_engagement\datasets\master_combined_dataset\images\train\bored_7081.jpg,D:\varell\college\tugas\semester 7\projek skripsi1\skripsi_yolov13_engagement\datasets\master_combined_dataset\labels\train\bored_7081.txt,899d717d2a55762cd435f13d036263362e774d4aebf1e085511f288b8296b85b,.jpg,67922,640,480,1
bored_7094.jpg,S01_bored_0074.jpg,S01,2,bored,test,D:\varell\college\tugas\semester 7\projek skripsi1\skripsi_yolov13_engagement\datasets\master_combined_dataset\images\test\bored_7094.jpg,D:\varell\college\tugas\semester 7\projek skripsi1\skripsi_yolov13_engagement\datasets\master_combined_dataset\labels\test\bored_7094.txt,5980332d08d5c56fdec27914a108e5fba252bd6bff873f949eb5ac104363de1d,.jpg,67590,640,480,1
bored_7097.jpg,S01_bored_0075.jpg,S01,2,bored,train,D:\varell\college\tugas\semester 7\projek skripsi1\skripsi_yolov13_engagement\datasets\master_combined_dataset\images\train\bored_7097.jpg,D:\varell\college\tugas\semester 7\projek skripsi1\skripsi_yolov13_engagement\datasets\master_combined_dataset\labels\train\bored_7097.txt,420594120b9bd4139bf13b0c98ae24e2a30f535f663fae2c9eb00ea72d5ee563,.jpg,67783,640,480,1
bored_7104.jpg,S01_bored_0076.jpg,S01,2,bored,train,D:\varell\college\tugas\semester 7\projek skripsi1\skripsi_yolov13_engagement\datasets\master_combined_dataset\images\train\bored_7104.jpg,D:\varell\college\tugas\semester 7\projek skripsi1\skripsi_yolov13_engagement\datasets\master_combined_dataset\labels\train\bored_7104.txt,c53165f861c6f84496441a1ba975851ecf210426774150ec204c707fcf8a8e58,.jpg,67868,640,480,1
bored_7107.jpg,S01_bored_0077.jpg,S01,2,bored,test,D:\varell\college\tugas\semester 7\projek skripsi1\skripsi_yolov13_engagement\datasets\master_combined_dataset\images\test\bored_7107.jpg,D:\varell\college\tugas\semester 7\projek skripsi1\skripsi_yolov13_engagement\datasets\master_combined_dataset\labels\test\bored_7107.txt,70a8c899a63220710cfbe6c3bc810cd102762cee3ff8a5d94376c7500f162722,.jpg,67873,640,480,1
bored_7110.jpg,S01_bored_0078.jpg,S01,2,bored,train,D:\varell\college\tugas\semester 7\projek skripsi1\skripsi_yolov13_engagement\datasets\master_combined_dataset\images\train\bored_7110.jpg,D:\varell\college\tugas\semester 7\projek skripsi1\skripsi_yolov13_engagement\datasets\master_combined_dataset\labels\train\bored_7110.txt,c53b8a2fa23701b19592442e4cdfc7909e8cdafc30edc2c6a32b6a338eb0df66,.jpg,67746,640,480,1
bored_7114.jpg,S01_bored_0079.jpg,S01,2,bored,val,D:\varell\college\tugas\semester 7\projek skripsi1\skripsi_yolov13_engagement\datasets\master_combined_dataset\images\val\bored_7114.jpg,D:\varell\college\tugas\semester 7\projek skripsi1\skripsi_yolov13_engagement\datasets\master_combined_dataset\labels\val\bored_7114.txt,6e60715535c36aa3d59c3d12b3aa2e9fd82936656a73ab66cc4a85d9f74eadb5,.jpg,67826,640,480,1
bored_7122.jpg,S01_bored_0080.jpg,S01,2,bored,train,D:\varell\college\tugas\semester 7\projek skripsi1\skripsi_yolov13_engagement\datasets\master_combined_dataset\images\train\bored_7122.jpg,D:\varell\college\tugas\semester 7\projek skripsi1\skripsi_yolov13_engagement\datasets\master_combined_dataset\labels\train\bored_7122.txt,db91c2214c1178937cc0dac85574aea0c6e30cd96ad8624151989c607f810a14,.jpg,67674,640,480,1
bored_7126.jpg,S01_bored_0081.jpg,S01,2,bored,train,D:\varell\college\tugas\semester 7\projek skripsi1\skripsi_yolov13_engagement\datasets\master_combined_dataset\images\train\bored_7126.jpg,D:\varell\college\tugas\semester 7\projek skripsi1\skripsi_yolov13_engagement\datasets\master_combined_dataset\labels\train\bored_7126.txt,24a0c32618bc15fd359f26ab6bfbd6d17a0b84f447ca8397c06184394ada8e16,.jpg,67617,640,480,1
bored_7128.jpg,S01_bored_0082.jpg,S01,2,bored,train,D:\varell\college\tugas\semester 7\projek skripsi1\skripsi_yolov13_engagement\datasets\master_combined_dataset\images\train\bored_7128.jpg,D:\varell\college\tugas\semester 7\projek skripsi1\skripsi_yolov13_engagement\datasets\master_combined_dataset\labels\train\bored_7128.txt,5d327c38a9473ca55ef14d80959af4135b1dfaec885ba7d3a09cbb3ebeb54c08,.jpg,67216,640,480,1
bored_7131.jpg,S01_bored_0083.jpg,S01,2,bored,train,D:\varell\college\tugas\semester 7\projek skripsi1\skripsi_yolov13_engagement\datasets\master_combined_dataset\images\train\bored_7131.jpg,D:\varell\college\tugas\semester 7\projek skripsi1\skripsi_yolov13_engagement\datasets\master_combined_dataset\labels\train\bored_7131.txt,ebe0e98b90f10ae9391816b948e9b17a6a38634ed1c0ad469b33910820fe0254,.jpg,67345,640,480,1
bored_7160.jpg,S01_bored_0084.jpg,S01,2,bored,train,D:\varell\college\tugas\semester 7\projek skripsi1\skripsi_yolov13_engagement\datasets\master_combined_dataset\images\train\bored_7160.jpg,D:\varell\college\tugas\semester 7\projek skripsi1\skripsi_yolov13_engagement\datasets\master_combined_dataset\labels\train\bored_7160.txt,465ec3c41bc8c1cc4fa9697cadb5aba6004e6560a237e49ac23738b8edea67a4,.jpg,68038,640,480,1
bored_7164.jpg,S01_bored_0085.jpg,S01,2,bored,train,D:\varell\college\tugas\semester 7\projek skripsi1\skripsi_yolov13_engagement\datasets\master_combined_dataset\images\train\bored_7164.jpg,D:\varell\college\tugas\semester 7\projek skripsi1\skripsi_yolov13_engagement\datasets\master_combined_dataset\labels\train\bored_7164.txt,5efaec834da0a1200989ea21b5ccf386f5c372a0731b7d09c1a57e76879bf8d7,.jpg,68170,640,480,1
confused_12264.jpg,S01_confused_0001.jpg,S01,1,confused,train,D:\varell\college\tugas\semester 7\projek skripsi1\skripsi_yolov13_engagement\datasets\master_combined_dataset\images\train\confused_12264.jpg,D:\varell\college\tugas\semester 7\projek skripsi1\skripsi_yolov13_engagement\datasets\master_combined_dataset\labels\train\confused_12264.txt,768be438b3897af1090df61e66bb6d7948f4ebe1fcc5870057349be39e710eb4,.jpg,69006,640,480,1
confused_12447.jpg,S01_confused_0002.jpg,S01,1,confused,train,D:\varell\college\tugas\semester 7\projek skripsi1\skripsi_yolov13_engagement\datasets\master_combined_dataset\images\train\confused_12447.jpg,D:\varell\college\tugas\semester 7\projek skripsi1\skripsi_yolov13_engagement\datasets\master_combined_dataset\labels\train\confused_12447.txt,6a0517bdb8a67833d6ba7916bdf8dd93b4d93af5f67066c6227d9bd20d8406dc,.jpg,68944,640,480,1
confused_12818.jpg,S01_confused_0003.jpg,S01,1,confused,train,D:\varell\college\tugas\semester 7\projek skripsi1\skripsi_yolov13_engagement\datasets\master_combined_dataset\images\train\confused_12818.jpg,D:\varell\college\tugas\semester 7\projek skripsi1\skripsi_yolov13_engagement\datasets\master_combined_dataset\labels\train\confused_12818.txt,fea4425ae47b92c08a22c218b2917b5f5fad06faed1c9bfd2e5658f5f27837ad,.jpg,68526,640,480,1
confused_12876.jpg,S01_confused_0004.jpg,S01,1,confused,train,D:\varell\college\tugas\semester 7\projek skripsi1\skripsi_yolov13_engagement\datasets\master_combined_dataset\images\train\confused_12876.jpg,D:\varell\college\tugas\semester 7\projek skripsi1\skripsi_yolov13_engagement\datasets\master_combined_dataset\labels\train\confused_12876.txt,da67bbdcdd80bbb8952a42b6377eb33b8870a8dd0885929842534cd49c3c84e3,.jpg,68696,640,480,1
confused_12882.jpg,S01_confused_0005.jpg,S01,1,confused,train,D:\varell\college\tugas\semester 7\projek skripsi1\skripsi_yolov13_engagement\datasets\master_combined_dataset\images\train\confused_12882.jpg,D:\varell\college\tugas\semester 7\projek skripsi1\skripsi_yolov13_engagement\datasets\master_combined_dataset\labels\train\confused_12882.txt,d0871d6917919e390e33324b7b73b454862080414564de4b649c8844921773cf,.jpg,68829,640,480,1
confused_12887.jpg,S01_confused_0006.jpg,S01,1,confused,train,D:\varell\college\tugas\semester 7\projek skripsi1\skripsi_yolov13_engagement\datasets\master_combined_dataset\images\train\confused_12887.jpg,D:\varell\college\tugas\semester 7\projek skripsi1\skripsi_yolov13_engagement\datasets\master_combined_dataset\labels\train\confused_12887.txt,488e37a21274b935c42e2ec9091ccfc75eee2e0106c4bb81b39cf98c8dcf1a51,.jpg,68919,640,480,1
confused_12891.jpg,S01_confused_0007.jpg,S01,1,confused,train,D:\varell\college\tugas\semester 7\projek skripsi1\skripsi_yolov13_engagement\datasets\master_combined_dataset\images\train\confused_12891.jpg,D:\varell\college\tugas\semester 7\projek skripsi1\skripsi_yolov13_engagement\datasets\master_combined_dataset\labels\train\confused_12891.txt,4587901d8a20cf44ea592ea3c36aef9aa9980bf2e5fd00a1272cedbcb905da14,.jpg,68831,640,480,1
confused_12896.jpg,S01_confused_0008.jpg,S01,1,confused,train,D:\varell\college\tugas\semester 7\projek skripsi1\skripsi_yolov13_engagement\datasets\master_combined_dataset\images\train\confused_12896.jpg,D:\varell\college\tugas\semester 7\projek skripsi1\skripsi_yolov13_engagement\datasets\master_combined_dataset\labels\train\confused_12896.txt,6b78c555c64c6089adb8552f622ddab3951f3322d4239837a9827065515b27c6,.jpg,68752,640,480,1
confused_12902.jpg,S01_confused_0009.jpg,S01,1,confused,val,D:\varell\college\tugas\semester 7\projek skripsi1\skripsi_yolov13_engagement\datasets\master_combined_dataset\images\val\confused_12902.jpg,D:\varell\college\tugas\semester 7\projek skripsi1\skripsi_yolov13_engagement\datasets\master_combined_dataset\labels\val\confused_12902.txt,aefe6c0cdb592ea86fa04c46cd0b815801a1a5b565bef15244ea5ff53811efc0,.jpg,68968,640,480,1
confused_13005.jpg,S01_confused_0010.jpg,S01,1,confused,train,D:\varell\college\tugas\semester 7\projek skripsi1\skripsi_yolov13_engagement\datasets\master_combined_dataset\images\train\confused_13005.jpg,D:\varell\college\tugas\semester 7\projek skripsi1\skripsi_yolov13_engagement\datasets\master_combined_dataset\labels\train\confused_13005.txt,4014cee383a8a10a943c43356cd8429d06abe15a535974992cd364e1e693b07f,.jpg,69174,640,480,1
confused_13009.jpg,S01_confused_0011.jpg,S01,1,confused,train,D:\varell\college\tugas\semester 7\projek skripsi1\skripsi_yolov13_engagement\datasets\master_combined_dataset\images\train\confused_13009.jpg,D:\varell\college\tugas\semester 7\projek skripsi1\skripsi_yolov13_engagement\datasets\master_combined_dataset\labels\train\confused_13009.txt,978dc607ba122f57dba37574dec9ccf79febadee9b8c15d98042ee005cc93911,.jpg,68988,640,480,1
confused_13013.jpg,S01_confused_0012.jpg,S01,1,confused,test,D:\varell\college\tugas\semester 7\projek skripsi1\skripsi_yolov13_engagement\datasets\master_combined_dataset\images\test\confused_13013.jpg,D:\varell\college\tugas\semester 7\projek skripsi1\skripsi_yolov13_engagement\datasets\master_combined_dataset\labels\test\confused_13013.txt,2ed0f607983a6bc421d81cb8799693bdacf226db2fe783d41b6028afc43c6073,.jpg,69090,640,480,1
confused_13018.jpg,S01_confused_0013.jpg,S01,1,confused,test,D:\varell\college\tugas\semester 7\projek skripsi1\skripsi_yolov13_engagement\datasets\master_combined_dataset\images\test\confused_13018.jpg,D:\varell\college\tugas\semester 7\projek skripsi1\skripsi_yolov13_engagement\datasets\master_combined_dataset\labels\test\confused_13018.txt,b9eff710fc82ebcdfea9c24e9171ffd783da705ad2dee641d6065a1d9f08d0a7,.jpg,69100,640,480,1
confused_13023.jpg,S01_confused_0014.jpg,S01,1,confused,train,D:\varell\college\tugas\semester 7\projek skripsi1\skripsi_yolov13_engagement\datasets\master_combined_dataset\images\train\confused_13023.jpg,D:\varell\college\tugas\semester 7\projek skripsi1\skripsi_yolov13_engagement\datasets\master_combined_dataset\labels\train\confused_13023.txt,841e728854f6c82aba66076d541a77f465565961f05ba5aee61e82c13b7e743b,.jpg,68974,640,480,1
confused_3376.jpg,S01_confused_0015.jpg,S01,1,confused,train,D:\varell\college\tugas\semester 7\projek skripsi1\skripsi_yolov13_engagement\datasets\master_combined_dataset\images\train\confused_3376.jpg,D:\varell\college\tugas\semester 7\projek skripsi1\skripsi_yolov13_engagement\datasets\master_combined_dataset\labels\train\confused_3376.txt,24c55a9dfad16aa7d49cf15014b62d35dbe3deabe94f78fa7831add2c8432778,.jpg,68528,640,480,1
confused_3417.jpg,S01_confused_0016.jpg,S01,1,confused,train,D:\varell\college\tugas\semester 7\projek skripsi1\skripsi_yolov13_engagement\datasets\master_combined_dataset\images\train\confused_3417.jpg,D:\varell\college\tugas\semester 7\projek skripsi1\skripsi_yolov13_engagement\datasets\master_combined_dataset\labels\train\confused_3417.txt,89da8a368a7013c082bde93277ea62d41465fb12731a5053cf54f3d26bdc5517,.jpg,68879,640,480,1
confused_3861.jpg,S01_confused_0017.jpg,S01,1,confused,train,D:\varell\college\tugas\semester 7\projek skripsi1\skripsi_yolov13_engagement\datasets\master_combined_dataset\images\train\confused_3861.jpg,D:\varell\college\tugas\semester 7\projek skripsi1\skripsi_yolov13_engagement\datasets\master_combined_dataset\labels\train\confused_3861.txt,645966b0330730b01a7c6b4d6019052ce233d1f5ab461c2694e1a27d9a17df57,.jpg,68211,640,480,1
confused_3879.jpg,S01_confused_0018.jpg,S01,1,confused,train,D:\varell\college\tugas\semester 7\projek skripsi1\skripsi_yolov13_engagement\datasets\master_combined_dataset\images\train\confused_3879.jpg,D:\varell\college\tugas\semester 7\projek skripsi1\skripsi_yolov13_engagement\datasets\master_combined_dataset\labels\train\confused_3879.txt,d582dcbca17b01b3672716db491d107741a58a9429924f10d5f279aa6eb61d94,.jpg,68658,640,480,1
confused_3883.jpg,S01_confused_0019.jpg,S01,1,confused,train,D:\varell\college\tugas\semester 7\projek skripsi1\skripsi_yolov13_engagement\datasets\master_combined_dataset\images\train\confused_3883.jpg,D:\varell\college\tugas\semester 7\projek skripsi1\skripsi_yolov13_engagement\datasets\master_combined_dataset\labels\train\confused_3883.txt,23a17985802cf6bdfaf2b88bbd641ced513d3bc05887f8581d6f1f08f065c4f3,.jpg,68909,640,480,1
confused_3887.jpg,S01_confused_0020.jpg,S01,1,confused,val,D:\varell\college\tugas\semester 7\projek skripsi1\skripsi_yolov13_engagement\datasets\master_combined_dataset\images\val\confused_3887.jpg,D:\varell\college\tugas\semester 7\projek skripsi1\skripsi_yolov13_engagement\datasets\master_combined_dataset\labels\val\confused_3887.txt,43150c398e12a6caef8f4de4fdfaceddad6769099bcac677c3d8bdf63e6588a6,.jpg,68852,640,480,1
confused_3892.jpg,S01_confused_0021.jpg,S01,1,confused,train,D:\varell\college\tugas\semester 7\projek skripsi1\skripsi_yolov13_engagement\datasets\master_combined_dataset\images\train\confused_3892.jpg,D:\varell\college\tugas\semester 7\projek skripsi1\skripsi_yolov13_engagement\datasets\master_combined_dataset\labels\train\confused_3892.txt,2228a12f2dacaab33ade678b55b386b9c7ef217b083a0e94e7196e218db9d15f,.jpg,68939,640,480,1
confused_3897.jpg,S01_confused_0022.jpg,S01,1,confused,train,D:\varell\college\tugas\semester 7\projek skripsi1\skripsi_yolov13_engagement\datasets\master_combined_dataset\images\train\confused_3897.jpg,D:\varell\college\tugas\semester 7\projek skripsi1\skripsi_yolov13_engagement\datasets\master_combined_dataset\labels\train\confused_3897.txt,569b8ac095af8abb898120442e574ef13658941987f6c2bb1523ffd0ef67851c,.jpg,68846,640,480,1
confused_3975.jpg,S01_confused_0023.jpg,S01,1,confused,train,D:\varell\college\tugas\semester 7\projek skripsi1\skripsi_yolov13_engagement\datasets\master_combined_dataset\images\train\confused_3975.jpg,D:\varell\college\tugas\semester 7\projek skripsi1\skripsi_yolov13_engagement\datasets\master_combined_dataset\labels\train\confused_3975.txt,6a43887f703ac4512830ac1fe0d5711291df2fb192571dc86fa00f7526654231,.jpg,69465,640,480,1
confused_3984.jpg,S01_confused_0024.jpg,S01,1,confused,train,D:\varell\college\tugas\semester 7\projek skripsi1\skripsi_yolov13_engagement\datasets\master_combined_dataset\images\train\confused_3984.jpg,D:\varell\college\tugas\semester 7\projek skripsi1\skripsi_yolov13_engagement\datasets\master_combined_dataset\labels\train\confused_3984.txt,4264ca341076da8ebf3571eaec837222dcad6601e39b840bf57fa9b45f791f82,.jpg,68987,640,480,1
confused_4055.jpg,S01_confused_0025.jpg,S01,1,confused,train,D:\varell\college\tugas\semester 7\projek skripsi1\skripsi_yolov13_engagement\datasets\master_combined_dataset\images\train\confused_4055.jpg,D:\varell\college\tugas\semester 7\projek skripsi1\skripsi_yolov13_engagement\datasets\master_combined_dataset\labels\train\confused_4055.txt,0346f950fe267836ea829e084cea575fae0a201cf1ef519790dec095e42b2b79,.jpg,70766,640,480,1
confused_4134.jpg,S01_confused_0026.jpg,S01,1,confused,test,D:\varell\college\tugas\semester 7\projek skripsi1\skripsi_yolov13_engagement\datasets\master_combined_dataset\images\test\confused_4134.jpg,D:\varell\college\tugas\semester 7\projek skripsi1\skripsi_yolov13_engagement\datasets\master_combined_dataset\labels\test\confused_4134.txt,e72696b4f1a392448fec83bbb459c4ec6ecd849b5b250ca3cc199ac7bc71c425,.jpg,70739,640,480,1
confused_4139.jpg,S01_confused_0027.jpg,S01,1,confused,train,D:\varell\college\tugas\semester 7\projek skripsi1\skripsi_yolov13_engagement\datasets\master_combined_dataset\images\train\confused_4139.jpg,D:\varell\college\tugas\semester 7\projek skripsi1\skripsi_yolov13_engagement\datasets\master_combined_dataset\labels\train\confused_4139.txt,bcdd29471a7d16573d2f53c049e989aa812489988c6e79309734923932f712ed,.jpg,70523,640,480,1
confused_4142.jpg,S01_confused_0028.jpg,S01,1,confused,test,D:\varell\college\tugas\semester 7\projek skripsi1\skripsi_yolov13_engagement\datasets\master_combined_dataset\images\test\confused_4142.jpg,D:\varell\college\tugas\semester 7\projek skripsi1\skripsi_yolov13_engagement\datasets\master_combined_dataset\labels\test\confused_4142.txt,bf42286e95bf9832e5bdd25611388ab8be4564e6baba2bd56d491d60e64b9f07,.jpg,70791,640,480,1
confused_4147.jpg,S01_confused_0029.jpg,S01,1,confused,train,D:\varell\college\tugas\semester 7\projek skripsi1\skripsi_yolov13_engagement\datasets\master_combined_dataset\images\train\confused_4147.jpg,D:\varell\college\tugas\semester 7\projek skripsi1\skripsi_yolov13_engagement\datasets\master_combined_dataset\labels\train\confused_4147.txt,b512cdf8166cdf67f54b2c11d47d456e9ffdf0a18ccbc096c9470f9f0d9c502d,.jpg,70765,640,480,1
confused_4153.jpg,S01_confused_0030.jpg,S01,1,confused,train,D:\varell\college\tugas\semester 7\projek skripsi1\skripsi_yolov13_engagement\datasets\master_combined_dataset\images\train\confused_4153.jpg,D:\varell\college\tugas\semester 7\projek skripsi1\skripsi_yolov13_engagement\datasets\master_combined_dataset\labels\train\confused_4153.txt,0c5a4b83a35f6802368bd9325fae803eda7514816abc0af9bd34326a9168f455,.jpg,71040,640,480,1
confused_4207.jpg,S01_confused_0031.jpg,S01,1,confused,train,D:\varell\college\tugas\semester 7\projek skripsi1\skripsi_yolov13_engagement\datasets\master_combined_dataset\images\train\confused_4207.jpg,D:\varell\college\tugas\semester 7\projek skripsi1\skripsi_yolov13_engagement\datasets\master_combined_dataset\labels\train\confused_4207.txt,45ff24aec5e3cc569b43d11e71f1af9adf2680fcf53ea770891b22e4310588cb,.jpg,70242,640,480,1
confused_4212.jpg,S01_confused_0032.jpg,S01,1,confused,val,D:\varell\college\tugas\semester 7\projek skripsi1\skripsi_yolov13_engagement\datasets\master_combined_dataset\images\val\confused_4212.jpg,D:\varell\college\tugas\semester 7\projek skripsi1\skripsi_yolov13_engagement\datasets\master_combined_dataset\labels\val\confused_4212.txt,5f49d3eb96f454a5b3db404f474d11e948b634b9821bac1b5fee269e8be0d6cc,.jpg,69980,640,480,1
confused_4217.jpg,S01_confused_0033.jpg,S01,1,confused,train,D:\varell\college\tugas\semester 7\projek skripsi1\skripsi_yolov13_engagement\datasets\master_combined_dataset\images\train\confused_4217.jpg,D:\varell\college\tugas\semester 7\projek skripsi1\skripsi_yolov13_engagement\datasets\master_combined_dataset\labels\train\confused_4217.txt,d5c9e68a5808b94521dac77134213e7bd020a2016b3fc7d8360b348cf99ddd55,.jpg,69893,640,480,1
confused_4229.jpg,S01_confused_0034.jpg,S01,1,confused,train,D:\varell\college\tugas\semester 7\projek skripsi1\skripsi_yolov13_engagement\datasets\master_combined_dataset\images\train\confused_4229.jpg,D:\varell\college\tugas\semester 7\projek skripsi1\skripsi_yolov13_engagement\datasets\master_combined_dataset\labels\train\confused_4229.txt,f778d3e2bd64ab7694f0b549df6a7eb204277df207966a962fafe464afcbd576,.jpg,69417,640,480,1
confused_4234.jpg,S01_confused_0035.jpg,S01,1,confused,train,D:\varell\college\tugas\semester 7\projek skripsi1\skripsi_yolov13_engagement\datasets\master_combined_dataset\images\train\confused_4234.jpg,D:\varell\college\tugas\semester 7\projek skripsi1\skripsi_yolov13_engagement\datasets\master_combined_dataset\labels\train\confused_4234.txt,2d9b33e473e6da004706436031db9d403d09eb8a95947b70bfe40ed60cc63e7a,.jpg,69135,640,480,1
confused_4239.jpg,S01_confused_0036.jpg,S01,1,confused,train,D:\varell\college\tugas\semester 7\projek skripsi1\skripsi_yolov13_engagement\datasets\master_combined_dataset\images\train\confused_4239.jpg,D:\varell\college\tugas\semester 7\projek skripsi1\skripsi_yolov13_engagement\datasets\master_combined_dataset\labels\train\confused_4239.txt,fc85d6f0bbc7e937fd5800d7cb0d15d83ed0691c028faa521456f0b14f93e9c2,.jpg,68791,640,480,1
confused_4253.jpg,S01_confused_0037.jpg,S01,1,confused,train,D:\varell\college\tugas\semester 7\projek skripsi1\skripsi_yolov13_engagement\datasets\master_combined_dataset\images\train\confused_4253.jpg,D:\varell\college\tugas\semester 7\projek skripsi1\skripsi_yolov13_engagement\datasets\master_combined_dataset\labels\train\confused_4253.txt,de9ad8c88ef5fe1dab0f06e673fc13b0a1112966548c91ee3e961a7d4974d6f8,.jpg,70223,640,480,1
confused_4347.jpg,S01_confused_0038.jpg,S01,1,confused,train,D:\varell\college\tugas\semester 7\projek skripsi1\skripsi_yolov13_engagement\datasets\master_combined_dataset\images\train\confused_4347.jpg,D:\varell\college\tugas\semester 7\projek skripsi1\skripsi_yolov13_engagement\datasets\master_combined_dataset\labels\train\confused_4347.txt,1d3151c718b522e46e91fb66f89998865c00b711b695873ee8e7b1312378c0d3,.jpg,67688,640,480,1
confused_4351.jpg,S01_confused_0039.jpg,S01,1,confused,train,D:\varell\college\tugas\semester 7\projek skripsi1\skripsi_yolov13_engagement\datasets\master_combined_dataset\images\train\confused_4351.jpg,D:\varell\college\tugas\semester 7\projek skripsi1\skripsi_yolov13_engagement\datasets\master_combined_dataset\labels\train\confused_4351.txt,a76ee7311252586c831781342053b66659672f59459170fc0033131c00cbae72,.jpg,67548,640,480,1
confused_4356.jpg,S01_confused_0040.jpg,S01,1,confused,train,D:\varell\college\tugas\semester 7\projek skripsi1\skripsi_yolov13_engagement\datasets\master_combined_dataset\images\train\confused_4356.jpg,D:\varell\college\tugas\semester 7\projek skripsi1\skripsi_yolov13_engagement\datasets\master_combined_dataset\labels\train\confused_4356.txt,ef7aa28fc149a536a0d229ae5b407af0ceded1dfc6b86e4aa0c27aa4347c5d0c,.jpg,67516,640,480,1
confused_4361.jpg,S01_confused_0041.jpg,S01,1,confused,test,D:\varell\college\tugas\semester 7\projek skripsi1\skripsi_yolov13_engagement\datasets\master_combined_dataset\images\test\confused_4361.jpg,D:\varell\college\tugas\semester 7\projek skripsi1\skripsi_yolov13_engagement\datasets\master_combined_dataset\labels\test\confused_4361.txt,1e2b414e99f20fa1c4cf0354ea5ccb35ef02b77919e75cb0653ada41ea807a37,.jpg,67603,640,480,1
confused_4367.jpg,S01_confused_0042.jpg,S01,1,confused,train,D:\varell\college\tugas\semester 7\projek skripsi1\skripsi_yolov13_engagement\datasets\master_combined_dataset\images\train\confused_4367.jpg,D:\varell\college\tugas\semester 7\projek skripsi1\skripsi_yolov13_engagement\datasets\master_combined_dataset\labels\train\confused_4367.txt,db19fd3837d54fe098a074a6beaf0403ba4527245153d6f135f84e420b91a0cb,.jpg,67681,640,480,1
confused_4371.jpg,S01_confused_0043.jpg,S01,1,confused,train,D:\varell\college\tugas\semester 7\projek skripsi1\skripsi_yolov13_engagement\datasets\master_combined_dataset\images\train\confused_4371.jpg,D:\varell\college\tugas\semester 7\projek skripsi1\skripsi_yolov13_engagement\datasets\master_combined_dataset\labels\train\confused_4371.txt,648c5145d6776a8ab927fd29181782f27d6e6e267946bac7d485947f6fb74535,.jpg,67395,640,480,1
confused_4375.jpg,S01_confused_0044.jpg,S01,1,confused,train,D:\varell\college\tugas\semester 7\projek skripsi1\skripsi_yolov13_engagement\datasets\master_combined_dataset\images\train\confused_4375.jpg,D:\varell\college\tugas\semester 7\projek skripsi1\skripsi_yolov13_engagement\datasets\master_combined_dataset\labels\train\confused_4375.txt,4469ebde4399cbb6a70c806dbe6bb756881859a76750e0fe7b1039070d1fe3a7,.jpg,67195,640,480,1
confused_4519.jpg,S01_confused_0045.jpg,S01,1,confused,train,D:\varell\college\tugas\semester 7\projek skripsi1\skripsi_yolov13_engagement\datasets\master_combined_dataset\images\train\confused_4519.jpg,D:\varell\college\tugas\semester 7\projek skripsi1\skripsi_yolov13_engagement\datasets\master_combined_dataset\labels\train\confused_4519.txt,2b1498a494dcb42f9b59805906f0eaa198a76af318ec50364ca1a40a2b58a5bc,.jpg,69577,640,480,1
confused_4523.jpg,S01_confused_0046.jpg,S01,1,confused,train,D:\varell\college\tugas\semester 7\projek skripsi1\skripsi_yolov13_engagement\datasets\master_combined_dataset\images\train\confused_4523.jpg,D:\varell\college\tugas\semester 7\projek skripsi1\skripsi_yolov13_engagement\datasets\master_combined_dataset\labels\train\confused_4523.txt,c0c81cd9a4b8c8042521fc08559b9aba7e73d8231880d9ebe491e8b1bb539655,.jpg,69293,640,480,1
confused_4527.jpg,S01_confused_0047.jpg,S01,1,confused,train,D:\varell\college\tugas\semester 7\projek skripsi1\skripsi_yolov13_engagement\datasets\master_combined_dataset\images\train\confused_4527.jpg,D:\varell\college\tugas\semester 7\projek skripsi1\skripsi_yolov13_engagement\datasets\master_combined_dataset\labels\train\confused_4527.txt,8155e981eddda668f2be59bb9e2a39cc1217c2a35677bfd733e085cb813797eb,.jpg,69141,640,480,1
confused_4532.jpg,S01_confused_0048.jpg,S01,1,confused,train,D:\varell\college\tugas\semester 7\projek skripsi1\skripsi_yolov13_engagement\datasets\master_combined_dataset\images\train\confused_4532.jpg,D:\varell\college\tugas\semester 7\projek skripsi1\skripsi_yolov13_engagement\datasets\master_combined_dataset\labels\train\confused_4532.txt,f14ef858a104b292012e76bdd3aa30afb2a9e04f3dba8d5fbd5a5626693b9e0f,.jpg,69436,640,480,1
confused_4536.jpg,S01_confused_0049.jpg,S01,1,confused,train,D:\varell\college\tugas\semester 7\projek skripsi1\skripsi_yolov13_engagement\datasets\master_combined_dataset\images\train\confused_4536.jpg,D:\varell\college\tugas\semester 7\projek skripsi1\skripsi_yolov13_engagement\datasets\master_combined_dataset\labels\train\confused_4536.txt,04c6a28ade04cb0db91768f1e4591da7e253b757941a8e47bf44b610de45e916,.jpg,69581,640,480,1
confused_4540.jpg,S01_confused_0050.jpg,S01,1,confused,train,D:\varell\college\tugas\semester 7\projek skripsi1\skripsi_yolov13_engagement\datasets\master_combined_dataset\images\train\confused_4540.jpg,D:\varell\college\tugas\semester 7\projek skripsi1\skripsi_yolov13_engagement\datasets\master_combined_dataset\labels\train\confused_4540.txt,62147a938339b5b10e5d4f5d393ebce841cf049eaac7f496d2b79e7660192bb2,.jpg,69415,640,480,1
confused_4544.jpg,S01_confused_0051.jpg,S01,1,confused,train,D:\varell\college\tugas\semester 7\projek skripsi1\skripsi_yolov13_engagement\datasets\master_combined_dataset\images\train\confused_4544.jpg,D:\varell\college\tugas\semester 7\projek skripsi1\skripsi_yolov13_engagement\datasets\master_combined_dataset\labels\train\confused_4544.txt,98272115bff4da3b98adbb6aa59f9aba18a2d1c001131c3c467fce2b23eb6992,.jpg,69378,640,480,1
confused_4563.jpg,S01_confused_0052.jpg,S01,1,confused,train,D:\varell\college\tugas\semester 7\projek skripsi1\skripsi_yolov13_engagement\datasets\master_combined_dataset\images\train\confused_4563.jpg,D:\varell\college\tugas\semester 7\projek skripsi1\skripsi_yolov13_engagement\datasets\master_combined_dataset\labels\train\confused_4563.txt,2dc0141cb05505dacdbcc8e1c84358ad4ef1db12fcd316570aee61307f6cfc3d,.jpg,69251,640,480,1
confused_4568.jpg,S01_confused_0053.jpg,S01,1,confused,train,D:\varell\college\tugas\semester 7\projek skripsi1\skripsi_yolov13_engagement\datasets\master_combined_dataset\images\train\confused_4568.jpg,D:\varell\college\tugas\semester 7\projek skripsi1\skripsi_yolov13_engagement\datasets\master_combined_dataset\labels\train\confused_4568.txt,6a439112b4b4196de9fd35d9d5c19f0518f53dc92b4add0b13a9e34497d014bf,.jpg,69332,640,480,1
confused_4573.jpg,S01_confused_0054.jpg,S01,1,confused,train,D:\varell\college\tugas\semester 7\projek skripsi1\skripsi_yolov13_engagement\datasets\master_combined_dataset\images\train\confused_4573.jpg,D:\varell\college\tugas\semester 7\projek skripsi1\skripsi_yolov13_engagement\datasets\master_combined_dataset\labels\train\confused_4573.txt,bc0861c2ab8cf89fcded2d718475bb0bad47399dc0a2c306a4d592fd2225d1cd,.jpg,69178,640,480,1
confused_4578.jpg,S01_confused_0055.jpg,S01,1,confused,train,D:\varell\college\tugas\semester 7\projek skripsi1\skripsi_yolov13_engagement\datasets\master_combined_dataset\images\train\confused_4578.jpg,D:\varell\college\tugas\semester 7\projek skripsi1\skripsi_yolov13_engagement\datasets\master_combined_dataset\labels\train\confused_4578.txt,6739dcd2bf3df5aae5cb37ff3af62180d2e802f5552d937e4c349982112fa72d,.jpg,69137,640,480,1
confused_4584.jpg,S01_confused_0056.jpg,S01,1,confused,train,D:\varell\college\tugas\semester 7\projek skripsi1\skripsi_yolov13_engagement\datasets\master_combined_dataset\images\train\confused_4584.jpg,D:\varell\college\tugas\semester 7\projek skripsi1\skripsi_yolov13_engagement\datasets\master_combined_dataset\labels\train\confused_4584.txt,0d2be913e777254879d063cc5dc46bb35ed851bdd6a0d1d12fb655c72fc19606,.jpg,69381,640,480,1
confused_4697.jpg,S01_confused_0057.jpg,S01,1,confused,train,D:\varell\college\tugas\semester 7\projek skripsi1\skripsi_yolov13_engagement\datasets\master_combined_dataset\images\train\confused_4697.jpg,D:\varell\college\tugas\semester 7\projek skripsi1\skripsi_yolov13_engagement\datasets\master_combined_dataset\labels\train\confused_4697.txt,dd5d1e5e5db6a7c54b10a4198aa6cdb7dc4e4ba47bb298912f0f6679bdc4f52c,.jpg,69768,640,480,1
confused_4701.jpg,S01_confused_0058.jpg,S01,1,confused,train,D:\varell\college\tugas\semester 7\projek skripsi1\skripsi_yolov13_engagement\datasets\master_combined_dataset\images\train\confused_4701.jpg,D:\varell\college\tugas\semester 7\projek skripsi1\skripsi_yolov13_engagement\datasets\master_combined_dataset\labels\train\confused_4701.txt,62b14eeb253fcc51add693f70387ffa11105d18d39ab0bb612e97d125ad92ecd,.jpg,69675,640,480,1
confused_4706.jpg,S01_confused_0059.jpg,S01,1,confused,train,D:\varell\college\tugas\semester 7\projek skripsi1\skripsi_yolov13_engagement\datasets\master_combined_dataset\images\train\confused_4706.jpg,D:\varell\college\tugas\semester 7\projek skripsi1\skripsi_yolov13_engagement\datasets\master_combined_dataset\labels\train\confused_4706.txt,c3633112aeba5b25638fb3d78cac6b5002eee615bdca3601c273496bbd4e45b7,.jpg,69653,640,480,1
confused_4711.jpg,S01_confused_0060.jpg,S01,1,confused,train,D:\varell\college\tugas\semester 7\projek skripsi1\skripsi_yolov13_engagement\datasets\master_combined_dataset\images\train\confused_4711.jpg,D:\varell\college\tugas\semester 7\projek skripsi1\skripsi_yolov13_engagement\datasets\master_combined_dataset\labels\train\confused_4711.txt,da27021b71a81fcbe7b4f6e2f6bdcd3e230111fd35854e086da8e547ba5473ca,.jpg,69328,640,480,1
confused_4716.jpg,S01_confused_0061.jpg,S01,1,confused,train,D:\varell\college\tugas\semester 7\projek skripsi1\skripsi_yolov13_engagement\datasets\master_combined_dataset\images\train\confused_4716.jpg,D:\varell\college\tugas\semester 7\projek skripsi1\skripsi_yolov13_engagement\datasets\master_combined_dataset\labels\train\confused_4716.txt,c2b997139d7939b32bb617c222865ff6712732e3d7971d7f11bf499701e64665,.jpg,69709,640,480,1
confused_4721.jpg,S01_confused_0062.jpg,S01,1,confused,train,D:\varell\college\tugas\semester 7\projek skripsi1\skripsi_yolov13_engagement\datasets\master_combined_dataset\images\train\confused_4721.jpg,D:\varell\college\tugas\semester 7\projek skripsi1\skripsi_yolov13_engagement\datasets\master_combined_dataset\labels\train\confused_4721.txt,917d20d9cf7332dca96b4611340cb0572c0715f61318309553ebcd1e8a06ff3c,.jpg,69537,640,480,1
confused_4726.jpg,S01_confused_0063.jpg,S01,1,confused,train,D:\varell\college\tugas\semester 7\projek skripsi1\skripsi_yolov13_engagement\datasets\master_combined_dataset\images\train\confused_4726.jpg,D:\varell\college\tugas\semester 7\projek skripsi1\skripsi_yolov13_engagement\datasets\master_combined_dataset\labels\train\confused_4726.txt,e531f7b523d095c05d1db0d0c64fa635f54a70b9751ef16fc0e293f11a4dc8a4,.jpg,69582,640,480,1
confused_4730.jpg,S01_confused_0064.jpg,S01,1,confused,train,D:\varell\college\tugas\semester 7\projek skripsi1\skripsi_yolov13_engagement\datasets\master_combined_dataset\images\train\confused_4730.jpg,D:\varell\college\tugas\semester 7\projek skripsi1\skripsi_yolov13_engagement\datasets\master_combined_dataset\labels\train\confused_4730.txt,115c1b01ca4ec36efb509c5881c1e98c011e89fb44253ee0e100a642d5d5c16b,.jpg,69527,640,480,1
confused_4734.jpg,S01_confused_0065.jpg,S01,1,confused,test,D:\varell\college\tugas\semester 7\projek skripsi1\skripsi_yolov13_engagement\datasets\master_combined_dataset\images\test\confused_4734.jpg,D:\varell\college\tugas\semester 7\projek skripsi1\skripsi_yolov13_engagement\datasets\master_combined_dataset\labels\test\confused_4734.txt,da007e13aa166cff220819a9780a72168abe6bf3122265f3b79813cddf0b1671,.jpg,68942,640,480,1
confused_4739.jpg,S01_confused_0066.jpg,S01,1,confused,train,D:\varell\college\tugas\semester 7\projek skripsi1\skripsi_yolov13_engagement\datasets\master_combined_dataset\images\train\confused_4739.jpg,D:\varell\college\tugas\semester 7\projek skripsi1\skripsi_yolov13_engagement\datasets\master_combined_dataset\labels\train\confused_4739.txt,e085c3687edacc9a350dd60d67f52fdc051497b88b54a2e8aea159d8ca6e8a71,.jpg,68634,640,480,1
confused_4744.jpg,S01_confused_0067.jpg,S01,1,confused,test,D:\varell\college\tugas\semester 7\projek skripsi1\skripsi_yolov13_engagement\datasets\master_combined_dataset\images\test\confused_4744.jpg,D:\varell\college\tugas\semester 7\projek skripsi1\skripsi_yolov13_engagement\datasets\master_combined_dataset\labels\test\confused_4744.txt,0af63674262cbf5900566869e5c952778d9bca4f5a8ca6b53b8a6766f7de024b,.jpg,68240,640,480,1
confused_8595.jpg,S01_confused_0068.jpg,S01,1,confused,train,D:\varell\college\tugas\semester 7\projek skripsi1\skripsi_yolov13_engagement\datasets\master_combined_dataset\images\train\confused_8595.jpg,D:\varell\college\tugas\semester 7\projek skripsi1\skripsi_yolov13_engagement\datasets\master_combined_dataset\labels\train\confused_8595.txt,844bb1335a1afebc65f818fe4380f1bd5b6720c2d495bf7e1a2b1cb284973008,.jpg,68127,640,480,1
confused_8629.jpg,S01_confused_0069.jpg,S01,1,confused,val,D:\varell\college\tugas\semester 7\projek skripsi1\skripsi_yolov13_engagement\datasets\master_combined_dataset\images\val\confused_8629.jpg,D:\varell\college\tugas\semester 7\projek skripsi1\skripsi_yolov13_engagement\datasets\master_combined_dataset\labels\val\confused_8629.txt,4be2fcca83ab2aa23d67176da1e69f19e6ac4fb6b0ddb4b40e76526cb11ceca1,.jpg,68232,640,480,1
confused_8698.jpg,S01_confused_0070.jpg,S01,1,confused,train,D:\varell\college\tugas\semester 7\projek skripsi1\skripsi_yolov13_engagement\datasets\master_combined_dataset\images\train\confused_8698.jpg,D:\varell\college\tugas\semester 7\projek skripsi1\skripsi_yolov13_engagement\datasets\master_combined_dataset\labels\train\confused_8698.txt,bd704c89dcf1c30ddc41664c9abb86222d2536ac3899aae15adc7f1106a9bb49,.jpg,67081,640,480,1
confused_8743.jpg,S01_confused_0071.jpg,S01,1,confused,train,D:\varell\college\tugas\semester 7\projek skripsi1\skripsi_yolov13_engagement\datasets\master_combined_dataset\images\train\confused_8743.jpg,D:\varell\college\tugas\semester 7\projek skripsi1\skripsi_yolov13_engagement\datasets\master_combined_dataset\labels\train\confused_8743.txt,00937c5322f5c1c0dcbfcae718d2b26e5de8696e06bcbeb1ccfc3d2bff38faa3,.jpg,67111,640,480,1
confused_8748.jpg,S01_confused_0072.jpg,S01,1,confused,train,D:\varell\college\tugas\semester 7\projek skripsi1\skripsi_yolov13_engagement\datasets\master_combined_dataset\images\train\confused_8748.jpg,D:\varell\college\tugas\semester 7\projek skripsi1\skripsi_yolov13_engagement\datasets\master_combined_dataset\labels\train\confused_8748.txt,c899310083877ed3beeeba395dcc0f796c4d958ef216911f1636ac63019af81f,.jpg,67564,640,480,1
confused_8753.jpg,S01_confused_0073.jpg,S01,1,confused,val,D:\varell\college\tugas\semester 7\projek skripsi1\skripsi_yolov13_engagement\datasets\master_combined_dataset\images\val\confused_8753.jpg,D:\varell\college\tugas\semester 7\projek skripsi1\skripsi_yolov13_engagement\datasets\master_combined_dataset\labels\val\confused_8753.txt,8ecb2dbfe4451f4e4409e7b2eab4364d3f325fda9322a794908fc201dc4ba712,.jpg,67599,640,480,1
confused_8778.jpg,S01_confused_0074.jpg,S01,1,confused,train,D:\varell\college\tugas\semester 7\projek skripsi1\skripsi_yolov13_engagement\datasets\master_combined_dataset\images\train\confused_8778.jpg,D:\varell\college\tugas\semester 7\projek skripsi1\skripsi_yolov13_engagement\datasets\master_combined_dataset\labels\train\confused_8778.txt,80b148849d4ebd2ed6f4632b1551716e0afc5b1ba68f3a9184347d39e5532956,.jpg,67077,640,480,1
engaged_1056.jpg,S01_engaged_0001.jpg,S01,0,engaged,test,D:\varell\college\tugas\semester 7\projek skripsi1\skripsi_yolov13_engagement\datasets\master_combined_dataset\images\test\engaged_1056.jpg,D:\varell\college\tugas\semester 7\projek skripsi1\skripsi_yolov13_engagement\datasets\master_combined_dataset\labels\test\engaged_1056.txt,1d8b28807b8ee01c05528b9f50d029fce9243b2b39ecf52771320b57b463c7bd,.jpg,68930,640,480,1
engaged_1299.jpg,S01_engaged_0002.jpg,S01,0,engaged,val,D:\varell\college\tugas\semester 7\projek skripsi1\skripsi_yolov13_engagement\datasets\master_combined_dataset\images\val\engaged_1299.jpg,D:\varell\college\tugas\semester 7\projek skripsi1\skripsi_yolov13_engagement\datasets\master_combined_dataset\labels\val\engaged_1299.txt,20ec35a0bb1866eb5b230969f6288215d388ec5099cb9e5547ed0c736dc3661d,.jpg,66832,640,480,1
engaged_1314.jpg,S01_engaged_0003.jpg,S01,0,engaged,val,D:\varell\college\tugas\semester 7\projek skripsi1\skripsi_yolov13_engagement\datasets\master_combined_dataset\images\val\engaged_1314.jpg,D:\varell\college\tugas\semester 7\projek skripsi1\skripsi_yolov13_engagement\datasets\master_combined_dataset\labels\val\engaged_1314.txt,643cddca4b5d51a0601a6ee980aa88e2e0d8da8ef43d50bf2f435374e10d2d47,.jpg,68615,640,480,1
engaged_1327.jpg,S01_engaged_0004.jpg,S01,0,engaged,train,D:\varell\college\tugas\semester 7\projek skripsi1\skripsi_yolov13_engagement\datasets\master_combined_dataset\images\train\engaged_1327.jpg,D:\varell\college\tugas\semester 7\projek skripsi1\skripsi_yolov13_engagement\datasets\master_combined_dataset\labels\train\engaged_1327.txt,5b56aefefed45e9414fa45c7794100be08cad6cb465b43d7a97f283f36518c68,.jpg,68686,640,480,1
engaged_1330.jpg,S01_engaged_0005.jpg,S01,0,engaged,train,D:\varell\college\tugas\semester 7\projek skripsi1\skripsi_yolov13_engagement\datasets\master_combined_dataset\images\train\engaged_1330.jpg,D:\varell\college\tugas\semester 7\projek skripsi1\skripsi_yolov13_engagement\datasets\master_combined_dataset\labels\train\engaged_1330.txt,37e772c6619b7e8720a86159345bc4d2d91b3adf43f2c32c2ffe388ff1984b6e,.jpg,67629,640,480,1
engaged_1333.jpg,S01_engaged_0006.jpg,S01,0,engaged,test,D:\varell\college\tugas\semester 7\projek skripsi1\skripsi_yolov13_engagement\datasets\master_combined_dataset\images\test\engaged_1333.jpg,D:\varell\college\tugas\semester 7\projek skripsi1\skripsi_yolov13_engagement\datasets\master_combined_dataset\labels\test\engaged_1333.txt,dcb9c1fd84513d913cce25751e799224a97431b16a7826a0c9cb3600a137466e,.jpg,68729,640,480,1
engaged_1339.jpg,S01_engaged_0007.jpg,S01,0,engaged,train,D:\varell\college\tugas\semester 7\projek skripsi1\skripsi_yolov13_engagement\datasets\master_combined_dataset\images\train\engaged_1339.jpg,D:\varell\college\tugas\semester 7\projek skripsi1\skripsi_yolov13_engagement\datasets\master_combined_dataset\labels\train\engaged_1339.txt,c9e362b8c489a2bba87c5473647701202f885e52010ba2afd2755c4179f7bcb9,.jpg,68304,640,480,1
engaged_1343.jpg,S01_engaged_0008.jpg,S01,0,engaged,val,D:\varell\college\tugas\semester 7\projek skripsi1\skripsi_yolov13_engagement\datasets\master_combined_dataset\images\val\engaged_1343.jpg,D:\varell\college\tugas\semester 7\projek skripsi1\skripsi_yolov13_engagement\datasets\master_combined_dataset\labels\val\engaged_1343.txt,1dc3f47938e1518f7a9a154e8e6fe7e269e11b2393f2cdf39189a4cdab21c386,.jpg,68118,640,480,1
engaged_1347.jpg,S01_engaged_0009.jpg,S01,0,engaged,val,D:\varell\college\tugas\semester 7\projek skripsi1\skripsi_yolov13_engagement\datasets\master_combined_dataset\images\val\engaged_1347.jpg,D:\varell\college\tugas\semester 7\projek skripsi1\skripsi_yolov13_engagement\datasets\master_combined_dataset\labels\val\engaged_1347.txt,0c235dcef333c8cdddb01afae2844f89a47d48743fdc0f31ca61d76fbabda74a,.jpg,68009,640,480,1
engaged_1376.jpg,S01_engaged_0010.jpg,S01,0,engaged,val,D:\varell\college\tugas\semester 7\projek skripsi1\skripsi_yolov13_engagement\datasets\master_combined_dataset\images\val\engaged_1376.jpg,D:\varell\college\tugas\semester 7\projek skripsi1\skripsi_yolov13_engagement\datasets\master_combined_dataset\labels\val\engaged_1376.txt,1edc46130ab6392ec51e1f81eb4121c2f4005ce3cfc1c9b59d3b4009e606e42f,.jpg,68096,640,480,1
engaged_1377.jpg,S01_engaged_0011.jpg,S01,0,engaged,train,D:\varell\college\tugas\semester 7\projek skripsi1\skripsi_yolov13_engagement\datasets\master_combined_dataset\images\train\engaged_1377.jpg,D:\varell\college\tugas\semester 7\projek skripsi1\skripsi_yolov13_engagement\datasets\master_combined_dataset\labels\train\engaged_1377.txt,1edc46130ab6392ec51e1f81eb4121c2f4005ce3cfc1c9b59d3b4009e606e42f,.jpg,68096,640,480,1
engaged_1378.jpg,S01_engaged_0012.jpg,S01,0,engaged,test,D:\varell\college\tugas\semester 7\projek skripsi1\skripsi_yolov13_engagement\datasets\master_combined_dataset\images\test\engaged_1378.jpg,D:\varell\college\tugas\semester 7\projek skripsi1\skripsi_yolov13_engagement\datasets\master_combined_dataset\labels\test\engaged_1378.txt,23af90972186e096f1eb240b65b4a2a9f08179dd9a6eab0f758ce0575e23ae63,.jpg,68190,640,480,1
engaged_1379.jpg,S01_engaged_0013.jpg,S01,0,engaged,train,D:\varell\college\tugas\semester 7\projek skripsi1\skripsi_yolov13_engagement\datasets\master_combined_dataset\images\train\engaged_1379.jpg,D:\varell\college\tugas\semester 7\projek skripsi1\skripsi_yolov13_engagement\datasets\master_combined_dataset\labels\train\engaged_1379.txt,23af90972186e096f1eb240b65b4a2a9f08179dd9a6eab0f758ce0575e23ae63,.jpg,68190,640,480,1
engaged_1386.jpg,S01_engaged_0014.jpg,S01,0,engaged,train,D:\varell\college\tugas\semester 7\projek skripsi1\skripsi_yolov13_engagement\datasets\master_combined_dataset\images\train\engaged_1386.jpg,D:\varell\college\tugas\semester 7\projek skripsi1\skripsi_yolov13_engagement\datasets\master_combined_dataset\labels\train\engaged_1386.txt,c0b126ec4e7f2d70315d13ad5ebbf05e14f952e91f05efa9426db31e65ac1e80,.jpg,68302,640,480,1
engaged_1387.jpg,S01_engaged_0015.jpg,S01,0,engaged,train,D:\varell\college\tugas\semester 7\projek skripsi1\skripsi_yolov13_engagement\datasets\master_combined_dataset\images\train\engaged_1387.jpg,D:\varell\college\tugas\semester 7\projek skripsi1\skripsi_yolov13_engagement\datasets\master_combined_dataset\labels\train\engaged_1387.txt,7020cbd463c49550cd3e898c3dd917d206356b6d0c78e4972434510ac8863e8b,.jpg,68196,640,480,1
engaged_1388.jpg,S01_engaged_0016.jpg,S01,0,engaged,train,D:\varell\college\tugas\semester 7\projek skripsi1\skripsi_yolov13_engagement\datasets\master_combined_dataset\images\train\engaged_1388.jpg,D:\varell\college\tugas\semester 7\projek skripsi1\skripsi_yolov13_engagement\datasets\master_combined_dataset\labels\train\engaged_1388.txt,0b215a0a7a705fe969ebf101dc3aef67fbd814702ee6fa40c7fbaa33e8cfd530,.jpg,68399,640,480,1
engaged_1389.jpg,S01_engaged_0017.jpg,S01,0,engaged,train,D:\varell\college\tugas\semester 7\projek skripsi1\skripsi_yolov13_engagement\datasets\master_combined_dataset\images\train\engaged_1389.jpg,D:\varell\college\tugas\semester 7\projek skripsi1\skripsi_yolov13_engagement\datasets\master_combined_dataset\labels\train\engaged_1389.txt,0b215a0a7a705fe969ebf101dc3aef67fbd814702ee6fa40c7fbaa33e8cfd530,.jpg,68399,640,480,1
engaged_1390.jpg,S01_engaged_0018.jpg,S01,0,engaged,train,D:\varell\college\tugas\semester 7\projek skripsi1\skripsi_yolov13_engagement\datasets\master_combined_dataset\images\train\engaged_1390.jpg,D:\varell\college\tugas\semester 7\projek skripsi1\skripsi_yolov13_engagement\datasets\master_combined_dataset\labels\train\engaged_1390.txt,8f3213f32e228767600aeb6b5d785f0e660f7edfd413579beccd091f85394402,.jpg,68624,640,480,1
engaged_1391.jpg,S01_engaged_0019.jpg,S01,0,engaged,train,D:\varell\college\tugas\semester 7\projek skripsi1\skripsi_yolov13_engagement\datasets\master_combined_dataset\images\train\engaged_1391.jpg,D:\varell\college\tugas\semester 7\projek skripsi1\skripsi_yolov13_engagement\datasets\master_combined_dataset\labels\train\engaged_1391.txt,8f3213f32e228767600aeb6b5d785f0e660f7edfd413579beccd091f85394402,.jpg,68624,640,480,1
engaged_1392.jpg,S01_engaged_0020.jpg,S01,0,engaged,train,D:\varell\college\tugas\semester 7\projek skripsi1\skripsi_yolov13_engagement\datasets\master_combined_dataset\images\train\engaged_1392.jpg,D:\varell\college\tugas\semester 7\projek skripsi1\skripsi_yolov13_engagement\datasets\master_combined_dataset\labels\train\engaged_1392.txt,b0378bb3960d6729ea878c13de28abd8bdf001cc6efd9bfe48e0f4c3438dcb95,.jpg,68580,640,480,1
engaged_1393.jpg,S01_engaged_0021.jpg,S01,0,engaged,train,D:\varell\college\tugas\semester 7\projek skripsi1\skripsi_yolov13_engagement\datasets\master_combined_dataset\images\train\engaged_1393.jpg,D:\varell\college\tugas\semester 7\projek skripsi1\skripsi_yolov13_engagement\datasets\master_combined_dataset\labels\train\engaged_1393.txt,6b5d2a53b58d7135d361d7ca9bafc58d7667e6a0e327f5a7f8be96a509841e8e,.jpg,68802,640,480,1
engaged_1404.jpg,S01_engaged_0022.jpg,S01,0,engaged,train,D:\varell\college\tugas\semester 7\projek skripsi1\skripsi_yolov13_engagement\datasets\master_combined_dataset\images\train\engaged_1404.jpg,D:\varell\college\tugas\semester 7\projek skripsi1\skripsi_yolov13_engagement\datasets\master_combined_dataset\labels\train\engaged_1404.txt,11659b8fadd4074dd5727b0660efb2fb4b2a9c1560eabd25b4d55b97a4c5be13,.jpg,68806,640,480,1
engaged_1405.jpg,S01_engaged_0023.jpg,S01,0,engaged,val,D:\varell\college\tugas\semester 7\projek skripsi1\skripsi_yolov13_engagement\datasets\master_combined_dataset\images\val\engaged_1405.jpg,D:\varell\college\tugas\semester 7\projek skripsi1\skripsi_yolov13_engagement\datasets\master_combined_dataset\labels\val\engaged_1405.txt,9dd04680bdce856e5f31c0c9df039583fce16a04f9655f7c3f842d254ae76bf9,.jpg,68988,640,480,1
engaged_1406.jpg,S01_engaged_0024.jpg,S01,0,engaged,train,D:\varell\college\tugas\semester 7\projek skripsi1\skripsi_yolov13_engagement\datasets\master_combined_dataset\images\train\engaged_1406.jpg,D:\varell\college\tugas\semester 7\projek skripsi1\skripsi_yolov13_engagement\datasets\master_combined_dataset\labels\train\engaged_1406.txt,9dd04680bdce856e5f31c0c9df039583fce16a04f9655f7c3f842d254ae76bf9,.jpg,68988,640,480,1
engaged_1407.jpg,S01_engaged_0025.jpg,S01,0,engaged,train,D:\varell\college\tugas\semester 7\projek skripsi1\skripsi_yolov13_engagement\datasets\master_combined_dataset\images\train\engaged_1407.jpg,D:\varell\college\tugas\semester 7\projek skripsi1\skripsi_yolov13_engagement\datasets\master_combined_dataset\labels\train\engaged_1407.txt,c9ef9ab249413732515b9d521d098c73ac6c37d265e2d9aa28e539cd046cd438,.jpg,68579,640,480,1
engaged_144.jpg,S01_engaged_0026.jpg,S01,0,engaged,test,D:\varell\college\tugas\semester 7\projek skripsi1\skripsi_yolov13_engagement\datasets\master_combined_dataset\images\test\engaged_144.jpg,D:\varell\college\tugas\semester 7\projek skripsi1\skripsi_yolov13_engagement\datasets\master_combined_dataset\labels\test\engaged_144.txt,83ad403d9531a97d1746d2781de506f04cde61450c3ceff1480234769cae1ecd,.jpg,71172,640,480,1
engaged_1481.jpg,S01_engaged_0027.jpg,S01,0,engaged,train,D:\varell\college\tugas\semester 7\projek skripsi1\skripsi_yolov13_engagement\datasets\master_combined_dataset\images\train\engaged_1481.jpg,D:\varell\college\tugas\semester 7\projek skripsi1\skripsi_yolov13_engagement\datasets\master_combined_dataset\labels\train\engaged_1481.txt,90fce189106afe7445af4f2215e5062c9b62ddead8a96f4fa48e5f010ff2ddcf,.jpg,66679,640,480,1
engaged_1495.jpg,S01_engaged_0028.jpg,S01,0,engaged,train,D:\varell\college\tugas\semester 7\projek skripsi1\skripsi_yolov13_engagement\datasets\master_combined_dataset\images\train\engaged_1495.jpg,D:\varell\college\tugas\semester 7\projek skripsi1\skripsi_yolov13_engagement\datasets\master_combined_dataset\labels\train\engaged_1495.txt,50bb3aa38e4be00cc5397d300945432ef890adce3f79a284d23b26e0995c4b62,.jpg,66206,640,480,1
engaged_1505.jpg,S01_engaged_0029.jpg,S01,0,engaged,train,D:\varell\college\tugas\semester 7\projek skripsi1\skripsi_yolov13_engagement\datasets\master_combined_dataset\images\train\engaged_1505.jpg,D:\varell\college\tugas\semester 7\projek skripsi1\skripsi_yolov13_engagement\datasets\master_combined_dataset\labels\train\engaged_1505.txt,a0bef6c26bbc81b0f9f5b7c58a810f7e07e6d377037006da37f651eb72b49c77,.jpg,68902,640,480,1
engaged_15057.jpg,S01_engaged_0030.jpg,S01,0,engaged,val,D:\varell\college\tugas\semester 7\projek skripsi1\skripsi_yolov13_engagement\datasets\master_combined_dataset\images\val\engaged_15057.jpg,D:\varell\college\tugas\semester 7\projek skripsi1\skripsi_yolov13_engagement\datasets\master_combined_dataset\labels\val\engaged_15057.txt,b9ebafb2425fd528e324aa5bc7f954f280399223a3377fda042abb90d255277b,.jpg,68473,640,480,1
engaged_15068.jpg,S01_engaged_0031.jpg,S01,0,engaged,train,D:\varell\college\tugas\semester 7\projek skripsi1\skripsi_yolov13_engagement\datasets\master_combined_dataset\images\train\engaged_15068.jpg,D:\varell\college\tugas\semester 7\projek skripsi1\skripsi_yolov13_engagement\datasets\master_combined_dataset\labels\train\engaged_15068.txt,37c8b5aa0deb184f420ea8a9876165ea7cec1507cc8f9969a060e23bfe69714e,.jpg,68674,640,480,1
engaged_1523.jpg,S01_engaged_0032.jpg,S01,0,engaged,train,D:\varell\college\tugas\semester 7\projek skripsi1\skripsi_yolov13_engagement\datasets\master_combined_dataset\images\train\engaged_1523.jpg,D:\varell\college\tugas\semester 7\projek skripsi1\skripsi_yolov13_engagement\datasets\master_combined_dataset\labels\train\engaged_1523.txt,be38f770cad3506748131ca9d0185f166e6e78314ccb025d3fc4e9a8b20b8732,.jpg,66444,640,480,1
engaged_1621.jpg,S01_engaged_0033.jpg,S01,0,engaged,train,D:\varell\college\tugas\semester 7\projek skripsi1\skripsi_yolov13_engagement\datasets\master_combined_dataset\images\train\engaged_1621.jpg,D:\varell\college\tugas\semester 7\projek skripsi1\skripsi_yolov13_engagement\datasets\master_combined_dataset\labels\train\engaged_1621.txt,d8d47120d82c6bc99601b042b427088103b18efc23a47f973a0aeaeabab93393,.jpg,66329,640,480,1
engaged_1699.jpg,S01_engaged_0034.jpg,S01,0,engaged,test,D:\varell\college\tugas\semester 7\projek skripsi1\skripsi_yolov13_engagement\datasets\master_combined_dataset\images\test\engaged_1699.jpg,D:\varell\college\tugas\semester 7\projek skripsi1\skripsi_yolov13_engagement\datasets\master_combined_dataset\labels\test\engaged_1699.txt,198e0d13996f1f55405b7a90b32e79a334e6432da5daf50f863d1c8779bf8279,.jpg,65609,640,480,1
engaged_1711.jpg,S01_engaged_0035.jpg,S01,0,engaged,train,D:\varell\college\tugas\semester 7\projek skripsi1\skripsi_yolov13_engagement\datasets\master_combined_dataset\images\train\engaged_1711.jpg,D:\varell\college\tugas\semester 7\projek skripsi1\skripsi_yolov13_engagement\datasets\master_combined_dataset\labels\train\engaged_1711.txt,9b748b3626336c8488e81f305bb1f32580fe2e41efa2ad799f5f5260e83c3369,.jpg,68205,640,480,1
engaged_1714.jpg,S01_engaged_0036.jpg,S01,0,engaged,train,D:\varell\college\tugas\semester 7\projek skripsi1\skripsi_yolov13_engagement\datasets\master_combined_dataset\images\train\engaged_1714.jpg,D:\varell\college\tugas\semester 7\projek skripsi1\skripsi_yolov13_engagement\datasets\master_combined_dataset\labels\train\engaged_1714.txt,1adbd052f8d82ce227e0b916165464ed30bc18299c143c1927632ed186aafd31,.jpg,68490,640,480,1
engaged_1737.jpg,S01_engaged_0037.jpg,S01,0,engaged,train,D:\varell\college\tugas\semester 7\projek skripsi1\skripsi_yolov13_engagement\datasets\master_combined_dataset\images\train\engaged_1737.jpg,D:\varell\college\tugas\semester 7\projek skripsi1\skripsi_yolov13_engagement\datasets\master_combined_dataset\labels\train\engaged_1737.txt,fca2799a2c3d39e64a0b22f57a591e4fd99d04fdb550d4eb32730e9d2af8ec1b,.jpg,68251,640,480,1
engaged_1741.jpg,S01_engaged_0038.jpg,S01,0,engaged,train,D:\varell\college\tugas\semester 7\projek skripsi1\skripsi_yolov13_engagement\datasets\master_combined_dataset\images\train\engaged_1741.jpg,D:\varell\college\tugas\semester 7\projek skripsi1\skripsi_yolov13_engagement\datasets\master_combined_dataset\labels\train\engaged_1741.txt,56221a066d4821402378efe3b0d8d6493a803f4347192a54e9d156737391b5c9,.jpg,68564,640,480,1
engaged_1745.jpg,S01_engaged_0039.jpg,S01,0,engaged,train,D:\varell\college\tugas\semester 7\projek skripsi1\skripsi_yolov13_engagement\datasets\master_combined_dataset\images\train\engaged_1745.jpg,D:\varell\college\tugas\semester 7\projek skripsi1\skripsi_yolov13_engagement\datasets\master_combined_dataset\labels\train\engaged_1745.txt,7e4ed2a64f0e65798b84bfa822959083ca52e9c3e3b1fef84a7ca9b79f296817,.jpg,68952,640,480,1
engaged_1771.jpg,S01_engaged_0040.jpg,S01,0,engaged,train,D:\varell\college\tugas\semester 7\projek skripsi1\skripsi_yolov13_engagement\datasets\master_combined_dataset\images\train\engaged_1771.jpg,D:\varell\college\tugas\semester 7\projek skripsi1\skripsi_yolov13_engagement\datasets\master_combined_dataset\labels\train\engaged_1771.txt,ae44d5474c55ca6b219f9400f2c239ba71531f805873c68e6385380096a03ddd,.jpg,68210,640,480,1
engaged_1775.jpg,S01_engaged_0041.jpg,S01,0,engaged,val,D:\varell\college\tugas\semester 7\projek skripsi1\skripsi_yolov13_engagement\datasets\master_combined_dataset\images\val\engaged_1775.jpg,D:\varell\college\tugas\semester 7\projek skripsi1\skripsi_yolov13_engagement\datasets\master_combined_dataset\labels\val\engaged_1775.txt,907f22e5869814f5284fe2bf3a307b1ec94c9864ff3a30ca26998fc63fda2459,.jpg,68950,640,480,1
engaged_1779.jpg,S01_engaged_0042.jpg,S01,0,engaged,val,D:\varell\college\tugas\semester 7\projek skripsi1\skripsi_yolov13_engagement\datasets\master_combined_dataset\images\val\engaged_1779.jpg,D:\varell\college\tugas\semester 7\projek skripsi1\skripsi_yolov13_engagement\datasets\master_combined_dataset\labels\val\engaged_1779.txt,1e39dbf4ef96c8a00d2e1ec3b1ed7a0671d48f42fb127ff6a6a09b36db435493,.jpg,68621,640,480,1
engaged_1795.jpg,S01_engaged_0043.jpg,S01,0,engaged,train,D:\varell\college\tugas\semester 7\projek skripsi1\skripsi_yolov13_engagement\datasets\master_combined_dataset\images\train\engaged_1795.jpg,D:\varell\college\tugas\semester 7\projek skripsi1\skripsi_yolov13_engagement\datasets\master_combined_dataset\labels\train\engaged_1795.txt,8ead8dc51c651b8304bf239cf7f341d25b9b2a9bb83c438cc3e9b92cc8738fff,.jpg,68799,640,480,1
engaged_1796.jpg,S01_engaged_0044.jpg,S01,0,engaged,train,D:\varell\college\tugas\semester 7\projek skripsi1\skripsi_yolov13_engagement\datasets\master_combined_dataset\images\train\engaged_1796.jpg,D:\varell\college\tugas\semester 7\projek skripsi1\skripsi_yolov13_engagement\datasets\master_combined_dataset\labels\train\engaged_1796.txt,edf42730bca3ac23647efdc950b2c7e4c7bc808479b04b36f4ec853d5bbf1aca,.jpg,68846,640,480,1
engaged_1802.jpg,S01_engaged_0045.jpg,S01,0,engaged,train,D:\varell\college\tugas\semester 7\projek skripsi1\skripsi_yolov13_engagement\datasets\master_combined_dataset\images\train\engaged_1802.jpg,D:\varell\college\tugas\semester 7\projek skripsi1\skripsi_yolov13_engagement\datasets\master_combined_dataset\labels\train\engaged_1802.txt,8b259fc981302de09d7af13af29619452163361f6c94739ab5141476c36aa2a5,.jpg,69033,640,480,1
engaged_1803.jpg,S01_engaged_0046.jpg,S01,0,engaged,train,D:\varell\college\tugas\semester 7\projek skripsi1\skripsi_yolov13_engagement\datasets\master_combined_dataset\images\train\engaged_1803.jpg,D:\varell\college\tugas\semester 7\projek skripsi1\skripsi_yolov13_engagement\datasets\master_combined_dataset\labels\train\engaged_1803.txt,bf3bba1f34363b43f9435ea330b3f87f8f7fb2688d74c4e15bef08acca897c91,.jpg,69117,640,480,1
engaged_1804.jpg,S01_engaged_0047.jpg,S01,0,engaged,train,D:\varell\college\tugas\semester 7\projek skripsi1\skripsi_yolov13_engagement\datasets\master_combined_dataset\images\train\engaged_1804.jpg,D:\varell\college\tugas\semester 7\projek skripsi1\skripsi_yolov13_engagement\datasets\master_combined_dataset\labels\train\engaged_1804.txt,bf3bba1f34363b43f9435ea330b3f87f8f7fb2688d74c4e15bef08acca897c91,.jpg,69117,640,480,1
engaged_1805.jpg,S01_engaged_0048.jpg,S01,0,engaged,train,D:\varell\college\tugas\semester 7\projek skripsi1\skripsi_yolov13_engagement\datasets\master_combined_dataset\images\train\engaged_1805.jpg,D:\varell\college\tugas\semester 7\projek skripsi1\skripsi_yolov13_engagement\datasets\master_combined_dataset\labels\train\engaged_1805.txt,f8276f92c4923df07972b8b0eed7350c51adfad2b63299a6d70075c449deb4b6,.jpg,69242,640,480,1
engaged_1806.jpg,S01_engaged_0049.jpg,S01,0,engaged,test,D:\varell\college\tugas\semester 7\projek skripsi1\skripsi_yolov13_engagement\datasets\master_combined_dataset\images\test\engaged_1806.jpg,D:\varell\college\tugas\semester 7\projek skripsi1\skripsi_yolov13_engagement\datasets\master_combined_dataset\labels\test\engaged_1806.txt,2420952cc7441d614c76d7ce4be8d845ebc21171111c6491432e079e493c1cd1,.jpg,69190,640,480,1
engaged_1807.jpg,S01_engaged_0050.jpg,S01,0,engaged,train,D:\varell\college\tugas\semester 7\projek skripsi1\skripsi_yolov13_engagement\datasets\master_combined_dataset\images\train\engaged_1807.jpg,D:\varell\college\tugas\semester 7\projek skripsi1\skripsi_yolov13_engagement\datasets\master_combined_dataset\labels\train\engaged_1807.txt,2420952cc7441d614c76d7ce4be8d845ebc21171111c6491432e079e493c1cd1,.jpg,69190,640,480,1
engaged_1808.jpg,S01_engaged_0051.jpg,S01,0,engaged,train,D:\varell\college\tugas\semester 7\projek skripsi1\skripsi_yolov13_engagement\datasets\master_combined_dataset\images\train\engaged_1808.jpg,D:\varell\college\tugas\semester 7\projek skripsi1\skripsi_yolov13_engagement\datasets\master_combined_dataset\labels\train\engaged_1808.txt,4b6e60449012d477de3d9a0d36d969dd51688147132daec05528abd806fe18dd,.jpg,69169,640,480,1
engaged_1809.jpg,S01_engaged_0052.jpg,S01,0,engaged,train,D:\varell\college\tugas\semester 7\projek skripsi1\skripsi_yolov13_engagement\datasets\master_combined_dataset\images\train\engaged_1809.jpg,D:\varell\college\tugas\semester 7\projek skripsi1\skripsi_yolov13_engagement\datasets\master_combined_dataset\labels\train\engaged_1809.txt,bbd20bc4272842938c00e6ca1f781f69b354bbe258673f84b4fcab899f27e3c1,.jpg,69082,640,480,1
engaged_1810.jpg,S01_engaged_0053.jpg,S01,0,engaged,train,D:\varell\college\tugas\semester 7\projek skripsi1\skripsi_yolov13_engagement\datasets\master_combined_dataset\images\train\engaged_1810.jpg,D:\varell\college\tugas\semester 7\projek skripsi1\skripsi_yolov13_engagement\datasets\master_combined_dataset\labels\train\engaged_1810.txt,bbd20bc4272842938c00e6ca1f781f69b354bbe258673f84b4fcab899f27e3c1,.jpg,69082,640,480,1
engaged_1817.jpg,S01_engaged_0054.jpg,S01,0,engaged,train,D:\varell\college\tugas\semester 7\projek skripsi1\skripsi_yolov13_engagement\datasets\master_combined_dataset\images\train\engaged_1817.jpg,D:\varell\college\tugas\semester 7\projek skripsi1\skripsi_yolov13_engagement\datasets\master_combined_dataset\labels\train\engaged_1817.txt,bc5a2f09e35a50d9c896eae16e361ea4036989944dec3ec247e904b0e2c86008,.jpg,69056,640,480,1
engaged_1836.jpg,S01_engaged_0055.jpg,S01,0,engaged,val,D:\varell\college\tugas\semester 7\projek skripsi1\skripsi_yolov13_engagement\datasets\master_combined_dataset\images\val\engaged_1836.jpg,D:\varell\college\tugas\semester 7\projek skripsi1\skripsi_yolov13_engagement\datasets\master_combined_dataset\labels\val\engaged_1836.txt,938a3f6869ccaaa77caed551b5f7a1e6fa95d3c76089776e82311a663fdd3d39,.jpg,68679,640,480,1
engaged_1852.jpg,S01_engaged_0056.jpg,S01,0,engaged,train,D:\varell\college\tugas\semester 7\projek skripsi1\skripsi_yolov13_engagement\datasets\master_combined_dataset\images\train\engaged_1852.jpg,D:\varell\college\tugas\semester 7\projek skripsi1\skripsi_yolov13_engagement\datasets\master_combined_dataset\labels\train\engaged_1852.txt,2c399bf11721f17fb79ddeae53ee5e6b1ecfc9c01a40a8b99e8d394103f62480,.jpg,68827,640,480,1
engaged_1853.jpg,S01_engaged_0057.jpg,S01,0,engaged,train,D:\varell\college\tugas\semester 7\projek skripsi1\skripsi_yolov13_engagement\datasets\master_combined_dataset\images\train\engaged_1853.jpg,D:\varell\college\tugas\semester 7\projek skripsi1\skripsi_yolov13_engagement\datasets\master_combined_dataset\labels\train\engaged_1853.txt,2c399bf11721f17fb79ddeae53ee5e6b1ecfc9c01a40a8b99e8d394103f62480,.jpg,68827,640,480,1
engaged_1854.jpg,S01_engaged_0058.jpg,S01,0,engaged,train,D:\varell\college\tugas\semester 7\projek skripsi1\skripsi_yolov13_engagement\datasets\master_combined_dataset\images\train\engaged_1854.jpg,D:\varell\college\tugas\semester 7\projek skripsi1\skripsi_yolov13_engagement\datasets\master_combined_dataset\labels\train\engaged_1854.txt,73bcccf3d9b26a81db37b6ab3fbe4b506183dd2c10542a7e1d96a02728e15791,.jpg,69124,640,480,1
engaged_1858.jpg,S01_engaged_0059.jpg,S01,0,engaged,train,D:\varell\college\tugas\semester 7\projek skripsi1\skripsi_yolov13_engagement\datasets\master_combined_dataset\images\train\engaged_1858.jpg,D:\varell\college\tugas\semester 7\projek skripsi1\skripsi_yolov13_engagement\datasets\master_combined_dataset\labels\train\engaged_1858.txt,894c0f223c28d2623ff1c4762ce038246ab9448e90657a27088a33ed7aeb3ced,.jpg,68821,640,480,1
engaged_1859.jpg,S01_engaged_0060.jpg,S01,0,engaged,train,D:\varell\college\tugas\semester 7\projek skripsi1\skripsi_yolov13_engagement\datasets\master_combined_dataset\images\train\engaged_1859.jpg,D:\varell\college\tugas\semester 7\projek skripsi1\skripsi_yolov13_engagement\datasets\master_combined_dataset\labels\train\engaged_1859.txt,68f67c805b2a45b9aff9f167ecf4d09423e48ce9bbae20b09052d5cd2a73c1eb,.jpg,69140,640,480,1
engaged_1860.jpg,S01_engaged_0061.jpg,S01,0,engaged,test,D:\varell\college\tugas\semester 7\projek skripsi1\skripsi_yolov13_engagement\datasets\master_combined_dataset\images\test\engaged_1860.jpg,D:\varell\college\tugas\semester 7\projek skripsi1\skripsi_yolov13_engagement\datasets\master_combined_dataset\labels\test\engaged_1860.txt,434d4abc5b1226174a9b9d73977ed166c183e0963223073336a6868be05d3704,.jpg,69085,640,480,1
engaged_1866.jpg,S01_engaged_0062.jpg,S01,0,engaged,train,D:\varell\college\tugas\semester 7\projek skripsi1\skripsi_yolov13_engagement\datasets\master_combined_dataset\images\train\engaged_1866.jpg,D:\varell\college\tugas\semester 7\projek skripsi1\skripsi_yolov13_engagement\datasets\master_combined_dataset\labels\train\engaged_1866.txt,fba4082eeb894c47300f60963bcbeb2d083ba2640cf7ce811aa7ac22edae271c,.jpg,68914,640,480,1
engaged_1867.jpg,S01_engaged_0063.jpg,S01,0,engaged,val,D:\varell\college\tugas\semester 7\projek skripsi1\skripsi_yolov13_engagement\datasets\master_combined_dataset\images\val\engaged_1867.jpg,D:\varell\college\tugas\semester 7\projek skripsi1\skripsi_yolov13_engagement\datasets\master_combined_dataset\labels\val\engaged_1867.txt,fba4082eeb894c47300f60963bcbeb2d083ba2640cf7ce811aa7ac22edae271c,.jpg,68914,640,480,1
engaged_1868.jpg,S01_engaged_0064.jpg,S01,0,engaged,train,D:\varell\college\tugas\semester 7\projek skripsi1\skripsi_yolov13_engagement\datasets\master_combined_dataset\images\train\engaged_1868.jpg,D:\varell\college\tugas\semester 7\projek skripsi1\skripsi_yolov13_engagement\datasets\master_combined_dataset\labels\train\engaged_1868.txt,aca6c1be4ceac3347796b4d3d1ede84861161b066bd76cf0ecfc76dee5f55501,.jpg,69205,640,480,1
engaged_1869.jpg,S01_engaged_0065.jpg,S01,0,engaged,train,D:\varell\college\tugas\semester 7\projek skripsi1\skripsi_yolov13_engagement\datasets\master_combined_dataset\images\train\engaged_1869.jpg,D:\varell\college\tugas\semester 7\projek skripsi1\skripsi_yolov13_engagement\datasets\master_combined_dataset\labels\train\engaged_1869.txt,50feac726620abad333f3565a6f1ebfd241a5023394eb20bc73e33b52ef78d6a,.jpg,69151,640,480,1
engaged_1900.jpg,S01_engaged_0066.jpg,S01,0,engaged,train,D:\varell\college\tugas\semester 7\projek skripsi1\skripsi_yolov13_engagement\datasets\master_combined_dataset\images\train\engaged_1900.jpg,D:\varell\college\tugas\semester 7\projek skripsi1\skripsi_yolov13_engagement\datasets\master_combined_dataset\labels\train\engaged_1900.txt,880d84ebd1c92c3122fe48fa76cba6c71cd87320ca3bf0dae18159edf5228bd2,.jpg,69318,640,480,1
engaged_1916.jpg,S01_engaged_0067.jpg,S01,0,engaged,test,D:\varell\college\tugas\semester 7\projek skripsi1\skripsi_yolov13_engagement\datasets\master_combined_dataset\images\test\engaged_1916.jpg,D:\varell\college\tugas\semester 7\projek skripsi1\skripsi_yolov13_engagement\datasets\master_combined_dataset\labels\test\engaged_1916.txt,9b10d58a97d6f95b2344dba884506b5eae9ef52a19ea457d2c6b8de2ca41e46e,.jpg,69310,640,480,1
engaged_1923.jpg,S01_engaged_0068.jpg,S01,0,engaged,train,D:\varell\college\tugas\semester 7\projek skripsi1\skripsi_yolov13_engagement\datasets\master_combined_dataset\images\train\engaged_1923.jpg,D:\varell\college\tugas\semester 7\projek skripsi1\skripsi_yolov13_engagement\datasets\master_combined_dataset\labels\train\engaged_1923.txt,67617f058300f4469551a6de3eef6735679d6195358be4380580a78ffc580059,.jpg,69240,640,480,1
engaged_1924.jpg,S01_engaged_0069.jpg,S01,0,engaged,train,D:\varell\college\tugas\semester 7\projek skripsi1\skripsi_yolov13_engagement\datasets\master_combined_dataset\images\train\engaged_1924.jpg,D:\varell\college\tugas\semester 7\projek skripsi1\skripsi_yolov13_engagement\datasets\master_combined_dataset\labels\train\engaged_1924.txt,f064b4b39f89b6f1e39326c59a750cee10775ca7026187508faf4e1f8905fc80,.jpg,69300,640,480,1
engaged_1925.jpg,S01_engaged_0070.jpg,S01,0,engaged,test,D:\varell\college\tugas\semester 7\projek skripsi1\skripsi_yolov13_engagement\datasets\master_combined_dataset\images\test\engaged_1925.jpg,D:\varell\college\tugas\semester 7\projek skripsi1\skripsi_yolov13_engagement\datasets\master_combined_dataset\labels\test\engaged_1925.txt,f064b4b39f89b6f1e39326c59a750cee10775ca7026187508faf4e1f8905fc80,.jpg,69300,640,480,1
engaged_1933.jpg,S01_engaged_0071.jpg,S01,0,engaged,train,D:\varell\college\tugas\semester 7\projek skripsi1\skripsi_yolov13_engagement\datasets\master_combined_dataset\images\train\engaged_1933.jpg,D:\varell\college\tugas\semester 7\projek skripsi1\skripsi_yolov13_engagement\datasets\master_combined_dataset\labels\train\engaged_1933.txt,96234484706241cd234af16bf8f0976e52062661062bed9afdc3f1fd68186a3c,.jpg,69262,640,480,1
engaged_1934.jpg,S01_engaged_0072.jpg,S01,0,engaged,train,D:\varell\college\tugas\semester 7\projek skripsi1\skripsi_yolov13_engagement\datasets\master_combined_dataset\images\train\engaged_1934.jpg,D:\varell\college\tugas\semester 7\projek skripsi1\skripsi_yolov13_engagement\datasets\master_combined_dataset\labels\train\engaged_1934.txt,26b35ec8980011e3916db5146d5528cb2a7fb0970e0a41bca4202582d495a373,.jpg,69390,640,480,1
engaged_1956.jpg,S01_engaged_0073.jpg,S01,0,engaged,train,D:\varell\college\tugas\semester 7\projek skripsi1\skripsi_yolov13_engagement\datasets\master_combined_dataset\images\train\engaged_1956.jpg,D:\varell\college\tugas\semester 7\projek skripsi1\skripsi_yolov13_engagement\datasets\master_combined_dataset\labels\train\engaged_1956.txt,96b13cf77e1921ebf02d32b5d4f3930d789b4437ce9e3b7a39fbb18d380e1f9b,.jpg,69412,640,480,1
engaged_1957.jpg,S01_engaged_0074.jpg,S01,0,engaged,train,D:\varell\college\tugas\semester 7\projek skripsi1\skripsi_yolov13_engagement\datasets\master_combined_dataset\images\train\engaged_1957.jpg,D:\varell\college\tugas\semester 7\projek skripsi1\skripsi_yolov13_engagement\datasets\master_combined_dataset\labels\train\engaged_1957.txt,50858fe1bf8de4d721acb10108413583515d5fbfefb28a7e2382b38551477609,.jpg,69463,640,480,1
engaged_1979.jpg,S01_engaged_0075.jpg,S01,0,engaged,val,D:\varell\college\tugas\semester 7\projek skripsi1\skripsi_yolov13_engagement\datasets\master_combined_dataset\images\val\engaged_1979.jpg,D:\varell\college\tugas\semester 7\projek skripsi1\skripsi_yolov13_engagement\datasets\master_combined_dataset\labels\val\engaged_1979.txt,fc4622cae288c1f4ef7420edb4764e1153e1ce8b70c0546245723b159f7094c0,.jpg,69520,640,480,1
engaged_1982.jpg,S01_engaged_0076.jpg,S01,0,engaged,test,D:\varell\college\tugas\semester 7\projek skripsi1\skripsi_yolov13_engagement\datasets\master_combined_dataset\images\test\engaged_1982.jpg,D:\varell\college\tugas\semester 7\projek skripsi1\skripsi_yolov13_engagement\datasets\master_combined_dataset\labels\test\engaged_1982.txt,7d0ffcc998b224adec024d594732b9471ca6398a23552903234d9dbf6e63cada,.jpg,69333,640,480,1
engaged_1983.jpg,S01_engaged_0077.jpg,S01,0,engaged,train,D:\varell\college\tugas\semester 7\projek skripsi1\skripsi_yolov13_engagement\datasets\master_combined_dataset\images\train\engaged_1983.jpg,D:\varell\college\tugas\semester 7\projek skripsi1\skripsi_yolov13_engagement\datasets\master_combined_dataset\labels\train\engaged_1983.txt,7d0ffcc998b224adec024d594732b9471ca6398a23552903234d9dbf6e63cada,.jpg,69333,640,480,1
engaged_1993.jpg,S01_engaged_0078.jpg,S01,0,engaged,train,D:\varell\college\tugas\semester 7\projek skripsi1\skripsi_yolov13_engagement\datasets\master_combined_dataset\images\train\engaged_1993.jpg,D:\varell\college\tugas\semester 7\projek skripsi1\skripsi_yolov13_engagement\datasets\master_combined_dataset\labels\train\engaged_1993.txt,931f2ca20867dc19ad4dd21675970f835c6e4d6eb179a4f1a2b71dd6e369c03d,.jpg,69424,640,480,1
engaged_1994.jpg,S01_engaged_0079.jpg,S01,0,engaged,train,D:\varell\college\tugas\semester 7\projek skripsi1\skripsi_yolov13_engagement\datasets\master_combined_dataset\images\train\engaged_1994.jpg,D:\varell\college\tugas\semester 7\projek skripsi1\skripsi_yolov13_engagement\datasets\master_combined_dataset\labels\train\engaged_1994.txt,cee28809b7bfc5d2dedab0ff0934558751a30aa820ed823f49720a34f1960451,.jpg,69511,640,480,1
engaged_2000.jpg,S01_engaged_0080.jpg,S01,0,engaged,train,D:\varell\college\tugas\semester 7\projek skripsi1\skripsi_yolov13_engagement\datasets\master_combined_dataset\images\train\engaged_2000.jpg,D:\varell\college\tugas\semester 7\projek skripsi1\skripsi_yolov13_engagement\datasets\master_combined_dataset\labels\train\engaged_2000.txt,47c714179cb8e3fa6d303bc96626e833481d5cfccf337549c9614d4edbbf16a2,.jpg,69235,640,480,1
engaged_2045.jpg,S01_engaged_0081.jpg,S01,0,engaged,val,D:\varell\college\tugas\semester 7\projek skripsi1\skripsi_yolov13_engagement\datasets\master_combined_dataset\images\val\engaged_2045.jpg,D:\varell\college\tugas\semester 7\projek skripsi1\skripsi_yolov13_engagement\datasets\master_combined_dataset\labels\val\engaged_2045.txt,1a16dc3303e2c42b3f350e6b95c5538e7a78a5b454ade1ddb33389dfcad94810,.jpg,69481,640,480,1
engaged_2046.jpg,S01_engaged_0082.jpg,S01,0,engaged,train,D:\varell\college\tugas\semester 7\projek skripsi1\skripsi_yolov13_engagement\datasets\master_combined_dataset\images\train\engaged_2046.jpg,D:\varell\college\tugas\semester 7\projek skripsi1\skripsi_yolov13_engagement\datasets\master_combined_dataset\labels\train\engaged_2046.txt,1a16dc3303e2c42b3f350e6b95c5538e7a78a5b454ade1ddb33389dfcad94810,.jpg,69481,640,480,1
engaged_2048.jpg,S01_engaged_0083.jpg,S01,0,engaged,test,D:\varell\college\tugas\semester 7\projek skripsi1\skripsi_yolov13_engagement\datasets\master_combined_dataset\images\test\engaged_2048.jpg,D:\varell\college\tugas\semester 7\projek skripsi1\skripsi_yolov13_engagement\datasets\master_combined_dataset\labels\test\engaged_2048.txt,9132caf34769d276147be32f14196437def0dde83cea1656f9ddeeadabd81593,.jpg,69470,640,480,1
engaged_2049.jpg,S01_engaged_0084.jpg,S01,0,engaged,train,D:\varell\college\tugas\semester 7\projek skripsi1\skripsi_yolov13_engagement\datasets\master_combined_dataset\images\train\engaged_2049.jpg,D:\varell\college\tugas\semester 7\projek skripsi1\skripsi_yolov13_engagement\datasets\master_combined_dataset\labels\train\engaged_2049.txt,9132caf34769d276147be32f14196437def0dde83cea1656f9ddeeadabd81593,.jpg,69470,640,480,1
engaged_2068.jpg,S01_engaged_0085.jpg,S01,0,engaged,train,D:\varell\college\tugas\semester 7\projek skripsi1\skripsi_yolov13_engagement\datasets\master_combined_dataset\images\train\engaged_2068.jpg,D:\varell\college\tugas\semester 7\projek skripsi1\skripsi_yolov13_engagement\datasets\master_combined_dataset\labels\train\engaged_2068.txt,183ed73928e98e8dde9a6c70bd987757365ec0b5ff9e8ffa3c3a2da0626a0d3f,.jpg,69245,640,480,1
engaged_2069.jpg,S01_engaged_0086.jpg,S01,0,engaged,train,D:\varell\college\tugas\semester 7\projek skripsi1\skripsi_yolov13_engagement\datasets\master_combined_dataset\images\train\engaged_2069.jpg,D:\varell\college\tugas\semester 7\projek skripsi1\skripsi_yolov13_engagement\datasets\master_combined_dataset\labels\train\engaged_2069.txt,67dd02875bf481bc38393d12b8b60882ae691bbe877a0ca424cb8b9558c7aa25,.jpg,69549,640,480,1
engaged_2070.jpg,S01_engaged_0087.jpg,S01,0,engaged,train,D:\varell\college\tugas\semester 7\projek skripsi1\skripsi_yolov13_engagement\datasets\master_combined_dataset\images\train\engaged_2070.jpg,D:\varell\college\tugas\semester 7\projek skripsi1\skripsi_yolov13_engagement\datasets\master_combined_dataset\labels\train\engaged_2070.txt,de53daddfd28efdd8588aaeb8d3eab12d74a86688070c6c739138e6522cc84a7,.jpg,69144,640,480,1
engaged_2073.jpg,S01_engaged_0088.jpg,S01,0,engaged,test,D:\varell\college\tugas\semester 7\projek skripsi1\skripsi_yolov13_engagement\datasets\master_combined_dataset\images\test\engaged_2073.jpg,D:\varell\college\tugas\semester 7\projek skripsi1\skripsi_yolov13_engagement\datasets\master_combined_dataset\labels\test\engaged_2073.txt,27e7b3e36086e55251622f29e305ed8e52045b799cd961ee255d598f646c9c54,.jpg,69203,640,480,1
engaged_2074.jpg,S01_engaged_0089.jpg,S01,0,engaged,train,D:\varell\college\tugas\semester 7\projek skripsi1\skripsi_yolov13_engagement\datasets\master_combined_dataset\images\train\engaged_2074.jpg,D:\varell\college\tugas\semester 7\projek skripsi1\skripsi_yolov13_engagement\datasets\master_combined_dataset\labels\train\engaged_2074.txt,28b1d0ff34ba378493610fb22023ba19e7cc0d4da8c42e9bb561e2567b5d5c62,.jpg,69150,640,480,1
engaged_2075.jpg,S01_engaged_0090.jpg,S01,0,engaged,train,D:\varell\college\tugas\semester 7\projek skripsi1\skripsi_yolov13_engagement\datasets\master_combined_dataset\images\train\engaged_2075.jpg,D:\varell\college\tugas\semester 7\projek skripsi1\skripsi_yolov13_engagement\datasets\master_combined_dataset\labels\train\engaged_2075.txt,8b02601b3fa578f75f3334c38c9b2f70220686c3157e910ecfb38ca116996060,.jpg,69289,640,480,1
engaged_2076.jpg,S01_engaged_0091.jpg,S01,0,engaged,train,D:\varell\college\tugas\semester 7\projek skripsi1\skripsi_yolov13_engagement\datasets\master_combined_dataset\images\train\engaged_2076.jpg,D:\varell\college\tugas\semester 7\projek skripsi1\skripsi_yolov13_engagement\datasets\master_combined_dataset\labels\train\engaged_2076.txt,8b02601b3fa578f75f3334c38c9b2f70220686c3157e910ecfb38ca116996060,.jpg,69289,640,480,1
engaged_2079.jpg,S01_engaged_0092.jpg,S01,0,engaged,val,D:\varell\college\tugas\semester 7\projek skripsi1\skripsi_yolov13_engagement\datasets\master_combined_dataset\images\val\engaged_2079.jpg,D:\varell\college\tugas\semester 7\projek skripsi1\skripsi_yolov13_engagement\datasets\master_combined_dataset\labels\val\engaged_2079.txt,0bf0e4bae0c4b99bc07a6fc68ad91f9a9af2b0736769336a66c14da0616f19c5,.jpg,69199,640,480,1
engaged_2080.jpg,S01_engaged_0093.jpg,S01,0,engaged,val,D:\varell\college\tugas\semester 7\projek skripsi1\skripsi_yolov13_engagement\datasets\master_combined_dataset\images\val\engaged_2080.jpg,D:\varell\college\tugas\semester 7\projek skripsi1\skripsi_yolov13_engagement\datasets\master_combined_dataset\labels\val\engaged_2080.txt,0bf0e4bae0c4b99bc07a6fc68ad91f9a9af2b0736769336a66c14da0616f19c5,.jpg,69199,640,480,1
engaged_2081.jpg,S01_engaged_0094.jpg,S01,0,engaged,test,D:\varell\college\tugas\semester 7\projek skripsi1\skripsi_yolov13_engagement\datasets\master_combined_dataset\images\test\engaged_2081.jpg,D:\varell\college\tugas\semester 7\projek skripsi1\skripsi_yolov13_engagement\datasets\master_combined_dataset\labels\test\engaged_2081.txt,333ca380659a148d4b4b47de3464e907b47969bb49a5465076c025db9a5d743e,.jpg,69071,640,480,1
engaged_2086.jpg,S01_engaged_0095.jpg,S01,0,engaged,val,D:\varell\college\tugas\semester 7\projek skripsi1\skripsi_yolov13_engagement\datasets\master_combined_dataset\images\val\engaged_2086.jpg,D:\varell\college\tugas\semester 7\projek skripsi1\skripsi_yolov13_engagement\datasets\master_combined_dataset\labels\val\engaged_2086.txt,0f9948c4428ed99e8bae8fc6fc1ff11455733609a12192bbface5af48dd98390,.jpg,68855,640,480,1
engaged_2092.jpg,S01_engaged_0096.jpg,S01,0,engaged,test,D:\varell\college\tugas\semester 7\projek skripsi1\skripsi_yolov13_engagement\datasets\master_combined_dataset\images\test\engaged_2092.jpg,D:\varell\college\tugas\semester 7\projek skripsi1\skripsi_yolov13_engagement\datasets\master_combined_dataset\labels\test\engaged_2092.txt,e6e6acc1ca70083dc66af6a31c6b50aac66196fb5dc59701fe46725a6fb7bdc0,.jpg,69210,640,480,1
engaged_2093.jpg,S01_engaged_0097.jpg,S01,0,engaged,train,D:\varell\college\tugas\semester 7\projek skripsi1\skripsi_yolov13_engagement\datasets\master_combined_dataset\images\train\engaged_2093.jpg,D:\varell\college\tugas\semester 7\projek skripsi1\skripsi_yolov13_engagement\datasets\master_combined_dataset\labels\train\engaged_2093.txt,2500abe614dcc9f85b9e72fd154f21f5899f273cab5387365b127d77e22834a9,.jpg,69182,640,480,1
engaged_2096.jpg,S01_engaged_0098.jpg,S01,0,engaged,val,D:\varell\college\tugas\semester 7\projek skripsi1\skripsi_yolov13_engagement\datasets\master_combined_dataset\images\val\engaged_2096.jpg,D:\varell\college\tugas\semester 7\projek skripsi1\skripsi_yolov13_engagement\datasets\master_combined_dataset\labels\val\engaged_2096.txt,ea7d90141953f5615016c6a1b2883af199f7e5db0c5fdc8fda74d5b9af5161c8,.jpg,69160,640,480,1
engaged_2097.jpg,S01_engaged_0099.jpg,S01,0,engaged,train,D:\varell\college\tugas\semester 7\projek skripsi1\skripsi_yolov13_engagement\datasets\master_combined_dataset\images\train\engaged_2097.jpg,D:\varell\college\tugas\semester 7\projek skripsi1\skripsi_yolov13_engagement\datasets\master_combined_dataset\labels\train\engaged_2097.txt,44898b604f103e436b65b11a9bebe285ac19d26f3d431e37db9349cb34883a9c,.jpg,69412,640,480,1
engaged_2098.jpg,S01_engaged_0100.jpg,S01,0,engaged,train,D:\varell\college\tugas\semester 7\projek skripsi1\skripsi_yolov13_engagement\datasets\master_combined_dataset\images\train\engaged_2098.jpg,D:\varell\college\tugas\semester 7\projek skripsi1\skripsi_yolov13_engagement\datasets\master_combined_dataset\labels\train\engaged_2098.txt,44898b604f103e436b65b11a9bebe285ac19d26f3d431e37db9349cb34883a9c,.jpg,69412,640,480,1
engaged_2102.jpg,S01_engaged_0101.jpg,S01,0,engaged,train,D:\varell\college\tugas\semester 7\projek skripsi1\skripsi_yolov13_engagement\datasets\master_combined_dataset\images\train\engaged_2102.jpg,D:\varell\college\tugas\semester 7\projek skripsi1\skripsi_yolov13_engagement\datasets\master_combined_dataset\labels\train\engaged_2102.txt,9b8671156b7073dba30e43f00c69ecec4046f1b99498d7492670fae99cfffcba,.jpg,69249,640,480,1
engaged_2103.jpg,S01_engaged_0102.jpg,S01,0,engaged,val,D:\varell\college\tugas\semester 7\projek skripsi1\skripsi_yolov13_engagement\datasets\master_combined_dataset\images\val\engaged_2103.jpg,D:\varell\college\tugas\semester 7\projek skripsi1\skripsi_yolov13_engagement\datasets\master_combined_dataset\labels\val\engaged_2103.txt,b6a2fdf346afbc2beecc21d116ffb552bee3c7a0a83a1cdc1afd933414b8b177,.jpg,69187,640,480,1
engaged_2106.jpg,S01_engaged_0103.jpg,S01,0,engaged,test,D:\varell\college\tugas\semester 7\projek skripsi1\skripsi_yolov13_engagement\datasets\master_combined_dataset\images\test\engaged_2106.jpg,D:\varell\college\tugas\semester 7\projek skripsi1\skripsi_yolov13_engagement\datasets\master_combined_dataset\labels\test\engaged_2106.txt,cd63c82ff2ea7d8ab44afa00760700c064fce0080bf883da9397bb20fd1f79a0,.jpg,69082,640,480,1
engaged_2107.jpg,S01_engaged_0104.jpg,S01,0,engaged,train,D:\varell\college\tugas\semester 7\projek skripsi1\skripsi_yolov13_engagement\datasets\master_combined_dataset\images\train\engaged_2107.jpg,D:\varell\college\tugas\semester 7\projek skripsi1\skripsi_yolov13_engagement\datasets\master_combined_dataset\labels\train\engaged_2107.txt,cd63c82ff2ea7d8ab44afa00760700c064fce0080bf883da9397bb20fd1f79a0,.jpg,69082,640,480,1
engaged_2111.jpg,S01_engaged_0105.jpg,S01,0,engaged,test,D:\varell\college\tugas\semester 7\projek skripsi1\skripsi_yolov13_engagement\datasets\master_combined_dataset\images\test\engaged_2111.jpg,D:\varell\college\tugas\semester 7\projek skripsi1\skripsi_yolov13_engagement\datasets\master_combined_dataset\labels\test\engaged_2111.txt,a361b47eda8b5c7a139661b9cb36f6c087e26bc9b45b29bf096ed5cb3f9abb52,.jpg,69143,640,480,1
engaged_2116.jpg,S01_engaged_0106.jpg,S01,0,engaged,test,D:\varell\college\tugas\semester 7\projek skripsi1\skripsi_yolov13_engagement\datasets\master_combined_dataset\images\test\engaged_2116.jpg,D:\varell\college\tugas\semester 7\projek skripsi1\skripsi_yolov13_engagement\datasets\master_combined_dataset\labels\test\engaged_2116.txt,e188514837b61b8694b76751b13437a0e95bfd93f8231874ebc5548993a00c84,.jpg,69103,640,480,1
engaged_2117.jpg,S01_engaged_0107.jpg,S01,0,engaged,train,D:\varell\college\tugas\semester 7\projek skripsi1\skripsi_yolov13_engagement\datasets\master_combined_dataset\images\train\engaged_2117.jpg,D:\varell\college\tugas\semester 7\projek skripsi1\skripsi_yolov13_engagement\datasets\master_combined_dataset\labels\train\engaged_2117.txt,df6c301823f26feeebcbd5ca010e2307343acec58d7a168ba4376acec92be2b6,.jpg,69175,640,480,1
engaged_2118.jpg,S01_engaged_0108.jpg,S01,0,engaged,train,D:\varell\college\tugas\semester 7\projek skripsi1\skripsi_yolov13_engagement\datasets\master_combined_dataset\images\train\engaged_2118.jpg,D:\varell\college\tugas\semester 7\projek skripsi1\skripsi_yolov13_engagement\datasets\master_combined_dataset\labels\train\engaged_2118.txt,296883ed824073481b2d757b5d91e1718c84d011d5d12d1a694d5af81565e354,.jpg,69001,640,480,1
engaged_2119.jpg,S01_engaged_0109.jpg,S01,0,engaged,train,D:\varell\college\tugas\semester 7\projek skripsi1\skripsi_yolov13_engagement\datasets\master_combined_dataset\images\train\engaged_2119.jpg,D:\varell\college\tugas\semester 7\projek skripsi1\skripsi_yolov13_engagement\datasets\master_combined_dataset\labels\train\engaged_2119.txt,296883ed824073481b2d757b5d91e1718c84d011d5d12d1a694d5af81565e354,.jpg,69001,640,480,1
engaged_212.jpg,S01_engaged_0110.jpg,S01,0,engaged,test,D:\varell\college\tugas\semester 7\projek skripsi1\skripsi_yolov13_engagement\datasets\master_combined_dataset\images\test\engaged_212.jpg,D:\varell\college\tugas\semester 7\projek skripsi1\skripsi_yolov13_engagement\datasets\master_combined_dataset\labels\test\engaged_212.txt,a5050ee034e22613aece16f850d88722e9f086f9999d685d090cfc95830188ef,.jpg,68246,640,480,1
engaged_2120.jpg,S01_engaged_0111.jpg,S01,0,engaged,train,D:\varell\college\tugas\semester 7\projek skripsi1\skripsi_yolov13_engagement\datasets\master_combined_dataset\images\train\engaged_2120.jpg,D:\varell\college\tugas\semester 7\projek skripsi1\skripsi_yolov13_engagement\datasets\master_combined_dataset\labels\train\engaged_2120.txt,ea117809ca4993434db28974a9712d920507bed29b8e94b0fdadc21eac3b4d82,.jpg,69171,640,480,1
engaged_2121.jpg,S01_engaged_0112.jpg,S01,0,engaged,val,D:\varell\college\tugas\semester 7\projek skripsi1\skripsi_yolov13_engagement\datasets\master_combined_dataset\images\val\engaged_2121.jpg,D:\varell\college\tugas\semester 7\projek skripsi1\skripsi_yolov13_engagement\datasets\master_combined_dataset\labels\val\engaged_2121.txt,1b86f2b4b873636e4dac8c15ea61102d3e4cbda4b3630996b24d8e1397135158,.jpg,68948,640,480,1
engaged_2123.jpg,S01_engaged_0113.jpg,S01,0,engaged,train,D:\varell\college\tugas\semester 7\projek skripsi1\skripsi_yolov13_engagement\datasets\master_combined_dataset\images\train\engaged_2123.jpg,D:\varell\college\tugas\semester 7\projek skripsi1\skripsi_yolov13_engagement\datasets\master_combined_dataset\labels\train\engaged_2123.txt,4ed57fee033c6dca4bbc498e85b356bd79068d04b112b94ef3ef7e06e7659998,.jpg,68901,640,480,1
engaged_2124.jpg,S01_engaged_0114.jpg,S01,0,engaged,train,D:\varell\college\tugas\semester 7\projek skripsi1\skripsi_yolov13_engagement\datasets\master_combined_dataset\images\train\engaged_2124.jpg,D:\varell\college\tugas\semester 7\projek skripsi1\skripsi_yolov13_engagement\datasets\master_combined_dataset\labels\train\engaged_2124.txt,654210e06ad34af1cebdd68c05a5600679ed55ffc5d0c77bed728319f5d7aa06,.jpg,69043,640,480,1
engaged_2125.jpg,S01_engaged_0115.jpg,S01,0,engaged,test,D:\varell\college\tugas\semester 7\projek skripsi1\skripsi_yolov13_engagement\datasets\master_combined_dataset\images\test\engaged_2125.jpg,D:\varell\college\tugas\semester 7\projek skripsi1\skripsi_yolov13_engagement\datasets\master_combined_dataset\labels\test\engaged_2125.txt,065992ea5e86d913485a96f2745c5d91f76f22f93e8dd4aba6daa9aa5cc1846c,.jpg,68978,640,480,1
engaged_2126.jpg,S01_engaged_0116.jpg,S01,0,engaged,train,D:\varell\college\tugas\semester 7\projek skripsi1\skripsi_yolov13_engagement\datasets\master_combined_dataset\images\train\engaged_2126.jpg,D:\varell\college\tugas\semester 7\projek skripsi1\skripsi_yolov13_engagement\datasets\master_combined_dataset\labels\train\engaged_2126.txt,065992ea5e86d913485a96f2745c5d91f76f22f93e8dd4aba6daa9aa5cc1846c,.jpg,68978,640,480,1
engaged_2134.jpg,S01_engaged_0117.jpg,S01,0,engaged,train,D:\varell\college\tugas\semester 7\projek skripsi1\skripsi_yolov13_engagement\datasets\master_combined_dataset\images\train\engaged_2134.jpg,D:\varell\college\tugas\semester 7\projek skripsi1\skripsi_yolov13_engagement\datasets\master_combined_dataset\labels\train\engaged_2134.txt,783926c0e4aedb40ca6c3f1ced833ae94bcb72525f20548f840c5ccc520a2c19,.jpg,69152,640,480,1
engaged_2135.jpg,S01_engaged_0118.jpg,S01,0,engaged,train,D:\varell\college\tugas\semester 7\projek skripsi1\skripsi_yolov13_engagement\datasets\master_combined_dataset\images\train\engaged_2135.jpg,D:\varell\college\tugas\semester 7\projek skripsi1\skripsi_yolov13_engagement\datasets\master_combined_dataset\labels\train\engaged_2135.txt,c16ec285e7cd913f58fb94510a133bc83094a3e4a4a35338397a13f9b42e7345,.jpg,69110,640,480,1
engaged_2136.jpg,S01_engaged_0119.jpg,S01,0,engaged,val,D:\varell\college\tugas\semester 7\projek skripsi1\skripsi_yolov13_engagement\datasets\master_combined_dataset\images\val\engaged_2136.jpg,D:\varell\college\tugas\semester 7\projek skripsi1\skripsi_yolov13_engagement\datasets\master_combined_dataset\labels\val\engaged_2136.txt,f7a47a7887f852c5180bb83ef8518ba077e38f4d1d964187e9948af0da708638,.jpg,68974,640,480,1
engaged_2137.jpg,S01_engaged_0120.jpg,S01,0,engaged,train,D:\varell\college\tugas\semester 7\projek skripsi1\skripsi_yolov13_engagement\datasets\master_combined_dataset\images\train\engaged_2137.jpg,D:\varell\college\tugas\semester 7\projek skripsi1\skripsi_yolov13_engagement\datasets\master_combined_dataset\labels\train\engaged_2137.txt,7a2648f7e0b193ca9151a7c4ee82a56bde3fe676616deded184fc186a62795a3,.jpg,68922,640,480,1
engaged_2145.jpg,S01_engaged_0121.jpg,S01,0,engaged,train,D:\varell\college\tugas\semester 7\projek skripsi1\skripsi_yolov13_engagement\datasets\master_combined_dataset\images\train\engaged_2145.jpg,D:\varell\college\tugas\semester 7\projek skripsi1\skripsi_yolov13_engagement\datasets\master_combined_dataset\labels\train\engaged_2145.txt,312b8bf86f73d119777a2dc89b847130775bf43719c5c29bc584d2263c5bf41b,.jpg,68851,640,480,1
engaged_2146.jpg,S01_engaged_0122.jpg,S01,0,engaged,train,D:\varell\college\tugas\semester 7\projek skripsi1\skripsi_yolov13_engagement\datasets\master_combined_dataset\images\train\engaged_2146.jpg,D:\varell\college\tugas\semester 7\projek skripsi1\skripsi_yolov13_engagement\datasets\master_combined_dataset\labels\train\engaged_2146.txt,312b8bf86f73d119777a2dc89b847130775bf43719c5c29bc584d2263c5bf41b,.jpg,68851,640,480,1
engaged_2148.jpg,S01_engaged_0123.jpg,S01,0,engaged,train,D:\varell\college\tugas\semester 7\projek skripsi1\skripsi_yolov13_engagement\datasets\master_combined_dataset\images\train\engaged_2148.jpg,D:\varell\college\tugas\semester 7\projek skripsi1\skripsi_yolov13_engagement\datasets\master_combined_dataset\labels\train\engaged_2148.txt,838bdf7c7d95968f91a2cad2dad1b04c8ff76c64445ab9c23c3e7e7e44556cf5,.jpg,68909,640,480,1
engaged_2149.jpg,S01_engaged_0124.jpg,S01,0,engaged,train,D:\varell\college\tugas\semester 7\projek skripsi1\skripsi_yolov13_engagement\datasets\master_combined_dataset\images\train\engaged_2149.jpg,D:\varell\college\tugas\semester 7\projek skripsi1\skripsi_yolov13_engagement\datasets\master_combined_dataset\labels\train\engaged_2149.txt,e54b71d1c8630c8af48b5d4a01f7c55ffc5c342d53d28f646f0173e98910b7af,.jpg,69023,640,480,1
engaged_2150.jpg,S01_engaged_0125.jpg,S01,0,engaged,train,D:\varell\college\tugas\semester 7\projek skripsi1\skripsi_yolov13_engagement\datasets\master_combined_dataset\images\train\engaged_2150.jpg,D:\varell\college\tugas\semester 7\projek skripsi1\skripsi_yolov13_engagement\datasets\master_combined_dataset\labels\train\engaged_2150.txt,e54b71d1c8630c8af48b5d4a01f7c55ffc5c342d53d28f646f0173e98910b7af,.jpg,69023,640,480,1
engaged_2155.jpg,S01_engaged_0126.jpg,S01,0,engaged,train,D:\varell\college\tugas\semester 7\projek skripsi1\skripsi_yolov13_engagement\datasets\master_combined_dataset\images\train\engaged_2155.jpg,D:\varell\college\tugas\semester 7\projek skripsi1\skripsi_yolov13_engagement\datasets\master_combined_dataset\labels\train\engaged_2155.txt,88d556369f1d9973c788a664c8c6126256768bb06e3721c531208ba1df52a1f8,.jpg,68715,640,480,1
engaged_2156.jpg,S01_engaged_0127.jpg,S01,0,engaged,test,D:\varell\college\tugas\semester 7\projek skripsi1\skripsi_yolov13_engagement\datasets\master_combined_dataset\images\test\engaged_2156.jpg,D:\varell\college\tugas\semester 7\projek skripsi1\skripsi_yolov13_engagement\datasets\master_combined_dataset\labels\test\engaged_2156.txt,769732c5272e8a0e184b818e173ca93fb44267bda9d8758c0f275214763db750,.jpg,68862,640,480,1
engaged_2157.jpg,S01_engaged_0128.jpg,S01,0,engaged,train,D:\varell\college\tugas\semester 7\projek skripsi1\skripsi_yolov13_engagement\datasets\master_combined_dataset\images\train\engaged_2157.jpg,D:\varell\college\tugas\semester 7\projek skripsi1\skripsi_yolov13_engagement\datasets\master_combined_dataset\labels\train\engaged_2157.txt,4377ef1353ecde6c6372eb23b908c91373a0f90269039f7ede58fed7b4bab69a,.jpg,68917,640,480,1
engaged_2158.jpg,S01_engaged_0129.jpg,S01,0,engaged,train,D:\varell\college\tugas\semester 7\projek skripsi1\skripsi_yolov13_engagement\datasets\master_combined_dataset\images\train\engaged_2158.jpg,D:\varell\college\tugas\semester 7\projek skripsi1\skripsi_yolov13_engagement\datasets\master_combined_dataset\labels\train\engaged_2158.txt,4377ef1353ecde6c6372eb23b908c91373a0f90269039f7ede58fed7b4bab69a,.jpg,68917,640,480,1
engaged_2159.jpg,S01_engaged_0130.jpg,S01,0,engaged,train,D:\varell\college\tugas\semester 7\projek skripsi1\skripsi_yolov13_engagement\datasets\master_combined_dataset\images\train\engaged_2159.jpg,D:\varell\college\tugas\semester 7\projek skripsi1\skripsi_yolov13_engagement\datasets\master_combined_dataset\labels\train\engaged_2159.txt,8decb08a36fac008b0fd6d0dc13859d32890cffeb36ae42445c1c58f60bc17ad,.jpg,68973,640,480,1
engaged_216.jpg,S01_engaged_0131.jpg,S01,0,engaged,train,D:\varell\college\tugas\semester 7\projek skripsi1\skripsi_yolov13_engagement\datasets\master_combined_dataset\images\train\engaged_216.jpg,D:\varell\college\tugas\semester 7\projek skripsi1\skripsi_yolov13_engagement\datasets\master_combined_dataset\labels\train\engaged_216.txt,592167682c330a7f65b3a9e9eeae3a107ee928645c18524816379493007ae857,.jpg,68164,640,480,1
engaged_2160.jpg,S01_engaged_0132.jpg,S01,0,engaged,train,D:\varell\college\tugas\semester 7\projek skripsi1\skripsi_yolov13_engagement\datasets\master_combined_dataset\images\train\engaged_2160.jpg,D:\varell\college\tugas\semester 7\projek skripsi1\skripsi_yolov13_engagement\datasets\master_combined_dataset\labels\train\engaged_2160.txt,4e137f008dcd22abf2c4fa94bc2f8b3e81b881dd3f8b01ae6754562fab9931eb,.jpg,68933,640,480,1
engaged_2163.jpg,S01_engaged_0133.jpg,S01,0,engaged,train,D:\varell\college\tugas\semester 7\projek skripsi1\skripsi_yolov13_engagement\datasets\master_combined_dataset\images\train\engaged_2163.jpg,D:\varell\college\tugas\semester 7\projek skripsi1\skripsi_yolov13_engagement\datasets\master_combined_dataset\labels\train\engaged_2163.txt,6c2bfc142521aecf11c8a5615004295a92564b9703b7dc76e48042ec2778f8d5,.jpg,68797,640,480,1
engaged_2164.jpg,S01_engaged_0134.jpg,S01,0,engaged,train,D:\varell\college\tugas\semester 7\projek skripsi1\skripsi_yolov13_engagement\datasets\master_combined_dataset\images\train\engaged_2164.jpg,D:\varell\college\tugas\semester 7\projek skripsi1\skripsi_yolov13_engagement\datasets\master_combined_dataset\labels\train\engaged_2164.txt,c378f90c36d4291b46502094823fb5afd9d19583ed6753525d2e7cfd03127fc5,.jpg,68789,640,480,1
engaged_2165.jpg,S01_engaged_0135.jpg,S01,0,engaged,train,D:\varell\college\tugas\semester 7\projek skripsi1\skripsi_yolov13_engagement\datasets\master_combined_dataset\images\train\engaged_2165.jpg,D:\varell\college\tugas\semester 7\projek skripsi1\skripsi_yolov13_engagement\datasets\master_combined_dataset\labels\train\engaged_2165.txt,c378f90c36d4291b46502094823fb5afd9d19583ed6753525d2e7cfd03127fc5,.jpg,68789,640,480,1
engaged_2166.jpg,S01_engaged_0136.jpg,S01,0,engaged,val,D:\varell\college\tugas\semester 7\projek skripsi1\skripsi_yolov13_engagement\datasets\master_combined_dataset\images\val\engaged_2166.jpg,D:\varell\college\tugas\semester 7\projek skripsi1\skripsi_yolov13_engagement\datasets\master_combined_dataset\labels\val\engaged_2166.txt,6907f27b4930dfa2c5821fa3ac2a259164e4a5a8417a9f457bf3eadb782636bf,.jpg,68779,640,480,1
engaged_2170.jpg,S01_engaged_0137.jpg,S01,0,engaged,train,D:\varell\college\tugas\semester 7\projek skripsi1\skripsi_yolov13_engagement\datasets\master_combined_dataset\images\train\engaged_2170.jpg,D:\varell\college\tugas\semester 7\projek skripsi1\skripsi_yolov13_engagement\datasets\master_combined_dataset\labels\train\engaged_2170.txt,bd1193aee123872c517845f379fa73aee053a0d5d153b23a9000ebc88498a873,.jpg,68929,640,480,1
engaged_2171.jpg,S01_engaged_0138.jpg,S01,0,engaged,train,D:\varell\college\tugas\semester 7\projek skripsi1\skripsi_yolov13_engagement\datasets\master_combined_dataset\images\train\engaged_2171.jpg,D:\varell\college\tugas\semester 7\projek skripsi1\skripsi_yolov13_engagement\datasets\master_combined_dataset\labels\train\engaged_2171.txt,4b3d170f7856b4c239d9a7dde31c4e81a69451280ffa9c98c78497a5cfaf8c2c,.jpg,68751,640,480,1
engaged_2172.jpg,S01_engaged_0139.jpg,S01,0,engaged,val,D:\varell\college\tugas\semester 7\projek skripsi1\skripsi_yolov13_engagement\datasets\master_combined_dataset\images\val\engaged_2172.jpg,D:\varell\college\tugas\semester 7\projek skripsi1\skripsi_yolov13_engagement\datasets\master_combined_dataset\labels\val\engaged_2172.txt,9b29d8a175802affb92ec857022dcc0f610dcdb65345c49d4f43e8647bf2df1a,.jpg,68901,640,480,1
engaged_2173.jpg,S01_engaged_0140.jpg,S01,0,engaged,train,D:\varell\college\tugas\semester 7\projek skripsi1\skripsi_yolov13_engagement\datasets\master_combined_dataset\images\train\engaged_2173.jpg,D:\varell\college\tugas\semester 7\projek skripsi1\skripsi_yolov13_engagement\datasets\master_combined_dataset\labels\train\engaged_2173.txt,1ec9661168b74f623c7b539d20bb9bbf6086289ba325ea559af7e58b11be5448,.jpg,68925,640,480,1
engaged_2174.jpg,S01_engaged_0141.jpg,S01,0,engaged,train,D:\varell\college\tugas\semester 7\projek skripsi1\skripsi_yolov13_engagement\datasets\master_combined_dataset\images\train\engaged_2174.jpg,D:\varell\college\tugas\semester 7\projek skripsi1\skripsi_yolov13_engagement\datasets\master_combined_dataset\labels\train\engaged_2174.txt,1ec9661168b74f623c7b539d20bb9bbf6086289ba325ea559af7e58b11be5448,.jpg,68925,640,480,1
engaged_2175.jpg,S01_engaged_0142.jpg,S01,0,engaged,train,D:\varell\college\tugas\semester 7\projek skripsi1\skripsi_yolov13_engagement\datasets\master_combined_dataset\images\train\engaged_2175.jpg,D:\varell\college\tugas\semester 7\projek skripsi1\skripsi_yolov13_engagement\datasets\master_combined_dataset\labels\train\engaged_2175.txt,26d922df77986cb669b7976758399be870fd7c8f7d5eb20db6af1d162b9ff30f,.jpg,68879,640,480,1
engaged_2180.jpg,S01_engaged_0143.jpg,S01,0,engaged,train,D:\varell\college\tugas\semester 7\projek skripsi1\skripsi_yolov13_engagement\datasets\master_combined_dataset\images\train\engaged_2180.jpg,D:\varell\college\tugas\semester 7\projek skripsi1\skripsi_yolov13_engagement\datasets\master_combined_dataset\labels\train\engaged_2180.txt,b40d35a38fb337a811822cdb46e72681d1f18baa3aa90edb12f6b1d6b3f25986,.jpg,68781,640,480,1
engaged_2181.jpg,S01_engaged_0144.jpg,S01,0,engaged,test,D:\varell\college\tugas\semester 7\projek skripsi1\skripsi_yolov13_engagement\datasets\master_combined_dataset\images\test\engaged_2181.jpg,D:\varell\college\tugas\semester 7\projek skripsi1\skripsi_yolov13_engagement\datasets\master_combined_dataset\labels\test\engaged_2181.txt,3f18291ff29562a90a07f3c5b70cec25f878f79add17e43bab102e5d0a1ae1a4,.jpg,68741,640,480,1
engaged_2182.jpg,S01_engaged_0145.jpg,S01,0,engaged,train,D:\varell\college\tugas\semester 7\projek skripsi1\skripsi_yolov13_engagement\datasets\master_combined_dataset\images\train\engaged_2182.jpg,D:\varell\college\tugas\semester 7\projek skripsi1\skripsi_yolov13_engagement\datasets\master_combined_dataset\labels\train\engaged_2182.txt,3f18291ff29562a90a07f3c5b70cec25f878f79add17e43bab102e5d0a1ae1a4,.jpg,68741,640,480,1
engaged_2183.jpg,S01_engaged_0146.jpg,S01,0,engaged,train,D:\varell\college\tugas\semester 7\projek skripsi1\skripsi_yolov13_engagement\datasets\master_combined_dataset\images\train\engaged_2183.jpg,D:\varell\college\tugas\semester 7\projek skripsi1\skripsi_yolov13_engagement\datasets\master_combined_dataset\labels\train\engaged_2183.txt,306f35c03ce48f6613105984633ee1186173553ed21db071ad4ba48380272a00,.jpg,68592,640,480,1
engaged_2184.jpg,S01_engaged_0147.jpg,S01,0,engaged,train,D:\varell\college\tugas\semester 7\projek skripsi1\skripsi_yolov13_engagement\datasets\master_combined_dataset\images\train\engaged_2184.jpg,D:\varell\college\tugas\semester 7\projek skripsi1\skripsi_yolov13_engagement\datasets\master_combined_dataset\labels\train\engaged_2184.txt,d4a008cbaff07147251f50569c4448d05dc7fb46a547b46692da72b496f1e0a6,.jpg,68650,640,480,1
engaged_2185.jpg,S01_engaged_0148.jpg,S01,0,engaged,train,D:\varell\college\tugas\semester 7\projek skripsi1\skripsi_yolov13_engagement\datasets\master_combined_dataset\images\train\engaged_2185.jpg,D:\varell\college\tugas\semester 7\projek skripsi1\skripsi_yolov13_engagement\datasets\master_combined_dataset\labels\train\engaged_2185.txt,f2368dbba1a6efad0a012f07b7b47d5c93b6677dee3fb1acb59497e7b6cf6709,.jpg,68640,640,480,1
engaged_2187.jpg,S01_engaged_0149.jpg,S01,0,engaged,train,D:\varell\college\tugas\semester 7\projek skripsi1\skripsi_yolov13_engagement\datasets\master_combined_dataset\images\train\engaged_2187.jpg,D:\varell\college\tugas\semester 7\projek skripsi1\skripsi_yolov13_engagement\datasets\master_combined_dataset\labels\train\engaged_2187.txt,f3531a4b013906acbd9a90947b9aeb6f8b1ff6be24643681176adc06a709d9c0,.jpg,68841,640,480,1
engaged_2188.jpg,S01_engaged_0150.jpg,S01,0,engaged,train,D:\varell\college\tugas\semester 7\projek skripsi1\skripsi_yolov13_engagement\datasets\master_combined_dataset\images\train\engaged_2188.jpg,D:\varell\college\tugas\semester 7\projek skripsi1\skripsi_yolov13_engagement\datasets\master_combined_dataset\labels\train\engaged_2188.txt,77d671c4bf5749369bb2a9d82a46fd53562bf0edc2d4d4668c7a1a48e1a3bf01,.jpg,68881,640,480,1
engaged_2189.jpg,S01_engaged_0151.jpg,S01,0,engaged,train,D:\varell\college\tugas\semester 7\projek skripsi1\skripsi_yolov13_engagement\datasets\master_combined_dataset\images\train\engaged_2189.jpg,D:\varell\college\tugas\semester 7\projek skripsi1\skripsi_yolov13_engagement\datasets\master_combined_dataset\labels\train\engaged_2189.txt,77d671c4bf5749369bb2a9d82a46fd53562bf0edc2d4d4668c7a1a48e1a3bf01,.jpg,68881,640,480,1
engaged_2190.jpg,S01_engaged_0152.jpg,S01,0,engaged,train,D:\varell\college\tugas\semester 7\projek skripsi1\skripsi_yolov13_engagement\datasets\master_combined_dataset\images\train\engaged_2190.jpg,D:\varell\college\tugas\semester 7\projek skripsi1\skripsi_yolov13_engagement\datasets\master_combined_dataset\labels\train\engaged_2190.txt,d3a05b1a05cbef411b01a789a55b54a99a4deee69f2eb22603634260aec59f23,.jpg,68811,640,480,1
engaged_2191.jpg,S01_engaged_0153.jpg,S01,0,engaged,test,D:\varell\college\tugas\semester 7\projek skripsi1\skripsi_yolov13_engagement\datasets\master_combined_dataset\images\test\engaged_2191.jpg,D:\varell\college\tugas\semester 7\projek skripsi1\skripsi_yolov13_engagement\datasets\master_combined_dataset\labels\test\engaged_2191.txt,31631249a23390de033f877aa184a87e0ca340416bddee72bd435b5f1a5d75ac,.jpg,68790,640,480,1
engaged_2192.jpg,S01_engaged_0154.jpg,S01,0,engaged,train,D:\varell\college\tugas\semester 7\projek skripsi1\skripsi_yolov13_engagement\datasets\master_combined_dataset\images\train\engaged_2192.jpg,D:\varell\college\tugas\semester 7\projek skripsi1\skripsi_yolov13_engagement\datasets\master_combined_dataset\labels\train\engaged_2192.txt,31631249a23390de033f877aa184a87e0ca340416bddee72bd435b5f1a5d75ac,.jpg,68790,640,480,1
engaged_2194.jpg,S01_engaged_0155.jpg,S01,0,engaged,train,D:\varell\college\tugas\semester 7\projek skripsi1\skripsi_yolov13_engagement\datasets\master_combined_dataset\images\train\engaged_2194.jpg,D:\varell\college\tugas\semester 7\projek skripsi1\skripsi_yolov13_engagement\datasets\master_combined_dataset\labels\train\engaged_2194.txt,f6ff7c732d0386ea121b883752851a63c83e2559d701865b2de161b44e5be88b,.jpg,68923,640,480,1
engaged_2198.jpg,S01_engaged_0156.jpg,S01,0,engaged,test,D:\varell\college\tugas\semester 7\projek skripsi1\skripsi_yolov13_engagement\datasets\master_combined_dataset\images\test\engaged_2198.jpg,D:\varell\college\tugas\semester 7\projek skripsi1\skripsi_yolov13_engagement\datasets\master_combined_dataset\labels\test\engaged_2198.txt,a0db061c961f7f9e56f419148fdbc1131fe96a7bb56a0a56c716345b175f1a84,.jpg,69075,640,480,1
engaged_2199.jpg,S01_engaged_0157.jpg,S01,0,engaged,train,D:\varell\college\tugas\semester 7\projek skripsi1\skripsi_yolov13_engagement\datasets\master_combined_dataset\images\train\engaged_2199.jpg,D:\varell\college\tugas\semester 7\projek skripsi1\skripsi_yolov13_engagement\datasets\master_combined_dataset\labels\train\engaged_2199.txt,ca4fec83493b940af1384cefaf4d36eb0c9e0d48f133f931f8d7f33056d74267,.jpg,69074,640,480,1
engaged_2200.jpg,S01_engaged_0158.jpg,S01,0,engaged,train,D:\varell\college\tugas\semester 7\projek skripsi1\skripsi_yolov13_engagement\datasets\master_combined_dataset\images\train\engaged_2200.jpg,D:\varell\college\tugas\semester 7\projek skripsi1\skripsi_yolov13_engagement\datasets\master_combined_dataset\labels\train\engaged_2200.txt,cad88219c65ce18cb8baac1dde5838bce18828d309a32dfce516f5a5003abd3c,.jpg,68875,640,480,1
engaged_2201.jpg,S01_engaged_0159.jpg,S01,0,engaged,train,D:\varell\college\tugas\semester 7\projek skripsi1\skripsi_yolov13_engagement\datasets\master_combined_dataset\images\train\engaged_2201.jpg,D:\varell\college\tugas\semester 7\projek skripsi1\skripsi_yolov13_engagement\datasets\master_combined_dataset\labels\train\engaged_2201.txt,cad88219c65ce18cb8baac1dde5838bce18828d309a32dfce516f5a5003abd3c,.jpg,68875,640,480,1
engaged_2202.jpg,S01_engaged_0160.jpg,S01,0,engaged,train,D:\varell\college\tugas\semester 7\projek skripsi1\skripsi_yolov13_engagement\datasets\master_combined_dataset\images\train\engaged_2202.jpg,D:\varell\college\tugas\semester 7\projek skripsi1\skripsi_yolov13_engagement\datasets\master_combined_dataset\labels\train\engaged_2202.txt,f65359fba51a8440a590d81b5f4bd5a7d9b03eef88af28f1091a63fadf97ed70,.jpg,68990,640,480,1
engaged_2203.jpg,S01_engaged_0161.jpg,S01,0,engaged,test,D:\varell\college\tugas\semester 7\projek skripsi1\skripsi_yolov13_engagement\datasets\master_combined_dataset\images\test\engaged_2203.jpg,D:\varell\college\tugas\semester 7\projek skripsi1\skripsi_yolov13_engagement\datasets\master_combined_dataset\labels\test\engaged_2203.txt,aaf971952bc7079898ae287fd6de6431167c252480a013b3b0543c17a382b3e4,.jpg,68768,640,480,1
engaged_2204.jpg,S01_engaged_0162.jpg,S01,0,engaged,train,D:\varell\college\tugas\semester 7\projek skripsi1\skripsi_yolov13_engagement\datasets\master_combined_dataset\images\train\engaged_2204.jpg,D:\varell\college\tugas\semester 7\projek skripsi1\skripsi_yolov13_engagement\datasets\master_combined_dataset\labels\train\engaged_2204.txt,aaf971952bc7079898ae287fd6de6431167c252480a013b3b0543c17a382b3e4,.jpg,68768,640,480,1
engaged_2210.jpg,S01_engaged_0163.jpg,S01,0,engaged,train,D:\varell\college\tugas\semester 7\projek skripsi1\skripsi_yolov13_engagement\datasets\master_combined_dataset\images\train\engaged_2210.jpg,D:\varell\college\tugas\semester 7\projek skripsi1\skripsi_yolov13_engagement\datasets\master_combined_dataset\labels\train\engaged_2210.txt,9bce250a5a034227d8840d9419aaf67f41fc0b0ede6e0c349c96b27db46f1730,.jpg,69102,640,480,1
engaged_2211.jpg,S01_engaged_0164.jpg,S01,0,engaged,train,D:\varell\college\tugas\semester 7\projek skripsi1\skripsi_yolov13_engagement\datasets\master_combined_dataset\images\train\engaged_2211.jpg,D:\varell\college\tugas\semester 7\projek skripsi1\skripsi_yolov13_engagement\datasets\master_combined_dataset\labels\train\engaged_2211.txt,33e2aeb5321c08af9ec9e095e64021685346aee5909ea4039ea532fa543a2fa3,.jpg,68945,640,480,1
engaged_2212.jpg,S01_engaged_0165.jpg,S01,0,engaged,train,D:\varell\college\tugas\semester 7\projek skripsi1\skripsi_yolov13_engagement\datasets\master_combined_dataset\images\train\engaged_2212.jpg,D:\varell\college\tugas\semester 7\projek skripsi1\skripsi_yolov13_engagement\datasets\master_combined_dataset\labels\train\engaged_2212.txt,84a549c2acf9c07c3b432821c0221d2b1c56a4ffe9cf425974443ea22d4f6d19,.jpg,69041,640,480,1
engaged_2213.jpg,S01_engaged_0166.jpg,S01,0,engaged,val,D:\varell\college\tugas\semester 7\projek skripsi1\skripsi_yolov13_engagement\datasets\master_combined_dataset\images\val\engaged_2213.jpg,D:\varell\college\tugas\semester 7\projek skripsi1\skripsi_yolov13_engagement\datasets\master_combined_dataset\labels\val\engaged_2213.txt,84a549c2acf9c07c3b432821c0221d2b1c56a4ffe9cf425974443ea22d4f6d19,.jpg,69041,640,480,1
engaged_2214.jpg,S01_engaged_0167.jpg,S01,0,engaged,test,D:\varell\college\tugas\semester 7\projek skripsi1\skripsi_yolov13_engagement\datasets\master_combined_dataset\images\test\engaged_2214.jpg,D:\varell\college\tugas\semester 7\projek skripsi1\skripsi_yolov13_engagement\datasets\master_combined_dataset\labels\test\engaged_2214.txt,9e9a766279667e878f513a9fabaadf3d0b47e181b6db1c91c02a1889bbe3de36,.jpg,68999,640,480,1
engaged_2215.jpg,S01_engaged_0168.jpg,S01,0,engaged,train,D:\varell\college\tugas\semester 7\projek skripsi1\skripsi_yolov13_engagement\datasets\master_combined_dataset\images\train\engaged_2215.jpg,D:\varell\college\tugas\semester 7\projek skripsi1\skripsi_yolov13_engagement\datasets\master_combined_dataset\labels\train\engaged_2215.txt,64904d9be71885dd92d89e4a846707fc5c3fec0e39f3f2fa2596c69138319a92,.jpg,69027,640,480,1
engaged_2216.jpg,S01_engaged_0169.jpg,S01,0,engaged,test,D:\varell\college\tugas\semester 7\projek skripsi1\skripsi_yolov13_engagement\datasets\master_combined_dataset\images\test\engaged_2216.jpg,D:\varell\college\tugas\semester 7\projek skripsi1\skripsi_yolov13_engagement\datasets\master_combined_dataset\labels\test\engaged_2216.txt,64904d9be71885dd92d89e4a846707fc5c3fec0e39f3f2fa2596c69138319a92,.jpg,69027,640,480,1
engaged_3416.jpg,S01_engaged_0170.jpg,S01,0,engaged,train,D:\varell\college\tugas\semester 7\projek skripsi1\skripsi_yolov13_engagement\datasets\master_combined_dataset\images\train\engaged_3416.jpg,D:\varell\college\tugas\semester 7\projek skripsi1\skripsi_yolov13_engagement\datasets\master_combined_dataset\labels\train\engaged_3416.txt,e2f690f30f445a72f32029e36a0ee1277d73a7cb0b6ffbd016d52f0259750b16,.jpg,66477,640,480,1
engaged_3441.jpg,S01_engaged_0171.jpg,S01,0,engaged,test,D:\varell\college\tugas\semester 7\projek skripsi1\skripsi_yolov13_engagement\datasets\master_combined_dataset\images\test\engaged_3441.jpg,D:\varell\college\tugas\semester 7\projek skripsi1\skripsi_yolov13_engagement\datasets\master_combined_dataset\labels\test\engaged_3441.txt,9ac57ef031680e41eb5afe37daf1ba2971b377829ff8b34fc215cb61ee093e0e,.jpg,66417,640,480,1
engaged_362.jpg,S01_engaged_0172.jpg,S01,0,engaged,train,D:\varell\college\tugas\semester 7\projek skripsi1\skripsi_yolov13_engagement\datasets\master_combined_dataset\images\train\engaged_362.jpg,D:\varell\college\tugas\semester 7\projek skripsi1\skripsi_yolov13_engagement\datasets\master_combined_dataset\labels\train\engaged_362.txt,d58225be8d8834e47f5090854bbf18136d6e49d717a4d2fccbbec341a2462d9e,.jpg,72127,640,480,1
engaged_493.jpg,S01_engaged_0173.jpg,S01,0,engaged,train,D:\varell\college\tugas\semester 7\projek skripsi1\skripsi_yolov13_engagement\datasets\master_combined_dataset\images\train\engaged_493.jpg,D:\varell\college\tugas\semester 7\projek skripsi1\skripsi_yolov13_engagement\datasets\master_combined_dataset\labels\train\engaged_493.txt,ebc0051efd2e0527ccb9070ab1cb41513f3ab698a0c4fe8952e8634eabf015e4,.jpg,69791,640,480,1
engaged_497.jpg,S01_engaged_0174.jpg,S01,0,engaged,train,D:\varell\college\tugas\semester 7\projek skripsi1\skripsi_yolov13_engagement\datasets\master_combined_dataset\images\train\engaged_497.jpg,D:\varell\college\tugas\semester 7\projek skripsi1\skripsi_yolov13_engagement\datasets\master_combined_dataset\labels\train\engaged_497.txt,ce8d62d8243dba1484145b510b9445f90dca883b2391bc7e8092a6bbae5e612b,.jpg,69906,640,480,1
engaged_533.jpg,S01_engaged_0175.jpg,S01,0,engaged,train,D:\varell\college\tugas\semester 7\projek skripsi1\skripsi_yolov13_engagement\datasets\master_combined_dataset\images\train\engaged_533.jpg,D:\varell\college\tugas\semester 7\projek skripsi1\skripsi_yolov13_engagement\datasets\master_combined_dataset\labels\train\engaged_533.txt,25660655d2d213904b516583c860aad1b733f5fcd21ee5f5970037c602c04f88,.jpg,55331,640,480,1
engaged_539.jpg,S01_engaged_0176.jpg,S01,0,engaged,test,D:\varell\college\tugas\semester 7\projek skripsi1\skripsi_yolov13_engagement\datasets\master_combined_dataset\images\test\engaged_539.jpg,D:\varell\college\tugas\semester 7\projek skripsi1\skripsi_yolov13_engagement\datasets\master_combined_dataset\labels\test\engaged_539.txt,535532648f1a68c87659019de89b20a177633bd0eadcd5309203a5c35d6886a6,.jpg,70141,640,480,1
engaged_543.jpg,S01_engaged_0177.jpg,S01,0,engaged,train,D:\varell\college\tugas\semester 7\projek skripsi1\skripsi_yolov13_engagement\datasets\master_combined_dataset\images\train\engaged_543.jpg,D:\varell\college\tugas\semester 7\projek skripsi1\skripsi_yolov13_engagement\datasets\master_combined_dataset\labels\train\engaged_543.txt,444d4a22729525a4ab64cf7e05b345ef26e21d8aef4d6a7912b78312b72f25d3,.jpg,70250,640,480,1
engaged_585.jpg,S01_engaged_0178.jpg,S01,0,engaged,train,D:\varell\college\tugas\semester 7\projek skripsi1\skripsi_yolov13_engagement\datasets\master_combined_dataset\images\train\engaged_585.jpg,D:\varell\college\tugas\semester 7\projek skripsi1\skripsi_yolov13_engagement\datasets\master_combined_dataset\labels\train\engaged_585.txt,21402fb8da9c60e20b7483715db3a74e31dc37918f6b8c55d565c4e6dadf25f7,.jpg,70221,640,480,1
engaged_636.jpg,S01_engaged_0179.jpg,S01,0,engaged,train,D:\varell\college\tugas\semester 7\projek skripsi1\skripsi_yolov13_engagement\datasets\master_combined_dataset\images\train\engaged_636.jpg,D:\varell\college\tugas\semester 7\projek skripsi1\skripsi_yolov13_engagement\datasets\master_combined_dataset\labels\train\engaged_636.txt,a4626ff7146b3be9933a525382374918789f70c02b61715ed004544819f33c79,.jpg,56393,640,480,1
engaged_653.jpg,S01_engaged_0180.jpg,S01,0,engaged,train,D:\varell\college\tugas\semester 7\projek skripsi1\skripsi_yolov13_engagement\datasets\master_combined_dataset\images\train\engaged_653.jpg,D:\varell\college\tugas\semester 7\projek skripsi1\skripsi_yolov13_engagement\datasets\master_combined_dataset\labels\train\engaged_653.txt,f2436cd3319816d26378379804c19180e71adf36169aeee7d03656dc602a47a3,.jpg,66994,640,480,1
engaged_684.jpg,S01_engaged_0181.jpg,S01,0,engaged,train,D:\varell\college\tugas\semester 7\projek skripsi1\skripsi_yolov13_engagement\datasets\master_combined_dataset\images\train\engaged_684.jpg,D:\varell\college\tugas\semester 7\projek skripsi1\skripsi_yolov13_engagement\datasets\master_combined_dataset\labels\train\engaged_684.txt,140a39de07dcbea0618bb9b63c994c33cf40c4791da100ca2e035aa113027734,.jpg,55306,640,480,1
engaged_699.jpg,S01_engaged_0182.jpg,S01,0,engaged,train,D:\varell\college\tugas\semester 7\projek skripsi1\skripsi_yolov13_engagement\datasets\master_combined_dataset\images\train\engaged_699.jpg,D:\varell\college\tugas\semester 7\projek skripsi1\skripsi_yolov13_engagement\datasets\master_combined_dataset\labels\train\engaged_699.txt,8f1c8d86112227b34eb3255fc0eaa0a6de5246df8fa44bac48f9c76c5b3ccc6c,.jpg,67065,640,480,1
engaged_713.jpg,S01_engaged_0183.jpg,S01,0,engaged,train,D:\varell\college\tugas\semester 7\projek skripsi1\skripsi_yolov13_engagement\datasets\master_combined_dataset\images\train\engaged_713.jpg,D:\varell\college\tugas\semester 7\projek skripsi1\skripsi_yolov13_engagement\datasets\master_combined_dataset\labels\train\engaged_713.txt,93379489b42f21eb07b4028bb6a074043000ae85ea5a59ebcb8390253be1b904,.jpg,68300,640,480,1
engaged_752.jpg,S01_engaged_0184.jpg,S01,0,engaged,test,D:\varell\college\tugas\semester 7\projek skripsi1\skripsi_yolov13_engagement\datasets\master_combined_dataset\images\test\engaged_752.jpg,D:\varell\college\tugas\semester 7\projek skripsi1\skripsi_yolov13_engagement\datasets\master_combined_dataset\labels\test\engaged_752.txt,dc956b194c29b1ac291c5aefb9fab45b542fe5b1366a4e5eb9a6eba834e04cd3,.jpg,68285,640,480,1
engaged_817.jpg,S01_engaged_0185.jpg,S01,0,engaged,val,D:\varell\college\tugas\semester 7\projek skripsi1\skripsi_yolov13_engagement\datasets\master_combined_dataset\images\val\engaged_817.jpg,D:\varell\college\tugas\semester 7\projek skripsi1\skripsi_yolov13_engagement\datasets\master_combined_dataset\labels\val\engaged_817.txt,1ca10f5547889c66280875cb818c805b86dde0476d926c18fa3f796b14fc5c4f,.jpg,68433,640,480,1
engaged_850.jpg,S01_engaged_0186.jpg,S01,0,engaged,train,D:\varell\college\tugas\semester 7\projek skripsi1\skripsi_yolov13_engagement\datasets\master_combined_dataset\images\train\engaged_850.jpg,D:\varell\college\tugas\semester 7\projek skripsi1\skripsi_yolov13_engagement\datasets\master_combined_dataset\labels\train\engaged_850.txt,a6fb6a7d28b50cd9af62b992d4bb37881dbb0028c2772dbcd2d2146c38d4bffc,.jpg,68282,640,480,1
engaged_911.jpg,S01_engaged_0187.jpg,S01,0,engaged,train,D:\varell\college\tugas\semester 7\projek skripsi1\skripsi_yolov13_engagement\datasets\master_combined_dataset\images\train\engaged_911.jpg,D:\varell\college\tugas\semester 7\projek skripsi1\skripsi_yolov13_engagement\datasets\master_combined_dataset\labels\train\engaged_911.txt,fc3ee3a551694e3de011dbab0a05cd59d64547a11593a52f4a43857f401d4327,.jpg,68769,640,480,1
engaged_970.jpg,S01_engaged_0188.jpg,S01,0,engaged,train,D:\varell\college\tugas\semester 7\projek skripsi1\skripsi_yolov13_engagement\datasets\master_combined_dataset\images\train\engaged_970.jpg,D:\varell\college\tugas\semester 7\projek skripsi1\skripsi_yolov13_engagement\datasets\master_combined_dataset\labels\train\engaged_970.txt,8ef2479373d11e718fee2ec52f358de27399bef8da3bb51963a2345ae7db26f1,.jpg,67374,640,480,1
frustrated_124.jpg,S01_frustrated_0001.jpg,S01,3,frustrated,train,D:\varell\college\tugas\semester 7\projek skripsi1\skripsi_yolov13_engagement\datasets\master_combined_dataset\images\train\frustrated_124.jpg,D:\varell\college\tugas\semester 7\projek skripsi1\skripsi_yolov13_engagement\datasets\master_combined_dataset\labels\train\frustrated_124.txt,212613408e8d54f6f3350d9193095b69d30e3abd147cb87216237e51fa53f9f4,.jpg,64669,640,480,1
frustrated_1361.jpg,S01_frustrated_0002.jpg,S01,3,frustrated,val,D:\varell\college\tugas\semester 7\projek skripsi1\skripsi_yolov13_engagement\datasets\master_combined_dataset\images\val\frustrated_1361.jpg,D:\varell\college\tugas\semester 7\projek skripsi1\skripsi_yolov13_engagement\datasets\master_combined_dataset\labels\val\frustrated_1361.txt,669562609eb97d0ea18bd83902820ec0aee5630b9e3bd6f7170148befd488628,.jpg,63699,640,480,1
frustrated_14527.jpg,S01_frustrated_0003.jpg,S01,3,frustrated,train,D:\varell\college\tugas\semester 7\projek skripsi1\skripsi_yolov13_engagement\datasets\master_combined_dataset\images\train\frustrated_14527.jpg,D:\varell\college\tugas\semester 7\projek skripsi1\skripsi_yolov13_engagement\datasets\master_combined_dataset\labels\train\frustrated_14527.txt,490d3f1d52796ae3f84a1989a2b9fab99f027de13c6b10244e660fc9a955c2bd,.jpg,68338,640,480,1
frustrated_14531.jpg,S01_frustrated_0004.jpg,S01,3,frustrated,train,D:\varell\college\tugas\semester 7\projek skripsi1\skripsi_yolov13_engagement\datasets\master_combined_dataset\images\train\frustrated_14531.jpg,D:\varell\college\tugas\semester 7\projek skripsi1\skripsi_yolov13_engagement\datasets\master_combined_dataset\labels\train\frustrated_14531.txt,7455e6647acdee13aeba4c10cff1b58e7f0c012f43fcfd7f8ac735dcb89527f3,.jpg,68277,640,480,1
frustrated_14536.jpg,S01_frustrated_0005.jpg,S01,3,frustrated,test,D:\varell\college\tugas\semester 7\projek skripsi1\skripsi_yolov13_engagement\datasets\master_combined_dataset\images\test\frustrated_14536.jpg,D:\varell\college\tugas\semester 7\projek skripsi1\skripsi_yolov13_engagement\datasets\master_combined_dataset\labels\test\frustrated_14536.txt,57c26c09c173074ce1d466b3f688be50836915df87482b5992748ec330e31801,.jpg,68016,640,480,1
frustrated_14541.jpg,S01_frustrated_0006.jpg,S01,3,frustrated,train,D:\varell\college\tugas\semester 7\projek skripsi1\skripsi_yolov13_engagement\datasets\master_combined_dataset\images\train\frustrated_14541.jpg,D:\varell\college\tugas\semester 7\projek skripsi1\skripsi_yolov13_engagement\datasets\master_combined_dataset\labels\train\frustrated_14541.txt,a1c91ffbb4059a92ae85058ac55ab8dec054b369d8165dc1106c74971139fb5f,.jpg,67782,640,480,1
frustrated_14545.jpg,S01_frustrated_0007.jpg,S01,3,frustrated,train,D:\varell\college\tugas\semester 7\projek skripsi1\skripsi_yolov13_engagement\datasets\master_combined_dataset\images\train\frustrated_14545.jpg,D:\varell\college\tugas\semester 7\projek skripsi1\skripsi_yolov13_engagement\datasets\master_combined_dataset\labels\train\frustrated_14545.txt,bcd7eb3a6696fb2a705166b89b25b88577bdf13e32a1b84919ecf4ec48615b83,.jpg,67590,640,480,1
frustrated_269.jpg,S01_frustrated_0008.jpg,S01,3,frustrated,train,D:\varell\college\tugas\semester 7\projek skripsi1\skripsi_yolov13_engagement\datasets\master_combined_dataset\images\train\frustrated_269.jpg,D:\varell\college\tugas\semester 7\projek skripsi1\skripsi_yolov13_engagement\datasets\master_combined_dataset\labels\train\frustrated_269.txt,3f077957eb80976f826ac2912cd2a84e8ccb54f1b4d8aeee6a9d69a0c20a4a18,.jpg,64478,640,480,1
frustrated_483.jpg,S01_frustrated_0009.jpg,S01,3,frustrated,train,D:\varell\college\tugas\semester 7\projek skripsi1\skripsi_yolov13_engagement\datasets\master_combined_dataset\images\train\frustrated_483.jpg,D:\varell\college\tugas\semester 7\projek skripsi1\skripsi_yolov13_engagement\datasets\master_combined_dataset\labels\train\frustrated_483.txt,e888e20be71b628fafb8693fabaaf5622212100650d673d323e3b904bece329b,.jpg,65460,640,480,1
frustrated_578.jpg,S01_frustrated_0010.jpg,S01,3,frustrated,train,D:\varell\college\tugas\semester 7\projek skripsi1\skripsi_yolov13_engagement\datasets\master_combined_dataset\images\train\frustrated_578.jpg,D:\varell\college\tugas\semester 7\projek skripsi1\skripsi_yolov13_engagement\datasets\master_combined_dataset\labels\train\frustrated_578.txt,b716b4aeb9fed2977a1cc351ee0cc2c69f635ab342c5c52af135ac7ea3f72262,.jpg,65586,640,480,1
frustrated_8024.jpg,S01_frustrated_0011.jpg,S01,3,frustrated,test,D:\varell\college\tugas\semester 7\projek skripsi1\skripsi_yolov13_engagement\datasets\master_combined_dataset\images\test\frustrated_8024.jpg,D:\varell\college\tugas\semester 7\projek skripsi1\skripsi_yolov13_engagement\datasets\master_combined_dataset\labels\test\frustrated_8024.txt,737a0a3520f46ee406603a4a05c48052f6f614518d95c820ba6367d630b144ef,.jpg,68882,640,480,1
frustrated_8029.jpg,S01_frustrated_0012.jpg,S01,3,frustrated,test,D:\varell\college\tugas\semester 7\projek skripsi1\skripsi_yolov13_engagement\datasets\master_combined_dataset\images\test\frustrated_8029.jpg,D:\varell\college\tugas\semester 7\projek skripsi1\skripsi_yolov13_engagement\datasets\master_combined_dataset\labels\test\frustrated_8029.txt,d289962c57f8d0eb7a31fde456f8b28b1232143425a92b8bd5081cf51430bd04,.jpg,69048,640,480,1
frustrated_8033.jpg,S01_frustrated_0013.jpg,S01,3,frustrated,train,D:\varell\college\tugas\semester 7\projek skripsi1\skripsi_yolov13_engagement\datasets\master_combined_dataset\images\train\frustrated_8033.jpg,D:\varell\college\tugas\semester 7\projek skripsi1\skripsi_yolov13_engagement\datasets\master_combined_dataset\labels\train\frustrated_8033.txt,e5b62e7d71ccf3212f4ac977bfe355247c52ded7eb9434da44e4863eacb26372,.jpg,68987,640,480,1
frustrated_8036.jpg,S01_frustrated_0014.jpg,S01,3,frustrated,train,D:\varell\college\tugas\semester 7\projek skripsi1\skripsi_yolov13_engagement\datasets\master_combined_dataset\images\train\frustrated_8036.jpg,D:\varell\college\tugas\semester 7\projek skripsi1\skripsi_yolov13_engagement\datasets\master_combined_dataset\labels\train\frustrated_8036.txt,f96669f86b2540cc19cf643f71288956ad0964e969b84f4662e3929c175ff1ec,.jpg,69021,640,480,1
frustrated_8449.jpg,S01_frustrated_0015.jpg,S01,3,frustrated,train,D:\varell\college\tugas\semester 7\projek skripsi1\skripsi_yolov13_engagement\datasets\master_combined_dataset\images\train\frustrated_8449.jpg,D:\varell\college\tugas\semester 7\projek skripsi1\skripsi_yolov13_engagement\datasets\master_combined_dataset\labels\train\frustrated_8449.txt,5cf8ffebf939c93ecf3a05dd5d9b464b5ac571a905dfe5a8b4d6cb63f3df5901,.jpg,69187,640,480,1
frustrated_8456.jpg,S01_frustrated_0016.jpg,S01,3,frustrated,train,D:\varell\college\tugas\semester 7\projek skripsi1\skripsi_yolov13_engagement\datasets\master_combined_dataset\images\train\frustrated_8456.jpg,D:\varell\college\tugas\semester 7\projek skripsi1\skripsi_yolov13_engagement\datasets\master_combined_dataset\labels\train\frustrated_8456.txt,9e4818b83ae6a743811c25fc1a07584f469fc3190fed84d99e943a676927b9f1,.jpg,69507,640,480,1
frustrated_8462.jpg,S01_frustrated_0017.jpg,S01,3,frustrated,train,D:\varell\college\tugas\semester 7\projek skripsi1\skripsi_yolov13_engagement\datasets\master_combined_dataset\images\train\frustrated_8462.jpg,D:\varell\college\tugas\semester 7\projek skripsi1\skripsi_yolov13_engagement\datasets\master_combined_dataset\labels\train\frustrated_8462.txt,8577d816021dacfec346897ba71645d8b3e5d2d865ddb464d4f4cf79ba4cde38,.jpg,69375,640,480,1
frustrated_8472.jpg,S01_frustrated_0018.jpg,S01,3,frustrated,train,D:\varell\college\tugas\semester 7\projek skripsi1\skripsi_yolov13_engagement\datasets\master_combined_dataset\images\train\frustrated_8472.jpg,D:\varell\college\tugas\semester 7\projek skripsi1\skripsi_yolov13_engagement\datasets\master_combined_dataset\labels\train\frustrated_8472.txt,621a20c93e30e1e71777a3ed39e10832e330e64eef825222b388525d0b9bc4ad,.jpg,70273,640,480,1
frustrated_8643.jpg,S01_frustrated_0019.jpg,S01,3,frustrated,train,D:\varell\college\tugas\semester 7\projek skripsi1\skripsi_yolov13_engagement\datasets\master_combined_dataset\images\train\frustrated_8643.jpg,D:\varell\college\tugas\semester 7\projek skripsi1\skripsi_yolov13_engagement\datasets\master_combined_dataset\labels\train\frustrated_8643.txt,ce331f238be5b81289f518c9689cf8caa7d5d27ba9181a09a11ed90c393fbae6,.jpg,69588,640,480,1
frustrated_8648.jpg,S01_frustrated_0020.jpg,S01,3,frustrated,train,D:\varell\college\tugas\semester 7\projek skripsi1\skripsi_yolov13_engagement\datasets\master_combined_dataset\images\train\frustrated_8648.jpg,D:\varell\college\tugas\semester 7\projek skripsi1\skripsi_yolov13_engagement\datasets\master_combined_dataset\labels\train\frustrated_8648.txt,691b7a0fb95a33424c9f793839787fdcea167747205edab41990716f43c521b9,.jpg,69463,640,480,1
frustrated_8653.jpg,S01_frustrated_0021.jpg,S01,3,frustrated,train,D:\varell\college\tugas\semester 7\projek skripsi1\skripsi_yolov13_engagement\datasets\master_combined_dataset\images\train\frustrated_8653.jpg,D:\varell\college\tugas\semester 7\projek skripsi1\skripsi_yolov13_engagement\datasets\master_combined_dataset\labels\train\frustrated_8653.txt,2d288cd371bf8e02cae28ea3a1a2206002933f7d38a9f1f72d92ff43661881bc,.jpg,69423,640,480,1
frustrated_8658.jpg,S01_frustrated_0022.jpg,S01,3,frustrated,train,D:\varell\college\tugas\semester 7\projek skripsi1\skripsi_yolov13_engagement\datasets\master_combined_dataset\images\train\frustrated_8658.jpg,D:\varell\college\tugas\semester 7\projek skripsi1\skripsi_yolov13_engagement\datasets\master_combined_dataset\labels\train\frustrated_8658.txt,857bd31d3db351e34f500e693d9fcae644544cdedde239e883fecef3ba122fab,.jpg,69656,640,480,1
frustrated_8667.jpg,S01_frustrated_0023.jpg,S01,3,frustrated,train,D:\varell\college\tugas\semester 7\projek skripsi1\skripsi_yolov13_engagement\datasets\master_combined_dataset\images\train\frustrated_8667.jpg,D:\varell\college\tugas\semester 7\projek skripsi1\skripsi_yolov13_engagement\datasets\master_combined_dataset\labels\train\frustrated_8667.txt,454e1cb115caa064366be8da3b635e7c5089d0941de781d3a6bc2953848f8276,.jpg,70054,640,480,1
frustrated_8672.jpg,S01_frustrated_0024.jpg,S01,3,frustrated,train,D:\varell\college\tugas\semester 7\projek skripsi1\skripsi_yolov13_engagement\datasets\master_combined_dataset\images\train\frustrated_8672.jpg,D:\varell\college\tugas\semester 7\projek skripsi1\skripsi_yolov13_engagement\datasets\master_combined_dataset\labels\train\frustrated_8672.txt,89c0099bfcec1e3d9f21644e0ad82eb7f280d019e112f7b2646487c34e083627,.jpg,70266,640,480,1
frustrated_8677.jpg,S01_frustrated_0025.jpg,S01,3,frustrated,train,D:\varell\college\tugas\semester 7\projek skripsi1\skripsi_yolov13_engagement\datasets\master_combined_dataset\images\train\frustrated_8677.jpg,D:\varell\college\tugas\semester 7\projek skripsi1\skripsi_yolov13_engagement\datasets\master_combined_dataset\labels\train\frustrated_8677.txt,b6cbe406343e866910aaceda2405b38c2e293acc1de97bfb1f8db2bc8e7c8e6b,.jpg,70197,640,480,1
frustrated_8681.jpg,S01_frustrated_0026.jpg,S01,3,frustrated,train,D:\varell\college\tugas\semester 7\projek skripsi1\skripsi_yolov13_engagement\datasets\master_combined_dataset\images\train\frustrated_8681.jpg,D:\varell\college\tugas\semester 7\projek skripsi1\skripsi_yolov13_engagement\datasets\master_combined_dataset\labels\train\frustrated_8681.txt,ca58e245ba25aa59aa748edd70c7da96e328c6c59dd856696b7e15c27cabe226,.jpg,70148,640,480,1
frustrated_8685.jpg,S01_frustrated_0027.jpg,S01,3,frustrated,train,D:\varell\college\tugas\semester 7\projek skripsi1\skripsi_yolov13_engagement\datasets\master_combined_dataset\images\train\frustrated_8685.jpg,D:\varell\college\tugas\semester 7\projek skripsi1\skripsi_yolov13_engagement\datasets\master_combined_dataset\labels\train\frustrated_8685.txt,ce3ef29907c188a97d805eb4b64e6ed368fdde69c1e1f6983e91089b0e12debf,.jpg,70184,640,480,1
frustrated_8690.jpg,S01_frustrated_0028.jpg,S01,3,frustrated,train,D:\varell\college\tugas\semester 7\projek skripsi1\skripsi_yolov13_engagement\datasets\master_combined_dataset\images\train\frustrated_8690.jpg,D:\varell\college\tugas\semester 7\projek skripsi1\skripsi_yolov13_engagement\datasets\master_combined_dataset\labels\train\frustrated_8690.txt,727a3390a725f9f65a2a7805e1ee6afdbd6e2de9de65ea08b8a945e1cb31ec5f,.jpg,69530,640,480,1
frustrated_8761.jpg,S01_frustrated_0029.jpg,S01,3,frustrated,train,D:\varell\college\tugas\semester 7\projek skripsi1\skripsi_yolov13_engagement\datasets\master_combined_dataset\images\train\frustrated_8761.jpg,D:\varell\college\tugas\semester 7\projek skripsi1\skripsi_yolov13_engagement\datasets\master_combined_dataset\labels\train\frustrated_8761.txt,ed83475408d40fa0bbf043698800392b5d9a5622fa5d2f0ba2df59a2fa9a6679,.jpg,69594,640,480,1
frustrated_8766.jpg,S01_frustrated_0030.jpg,S01,3,frustrated,train,D:\varell\college\tugas\semester 7\projek skripsi1\skripsi_yolov13_engagement\datasets\master_combined_dataset\images\train\frustrated_8766.jpg,D:\varell\college\tugas\semester 7\projek skripsi1\skripsi_yolov13_engagement\datasets\master_combined_dataset\labels\train\frustrated_8766.txt,63f2804e1b9ff8685042b4ec9e755c598894488df18cecbcbf96bcf1aadfdcd1,.jpg,69843,640,480,1
frustrated_8781.jpg,S01_frustrated_0031.jpg,S01,3,frustrated,train,D:\varell\college\tugas\semester 7\projek skripsi1\skripsi_yolov13_engagement\datasets\master_combined_dataset\images\train\frustrated_8781.jpg,D:\varell\college\tugas\semester 7\projek skripsi1\skripsi_yolov13_engagement\datasets\master_combined_dataset\labels\train\frustrated_8781.txt,db1c0b8156a18582f0a00e75378b8440ab93ad5456467cce86502bcff7cdd235,.jpg,69954,640,480,1
frustrated_8786.jpg,S01_frustrated_0032.jpg,S01,3,frustrated,train,D:\varell\college\tugas\semester 7\projek skripsi1\skripsi_yolov13_engagement\datasets\master_combined_dataset\images\train\frustrated_8786.jpg,D:\varell\college\tugas\semester 7\projek skripsi1\skripsi_yolov13_engagement\datasets\master_combined_dataset\labels\train\frustrated_8786.txt,7f3193a262e8cd3f05f3ee111985bfe3b9ea6782580ede5d565d19e16f9a85d7,.jpg,69867,640,480,1
frustrated_8926.jpg,S01_frustrated_0033.jpg,S01,3,frustrated,val,D:\varell\college\tugas\semester 7\projek skripsi1\skripsi_yolov13_engagement\datasets\master_combined_dataset\images\val\frustrated_8926.jpg,D:\varell\college\tugas\semester 7\projek skripsi1\skripsi_yolov13_engagement\datasets\master_combined_dataset\labels\val\frustrated_8926.txt,b516f982768e7cd434f55caeb1a46a327add09d8a85ca5d19818b53fc0093b9d,.jpg,68846,640,480,1
frustrated_8932.jpg,S01_frustrated_0034.jpg,S01,3,frustrated,val,D:\varell\college\tugas\semester 7\projek skripsi1\skripsi_yolov13_engagement\datasets\master_combined_dataset\images\val\frustrated_8932.jpg,D:\varell\college\tugas\semester 7\projek skripsi1\skripsi_yolov13_engagement\datasets\master_combined_dataset\labels\val\frustrated_8932.txt,9386478a89a5f81777d971445ff93253bb1ac170fd1ed3a1495fe7dc473c009b,.jpg,68711,640,480,1
frustrated_8936.jpg,S01_frustrated_0035.jpg,S01,3,frustrated,train,D:\varell\college\tugas\semester 7\projek skripsi1\skripsi_yolov13_engagement\datasets\master_combined_dataset\images\train\frustrated_8936.jpg,D:\varell\college\tugas\semester 7\projek skripsi1\skripsi_yolov13_engagement\datasets\master_combined_dataset\labels\train\frustrated_8936.txt,602700d3e5b523db6da29e963787dfb077e0f986a5827b4785b13c46da810170,.jpg,68260,640,480,1
frustrated_8942.jpg,S01_frustrated_0036.jpg,S01,3,frustrated,test,D:\varell\college\tugas\semester 7\projek skripsi1\skripsi_yolov13_engagement\datasets\master_combined_dataset\images\test\frustrated_8942.jpg,D:\varell\college\tugas\semester 7\projek skripsi1\skripsi_yolov13_engagement\datasets\master_combined_dataset\labels\test\frustrated_8942.txt,1496fd9fdfaa5596682e954c14d1167401b39a6610f72e0efcf9fc95f1804c18,.jpg,68282,640,480,1
frustrated_8946.jpg,S01_frustrated_0037.jpg,S01,3,frustrated,train,D:\varell\college\tugas\semester 7\projek skripsi1\skripsi_yolov13_engagement\datasets\master_combined_dataset\images\train\frustrated_8946.jpg,D:\varell\college\tugas\semester 7\projek skripsi1\skripsi_yolov13_engagement\datasets\master_combined_dataset\labels\train\frustrated_8946.txt,3366f2bae35beb562bb22007a204ded0214ebb62fd792188d503a91136771e8f,.jpg,68471,640,480,1
frustrated_9014.jpg,S01_frustrated_0038.jpg,S01,3,frustrated,train,D:\varell\college\tugas\semester 7\projek skripsi1\skripsi_yolov13_engagement\datasets\master_combined_dataset\images\train\frustrated_9014.jpg,D:\varell\college\tugas\semester 7\projek skripsi1\skripsi_yolov13_engagement\datasets\master_combined_dataset\labels\train\frustrated_9014.txt,2ae779eb566424a599404370ea6504ab705fa6855d0268f3aa4ed222c536336c,.jpg,69798,640,480,1
frustrated_9019.jpg,S01_frustrated_0039.jpg,S01,3,frustrated,train,D:\varell\college\tugas\semester 7\projek skripsi1\skripsi_yolov13_engagement\datasets\master_combined_dataset\images\train\frustrated_9019.jpg,D:\varell\college\tugas\semester 7\projek skripsi1\skripsi_yolov13_engagement\datasets\master_combined_dataset\labels\train\frustrated_9019.txt,55acbe15ce183ec8a56adfa9c5ff1ae6b849c58cd743c8313e888a06c266e594,.jpg,69641,640,480,1
frustrated_9024.jpg,S01_frustrated_0040.jpg,S01,3,frustrated,test,D:\varell\college\tugas\semester 7\projek skripsi1\skripsi_yolov13_engagement\datasets\master_combined_dataset\images\test\frustrated_9024.jpg,D:\varell\college\tugas\semester 7\projek skripsi1\skripsi_yolov13_engagement\datasets\master_combined_dataset\labels\test\frustrated_9024.txt,0b6a9fd8a74f569a6bd6395e833e82511dc93577ac2bbeee6be39d412ade34d0,.jpg,68858,640,480,1
frustrated_9029.jpg,S01_frustrated_0041.jpg,S01,3,frustrated,train,D:\varell\college\tugas\semester 7\projek skripsi1\skripsi_yolov13_engagement\datasets\master_combined_dataset\images\train\frustrated_9029.jpg,D:\varell\college\tugas\semester 7\projek skripsi1\skripsi_yolov13_engagement\datasets\master_combined_dataset\labels\train\frustrated_9029.txt,6a124709dc35c1ee91f6c5353e9542a6841c6f89adc5ae2db3a15737cb630b5c,.jpg,69060,640,480,1
frustrated_9033.jpg,S01_frustrated_0042.jpg,S01,3,frustrated,train,D:\varell\college\tugas\semester 7\projek skripsi1\skripsi_yolov13_engagement\datasets\master_combined_dataset\images\train\frustrated_9033.jpg,D:\varell\college\tugas\semester 7\projek skripsi1\skripsi_yolov13_engagement\datasets\master_combined_dataset\labels\train\frustrated_9033.txt,26dfec6cb17e775709017d59347d2d6e7d694562184b1e3fbce28463828441ed,.jpg,69477,640,480,1
frustrated_9115.jpg,S01_frustrated_0043.jpg,S01,3,frustrated,train,D:\varell\college\tugas\semester 7\projek skripsi1\skripsi_yolov13_engagement\datasets\master_combined_dataset\images\train\frustrated_9115.jpg,D:\varell\college\tugas\semester 7\projek skripsi1\skripsi_yolov13_engagement\datasets\master_combined_dataset\labels\train\frustrated_9115.txt,2a7852753ebd4cc9e429fd35a1d3f72626f919a608c789c2eaed35056477b4ff,.jpg,70340,640,480,1
frustrated_9121.jpg,S01_frustrated_0044.jpg,S01,3,frustrated,train,D:\varell\college\tugas\semester 7\projek skripsi1\skripsi_yolov13_engagement\datasets\master_combined_dataset\images\train\frustrated_9121.jpg,D:\varell\college\tugas\semester 7\projek skripsi1\skripsi_yolov13_engagement\datasets\master_combined_dataset\labels\train\frustrated_9121.txt,d9cc97bfe6d1827680079a3b734ad455d6461184d300d2c8583bd85d42470269,.jpg,70612,640,480,1
frustrated_9127.jpg,S01_frustrated_0045.jpg,S01,3,frustrated,train,D:\varell\college\tugas\semester 7\projek skripsi1\skripsi_yolov13_engagement\datasets\master_combined_dataset\images\train\frustrated_9127.jpg,D:\varell\college\tugas\semester 7\projek skripsi1\skripsi_yolov13_engagement\datasets\master_combined_dataset\labels\train\frustrated_9127.txt,5da385d5a640c077a25c75b58b6a077e458b9bea2fd127b50408f393ac72ee83,.jpg,70717,640,480,1
frustrated_9133.jpg,S01_frustrated_0046.jpg,S01,3,frustrated,val,D:\varell\college\tugas\semester 7\projek skripsi1\skripsi_yolov13_engagement\datasets\master_combined_dataset\images\val\frustrated_9133.jpg,D:\varell\college\tugas\semester 7\projek skripsi1\skripsi_yolov13_engagement\datasets\master_combined_dataset\labels\val\frustrated_9133.txt,5282b68b8d1dfb5f82726ce0b8775cfd36e39ba9e6151f8f94ef3fc4b2200d83,.jpg,70175,640,480,1
frustrated_9138.jpg,S01_frustrated_0047.jpg,S01,3,frustrated,train,D:\varell\college\tugas\semester 7\projek skripsi1\skripsi_yolov13_engagement\datasets\master_combined_dataset\images\train\frustrated_9138.jpg,D:\varell\college\tugas\semester 7\projek skripsi1\skripsi_yolov13_engagement\datasets\master_combined_dataset\labels\train\frustrated_9138.txt,b3037ff5eb62890292eb1847d1fdde95ceb68eb9d981aeec436766471691af41,.jpg,70271,640,480,1
frustrated_9145.jpg,S01_frustrated_0048.jpg,S01,3,frustrated,test,D:\varell\college\tugas\semester 7\projek skripsi1\skripsi_yolov13_engagement\datasets\master_combined_dataset\images\test\frustrated_9145.jpg,D:\varell\college\tugas\semester 7\projek skripsi1\skripsi_yolov13_engagement\datasets\master_combined_dataset\labels\test\frustrated_9145.txt,47fdb219c00fe4a21b6b88a8b8e958f4b9c9f7fc7db0cea43cdb5204bfe0c90b,.jpg,69986,640,480,1
frustrated_9363.jpg,S01_frustrated_0049.jpg,S01,3,frustrated,train,D:\varell\college\tugas\semester 7\projek skripsi1\skripsi_yolov13_engagement\datasets\master_combined_dataset\images\train\frustrated_9363.jpg,D:\varell\college\tugas\semester 7\projek skripsi1\skripsi_yolov13_engagement\datasets\master_combined_dataset\labels\train\frustrated_9363.txt,a792581b1ea12175983ab1db6eac5be38ac48ca2a3185bb5fa8e58a01d9a6d03,.jpg,70305,640,480,1
frustrated_9369.jpg,S01_frustrated_0050.jpg,S01,3,frustrated,train,D:\varell\college\tugas\semester 7\projek skripsi1\skripsi_yolov13_engagement\datasets\master_combined_dataset\images\train\frustrated_9369.jpg,D:\varell\college\tugas\semester 7\projek skripsi1\skripsi_yolov13_engagement\datasets\master_combined_dataset\labels\train\frustrated_9369.txt,a90338b5073167b69bd64af9e56f5ffb4c72d0d9c5dba08df8e64393471906c7,.jpg,70571,640,480,1
frustrated_9374.jpg,S01_frustrated_0051.jpg,S01,3,frustrated,train,D:\varell\college\tugas\semester 7\projek skripsi1\skripsi_yolov13_engagement\datasets\master_combined_dataset\images\train\frustrated_9374.jpg,D:\varell\college\tugas\semester 7\projek skripsi1\skripsi_yolov13_engagement\datasets\master_combined_dataset\labels\train\frustrated_9374.txt,3fab51c2ae37fd41ea726b99d5c2d6006828878b0fdfa83cfacf63d25703e13c,.jpg,70670,640,480,1
frustrated_9402.jpg,S01_frustrated_0052.jpg,S01,3,frustrated,train,D:\varell\college\tugas\semester 7\projek skripsi1\skripsi_yolov13_engagement\datasets\master_combined_dataset\images\train\frustrated_9402.jpg,D:\varell\college\tugas\semester 7\projek skripsi1\skripsi_yolov13_engagement\datasets\master_combined_dataset\labels\train\frustrated_9402.txt,8d902c893ec0623f91cb3e1a1223ce23fd8eb9154bb4f8a237a9b77cc9f38957,.jpg,70936,640,480,1
frustrated_9407.jpg,S01_frustrated_0053.jpg,S01,3,frustrated,train,D:\varell\college\tugas\semester 7\projek skripsi1\skripsi_yolov13_engagement\datasets\master_combined_dataset\images\train\frustrated_9407.jpg,D:\varell\college\tugas\semester 7\projek skripsi1\skripsi_yolov13_engagement\datasets\master_combined_dataset\labels\train\frustrated_9407.txt,166343c1f56aa2417de2a43afdbd66f4fd0de2626c77aeedabcc53f7f96d91db,.jpg,71090,640,480,1
frustrated_9411.jpg,S01_frustrated_0054.jpg,S01,3,frustrated,val,D:\varell\college\tugas\semester 7\projek skripsi1\skripsi_yolov13_engagement\datasets\master_combined_dataset\images\val\frustrated_9411.jpg,D:\varell\college\tugas\semester 7\projek skripsi1\skripsi_yolov13_engagement\datasets\master_combined_dataset\labels\val\frustrated_9411.txt,13b219fc988f25cd5388929095e4394b771e996e6e2c6f542a3159f7827cfae5,.jpg,70801,640,480,1
frustrated_9550.jpg,S01_frustrated_0055.jpg,S01,3,frustrated,train,D:\varell\college\tugas\semester 7\projek skripsi1\skripsi_yolov13_engagement\datasets\master_combined_dataset\images\train\frustrated_9550.jpg,D:\varell\college\tugas\semester 7\projek skripsi1\skripsi_yolov13_engagement\datasets\master_combined_dataset\labels\train\frustrated_9550.txt,fda725dad0b35985325c2159ce7ef31b8ce2f3a4ecbdc686a42ec3a7cfdbad5d,.jpg,69267,640,480,1
frustrated_9555.jpg,S01_frustrated_0056.jpg,S01,3,frustrated,train,D:\varell\college\tugas\semester 7\projek skripsi1\skripsi_yolov13_engagement\datasets\master_combined_dataset\images\train\frustrated_9555.jpg,D:\varell\college\tugas\semester 7\projek skripsi1\skripsi_yolov13_engagement\datasets\master_combined_dataset\labels\train\frustrated_9555.txt,e992e24149f32622347ac8c4cc1aef74355d1f66e280a3f7ed0518d46472a608,.jpg,68654,640,480,1
frustrated_9561.jpg,S01_frustrated_0057.jpg,S01,3,frustrated,train,D:\varell\college\tugas\semester 7\projek skripsi1\skripsi_yolov13_engagement\datasets\master_combined_dataset\images\train\frustrated_9561.jpg,D:\varell\college\tugas\semester 7\projek skripsi1\skripsi_yolov13_engagement\datasets\master_combined_dataset\labels\train\frustrated_9561.txt,a4791af2828f4f5a9f1bc8ba9a14ce7148a4436b544e35722f350737442c5942,.jpg,68975,640,480,1
frustrated_9565.jpg,S01_frustrated_0058.jpg,S01,3,frustrated,train,D:\varell\college\tugas\semester 7\projek skripsi1\skripsi_yolov13_engagement\datasets\master_combined_dataset\images\train\frustrated_9565.jpg,D:\varell\college\tugas\semester 7\projek skripsi1\skripsi_yolov13_engagement\datasets\master_combined_dataset\labels\train\frustrated_9565.txt,f6edf2f3bc62415d177488ad10ef28eaef58082447cc1bf1162b8d684612ba6d,.jpg,68990,640,480,1
frustrated_9570.jpg,S01_frustrated_0059.jpg,S01,3,frustrated,train,D:\varell\college\tugas\semester 7\projek skripsi1\skripsi_yolov13_engagement\datasets\master_combined_dataset\images\train\frustrated_9570.jpg,D:\varell\college\tugas\semester 7\projek skripsi1\skripsi_yolov13_engagement\datasets\master_combined_dataset\labels\train\frustrated_9570.txt,144bd818d6de39aed80804115272056a1ed8547d159b52d7380e5bfbc6cbe4d8,.jpg,69173,640,480,1
frustrated_9576.jpg,S01_frustrated_0060.jpg,S01,3,frustrated,test,D:\varell\college\tugas\semester 7\projek skripsi1\skripsi_yolov13_engagement\datasets\master_combined_dataset\images\test\frustrated_9576.jpg,D:\varell\college\tugas\semester 7\projek skripsi1\skripsi_yolov13_engagement\datasets\master_combined_dataset\labels\test\frustrated_9576.txt,ffe77b7c32825b0d288ea1e02fc620b846223f435d378ae03a8ef2740a5bffe5,.jpg,69391,640,480,1
frustrated_9580.jpg,S01_frustrated_0061.jpg,S01,3,frustrated,val,D:\varell\college\tugas\semester 7\projek skripsi1\skripsi_yolov13_engagement\datasets\master_combined_dataset\images\val\frustrated_9580.jpg,D:\varell\college\tugas\semester 7\projek skripsi1\skripsi_yolov13_engagement\datasets\master_combined_dataset\labels\val\frustrated_9580.txt,8611fa16730c2b3aeb11a347928ef4e80f59e51819faa47204b2f04efcf43c22,.jpg,69322,640,480,1
frustrated_9604.jpg,S01_frustrated_0062.jpg,S01,3,frustrated,test,D:\varell\college\tugas\semester 7\projek skripsi1\skripsi_yolov13_engagement\datasets\master_combined_dataset\images\test\frustrated_9604.jpg,D:\varell\college\tugas\semester 7\projek skripsi1\skripsi_yolov13_engagement\datasets\master_combined_dataset\labels\test\frustrated_9604.txt,756f260eceac209e6357c2ef1f925a4734f81f7983bbe5be31bdba818db5f1df,.jpg,66868,640,480,1
frustrated_9647.jpg,S01_frustrated_0063.jpg,S01,3,frustrated,val,D:\varell\college\tugas\semester 7\projek skripsi1\skripsi_yolov13_engagement\datasets\master_combined_dataset\images\val\frustrated_9647.jpg,D:\varell\college\tugas\semester 7\projek skripsi1\skripsi_yolov13_engagement\datasets\master_combined_dataset\labels\val\frustrated_9647.txt,1d37ad0247cb3c6cdbea286702670967f01bc475b159a5ae8cbf43e5b04791de,.jpg,71128,640,480,1
frustrated_9653.jpg,S01_frustrated_0064.jpg,S01,3,frustrated,test,D:\varell\college\tugas\semester 7\projek skripsi1\skripsi_yolov13_engagement\datasets\master_combined_dataset\images\test\frustrated_9653.jpg,D:\varell\college\tugas\semester 7\projek skripsi1\skripsi_yolov13_engagement\datasets\master_combined_dataset\labels\test\frustrated_9653.txt,54fd1f991430bd79054a235c1580ca803dd9dbc5461ba1c8eb32e8583183681b,.jpg,70797,640,480,1
frustrated_9657.jpg,S01_frustrated_0065.jpg,S01,3,frustrated,train,D:\varell\college\tugas\semester 7\projek skripsi1\skripsi_yolov13_engagement\datasets\master_combined_dataset\images\train\frustrated_9657.jpg,D:\varell\college\tugas\semester 7\projek skripsi1\skripsi_yolov13_engagement\datasets\master_combined_dataset\labels\train\frustrated_9657.txt,99f63a1e8fa225798538287b3ad813c0ff9fb8d644e543f62dd5ba21b54b5c31,.jpg,71296,640,480,1
frustrated_9664.jpg,S01_frustrated_0066.jpg,S01,3,frustrated,train,D:\varell\college\tugas\semester 7\projek skripsi1\skripsi_yolov13_engagement\datasets\master_combined_dataset\images\train\frustrated_9664.jpg,D:\varell\college\tugas\semester 7\projek skripsi1\skripsi_yolov13_engagement\datasets\master_combined_dataset\labels\train\frustrated_9664.txt,49f2e2acefa8f09db01ca6c9581359dc6bcf0e23db02c58d12149625d6a7d562,.jpg,70144,640,480,1
frustrated_9724.jpg,S01_frustrated_0067.jpg,S01,3,frustrated,train,D:\varell\college\tugas\semester 7\projek skripsi1\skripsi_yolov13_engagement\datasets\master_combined_dataset\images\train\frustrated_9724.jpg,D:\varell\college\tugas\semester 7\projek skripsi1\skripsi_yolov13_engagement\datasets\master_combined_dataset\labels\train\frustrated_9724.txt,100ee4819fcc018810b877c2759a18a31d4541224bf5a2c176d485f5f5fc86d6,.jpg,69452,640,480,1
frustrated_9729.jpg,S01_frustrated_0068.jpg,S01,3,frustrated,train,D:\varell\college\tugas\semester 7\projek skripsi1\skripsi_yolov13_engagement\datasets\master_combined_dataset\images\train\frustrated_9729.jpg,D:\varell\college\tugas\semester 7\projek skripsi1\skripsi_yolov13_engagement\datasets\master_combined_dataset\labels\train\frustrated_9729.txt,340e6f9a8f3782577d326c06a79edadc22f013e901694922d83b749f4ccb9ebc,.jpg,69510,640,480,1
frustrated_9730.jpg,S01_frustrated_0069.jpg,S01,3,frustrated,train,D:\varell\college\tugas\semester 7\projek skripsi1\skripsi_yolov13_engagement\datasets\master_combined_dataset\images\train\frustrated_9730.jpg,D:\varell\college\tugas\semester 7\projek skripsi1\skripsi_yolov13_engagement\datasets\master_combined_dataset\labels\train\frustrated_9730.txt,92769a2868142d996683869c487959456468b365f6168fe43a65b283b5cb82dc,.jpg,66948,640,480,1
frustrated_9734.jpg,S01_frustrated_0070.jpg,S01,3,frustrated,test,D:\varell\college\tugas\semester 7\projek skripsi1\skripsi_yolov13_engagement\datasets\master_combined_dataset\images\test\frustrated_9734.jpg,D:\varell\college\tugas\semester 7\projek skripsi1\skripsi_yolov13_engagement\datasets\master_combined_dataset\labels\test\frustrated_9734.txt,40c11388bb0e112f10ab2eef377c03fe130963ac63f1e2bcaa2d466258e8c490,.jpg,69713,640,480,1
frustrated_9776.jpg,S01_frustrated_0071.jpg,S01,3,frustrated,train,D:\varell\college\tugas\semester 7\projek skripsi1\skripsi_yolov13_engagement\datasets\master_combined_dataset\images\train\frustrated_9776.jpg,D:\varell\college\tugas\semester 7\projek skripsi1\skripsi_yolov13_engagement\datasets\master_combined_dataset\labels\train\frustrated_9776.txt,56187fd9bece5769b304a84ae8a395a28e866e4ae22dd47aa08876a3bc318c9a,.jpg,70160,640,480,1
frustrated_9782.jpg,S01_frustrated_0072.jpg,S01,3,frustrated,train,D:\varell\college\tugas\semester 7\projek skripsi1\skripsi_yolov13_engagement\datasets\master_combined_dataset\images\train\frustrated_9782.jpg,D:\varell\college\tugas\semester 7\projek skripsi1\skripsi_yolov13_engagement\datasets\master_combined_dataset\labels\train\frustrated_9782.txt,0e9c01fd35473566e82bbae63856f13cc89179d76dcd689c5ffda42c289234ae,.jpg,70262,640,480,1
frustrated_9798.jpg,S01_frustrated_0073.jpg,S01,3,frustrated,val,D:\varell\college\tugas\semester 7\projek skripsi1\skripsi_yolov13_engagement\datasets\master_combined_dataset\images\val\frustrated_9798.jpg,D:\varell\college\tugas\semester 7\projek skripsi1\skripsi_yolov13_engagement\datasets\master_combined_dataset\labels\val\frustrated_9798.txt,17d2bdf4392ce64599eebfc8766fe826f57ae76050e149c249ca0e04aa0a6b22,.jpg,69403,640,480,1
frustrated_9812.jpg,S01_frustrated_0074.jpg,S01,3,frustrated,test,D:\varell\college\tugas\semester 7\projek skripsi1\skripsi_yolov13_engagement\datasets\master_combined_dataset\images\test\frustrated_9812.jpg,D:\varell\college\tugas\semester 7\projek skripsi1\skripsi_yolov13_engagement\datasets\master_combined_dataset\labels\test\frustrated_9812.txt,fe373e3d55677076ec80b76072e9a8d12c12c815a2101eadc26f1f7defd4e00c,.jpg,69844,640,480,1
bored_1676.jpg,S02_bored_0001.jpg,S02,2,bored,train,D:\varell\college\tugas\semester 7\projek skripsi1\skripsi_yolov13_engagement\datasets\master_combined_dataset\images\train\bored_1676.jpg,D:\varell\college\tugas\semester 7\projek skripsi1\skripsi_yolov13_engagement\datasets\master_combined_dataset\labels\train\bored_1676.txt,0b938aaaf2fedae6c035fab84d73cf7137559d8a2109d7458488adc76c375bb8,.jpg,72142,640,480,1
bored_1755.jpg,S02_bored_0002.jpg,S02,2,bored,train,D:\varell\college\tugas\semester 7\projek skripsi1\skripsi_yolov13_engagement\datasets\master_combined_dataset\images\train\bored_1755.jpg,D:\varell\college\tugas\semester 7\projek skripsi1\skripsi_yolov13_engagement\datasets\master_combined_dataset\labels\train\bored_1755.txt,86ccaf52f22c421552cf4198959e4e2eae64dbdcbf95801d710abcaf6c33c88e,.jpg,74177,640,480,1
bored_1789.jpg,S02_bored_0003.jpg,S02,2,bored,train,D:\varell\college\tugas\semester 7\projek skripsi1\skripsi_yolov13_engagement\datasets\master_combined_dataset\images\train\bored_1789.jpg,D:\varell\college\tugas\semester 7\projek skripsi1\skripsi_yolov13_engagement\datasets\master_combined_dataset\labels\train\bored_1789.txt,cb2c8da270f53078659b5251fb8416ca2c33cc31880ae90d520ace1be91cfc45,.jpg,74420,640,480,1
bored_1860.jpg,S02_bored_0004.jpg,S02,2,bored,train,D:\varell\college\tugas\semester 7\projek skripsi1\skripsi_yolov13_engagement\datasets\master_combined_dataset\images\train\bored_1860.jpg,D:\varell\college\tugas\semester 7\projek skripsi1\skripsi_yolov13_engagement\datasets\master_combined_dataset\labels\train\bored_1860.txt,7f80b390a146c8079d7933750b8eeeef0e64fbaf5ac42fd1bcb6c14bb31fb79a,.jpg,74452,640,480,1
bored_1902.jpg,S02_bored_0005.jpg,S02,2,bored,train,D:\varell\college\tugas\semester 7\projek skripsi1\skripsi_yolov13_engagement\datasets\master_combined_dataset\images\train\bored_1902.jpg,D:\varell\college\tugas\semester 7\projek skripsi1\skripsi_yolov13_engagement\datasets\master_combined_dataset\labels\train\bored_1902.txt,a73f5cb6ac4041c7e99e643bedfd9a6dbef5b403b989320e3849b359fecd1d4d,.jpg,74087,640,480,1
bored_1950.jpg,S02_bored_0006.jpg,S02,2,bored,train,D:\varell\college\tugas\semester 7\projek skripsi1\skripsi_yolov13_engagement\datasets\master_combined_dataset\images\train\bored_1950.jpg,D:\varell\college\tugas\semester 7\projek skripsi1\skripsi_yolov13_engagement\datasets\master_combined_dataset\labels\train\bored_1950.txt,f48b252f574f6c1e8f6b34bfe3c94fdf84910796412dbf7065e7ddc59e11785d,.jpg,75309,640,480,1
bored_2157.jpg,S02_bored_0007.jpg,S02,2,bored,train,D:\varell\college\tugas\semester 7\projek skripsi1\skripsi_yolov13_engagement\datasets\master_combined_dataset\images\train\bored_2157.jpg,D:\varell\college\tugas\semester 7\projek skripsi1\skripsi_yolov13_engagement\datasets\master_combined_dataset\labels\train\bored_2157.txt,360d8dcb40854911954eaa874c154c09d48958b39ae2d556bac248f804ba579d,.jpg,73406,640,480,1
bored_2193.jpg,S02_bored_0008.jpg,S02,2,bored,train,D:\varell\college\tugas\semester 7\projek skripsi1\skripsi_yolov13_engagement\datasets\master_combined_dataset\images\train\bored_2193.jpg,D:\varell\college\tugas\semester 7\projek skripsi1\skripsi_yolov13_engagement\datasets\master_combined_dataset\labels\train\bored_2193.txt,d4916bcd6fe9a62eca8b52673e41bf75cb20562e91715ef458df84a8b4e44b74,.jpg,76325,640,480,1
bored_2201.jpg,S02_bored_0009.jpg,S02,2,bored,test,D:\varell\college\tugas\semester 7\projek skripsi1\skripsi_yolov13_engagement\datasets\master_combined_dataset\images\test\bored_2201.jpg,D:\varell\college\tugas\semester 7\projek skripsi1\skripsi_yolov13_engagement\datasets\master_combined_dataset\labels\test\bored_2201.txt,fac12815c5317fe0c3259f3a70df1a1de2098ae3d859cc4f8611f71b2472dd6a,.jpg,77243,640,480,1
bored_2230.jpg,S02_bored_0010.jpg,S02,2,bored,train,D:\varell\college\tugas\semester 7\projek skripsi1\skripsi_yolov13_engagement\datasets\master_combined_dataset\images\train\bored_2230.jpg,D:\varell\college\tugas\semester 7\projek skripsi1\skripsi_yolov13_engagement\datasets\master_combined_dataset\labels\train\bored_2230.txt,eda0b62674bfc10db3517bf6958d124119c56b717407ee07909022eb068f5b3f,.jpg,76379,640,480,1
bored_2268.jpg,S02_bored_0011.jpg,S02,2,bored,train,D:\varell\college\tugas\semester 7\projek skripsi1\skripsi_yolov13_engagement\datasets\master_combined_dataset\images\train\bored_2268.jpg,D:\varell\college\tugas\semester 7\projek skripsi1\skripsi_yolov13_engagement\datasets\master_combined_dataset\labels\train\bored_2268.txt,e48d1fd1fbca28e9e72cf73aea40244f326f3a079a39bcf9cc045475afecc7e1,.jpg,75306,640,480,1
bored_2287.jpg,S02_bored_0012.jpg,S02,2,bored,train,D:\varell\college\tugas\semester 7\projek skripsi1\skripsi_yolov13_engagement\datasets\master_combined_dataset\images\train\bored_2287.jpg,D:\varell\college\tugas\semester 7\projek skripsi1\skripsi_yolov13_engagement\datasets\master_combined_dataset\labels\train\bored_2287.txt,1cdba57dc522135389b5fd9a5733cdcc9a1660bbf230d7707f732d774767a6d1,.jpg,76107,640,480,1
confused_1056.jpg,S02_confused_0001.jpg,S02,1,confused,train,D:\varell\college\tugas\semester 7\projek skripsi1\skripsi_yolov13_engagement\datasets\master_combined_dataset\images\train\confused_1056.jpg,D:\varell\college\tugas\semester 7\projek skripsi1\skripsi_yolov13_engagement\datasets\master_combined_dataset\labels\train\confused_1056.txt,7bdbd451ff5f9bf5939fe73bf4fb75be1ffe82cbf81795887aa12c245a40144f,.jpg,74360,640,480,1
confused_1061.jpg,S02_confused_0002.jpg,S02,1,confused,train,D:\varell\college\tugas\semester 7\projek skripsi1\skripsi_yolov13_engagement\datasets\master_combined_dataset\images\train\confused_1061.jpg,D:\varell\college\tugas\semester 7\projek skripsi1\skripsi_yolov13_engagement\datasets\master_combined_dataset\labels\train\confused_1061.txt,c564d3098f881132bbb7ea3f4dce6edb89da7e3c7ac724d7a79a084f33026716,.jpg,74189,640,480,1
confused_1063.jpg,S02_confused_0003.jpg,S02,1,confused,train,D:\varell\college\tugas\semester 7\projek skripsi1\skripsi_yolov13_engagement\datasets\master_combined_dataset\images\train\confused_1063.jpg,D:\varell\college\tugas\semester 7\projek skripsi1\skripsi_yolov13_engagement\datasets\master_combined_dataset\labels\train\confused_1063.txt,11e7ede2447e52a9b3fd7afb0263bb0850193bc550cab3ebc643730febcc9772,.jpg,74656,640,480,1
confused_1068.jpg,S02_confused_0004.jpg,S02,1,confused,train,D:\varell\college\tugas\semester 7\projek skripsi1\skripsi_yolov13_engagement\datasets\master_combined_dataset\images\train\confused_1068.jpg,D:\varell\college\tugas\semester 7\projek skripsi1\skripsi_yolov13_engagement\datasets\master_combined_dataset\labels\train\confused_1068.txt,76da985f55d5412a24f6f70cf1ec60db4b318b25730ba746bafac9d15bc10d58,.jpg,74509,640,480,1
confused_1077.jpg,S02_confused_0005.jpg,S02,1,confused,train,D:\varell\college\tugas\semester 7\projek skripsi1\skripsi_yolov13_engagement\datasets\master_combined_dataset\images\train\confused_1077.jpg,D:\varell\college\tugas\semester 7\projek skripsi1\skripsi_yolov13_engagement\datasets\master_combined_dataset\labels\train\confused_1077.txt,7031f20b8734702688725c01b5e265970e0ff6ed92c04423f9ea236dc52776b6,.jpg,74472,640,480,1
confused_1079.jpg,S02_confused_0006.jpg,S02,1,confused,train,D:\varell\college\tugas\semester 7\projek skripsi1\skripsi_yolov13_engagement\datasets\master_combined_dataset\images\train\confused_1079.jpg,D:\varell\college\tugas\semester 7\projek skripsi1\skripsi_yolov13_engagement\datasets\master_combined_dataset\labels\train\confused_1079.txt,be4773ee4986ebbca1b59272ddfbff3711ec3d484757cf3c407cc239973c674e,.jpg,74605,640,480,1
confused_1083.jpg,S02_confused_0007.jpg,S02,1,confused,train,D:\varell\college\tugas\semester 7\projek skripsi1\skripsi_yolov13_engagement\datasets\master_combined_dataset\images\train\confused_1083.jpg,D:\varell\college\tugas\semester 7\projek skripsi1\skripsi_yolov13_engagement\datasets\master_combined_dataset\labels\train\confused_1083.txt,77db3f9103a87e04ef6b5d2c63eb3c179c38d7bdc027a952ef8dda69bba2752a,.jpg,74586,640,480,1
confused_1094.jpg,S02_confused_0008.jpg,S02,1,confused,train,D:\varell\college\tugas\semester 7\projek skripsi1\skripsi_yolov13_engagement\datasets\master_combined_dataset\images\train\confused_1094.jpg,D:\varell\college\tugas\semester 7\projek skripsi1\skripsi_yolov13_engagement\datasets\master_combined_dataset\labels\train\confused_1094.txt,cab3c9f62d9cbdf77d328ce64468aa8216abd153f65f291730327ff256a29efd,.jpg,74988,640,480,1
confused_1098.jpg,S02_confused_0009.jpg,S02,1,confused,train,D:\varell\college\tugas\semester 7\projek skripsi1\skripsi_yolov13_engagement\datasets\master_combined_dataset\images\train\confused_1098.jpg,D:\varell\college\tugas\semester 7\projek skripsi1\skripsi_yolov13_engagement\datasets\master_combined_dataset\labels\train\confused_1098.txt,c476195492ab306f2890df285ca47e459063c8149d3265e03ce07fb7dc48f9b5,.jpg,75171,640,480,1
confused_1104.jpg,S02_confused_0010.jpg,S02,1,confused,test,D:\varell\college\tugas\semester 7\projek skripsi1\skripsi_yolov13_engagement\datasets\master_combined_dataset\images\test\confused_1104.jpg,D:\varell\college\tugas\semester 7\projek skripsi1\skripsi_yolov13_engagement\datasets\master_combined_dataset\labels\test\confused_1104.txt,7773e634f1e3df4e8b9c0d2330af752e845973de6e4628df5369b802c92e1352,.jpg,74878,640,480,1
confused_1115.jpg,S02_confused_0011.jpg,S02,1,confused,train,D:\varell\college\tugas\semester 7\projek skripsi1\skripsi_yolov13_engagement\datasets\master_combined_dataset\images\train\confused_1115.jpg,D:\varell\college\tugas\semester 7\projek skripsi1\skripsi_yolov13_engagement\datasets\master_combined_dataset\labels\train\confused_1115.txt,fa3e345039ba5637a159d57bc224c822f8f79d5fef17541ec278f5263a8b9941,.jpg,74878,640,480,1
confused_1118.jpg,S02_confused_0012.jpg,S02,1,confused,train,D:\varell\college\tugas\semester 7\projek skripsi1\skripsi_yolov13_engagement\datasets\master_combined_dataset\images\train\confused_1118.jpg,D:\varell\college\tugas\semester 7\projek skripsi1\skripsi_yolov13_engagement\datasets\master_combined_dataset\labels\train\confused_1118.txt,d056c9b5035fe34b68d2ee08d9d6d2ebad9c8e47439ae31284a718c28f101641,.jpg,74729,640,480,1
confused_1123.jpg,S02_confused_0013.jpg,S02,1,confused,train,D:\varell\college\tugas\semester 7\projek skripsi1\skripsi_yolov13_engagement\datasets\master_combined_dataset\images\train\confused_1123.jpg,D:\varell\college\tugas\semester 7\projek skripsi1\skripsi_yolov13_engagement\datasets\master_combined_dataset\labels\train\confused_1123.txt,29f3acd548153c0cfd2620090f1e09202b8e4db76bd8cc0b37b3e42dd9a1cd83,.jpg,74334,640,480,1
confused_1126.jpg,S02_confused_0014.jpg,S02,1,confused,train,D:\varell\college\tugas\semester 7\projek skripsi1\skripsi_yolov13_engagement\datasets\master_combined_dataset\images\train\confused_1126.jpg,D:\varell\college\tugas\semester 7\projek skripsi1\skripsi_yolov13_engagement\datasets\master_combined_dataset\labels\train\confused_1126.txt,3f162a2639c57dfee0b6d5b65e62584e82b4b88b57e92bfc85b79bbf04a1b960,.jpg,73794,640,480,1
confused_1134.jpg,S02_confused_0015.jpg,S02,1,confused,train,D:\varell\college\tugas\semester 7\projek skripsi1\skripsi_yolov13_engagement\datasets\master_combined_dataset\images\train\confused_1134.jpg,D:\varell\college\tugas\semester 7\projek skripsi1\skripsi_yolov13_engagement\datasets\master_combined_dataset\labels\train\confused_1134.txt,1f0c81e0a5c6073a2114ff374b944207f00a2743de8f473c4fdaa268b04015d1,.jpg,73203,640,480,1
confused_1138.jpg,S02_confused_0016.jpg,S02,1,confused,train,D:\varell\college\tugas\semester 7\projek skripsi1\skripsi_yolov13_engagement\datasets\master_combined_dataset\images\train\confused_1138.jpg,D:\varell\college\tugas\semester 7\projek skripsi1\skripsi_yolov13_engagement\datasets\master_combined_dataset\labels\train\confused_1138.txt,946e06a111bfbb89a533db6b524cdb8a9965c7f980a775afa49c01811f403a7b,.jpg,72339,640,480,1
confused_1145.jpg,S02_confused_0017.jpg,S02,1,confused,train,D:\varell\college\tugas\semester 7\projek skripsi1\skripsi_yolov13_engagement\datasets\master_combined_dataset\images\train\confused_1145.jpg,D:\varell\college\tugas\semester 7\projek skripsi1\skripsi_yolov13_engagement\datasets\master_combined_dataset\labels\train\confused_1145.txt,6441ceed5d8c01348172a72d773ea41c84caa50ee069276182ec9221c0cc44cb,.jpg,73740,640,480,1
confused_1151.jpg,S02_confused_0018.jpg,S02,1,confused,train,D:\varell\college\tugas\semester 7\projek skripsi1\skripsi_yolov13_engagement\datasets\master_combined_dataset\images\train\confused_1151.jpg,D:\varell\college\tugas\semester 7\projek skripsi1\skripsi_yolov13_engagement\datasets\master_combined_dataset\labels\train\confused_1151.txt,dd2b4b581502baf7780f8e6c2bf1b372882fee68e697762a12f44e717fe29ee1,.jpg,73811,640,480,1
confused_1156.jpg,S02_confused_0019.jpg,S02,1,confused,train,D:\varell\college\tugas\semester 7\projek skripsi1\skripsi_yolov13_engagement\datasets\master_combined_dataset\images\train\confused_1156.jpg,D:\varell\college\tugas\semester 7\projek skripsi1\skripsi_yolov13_engagement\datasets\master_combined_dataset\labels\train\confused_1156.txt,2b595c9e13f45fe715c52ec6b172d91ea1f595c9886375923d85fece6e77b0c8,.jpg,74236,640,480,1
confused_1164.jpg,S02_confused_0020.jpg,S02,1,confused,train,D:\varell\college\tugas\semester 7\projek skripsi1\skripsi_yolov13_engagement\datasets\master_combined_dataset\images\train\confused_1164.jpg,D:\varell\college\tugas\semester 7\projek skripsi1\skripsi_yolov13_engagement\datasets\master_combined_dataset\labels\train\confused_1164.txt,68207e25eec7c73803024065c03b03d1da63ce6a44828713d9de0f07f63d854d,.jpg,73497,640,480,1
confused_1165.jpg,S02_confused_0021.jpg,S02,1,confused,train,D:\varell\college\tugas\semester 7\projek skripsi1\skripsi_yolov13_engagement\datasets\master_combined_dataset\images\train\confused_1165.jpg,D:\varell\college\tugas\semester 7\projek skripsi1\skripsi_yolov13_engagement\datasets\master_combined_dataset\labels\train\confused_1165.txt,314a208789c45f2917e5d20d1c6b5078fb8f42831eee853bb18952cb6ef3d4fe,.jpg,75889,640,480,1
confused_1197.jpg,S02_confused_0022.jpg,S02,1,confused,train,D:\varell\college\tugas\semester 7\projek skripsi1\skripsi_yolov13_engagement\datasets\master_combined_dataset\images\train\confused_1197.jpg,D:\varell\college\tugas\semester 7\projek skripsi1\skripsi_yolov13_engagement\datasets\master_combined_dataset\labels\train\confused_1197.txt,1478939adee82100cad6cfedf3b917b1df93f4c104bec23dc8dd798ecbdd63e4,.jpg,74502,640,480,1
confused_3216.jpg,S02_confused_0023.jpg,S02,1,confused,train,D:\varell\college\tugas\semester 7\projek skripsi1\skripsi_yolov13_engagement\datasets\master_combined_dataset\images\train\confused_3216.jpg,D:\varell\college\tugas\semester 7\projek skripsi1\skripsi_yolov13_engagement\datasets\master_combined_dataset\labels\train\confused_3216.txt,ed726b2defafababc4fcdf09e281f9bf27f2ccfe4bf5df67b61cbbfd3a42376d,.jpg,75503,640,480,1
confused_3218.jpg,S02_confused_0024.jpg,S02,1,confused,train,D:\varell\college\tugas\semester 7\projek skripsi1\skripsi_yolov13_engagement\datasets\master_combined_dataset\images\train\confused_3218.jpg,D:\varell\college\tugas\semester 7\projek skripsi1\skripsi_yolov13_engagement\datasets\master_combined_dataset\labels\train\confused_3218.txt,7efd5a3a25181c3a90e82c006db27c1d705edbd70a9903be5da6d8af123d8e45,.jpg,75627,640,480,1
confused_3227.jpg,S02_confused_0025.jpg,S02,1,confused,train,D:\varell\college\tugas\semester 7\projek skripsi1\skripsi_yolov13_engagement\datasets\master_combined_dataset\images\train\confused_3227.jpg,D:\varell\college\tugas\semester 7\projek skripsi1\skripsi_yolov13_engagement\datasets\master_combined_dataset\labels\train\confused_3227.txt,09ce65c03a47c0d0faa86259275bac21c5582989cb31b1222230bd948aceca30,.jpg,75115,640,480,1
confused_3231.jpg,S02_confused_0026.jpg,S02,1,confused,val,D:\varell\college\tugas\semester 7\projek skripsi1\skripsi_yolov13_engagement\datasets\master_combined_dataset\images\val\confused_3231.jpg,D:\varell\college\tugas\semester 7\projek skripsi1\skripsi_yolov13_engagement\datasets\master_combined_dataset\labels\val\confused_3231.txt,384ed5b8384502cca0a19b3aec9194a9b19d92f40e696ed96568b81dbfd5065f,.jpg,75292,640,480,1
confused_3235.jpg,S02_confused_0027.jpg,S02,1,confused,train,D:\varell\college\tugas\semester 7\projek skripsi1\skripsi_yolov13_engagement\datasets\master_combined_dataset\images\train\confused_3235.jpg,D:\varell\college\tugas\semester 7\projek skripsi1\skripsi_yolov13_engagement\datasets\master_combined_dataset\labels\train\confused_3235.txt,4bc2f2c4e82e4abf94f5e49af6d26ab4f23668432eb6cf18099943d455b18ee9,.jpg,75313,640,480,1
confused_3239.jpg,S02_confused_0028.jpg,S02,1,confused,train,D:\varell\college\tugas\semester 7\projek skripsi1\skripsi_yolov13_engagement\datasets\master_combined_dataset\images\train\confused_3239.jpg,D:\varell\college\tugas\semester 7\projek skripsi1\skripsi_yolov13_engagement\datasets\master_combined_dataset\labels\train\confused_3239.txt,fcb19a94fdcde73db247f57286932157adbd1b4b2249f4694ed54fb06188f3ce,.jpg,75150,640,480,1
confused_3243.jpg,S02_confused_0029.jpg,S02,1,confused,train,D:\varell\college\tugas\semester 7\projek skripsi1\skripsi_yolov13_engagement\datasets\master_combined_dataset\images\train\confused_3243.jpg,D:\varell\college\tugas\semester 7\projek skripsi1\skripsi_yolov13_engagement\datasets\master_combined_dataset\labels\train\confused_3243.txt,372ff2045fa84ef9c4f161d18414e5f0d326180fd91b212b47e643334d01b7de,.jpg,75038,640,480,1
confused_3248.jpg,S02_confused_0030.jpg,S02,1,confused,train,D:\varell\college\tugas\semester 7\projek skripsi1\skripsi_yolov13_engagement\datasets\master_combined_dataset\images\train\confused_3248.jpg,D:\varell\college\tugas\semester 7\projek skripsi1\skripsi_yolov13_engagement\datasets\master_combined_dataset\labels\train\confused_3248.txt,e37dcb79df8c2319b187e63c2366dceb04ba8efc36e6580e346c0e086c2e2a08,.jpg,74604,640,480,1
confused_3252.jpg,S02_confused_0031.jpg,S02,1,confused,train,D:\varell\college\tugas\semester 7\projek skripsi1\skripsi_yolov13_engagement\datasets\master_combined_dataset\images\train\confused_3252.jpg,D:\varell\college\tugas\semester 7\projek skripsi1\skripsi_yolov13_engagement\datasets\master_combined_dataset\labels\train\confused_3252.txt,2dc40007f03f43fe67cead24c5b2e5236899679d70a0d0d6a885388d69fd6151,.jpg,74900,640,480,1
confused_3262.jpg,S02_confused_0032.jpg,S02,1,confused,train,D:\varell\college\tugas\semester 7\projek skripsi1\skripsi_yolov13_engagement\datasets\master_combined_dataset\images\train\confused_3262.jpg,D:\varell\college\tugas\semester 7\projek skripsi1\skripsi_yolov13_engagement\datasets\master_combined_dataset\labels\train\confused_3262.txt,633aee5d73104da61ac8171a9f04e24dfe8e06db831a50b67b3d8a2f38e615d4,.jpg,74664,640,480,1
confused_3266.jpg,S02_confused_0033.jpg,S02,1,confused,train,D:\varell\college\tugas\semester 7\projek skripsi1\skripsi_yolov13_engagement\datasets\master_combined_dataset\images\train\confused_3266.jpg,D:\varell\college\tugas\semester 7\projek skripsi1\skripsi_yolov13_engagement\datasets\master_combined_dataset\labels\train\confused_3266.txt,ee5e0808a87a79d36716998cd3d31a747e532994184b70a9f584feb58650d8b1,.jpg,74586,640,480,1
confused_3271.jpg,S02_confused_0034.jpg,S02,1,confused,test,D:\varell\college\tugas\semester 7\projek skripsi1\skripsi_yolov13_engagement\datasets\master_combined_dataset\images\test\confused_3271.jpg,D:\varell\college\tugas\semester 7\projek skripsi1\skripsi_yolov13_engagement\datasets\master_combined_dataset\labels\test\confused_3271.txt,d49a4bddd48c7b36576d3c06d6edc015a639bd4bbc05702d2be45c902534ca14,.jpg,74291,640,480,1
confused_695.jpg,S02_confused_0035.jpg,S02,1,confused,train,D:\varell\college\tugas\semester 7\projek skripsi1\skripsi_yolov13_engagement\datasets\master_combined_dataset\images\train\confused_695.jpg,D:\varell\college\tugas\semester 7\projek skripsi1\skripsi_yolov13_engagement\datasets\master_combined_dataset\labels\train\confused_695.txt,ae0476c6f24ea8cf144dabe0aa87bf2ac04b4816f87951f1b4cadb25749a052c,.jpg,75242,640,480,1
confused_780.jpg,S02_confused_0036.jpg,S02,1,confused,train,D:\varell\college\tugas\semester 7\projek skripsi1\skripsi_yolov13_engagement\datasets\master_combined_dataset\images\train\confused_780.jpg,D:\varell\college\tugas\semester 7\projek skripsi1\skripsi_yolov13_engagement\datasets\master_combined_dataset\labels\train\confused_780.txt,fcffcc5fa97dd4c9e3c8ed7fbcbc144ffda542be9c589c75ea127766f94f42cf,.jpg,73283,640,480,1
confused_955.jpg,S02_confused_0037.jpg,S02,1,confused,test,D:\varell\college\tugas\semester 7\projek skripsi1\skripsi_yolov13_engagement\datasets\master_combined_dataset\images\test\confused_955.jpg,D:\varell\college\tugas\semester 7\projek skripsi1\skripsi_yolov13_engagement\datasets\master_combined_dataset\labels\test\confused_955.txt,ac8ecf1c48911ea0ae7f6e6f9f6781638eab4999bc0dc7539f6a464b2cc9386c,.jpg,75004,640,480,1
confused_958.jpg,S02_confused_0038.jpg,S02,1,confused,train,D:\varell\college\tugas\semester 7\projek skripsi1\skripsi_yolov13_engagement\datasets\master_combined_dataset\images\train\confused_958.jpg,D:\varell\college\tugas\semester 7\projek skripsi1\skripsi_yolov13_engagement\datasets\master_combined_dataset\labels\train\confused_958.txt,99a4b4bc20e53f8dd27ac365756a5e95e6063de8b6551b1289bf08df6de7b3f6,.jpg,75094,640,480,1
engaged_357.jpg,S02_engaged_0001.jpg,S02,0,engaged,train,D:\varell\college\tugas\semester 7\projek skripsi1\skripsi_yolov13_engagement\datasets\master_combined_dataset\images\train\engaged_357.jpg,D:\varell\college\tugas\semester 7\projek skripsi1\skripsi_yolov13_engagement\datasets\master_combined_dataset\labels\train\engaged_357.txt,6f244888bab48e26cd2d0362c9578c1e3f1bc9c0983c83b755ff8b8e10e9fc03,.jpg,73894,640,480,1
engaged_372.jpg,S02_engaged_0002.jpg,S02,0,engaged,train,D:\varell\college\tugas\semester 7\projek skripsi1\skripsi_yolov13_engagement\datasets\master_combined_dataset\images\train\engaged_372.jpg,D:\varell\college\tugas\semester 7\projek skripsi1\skripsi_yolov13_engagement\datasets\master_combined_dataset\labels\train\engaged_372.txt,4f959c4ccdb6e58dce8a0f8e699da5e6c9bc7e652676eb54f62b670386d4cb74,.jpg,73627,640,480,1
engaged_375.jpg,S02_engaged_0003.jpg,S02,0,engaged,train,D:\varell\college\tugas\semester 7\projek skripsi1\skripsi_yolov13_engagement\datasets\master_combined_dataset\images\train\engaged_375.jpg,D:\varell\college\tugas\semester 7\projek skripsi1\skripsi_yolov13_engagement\datasets\master_combined_dataset\labels\train\engaged_375.txt,81387bee9fe1d830b91523861b161566e038b3ba6a26b8f0418c81a18fb6cb7d,.jpg,73809,640,480,1
engaged_379.jpg,S02_engaged_0004.jpg,S02,0,engaged,train,D:\varell\college\tugas\semester 7\projek skripsi1\skripsi_yolov13_engagement\datasets\master_combined_dataset\images\train\engaged_379.jpg,D:\varell\college\tugas\semester 7\projek skripsi1\skripsi_yolov13_engagement\datasets\master_combined_dataset\labels\train\engaged_379.txt,fbbdb49ad15de148826612783e30b7ab31172a303d7e969a71770838af0b227f,.jpg,73871,640,480,1
engaged_382.jpg,S02_engaged_0005.jpg,S02,0,engaged,train,D:\varell\college\tugas\semester 7\projek skripsi1\skripsi_yolov13_engagement\datasets\master_combined_dataset\images\train\engaged_382.jpg,D:\varell\college\tugas\semester 7\projek skripsi1\skripsi_yolov13_engagement\datasets\master_combined_dataset\labels\train\engaged_382.txt,d1436852e56915833f3f4c953c2d1885602c7cfef635def4877a116b62750c14,.jpg,73831,640,480,1
engaged_412.jpg,S02_engaged_0006.jpg,S02,0,engaged,val,D:\varell\college\tugas\semester 7\projek skripsi1\skripsi_yolov13_engagement\datasets\master_combined_dataset\images\val\engaged_412.jpg,D:\varell\college\tugas\semester 7\projek skripsi1\skripsi_yolov13_engagement\datasets\master_combined_dataset\labels\val\engaged_412.txt,8515ea86a3cedd96a89daa342d48812cdcf83e6dd15b8f8885cf3ce7d320fdeb,.jpg,73729,640,480,1
engaged_419.jpg,S02_engaged_0007.jpg,S02,0,engaged,test,D:\varell\college\tugas\semester 7\projek skripsi1\skripsi_yolov13_engagement\datasets\master_combined_dataset\images\test\engaged_419.jpg,D:\varell\college\tugas\semester 7\projek skripsi1\skripsi_yolov13_engagement\datasets\master_combined_dataset\labels\test\engaged_419.txt,5232324d73f47a673b5d11c9791af89ae0dd9f52da2d40ecbb8eebdf7e38616b,.jpg,73786,640,480,1
engaged_423.jpg,S02_engaged_0008.jpg,S02,0,engaged,train,D:\varell\college\tugas\semester 7\projek skripsi1\skripsi_yolov13_engagement\datasets\master_combined_dataset\images\train\engaged_423.jpg,D:\varell\college\tugas\semester 7\projek skripsi1\skripsi_yolov13_engagement\datasets\master_combined_dataset\labels\train\engaged_423.txt,005cf737b19494ac13953646dbbc7ac274c06d2456a14537e36485469c1c61fd,.jpg,74044,640,480,1
engaged_430.jpg,S02_engaged_0009.jpg,S02,0,engaged,val,D:\varell\college\tugas\semester 7\projek skripsi1\skripsi_yolov13_engagement\datasets\master_combined_dataset\images\val\engaged_430.jpg,D:\varell\college\tugas\semester 7\projek skripsi1\skripsi_yolov13_engagement\datasets\master_combined_dataset\labels\val\engaged_430.txt,70826f854286d7d1962b4ff73d8f556968536520a279c1772ea0943559a8d171,.jpg,73992,640,480,1
engaged_453.jpg,S02_engaged_0010.jpg,S02,0,engaged,train,D:\varell\college\tugas\semester 7\projek skripsi1\skripsi_yolov13_engagement\datasets\master_combined_dataset\images\train\engaged_453.jpg,D:\varell\college\tugas\semester 7\projek skripsi1\skripsi_yolov13_engagement\datasets\master_combined_dataset\labels\train\engaged_453.txt,0142a512570f766501445ac36e0fa4e01ba0ed455ccf27d116055001449caae7,.jpg,73950,640,480,1
engaged_455.jpg,S02_engaged_0011.jpg,S02,0,engaged,train,D:\varell\college\tugas\semester 7\projek skripsi1\skripsi_yolov13_engagement\datasets\master_combined_dataset\images\train\engaged_455.jpg,D:\varell\college\tugas\semester 7\projek skripsi1\skripsi_yolov13_engagement\datasets\master_combined_dataset\labels\train\engaged_455.txt,59c02b0f400434e5935e35ddf2301698ca2438cf1b77a9d5519ea62943e135a7,.jpg,74028,640,480,1
engaged_457.jpg,S02_engaged_0012.jpg,S02,0,engaged,train,D:\varell\college\tugas\semester 7\projek skripsi1\skripsi_yolov13_engagement\datasets\master_combined_dataset\images\train\engaged_457.jpg,D:\varell\college\tugas\semester 7\projek skripsi1\skripsi_yolov13_engagement\datasets\master_combined_dataset\labels\train\engaged_457.txt,22be66c11e905242b517d1736e8a25184b3341fcbcab9916ed7cbe65e0d9ad95,.jpg,73802,640,480,1
engaged_458.jpg,S02_engaged_0013.jpg,S02,0,engaged,train,D:\varell\college\tugas\semester 7\projek skripsi1\skripsi_yolov13_engagement\datasets\master_combined_dataset\images\train\engaged_458.jpg,D:\varell\college\tugas\semester 7\projek skripsi1\skripsi_yolov13_engagement\datasets\master_combined_dataset\labels\train\engaged_458.txt,2a6a870e331720a39dafdb0f33c93433be83724455e1623796d741c50ce68624,.jpg,73991,640,480,1
engaged_459.jpg,S02_engaged_0014.jpg,S02,0,engaged,train,D:\varell\college\tugas\semester 7\projek skripsi1\skripsi_yolov13_engagement\datasets\master_combined_dataset\images\train\engaged_459.jpg,D:\varell\college\tugas\semester 7\projek skripsi1\skripsi_yolov13_engagement\datasets\master_combined_dataset\labels\train\engaged_459.txt,2a6a870e331720a39dafdb0f33c93433be83724455e1623796d741c50ce68624,.jpg,73991,640,480,1
engaged_460.jpg,S02_engaged_0015.jpg,S02,0,engaged,train,D:\varell\college\tugas\semester 7\projek skripsi1\skripsi_yolov13_engagement\datasets\master_combined_dataset\images\train\engaged_460.jpg,D:\varell\college\tugas\semester 7\projek skripsi1\skripsi_yolov13_engagement\datasets\master_combined_dataset\labels\train\engaged_460.txt,de487ac02adc5356ed56b8ef3b0d7ebafbf3f7a93100c3e931b09760cc2b94e6,.jpg,74126,640,480,1
engaged_462.jpg,S02_engaged_0016.jpg,S02,0,engaged,train,D:\varell\college\tugas\semester 7\projek skripsi1\skripsi_yolov13_engagement\datasets\master_combined_dataset\images\train\engaged_462.jpg,D:\varell\college\tugas\semester 7\projek skripsi1\skripsi_yolov13_engagement\datasets\master_combined_dataset\labels\train\engaged_462.txt,9123cce35d8f9d1eaeb09b7c58efd26b64198815830d4c9589bacb1ab3ba53c9,.jpg,74302,640,480,1
engaged_463.jpg,S02_engaged_0017.jpg,S02,0,engaged,train,D:\varell\college\tugas\semester 7\projek skripsi1\skripsi_yolov13_engagement\datasets\master_combined_dataset\images\train\engaged_463.jpg,D:\varell\college\tugas\semester 7\projek skripsi1\skripsi_yolov13_engagement\datasets\master_combined_dataset\labels\train\engaged_463.txt,9123cce35d8f9d1eaeb09b7c58efd26b64198815830d4c9589bacb1ab3ba53c9,.jpg,74302,640,480,1
engaged_464.jpg,S02_engaged_0018.jpg,S02,0,engaged,train,D:\varell\college\tugas\semester 7\projek skripsi1\skripsi_yolov13_engagement\datasets\master_combined_dataset\images\train\engaged_464.jpg,D:\varell\college\tugas\semester 7\projek skripsi1\skripsi_yolov13_engagement\datasets\master_combined_dataset\labels\train\engaged_464.txt,505295ffe3671f4a3784cde6a4dc7c250c094a22ed1179822407db09e77285b2,.jpg,74221,640,480,1
engaged_465.jpg,S02_engaged_0019.jpg,S02,0,engaged,test,D:\varell\college\tugas\semester 7\projek skripsi1\skripsi_yolov13_engagement\datasets\master_combined_dataset\images\test\engaged_465.jpg,D:\varell\college\tugas\semester 7\projek skripsi1\skripsi_yolov13_engagement\datasets\master_combined_dataset\labels\test\engaged_465.txt,505295ffe3671f4a3784cde6a4dc7c250c094a22ed1179822407db09e77285b2,.jpg,74221,640,480,1
engaged_508.jpg,S02_engaged_0020.jpg,S02,0,engaged,train,D:\varell\college\tugas\semester 7\projek skripsi1\skripsi_yolov13_engagement\datasets\master_combined_dataset\images\train\engaged_508.jpg,D:\varell\college\tugas\semester 7\projek skripsi1\skripsi_yolov13_engagement\datasets\master_combined_dataset\labels\train\engaged_508.txt,d448d120b197bf3aa27263554ff262f5f2ce345967874895dcf889276d1054b3,.jpg,73855,640,480,1
engaged_510.jpg,S02_engaged_0021.jpg,S02,0,engaged,train,D:\varell\college\tugas\semester 7\projek skripsi1\skripsi_yolov13_engagement\datasets\master_combined_dataset\images\train\engaged_510.jpg,D:\varell\college\tugas\semester 7\projek skripsi1\skripsi_yolov13_engagement\datasets\master_combined_dataset\labels\train\engaged_510.txt,1c88f9d5a5ec950058d8789bcd6eef365962930cd59a26a45c122fba14ceddc5,.jpg,73960,640,480,1
engaged_579.jpg,S02_engaged_0022.jpg,S02,0,engaged,train,D:\varell\college\tugas\semester 7\projek skripsi1\skripsi_yolov13_engagement\datasets\master_combined_dataset\images\train\engaged_579.jpg,D:\varell\college\tugas\semester 7\projek skripsi1\skripsi_yolov13_engagement\datasets\master_combined_dataset\labels\train\engaged_579.txt,4eab15fa600b91f33706e4ca844e2a818364ceca58cc09399dbafac6362dc943,.jpg,72326,640,480,1
engaged_582.jpg,S02_engaged_0023.jpg,S02,0,engaged,train,D:\varell\college\tugas\semester 7\projek skripsi1\skripsi_yolov13_engagement\datasets\master_combined_dataset\images\train\engaged_582.jpg,D:\varell\college\tugas\semester 7\projek skripsi1\skripsi_yolov13_engagement\datasets\master_combined_dataset\labels\train\engaged_582.txt,23c97c2ead08e73e4934565519e08e217482483a0eb1133a6084e0abd69156a6,.jpg,72316,640,480,1
engaged_589.jpg,S02_engaged_0024.jpg,S02,0,engaged,train,D:\varell\college\tugas\semester 7\projek skripsi1\skripsi_yolov13_engagement\datasets\master_combined_dataset\images\train\engaged_589.jpg,D:\varell\college\tugas\semester 7\projek skripsi1\skripsi_yolov13_engagement\datasets\master_combined_dataset\labels\train\engaged_589.txt,6755e0bd6b8e8fb8008b6e0907c69a57d3aba1dd1f0e80d7a88b354e73901ad9,.jpg,71841,640,480,1
engaged_592.jpg,S02_engaged_0025.jpg,S02,0,engaged,train,D:\varell\college\tugas\semester 7\projek skripsi1\skripsi_yolov13_engagement\datasets\master_combined_dataset\images\train\engaged_592.jpg,D:\varell\college\tugas\semester 7\projek skripsi1\skripsi_yolov13_engagement\datasets\master_combined_dataset\labels\train\engaged_592.txt,7ea6f1f8a6378089a5773d035d36df297e637acdf96456ed94beedb8a1b32cf3,.jpg,71568,640,480,1
engaged_615.jpg,S02_engaged_0026.jpg,S02,0,engaged,train,D:\varell\college\tugas\semester 7\projek skripsi1\skripsi_yolov13_engagement\datasets\master_combined_dataset\images\train\engaged_615.jpg,D:\varell\college\tugas\semester 7\projek skripsi1\skripsi_yolov13_engagement\datasets\master_combined_dataset\labels\train\engaged_615.txt,9d3536bcbe072b8d3d240ea89d679d75a6ec55fd0534fb6c95a0fb8040be19ff,.jpg,72646,640,480,1
engaged_622.jpg,S02_engaged_0027.jpg,S02,0,engaged,train,D:\varell\college\tugas\semester 7\projek skripsi1\skripsi_yolov13_engagement\datasets\master_combined_dataset\images\train\engaged_622.jpg,D:\varell\college\tugas\semester 7\projek skripsi1\skripsi_yolov13_engagement\datasets\master_combined_dataset\labels\train\engaged_622.txt,565ee91e731be895eee085bcd2af501a4090fbc42eeaedb9f28172fbbf2f21f1,.jpg,72694,640,480,1
engaged_625.jpg,S02_engaged_0028.jpg,S02,0,engaged,train,D:\varell\college\tugas\semester 7\projek skripsi1\skripsi_yolov13_engagement\datasets\master_combined_dataset\images\train\engaged_625.jpg,D:\varell\college\tugas\semester 7\projek skripsi1\skripsi_yolov13_engagement\datasets\master_combined_dataset\labels\train\engaged_625.txt,df478fe7cd37d901a3a4e37f103e1615e5284b5b275caad4ae9dac9388c18fb7,.jpg,72908,640,480,1
engaged_643.jpg,S02_engaged_0029.jpg,S02,0,engaged,train,D:\varell\college\tugas\semester 7\projek skripsi1\skripsi_yolov13_engagement\datasets\master_combined_dataset\images\train\engaged_643.jpg,D:\varell\college\tugas\semester 7\projek skripsi1\skripsi_yolov13_engagement\datasets\master_combined_dataset\labels\train\engaged_643.txt,f345183935498eb2b3dfa248b1b84589828966bcce757af2426da0cf305be59a,.jpg,71904,640,480,1
engaged_650.jpg,S02_engaged_0030.jpg,S02,0,engaged,train,D:\varell\college\tugas\semester 7\projek skripsi1\skripsi_yolov13_engagement\datasets\master_combined_dataset\images\train\engaged_650.jpg,D:\varell\college\tugas\semester 7\projek skripsi1\skripsi_yolov13_engagement\datasets\master_combined_dataset\labels\train\engaged_650.txt,b6cd95a9c2de191f01a024863bfe39dc9f3e5aa95ae1e47b0e6944e06ec23d6d,.jpg,71884,640,480,1
engaged_654.jpg,S02_engaged_0031.jpg,S02,0,engaged,test,D:\varell\college\tugas\semester 7\projek skripsi1\skripsi_yolov13_engagement\datasets\master_combined_dataset\images\test\engaged_654.jpg,D:\varell\college\tugas\semester 7\projek skripsi1\skripsi_yolov13_engagement\datasets\master_combined_dataset\labels\test\engaged_654.txt,a0a044f399c6e75efd5ea8cc18417aee13b98bd617ed80c136ab55c2cd3b10ce,.jpg,72317,640,480,1
engaged_658.jpg,S02_engaged_0032.jpg,S02,0,engaged,train,D:\varell\college\tugas\semester 7\projek skripsi1\skripsi_yolov13_engagement\datasets\master_combined_dataset\images\train\engaged_658.jpg,D:\varell\college\tugas\semester 7\projek skripsi1\skripsi_yolov13_engagement\datasets\master_combined_dataset\labels\train\engaged_658.txt,8571495275159fef18e78b562ac8d0dc65bbe3227aa309e17baa7db9920f6190,.jpg,72897,640,480,1
engaged_667.jpg,S02_engaged_0033.jpg,S02,0,engaged,train,D:\varell\college\tugas\semester 7\projek skripsi1\skripsi_yolov13_engagement\datasets\master_combined_dataset\images\train\engaged_667.jpg,D:\varell\college\tugas\semester 7\projek skripsi1\skripsi_yolov13_engagement\datasets\master_combined_dataset\labels\train\engaged_667.txt,c3c4527e382701c0d396ed8735c6fe44b00372b4f2275628fc6973b5e577cb31,.jpg,71599,640,480,1
engaged_671.jpg,S02_engaged_0034.jpg,S02,0,engaged,train,D:\varell\college\tugas\semester 7\projek skripsi1\skripsi_yolov13_engagement\datasets\master_combined_dataset\images\train\engaged_671.jpg,D:\varell\college\tugas\semester 7\projek skripsi1\skripsi_yolov13_engagement\datasets\master_combined_dataset\labels\train\engaged_671.txt,e634a8d03f93ae1cad72de828e1fef3393aa9cc73fc3bc9bda37b2c73c43f3c1,.jpg,71976,640,480,1
engaged_675.jpg,S02_engaged_0035.jpg,S02,0,engaged,train,D:\varell\college\tugas\semester 7\projek skripsi1\skripsi_yolov13_engagement\datasets\master_combined_dataset\images\train\engaged_675.jpg,D:\varell\college\tugas\semester 7\projek skripsi1\skripsi_yolov13_engagement\datasets\master_combined_dataset\labels\train\engaged_675.txt,a7660d6d104c00cab6f68ff98f2ac04f9e1239462f684128caa48563671f41c9,.jpg,71620,640,480,1
engaged_679.jpg,S02_engaged_0036.jpg,S02,0,engaged,train,D:\varell\college\tugas\semester 7\projek skripsi1\skripsi_yolov13_engagement\datasets\master_combined_dataset\images\train\engaged_679.jpg,D:\varell\college\tugas\semester 7\projek skripsi1\skripsi_yolov13_engagement\datasets\master_combined_dataset\labels\train\engaged_679.txt,c354961b5fed5f8139ff8cd35351f6b0e67abec983a8220853f101927b7c74aa,.jpg,71721,640,480,1
engaged_683.jpg,S02_engaged_0037.jpg,S02,0,engaged,test,D:\varell\college\tugas\semester 7\projek skripsi1\skripsi_yolov13_engagement\datasets\master_combined_dataset\images\test\engaged_683.jpg,D:\varell\college\tugas\semester 7\projek skripsi1\skripsi_yolov13_engagement\datasets\master_combined_dataset\labels\test\engaged_683.txt,913153864eacc47632ac8138505c201e9656e7ba6d55a7e4ba26e68008999635,.jpg,72149,640,480,1
engaged_686.jpg,S02_engaged_0038.jpg,S02,0,engaged,train,D:\varell\college\tugas\semester 7\projek skripsi1\skripsi_yolov13_engagement\datasets\master_combined_dataset\images\train\engaged_686.jpg,D:\varell\college\tugas\semester 7\projek skripsi1\skripsi_yolov13_engagement\datasets\master_combined_dataset\labels\train\engaged_686.txt,14d55e7459dbe4543ff3901435812c6e5664a994be5d5e83ea94ebc5a5bf1454,.jpg,72011,640,480,1
engaged_690.jpg,S02_engaged_0039.jpg,S02,0,engaged,train,D:\varell\college\tugas\semester 7\projek skripsi1\skripsi_yolov13_engagement\datasets\master_combined_dataset\images\train\engaged_690.jpg,D:\varell\college\tugas\semester 7\projek skripsi1\skripsi_yolov13_engagement\datasets\master_combined_dataset\labels\train\engaged_690.txt,1dfed95e2dd37d7dadecaabc36a2cdbc99749c308fc65fc847c3b4f05fa773ce,.jpg,72240,640,480,1
engaged_694.jpg,S02_engaged_0040.jpg,S02,0,engaged,train,D:\varell\college\tugas\semester 7\projek skripsi1\skripsi_yolov13_engagement\datasets\master_combined_dataset\images\train\engaged_694.jpg,D:\varell\college\tugas\semester 7\projek skripsi1\skripsi_yolov13_engagement\datasets\master_combined_dataset\labels\train\engaged_694.txt,f9925b849b0a2cb4c5ba49978ed5d9554f5db0ee8716160c93e35e3c9ad0912c,.jpg,71983,640,480,1
engaged_697.jpg,S02_engaged_0041.jpg,S02,0,engaged,train,D:\varell\college\tugas\semester 7\projek skripsi1\skripsi_yolov13_engagement\datasets\master_combined_dataset\images\train\engaged_697.jpg,D:\varell\college\tugas\semester 7\projek skripsi1\skripsi_yolov13_engagement\datasets\master_combined_dataset\labels\train\engaged_697.txt,fd65cc442b00b345040526036f4cd5645d3da609c9fab6d3cb4e2fe19231e25f,.jpg,71790,640,480,1
engaged_709.jpg,S02_engaged_0042.jpg,S02,0,engaged,train,D:\varell\college\tugas\semester 7\projek skripsi1\skripsi_yolov13_engagement\datasets\master_combined_dataset\images\train\engaged_709.jpg,D:\varell\college\tugas\semester 7\projek skripsi1\skripsi_yolov13_engagement\datasets\master_combined_dataset\labels\train\engaged_709.txt,4f6e837e1b4fce119e552ddec48fc3d3faf43ab38fe3a82b2778df98c3865e15,.jpg,71552,640,480,1
frustrated_2542.jpg,S02_frustrated_0001.jpg,S02,3,frustrated,train,D:\varell\college\tugas\semester 7\projek skripsi1\skripsi_yolov13_engagement\datasets\master_combined_dataset\images\train\frustrated_2542.jpg,D:\varell\college\tugas\semester 7\projek skripsi1\skripsi_yolov13_engagement\datasets\master_combined_dataset\labels\train\frustrated_2542.txt,e666ebd63d663aed96f309220a33452a0451eaf0e7ed69264218d954f96f0740,.jpg,70817,640,480,1
frustrated_2545.jpg,S02_frustrated_0002.jpg,S02,3,frustrated,train,D:\varell\college\tugas\semester 7\projek skripsi1\skripsi_yolov13_engagement\datasets\master_combined_dataset\images\train\frustrated_2545.jpg,D:\varell\college\tugas\semester 7\projek skripsi1\skripsi_yolov13_engagement\datasets\master_combined_dataset\labels\train\frustrated_2545.txt,0e68486f60a6158a48671b9351c7df1ddc9653175208efea149359484784ae32,.jpg,70855,640,480,1
frustrated_2549.jpg,S02_frustrated_0003.jpg,S02,3,frustrated,train,D:\varell\college\tugas\semester 7\projek skripsi1\skripsi_yolov13_engagement\datasets\master_combined_dataset\images\train\frustrated_2549.jpg,D:\varell\college\tugas\semester 7\projek skripsi1\skripsi_yolov13_engagement\datasets\master_combined_dataset\labels\train\frustrated_2549.txt,f4a552863184940ce20d0698fbc787a243cc7f889273b27e93e6ce944ae6e5ea,.jpg,71162,640,480,1
frustrated_2553.jpg,S02_frustrated_0004.jpg,S02,3,frustrated,train,D:\varell\college\tugas\semester 7\projek skripsi1\skripsi_yolov13_engagement\datasets\master_combined_dataset\images\train\frustrated_2553.jpg,D:\varell\college\tugas\semester 7\projek skripsi1\skripsi_yolov13_engagement\datasets\master_combined_dataset\labels\train\frustrated_2553.txt,1785cc39e96f7d7d9b0aace413ec3709a79f5d318aa66bf5832ae7c412f1146c,.jpg,70925,640,480,1
frustrated_2655.jpg,S02_frustrated_0005.jpg,S02,3,frustrated,train,D:\varell\college\tugas\semester 7\projek skripsi1\skripsi_yolov13_engagement\datasets\master_combined_dataset\images\train\frustrated_2655.jpg,D:\varell\college\tugas\semester 7\projek skripsi1\skripsi_yolov13_engagement\datasets\master_combined_dataset\labels\train\frustrated_2655.txt,72fd25f56c0d2c91cbb2bff6e1a804b3ccca7e829891bfac8d56043b82efb15a,.jpg,73128,640,480,1
frustrated_2660.jpg,S02_frustrated_0006.jpg,S02,3,frustrated,train,D:\varell\college\tugas\semester 7\projek skripsi1\skripsi_yolov13_engagement\datasets\master_combined_dataset\images\train\frustrated_2660.jpg,D:\varell\college\tugas\semester 7\projek skripsi1\skripsi_yolov13_engagement\datasets\master_combined_dataset\labels\train\frustrated_2660.txt,34e14f20dd5b0c9abbda389850a7f0a844150d144a92038f325ebd50e450d516,.jpg,72957,640,480,1
frustrated_2665.jpg,S02_frustrated_0007.jpg,S02,3,frustrated,train,D:\varell\college\tugas\semester 7\projek skripsi1\skripsi_yolov13_engagement\datasets\master_combined_dataset\images\train\frustrated_2665.jpg,D:\varell\college\tugas\semester 7\projek skripsi1\skripsi_yolov13_engagement\datasets\master_combined_dataset\labels\train\frustrated_2665.txt,0d28f6518455254fafc210cf5df184698e52384b5f8aad09aec5638f2e9dfd05,.jpg,72928,640,480,1
frustrated_2670.jpg,S02_frustrated_0008.jpg,S02,3,frustrated,train,D:\varell\college\tugas\semester 7\projek skripsi1\skripsi_yolov13_engagement\datasets\master_combined_dataset\images\train\frustrated_2670.jpg,D:\varell\college\tugas\semester 7\projek skripsi1\skripsi_yolov13_engagement\datasets\master_combined_dataset\labels\train\frustrated_2670.txt,16884824854ef3d9f6487d818874581e2be86b2bf660f029df3f95e810e0b056,.jpg,72280,640,480,1
frustrated_2709.jpg,S02_frustrated_0009.jpg,S02,3,frustrated,train,D:\varell\college\tugas\semester 7\projek skripsi1\skripsi_yolov13_engagement\datasets\master_combined_dataset\images\train\frustrated_2709.jpg,D:\varell\college\tugas\semester 7\projek skripsi1\skripsi_yolov13_engagement\datasets\master_combined_dataset\labels\train\frustrated_2709.txt,3fa177248fe88dad6ca802c497bb944a210a9d6773e757b368ce43e2f5b33109,.jpg,73200,640,480,1
frustrated_2713.jpg,S02_frustrated_0010.jpg,S02,3,frustrated,train,D:\varell\college\tugas\semester 7\projek skripsi1\skripsi_yolov13_engagement\datasets\master_combined_dataset\images\train\frustrated_2713.jpg,D:\varell\college\tugas\semester 7\projek skripsi1\skripsi_yolov13_engagement\datasets\master_combined_dataset\labels\train\frustrated_2713.txt,c53229d94c7699736eeac81906d160713f9468bfe3d1b48a2f59704d5aa335ca,.jpg,73616,640,480,1
frustrated_2718.jpg,S02_frustrated_0011.jpg,S02,3,frustrated,train,D:\varell\college\tugas\semester 7\projek skripsi1\skripsi_yolov13_engagement\datasets\master_combined_dataset\images\train\frustrated_2718.jpg,D:\varell\college\tugas\semester 7\projek skripsi1\skripsi_yolov13_engagement\datasets\master_combined_dataset\labels\train\frustrated_2718.txt,b48b27ce67dd6c3a8fa0094301327bc6b270683a5ec3718bc1038771fc5e34eb,.jpg,73366,640,480,1
frustrated_2796.jpg,S02_frustrated_0012.jpg,S02,3,frustrated,test,D:\varell\college\tugas\semester 7\projek skripsi1\skripsi_yolov13_engagement\datasets\master_combined_dataset\images\test\frustrated_2796.jpg,D:\varell\college\tugas\semester 7\projek skripsi1\skripsi_yolov13_engagement\datasets\master_combined_dataset\labels\test\frustrated_2796.txt,9e90130d0262c7de674ae05ca5b50f2b563614d1074ee5ac0bf246fa4a0a57f1,.jpg,73676,640,480,1
frustrated_2799.jpg,S02_frustrated_0013.jpg,S02,3,frustrated,train,D:\varell\college\tugas\semester 7\projek skripsi1\skripsi_yolov13_engagement\datasets\master_combined_dataset\images\train\frustrated_2799.jpg,D:\varell\college\tugas\semester 7\projek skripsi1\skripsi_yolov13_engagement\datasets\master_combined_dataset\labels\train\frustrated_2799.txt,cfd3736f9c5f97be7a82e1f85ab727b8ea44de6b257136c31f26ad9b994641c3,.jpg,75165,640,480,1
frustrated_2803.jpg,S02_frustrated_0014.jpg,S02,3,frustrated,train,D:\varell\college\tugas\semester 7\projek skripsi1\skripsi_yolov13_engagement\datasets\master_combined_dataset\images\train\frustrated_2803.jpg,D:\varell\college\tugas\semester 7\projek skripsi1\skripsi_yolov13_engagement\datasets\master_combined_dataset\labels\train\frustrated_2803.txt,d6d043efd6ba11ded4ab8ed8acbd5b2ac27137d07da17136e3ae3f032b4e4ff8,.jpg,77778,640,480,1
frustrated_2807.jpg,S02_frustrated_0015.jpg,S02,3,frustrated,val,D:\varell\college\tugas\semester 7\projek skripsi1\skripsi_yolov13_engagement\datasets\master_combined_dataset\images\val\frustrated_2807.jpg,D:\varell\college\tugas\semester 7\projek skripsi1\skripsi_yolov13_engagement\datasets\master_combined_dataset\labels\val\frustrated_2807.txt,7f5cc464c7cd3e716ae1303abcf045c13eacf0de3b3669cef56216f95bd58799,.jpg,76520,640,480,1
frustrated_2811.jpg,S02_frustrated_0016.jpg,S02,3,frustrated,train,D:\varell\college\tugas\semester 7\projek skripsi1\skripsi_yolov13_engagement\datasets\master_combined_dataset\images\train\frustrated_2811.jpg,D:\varell\college\tugas\semester 7\projek skripsi1\skripsi_yolov13_engagement\datasets\master_combined_dataset\labels\train\frustrated_2811.txt,c721c4d51341410e727ea8e502e1d5949df4d5d643b25f40778b9e0155a45b14,.jpg,76215,640,480,1
frustrated_2824.jpg,S02_frustrated_0017.jpg,S02,3,frustrated,test,D:\varell\college\tugas\semester 7\projek skripsi1\skripsi_yolov13_engagement\datasets\master_combined_dataset\images\test\frustrated_2824.jpg,D:\varell\college\tugas\semester 7\projek skripsi1\skripsi_yolov13_engagement\datasets\master_combined_dataset\labels\test\frustrated_2824.txt,3d76c0589f0d797acaf48ed1f75646b1846af139272e0d592978e539f28cb608,.jpg,75437,640,480,1
frustrated_2829.jpg,S02_frustrated_0018.jpg,S02,3,frustrated,train,D:\varell\college\tugas\semester 7\projek skripsi1\skripsi_yolov13_engagement\datasets\master_combined_dataset\images\train\frustrated_2829.jpg,D:\varell\college\tugas\semester 7\projek skripsi1\skripsi_yolov13_engagement\datasets\master_combined_dataset\labels\train\frustrated_2829.txt,c9fc9934b68ea238bf8c500c70dfbbf3fc721dabac69f142679abf40dbc49f22,.jpg,76097,640,480,1
frustrated_2833.jpg,S02_frustrated_0019.jpg,S02,3,frustrated,train,D:\varell\college\tugas\semester 7\projek skripsi1\skripsi_yolov13_engagement\datasets\master_combined_dataset\images\train\frustrated_2833.jpg,D:\varell\college\tugas\semester 7\projek skripsi1\skripsi_yolov13_engagement\datasets\master_combined_dataset\labels\train\frustrated_2833.txt,b283b4fb640fd53f57c763c5a6c24fb4f4ff56967174bfc3cf93dbc8c1dcacc8,.jpg,76375,640,480,1
frustrated_2837.jpg,S02_frustrated_0020.jpg,S02,3,frustrated,train,D:\varell\college\tugas\semester 7\projek skripsi1\skripsi_yolov13_engagement\datasets\master_combined_dataset\images\train\frustrated_2837.jpg,D:\varell\college\tugas\semester 7\projek skripsi1\skripsi_yolov13_engagement\datasets\master_combined_dataset\labels\train\frustrated_2837.txt,df244384e8f3ddde20c191e0fbf64c89c2476847362f45506d504c0ca898d4ba,.jpg,76226,640,480,1
frustrated_2843.jpg,S02_frustrated_0021.jpg,S02,3,frustrated,train,D:\varell\college\tugas\semester 7\projek skripsi1\skripsi_yolov13_engagement\datasets\master_combined_dataset\images\train\frustrated_2843.jpg,D:\varell\college\tugas\semester 7\projek skripsi1\skripsi_yolov13_engagement\datasets\master_combined_dataset\labels\train\frustrated_2843.txt,8451ca035fc47e1d6ab6ae82d32175f888a97e254f42270a472bb34c35a228bd,.jpg,76372,640,480,1
frustrated_2846.jpg,S02_frustrated_0022.jpg,S02,3,frustrated,train,D:\varell\college\tugas\semester 7\projek skripsi1\skripsi_yolov13_engagement\datasets\master_combined_dataset\images\train\frustrated_2846.jpg,D:\varell\college\tugas\semester 7\projek skripsi1\skripsi_yolov13_engagement\datasets\master_combined_dataset\labels\train\frustrated_2846.txt,9c1fd9f234ed2052d808f2208053600da33ca0928acbc9bdb65abff200a6814e,.jpg,76172,640,480,1
frustrated_2851.jpg,S02_frustrated_0023.jpg,S02,3,frustrated,train,D:\varell\college\tugas\semester 7\projek skripsi1\skripsi_yolov13_engagement\datasets\master_combined_dataset\images\train\frustrated_2851.jpg,D:\varell\college\tugas\semester 7\projek skripsi1\skripsi_yolov13_engagement\datasets\master_combined_dataset\labels\train\frustrated_2851.txt,3142f9bc720e436515f707f392c2bb2f03072cf5ac85d8093e71bb293d8efeef,.jpg,76084,640,480,1
frustrated_2857.jpg,S02_frustrated_0024.jpg,S02,3,frustrated,train,D:\varell\college\tugas\semester 7\projek skripsi1\skripsi_yolov13_engagement\datasets\master_combined_dataset\images\train\frustrated_2857.jpg,D:\varell\college\tugas\semester 7\projek skripsi1\skripsi_yolov13_engagement\datasets\master_combined_dataset\labels\train\frustrated_2857.txt,d5da8b720e9d69e2e6457a5bfec19534a63a5d9e010ad09383d4ce642dc045d2,.jpg,76311,640,480,1
frustrated_2860.jpg,S02_frustrated_0025.jpg,S02,3,frustrated,train,D:\varell\college\tugas\semester 7\projek skripsi1\skripsi_yolov13_engagement\datasets\master_combined_dataset\images\train\frustrated_2860.jpg,D:\varell\college\tugas\semester 7\projek skripsi1\skripsi_yolov13_engagement\datasets\master_combined_dataset\labels\train\frustrated_2860.txt,bfc82f07a4c2ddce922d7f4b6ae73b9c2fad58637de1e1eeaccd83202daa4fc1,.jpg,76450,640,480,1
frustrated_2890.jpg,S02_frustrated_0026.jpg,S02,3,frustrated,test,D:\varell\college\tugas\semester 7\projek skripsi1\skripsi_yolov13_engagement\datasets\master_combined_dataset\images\test\frustrated_2890.jpg,D:\varell\college\tugas\semester 7\projek skripsi1\skripsi_yolov13_engagement\datasets\master_combined_dataset\labels\test\frustrated_2890.txt,e93abbbe4e4efa83484a7ede1a00033cf40eeab51be57cee9bd079755222b02b,.jpg,76027,640,480,1
frustrated_2893.jpg,S02_frustrated_0027.jpg,S02,3,frustrated,train,D:\varell\college\tugas\semester 7\projek skripsi1\skripsi_yolov13_engagement\datasets\master_combined_dataset\images\train\frustrated_2893.jpg,D:\varell\college\tugas\semester 7\projek skripsi1\skripsi_yolov13_engagement\datasets\master_combined_dataset\labels\train\frustrated_2893.txt,f4613bce37193fcc252c3e421d9facdb80a2c509c9e551e6bc25565fe931acaf,.jpg,76096,640,480,1
frustrated_2896.jpg,S02_frustrated_0028.jpg,S02,3,frustrated,val,D:\varell\college\tugas\semester 7\projek skripsi1\skripsi_yolov13_engagement\datasets\master_combined_dataset\images\val\frustrated_2896.jpg,D:\varell\college\tugas\semester 7\projek skripsi1\skripsi_yolov13_engagement\datasets\master_combined_dataset\labels\val\frustrated_2896.txt,5d30aaa4694c23c253709c89291197f9872d5da04a98800787a4dc4e846e3e5f,.jpg,73685,640,480,1
frustrated_2902.jpg,S02_frustrated_0029.jpg,S02,3,frustrated,train,D:\varell\college\tugas\semester 7\projek skripsi1\skripsi_yolov13_engagement\datasets\master_combined_dataset\images\train\frustrated_2902.jpg,D:\varell\college\tugas\semester 7\projek skripsi1\skripsi_yolov13_engagement\datasets\master_combined_dataset\labels\train\frustrated_2902.txt,372014a5ba013c6c08c2c83381d6af6f55060e66028ac3d90061ad123bc4a6fb,.jpg,75557,640,480,1
frustrated_2906.jpg,S02_frustrated_0030.jpg,S02,3,frustrated,train,D:\varell\college\tugas\semester 7\projek skripsi1\skripsi_yolov13_engagement\datasets\master_combined_dataset\images\train\frustrated_2906.jpg,D:\varell\college\tugas\semester 7\projek skripsi1\skripsi_yolov13_engagement\datasets\master_combined_dataset\labels\train\frustrated_2906.txt,b7d65e9aa2874114577fdb08640be3c419104ffa763aef176d2a0639f3131807,.jpg,75982,640,480,1
frustrated_2909.jpg,S02_frustrated_0031.jpg,S02,3,frustrated,train,D:\varell\college\tugas\semester 7\projek skripsi1\skripsi_yolov13_engagement\datasets\master_combined_dataset\images\train\frustrated_2909.jpg,D:\varell\college\tugas\semester 7\projek skripsi1\skripsi_yolov13_engagement\datasets\master_combined_dataset\labels\train\frustrated_2909.txt,1cae5445f1fc84883f53cc1eb8a5632cd5329673dca298a00da3d1fcfb8400fa,.jpg,75477,640,480,1
frustrated_2911.jpg,S02_frustrated_0032.jpg,S02,3,frustrated,train,D:\varell\college\tugas\semester 7\projek skripsi1\skripsi_yolov13_engagement\datasets\master_combined_dataset\images\train\frustrated_2911.jpg,D:\varell\college\tugas\semester 7\projek skripsi1\skripsi_yolov13_engagement\datasets\master_combined_dataset\labels\train\frustrated_2911.txt,be05512ff821b494b4f37ecbc8974f63f3b45ce2be1e9d6761741ea138bde830,.jpg,75798,640,480,1
frustrated_2925.jpg,S02_frustrated_0033.jpg,S02,3,frustrated,train,D:\varell\college\tugas\semester 7\projek skripsi1\skripsi_yolov13_engagement\datasets\master_combined_dataset\images\train\frustrated_2925.jpg,D:\varell\college\tugas\semester 7\projek skripsi1\skripsi_yolov13_engagement\datasets\master_combined_dataset\labels\train\frustrated_2925.txt,572f9d3ecf5a717d074fcf7f26cd4a5c45d4067c9d8e4221e4b1656b75eabb27,.jpg,75269,640,480,1
frustrated_2926.jpg,S02_frustrated_0034.jpg,S02,3,frustrated,train,D:\varell\college\tugas\semester 7\projek skripsi1\skripsi_yolov13_engagement\datasets\master_combined_dataset\images\train\frustrated_2926.jpg,D:\varell\college\tugas\semester 7\projek skripsi1\skripsi_yolov13_engagement\datasets\master_combined_dataset\labels\train\frustrated_2926.txt,ed59b0c8ad2af37e2a0c2ec5a5e7c27914c406dc80bcb2a1d7395b2608fb62b3,.jpg,75485,640,480,1
frustrated_2928.jpg,S02_frustrated_0035.jpg,S02,3,frustrated,train,D:\varell\college\tugas\semester 7\projek skripsi1\skripsi_yolov13_engagement\datasets\master_combined_dataset\images\train\frustrated_2928.jpg,D:\varell\college\tugas\semester 7\projek skripsi1\skripsi_yolov13_engagement\datasets\master_combined_dataset\labels\train\frustrated_2928.txt,b4fabd4e0cc44e46dcd0cd1afc76331679eea518c2785a2d2ba50a8eda05b739,.jpg,75274,640,480,1
frustrated_2930.jpg,S02_frustrated_0036.jpg,S02,3,frustrated,train,D:\varell\college\tugas\semester 7\projek skripsi1\skripsi_yolov13_engagement\datasets\master_combined_dataset\images\train\frustrated_2930.jpg,D:\varell\college\tugas\semester 7\projek skripsi1\skripsi_yolov13_engagement\datasets\master_combined_dataset\labels\train\frustrated_2930.txt,589baa4cc5bf7f4f8c29c07cc5116577798739b05a21c49fbf491b5ee2775620,.jpg,75653,640,480,1
frustrated_2946.jpg,S02_frustrated_0037.jpg,S02,3,frustrated,test,D:\varell\college\tugas\semester 7\projek skripsi1\skripsi_yolov13_engagement\datasets\master_combined_dataset\images\test\frustrated_2946.jpg,D:\varell\college\tugas\semester 7\projek skripsi1\skripsi_yolov13_engagement\datasets\master_combined_dataset\labels\test\frustrated_2946.txt,1f9ac86ca4485a0488368937a034d0aea964aff04c8d177bc306fdb8ce45d052,.jpg,75209,640,480,1
frustrated_2949.jpg,S02_frustrated_0038.jpg,S02,3,frustrated,train,D:\varell\college\tugas\semester 7\projek skripsi1\skripsi_yolov13_engagement\datasets\master_combined_dataset\images\train\frustrated_2949.jpg,D:\varell\college\tugas\semester 7\projek skripsi1\skripsi_yolov13_engagement\datasets\master_combined_dataset\labels\train\frustrated_2949.txt,a6d48c77cf7061d75b753197d41d77da30d78089c8ca08782794b7b119fede1c,.jpg,75781,640,480,1
frustrated_2956.jpg,S02_frustrated_0039.jpg,S02,3,frustrated,train,D:\varell\college\tugas\semester 7\projek skripsi1\skripsi_yolov13_engagement\datasets\master_combined_dataset\images\train\frustrated_2956.jpg,D:\varell\college\tugas\semester 7\projek skripsi1\skripsi_yolov13_engagement\datasets\master_combined_dataset\labels\train\frustrated_2956.txt,d74011584b4955702a8dc89867b6cfa7de07b44e4a08fbdd68f749f2ad049cbb,.jpg,76482,640,480,1
frustrated_2960.jpg,S02_frustrated_0040.jpg,S02,3,frustrated,val,D:\varell\college\tugas\semester 7\projek skripsi1\skripsi_yolov13_engagement\datasets\master_combined_dataset\images\val\frustrated_2960.jpg,D:\varell\college\tugas\semester 7\projek skripsi1\skripsi_yolov13_engagement\datasets\master_combined_dataset\labels\val\frustrated_2960.txt,289b4120834d03363f6fa92d690fdd562f9d59befb76a3fd223d190cd0b7c26b,.jpg,76349,640,480,1
frustrated_2964.jpg,S02_frustrated_0041.jpg,S02,3,frustrated,train,D:\varell\college\tugas\semester 7\projek skripsi1\skripsi_yolov13_engagement\datasets\master_combined_dataset\images\train\frustrated_2964.jpg,D:\varell\college\tugas\semester 7\projek skripsi1\skripsi_yolov13_engagement\datasets\master_combined_dataset\labels\train\frustrated_2964.txt,319ebad4991175bcde8cd9a61488e51ee4dbcc303da7cc3dc65f5ea343348ddf,.jpg,75573,640,480,1
frustrated_2967.jpg,S02_frustrated_0042.jpg,S02,3,frustrated,train,D:\varell\college\tugas\semester 7\projek skripsi1\skripsi_yolov13_engagement\datasets\master_combined_dataset\images\train\frustrated_2967.jpg,D:\varell\college\tugas\semester 7\projek skripsi1\skripsi_yolov13_engagement\datasets\master_combined_dataset\labels\train\frustrated_2967.txt,05cc40bb3b0bc7dd27275227c8fdf48d8f915853deb49f4d87fc33ecf91d25ba,.jpg,75205,640,480,1
frustrated_2970.jpg,S02_frustrated_0043.jpg,S02,3,frustrated,train,D:\varell\college\tugas\semester 7\projek skripsi1\skripsi_yolov13_engagement\datasets\master_combined_dataset\images\train\frustrated_2970.jpg,D:\varell\college\tugas\semester 7\projek skripsi1\skripsi_yolov13_engagement\datasets\master_combined_dataset\labels\train\frustrated_2970.txt,5a7ea25124c53c119688bc72b37669f33721892f28d4a79d87731441f60ced97,.jpg,74884,640,480,1
frustrated_2974.jpg,S02_frustrated_0044.jpg,S02,3,frustrated,train,D:\varell\college\tugas\semester 7\projek skripsi1\skripsi_yolov13_engagement\datasets\master_combined_dataset\images\train\frustrated_2974.jpg,D:\varell\college\tugas\semester 7\projek skripsi1\skripsi_yolov13_engagement\datasets\master_combined_dataset\labels\train\frustrated_2974.txt,0794474e76a122081c1416ddcae9d910dc461c127de62862a9454c2af72ccbc0,.jpg,75145,640,480,1
frustrated_2979.jpg,S02_frustrated_0045.jpg,S02,3,frustrated,train,D:\varell\college\tugas\semester 7\projek skripsi1\skripsi_yolov13_engagement\datasets\master_combined_dataset\images\train\frustrated_2979.jpg,D:\varell\college\tugas\semester 7\projek skripsi1\skripsi_yolov13_engagement\datasets\master_combined_dataset\labels\train\frustrated_2979.txt,852be6215bd563a44dab56023bbd9c00bbcc24d06eb19502c17a6c62b0bf9cb7,.jpg,75391,640,480,1
frustrated_2985.jpg,S02_frustrated_0046.jpg,S02,3,frustrated,train,D:\varell\college\tugas\semester 7\projek skripsi1\skripsi_yolov13_engagement\datasets\master_combined_dataset\images\train\frustrated_2985.jpg,D:\varell\college\tugas\semester 7\projek skripsi1\skripsi_yolov13_engagement\datasets\master_combined_dataset\labels\train\frustrated_2985.txt,e4e6160a22ea9f89b54eebf70ab029724341986cf0003afebcf8f3a6f8a3d902,.jpg,75231,640,480,1
frustrated_2996.jpg,S02_frustrated_0047.jpg,S02,3,frustrated,train,D:\varell\college\tugas\semester 7\projek skripsi1\skripsi_yolov13_engagement\datasets\master_combined_dataset\images\train\frustrated_2996.jpg,D:\varell\college\tugas\semester 7\projek skripsi1\skripsi_yolov13_engagement\datasets\master_combined_dataset\labels\train\frustrated_2996.txt,c20b8aff9a1d5ee6319eca6946526b88068d4b35578995922997f9c4b0977c59,.jpg,75717,640,480,1
frustrated_3002.jpg,S02_frustrated_0048.jpg,S02,3,frustrated,train,D:\varell\college\tugas\semester 7\projek skripsi1\skripsi_yolov13_engagement\datasets\master_combined_dataset\images\train\frustrated_3002.jpg,D:\varell\college\tugas\semester 7\projek skripsi1\skripsi_yolov13_engagement\datasets\master_combined_dataset\labels\train\frustrated_3002.txt,b61b181f20925edc47fbe1b3b024679df3faa71aff209c18f8963538fdde34ad,.jpg,76384,640,480,1
frustrated_3005.jpg,S02_frustrated_0049.jpg,S02,3,frustrated,train,D:\varell\college\tugas\semester 7\projek skripsi1\skripsi_yolov13_engagement\datasets\master_combined_dataset\images\train\frustrated_3005.jpg,D:\varell\college\tugas\semester 7\projek skripsi1\skripsi_yolov13_engagement\datasets\master_combined_dataset\labels\train\frustrated_3005.txt,6755a8bc419ea8023ea9bf71b183b3e99d6044725d3ef67dda763cc451099eb3,.jpg,76465,640,480,1
frustrated_3021.jpg,S02_frustrated_0050.jpg,S02,3,frustrated,train,D:\varell\college\tugas\semester 7\projek skripsi1\skripsi_yolov13_engagement\datasets\master_combined_dataset\images\train\frustrated_3021.jpg,D:\varell\college\tugas\semester 7\projek skripsi1\skripsi_yolov13_engagement\datasets\master_combined_dataset\labels\train\frustrated_3021.txt,b239ae2612c02b82a9dd9cf9e3d690a37a63677ec7d9ad79ff86a73bb9565d10,.jpg,75539,640,480,1
frustrated_3023.jpg,S02_frustrated_0051.jpg,S02,3,frustrated,train,D:\varell\college\tugas\semester 7\projek skripsi1\skripsi_yolov13_engagement\datasets\master_combined_dataset\images\train\frustrated_3023.jpg,D:\varell\college\tugas\semester 7\projek skripsi1\skripsi_yolov13_engagement\datasets\master_combined_dataset\labels\train\frustrated_3023.txt,ac5a38cbecefc04ba8304076c0dafbe2cc7a79893ca62f807e1895e6a8f92daf,.jpg,75718,640,480,1
frustrated_3069.jpg,S02_frustrated_0052.jpg,S02,3,frustrated,train,D:\varell\college\tugas\semester 7\projek skripsi1\skripsi_yolov13_engagement\datasets\master_combined_dataset\images\train\frustrated_3069.jpg,D:\varell\college\tugas\semester 7\projek skripsi1\skripsi_yolov13_engagement\datasets\master_combined_dataset\labels\train\frustrated_3069.txt,6264193a0dd870e3885b5b60e37b961f5beac09846e02b394a41d2e0007a33cc,.jpg,75375,640,480,1
frustrated_3073.jpg,S02_frustrated_0053.jpg,S02,3,frustrated,val,D:\varell\college\tugas\semester 7\projek skripsi1\skripsi_yolov13_engagement\datasets\master_combined_dataset\images\val\frustrated_3073.jpg,D:\varell\college\tugas\semester 7\projek skripsi1\skripsi_yolov13_engagement\datasets\master_combined_dataset\labels\val\frustrated_3073.txt,d1ebd96f4f714c4fc2acd44593715f664bbc8ae66c5dbca3c330d29005386c22,.jpg,75239,640,480,1
frustrated_3076.jpg,S02_frustrated_0054.jpg,S02,3,frustrated,train,D:\varell\college\tugas\semester 7\projek skripsi1\skripsi_yolov13_engagement\datasets\master_combined_dataset\images\train\frustrated_3076.jpg,D:\varell\college\tugas\semester 7\projek skripsi1\skripsi_yolov13_engagement\datasets\master_combined_dataset\labels\train\frustrated_3076.txt,a4da357eb68527024c853fed78212a7e9f1187117976767a6aee9726fdd4c403,.jpg,75372,640,480,1
frustrated_3082.jpg,S02_frustrated_0055.jpg,S02,3,frustrated,train,D:\varell\college\tugas\semester 7\projek skripsi1\skripsi_yolov13_engagement\datasets\master_combined_dataset\images\train\frustrated_3082.jpg,D:\varell\college\tugas\semester 7\projek skripsi1\skripsi_yolov13_engagement\datasets\master_combined_dataset\labels\train\frustrated_3082.txt,e88d0b73476cf368bf6f2f3787ce0444285f527a7c3f3c11d10aaaca5aa3b5fe,.jpg,75342,640,480,1
frustrated_3084.jpg,S02_frustrated_0056.jpg,S02,3,frustrated,train,D:\varell\college\tugas\semester 7\projek skripsi1\skripsi_yolov13_engagement\datasets\master_combined_dataset\images\train\frustrated_3084.jpg,D:\varell\college\tugas\semester 7\projek skripsi1\skripsi_yolov13_engagement\datasets\master_combined_dataset\labels\train\frustrated_3084.txt,387968a41173c6912d94a7a8b2a9e1e6b92653ef40e22150580c73d53afbcd6e,.jpg,75467,640,480,1
frustrated_3094.jpg,S02_frustrated_0057.jpg,S02,3,frustrated,train,D:\varell\college\tugas\semester 7\projek skripsi1\skripsi_yolov13_engagement\datasets\master_combined_dataset\images\train\frustrated_3094.jpg,D:\varell\college\tugas\semester 7\projek skripsi1\skripsi_yolov13_engagement\datasets\master_combined_dataset\labels\train\frustrated_3094.txt,0fc42684040530f21fdb4f5e16330d8c5e34efac2b97c1152f6cd3ecb1c383e8,.jpg,75482,640,480,1
frustrated_3097.jpg,S02_frustrated_0058.jpg,S02,3,frustrated,val,D:\varell\college\tugas\semester 7\projek skripsi1\skripsi_yolov13_engagement\datasets\master_combined_dataset\images\val\frustrated_3097.jpg,D:\varell\college\tugas\semester 7\projek skripsi1\skripsi_yolov13_engagement\datasets\master_combined_dataset\labels\val\frustrated_3097.txt,01ce6d518aef323b4b2e09452acf7d6af2e994cd03949af95825e05723860b4e,.jpg,75495,640,480,1
frustrated_3100.jpg,S02_frustrated_0059.jpg,S02,3,frustrated,train,D:\varell\college\tugas\semester 7\projek skripsi1\skripsi_yolov13_engagement\datasets\master_combined_dataset\images\train\frustrated_3100.jpg,D:\varell\college\tugas\semester 7\projek skripsi1\skripsi_yolov13_engagement\datasets\master_combined_dataset\labels\train\frustrated_3100.txt,d3e5fbd2f50e5d43ab5e21aab60c8e25c7822d5fcb499f9ce799ec5c3a4c09cf,.jpg,75371,640,480,1
frustrated_3102.jpg,S02_frustrated_0060.jpg,S02,3,frustrated,train,D:\varell\college\tugas\semester 7\projek skripsi1\skripsi_yolov13_engagement\datasets\master_combined_dataset\images\train\frustrated_3102.jpg,D:\varell\college\tugas\semester 7\projek skripsi1\skripsi_yolov13_engagement\datasets\master_combined_dataset\labels\train\frustrated_3102.txt,79558fdb5484727f28cfe6c625bc8b1c0465c54400418071b1910f80708afe24,.jpg,75193,640,480,1
frustrated_3106.jpg,S02_frustrated_0061.jpg,S02,3,frustrated,train,D:\varell\college\tugas\semester 7\projek skripsi1\skripsi_yolov13_engagement\datasets\master_combined_dataset\images\train\frustrated_3106.jpg,D:\varell\college\tugas\semester 7\projek skripsi1\skripsi_yolov13_engagement\datasets\master_combined_dataset\labels\train\frustrated_3106.txt,587ac4dc79080f4989d77d9efbfca56d6cff0aa95475c54d1b4365415bf348b4,.jpg,75427,640,480,1
frustrated_3111.jpg,S02_frustrated_0062.jpg,S02,3,frustrated,test,D:\varell\college\tugas\semester 7\projek skripsi1\skripsi_yolov13_engagement\datasets\master_combined_dataset\images\test\frustrated_3111.jpg,D:\varell\college\tugas\semester 7\projek skripsi1\skripsi_yolov13_engagement\datasets\master_combined_dataset\labels\test\frustrated_3111.txt,f0e6196288d25875d8c5316cb0670df6c1048e1f771a449e328468038bae167b,.jpg,75228,640,480,1
frustrated_3115.jpg,S02_frustrated_0063.jpg,S02,3,frustrated,train,D:\varell\college\tugas\semester 7\projek skripsi1\skripsi_yolov13_engagement\datasets\master_combined_dataset\images\train\frustrated_3115.jpg,D:\varell\college\tugas\semester 7\projek skripsi1\skripsi_yolov13_engagement\datasets\master_combined_dataset\labels\train\frustrated_3115.txt,fdc4e594bf6fa1c0c186897649a76891e3f637fb4e21625b3693733b7b7b8273,.jpg,74550,640,480,1
frustrated_3119.jpg,S02_frustrated_0064.jpg,S02,3,frustrated,train,D:\varell\college\tugas\semester 7\projek skripsi1\skripsi_yolov13_engagement\datasets\master_combined_dataset\images\train\frustrated_3119.jpg,D:\varell\college\tugas\semester 7\projek skripsi1\skripsi_yolov13_engagement\datasets\master_combined_dataset\labels\train\frustrated_3119.txt,7976ad9330a752a085090031c23fec0b57c0e4510e07d117a58bb00ee85116f6,.jpg,74082,640,480,1
frustrated_3122.jpg,S02_frustrated_0065.jpg,S02,3,frustrated,train,D:\varell\college\tugas\semester 7\projek skripsi1\skripsi_yolov13_engagement\datasets\master_combined_dataset\images\train\frustrated_3122.jpg,D:\varell\college\tugas\semester 7\projek skripsi1\skripsi_yolov13_engagement\datasets\master_combined_dataset\labels\train\frustrated_3122.txt,2c775776aba15fb4402edf6e71e9c119527981f16b6efda34b117d04c39454d3,.jpg,74305,640,480,1
frustrated_3128.jpg,S02_frustrated_0066.jpg,S02,3,frustrated,val,D:\varell\college\tugas\semester 7\projek skripsi1\skripsi_yolov13_engagement\datasets\master_combined_dataset\images\val\frustrated_3128.jpg,D:\varell\college\tugas\semester 7\projek skripsi1\skripsi_yolov13_engagement\datasets\master_combined_dataset\labels\val\frustrated_3128.txt,3699b0b3fb405741ff2f741167103b50a28361d2d4e7f46203042993d4c1662b,.jpg,74393,640,480,1
frustrated_3134.jpg,S02_frustrated_0067.jpg,S02,3,frustrated,val,D:\varell\college\tugas\semester 7\projek skripsi1\skripsi_yolov13_engagement\datasets\master_combined_dataset\images\val\frustrated_3134.jpg,D:\varell\college\tugas\semester 7\projek skripsi1\skripsi_yolov13_engagement\datasets\master_combined_dataset\labels\val\frustrated_3134.txt,c8d6a5fe25b1d7d3dd649cb544e394a70b33ad98ccae811575c0a4e6a5cda5f4,.jpg,74470,640,480,1
frustrated_3138.jpg,S02_frustrated_0068.jpg,S02,3,frustrated,train,D:\varell\college\tugas\semester 7\projek skripsi1\skripsi_yolov13_engagement\datasets\master_combined_dataset\images\train\frustrated_3138.jpg,D:\varell\college\tugas\semester 7\projek skripsi1\skripsi_yolov13_engagement\datasets\master_combined_dataset\labels\train\frustrated_3138.txt,b48da81676f3bfa41b65e35287234e2ad9cac61e84e8c4f75fcbd4b6030d29b5,.jpg,74388,640,480,1
frustrated_3150.jpg,S02_frustrated_0069.jpg,S02,3,frustrated,train,D:\varell\college\tugas\semester 7\projek skripsi1\skripsi_yolov13_engagement\datasets\master_combined_dataset\images\train\frustrated_3150.jpg,D:\varell\college\tugas\semester 7\projek skripsi1\skripsi_yolov13_engagement\datasets\master_combined_dataset\labels\train\frustrated_3150.txt,44702bd9156846c56c46dffc8e44c55776f5da0880b85c9058b8fc5395a5017d,.jpg,73868,640,480,1
frustrated_3155.jpg,S02_frustrated_0070.jpg,S02,3,frustrated,train,D:\varell\college\tugas\semester 7\projek skripsi1\skripsi_yolov13_engagement\datasets\master_combined_dataset\images\train\frustrated_3155.jpg,D:\varell\college\tugas\semester 7\projek skripsi1\skripsi_yolov13_engagement\datasets\master_combined_dataset\labels\train\frustrated_3155.txt,27d42cbea08d19b540ff43d019eb24bf0f4a5b050b510e59b33009f7d9f80f47,.jpg,73789,640,480,1
frustrated_3159.jpg,S02_frustrated_0071.jpg,S02,3,frustrated,test,D:\varell\college\tugas\semester 7\projek skripsi1\skripsi_yolov13_engagement\datasets\master_combined_dataset\images\test\frustrated_3159.jpg,D:\varell\college\tugas\semester 7\projek skripsi1\skripsi_yolov13_engagement\datasets\master_combined_dataset\labels\test\frustrated_3159.txt,cc1775ee05bf32b4d3996a820850c1eef8d1933b4049912acd6607c367faede4,.jpg,73336,640,480,1
bored_4100.jpg,S03_bored_0001.jpg,S03,2,bored,train,D:\varell\college\tugas\semester 7\projek skripsi1\skripsi_yolov13_engagement\datasets\master_combined_dataset\images\train\bored_4100.jpg,D:\varell\college\tugas\semester 7\projek skripsi1\skripsi_yolov13_engagement\datasets\master_combined_dataset\labels\train\bored_4100.txt,ad2f019d467d638d7ce3f334f8356f5da736f5383a60e86c3fe7295989e8620a,.jpg,75181,640,480,1
bored_4372.jpg,S03_bored_0002.jpg,S03,2,bored,train,D:\varell\college\tugas\semester 7\projek skripsi1\skripsi_yolov13_engagement\datasets\master_combined_dataset\images\train\bored_4372.jpg,D:\varell\college\tugas\semester 7\projek skripsi1\skripsi_yolov13_engagement\datasets\master_combined_dataset\labels\train\bored_4372.txt,64be49d38750781886eed513cff15ac4736e552447f4da9d3c7be76f319fdf91,.jpg,73706,640,480,1
bored_4455.jpg,S03_bored_0003.jpg,S03,2,bored,train,D:\varell\college\tugas\semester 7\projek skripsi1\skripsi_yolov13_engagement\datasets\master_combined_dataset\images\train\bored_4455.jpg,D:\varell\college\tugas\semester 7\projek skripsi1\skripsi_yolov13_engagement\datasets\master_combined_dataset\labels\train\bored_4455.txt,d15c38d6737b4254a111a315f1b6dde567b2487fd54ed9a7d492b402d7576c71,.jpg,74148,640,480,1
bored_4458.jpg,S03_bored_0004.jpg,S03,2,bored,train,D:\varell\college\tugas\semester 7\projek skripsi1\skripsi_yolov13_engagement\datasets\master_combined_dataset\images\train\bored_4458.jpg,D:\varell\college\tugas\semester 7\projek skripsi1\skripsi_yolov13_engagement\datasets\master_combined_dataset\labels\train\bored_4458.txt,ea6ee91c61b2173b0fa974dcc973e279ec2cf109646d9af1c456abaad3cf7e0a,.jpg,74131,640,480,1
bored_4461.jpg,S03_bored_0005.jpg,S03,2,bored,train,D:\varell\college\tugas\semester 7\projek skripsi1\skripsi_yolov13_engagement\datasets\master_combined_dataset\images\train\bored_4461.jpg,D:\varell\college\tugas\semester 7\projek skripsi1\skripsi_yolov13_engagement\datasets\master_combined_dataset\labels\train\bored_4461.txt,33afd0b6acd95d4c727e8a49cd443e3906b53f6fab61b4ef1c535e2a42071255,.jpg,74122,640,480,1
bored_4463.jpg,S03_bored_0006.jpg,S03,2,bored,train,D:\varell\college\tugas\semester 7\projek skripsi1\skripsi_yolov13_engagement\datasets\master_combined_dataset\images\train\bored_4463.jpg,D:\varell\college\tugas\semester 7\projek skripsi1\skripsi_yolov13_engagement\datasets\master_combined_dataset\labels\train\bored_4463.txt,2b7f0bbf3a7aa1892c580efef51a5941a7eb791e365421063b05b7d1d784624c,.jpg,73900,640,480,1
bored_4491.jpg,S03_bored_0007.jpg,S03,2,bored,val,D:\varell\college\tugas\semester 7\projek skripsi1\skripsi_yolov13_engagement\datasets\master_combined_dataset\images\val\bored_4491.jpg,D:\varell\college\tugas\semester 7\projek skripsi1\skripsi_yolov13_engagement\datasets\master_combined_dataset\labels\val\bored_4491.txt,a5dd106276b5fd021988be1842ced119af36bf09caf13a6739a5dde171713ae5,.jpg,74194,640,480,1
bored_4505.jpg,S03_bored_0008.jpg,S03,2,bored,train,D:\varell\college\tugas\semester 7\projek skripsi1\skripsi_yolov13_engagement\datasets\master_combined_dataset\images\train\bored_4505.jpg,D:\varell\college\tugas\semester 7\projek skripsi1\skripsi_yolov13_engagement\datasets\master_combined_dataset\labels\train\bored_4505.txt,aa04cf00bb292edb83ed2ca371ea6599db062b4d23821cc206af0fc751f2dbec,.jpg,73746,640,480,1
bored_4509.jpg,S03_bored_0009.jpg,S03,2,bored,train,D:\varell\college\tugas\semester 7\projek skripsi1\skripsi_yolov13_engagement\datasets\master_combined_dataset\images\train\bored_4509.jpg,D:\varell\college\tugas\semester 7\projek skripsi1\skripsi_yolov13_engagement\datasets\master_combined_dataset\labels\train\bored_4509.txt,015c8f459a537be520bb13ff4215fba22dde5c564d2932724621a899cd4fd955,.jpg,73442,640,480,1
bored_4515.jpg,S03_bored_0010.jpg,S03,2,bored,train,D:\varell\college\tugas\semester 7\projek skripsi1\skripsi_yolov13_engagement\datasets\master_combined_dataset\images\train\bored_4515.jpg,D:\varell\college\tugas\semester 7\projek skripsi1\skripsi_yolov13_engagement\datasets\master_combined_dataset\labels\train\bored_4515.txt,2ddd95562cf576c2d9d31bf517deea869b19901af0b2cf5ea79769d0ad340891,.jpg,73026,640,480,1
bored_4520.jpg,S03_bored_0011.jpg,S03,2,bored,train,D:\varell\college\tugas\semester 7\projek skripsi1\skripsi_yolov13_engagement\datasets\master_combined_dataset\images\train\bored_4520.jpg,D:\varell\college\tugas\semester 7\projek skripsi1\skripsi_yolov13_engagement\datasets\master_combined_dataset\labels\train\bored_4520.txt,ff2c490eab86ff86fe5ebc07cb706f65cc74f6093c5cb1e69602325d9a420bd1,.jpg,72758,640,480,1
confused_3166.jpg,S03_confused_0001.jpg,S03,1,confused,train,D:\varell\college\tugas\semester 7\projek skripsi1\skripsi_yolov13_engagement\datasets\master_combined_dataset\images\train\confused_3166.jpg,D:\varell\college\tugas\semester 7\projek skripsi1\skripsi_yolov13_engagement\datasets\master_combined_dataset\labels\train\confused_3166.txt,222fef0da2ed82f77462fc270f12ca88addd134753069d6f225bb54e43f8f957,.jpg,45175,469,480,1
confused_3191.jpg,S03_confused_0002.jpg,S03,1,confused,train,D:\varell\college\tugas\semester 7\projek skripsi1\skripsi_yolov13_engagement\datasets\master_combined_dataset\images\train\confused_3191.jpg,D:\varell\college\tugas\semester 7\projek skripsi1\skripsi_yolov13_engagement\datasets\master_combined_dataset\labels\train\confused_3191.txt,5de132c7df5026997acbd2a1d175e16335365c95d7f784483d50173d8fd9808d,.jpg,43987,460,480,1
confused_3197.jpg,S03_confused_0003.jpg,S03,1,confused,train,D:\varell\college\tugas\semester 7\projek skripsi1\skripsi_yolov13_engagement\datasets\master_combined_dataset\images\train\confused_3197.jpg,D:\varell\college\tugas\semester 7\projek skripsi1\skripsi_yolov13_engagement\datasets\master_combined_dataset\labels\train\confused_3197.txt,be5b24b68ed0051c61dadd1d3e5baa8268804f1d829396400ce8546f1b8c2349,.jpg,45039,471,480,1
confused_3201.jpg,S03_confused_0004.jpg,S03,1,confused,train,D:\varell\college\tugas\semester 7\projek skripsi1\skripsi_yolov13_engagement\datasets\master_combined_dataset\images\train\confused_3201.jpg,D:\varell\college\tugas\semester 7\projek skripsi1\skripsi_yolov13_engagement\datasets\master_combined_dataset\labels\train\confused_3201.txt,babf3bd0121f13974a862d9756a8d6215b4e877d6ef95f904e0ae223be3d2c39,.jpg,45599,479,480,1
confused_3241.jpg,S03_confused_0005.jpg,S03,1,confused,train,D:\varell\college\tugas\semester 7\projek skripsi1\skripsi_yolov13_engagement\datasets\master_combined_dataset\images\train\confused_3241.jpg,D:\varell\college\tugas\semester 7\projek skripsi1\skripsi_yolov13_engagement\datasets\master_combined_dataset\labels\train\confused_3241.txt,e3b07c7cf8e53a513e09d27fd221c370cb9a925cbc30296b4c51eef0f9fde1f6,.jpg,44328,467,480,1
confused_3257.jpg,S03_confused_0006.jpg,S03,1,confused,train,D:\varell\college\tugas\semester 7\projek skripsi1\skripsi_yolov13_engagement\datasets\master_combined_dataset\images\train\confused_3257.jpg,D:\varell\college\tugas\semester 7\projek skripsi1\skripsi_yolov13_engagement\datasets\master_combined_dataset\labels\train\confused_3257.txt,4902fb4f97345c7fad8d4db55e6b66ba6c507259927a6a797cdae2134e0b62b4,.jpg,45295,470,480,1
confused_3269.jpg,S03_confused_0007.jpg,S03,1,confused,train,D:\varell\college\tugas\semester 7\projek skripsi1\skripsi_yolov13_engagement\datasets\master_combined_dataset\images\train\confused_3269.jpg,D:\varell\college\tugas\semester 7\projek skripsi1\skripsi_yolov13_engagement\datasets\master_combined_dataset\labels\train\confused_3269.txt,f4349d187934e7eb5df2aa74b7e256e2d33b56044d361b6aa013ffcda87cf284,.jpg,45661,476,480,1
confused_3299.jpg,S03_confused_0008.jpg,S03,1,confused,train,D:\varell\college\tugas\semester 7\projek skripsi1\skripsi_yolov13_engagement\datasets\master_combined_dataset\images\train\confused_3299.jpg,D:\varell\college\tugas\semester 7\projek skripsi1\skripsi_yolov13_engagement\datasets\master_combined_dataset\labels\train\confused_3299.txt,1e9d3c57303752264e51cb70a0d4cd3600d1db8f8f57bc4edf38a14c8b1bb75b,.jpg,42821,464,480,1
engaged_1086.jpg,S03_engaged_0001.jpg,S03,0,engaged,train,D:\varell\college\tugas\semester 7\projek skripsi1\skripsi_yolov13_engagement\datasets\master_combined_dataset\images\train\engaged_1086.jpg,D:\varell\college\tugas\semester 7\projek skripsi1\skripsi_yolov13_engagement\datasets\master_combined_dataset\labels\train\engaged_1086.txt,b0b4c150744ee4e278d3c7812ce5a961dd18791fcaa12701982577ef5353d7b6,.jpg,72902,640,480,1
engaged_1091.jpg,S03_engaged_0002.jpg,S03,0,engaged,train,D:\varell\college\tugas\semester 7\projek skripsi1\skripsi_yolov13_engagement\datasets\master_combined_dataset\images\train\engaged_1091.jpg,D:\varell\college\tugas\semester 7\projek skripsi1\skripsi_yolov13_engagement\datasets\master_combined_dataset\labels\train\engaged_1091.txt,2e9b0a00407db1201b44d34b9a7af2b36f760745c2846aebcc3c257f8bac17e8,.jpg,72809,640,480,1
engaged_1098.jpg,S03_engaged_0003.jpg,S03,0,engaged,train,D:\varell\college\tugas\semester 7\projek skripsi1\skripsi_yolov13_engagement\datasets\master_combined_dataset\images\train\engaged_1098.jpg,D:\varell\college\tugas\semester 7\projek skripsi1\skripsi_yolov13_engagement\datasets\master_combined_dataset\labels\train\engaged_1098.txt,ddc70c3000c1fc44f9803b42e02884b4afeaee65a70266ef07fdbbf8b6afb759,.jpg,73433,640,480,1
engaged_1124.jpg,S03_engaged_0004.jpg,S03,0,engaged,train,D:\varell\college\tugas\semester 7\projek skripsi1\skripsi_yolov13_engagement\datasets\master_combined_dataset\images\train\engaged_1124.jpg,D:\varell\college\tugas\semester 7\projek skripsi1\skripsi_yolov13_engagement\datasets\master_combined_dataset\labels\train\engaged_1124.txt,2bba1fd0442038fe6cf371b37642713f58be9cfdddbcdd8a5d9903086e0560b5,.jpg,72967,640,480,1
engaged_1129.jpg,S03_engaged_0005.jpg,S03,0,engaged,test,D:\varell\college\tugas\semester 7\projek skripsi1\skripsi_yolov13_engagement\datasets\master_combined_dataset\images\test\engaged_1129.jpg,D:\varell\college\tugas\semester 7\projek skripsi1\skripsi_yolov13_engagement\datasets\master_combined_dataset\labels\test\engaged_1129.txt,4fa8e7b0bcac988f584613fd9beaf3e570ea8f849f81f9843d248a6478fd949f,.jpg,73075,640,480,1
engaged_1160.jpg,S03_engaged_0006.jpg,S03,0,engaged,train,D:\varell\college\tugas\semester 7\projek skripsi1\skripsi_yolov13_engagement\datasets\master_combined_dataset\images\train\engaged_1160.jpg,D:\varell\college\tugas\semester 7\projek skripsi1\skripsi_yolov13_engagement\datasets\master_combined_dataset\labels\train\engaged_1160.txt,4b592a562b244e79e814483a0836095e0278e64fe6f45957d5505171e2f1abe8,.jpg,73517,640,480,1
engaged_1168.jpg,S03_engaged_0007.jpg,S03,0,engaged,train,D:\varell\college\tugas\semester 7\projek skripsi1\skripsi_yolov13_engagement\datasets\master_combined_dataset\images\train\engaged_1168.jpg,D:\varell\college\tugas\semester 7\projek skripsi1\skripsi_yolov13_engagement\datasets\master_combined_dataset\labels\train\engaged_1168.txt,036d3d60b64ec53e1ba37f1d15e668af9d497eaedb9fe3f1b90f3a5664ec984a,.jpg,73336,640,480,1
engaged_591.jpg,S03_engaged_0008.jpg,S03,0,engaged,train,D:\varell\college\tugas\semester 7\projek skripsi1\skripsi_yolov13_engagement\datasets\master_combined_dataset\images\train\engaged_591.jpg,D:\varell\college\tugas\semester 7\projek skripsi1\skripsi_yolov13_engagement\datasets\master_combined_dataset\labels\train\engaged_591.txt,5ad5b94698f54d556610e61edddcc08950a31d816c1b005fc408c58928a6e7d2,.jpg,73561,640,480,1
engaged_672.jpg,S03_engaged_0009.jpg,S03,0,engaged,train,D:\varell\college\tugas\semester 7\projek skripsi1\skripsi_yolov13_engagement\datasets\master_combined_dataset\images\train\engaged_672.jpg,D:\varell\college\tugas\semester 7\projek skripsi1\skripsi_yolov13_engagement\datasets\master_combined_dataset\labels\train\engaged_672.txt,a5cd63f427136ae8a76bd3294d14046a4007bd4c9979ad95948e18aaf0080b19,.jpg,71514,640,480,1
engaged_687.jpg,S03_engaged_0010.jpg,S03,0,engaged,train,D:\varell\college\tugas\semester 7\projek skripsi1\skripsi_yolov13_engagement\datasets\master_combined_dataset\images\train\engaged_687.jpg,D:\varell\college\tugas\semester 7\projek skripsi1\skripsi_yolov13_engagement\datasets\master_combined_dataset\labels\train\engaged_687.txt,fdf52ab74cb86454dddd7ff3db2cad2697bbbceb51c1c4d440856a4a5a42b9e0,.jpg,72425,640,480,1
engaged_885.jpg,S03_engaged_0011.jpg,S03,0,engaged,test,D:\varell\college\tugas\semester 7\projek skripsi1\skripsi_yolov13_engagement\datasets\master_combined_dataset\images\test\engaged_885.jpg,D:\varell\college\tugas\semester 7\projek skripsi1\skripsi_yolov13_engagement\datasets\master_combined_dataset\labels\test\engaged_885.txt,6bc8ecd19a72b5c17b8793e33f2f1c8b5535b427532dc3b62a2446b8388c8be2,.jpg,72710,640,480,1
frustrated_2540.jpg,S03_frustrated_0001.jpg,S03,3,frustrated,test,D:\varell\college\tugas\semester 7\projek skripsi1\skripsi_yolov13_engagement\datasets\master_combined_dataset\images\test\frustrated_2540.jpg,D:\varell\college\tugas\semester 7\projek skripsi1\skripsi_yolov13_engagement\datasets\master_combined_dataset\labels\test\frustrated_2540.txt,799aa5ace6b6657a3e46b9115fd3ad632b845780300b6892ba366822749e0c2e,.jpg,46491,471,480,1
frustrated_2558.jpg,S03_frustrated_0002.jpg,S03,3,frustrated,train,D:\varell\college\tugas\semester 7\projek skripsi1\skripsi_yolov13_engagement\datasets\master_combined_dataset\images\train\frustrated_2558.jpg,D:\varell\college\tugas\semester 7\projek skripsi1\skripsi_yolov13_engagement\datasets\master_combined_dataset\labels\train\frustrated_2558.txt,2b951849db8e85cb0e5a6ce553d80c6ef64d0f430a97e495a41388c27633f2f5,.jpg,43413,442,480,1
frustrated_2563.jpg,S03_frustrated_0003.jpg,S03,3,frustrated,train,D:\varell\college\tugas\semester 7\projek skripsi1\skripsi_yolov13_engagement\datasets\master_combined_dataset\images\train\frustrated_2563.jpg,D:\varell\college\tugas\semester 7\projek skripsi1\skripsi_yolov13_engagement\datasets\master_combined_dataset\labels\train\frustrated_2563.txt,77e2cf7049142e3ecf2e834dfb14c52431bf1640a0c31df2e53210cca87a419f,.jpg,45072,464,480,1
bored_1750.jpg,S04_bored_0001.jpg,S04,2,bored,train,D:\varell\college\tugas\semester 7\projek skripsi1\skripsi_yolov13_engagement\datasets\master_combined_dataset\images\train\bored_1750.jpg,D:\varell\college\tugas\semester 7\projek skripsi1\skripsi_yolov13_engagement\datasets\master_combined_dataset\labels\train\bored_1750.txt,47a922a1bf305556e00ee6bd46f921d22a5aeeb07e40eaeb22e56800fe98f5ca,.jpg,58033,640,480,1
bored_2135.jpg,S04_bored_0002.jpg,S04,2,bored,train,D:\varell\college\tugas\semester 7\projek skripsi1\skripsi_yolov13_engagement\datasets\master_combined_dataset\images\train\bored_2135.jpg,D:\varell\college\tugas\semester 7\projek skripsi1\skripsi_yolov13_engagement\datasets\master_combined_dataset\labels\train\bored_2135.txt,b7c211a721feadf6f58ad70fc2df173b6264fa82d94296f32a96ad12a4c0134c,.jpg,67101,640,480,1
bored_2208.jpg,S04_bored_0003.jpg,S04,2,bored,train,D:\varell\college\tugas\semester 7\projek skripsi1\skripsi_yolov13_engagement\datasets\master_combined_dataset\images\train\bored_2208.jpg,D:\varell\college\tugas\semester 7\projek skripsi1\skripsi_yolov13_engagement\datasets\master_combined_dataset\labels\train\bored_2208.txt,74841474979eb43309dec31e8c3db30f104e2ea6e5e5f8ea4b49f95aadfc89a7,.jpg,67784,640,480,1
bored_2255.jpg,S04_bored_0004.jpg,S04,2,bored,train,D:\varell\college\tugas\semester 7\projek skripsi1\skripsi_yolov13_engagement\datasets\master_combined_dataset\images\train\bored_2255.jpg,D:\varell\college\tugas\semester 7\projek skripsi1\skripsi_yolov13_engagement\datasets\master_combined_dataset\labels\train\bored_2255.txt,55cda27caf7d0db23c916057f90d6f79999e0fea8d2586d0078828bbeca12689,.jpg,64203,640,480,1
confused_2672.jpg,S04_confused_0001.jpg,S04,1,confused,val,D:\varell\college\tugas\semester 7\projek skripsi1\skripsi_yolov13_engagement\datasets\master_combined_dataset\images\val\confused_2672.jpg,D:\varell\college\tugas\semester 7\projek skripsi1\skripsi_yolov13_engagement\datasets\master_combined_dataset\labels\val\confused_2672.txt,a6d9e56c141eec8486503e2381a1e938e84cf38a258261ba22df7ad5eaa83933,.jpg,63711,640,480,1
confused_2735.jpg,S04_confused_0002.jpg,S04,1,confused,train,D:\varell\college\tugas\semester 7\projek skripsi1\skripsi_yolov13_engagement\datasets\master_combined_dataset\images\train\confused_2735.jpg,D:\varell\college\tugas\semester 7\projek skripsi1\skripsi_yolov13_engagement\datasets\master_combined_dataset\labels\train\confused_2735.txt,7be0f845bf39cbf0881ae2bced3e1a4d9c8a76008acc43aed216d819e8951ae7,.jpg,62849,640,480,1
confused_2767.jpg,S04_confused_0003.jpg,S04,1,confused,train,D:\varell\college\tugas\semester 7\projek skripsi1\skripsi_yolov13_engagement\datasets\master_combined_dataset\images\train\confused_2767.jpg,D:\varell\college\tugas\semester 7\projek skripsi1\skripsi_yolov13_engagement\datasets\master_combined_dataset\labels\train\confused_2767.txt,cb019f1baf95b682898ba93569d81727b61d466a95e8fbe453ddad2c92307940,.jpg,68679,640,480,1
engaged_1083.jpg,S04_engaged_0001.jpg,S04,0,engaged,train,D:\varell\college\tugas\semester 7\projek skripsi1\skripsi_yolov13_engagement\datasets\master_combined_dataset\images\train\engaged_1083.jpg,D:\varell\college\tugas\semester 7\projek skripsi1\skripsi_yolov13_engagement\datasets\master_combined_dataset\labels\train\engaged_1083.txt,2d5b960a46351ddb0f030db29f02c780c17a9b0cc09f0d40a2793a8637eaae31,.jpg,61030,640,480,1
engaged_1106.jpg,S04_engaged_0002.jpg,S04,0,engaged,train,D:\varell\college\tugas\semester 7\projek skripsi1\skripsi_yolov13_engagement\datasets\master_combined_dataset\images\train\engaged_1106.jpg,D:\varell\college\tugas\semester 7\projek skripsi1\skripsi_yolov13_engagement\datasets\master_combined_dataset\labels\train\engaged_1106.txt,f6e2af41da1566ed4134b7d373ab3dc3d4bb4a550c8c8086c628600aefa7c2ab,.jpg,59539,640,480,1
engaged_1149.jpg,S04_engaged_0003.jpg,S04,0,engaged,test,D:\varell\college\tugas\semester 7\projek skripsi1\skripsi_yolov13_engagement\datasets\master_combined_dataset\images\test\engaged_1149.jpg,D:\varell\college\tugas\semester 7\projek skripsi1\skripsi_yolov13_engagement\datasets\master_combined_dataset\labels\test\engaged_1149.txt,b70f914d72348d654439ca6bd2fe397e4c5b6f967c74c6cb4248d775e49e1a51,.jpg,60311,640,480,1
engaged_1200.jpg,S04_engaged_0004.jpg,S04,0,engaged,train,D:\varell\college\tugas\semester 7\projek skripsi1\skripsi_yolov13_engagement\datasets\master_combined_dataset\images\train\engaged_1200.jpg,D:\varell\college\tugas\semester 7\projek skripsi1\skripsi_yolov13_engagement\datasets\master_combined_dataset\labels\train\engaged_1200.txt,dd723f280636b4fe22ffe571f492e9d9d0e0d54c564f07f37cf9e51bdfe296df,.jpg,61637,640,480,1
frustrated_3533.jpg,S04_frustrated_0001.jpg,S04,3,frustrated,val,D:\varell\college\tugas\semester 7\projek skripsi1\skripsi_yolov13_engagement\datasets\master_combined_dataset\images\val\frustrated_3533.jpg,D:\varell\college\tugas\semester 7\projek skripsi1\skripsi_yolov13_engagement\datasets\master_combined_dataset\labels\val\frustrated_3533.txt,80c84522f605b49efdf998eeee4a625aae370f9a6d5e84493d2e78bf9a3a6a53,.jpg,53605,640,480,1
frustrated_3625.jpg,S04_frustrated_0002.jpg,S04,3,frustrated,train,D:\varell\college\tugas\semester 7\projek skripsi1\skripsi_yolov13_engagement\datasets\master_combined_dataset\images\train\frustrated_3625.jpg,D:\varell\college\tugas\semester 7\projek skripsi1\skripsi_yolov13_engagement\datasets\master_combined_dataset\labels\train\frustrated_3625.txt,2974e28a13574076ae1d865036d89b8e55963b24c19b092d927d8a5b58ae9010,.jpg,50024,640,480,1
frustrated_3646.jpg,S04_frustrated_0003.jpg,S04,3,frustrated,train,D:\varell\college\tugas\semester 7\projek skripsi1\skripsi_yolov13_engagement\datasets\master_combined_dataset\images\train\frustrated_3646.jpg,D:\varell\college\tugas\semester 7\projek skripsi1\skripsi_yolov13_engagement\datasets\master_combined_dataset\labels\train\frustrated_3646.txt,079eaf8fea361de9b3c03577bcb1a8d48e603d187a2a103918aea532c54a375e,.jpg,54059,640,480,1
bored_4863.jpg,S05_bored_0001.jpg,S05,2,bored,train,D:\varell\college\tugas\semester 7\projek skripsi1\skripsi_yolov13_engagement\datasets\master_combined_dataset\images\train\bored_4863.jpg,D:\varell\college\tugas\semester 7\projek skripsi1\skripsi_yolov13_engagement\datasets\master_combined_dataset\labels\train\bored_4863.txt,0a0da54c536dabdceaeb21a657240b4977e69c32b9f8602fd1701373b5deaa4b,.jpg,61111,640,480,1
bored_5011.jpg,S05_bored_0002.jpg,S05,2,bored,train,D:\varell\college\tugas\semester 7\projek skripsi1\skripsi_yolov13_engagement\datasets\master_combined_dataset\images\train\bored_5011.jpg,D:\varell\college\tugas\semester 7\projek skripsi1\skripsi_yolov13_engagement\datasets\master_combined_dataset\labels\train\bored_5011.txt,1f586f4a8719df93e3a34f74b0ea7ee7327445c898e17b514fce1cce67b24a79,.jpg,64883,640,480,1
bored_5053.jpg,S05_bored_0003.jpg,S05,2,bored,test,D:\varell\college\tugas\semester 7\projek skripsi1\skripsi_yolov13_engagement\datasets\master_combined_dataset\images\test\bored_5053.jpg,D:\varell\college\tugas\semester 7\projek skripsi1\skripsi_yolov13_engagement\datasets\master_combined_dataset\labels\test\bored_5053.txt,10fdd8fb5315c5f148014354ee9c30a636468d4e1669dd4c65e86cc3c8a7d9fc,.jpg,65133,640,480,1
confused_4605.jpg,S05_confused_0001.jpg,S05,1,confused,val,D:\varell\college\tugas\semester 7\projek skripsi1\skripsi_yolov13_engagement\datasets\master_combined_dataset\images\val\confused_4605.jpg,D:\varell\college\tugas\semester 7\projek skripsi1\skripsi_yolov13_engagement\datasets\master_combined_dataset\labels\val\confused_4605.txt,8717a5b1c05f1a0885379213a701c6234b42d01017e9c95bb4c23c304e92afbb,.jpg,58128,640,480,1
confused_4709.jpg,S05_confused_0002.jpg,S05,1,confused,train,D:\varell\college\tugas\semester 7\projek skripsi1\skripsi_yolov13_engagement\datasets\master_combined_dataset\images\train\confused_4709.jpg,D:\varell\college\tugas\semester 7\projek skripsi1\skripsi_yolov13_engagement\datasets\master_combined_dataset\labels\train\confused_4709.txt,cc1aaeb82404edcb31e7b95f7b699fbf0ab37cb1a92a18a4fd8b0e0ec541801a,.jpg,60820,640,480,1
confused_4797.jpg,S05_confused_0003.jpg,S05,1,confused,val,D:\varell\college\tugas\semester 7\projek skripsi1\skripsi_yolov13_engagement\datasets\master_combined_dataset\images\val\confused_4797.jpg,D:\varell\college\tugas\semester 7\projek skripsi1\skripsi_yolov13_engagement\datasets\master_combined_dataset\labels\val\confused_4797.txt,9d8cdfb79670d9543ed88c611cf07ca8e966cc100187b1b39a9756a0bc80d183,.jpg,62338,640,480,1
engaged_4219.jpg,S05_engaged_0001.jpg,S05,0,engaged,train,D:\varell\college\tugas\semester 7\projek skripsi1\skripsi_yolov13_engagement\datasets\master_combined_dataset\images\train\engaged_4219.jpg,D:\varell\college\tugas\semester 7\projek skripsi1\skripsi_yolov13_engagement\datasets\master_combined_dataset\labels\train\engaged_4219.txt,8815a93ba324059fca656ec6af1ccc89fb1ed2e30cac0627c4ce5da7134da7ef,.jpg,56639,640,480,1
engaged_4305.jpg,S05_engaged_0002.jpg,S05,0,engaged,train,D:\varell\college\tugas\semester 7\projek skripsi1\skripsi_yolov13_engagement\datasets\master_combined_dataset\images\train\engaged_4305.jpg,D:\varell\college\tugas\semester 7\projek skripsi1\skripsi_yolov13_engagement\datasets\master_combined_dataset\labels\train\engaged_4305.txt,4c97ec2776c3136d64074dfd6f553370dd6a9ac9a7183782ec4673572bae839d,.jpg,57305,640,480,1
engaged_4367.jpg,S05_engaged_0003.jpg,S05,0,engaged,train,D:\varell\college\tugas\semester 7\projek skripsi1\skripsi_yolov13_engagement\datasets\master_combined_dataset\images\train\engaged_4367.jpg,D:\varell\college\tugas\semester 7\projek skripsi1\skripsi_yolov13_engagement\datasets\master_combined_dataset\labels\train\engaged_4367.txt,cf5b26dea3106bf1ba86c0adf76ad5299120473050ef32ccf5e0b6b6d5f11e8f,.jpg,56836,640,480,1
engaged_4392.jpg,S05_engaged_0004.jpg,S05,0,engaged,val,D:\varell\college\tugas\semester 7\projek skripsi1\skripsi_yolov13_engagement\datasets\master_combined_dataset\images\val\engaged_4392.jpg,D:\varell\college\tugas\semester 7\projek skripsi1\skripsi_yolov13_engagement\datasets\master_combined_dataset\labels\val\engaged_4392.txt,c9990cebfb405e5c92f68206c76ac3c6ad7b1718b07e5e996a51808811abedde,.jpg,58066,640,480,1
frustrated_5224.jpg,S05_frustrated_0001.jpg,S05,3,frustrated,train,D:\varell\college\tugas\semester 7\projek skripsi1\skripsi_yolov13_engagement\datasets\master_combined_dataset\images\train\frustrated_5224.jpg,D:\varell\college\tugas\semester 7\projek skripsi1\skripsi_yolov13_engagement\datasets\master_combined_dataset\labels\train\frustrated_5224.txt,fc49f599ce5440d9698a0f6d44b2d5fd652428cf9ba97ca3128dec9ab4363467,.jpg,64538,640,480,1
frustrated_5271.jpg,S05_frustrated_0002.jpg,S05,3,frustrated,train,D:\varell\college\tugas\semester 7\projek skripsi1\skripsi_yolov13_engagement\datasets\master_combined_dataset\images\train\frustrated_5271.jpg,D:\varell\college\tugas\semester 7\projek skripsi1\skripsi_yolov13_engagement\datasets\master_combined_dataset\labels\train\frustrated_5271.txt,3c7caf67fd615401bd6f3862a264ed8fe029ee23e467b70cb3efa73cf0d8e7c7,.jpg,64009,640,480,1
bored_4749.jpg,S06_bored_0001.jpg,S06,2,bored,train,D:\varell\college\tugas\semester 7\projek skripsi1\skripsi_yolov13_engagement\datasets\master_combined_dataset\images\train\bored_4749.jpg,D:\varell\college\tugas\semester 7\projek skripsi1\skripsi_yolov13_engagement\datasets\master_combined_dataset\labels\train\bored_4749.txt,75b5d92d330f6f28dbfb7ddc8348e05d080cc2ee7b9970556902db3edef47950,.jpg,57868,640,480,1
bored_4782.jpg,S06_engaged_0001.jpg,S06,0,engaged,val,D:\varell\college\tugas\semester 7\projek skripsi1\skripsi_yolov13_engagement\datasets\master_combined_dataset\images\val\bored_4782.jpg,D:\varell\college\tugas\semester 7\projek skripsi1\skripsi_yolov13_engagement\datasets\master_combined_dataset\labels\val\bored_4782.txt,ce7f0924100377abf21f9b77c9d8dd69d3d67183caa5973601e5750df2275fd7,.jpg,57826,640,480,1
bored_4817.jpg,S06_bored_0002.jpg,S06,2,bored,train,D:\varell\college\tugas\semester 7\projek skripsi1\skripsi_yolov13_engagement\datasets\master_combined_dataset\images\train\bored_4817.jpg,D:\varell\college\tugas\semester 7\projek skripsi1\skripsi_yolov13_engagement\datasets\master_combined_dataset\labels\train\bored_4817.txt,d2e4ba5ef2d263e00f66f96f9ef7e82a18a88ee6458393b6f520ca66ed5ea23d,.jpg,58633,640,480,1
bored_4839.jpg,S06_bored_0003.jpg,S06,2,bored,val,D:\varell\college\tugas\semester 7\projek skripsi1\skripsi_yolov13_engagement\datasets\master_combined_dataset\images\val\bored_4839.jpg,D:\varell\college\tugas\semester 7\projek skripsi1\skripsi_yolov13_engagement\datasets\master_combined_dataset\labels\val\bored_4839.txt,f0921a0e4712361ee3c231e994f482e69cde8bfc798fb8918e13130f55bf81a4,.jpg,57706,640,480,1
confused_4414.jpg,S06_confused_0001.jpg,S06,1,confused,train,D:\varell\college\tugas\semester 7\projek skripsi1\skripsi_yolov13_engagement\datasets\master_combined_dataset\images\train\confused_4414.jpg,D:\varell\college\tugas\semester 7\projek skripsi1\skripsi_yolov13_engagement\datasets\master_combined_dataset\labels\train\confused_4414.txt,1716ca32c83fc7f6f3ce0c7ebe2e4515f5860cdecf7a0462e499eebe4ebec679,.jpg,59383,640,480,1
confused_4559.jpg,S06_confused_0002.jpg,S06,1,confused,test,D:\varell\college\tugas\semester 7\projek skripsi1\skripsi_yolov13_engagement\datasets\master_combined_dataset\images\test\confused_4559.jpg,D:\varell\college\tugas\semester 7\projek skripsi1\skripsi_yolov13_engagement\datasets\master_combined_dataset\labels\test\confused_4559.txt,c66d0f423b441cb2c7ccf8fcc6b7296c23b0c43e54715c5b82dbf34f635ab36a,.jpg,59131,640,480,1
engaged_4254.jpg,S06_engaged_0002.jpg,S06,0,engaged,val,D:\varell\college\tugas\semester 7\projek skripsi1\skripsi_yolov13_engagement\datasets\master_combined_dataset\images\val\engaged_4254.jpg,D:\varell\college\tugas\semester 7\projek skripsi1\skripsi_yolov13_engagement\datasets\master_combined_dataset\labels\val\engaged_4254.txt,9a41970eca2efd71e01cdab378aec8cfff2a796757a414bd35c88ad69a0f246a,.jpg,59674,640,480,1
engaged_4270.jpg,S06_engaged_0003.jpg,S06,0,engaged,train,D:\varell\college\tugas\semester 7\projek skripsi1\skripsi_yolov13_engagement\datasets\master_combined_dataset\images\train\engaged_4270.jpg,D:\varell\college\tugas\semester 7\projek skripsi1\skripsi_yolov13_engagement\datasets\master_combined_dataset\labels\train\engaged_4270.txt,6946331af4bea8ac0476670ea8597d6f3214647d4fcb61b401f5056b27f93ba6,.jpg,60729,640,480,1
frustrated_5047.jpg,S06_frustrated_0001.jpg,S06,3,frustrated,train,D:\varell\college\tugas\semester 7\projek skripsi1\skripsi_yolov13_engagement\datasets\master_combined_dataset\images\train\frustrated_5047.jpg,D:\varell\college\tugas\semester 7\projek skripsi1\skripsi_yolov13_engagement\datasets\master_combined_dataset\labels\train\frustrated_5047.txt,c52bec2b0c20b299a2805d39a96766ef21097e9776cbfd18da1e0b12dc035a13,.jpg,57269,640,480,1
frustrated_5072.jpg,S06_engaged_0004.jpg,S06,0,engaged,train,D:\varell\college\tugas\semester 7\projek skripsi1\skripsi_yolov13_engagement\datasets\master_combined_dataset\images\train\frustrated_5072.jpg,D:\varell\college\tugas\semester 7\projek skripsi1\skripsi_yolov13_engagement\datasets\master_combined_dataset\labels\train\frustrated_5072.txt,7e14d629e6bc9a3c691a6db6d92c72a152f91583912f0f76e7a3f10d7b2ecb4e,.jpg,57599,640,480,1
frustrated_5204.jpg,S06_frustrated_0002.jpg,S06,3,frustrated,train,D:\varell\college\tugas\semester 7\projek skripsi1\skripsi_yolov13_engagement\datasets\master_combined_dataset\images\train\frustrated_5204.jpg,D:\varell\college\tugas\semester 7\projek skripsi1\skripsi_yolov13_engagement\datasets\master_combined_dataset\labels\train\frustrated_5204.txt,9828661b713a97a4185bd4cd7391fb058b4a278fa6dff5056e0af9d5b91c1e92,.jpg,62794,640,480,1
frustrated_5221.jpg,S06_frustrated_0003.jpg,S06,3,frustrated,train,D:\varell\college\tugas\semester 7\projek skripsi1\skripsi_yolov13_engagement\datasets\master_combined_dataset\images\train\frustrated_5221.jpg,D:\varell\college\tugas\semester 7\projek skripsi1\skripsi_yolov13_engagement\datasets\master_combined_dataset\labels\train\frustrated_5221.txt,a59821608e369454e9187ad652f30ad4a4febda747c02b3f51a145857fdb85ff,.jpg,62757,640,480,1
frustrated_5244.jpg,S06_frustrated_0004.jpg,S06,3,frustrated,train,D:\varell\college\tugas\semester 7\projek skripsi1\skripsi_yolov13_engagement\datasets\master_combined_dataset\images\train\frustrated_5244.jpg,D:\varell\college\tugas\semester 7\projek skripsi1\skripsi_yolov13_engagement\datasets\master_combined_dataset\labels\train\frustrated_5244.txt,0d941f24371410186cd5d4a49e310352b815a7b1ade1aca0c52bad4911235cee,.jpg,63522,640,480,1
bored_1706.jpg,S07_bored_0001.jpg,S07,2,bored,train,D:\varell\college\tugas\semester 7\projek skripsi1\skripsi_yolov13_engagement\datasets\master_combined_dataset\images\train\bored_1706.jpg,D:\varell\college\tugas\semester 7\projek skripsi1\skripsi_yolov13_engagement\datasets\master_combined_dataset\labels\train\bored_1706.txt,cf8b8269858e1ecd15da87fa44f7fa8537ae111566ad68ee6e2c29d9f4ca8abe,.jpg,54241,640,480,1
bored_1728.jpg,S07_bored_0002.jpg,S07,2,bored,train,D:\varell\college\tugas\semester 7\projek skripsi1\skripsi_yolov13_engagement\datasets\master_combined_dataset\images\train\bored_1728.jpg,D:\varell\college\tugas\semester 7\projek skripsi1\skripsi_yolov13_engagement\datasets\master_combined_dataset\labels\train\bored_1728.txt,c133e64311cce3630a84d216a158a0dabb9abbf99ecfc80c59bee02dadfce76c,.jpg,54692,640,480,1
confused_1485.jpg,S07_confused_0001.jpg,S07,1,confused,train,D:\varell\college\tugas\semester 7\projek skripsi1\skripsi_yolov13_engagement\datasets\master_combined_dataset\images\train\confused_1485.jpg,D:\varell\college\tugas\semester 7\projek skripsi1\skripsi_yolov13_engagement\datasets\master_combined_dataset\labels\train\confused_1485.txt,641231617064826abcbcdb6dfeaea1bc65e01ed632b99cb124c756cbebc14155,.jpg,52841,640,480,1
engaged_786.jpg,S07_engaged_0001.jpg,S07,0,engaged,train,D:\varell\college\tugas\semester 7\projek skripsi1\skripsi_yolov13_engagement\datasets\master_combined_dataset\images\train\engaged_786.jpg,D:\varell\college\tugas\semester 7\projek skripsi1\skripsi_yolov13_engagement\datasets\master_combined_dataset\labels\train\engaged_786.txt,5d0435e7c18577a94d7f743a3759f8e32d9ce62a07997dabf4aa3ccb6757ce01,.jpg,58490,640,480,1
engaged_803.jpg,S07_engaged_0002.jpg,S07,0,engaged,train,D:\varell\college\tugas\semester 7\projek skripsi1\skripsi_yolov13_engagement\datasets\master_combined_dataset\images\train\engaged_803.jpg,D:\varell\college\tugas\semester 7\projek skripsi1\skripsi_yolov13_engagement\datasets\master_combined_dataset\labels\train\engaged_803.txt,27994a98c4c7d56f18022f0893099d35e06379ca600638a7b86038d29f387145,.jpg,59334,640,480,1
engaged_848.jpg,S07_engaged_0003.jpg,S07,0,engaged,train,D:\varell\college\tugas\semester 7\projek skripsi1\skripsi_yolov13_engagement\datasets\master_combined_dataset\images\train\engaged_848.jpg,D:\varell\college\tugas\semester 7\projek skripsi1\skripsi_yolov13_engagement\datasets\master_combined_dataset\labels\train\engaged_848.txt,34e378b6581d0e0e6f2328a0e00aa35929101d5d96384c59e9b44c9386d41ffb,.jpg,59402,640,480,1
frustrated_2284.jpg,S07_frustrated_0001.jpg,S07,3,frustrated,train,D:\varell\college\tugas\semester 7\projek skripsi1\skripsi_yolov13_engagement\datasets\master_combined_dataset\images\train\frustrated_2284.jpg,D:\varell\college\tugas\semester 7\projek skripsi1\skripsi_yolov13_engagement\datasets\master_combined_dataset\labels\train\frustrated_2284.txt,2c1b2a882b0f4070a57fad91951109de7a97830f9fb88508845cfb7bc39ec2d9,.jpg,52752,640,480,1
frustrated_2332.jpg,S07_frustrated_0002.jpg,S07,3,frustrated,train,D:\varell\college\tugas\semester 7\projek skripsi1\skripsi_yolov13_engagement\datasets\master_combined_dataset\images\train\frustrated_2332.jpg,D:\varell\college\tugas\semester 7\projek skripsi1\skripsi_yolov13_engagement\datasets\master_combined_dataset\labels\train\frustrated_2332.txt,d0f8793b2361f81b750605622e7720e978c9d047c7ee8049dc845a4c4acbc7f9,.jpg,53540,640,480,1
bored_3311.jpg,S08_bored_0001.jpg,S08,2,bored,train,D:\varell\college\tugas\semester 7\projek skripsi1\skripsi_yolov13_engagement\datasets\master_combined_dataset\images\train\bored_3311.jpg,D:\varell\college\tugas\semester 7\projek skripsi1\skripsi_yolov13_engagement\datasets\master_combined_dataset\labels\train\bored_3311.txt,8e8399ed6f294b2867f2f24a2ebe4a116858d455e453613c1f63d66186281d05,.jpg,60896,640,480,1
confused_2728.jpg,S08_confused_0001.jpg,S08,1,confused,test,D:\varell\college\tugas\semester 7\projek skripsi1\skripsi_yolov13_engagement\datasets\master_combined_dataset\images\test\confused_2728.jpg,D:\varell\college\tugas\semester 7\projek skripsi1\skripsi_yolov13_engagement\datasets\master_combined_dataset\labels\test\confused_2728.txt,22afc6d00c145beb2f176f21c76fa1a53f428f5740b22515ff8f5fdad2b64b4a,.jpg,60041,640,480,1
confused_2859.jpg,S08_confused_0002.jpg,S08,1,confused,train,D:\varell\college\tugas\semester 7\projek skripsi1\skripsi_yolov13_engagement\datasets\master_combined_dataset\images\train\confused_2859.jpg,D:\varell\college\tugas\semester 7\projek skripsi1\skripsi_yolov13_engagement\datasets\master_combined_dataset\labels\train\confused_2859.txt,7d668348aa44d70847ed6afba55d92987a4e86667060e26d89e95aa026c25bb9,.jpg,60150,640,480,1
engaged_2537.jpg,S08_engaged_0001.jpg,S08,0,engaged,train,D:\varell\college\tugas\semester 7\projek skripsi1\skripsi_yolov13_engagement\datasets\master_combined_dataset\images\train\engaged_2537.jpg,D:\varell\college\tugas\semester 7\projek skripsi1\skripsi_yolov13_engagement\datasets\master_combined_dataset\labels\train\engaged_2537.txt,a061f790d3011220bf7632cc456ea0fb059a39c58111a65c336348199edb65e2,.jpg,58264,640,480,1
engaged_2559.jpg,S08_engaged_0002.jpg,S08,0,engaged,train,D:\varell\college\tugas\semester 7\projek skripsi1\skripsi_yolov13_engagement\datasets\master_combined_dataset\images\train\engaged_2559.jpg,D:\varell\college\tugas\semester 7\projek skripsi1\skripsi_yolov13_engagement\datasets\master_combined_dataset\labels\train\engaged_2559.txt,271c6963053082a11d6f7554fee0f957cc026c89993f38e9f2cca81f0d65e175,.jpg,57793,640,480,1
engaged_2594.jpg,S08_engaged_0003.jpg,S08,0,engaged,train,D:\varell\college\tugas\semester 7\projek skripsi1\skripsi_yolov13_engagement\datasets\master_combined_dataset\images\train\engaged_2594.jpg,D:\varell\college\tugas\semester 7\projek skripsi1\skripsi_yolov13_engagement\datasets\master_combined_dataset\labels\train\engaged_2594.txt,fbfc538d39b586014983388aa4da1a0aaefbbbdd703316f7a39f827926d71bc1,.jpg,58076,640,480,1
frustrated_3525.jpg,S08_frustrated_0001.jpg,S08,3,frustrated,val,D:\varell\college\tugas\semester 7\projek skripsi1\skripsi_yolov13_engagement\datasets\master_combined_dataset\images\val\frustrated_3525.jpg,D:\varell\college\tugas\semester 7\projek skripsi1\skripsi_yolov13_engagement\datasets\master_combined_dataset\labels\val\frustrated_3525.txt,2b92bd3cbd44ba9eb6420e97881c8c23fd59a5733552eba70c7fe6816aca9a51,.jpg,60431,640,480,1
bored_1365.jpg,S09_bored_0001.jpg,S09,2,bored,train,D:\varell\college\tugas\semester 7\projek skripsi1\skripsi_yolov13_engagement\datasets\master_combined_dataset\images\train\bored_1365.jpg,D:\varell\college\tugas\semester 7\projek skripsi1\skripsi_yolov13_engagement\datasets\master_combined_dataset\labels\train\bored_1365.txt,0163660e29e75660536c43239664e0916402eb057edf15ba6d99dc87ab1c149c,.jpg,50877,640,480,1
bored_1390.jpg,S09_bored_0002.jpg,S09,2,bored,train,D:\varell\college\tugas\semester 7\projek skripsi1\skripsi_yolov13_engagement\datasets\master_combined_dataset\images\train\bored_1390.jpg,D:\varell\college\tugas\semester 7\projek skripsi1\skripsi_yolov13_engagement\datasets\master_combined_dataset\labels\train\bored_1390.txt,709ee8c46fdde2c51c952af05f5fda8b46d24edaf2cc3a04acafff67103130ef,.jpg,50652,640,480,1
bored_1429.jpg,S09_bored_0003.jpg,S09,2,bored,train,D:\varell\college\tugas\semester 7\projek skripsi1\skripsi_yolov13_engagement\datasets\master_combined_dataset\images\train\bored_1429.jpg,D:\varell\college\tugas\semester 7\projek skripsi1\skripsi_yolov13_engagement\datasets\master_combined_dataset\labels\train\bored_1429.txt,5cf8f65cc4dcad38d6f6687e88a59c07d344c8266c82129942d539fc5614750b,.jpg,50061,640,480,1
bored_1512.jpg,S09_bored_0004.jpg,S09,2,bored,train,D:\varell\college\tugas\semester 7\projek skripsi1\skripsi_yolov13_engagement\datasets\master_combined_dataset\images\train\bored_1512.jpg,D:\varell\college\tugas\semester 7\projek skripsi1\skripsi_yolov13_engagement\datasets\master_combined_dataset\labels\train\bored_1512.txt,57e004240193d5ee5546e1b0b064e3741d647f9c9706f85012a77f2ada21ff40,.jpg,50697,640,480,1
bored_1543.jpg,S09_bored_0005.jpg,S09,2,bored,train,D:\varell\college\tugas\semester 7\projek skripsi1\skripsi_yolov13_engagement\datasets\master_combined_dataset\images\train\bored_1543.jpg,D:\varell\college\tugas\semester 7\projek skripsi1\skripsi_yolov13_engagement\datasets\master_combined_dataset\labels\train\bored_1543.txt,956e295d50f2a447723aaa04fab4365ef5da24b876e343425998414b8fe12751,.jpg,50720,640,480,1
bored_1595.jpg,S09_bored_0006.jpg,S09,2,bored,train,D:\varell\college\tugas\semester 7\projek skripsi1\skripsi_yolov13_engagement\datasets\master_combined_dataset\images\train\bored_1595.jpg,D:\varell\college\tugas\semester 7\projek skripsi1\skripsi_yolov13_engagement\datasets\master_combined_dataset\labels\train\bored_1595.txt,265bd28391dc3e1ae81b9d460154f9e3441a80a151e789c3ec9dc1c5004d51a2,.jpg,50231,640,480,1
confused_1009.jpg,S09_confused_0001.jpg,S09,1,confused,train,D:\varell\college\tugas\semester 7\projek skripsi1\skripsi_yolov13_engagement\datasets\master_combined_dataset\images\train\confused_1009.jpg,D:\varell\college\tugas\semester 7\projek skripsi1\skripsi_yolov13_engagement\datasets\master_combined_dataset\labels\train\confused_1009.txt,b46b542a728acdf08ab8e3ea878223f03e1ab7a41222b66dfaa7315707bc584c,.jpg,50498,640,480,1
confused_1036.jpg,S09_confused_0002.jpg,S09,1,confused,train,D:\varell\college\tugas\semester 7\projek skripsi1\skripsi_yolov13_engagement\datasets\master_combined_dataset\images\train\confused_1036.jpg,D:\varell\college\tugas\semester 7\projek skripsi1\skripsi_yolov13_engagement\datasets\master_combined_dataset\labels\train\confused_1036.txt,df4e8977a226081f706666821531f51e4c079e1014606ec766090eba8d2355da,.jpg,50237,640,480,1
confused_1064.jpg,S09_confused_0003.jpg,S09,1,confused,test,D:\varell\college\tugas\semester 7\projek skripsi1\skripsi_yolov13_engagement\datasets\master_combined_dataset\images\test\confused_1064.jpg,D:\varell\college\tugas\semester 7\projek skripsi1\skripsi_yolov13_engagement\datasets\master_combined_dataset\labels\test\confused_1064.txt,bd48afff91e2bda7c453c35a020d53c680229b747e6329b353ac0f31cc72af96,.jpg,50905,640,480,1
confused_1090.jpg,S09_confused_0004.jpg,S09,1,confused,train,D:\varell\college\tugas\semester 7\projek skripsi1\skripsi_yolov13_engagement\datasets\master_combined_dataset\images\train\confused_1090.jpg,D:\varell\college\tugas\semester 7\projek skripsi1\skripsi_yolov13_engagement\datasets\master_combined_dataset\labels\train\confused_1090.txt,881b587ece724105e23cd9b44696c08a6d36596c06f99cdc26ef74fd2e342529,.jpg,50057,640,480,1
confused_886.jpg,S09_confused_0005.jpg,S09,1,confused,train,D:\varell\college\tugas\semester 7\projek skripsi1\skripsi_yolov13_engagement\datasets\master_combined_dataset\images\train\confused_886.jpg,D:\varell\college\tugas\semester 7\projek skripsi1\skripsi_yolov13_engagement\datasets\master_combined_dataset\labels\train\confused_886.txt,bc41ff45d7a14d57aa90cdeaff5de394f18b17ae538d23a85e8114417695d706,.jpg,51820,640,480,1
confused_930.jpg,S09_confused_0006.jpg,S09,1,confused,train,D:\varell\college\tugas\semester 7\projek skripsi1\skripsi_yolov13_engagement\datasets\master_combined_dataset\images\train\confused_930.jpg,D:\varell\college\tugas\semester 7\projek skripsi1\skripsi_yolov13_engagement\datasets\master_combined_dataset\labels\train\confused_930.txt,6e77df574c2d499495ec4a9d3a8bc7b4c70d5c751d2094cbf8ac2042a41383c7,.jpg,52487,640,480,1
confused_971.jpg,S09_confused_0007.jpg,S09,1,confused,train,D:\varell\college\tugas\semester 7\projek skripsi1\skripsi_yolov13_engagement\datasets\master_combined_dataset\images\train\confused_971.jpg,D:\varell\college\tugas\semester 7\projek skripsi1\skripsi_yolov13_engagement\datasets\master_combined_dataset\labels\train\confused_971.txt,f7cf2955a466e1919969710ec300152481da3f5c9ea7e116d451d035b91f96c1,.jpg,52696,640,480,1
engaged_373.jpg,S09_bored_0007.jpg,S09,2,bored,val,D:\varell\college\tugas\semester 7\projek skripsi1\skripsi_yolov13_engagement\datasets\master_combined_dataset\images\val\engaged_373.jpg,D:\varell\college\tugas\semester 7\projek skripsi1\skripsi_yolov13_engagement\datasets\master_combined_dataset\labels\val\engaged_373.txt,2231fa4e67a83e9118b37b53100a2138578d83eed87909c8fff2ff7ac82b6b2b,.jpg,54077,640,480,1
engaged_421.jpg,S09_engaged_0001.jpg,S09,0,engaged,train,D:\varell\college\tugas\semester 7\projek skripsi1\skripsi_yolov13_engagement\datasets\master_combined_dataset\images\train\engaged_421.jpg,D:\varell\college\tugas\semester 7\projek skripsi1\skripsi_yolov13_engagement\datasets\master_combined_dataset\labels\train\engaged_421.txt,a4a1c18cf7340b5000622db0935d3d48b78f8ff71b73e06e917a8a61fb37d45a,.jpg,54465,640,480,1
engaged_486.jpg,S09_engaged_0002.jpg,S09,0,engaged,train,D:\varell\college\tugas\semester 7\projek skripsi1\skripsi_yolov13_engagement\datasets\master_combined_dataset\images\train\engaged_486.jpg,D:\varell\college\tugas\semester 7\projek skripsi1\skripsi_yolov13_engagement\datasets\master_combined_dataset\labels\train\engaged_486.txt,b14a98500d022d10affe88ff0aecfb7b0b00164308a74ac643303586e4107132,.jpg,52605,640,480,1
engaged_518.jpg,S09_engaged_0003.jpg,S09,0,engaged,train,D:\varell\college\tugas\semester 7\projek skripsi1\skripsi_yolov13_engagement\datasets\master_combined_dataset\images\train\engaged_518.jpg,D:\varell\college\tugas\semester 7\projek skripsi1\skripsi_yolov13_engagement\datasets\master_combined_dataset\labels\train\engaged_518.txt,1d3d50c0d70614583866e9d12c1128cc5418fba1b82c89f71bd7f30693f42fbb,.jpg,53949,640,480,1
engaged_559.jpg,S09_engaged_0004.jpg,S09,0,engaged,val,D:\varell\college\tugas\semester 7\projek skripsi1\skripsi_yolov13_engagement\datasets\master_combined_dataset\images\val\engaged_559.jpg,D:\varell\college\tugas\semester 7\projek skripsi1\skripsi_yolov13_engagement\datasets\master_combined_dataset\labels\val\engaged_559.txt,fc28fe248ded44036c48d2839ebbf8bb1fd898f381498c7180d1df5bade7f314,.jpg,53599,640,480,1
engaged_773.jpg,S09_confused_0008.jpg,S09,1,confused,train,D:\varell\college\tugas\semester 7\projek skripsi1\skripsi_yolov13_engagement\datasets\master_combined_dataset\images\train\engaged_773.jpg,D:\varell\college\tugas\semester 7\projek skripsi1\skripsi_yolov13_engagement\datasets\master_combined_dataset\labels\train\engaged_773.txt,191d4cffec95f8bfe820cabc9437991ac3a1a00d49912f3e6c8afbe77d9a0fa7,.jpg,58995,640,480,1
engaged_853.jpg,S09_engaged_0005.jpg,S09,0,engaged,train,D:\varell\college\tugas\semester 7\projek skripsi1\skripsi_yolov13_engagement\datasets\master_combined_dataset\images\train\engaged_853.jpg,D:\varell\college\tugas\semester 7\projek skripsi1\skripsi_yolov13_engagement\datasets\master_combined_dataset\labels\train\engaged_853.txt,59efaf1220f480247ee081f94f1a9f310f563dd2d69b0e6d0a03a3ee6ab5b0ad,.jpg,58677,640,480,1
engaged_958.jpg,S09_engaged_0006.jpg,S09,0,engaged,train,D:\varell\college\tugas\semester 7\projek skripsi1\skripsi_yolov13_engagement\datasets\master_combined_dataset\images\train\engaged_958.jpg,D:\varell\college\tugas\semester 7\projek skripsi1\skripsi_yolov13_engagement\datasets\master_combined_dataset\labels\train\engaged_958.txt,f988591a214c9a3b1e2620faf9ee4f0ecc37bd0e8ab4d54f524571f391d47ea5,.jpg,58004,640,480,1
frustrated_1365.jpg,S09_frustrated_0001.jpg,S09,3,frustrated,train,D:\varell\college\tugas\semester 7\projek skripsi1\skripsi_yolov13_engagement\datasets\master_combined_dataset\images\train\frustrated_1365.jpg,D:\varell\college\tugas\semester 7\projek skripsi1\skripsi_yolov13_engagement\datasets\master_combined_dataset\labels\train\frustrated_1365.txt,b110fd67e32ef34198b2dfc5f39849eac34b52c6e11fc0e58ca15f4f35cd5a26,.jpg,61250,640,480,1
frustrated_1410.jpg,S09_frustrated_0002.jpg,S09,3,frustrated,train,D:\varell\college\tugas\semester 7\projek skripsi1\skripsi_yolov13_engagement\datasets\master_combined_dataset\images\train\frustrated_1410.jpg,D:\varell\college\tugas\semester 7\projek skripsi1\skripsi_yolov13_engagement\datasets\master_combined_dataset\labels\train\frustrated_1410.txt,7b043b710a3eba3858063e39f11484774c2649106717b67ccb108adc7de7b754,.jpg,60616,640,480,1
frustrated_1710.jpg,S09_frustrated_0003.jpg,S09,3,frustrated,train,D:\varell\college\tugas\semester 7\projek skripsi1\skripsi_yolov13_engagement\datasets\master_combined_dataset\images\train\frustrated_1710.jpg,D:\varell\college\tugas\semester 7\projek skripsi1\skripsi_yolov13_engagement\datasets\master_combined_dataset\labels\train\frustrated_1710.txt,6de27d5c8c9abed65b27b4e5252d455700ad5bb637548c9b8ab5131be4c5548c,.jpg,53316,640,480,1
frustrated_1756.jpg,S09_frustrated_0004.jpg,S09,3,frustrated,train,D:\varell\college\tugas\semester 7\projek skripsi1\skripsi_yolov13_engagement\datasets\master_combined_dataset\images\train\frustrated_1756.jpg,D:\varell\college\tugas\semester 7\projek skripsi1\skripsi_yolov13_engagement\datasets\master_combined_dataset\labels\train\frustrated_1756.txt,3bf8998207e27e861a4f211b3f853eaedb47201a01c8f3616089b888e6c6f961,.jpg,52386,640,480,1
frustrated_1792.jpg,S09_frustrated_0005.jpg,S09,3,frustrated,train,D:\varell\college\tugas\semester 7\projek skripsi1\skripsi_yolov13_engagement\datasets\master_combined_dataset\images\train\frustrated_1792.jpg,D:\varell\college\tugas\semester 7\projek skripsi1\skripsi_yolov13_engagement\datasets\master_combined_dataset\labels\train\frustrated_1792.txt,623c568ad657c6f320f79794875760d94b2721a9b7451c6c0c59e576bf0e1bc1,.jpg,51271,640,480,1
frustrated_1838.jpg,S09_frustrated_0006.jpg,S09,3,frustrated,val,D:\varell\college\tugas\semester 7\projek skripsi1\skripsi_yolov13_engagement\datasets\master_combined_dataset\images\val\frustrated_1838.jpg,D:\varell\college\tugas\semester 7\projek skripsi1\skripsi_yolov13_engagement\datasets\master_combined_dataset\labels\val\frustrated_1838.txt,9a40acd2c6bbee81ca88285f751775eb50b1ce7d8c177d1919c3ce3bed90e70c,.jpg,53490,640,480,1
frustrated_1876.jpg,S09_frustrated_0007.jpg,S09,3,frustrated,train,D:\varell\college\tugas\semester 7\projek skripsi1\skripsi_yolov13_engagement\datasets\master_combined_dataset\images\train\frustrated_1876.jpg,D:\varell\college\tugas\semester 7\projek skripsi1\skripsi_yolov13_engagement\datasets\master_combined_dataset\labels\train\frustrated_1876.txt,3332f1874812379baa780c4c5e569d709b13e0c8cea903f9dc737e8899b0f2d9,.jpg,51096,640,480,1
bored_498.jpg,S10_bored_0001.jpg,S10,2,bored,train,D:\varell\college\tugas\semester 7\projek skripsi1\skripsi_yolov13_engagement\datasets\master_combined_dataset\images\train\bored_498.jpg,D:\varell\college\tugas\semester 7\projek skripsi1\skripsi_yolov13_engagement\datasets\master_combined_dataset\labels\train\bored_498.txt,f2eb7d07937cf7faade073a823671464852ecebbafea87cc4ef946a8b691e289,.jpg,68044,640,480,1
confused_354.jpg,S10_confused_0001.jpg,S10,1,confused,train,D:\varell\college\tugas\semester 7\projek skripsi1\skripsi_yolov13_engagement\datasets\master_combined_dataset\images\train\confused_354.jpg,D:\varell\college\tugas\semester 7\projek skripsi1\skripsi_yolov13_engagement\datasets\master_combined_dataset\labels\train\confused_354.txt,878160127b100b45e697d93382c14d63ec9ab84991ea5d4902923e807f2e6367,.jpg,72054,640,480,1
confused_402.jpg,S10_confused_0002.jpg,S10,1,confused,train,D:\varell\college\tugas\semester 7\projek skripsi1\skripsi_yolov13_engagement\datasets\master_combined_dataset\images\train\confused_402.jpg,D:\varell\college\tugas\semester 7\projek skripsi1\skripsi_yolov13_engagement\datasets\master_combined_dataset\labels\train\confused_402.txt,9e99cb76e0c4ddbc87ddbadabcd6187618a23a14c2adfefe57d4becf1d4839d8,.jpg,71783,640,480,1
engaged_133.jpg,S10_engaged_0001.jpg,S10,0,engaged,train,D:\varell\college\tugas\semester 7\projek skripsi1\skripsi_yolov13_engagement\datasets\master_combined_dataset\images\train\engaged_133.jpg,D:\varell\college\tugas\semester 7\projek skripsi1\skripsi_yolov13_engagement\datasets\master_combined_dataset\labels\train\engaged_133.txt,c02721a188ba01e525fe3c229776077998e922e1bd21c901b13c4d389a115f24,.jpg,66204,640,480,1
engaged_176.jpg,S10_engaged_0002.jpg,S10,0,engaged,val,D:\varell\college\tugas\semester 7\projek skripsi1\skripsi_yolov13_engagement\datasets\master_combined_dataset\images\val\engaged_176.jpg,D:\varell\college\tugas\semester 7\projek skripsi1\skripsi_yolov13_engagement\datasets\master_combined_dataset\labels\val\engaged_176.txt,b80adef7bb95b566d6ac19b2fa9c379d1c7473fb795ecfe617861ad572839d6d,.jpg,67152,640,480,1
engaged_90.jpg,S10_engaged_0003.jpg,S10,0,engaged,train,D:\varell\college\tugas\semester 7\projek skripsi1\skripsi_yolov13_engagement\datasets\master_combined_dataset\images\train\engaged_90.jpg,D:\varell\college\tugas\semester 7\projek skripsi1\skripsi_yolov13_engagement\datasets\master_combined_dataset\labels\train\engaged_90.txt,d893bcee27c6d6091a00838bf943db510c96289039fcb1c7a50999a5d6b2e95f,.jpg,63093,640,480,1
frustrated_620.jpg,S10_frustrated_0001.jpg,S10,3,frustrated,train,D:\varell\college\tugas\semester 7\projek skripsi1\skripsi_yolov13_engagement\datasets\master_combined_dataset\images\train\frustrated_620.jpg,D:\varell\college\tugas\semester 7\projek skripsi1\skripsi_yolov13_engagement\datasets\master_combined_dataset\labels\train\frustrated_620.txt,5ccf76ee7ffe1336c9e168733f39026c79418a5ff8dd03db1fc8aa9ebd9943e3,.jpg,72463,640,480,1
frustrated_678.jpg,S10_frustrated_0002.jpg,S10,3,frustrated,val,D:\varell\college\tugas\semester 7\projek skripsi1\skripsi_yolov13_engagement\datasets\master_combined_dataset\images\val\frustrated_678.jpg,D:\varell\college\tugas\semester 7\projek skripsi1\skripsi_yolov13_engagement\datasets\master_combined_dataset\labels\val\frustrated_678.txt,d8b9d4b3a6d901279ec8b221bd4d7eea0b541b5f455c63aaa28c25f209660278,.jpg,72588,640,480,1
