final_filename,original_filename,subject_id,source,assigned_split,class_id,class_name,sha256,original_subset,image_width,image_height,label_filename
P01_bored_0001.jpg,bigdata_bored_engaged_aksan_50_1773299656187_000_jpg.rf.76deb964c8d4ce0fbc2572aa7a0c922c.jpg,P01,public,train,2,bored,cc9a419f8712be8af9edd99d7fd463b70d32eb4f588d523b0c021768217f8052,train,640,480,P01_bored_0001.txt
P01_bored_0002.jpg,bigdata_bored_engaged_aksan_50_1773299656187_001_jpg.rf.1a92d3626a58e7c958d6ceb74af9a9c8.jpg,P01,public,train,2,bored,d364c0fae983c28fe0b62715669d265f2e370b9c17aabcd8c8cf6f28aacc9c8c,train,640,480,P01_bored_0002.txt
P01_bored_0003.jpg,bigdata_bored_engaged_aksan_50_1773299656187_002_jpg.rf.41a8999ef946b19b9a7fc651def15057.jpg,P01,public,train,2,bored,f690de6653989541d6505752d9b050e3e8ecd3d9895a47f3ed28955a46c61f2c,train,640,480,P01_bored_0003.txt
P01_bored_0004.jpg,bigdata_bored_engaged_aksan_50_1773299656187_003_jpg.rf.92207d86703dfebc8703f74c5907553d.jpg,P01,public,train,2,bored,ad4838d1b67c9385f82e4c4944610c8b3cc594fd62cadb1f7929edb63508ee2d,test,640,480,P01_bored_0004.txt
P01_bored_0005.jpg,bigdata_bored_engaged_aksan_50_1773299656187_004_jpg.rf.b63937d094e51efd21110663c579e9ca.jpg,P01,public,train,2,bored,43f4c070dc2b1b0167fa8f8e38c514a0d73d86115bc98bb9c816bc1290d9de98,train,640,480,P01_bored_0005.txt
P01_bored_0006.jpg,bigdata_bored_engaged_aksan_50_1773299657013_005_jpg.rf.c49d42fd97e03dfbda5a47730b275ea6.jpg,P01,public,train,2,bored,7ac73db3b8ee84fcc3497a8d28595254fcabd26e120472564baf4f7c53bf58d7,train,640,480,P01_bored_0006.txt
P01_bored_0007.jpg,bigdata_bored_engaged_aksan_50_1773299657014_006_jpg.rf.ecfe30fd9c8af54ff0c81e3635597630.jpg,P01,public,train,2,bored,1da70962a5db9d14667781bec7c96ced5411393d1edf7d17c25f3839c92efe02,train,640,480,P01_bored_0007.txt
P01_bored_0008.jpg,bigdata_bored_engaged_aksan_50_1773299657014_007_jpg.rf.21630569bfb63155b70f6a88e4e0ca38.jpg,P01,public,train,2,bored,28291d4e44c8eba9df23ea6603cb0392b591329d5d6e61419e8a5e7641c23f1e,train,640,480,P01_bored_0008.txt
P01_bored_0009.jpg,bigdata_bored_engaged_aksan_50_1773299657014_008_jpg.rf.6b94288f95cb4a7b2528abb99511eec1.jpg,P01,public,train,2,bored,29a2cdc62fc3fd7dc6f1ca32da7ed4e69eb15aa7f94060792e11fd1f6710b771,val,640,480,P01_bored_0009.txt
P01_bored_0010.jpg,bigdata_bored_engaged_aksan_50_1773299657014_009_jpg.rf.8d1746255038f23d338e8848b210653f.jpg,P01,public,train,2,bored,2e281863fe77dd4f195609c3948cd203c099f82fa54bc5c0f0fc199574a12551,train,640,480,P01_bored_0010.txt
P01_bored_0011.jpg,bigdata_bored_engaged_aksan_50_1773299657617_010_jpg.rf.c118475abb38fac1be2a3d3f9e8fd8ed.jpg,P01,public,train,2,bored,0018146a98e69e392d41db7342843db1c29bb99ccb49c0ebcadac1db806c1a1e,train,640,480,P01_bored_0011.txt
P01_bored_0012.jpg,bigdata_bored_engaged_aksan_50_1773299657617_011_jpg.rf.e67df58d8fbf15c5e32b2646f677f763.jpg,P01,public,train,2,bored,c960e5f56fcc374b0829339c7fb4d19d9349204fd875508a9a32c5310b328fcf,train,640,480,P01_bored_0012.txt
P01_bored_0013.jpg,bigdata_bored_engaged_aksan_50_1773299657617_012_jpg.rf.be163418b1707bb5fb12b8a0918edf73.jpg,P01,public,train,2,bored,74276d5846ef19fa6c74ac7144bb7328e90074d6bcb05d4fa92ec16d3f2e33cc,train,640,480,P01_bored_0013.txt
P01_bored_0014.jpg,bigdata_bored_engaged_aksan_50_1773299657618_013_jpg.rf.98458d259287e231fe9a20b33114ce0a.jpg,P01,public,train,2,bored,db97b5ac4d64c71624045285fb2cfa8476c0480db86d1991ed593b76265000db,train,640,480,P01_bored_0014.txt
P01_bored_0015.jpg,bigdata_bored_engaged_aksan_50_1773299657618_014_jpg.rf.5e835fdcc120e663ad22fd9bb0344739.jpg,P01,public,train,2,bored,fb2a9f6ec32d4aeccced5cb94eb7023f93c942cb960e8286b277b40d1ce48ac7,train,640,480,P01_bored_0015.txt
P01_bored_0016.jpg,bigdata_bored_engaged_aksan_50_1773299658160_015_jpg.rf.624296902ef02a4f999acc966c303d98.jpg,P01,public,train,2,bored,7de46e302d65d6a8a26baf1dc4e8d4590e476f278de17e0c501bf59cc1cd6ef0,test,640,480,P01_bored_0016.txt
P01_bored_0017.jpg,bigdata_bored_engaged_aksan_50_1773299658160_016_jpg.rf.ea32d34acdc3414abe5f655d5d0b4edc.jpg,P01,public,train,2,bored,89840577231bc65dda0d2d92bceaafc929a5fd237c57a200448f003a5c1530ec,train,640,480,P01_bored_0017.txt
P01_bored_0018.jpg,bigdata_bored_engaged_aksan_50_1773299658160_017_jpg.rf.6749973df3d7d41f4fdfa23cb462df9b.jpg,P01,public,train,2,bored,14f9d48711a892fb9ab9c23edc0e2f1ccae7f89ea2f765d908dd97c4605b3f7f,test,640,480,P01_bored_0018.txt
P01_bored_0019.jpg,bigdata_bored_engaged_aksan_50_1773299658160_018_jpg.rf.013dc48e1e6d5343f0ca2c30d29aa6e4.jpg,P01,public,train,2,bored,ebb66e5fe1a9436abe3a71055bbc246491a57c1d4c05567a80fb5aa014e0d19a,train,640,480,P01_bored_0019.txt
P01_bored_0020.jpg,bigdata_bored_engaged_aksan_50_1773299658160_019_jpg.rf.d4414c866dd79f55240d54800525bd53.jpg,P01,public,train,2,bored,572de1823dce6bc963bc47c20b97e7c7cff1c027e4c348c807edbf0f5d2ef34b,train,640,480,P01_bored_0020.txt
P01_bored_0021.jpg,bigdata_bored_engaged_aksan_50_1773299658704_020_jpg.rf.d5a2de0c6e5ee34eeb0ab564ed003aa6.jpg,P01,public,train,2,bored,aca6f726e5eeb36cbf387b5e3aa269e275885918166acc8d4a44e925fbd5330e,train,640,480,P01_bored_0021.txt
P01_bored_0022.jpg,bigdata_bored_engaged_aksan_50_1773299658704_021_jpg.rf.cc123dd299fe6df4290aa92518c12178.jpg,P01,public,train,2,bored,41e256599c7010663f64ad7297bfdf9011169d5922908a83ecc41349cd95ea28,test,640,480,P01_bored_0022.txt
P01_bored_0023.jpg,bigdata_bored_engaged_aksan_50_1773299658704_022_jpg.rf.d74a001f244a6d7adc6f8cadc2ae3268.jpg,P01,public,train,2,bored,e2811fc39769b6950c9f5bb7cd1e10075b461166ecc3a329dcc40d2a7b8389c3,test,640,480,P01_bored_0023.txt
P01_bored_0024.jpg,bigdata_bored_engaged_aksan_50_1773299658704_023_jpg.rf.6b38a5e39cc51e24568bf7f5290baf80.jpg,P01,public,train,2,bored,0962a405d10094f5b66f8b60e2d2538a9a19ba13f1c30a4ccce93cd65819b18e,train,640,480,P01_bored_0024.txt
P01_confused_0001.jpg,bigdata_confused_engaged_aksan_50_1773299626820_000_jpg.rf.c84f6c29c8a447939d6cc9063f9d9160.jpg,P01,public,train,1,confused,b7bae47ba7689545dc5484a582012eb393a17ec3450839104ba4dc1e40bf4910,train,640,480,P01_confused_0001.txt
P01_confused_0002.jpg,bigdata_confused_engaged_aksan_50_1773299626821_001_jpg.rf.e01527f92a8b2b8afb23157034f4e932.jpg,P01,public,train,1,confused,7678c8591971faf8affd40d2f97b5de8d026ebf02b09bde39fb1b2284b5f21f7,test,640,480,P01_confused_0002.txt
P01_confused_0003.jpg,bigdata_confused_engaged_aksan_50_1773299626821_002_jpg.rf.3c1cf00c34105a0ff4e901e20fc06259.jpg,P01,public,train,1,confused,a556bdec3e390661f7d996af866b833a779ef9ecc9a99640ed8f727d517d4c98,train,640,480,P01_confused_0003.txt
P01_confused_0004.jpg,bigdata_confused_engaged_aksan_50_1773299626821_003_jpg.rf.2220594ff00200bf24d1d511f1e41b85.jpg,P01,public,train,1,confused,68df1964129cbf0d47f8394b92da225a3237275eda585f4c3f98a9f4f9ab4930,train,640,480,P01_confused_0004.txt
P01_confused_0005.jpg,bigdata_confused_engaged_aksan_50_1773299626821_004_jpg.rf.bce7905609b045b73f2eb7522687aa27.jpg,P01,public,train,1,confused,df8358895d7bd9fb41d5685ff4f0001649b04655a53ef6dbc8cfe68d8858d28d,train,640,480,P01_confused_0005.txt
P01_confused_0006.jpg,bigdata_confused_engaged_aksan_50_1773299627557_005_jpg.rf.3f59da468dc0c336bbf61f3fae66c306.jpg,P01,public,train,1,confused,ce21866e53ff4d8cbcbde09676bd9c575b4844e734e5f82b9981e38c78fbba41,test,640,480,P01_confused_0006.txt
P01_confused_0007.jpg,bigdata_confused_engaged_aksan_50_1773299627558_006_jpg.rf.8cba2a9dedc620199f5165696e5a21eb.jpg,P01,public,train,1,confused,629dffc07877ecfa413cc70301c86e00fa38b7d721f31f3c1ead41367c0d106f,train,640,480,P01_confused_0007.txt
P01_confused_0008.jpg,bigdata_confused_engaged_aksan_50_1773299627558_007_jpg.rf.9b03f8e604418b77891f3519e64512c4.jpg,P01,public,train,1,confused,6bbbfb84927b474e2267d515acfab4abe0197c8e6cedb55c8199e24cfc93a70d,train,640,480,P01_confused_0008.txt
P01_confused_0009.jpg,bigdata_confused_engaged_aksan_50_1773299627558_008_jpg.rf.cc037245e492e3ff2a8d9cb78575d180.jpg,P01,public,train,1,confused,fad7f5f6c0f34b1b5ece36e1027481fd4ba30566f2754dcf23dcb2cd563f5452,train,640,480,P01_confused_0009.txt
P01_confused_0010.jpg,bigdata_confused_engaged_aksan_50_1773299627558_009_jpg.rf.dfb633949dcac15cf11f6ededcaaf7e2.jpg,P01,public,train,1,confused,44966b0543aed201b54103a3aefb46f319ab35dcca8f9dd2b24c47618b8e6283,train,640,480,P01_confused_0010.txt
P01_confused_0011.jpg,bigdata_confused_engaged_aksan_50_1773299628168_010_jpg.rf.0bb3fdba73f1af8dce18f7c680b22add.jpg,P01,public,train,1,confused,aec0b71a7b697abb06418ed5d4861d3e9fa0b53c8945acf835e09b7c5bf5ca1e,train,640,480,P01_confused_0011.txt
P01_confused_0012.jpg,bigdata_confused_engaged_aksan_50_1773299628168_011_jpg.rf.f26abec4d8b8d3138e54dff02330d542.jpg,P01,public,train,1,confused,5515c6a5a2243b36b8abcc28429dcf8b4b8e676104ec8ce85710254230d9b6d1,train,640,480,P01_confused_0012.txt
P01_engaged_0001.jpg,bigdata_engaged_aksan_50_1773299595088_000_jpg.rf.99d591a0afa6fc843fdea7d63859f828.jpg,P01,public,train,0,engaged,7530775241b23aa71c6074f8501027268e76e9044b63e1f78e897ec0e278f641,train,640,480,P01_engaged_0001.txt
P01_engaged_0002.jpg,bigdata_engaged_aksan_50_1773299595089_001_jpg.rf.13bfdedf2feebe69a527e7b796ad713e.jpg,P01,public,train,0,engaged,39aa08af7fe657b4b5fcb803f6ce1ebd2f90a3c04c857a0b7b5f7a2e7aaf20fa,train,640,480,P01_engaged_0002.txt
P01_engaged_0003.jpg,bigdata_engaged_aksan_50_1773299595089_002_jpg.rf.3c1fc523e2b12207f7bc8bb71c31bf96.jpg,P01,public,train,0,engaged,18d04a27578ca79a691252d2e183f4dbd5c5aa4e88ce463b8865fb7e14fe3197,train,640,480,P01_engaged_0003.txt
P01_engaged_0004.jpg,bigdata_engaged_aksan_50_1773299595089_003_jpg.rf.ea5555c6cbfc47e3adde6b3f04babc3c.jpg,P01,public,train,0,engaged,aee4065d2fff329da7d06d5d4ec3404727a93f3dfcdd9d112ba2070431b00a34,train,640,480,P01_engaged_0004.txt
P01_engaged_0005.jpg,bigdata_engaged_aksan_50_1773299595089_004_jpg.rf.2fb99293fb772581c278a804ae65cf16.jpg,P01,public,train,0,engaged,71aaecd8d586987ccb92b9447b1944e6c8a5c787fbd6afa217b225cbefb31cab,train,640,480,P01_engaged_0005.txt
P01_engaged_0006.jpg,bigdata_engaged_aksan_50_1773299596388_005_jpg.rf.42df5e76376a22e7b3fed837e1063510.jpg,P01,public,train,0,engaged,182a1a71a694b5e66fd4479ec9f7946337a413b61b96d7653999c09c22f3611b,train,640,480,P01_engaged_0006.txt
P01_engaged_0007.jpg,bigdata_engaged_aksan_50_1773299596392_006_jpg.rf.2d3e67d7009fd18c12b18b84d46289ad.jpg,P01,public,train,0,engaged,03d8696949e4ce178d724f01fa445e0876347ec2d6d4b9d40b331e6da076b13f,train,640,480,P01_engaged_0007.txt
P01_engaged_0008.jpg,bigdata_engaged_aksan_50_1773299596392_007_jpg.rf.97e7e692bf47af9401d5dd873805dae3.jpg,P01,public,train,0,engaged,084601276ecdd7a36bd22cf95af84692b881640930b20be47230398282953ca7,val,640,480,P01_engaged_0008.txt
P01_engaged_0009.jpg,bigdata_engaged_aksan_50_1773299596392_008_jpg.rf.f493415fe476dedf1f4ec437402640eb.jpg,P01,public,train,0,engaged,75f7d984a4dd655685e3d39cecbe647ac0f109b7911b23084527c4c246066b4f,train,640,480,P01_engaged_0009.txt
P01_engaged_0010.jpg,bigdata_engaged_aksan_50_1773299596393_009_jpg.rf.e0d0377b7d5aa2825f8b79274b2fe38c.jpg,P01,public,train,0,engaged,1792c465cdc07933306f49ddcbb4ed8472b54d09f7f15ea984453c2e8b11cc39,train,640,480,P01_engaged_0010.txt
P01_engaged_0011.jpg,bigdata_engaged_aksan_50_1773299597324_010_jpg.rf.ee7b327d4bb76f7030c8503137bc2d35.jpg,P01,public,train,0,engaged,35c2153a08ca140bebe79544d41606b9eca13f559e2b1a2331d639185fd01ae8,train,640,480,P01_engaged_0011.txt
P01_engaged_0012.jpg,bigdata_engaged_aksan_50_1773299597324_011_jpg.rf.5a3e4ad75fdd124f170603be7666c516.jpg,P01,public,train,0,engaged,261c39f39f229e0bcd10f062791f60d044bcf1f805b1df9f6471a18421735efd,val,640,480,P01_engaged_0012.txt
P01_engaged_0013.jpg,bigdata_engaged_aksan_50_1773299597324_012_jpg.rf.e25d0c4a83d3472e3f6c1af74e79f4c4.jpg,P01,public,train,0,engaged,a6ae7addb9c9723d8dfe1673bb3372c4597b05bcce8341d5259f335158dd2319,train,640,480,P01_engaged_0013.txt
P01_engaged_0014.jpg,bigdata_engaged_aksan_50_1773299597324_013_jpg.rf.0c508146be595e14db0361f237dc1764.jpg,P01,public,train,0,engaged,29f027dcc1d9a235a6992ba31103db7fbdcf4a671700f053324e8088c9196be1,train,640,480,P01_engaged_0014.txt
P01_engaged_0015.jpg,bigdata_engaged_aksan_50_1773299597324_014_jpg.rf.74fc993d32f680ed09281ca64b88770e.jpg,P01,public,train,0,engaged,a42bec8a6d64ea316a63181ed67f9d5abb741a31583cc213412f750f39adc153,train,640,480,P01_engaged_0015.txt
P01_engaged_0016.jpg,bigdata_engaged_aksan_50_1773299598115_015_jpg.rf.b9ffa9a19f6af55dde5cabbb3fd535c5.jpg,P01,public,train,0,engaged,f53067d44d7d4b979a30bdeccd5f4611b59dd16d9b819d74d21c722800d5923e,test,640,480,P01_engaged_0016.txt
P01_engaged_0017.jpg,bigdata_engaged_aksan_50_1773299598115_016_jpg.rf.108dba4fa5a5a9a977e53b6a9619c872.jpg,P01,public,train,0,engaged,58029c398f9d3c6bad8474afe4cbd6b266010c1ce5b63119b5de70fdfa4cc8a0,train,640,480,P01_engaged_0017.txt
P01_engaged_0018.jpg,bigdata_engaged_aksan_50_1773299598115_017_jpg.rf.107be64a729adc57e6383c3a67df377f.jpg,P01,public,train,0,engaged,8cf43ca1f54a13211bb7db2f3c83124e482a05591ce12b92e3aa57b794748d21,test,640,480,P01_engaged_0018.txt
P01_engaged_0019.jpg,bigdata_engaged_aksan_50_1773299598115_018_jpg.rf.7041970cca9265060863ac86626e6aae.jpg,P01,public,train,0,engaged,6df3ee4e5900a0c58cd50d348874ad44b4cd06827b5c321f59f6bb2c83f3fd98,train,640,480,P01_engaged_0019.txt
P01_engaged_0020.jpg,bigdata_engaged_aksan_50_1773299598115_019_jpg.rf.cd1a6e210fcaefdc93290531a8a62d83.jpg,P01,public,train,0,engaged,e47663cca3c6bea583b94ff3a1abddcbb849921c5edd2e7464517879ded9babb,train,640,480,P01_engaged_0020.txt
P01_engaged_0021.jpg,bigdata_engaged_aksan_50_1773299598680_020_jpg.rf.ad98b806c2e297d8c3ec28969a8d1c45.jpg,P01,public,train,0,engaged,51f1dc8e0df3fead0cf521b96d0c72928bec2d0ba0e0acea001452d78c83d1e9,train,640,480,P01_engaged_0021.txt
P01_engaged_0022.jpg,bigdata_engaged_aksan_50_1773299598680_021_jpg.rf.30d9935016b12895ed2f5131eece7152.jpg,P01,public,train,0,engaged,2090524741c841821165a5b20800106e059bd2435145013d81d63bd9c014958b,test,640,480,P01_engaged_0022.txt
P01_engaged_0023.jpg,bigdata_engaged_aksan_50_1773299598680_022_jpg.rf.1d7c53e11449154200fcb40586b3a359.jpg,P01,public,train,0,engaged,258bd3f90343d0feb5a0d27994354df3a1c96e6c4f51fe8f3ab8c4c46a75f11e,train,640,480,P01_engaged_0023.txt
P01_engaged_0024.jpg,bigdata_engaged_aksan_50_1773299598680_023_jpg.rf.83b6f5e20e560fba6d22d918f6fd35ff.jpg,P01,public,train,0,engaged,3a70ff9bc4bf394582e1eed88fec0cd09153668ebf60b03be32cf123d272e566,train,640,480,P01_engaged_0024.txt
P01_frustrated_0001.jpg,bigdata_frustrated_engaged_aksan_50_1773299672908_000_jpg.rf.d2c793ff4c313f4da230a6d259bcaab9.jpg,P01,public,train,3,frustrated,6db7b1032499412a48f4b442b81d352961ba6ecbe5c0c653b0cf19d88a56b078,train,640,480,P01_frustrated_0001.txt
P01_frustrated_0002.jpg,bigdata_frustrated_engaged_aksan_50_1773299672908_001_jpg.rf.a99c856ab55453a2fb63c1a5ecbb73e1.jpg,P01,public,train,3,frustrated,03d70084b26b8466fd7e8cf0f704121b7ac664353c0d81c9a7ba2d4f9f0e243a,train,640,480,P01_frustrated_0002.txt
P01_frustrated_0003.jpg,bigdata_frustrated_engaged_aksan_50_1773299672908_002_jpg.rf.b6935a11ac082ed28a040035974ba357.jpg,P01,public,train,3,frustrated,2418ad7e15d877dc3d65745ad78f4aef11bf7bb01db92007dacc2d483ee18d02,train,640,480,P01_frustrated_0003.txt
P01_frustrated_0004.jpg,bigdata_frustrated_engaged_aksan_50_1773299672908_003_jpg.rf.4b4bb4ecec3cbd5bbc5d9a22f3b79097.jpg,P01,public,train,3,frustrated,8a38d88444a07abac8cdda6a104b744c460961fcec1d836e9fe44d54153c4c06,train,640,480,P01_frustrated_0004.txt
P01_frustrated_0005.jpg,bigdata_frustrated_engaged_aksan_50_1773299672909_004_jpg.rf.83c607d6f0f6cbecf860e038e7873db8.jpg,P01,public,train,3,frustrated,56b5be405d1b29dcc0bda351734f8a95f1563e6770de4871dd55d66d73dfc4fe,train,640,480,P01_frustrated_0005.txt
P01_frustrated_0006.jpg,bigdata_frustrated_engaged_aksan_50_1773299673752_005_jpg.rf.0a1eebe13cfb1ad5283da8a2a58c873d.jpg,P01,public,train,3,frustrated,fc8d5c3f09f976ac3f0c123ff63dbe8144c7afa507ce4bcd42d71a9040cb65b1,train,640,480,P01_frustrated_0006.txt
P01_frustrated_0007.jpg,bigdata_frustrated_engaged_aksan_50_1773299673752_006_jpg.rf.bb8e65b67aea19a4559a10ebeb672cb5.jpg,P01,public,train,3,frustrated,6f9f64b139b67960900b5f3eb27029c835922fec2444a39ccb61f2365bebfcc8,train,640,480,P01_frustrated_0007.txt
P01_frustrated_0008.jpg,bigdata_frustrated_engaged_aksan_50_1773299673752_007_jpg.rf.479fe4226324a4aa0710a539daed4791.jpg,P01,public,train,3,frustrated,b53da5eb9a632e53f6f575aed3337573f1773f659135a676f7c2af250c2ccd03,train,640,480,P01_frustrated_0008.txt
P01_frustrated_0009.jpg,bigdata_frustrated_engaged_aksan_50_1773299673752_008_jpg.rf.6dee259c169f7a69d0d58f11ff6a64ec.jpg,P01,public,train,3,frustrated,560571b0e67543608b94a73483227453519ff968e5aec712b683c9c8eb19db12,train,640,480,P01_frustrated_0009.txt
P01_frustrated_0010.jpg,bigdata_frustrated_engaged_aksan_50_1773299673752_009_jpg.rf.5b1c497cea24d78d6a1137de3cc73e44.jpg,P01,public,train,3,frustrated,890b9c68b4d855afcbaf414b5d1339c1d81ef9e2c8f210ea5a9200cb14b8b12b,val,640,480,P01_frustrated_0010.txt
P01_frustrated_0011.jpg,bigdata_frustrated_engaged_aksan_50_1773299674644_010_jpg.rf.7933136b18890a7a7cc44a5d0beae3e8.jpg,P01,public,train,3,frustrated,97fee8efab302560a9845eb4be35442d8b1c963fbdc7926e8ceb7a5a6d1a9a73,train,640,480,P01_frustrated_0011.txt
P01_frustrated_0012.jpg,bigdata_frustrated_engaged_aksan_50_1773299674644_011_jpg.rf.6b0478f3468f0b3f6e58aecee793dd42.jpg,P01,public,train,3,frustrated,b16224c82b3e33f2faa210aa124fa47a9f01edbda070882899c248b8e0d62120,val,640,480,P01_frustrated_0012.txt
P01_frustrated_0013.jpg,bigdata_frustrated_engaged_aksan_50_1773299674644_012_jpg.rf.4a380574bf45312c0bd1eb121a38576c.jpg,P01,public,train,3,frustrated,9c7ec57b20b7798d4f395c41c2d8155a2f0308415c2aae83ee6b89fd13f747b6,train,640,480,P01_frustrated_0013.txt
P01_frustrated_0014.jpg,bigdata_frustrated_engaged_aksan_50_1773299674644_013_jpg.rf.f40b6275e692b48235b14c0affbe91a9.jpg,P01,public,train,3,frustrated,b6251889edbb9a582c4f4df6299074d40d2b568076db3c29b517c1c5800ced00,train,640,480,P01_frustrated_0014.txt
P01_frustrated_0015.jpg,bigdata_frustrated_engaged_aksan_50_1773299674644_014_jpg.rf.0b427b2e48454943e7566e7f7318105d.jpg,P01,public,train,3,frustrated,884e0fc6fc20a55938a4bcdee89b4d6bff44e84cb2bee2363ccba945a92476bb,train,640,480,P01_frustrated_0015.txt
P01_frustrated_0016.jpg,bigdata_frustrated_engaged_aksan_50_1773299676125_015_jpg.rf.d9f7902d63ede927764e8315fbf428f9.jpg,P01,public,train,3,frustrated,a8bce7506a31e9d4dbfe0319470adf5131b944fad804e3bce1eed38c731a25c6,train,640,480,P01_frustrated_0016.txt
P01_frustrated_0017.jpg,bigdata_frustrated_engaged_aksan_50_1773299676125_016_jpg.rf.0de43297ff163322598f09479806ff20.jpg,P01,public,train,3,frustrated,6cac0495b013b692d2394ec35e2e136bf5e8bd471d36ce9da08cfab6b6bf6a4c,train,640,480,P01_frustrated_0017.txt
P01_frustrated_0018.jpg,bigdata_frustrated_engaged_aksan_50_1773299676125_017_jpg.rf.d87826e7ed56bfc7039ce93a45b3f483.jpg,P01,public,train,3,frustrated,87e84ca07ea46c34ba419b547da61bbfc184a62519c77dcea70b995a3e49b4e5,val,640,480,P01_frustrated_0018.txt
P01_frustrated_0019.jpg,bigdata_frustrated_engaged_aksan_50_1773299676125_018_jpg.rf.597b1bbea952002825c8c53bd68370a5.jpg,P01,public,train,3,frustrated,cc5264e693496d67f70e45e671ce1659b60e31f0e929f465a2bfd8865ce6a63c,train,640,480,P01_frustrated_0019.txt
P01_frustrated_0020.jpg,bigdata_frustrated_engaged_aksan_50_1773299676125_019_jpg.rf.b6e4d2e34360df95d3dd6a29d585a5b2.jpg,P01,public,train,3,frustrated,58205bd1a0be11dae0a873e88d9c8971b287d66156fc3d0c7fe486023163646c,train,640,480,P01_frustrated_0020.txt
P01_frustrated_0021.jpg,bigdata_frustrated_engaged_aksan_50_1773299676775_020_jpg.rf.2e465ea65a85712dc8fb16dee5f4859c.jpg,P01,public,train,3,frustrated,f61ce5fdbe64b92096b0eb3ff0d76d1e8e2650103a9b5d5340b53db131a15840,train,640,480,P01_frustrated_0021.txt
P01_frustrated_0022.jpg,bigdata_frustrated_engaged_aksan_50_1773299676775_021_jpg.rf.3f2f6c67f61521a273f9b2769874b84c.jpg,P01,public,train,3,frustrated,d4a3e3c0435fe65de8ad731b319be2e029cb82fd61cc2edda52cd3e0b6c1f859,train,640,480,P01_frustrated_0022.txt
P01_frustrated_0023.jpg,bigdata_frustrated_engaged_aksan_50_1773299676775_022_jpg.rf.ad4d4286bcfbadad63bea7116743301a.jpg,P01,public,train,3,frustrated,cfebebd373674e860f11e49390d6fff2d74660a2167db1d33aba083186cc87a3,test,640,480,P01_frustrated_0023.txt
P01_frustrated_0024.jpg,bigdata_frustrated_engaged_aksan_50_1773299676775_023_jpg.rf.cfc30831a7bec8d342b8f1edb144e2f7.jpg,P01,public,train,3,frustrated,ef7c7793514e1c11da954464eab9df95f1c9749e49ea8220771779d08afab699,train,640,480,P01_frustrated_0024.txt
P02_bored_0001.jpg,bigdata_bored_engaged_ansyah_08_1774442989962_000_jpg.rf.0236f0c9f27488f710ab169102bcd926.jpg,P02,public,train,2,bored,879d2b532a812dc1c39d8df4ab9633976e6c1fc7548f2b957a5d8e7ba964bf87,test,640,480,P02_bored_0001.txt
P02_bored_0002.jpg,bigdata_bored_engaged_ansyah_08_1774442989963_001_jpg.rf.c61611505b9bd1f85787e3166afad911.jpg,P02,public,train,2,bored,85bd26eebf6c48fc8878b1ba1e27420931af2c6d243d7d93637fa9e067ebef61,train,640,480,P02_bored_0002.txt
P02_bored_0003.jpg,bigdata_bored_engaged_ansyah_08_1774442989963_002_jpg.rf.853b0334cb4876973c88421055972b4e.jpg,P02,public,train,2,bored,f83702a6317b261a1f9dc518120dcc8386cbbf7f04a712e7888bd8dfe0d549e5,train,640,480,P02_bored_0003.txt
P02_bored_0004.jpg,bigdata_bored_engaged_ansyah_08_1774442989963_003_jpg.rf.237ef4186f4ac8f0613f3c714b47d1bf.jpg,P02,public,train,2,bored,1eaa751a0a8112c19b24a10532a37cf0284cc8a87226f1b2293f0d4d5a9eb8cf,train,640,480,P02_bored_0004.txt
P02_bored_0005.jpg,bigdata_bored_engaged_ansyah_08_1774442989963_004_jpg.rf.989891dd7b734a2949a789aa8ce898b2.jpg,P02,public,train,2,bored,a3a91172797b590466f0f282a99f8a5a6b3b2fdebeab38d9a4687b01d63b8553,train,640,480,P02_bored_0005.txt
P02_bored_0006.jpg,bigdata_bored_engaged_ansyah_08_1774442990994_005_jpg.rf.491c06ab68a9b4aaae833d1ed88cb374.jpg,P02,public,train,2,bored,067713a757e24a6b80d2fc0f6f34330ddd59aa15edd816ed5117fb1ea8d15da8,train,640,480,P02_bored_0006.txt
P02_bored_0007.jpg,bigdata_bored_engaged_ansyah_08_1774442990994_006_jpg.rf.9bf3ff2fa5fc3c61ee89baec7d65cefe.jpg,P02,public,train,2,bored,a603bbd12026010738291cfc1bfc69e79d8da25d3a933f396765c357f4ee9275,val,640,480,P02_bored_0007.txt
P02_bored_0008.jpg,bigdata_bored_engaged_ansyah_08_1774442990994_007_jpg.rf.a0282594112e0a7cf2dd18000494336d.jpg,P02,public,train,2,bored,8634ec2778a50ac37b3d182a9d1f58a751a4170b39fb4cebcda81bb03f2ad0a4,val,640,480,P02_bored_0008.txt
P02_bored_0009.jpg,bigdata_bored_engaged_ansyah_08_1774442990994_008_jpg.rf.dab7819dd89f1b03710fe3b7f06251aa.jpg,P02,public,train,2,bored,1925eb200892d46062917a6640a081dac61002603e762d4015aaeb74ca0b60cf,train,640,480,P02_bored_0009.txt
P02_bored_0010.jpg,bigdata_bored_engaged_ansyah_08_1774442990994_009_jpg.rf.b1456769968ad3f7a79b105cc7ad426f.jpg,P02,public,train,2,bored,2088db88a6781ac8aa4e0dc1eede7938127fe11223d379bddf0f756a720b6cb1,train,640,480,P02_bored_0010.txt
P02_bored_0011.jpg,bigdata_bored_engaged_ansyah_08_1774442991608_010_jpg.rf.6f4052ccc68bea9ea6ff55505b53a548.jpg,P02,public,train,2,bored,d4be3002da9c994ae317e63d49d8a73bf01e3218c2576a5249f1712bdf2f0a80,train,640,480,P02_bored_0011.txt
P02_bored_0012.jpg,bigdata_bored_engaged_ansyah_08_1774442991608_011_jpg.rf.2528f51244a9e742f5afbb53090bfefd.jpg,P02,public,train,2,bored,d600b00bbeeb8ddff1be3a6af42c2b2bbb7e15fe890fc077b8d350a3a6faa4d6,val,640,480,P02_bored_0012.txt
P02_bored_0013.jpg,bigdata_bored_engaged_ansyah_08_1774442991608_012_jpg.rf.267823147e69e7bc005fe1eab622c546.jpg,P02,public,train,2,bored,b026deac43ad2b369c91b092f3dff79c10570bc9f5ac0066438123aaa26952e3,train,640,480,P02_bored_0013.txt
P02_bored_0014.jpg,bigdata_bored_engaged_ansyah_08_1774442991608_013_jpg.rf.719f5586536602db15172c3fc4da63ad.jpg,P02,public,train,2,bored,776ac7f413ce9e597884cc76130ac206c1ff65325050362ece6cb2b2aca9eb45,train,640,480,P02_bored_0014.txt
P02_bored_0015.jpg,bigdata_bored_engaged_ansyah_08_1774442991608_014_jpg.rf.ddf3a360822d80c5866ac3aaa07c5c53.jpg,P02,public,train,2,bored,5f052d54b18cb41a2d97a4aa47be1959fcc6ab652f2f9c76b9edf9bcaab3629e,train,640,480,P02_bored_0015.txt
P02_bored_0016.jpg,bigdata_bored_engaged_ansyah_08_1774442992290_015_jpg.rf.3ba757d0178854101260f4d357afaf23.jpg,P02,public,train,2,bored,db7d95084bf35976c427131c8c30363b65c3273b94ca0fe28e887e2f2ad9f424,train,640,480,P02_bored_0016.txt
P02_bored_0017.jpg,bigdata_bored_engaged_ansyah_08_1774442992290_016_jpg.rf.06167b60e93613997cd41cb250493060.jpg,P02,public,train,2,bored,ca1f3ee21bbbf7c706f51a0a8a420dd90b7f5cd535ebef8cd23fdf83c3f820e8,train,640,480,P02_bored_0017.txt
P02_bored_0018.jpg,bigdata_bored_engaged_ansyah_08_1774442992290_017_jpg.rf.89fa4455b9eccb0136b2b2060cdcdbb4.jpg,P02,public,train,2,bored,12a37fffe7a0c00810702dd1e0d432b2b9069c1f488098e556312abf62ae3dc6,train,640,480,P02_bored_0018.txt
P02_bored_0019.jpg,bigdata_bored_engaged_ansyah_08_1774442992290_018_jpg.rf.48b5808cdf17d1f2cc0a289b468e3d10.jpg,P02,public,train,2,bored,d2b70d2b8e8378a8be718fa68a182acd0ffca9667e7732b97471e95ef5401fb7,train,640,480,P02_bored_0019.txt
P02_bored_0020.jpg,bigdata_bored_engaged_ansyah_08_1774442992290_019_jpg.rf.2781e7163fd436f9c6e0ae277e131b89.jpg,P02,public,train,2,bored,3d253e0f71a5424141af83d5d02cbd11ae556cfea07b59476f95d592729fb03a,train,640,480,P02_bored_0020.txt
P02_bored_0021.jpg,bigdata_bored_engaged_ansyah_08_1774442992774_020_jpg.rf.06cecb7bec37d72145d8c581bc96023b.jpg,P02,public,train,2,bored,b5d54990bef33c70597b0f1260b8237ab538844f120a18a68a90e762d82d6f5c,train,640,480,P02_bored_0021.txt
P02_bored_0022.jpg,bigdata_bored_engaged_ansyah_08_1774442992774_021_jpg.rf.3932ee4d2493a70d7c774f83efceed33.jpg,P02,public,train,2,bored,5afbff0bea23d0b23498ad82643e8aa52755dba753d16b801f305b3a4bdde086,train,640,480,P02_bored_0022.txt
P02_bored_0023.jpg,bigdata_bored_engaged_ansyah_08_1774442992774_022_jpg.rf.bc2bb9067e93fc034766c21a00bfcfe3.jpg,P02,public,train,2,bored,43503f5f30e3d0ee333ab9aa849f7cf778c6e1a962b53137948e817c8d0cd3e3,val,640,480,P02_bored_0023.txt
P02_bored_0024.jpg,bigdata_bored_engaged_ansyah_08_1774442992774_023_jpg.rf.10c06ea0057843e6ca9549e95ed55c81.jpg,P02,public,train,2,bored,0c42cae1331a11db3edefde3e2d0e6d609079032226ac826099c17ed84f71922,val,640,480,P02_bored_0024.txt
P02_confused_0001.jpg,bigdata_confused_engaged_ansyah_08_1774442973916_000_jpg.rf.427916aef0806e5db3a644238d46a645.jpg,P02,public,train,1,confused,6ef1b2db336200fc7fcfce7a76393c232de4df295f1c86ecf195e2d97a753e63,train,640,480,P02_confused_0001.txt
P02_confused_0002.jpg,bigdata_confused_engaged_ansyah_08_1774442973916_001_jpg.rf.39fdb7df09ac62904589fc3c424e59ec.jpg,P02,public,train,1,confused,e8e585a1346c1361123a2cecf33a8c3c7a72c1aa8a5305899dff362f0da7295c,val,640,480,P02_confused_0002.txt
P02_confused_0003.jpg,bigdata_confused_engaged_ansyah_08_1774442973917_002_jpg.rf.0fe61032eca1336190fbfeec191b762e.jpg,P02,public,train,1,confused,bbb8fdadd49594d6bef7fb069b9f1972ea7239019d64a9dd0842f036122531c6,train,640,480,P02_confused_0003.txt
P02_confused_0004.jpg,bigdata_confused_engaged_ansyah_08_1774442973917_003_jpg.rf.4f1197f602a7e116694c564954c2ba59.jpg,P02,public,train,1,confused,b9cc55c5bf01d0e7b85b77eb64a5241f909ce7cb99313812fff7101c9353a584,train,640,480,P02_confused_0004.txt
P02_confused_0005.jpg,bigdata_confused_engaged_ansyah_08_1774442973917_004_jpg.rf.88df2b90e46588d41098ef5e1d603cfd.jpg,P02,public,train,1,confused,851dfaf5cfc3bf8a6c30e901d735fe1f578e34a16705b3b87d1a39cbf7262aca,val,640,480,P02_confused_0005.txt
P02_confused_0006.jpg,bigdata_confused_engaged_ansyah_08_1774442974546_005_jpg.rf.7535656b202af88c94eb16eaa4c73c4d.jpg,P02,public,train,1,confused,ef29f06981b0779278de205d4ab2d2d62693133eb960cfdec547966abc343d5f,train,640,480,P02_confused_0006.txt
P02_confused_0007.jpg,bigdata_confused_engaged_ansyah_08_1774442974547_006_jpg.rf.b2b15365460b54628a31ff24c4630a7f.jpg,P02,public,train,1,confused,72359b0acfecaa330fe58d51a06772e51bfcfe5b8268f1b7c2b813e3d94554a3,train,640,480,P02_confused_0007.txt
P02_confused_0008.jpg,bigdata_confused_engaged_ansyah_08_1774442974547_007_jpg.rf.1756d99bee3d165cbd9f4b30d9a097b0.jpg,P02,public,train,1,confused,a11c1e8a5ae73036ac6c2004c222ce41ac7cfc5b9e304608f026147fad079eed,train,640,480,P02_confused_0008.txt
P02_confused_0009.jpg,bigdata_confused_engaged_ansyah_08_1774442974547_008_jpg.rf.87b750b375143365623c32ab8fafcf8d.jpg,P02,public,train,1,confused,502138e81d89ee8b9c2d22afadc4d47ef8908bac3341c0f74539d854d8c22fa6,train,640,480,P02_confused_0009.txt
P02_confused_0010.jpg,bigdata_confused_engaged_ansyah_08_1774442974547_009_jpg.rf.218678022b794b17e429dfd343be6087.jpg,P02,public,train,1,confused,481b4b8fc48d9b3dd8a5506638a59a688b43f803150dafc0ec0db7a71b9804e3,train,640,480,P02_confused_0010.txt
P02_confused_0011.jpg,bigdata_confused_engaged_ansyah_08_1774442975109_010_jpg.rf.d00e59d992e11eb5b3688b03e7e94023.jpg,P02,public,train,1,confused,ab0d5f499bf92f4671a7df77ed760f4ab2e0a7ada01d8ecaed101851cff642c8,val,640,480,P02_confused_0011.txt
P02_confused_0012.jpg,bigdata_confused_engaged_ansyah_08_1774442975110_011_jpg.rf.c897e097807c24810134fbee535af383.jpg,P02,public,train,1,confused,f928d1fa85e3c0a466f84e555c4eaeb72cc7b3f2b3a95f78395ca5e80339f176,train,640,480,P02_confused_0012.txt
P02_confused_0013.jpg,bigdata_confused_engaged_ansyah_08_1774442975110_012_jpg.rf.b14fcc69394c1033f1ed001bca6d78c5.jpg,P02,public,train,1,confused,49f805abae1e821008258201d8bd76ebe10c9b14787bb9b5d84fc5691624f1b9,val,640,480,P02_confused_0013.txt
P02_confused_0014.jpg,bigdata_confused_engaged_ansyah_08_1774442975110_013_jpg.rf.03ac78b9032b8970b3b28e0304628732.jpg,P02,public,train,1,confused,ba3c086aa043ab869dd5b4dfeefae0b86094b9480ddc2ad777c85684bc49feee,val,640,480,P02_confused_0014.txt
P02_confused_0015.jpg,bigdata_confused_engaged_ansyah_08_1774442975110_014_jpg.rf.c93b6d07aa52ec063b726306444d70f4.jpg,P02,public,train,1,confused,00210b2dc46c480e6d2c48e9c3be345556d3ad045a84cbf674ffd8850743045d,val,640,480,P02_confused_0015.txt
P02_confused_0016.jpg,bigdata_confused_engaged_ansyah_08_1774442975879_015_jpg.rf.1e5afec1c8b1eb39f79d3c138baf8b81.jpg,P02,public,train,1,confused,cc492667221608bc430faa0444592b2843b4a5c02138c7678d9cc59d79159e94,test,640,480,P02_confused_0016.txt
P02_confused_0017.jpg,bigdata_confused_engaged_ansyah_08_1774442975879_016_jpg.rf.322456d514c0d5eb0129d73f13f8fde5.jpg,P02,public,train,1,confused,7a380501b2616f31a39c828a52e0133bef34f576200a4a1d236cd40ce90df4e6,train,640,480,P02_confused_0017.txt
P02_confused_0018.jpg,bigdata_confused_engaged_ansyah_08_1774442975879_017_jpg.rf.60e6a7cbbed8ce561bf4b10f13d226f9.jpg,P02,public,train,1,confused,4d67a68ce8afb87036c6d0cb01c86e265ae641213d6af08786bd3b1205e81064,val,640,480,P02_confused_0018.txt
P02_confused_0019.jpg,bigdata_confused_engaged_ansyah_08_1774442975879_018_jpg.rf.926a734aae873e2f3c5523d27dbb9b55.jpg,P02,public,train,1,confused,4a9704f9143ccded8ec83eb9d35ea518c28f8e38c266bdf9dcfa478d475f4c46,train,640,480,P02_confused_0019.txt
P02_confused_0020.jpg,bigdata_confused_engaged_ansyah_08_1774442975879_019_jpg.rf.5577bb434f43a2fd8d1655ca354f2e97.jpg,P02,public,train,1,confused,135b80c45774c2de499e8bc843a8f0fd8b1afc35c633b2261695b4915ce77f1d,train,640,480,P02_confused_0020.txt
P02_confused_0021.jpg,bigdata_confused_engaged_ansyah_08_1774442976497_020_jpg.rf.142878c1d69e548d2b516e68c9010a08.jpg,P02,public,train,1,confused,a50b02b02bb8e0efb08c253f73a3eec78871f4da5965600028a5eb51f54047d3,train,640,480,P02_confused_0021.txt
P02_confused_0022.jpg,bigdata_confused_engaged_ansyah_08_1774442976497_021_jpg.rf.053fe589b41b2f21cf68b67fd037e4b1.jpg,P02,public,train,1,confused,7a8321c71cb911999e98f6428bd857f49e97ea57ddcda673c3ec04ca1fb0263b,test,640,480,P02_confused_0022.txt
P02_confused_0023.jpg,bigdata_confused_engaged_ansyah_08_1774442976497_022_jpg.rf.8df8d8ff377a080081af6ca319267aed.jpg,P02,public,train,1,confused,0efc92f672e8386884ab4059101772c7c34f79bf2918afdd15a2046bcfded222,val,640,480,P02_confused_0023.txt
P02_confused_0024.jpg,bigdata_confused_engaged_ansyah_08_1774442976497_023_jpg.rf.37bcdfc7a430f5c0f163bffd09981838.jpg,P02,public,train,1,confused,9cb37c073140c38c565473134c65c99bdb58bf6df709e9014c97198b336ec661,val,640,480,P02_confused_0024.txt
P02_engaged_0001.jpg,bigdata_engaged_ansyah_08_1774442955877_000_jpg.rf.1a59c3c9359384923f2c7ecb73da1e0d.jpg,P02,public,train,0,engaged,97feed92cac03be041866e5ecb2c17c4e19d284d71afb1d5c440275004b911e0,train,640,480,P02_engaged_0001.txt
P02_engaged_0002.jpg,bigdata_engaged_ansyah_08_1774442955880_001_jpg.rf.31dc2e3de11f9b8f8a8536b5e6723e9b.jpg,P02,public,train,0,engaged,46e7f3111b388199a062745fb93d2ae9b588d08681bbeb7cf2d13be491fcdfda,train,640,480,P02_engaged_0002.txt
P02_engaged_0003.jpg,bigdata_engaged_ansyah_08_1774442955880_003_jpg.rf.f48ae8763544e3e51c469a77a993b564.jpg,P02,public,train,0,engaged,aaad0902d1da8b73ab0bd512b9c6499cf1358f474c9f21ae8cf606d0dd9c2dcd,train,640,480,P02_engaged_0003.txt
P02_engaged_0004.jpg,bigdata_engaged_ansyah_08_1774442955880_004_jpg.rf.d30edc429b300998d7ea1a43b1a2885c.jpg,P02,public,train,0,engaged,76aa198d78596fcd93eb9842c48ea25cdeb482fc0c132d56e2c1bd99d3d98f6b,train,640,480,P02_engaged_0004.txt
P02_engaged_0005.jpg,bigdata_engaged_ansyah_08_1774442956782_005_jpg.rf.4e500710d389879906b8cb682463fe0a.jpg,P02,public,train,0,engaged,bf25ffd8d853039be07b566de3951ae90ca038dc702649676af1afdbd9e32042,val,640,480,P02_engaged_0005.txt
P02_engaged_0006.jpg,bigdata_engaged_ansyah_08_1774442956783_006_jpg.rf.cb548534b56590f42dab8aca0fb09b20.jpg,P02,public,train,0,engaged,9763324e1553461373f1962f334bbc2ef2570ba9714c1aa90effbf596f8377eb,train,640,480,P02_engaged_0006.txt
P02_engaged_0007.jpg,bigdata_engaged_ansyah_08_1774442956783_007_jpg.rf.4c4958117c96961524affdd122f9ea0b.jpg,P02,public,train,0,engaged,b72066b15ccd1acb87d8a95df49239005865712a8d66ce8dc0e338dfe73707e7,train,640,480,P02_engaged_0007.txt
P02_engaged_0008.jpg,bigdata_engaged_ansyah_08_1774442956783_008_jpg.rf.54c442b9e62e85f56eed21ca9d6e7cad.jpg,P02,public,train,0,engaged,2e6beaca97f7aa238e40668ecfae36f98f799a705e30105596b663ae65f2fc1f,train,640,480,P02_engaged_0008.txt
P02_engaged_0009.jpg,bigdata_engaged_ansyah_08_1774442956783_009_jpg.rf.417c298e40b23b9e2ef19eaa18f8c870.jpg,P02,public,train,0,engaged,7ff1f6627873ab85ad0df2eebc5f694c13221d0d4351d255c676ceaec293aeab,train,640,480,P02_engaged_0009.txt
P02_engaged_0010.jpg,bigdata_engaged_ansyah_08_1774442957450_010_jpg.rf.b2c462268651059c3ee28d6c7407b1b1.jpg,P02,public,train,0,engaged,47940fb292e151c82d0afd2784ad8933b7dba0d84fcf0bcf5398e9ccb101bf26,train,640,480,P02_engaged_0010.txt
P02_engaged_0011.jpg,bigdata_engaged_ansyah_08_1774442957450_011_jpg.rf.2ab01fa35d5120c39411f42ac8e53902.jpg,P02,public,train,0,engaged,14cc023b104bfe20ac74c37e6d6e9efdf4391c56bac707fd73be9133030d0280,train,640,480,P02_engaged_0011.txt
P02_engaged_0012.jpg,bigdata_engaged_ansyah_08_1774442957451_012_jpg.rf.f09f468a9f86bcdc9ab42777b0bcf873.jpg,P02,public,train,0,engaged,2f2045e3193c2087a714b3808dc8d04109aed9d537cbf761b1a9e1cb80748a01,val,640,480,P02_engaged_0012.txt
P02_engaged_0013.jpg,bigdata_engaged_ansyah_08_1774442957451_013_jpg.rf.a4fbd5f5aff1a3af65e43e6e5bcf632e.jpg,P02,public,train,0,engaged,dcbfff0a423811ab98e5c3afa1bf99746c6ccfeea123b4873d47076ec4a81f16,train,640,480,P02_engaged_0013.txt
P02_engaged_0014.jpg,bigdata_engaged_ansyah_08_1774442957451_014_jpg.rf.05b2017e2a4bf00cc3adfa0ae7acfb7b.jpg,P02,public,train,0,engaged,876f63664e7d034d8f218c69fca21909d59e746c6c9e68d134d108d1e6f19a7a,train,640,480,P02_engaged_0014.txt
P02_engaged_0015.jpg,bigdata_engaged_ansyah_08_1774442957875_015_jpg.rf.9ee28fc5e522c0c19c316724080726ac.jpg,P02,public,train,0,engaged,25d47c32c431909b1883e3f0be99db84958e715c7539f851e1b6491265d9d5ea,train,640,480,P02_engaged_0015.txt
P02_engaged_0016.jpg,bigdata_engaged_ansyah_08_1774442957875_016_jpg.rf.c88d6d74745f2d215b467f2b9513c36a.jpg,P02,public,train,0,engaged,20afdf7ca9518434479409753fcc5b981a9f17eb85f38cb9cb3ae6093c025261,train,640,480,P02_engaged_0016.txt
P02_engaged_0017.jpg,bigdata_engaged_ansyah_08_1774442957876_017_jpg.rf.ac73422c3dd422eaa570cc18f304c6a0.jpg,P02,public,train,0,engaged,d57f1b8a32867ab1e48eaec098fc8c795a79ac36afca35317a20b284cb40cb79,train,640,480,P02_engaged_0017.txt
P02_engaged_0018.jpg,bigdata_engaged_ansyah_08_1774442957876_018_jpg.rf.c72df0037e88c99fc78fa87118611892.jpg,P02,public,train,0,engaged,ca852680862f63903d13d1612161539c9f7273bde1fcdd4922e879a19501567d,train,640,480,P02_engaged_0018.txt
P02_engaged_0019.jpg,bigdata_engaged_ansyah_08_1774442958311_020_jpg.rf.f0084333988e95e19cb1f658a0d6d24d.jpg,P02,public,train,0,engaged,2dd2129341d81801b6b862c92974634fd5e8243bd649e129b2bb8d008a933fd4,train,640,480,P02_engaged_0019.txt
P02_engaged_0020.jpg,bigdata_engaged_ansyah_08_1774442958311_021_jpg.rf.8b2cd57298076419cbfcfcb9d3f1943a.jpg,P02,public,train,0,engaged,80d4a8eb550dc32b81abd0d5f7aeddd264cb20446c06e54bf261a8c5a0e4bfaa,train,640,480,P02_engaged_0020.txt
P02_engaged_0021.jpg,bigdata_engaged_ansyah_08_1774442958311_022_jpg.rf.c8384b0e36d936dc5835ec6c6da75a3c.jpg,P02,public,train,0,engaged,2190ca2d7aa0637c81a53f6352812c0c6c8b091d7e33087bbf03457388050d1b,train,640,480,P02_engaged_0021.txt
P02_engaged_0022.jpg,bigdata_engaged_ansyah_08_1774442958311_023_jpg.rf.490b07052dab33c0227c6dc8a89d5fee.jpg,P02,public,train,0,engaged,c0421ec14b2272b9fa105feed1bbc9ccd18fa92ee4668032de9bd38335c8d47d,train,640,480,P02_engaged_0022.txt
P02_frustrated_0001.jpg,bigdata_frustrated_engaged_ansyah_08_1774443005523_000_jpg.rf.1d3bccfc1856fc3d9798aa66b7466d10.jpg,P02,public,train,3,frustrated,6d6c9f69209c67c536a014b135ff8077ca3c83bf8594639e6e15a47eb0e0efc0,val,640,480,P02_frustrated_0001.txt
P02_frustrated_0002.jpg,bigdata_frustrated_engaged_ansyah_08_1774443005524_001_jpg.rf.d96b689dfcb334d782fcf541bc67f12a.jpg,P02,public,train,3,frustrated,f4242206ff73ff247c9af4bc575b94730699ed2286808549ea66d12078f2954b,test,640,480,P02_frustrated_0002.txt
P02_frustrated_0003.jpg,bigdata_frustrated_engaged_ansyah_08_1774443005524_002_jpg.rf.714a7f62e29337389de1886ea71b0aba.jpg,P02,public,train,3,frustrated,db758bd11b1fa4d9a291b17f96c539a5c64d0529e3b7a86117fc0e691e59df37,train,640,480,P02_frustrated_0003.txt
P02_frustrated_0004.jpg,bigdata_frustrated_engaged_ansyah_08_1774443005524_003_jpg.rf.827ace11862f73b71c6568f677a2c56f.jpg,P02,public,train,3,frustrated,d24f37ec23a1407339e608cab89ef83d6bcdbf53dc73ee8eba4acbe1810cffae,train,640,480,P02_frustrated_0004.txt
P02_frustrated_0005.jpg,bigdata_frustrated_engaged_ansyah_08_1774443005524_004_jpg.rf.6a2827f059ba1a4f9d66d239ef98e79a.jpg,P02,public,train,3,frustrated,c17673cd5620c0aca5d13c187e9c42242d6542a16d4506884a1951e43f3f8319,val,640,480,P02_frustrated_0005.txt
P02_frustrated_0006.jpg,bigdata_frustrated_engaged_ansyah_08_1774443006203_005_jpg.rf.b4da86f29dfa7a2d3e71db72f8e6f28c.jpg,P02,public,train,3,frustrated,3978e5eeb0610715094c0529ef4a6bddbc98af9959c3f87219f78cdce8d2dfb8,train,640,480,P02_frustrated_0006.txt
P02_frustrated_0007.jpg,bigdata_frustrated_engaged_ansyah_08_1774443006204_006_jpg.rf.cf678e79c1747e3868fb9a5827437f40.jpg,P02,public,train,3,frustrated,f690a00ea9b0ff88a634de6189ada329ca7ea7f24c049a464e8d356144e3eaff,train,640,480,P02_frustrated_0007.txt
P02_frustrated_0008.jpg,bigdata_frustrated_engaged_ansyah_08_1774443006204_007_jpg.rf.7c2379aa3c2638895f5620e0b537313d.jpg,P02,public,train,3,frustrated,b730d39ab8c28ef4a541d0c8dc402ea9bcf94585600fccd35975e6d490457662,train,640,480,P02_frustrated_0008.txt
P02_frustrated_0009.jpg,bigdata_frustrated_engaged_ansyah_08_1774443006204_008_jpg.rf.d9b1199eec38a2839c6dd6af98277652.jpg,P02,public,train,3,frustrated,3f7e6afb334bd2d25570f3db74e369e27944a699a595a3aa1715044df400b09f,train,640,480,P02_frustrated_0009.txt
P02_frustrated_0010.jpg,bigdata_frustrated_engaged_ansyah_08_1774443006204_009_jpg.rf.7c8422ce69b954fc45f5565a50abaa60.jpg,P02,public,train,3,frustrated,9a1ebeb26615ae3d319b7ff1a1cb524ac534071913b0caed62e6efbf70fea27c,train,640,480,P02_frustrated_0010.txt
P02_frustrated_0011.jpg,bigdata_frustrated_engaged_ansyah_08_1774443006836_010_jpg.rf.f417873a56367571e3585fa7a1cd719e.jpg,P02,public,train,3,frustrated,3e2fc3c0caaf5c1597d4c1b16a795a52a640b611e92248b8c9a3433501d2260c,train,640,480,P02_frustrated_0011.txt
P02_frustrated_0012.jpg,bigdata_frustrated_engaged_ansyah_08_1774443006836_011_jpg.rf.30322c3b8ed48885dc575d2335be0ee8.jpg,P02,public,train,3,frustrated,bfe25d0a3020fdcf598e6fc81c0e57aea24c7e95a176b01f4684d7ef90e7da20,train,640,480,P02_frustrated_0012.txt
P02_frustrated_0013.jpg,bigdata_frustrated_engaged_ansyah_08_1774443006837_012_jpg.rf.a17a5d82c6ff3ad1cbd154a04af78485.jpg,P02,public,train,3,frustrated,889875b40831ff54e6e37c1104f928d02f6df4d4ea9d519a1e1395d08ec4d58b,train,640,480,P02_frustrated_0013.txt
P02_frustrated_0014.jpg,bigdata_frustrated_engaged_ansyah_08_1774443006837_013_jpg.rf.987db55d43fefdddb665c8f0d10359f2.jpg,P02,public,train,3,frustrated,ed05c3308601ea32ff9c016778b109bd268093f6528b01d3bb7746dd825a1246,train,640,480,P02_frustrated_0014.txt
P02_frustrated_0015.jpg,bigdata_frustrated_engaged_ansyah_08_1774443006837_014_jpg.rf.89fee8828b111ceaafca0eaabccaffb9.jpg,P02,public,train,3,frustrated,83b6456d0a21064099b4ca6208c29bbb3489f8e18b5adbf37244befd1d817bb5,train,640,480,P02_frustrated_0015.txt
P02_frustrated_0016.jpg,bigdata_frustrated_engaged_ansyah_08_1774443007459_015_jpg.rf.6b11f3e9874dd09b21113407d9af8984.jpg,P02,public,train,3,frustrated,b4f01aafb32f85ac2a0af73a74d0c757bfc6d769c78bb96a446c4fff3fb95fe0,val,640,480,P02_frustrated_0016.txt
P02_frustrated_0017.jpg,bigdata_frustrated_engaged_ansyah_08_1774443007460_016_jpg.rf.c07be5aba81f7677a5790b7fa9d29e47.jpg,P02,public,train,3,frustrated,b6f5ed211beb85095c79100f30bd3b9aa1a78c42079614b231a4c01319f71cae,train,640,480,P02_frustrated_0017.txt
P02_frustrated_0018.jpg,bigdata_frustrated_engaged_ansyah_08_1774443007460_017_jpg.rf.1c5d36574f9c7a97e10fd205bb456ae1.jpg,P02,public,train,3,frustrated,fe38698d15a3cc1e59de3c65fd9e0b81009b9ebd4061cb0a7bb8fe9ba58b96d1,train,640,480,P02_frustrated_0018.txt
P02_frustrated_0019.jpg,bigdata_frustrated_engaged_ansyah_08_1774443007460_018_jpg.rf.de71201865629ce06f5c56165792d455.jpg,P02,public,train,3,frustrated,b8e775f9ea5104d82facc42e9504d842cd2200f7c9b1ae4383a1835b637fbfc3,train,640,480,P02_frustrated_0019.txt
P02_frustrated_0020.jpg,bigdata_frustrated_engaged_ansyah_08_1774443007460_019_jpg.rf.294d15a68ece0a749c375fbf6be4f8df.jpg,P02,public,train,3,frustrated,2215b3a120b6277da0749492c17f19f2cdb4ad509b7402fc206eeb331fdc9a07,train,640,480,P02_frustrated_0020.txt
P02_frustrated_0021.jpg,bigdata_frustrated_engaged_ansyah_08_1774443007961_020_jpg.rf.10dbdd1d57699b7e409bf36e0db941e2.jpg,P02,public,train,3,frustrated,185a33d99f9ab161e50bd6e10e3ebfddf0e9cd5d6be4e7cd1693eb60e6da2627,train,640,480,P02_frustrated_0021.txt
P02_frustrated_0022.jpg,bigdata_frustrated_engaged_ansyah_08_1774443007961_021_jpg.rf.bad52fffa7275d2342394f022c3a2a12.jpg,P02,public,train,3,frustrated,c23555222d8cf718b818575a6c4e281c3d21ce60c065d4713ba73ace748a2759,train,640,480,P02_frustrated_0022.txt
P02_frustrated_0023.jpg,bigdata_frustrated_engaged_ansyah_08_1774443007961_022_jpg.rf.b07a8c818731e3e831f08705efe63272.jpg,P02,public,train,3,frustrated,129c98a73f0b70031ee8a5e9a2f44624c0e0efd2f86f5dcac566a09b42087add,train,640,480,P02_frustrated_0023.txt
P02_frustrated_0024.jpg,bigdata_frustrated_engaged_ansyah_08_1774443007961_023_jpg.rf.440bf68670639faf246b1f3a848e44a7.jpg,P02,public,train,3,frustrated,3ea7787664ce11534efd3f446f42320357a6ed2882b1d3018d4df411c0aa3dc1,test,640,480,P02_frustrated_0024.txt
P03_bored_0001.jpg,bigdata_bored_engaged_ardiansyah_26_1774441955582_000_jpg.rf.61aac073a65034d2ada9c37dec642107.jpg,P03,public,val,2,bored,9dd085662b7653498a6d0e760a48ea4d2fb26abf8e8f9c6dda78377973bfd723,train,640,480,P03_bored_0001.txt
P03_bored_0002.jpg,bigdata_bored_engaged_ardiansyah_26_1774441955582_001_jpg.rf.3c132875e28e42590546effcdec01096.jpg,P03,public,val,2,bored,8ff8b5c31b74b686061eb08cfe8ce3438fee5c379c98819b112e84368ca7229e,train,640,480,P03_bored_0002.txt
P03_bored_0003.jpg,bigdata_bored_engaged_ardiansyah_26_1774441955582_002_jpg.rf.d89f86ad56609513b11809cb9057efd0.jpg,P03,public,val,2,bored,18a2be91a5a9682d295a43feafeb70058cec7cbd7ed5079fbfa2fa1ffe5ae132,train,640,480,P03_bored_0003.txt
P03_bored_0004.jpg,bigdata_bored_engaged_ardiansyah_26_1774441955583_003_jpg.rf.3d18f55bf69273b34f5cae54f5be7061.jpg,P03,public,val,2,bored,bb51720d1e426450ef1a84d0c476fa1a3bd1fafd5779f37eb5684f5cd5b6492c,val,640,480,P03_bored_0004.txt
P03_bored_0005.jpg,bigdata_bored_engaged_ardiansyah_26_1774441955583_004_jpg.rf.8d04192ebe136e0b630278728e3a1949.jpg,P03,public,val,2,bored,322d4f5b9913b4c46413006cd93d0d9f3a711aaae7e840b4ce5ba5f2a6721086,train,640,480,P03_bored_0005.txt
P03_bored_0006.jpg,bigdata_bored_engaged_ardiansyah_26_1774441956742_005_jpg.rf.b8cf03de9d3fb13f90c1563b1c88aeef.jpg,P03,public,val,2,bored,76c3f3fa3ae14b6729ff98eeaa6ba850b62dd94b193c86b9fdbd5f6bbc7fdab3,train,640,480,P03_bored_0006.txt
P03_bored_0007.jpg,bigdata_bored_engaged_ardiansyah_26_1774441956742_006_jpg.rf.03b167b86d866eb1639dbd0bd18f1f46.jpg,P03,public,val,2,bored,1c865cec3b8bb95749807d3a9b09596960cd20091f2ea3a1a9d03be5963aea99,train,640,480,P03_bored_0007.txt
P03_bored_0008.jpg,bigdata_bored_engaged_ardiansyah_26_1774441956742_007_jpg.rf.faa8fa705f91d6d21419b50bd57d4fc8.jpg,P03,public,val,2,bored,8ec3a2d5d67fb04d205e6a420c83d713f5fd2497e3344ea66d015525d9babe2c,train,640,480,P03_bored_0008.txt
P03_bored_0009.jpg,bigdata_bored_engaged_ardiansyah_26_1774441956742_008_jpg.rf.48f1c02f99e5a47fd205de22a3ede725.jpg,P03,public,val,2,bored,6680fb1eaa5562c3041cf0539ce9ce2c0d14dd00f944367305790fa9d3ea0926,test,640,480,P03_bored_0009.txt
P03_bored_0010.jpg,bigdata_bored_engaged_ardiansyah_26_1774441956742_009_jpg.rf.9f2f5981fe237a9b2df13e00224695f5.jpg,P03,public,val,2,bored,912736d980d7c4345e231b1b757ba9f6d0eba80f24a0179fa1f370462e8f04ca,train,640,480,P03_bored_0010.txt
P03_bored_0011.jpg,bigdata_bored_engaged_ardiansyah_26_1774441957290_010_jpg.rf.212fc39f623fd38d34cca3bbe2dbd9ce.jpg,P03,public,val,2,bored,0ba7dd8bcc31ca9021f3578f7745058309f811b63ca87c9dcb6a0c13e5f4a787,train,640,480,P03_bored_0011.txt
P03_bored_0012.jpg,bigdata_bored_engaged_ardiansyah_26_1774441957290_011_jpg.rf.177141180e13d686e68f6a2242cc1696.jpg,P03,public,val,2,bored,9ec71b8b6b99b0f0bd0d2fe8eff2ff68ab5f40958ecd8125b28480dc5c70ac48,test,640,480,P03_bored_0012.txt
P03_bored_0013.jpg,bigdata_bored_engaged_ardiansyah_26_1774441957290_012_jpg.rf.0096f72515c6cf894a641fc9124db463.jpg,P03,public,val,2,bored,60a1cc796e344d69ceeff6c90dc21300f0d1a5af21e606bb1374730bd34a82de,val,640,480,P03_bored_0013.txt
P03_bored_0014.jpg,bigdata_bored_engaged_ardiansyah_26_1774441957290_013_jpg.rf.fe9f4af462b06d03c19bf99eadff69a1.jpg,P03,public,val,2,bored,217f3c6d368492eb42874cc90d88f2f4545da187e89ba936481a553d24ee187d,train,640,480,P03_bored_0014.txt
P03_bored_0015.jpg,bigdata_bored_engaged_ardiansyah_26_1774441957290_014_jpg.rf.1a878403d9b7a74d6b00df0241474f83.jpg,P03,public,val,2,bored,e7dc56a726c26dbcbec50bc3be2064ce46e4906d240532e4148f40d8eb122a01,train,640,480,P03_bored_0015.txt
P03_bored_0016.jpg,bigdata_bored_engaged_ardiansyah_26_1774441958093_015_jpg.rf.e052ffb5c77260800fb363ca149520ae.jpg,P03,public,val,2,bored,07c64e267f194498dbf7bcdd16f889525121c96a71ac712324088b3c3a2d463d,val,640,480,P03_bored_0016.txt
P03_bored_0017.jpg,bigdata_bored_engaged_ardiansyah_26_1774441958093_016_jpg.rf.4eb24f7031e9691d04e87e614d4a6abb.jpg,P03,public,val,2,bored,b6c5b2fcb45d43645888b529a5c004b654e2baf82c6fac31fdde952c20e59652,train,640,480,P03_bored_0017.txt
P03_bored_0018.jpg,bigdata_bored_engaged_ardiansyah_26_1774441958093_017_jpg.rf.c997f5fcaa9a2f97d3e14c74248ba63c.jpg,P03,public,val,2,bored,849408031e6348ddbb5a4775e8f6d134e73c21262edb49794f0961a505602391,train,640,480,P03_bored_0018.txt
P03_bored_0019.jpg,bigdata_bored_engaged_ardiansyah_26_1774441958093_018_jpg.rf.cc7d13d2e97d4d63c76ae1571fb279fe.jpg,P03,public,val,2,bored,8ba29a285c05cee63f712ece79b67fe187ef650fc2062e60a4e55a93612e514a,train,640,480,P03_bored_0019.txt
P03_bored_0020.jpg,bigdata_bored_engaged_ardiansyah_26_1774441958093_019_jpg.rf.d8257ccec73373ac0e347944beaa34b4.jpg,P03,public,val,2,bored,5f3b709275689f5e63511e5bc28974bdfcd6bd2295ba53eaee588d9258f0427d,val,640,480,P03_bored_0020.txt
P03_bored_0021.jpg,bigdata_bored_engaged_ardiansyah_26_1774441959054_020_jpg.rf.1b1614ed29107dfc8fbefa1a2e65a037.jpg,P03,public,val,2,bored,688ec3c65dad2e7df7b2b8f9a031f08f9f43c3dbfdaa04997d641b4eb95bbaf2,test,640,480,P03_bored_0021.txt
P03_bored_0022.jpg,bigdata_bored_engaged_ardiansyah_26_1774441959055_021_jpg.rf.fd5d904aa6561caf828e477c75f3d73d.jpg,P03,public,val,2,bored,4db279577ead324dca1625ec0768ea779ad884c1b1e99b112f77e7d15f60949d,train,640,480,P03_bored_0022.txt
P03_bored_0023.jpg,bigdata_bored_engaged_ardiansyah_26_1774441959055_022_jpg.rf.73096777553204b9bab5681051ec90e2.jpg,P03,public,val,2,bored,83c6122b72f4b9404334a3138cd4cc9866a9ce1ed5e9e4f34b588f39789d41a4,train,640,480,P03_bored_0023.txt
P03_bored_0024.jpg,bigdata_bored_engaged_ardiansyah_26_1774441959056_023_jpg.rf.e78bbffaaa6438ccddb03edeb3dfe5a0.jpg,P03,public,val,2,bored,ece2403b4ebfb51071aa6e579abb0de64156454e5871fc00b223f09972e0502a,train,640,480,P03_bored_0024.txt
P03_confused_0001.jpg,bigdata_confused_engaged_ardiansyah_26_1774441939484_000_jpg.rf.d51602cf42d8e2fb4efa7a42523d39dc.jpg,P03,public,val,1,confused,8d0deb9d6c1b6c25842a3e8c411e3f6ae4639f409657b3c47f6c47b1542de69d,train,640,480,P03_confused_0001.txt
P03_confused_0002.jpg,bigdata_confused_engaged_ardiansyah_26_1774441939484_001_jpg.rf.049196025a8205bd4ba3f40c4dc4e427.jpg,P03,public,val,1,confused,3c0b99587af44274fc5057e1d3d7f6b4cd395e47212927eaece4fe82e9d582b8,train,640,480,P03_confused_0002.txt
P03_confused_0003.jpg,bigdata_confused_engaged_ardiansyah_26_1774441939484_002_jpg.rf.f967857d5732769043cff4f09d3fc9ee.jpg,P03,public,val,1,confused,2144ce3e608ff7b667036d5c7ec6995675034f8411ae71b8b4e140b0e3c6fd2c,train,640,480,P03_confused_0003.txt
P03_confused_0004.jpg,bigdata_confused_engaged_ardiansyah_26_1774441939484_003_jpg.rf.6ae0566921a25720164ddb39e3d0da49.jpg,P03,public,val,1,confused,0186522bc55d64564433778c7700a79fc3007f67355b378c7db243a10efb55d6,train,640,480,P03_confused_0004.txt
P03_confused_0005.jpg,bigdata_confused_engaged_ardiansyah_26_1774441939484_004_jpg.rf.21c4a7d6f6de78bb19fa4eb5942faeed.jpg,P03,public,val,1,confused,835ce7252f11b7a2197c4586128f45c49b9d543d2422d398109ec025a33c77de,train,640,480,P03_confused_0005.txt
P03_confused_0006.jpg,bigdata_confused_engaged_ardiansyah_26_1774441940665_005_jpg.rf.1020476d43d3f13c133e4011fd182f05.jpg,P03,public,val,1,confused,75133b18aed8c35aef7726296164ecebb9d25bdc08a2fe91d2fda77474a6bbd1,train,640,480,P03_confused_0006.txt
P03_confused_0007.jpg,bigdata_confused_engaged_ardiansyah_26_1774441940665_006_jpg.rf.acdd4154cc6cc0eca80cf464610712ab.jpg,P03,public,val,1,confused,a4db346044247df2ff9fef09b907f931f26ecdb03a9e5c008eda97d5c443bdb9,train,640,480,P03_confused_0007.txt
P03_confused_0008.jpg,bigdata_confused_engaged_ardiansyah_26_1774441940665_007_jpg.rf.03c321f31e175c61e7343fea479b305b.jpg,P03,public,val,1,confused,5d0c93d95157405ad872be3aae0c848639cb1b0555ebb84ab8fae98ccf7ca84e,train,640,480,P03_confused_0008.txt
P03_confused_0009.jpg,bigdata_confused_engaged_ardiansyah_26_1774441940665_008_jpg.rf.60a8bad34cec3c99a0aa82045c84226d.jpg,P03,public,val,1,confused,81410d4219470fac1ba0cbbfbd10cc8082e300d35280bd526861dcd235bc141a,train,640,480,P03_confused_0009.txt
P03_confused_0010.jpg,bigdata_confused_engaged_ardiansyah_26_1774441940666_009_jpg.rf.d991e02d6486d0ba041e863f3ef87eef.jpg,P03,public,val,1,confused,75c2a92e3045d326e6891863c016e0aad8236e4335bdf456c611798550ab2a4e,train,640,480,P03_confused_0010.txt
P03_confused_0011.jpg,bigdata_confused_engaged_ardiansyah_26_1774441941599_010_jpg.rf.1a52b0efd9857a9878d62e2fe770ddc1.jpg,P03,public,val,1,confused,0c15a75acebc63f768b6dfba732e72e48e45b2a31fe7b26294aafca1d964a729,train,640,480,P03_confused_0011.txt
P03_confused_0012.jpg,bigdata_confused_engaged_ardiansyah_26_1774441941599_011_jpg.rf.fb7610596eac12a2af9ee978f6f7d3cd.jpg,P03,public,val,1,confused,2c7a656894fe8fd713b8d197826ca836811472dbc80243e85912648ed1d4a676,val,640,480,P03_confused_0012.txt
P03_confused_0013.jpg,bigdata_confused_engaged_ardiansyah_26_1774441941599_012_jpg.rf.3dafdd0ab71e734d5b89762f54e3f21c.jpg,P03,public,val,1,confused,9d6ffbc51d46b4cb46c852232fe35ab369eb7474a89ce367af8b6acdd683cd9d,train,640,480,P03_confused_0013.txt
P03_confused_0014.jpg,bigdata_confused_engaged_ardiansyah_26_1774441941599_013_jpg.rf.0e57ffa63d688c993ec5fe32663dcf4f.jpg,P03,public,val,1,confused,125311ced4b2994bd344c563f9e5175ba2154a9d08b70238f4307541200a7f9e,train,640,480,P03_confused_0014.txt
P03_confused_0015.jpg,bigdata_confused_engaged_ardiansyah_26_1774441941599_014_jpg.rf.bdde778ca10f9a0766b4071308ac967f.jpg,P03,public,val,1,confused,e1307c0212f633a1ccc9483bfc53253f7ea8aab2f379a9d16318f691e0a3ab80,train,640,480,P03_confused_0015.txt
P03_confused_0016.jpg,bigdata_confused_engaged_ardiansyah_26_1774441942517_015_jpg.rf.b713670298d165d6db5c5603efdf8eb6.jpg,P03,public,val,1,confused,73c83fdf6af2daff9b7ccd46c7cdd7a8cd7a087b0c3435b68f94b6c10f004ea9,test,640,480,P03_confused_0016.txt
P03_confused_0017.jpg,bigdata_confused_engaged_ardiansyah_26_1774441942517_016_jpg.rf.6c8df44062c6de209b8deca5ae64e275.jpg,P03,public,val,1,confused,f2b0fb06708983cf2f5fac885ab4deb7b2cfe5e8ce1b056086c7f7d4dc85768d,train,640,480,P03_confused_0017.txt
P03_confused_0018.jpg,bigdata_confused_engaged_ardiansyah_26_1774441942517_017_jpg.rf.51bae73749a5ef384315bc2e89569b8e.jpg,P03,public,val,1,confused,e062abf5c9b5a4cdcd16555ae658af66a6468e764116a6a8e1cc90db7f3c93c9,train,640,480,P03_confused_0018.txt
P03_confused_0019.jpg,bigdata_confused_engaged_ardiansyah_26_1774441942517_018_jpg.rf.f5b4d3e402dc5a6a474641885d3d2d78.jpg,P03,public,val,1,confused,69f6d5bec64e581d928a61ace213c11a177d9627263e342ad3e13573e6f0fc19,train,640,480,P03_confused_0019.txt
P03_confused_0020.jpg,bigdata_confused_engaged_ardiansyah_26_1774441942517_019_jpg.rf.73a4833492fcbec61cce517b1a147570.jpg,P03,public,val,1,confused,05ca49e541f92018f7fcfa4f0157571195c910959befbda49fdc2c937b6826e9,train,640,480,P03_confused_0020.txt
P03_confused_0021.jpg,bigdata_confused_engaged_ardiansyah_26_1774441943128_020_jpg.rf.9617cbcd3ea0bbfefad6f8ed250d6864.jpg,P03,public,val,1,confused,c85e09b069138e1ae7b2af824c4f87162aafe2d7d5d7414d77140ea791c46298,train,640,480,P03_confused_0021.txt
P03_confused_0022.jpg,bigdata_confused_engaged_ardiansyah_26_1774441943128_021_jpg.rf.8f4598bbf2e3d23101bdd9a1f2ae3be1.jpg,P03,public,val,1,confused,fc59e04c774fbbbfa63da5c10437ca486d04f0e1b901c75d3bd5c39d5cf34ac6,train,640,480,P03_confused_0022.txt
P03_confused_0023.jpg,bigdata_confused_engaged_ardiansyah_26_1774441943128_022_jpg.rf.fa41718a82d9af327343fe411bfb7fe5.jpg,P03,public,val,1,confused,da1aa7164768eca4c2289641c54fd93e0f6d886608945a6f7081dfc933978187,train,640,480,P03_confused_0023.txt
P03_confused_0024.jpg,bigdata_confused_engaged_ardiansyah_26_1774441943128_023_jpg.rf.6824dfe25a33a368edcbb0dcd4166744.jpg,P03,public,val,1,confused,650e7765678ef1303cfe1d7d77a68a4d249dedb06519511cc21a3c790e444559,train,640,480,P03_confused_0024.txt
P03_engaged_0001.jpg,bigdata_engaged_ardiansyah_26_1774441900577_000_jpg.rf.a6ef2727411b55eaad7684b8ceeee541.jpg,P03,public,val,0,engaged,32205ac7dd2a75edc334da80a042bec81b25459ec6b04d2a44af6222ef10616c,train,640,480,P03_engaged_0001.txt
P03_engaged_0002.jpg,bigdata_engaged_ardiansyah_26_1774441900583_001_jpg.rf.999c7e909a150dca75a63a09cccf0bb2.jpg,P03,public,val,0,engaged,0e84c0165582c0437d1d5dce2a447349f237d2c2775ab8a8c3e42ccfc9abc89a,train,640,480,P03_engaged_0002.txt
P03_engaged_0003.jpg,bigdata_engaged_ardiansyah_26_1774441900583_002_jpg.rf.3f5d18f89691ecf79e1a97d444cbb257.jpg,P03,public,val,0,engaged,af699a04a5e229b3bb95279693bf1de9d5fd747bdd41d3f6269226ef57e6ab55,train,640,480,P03_engaged_0003.txt
P03_engaged_0004.jpg,bigdata_engaged_ardiansyah_26_1774441900583_003_jpg.rf.19a8e4366f75d28162da72765923584a.jpg,P03,public,val,0,engaged,cd9d8aa99521f67827f57545377f64b946c65b65a502d8226a125019c460a014,train,640,480,P03_engaged_0004.txt
P03_engaged_0005.jpg,bigdata_engaged_ardiansyah_26_1774441900583_004_jpg.rf.6be96397ae693c9a67981ad46b13bb56.jpg,P03,public,val,0,engaged,d4143b54ff49b7e1536e91f906cbe48df8f73194a1595128ab83b069c0d96300,train,640,480,P03_engaged_0005.txt
P03_engaged_0006.jpg,bigdata_engaged_ardiansyah_26_1774441902176_005_jpg.rf.92ff082b19f8187d3667aab1a7153526.jpg,P03,public,val,0,engaged,e6bb58e0d3b25ef70e0bd757d2f2b4f5d002333d1d819cf63edc1975e7cea412,train,640,480,P03_engaged_0006.txt
P03_engaged_0007.jpg,bigdata_engaged_ardiansyah_26_1774441902176_006_jpg.rf.d6db9be50aa70c457fbb14c0991f338f.jpg,P03,public,val,0,engaged,33dfad8f019a7f51547c5cfe6eee55b94e69000cde2071e34eabcaa0f8329887,train,640,480,P03_engaged_0007.txt
P03_engaged_0008.jpg,bigdata_engaged_ardiansyah_26_1774441902177_007_jpg.rf.ae1686067bcf139ff893d71e5d5384f9.jpg,P03,public,val,0,engaged,419d3939c63c0c195c36d95ccac39d0bf36b49b8dd3b8b8f7e8c588d67af186d,train,640,480,P03_engaged_0008.txt
P03_engaged_0009.jpg,bigdata_engaged_ardiansyah_26_1774441902177_008_jpg.rf.6ebef4f14971f7c128988525a47661a3.jpg,P03,public,val,0,engaged,f67705d700fab0ada58ba856f4917c1ae48068410baa4182b0c81489f85f855d,train,640,480,P03_engaged_0009.txt
P03_engaged_0010.jpg,bigdata_engaged_ardiansyah_26_1774441902177_009_jpg.rf.4fe35f73a5c1a3964f5ff070d2c17a54.jpg,P03,public,val,0,engaged,b91f07bf604aac9d9f03429167779ea0987286f75e6b63515f39b57952eefb4d,train,640,480,P03_engaged_0010.txt
P03_engaged_0011.jpg,bigdata_engaged_ardiansyah_26_1774441903111_010_jpg.rf.a5dfc5f4ec90c7271c7751fd26038624.jpg,P03,public,val,0,engaged,44cb34f6582ecb60dd457dcb9a1e8fa2fc13d7220e155459baabaf93046bca30,train,640,480,P03_engaged_0011.txt
P03_engaged_0012.jpg,bigdata_engaged_ardiansyah_26_1774441903111_011_jpg.rf.c9cd83a263021dbeee17b9fe858c4042.jpg,P03,public,val,0,engaged,ffa2759dcb2d5bf1a3c1a1beaf19465f4c12693f5da1ce13d03b84633274856a,train,640,480,P03_engaged_0012.txt
P03_engaged_0013.jpg,bigdata_engaged_ardiansyah_26_1774441903111_012_jpg.rf.25a7ca18a2685904e467211810c21592.jpg,P03,public,val,0,engaged,264b8d3e462b182ee164af18b195fb757e419e61ab69b00977ea9355eab633eb,train,640,480,P03_engaged_0013.txt
P03_engaged_0014.jpg,bigdata_engaged_ardiansyah_26_1774441903111_013_jpg.rf.ec03ec36b205a16be6d7cae951d6270b.jpg,P03,public,val,0,engaged,3d3fa20ca26748a8171c26e919902db9e5ea7570e032f2a475bfd2746b3db970,train,640,480,P03_engaged_0014.txt
P03_engaged_0015.jpg,bigdata_engaged_ardiansyah_26_1774441903111_014_jpg.rf.e2dc9598dc8d724ea625ea83c9d4d8f2.jpg,P03,public,val,0,engaged,b551a29846a3828977e3507617b06deeabbf0f0b9e9a066b5b2f4d75bccb2da4,train,640,480,P03_engaged_0015.txt
P03_engaged_0016.jpg,bigdata_engaged_ardiansyah_26_1774441903830_015_jpg.rf.7e01cf471712bb016da98fa8d4d59335.jpg,P03,public,val,0,engaged,9477b2c370fd2299548cec3eef5002a26941190e03e67aa351c2a674a76479b7,val,640,480,P03_engaged_0016.txt
P03_engaged_0017.jpg,bigdata_engaged_ardiansyah_26_1774441903830_016_jpg.rf.a26207e126117ebca8824a7dbe65ef87.jpg,P03,public,val,0,engaged,463e9fca42213d20c975fe11a39fe1e083678bf67401bb2659250e9d69d407d4,val,640,480,P03_engaged_0017.txt
P03_engaged_0018.jpg,bigdata_engaged_ardiansyah_26_1774441903831_017_jpg.rf.f916fb9da95a1fbf341c143e6ab1696b.jpg,P03,public,val,0,engaged,d167caf5e808ad006da2ada2dae3e47fb8bfd60bb219860ae8e49821230fa689,test,640,480,P03_engaged_0018.txt
P03_engaged_0019.jpg,bigdata_engaged_ardiansyah_26_1774441903831_018_jpg.rf.8c8a3daaf75296fe6f72b74588328b73.jpg,P03,public,val,0,engaged,d86eb0c185b00200e660fe1f6951722d3a8ef0e593c92825016bd8f129e13b08,train,640,480,P03_engaged_0019.txt
P03_engaged_0020.jpg,bigdata_engaged_ardiansyah_26_1774441903831_019_jpg.rf.1f23f354e4dd53575a34c46abe8d7ced.jpg,P03,public,val,0,engaged,afc142d3b7e9d798a2bd780dee98cdc9fe30e01f8fafed68e787e75c1484790d,train,640,480,P03_engaged_0020.txt
P03_engaged_0021.jpg,bigdata_engaged_ardiansyah_26_1774441904952_020_jpg.rf.3e7b2402483c3e547429168ccd6dba4f.jpg,P03,public,val,0,engaged,80c5c646c41fe9e2b7ccfdab55256916b56833d1c4dcbd6a024dc04943efdd94,train,640,480,P03_engaged_0021.txt
P03_engaged_0022.jpg,bigdata_engaged_ardiansyah_26_1774441904953_021_jpg.rf.f5a694a51c1218f54749bd2a5c8a92e9.jpg,P03,public,val,0,engaged,e625a6f5e15cabaeaf5ab167cd06337fc8400c0847d7f1337a4d83b41f92c6b6,val,640,480,P03_engaged_0022.txt
P03_engaged_0023.jpg,bigdata_engaged_ardiansyah_26_1774441904953_022_jpg.rf.df7ca715b3fdbc28b64f8ca59ff91126.jpg,P03,public,val,0,engaged,4b2b1d000459cc372a05fd78ba6781581bd3bad4763235563ab7c2d11b6675b3,val,640,480,P03_engaged_0023.txt
P03_engaged_0024.jpg,bigdata_engaged_ardiansyah_26_1774441904953_023_jpg.rf.bd5761026605b9dca0f03ec1d382e59a.jpg,P03,public,val,0,engaged,fdffb6a80d2a49fb3090e8d92e87670e700c3e84e5d499630098b5b29e6d6588,val,640,480,P03_engaged_0024.txt
P03_frustrated_0001.jpg,bigdata_frustrated_engaged_ardiansyah_26_1774441972363_000_jpg.rf.4cd1d850b019d04a6d8e9ca50badba15.jpg,P03,public,val,3,frustrated,ffbd2ee4dfbb5f36ae8c6953c57cab4ea71b2a09f53f6f1249082492c8bfe596,train,640,480,P03_frustrated_0001.txt
P03_frustrated_0002.jpg,bigdata_frustrated_engaged_ardiansyah_26_1774441972363_001_jpg.rf.ed5f5f6124cc0b9898af4a4835b0d94f.jpg,P03,public,val,3,frustrated,d081506bdd1ba050163c81757aaf24507296cf8da8217e6939ecc1ed8630f2ac,test,640,480,P03_frustrated_0002.txt
P03_frustrated_0003.jpg,bigdata_frustrated_engaged_ardiansyah_26_1774441972363_002_jpg.rf.d89be74bde076528b2b60d4b147d4541.jpg,P03,public,val,3,frustrated,a0de40be736091ae0ed56a19932b75642629f41813a651a9dc9426a7c48f4d82,train,640,480,P03_frustrated_0003.txt
P03_frustrated_0004.jpg,bigdata_frustrated_engaged_ardiansyah_26_1774441972363_003_jpg.rf.9410508ade7510e8b78c64cccb0fa02c.jpg,P03,public,val,3,frustrated,f8c4339f96ccce04c71e6cdc52eea21d454ac7ee7b66d1623efd16aa6a3d7413,train,640,480,P03_frustrated_0004.txt
P03_frustrated_0005.jpg,bigdata_frustrated_engaged_ardiansyah_26_1774441972363_004_jpg.rf.d01a94f6243e464918b94c6a0fbc059e.jpg,P03,public,val,3,frustrated,3e0378ba31952aaf700fa834b2ff444a76bac9f8475624465f4e88794ddca5a6,train,640,480,P03_frustrated_0005.txt
P03_frustrated_0006.jpg,bigdata_frustrated_engaged_ardiansyah_26_1774441973008_005_jpg.rf.1f4501d4b23aa9be222642d877254239.jpg,P03,public,val,3,frustrated,c15929998300734c2165216d2fd793e7a99d49d828a2892d9312a7787bbba0bb,train,640,480,P03_frustrated_0006.txt
P03_frustrated_0007.jpg,bigdata_frustrated_engaged_ardiansyah_26_1774441973008_006_jpg.rf.ead51cb8510a43a3dae699d540ca2739.jpg,P03,public,val,3,frustrated,f97c7024dc2a4b3681a0042dce981f1634be21ce5c933bdbf8ef2ab974edead5,train,640,480,P03_frustrated_0007.txt
P03_frustrated_0008.jpg,bigdata_frustrated_engaged_ardiansyah_26_1774441973008_007_jpg.rf.3105647090d21b09186d8e76fbb076ac.jpg,P03,public,val,3,frustrated,2dbd598b1f6d39b5d00f4fc9a2e2daa014b0a3d69d802b0e9c1ba346bfa06748,train,640,480,P03_frustrated_0008.txt
P03_frustrated_0009.jpg,bigdata_frustrated_engaged_ardiansyah_26_1774441973008_008_jpg.rf.4cc7f818706b763c03a7fbc3cf149da1.jpg,P03,public,val,3,frustrated,c09ae90a84b601b4e48319326c0dcae1573c592497ad11e86efb36b48a9b1f89,train,640,480,P03_frustrated_0009.txt
P03_frustrated_0010.jpg,bigdata_frustrated_engaged_ardiansyah_26_1774441973008_009_jpg.rf.239888730142fb9c7ed1873c6dcf57d1.jpg,P03,public,val,3,frustrated,8d2ce1f0f26b7f4a034e8acdb60d657deaeebd4485384660329116a06d8523f3,train,640,480,P03_frustrated_0010.txt
P03_frustrated_0011.jpg,bigdata_frustrated_engaged_ardiansyah_26_1774441973900_010_jpg.rf.e2d7f0a91d2057dfe96b58ae6577e720.jpg,P03,public,val,3,frustrated,23bc874a792b3925db24d5eaa3fb4cbdd87f75aee6e46eec06fe89c05d4b82db,train,640,480,P03_frustrated_0011.txt
P03_frustrated_0012.jpg,bigdata_frustrated_engaged_ardiansyah_26_1774441973900_011_jpg.rf.dc3cc8237c86002776021acc323c497a.jpg,P03,public,val,3,frustrated,c51b592c05fd6fd716cbd5391354fbf31294bc22a7166ba79d05aa24251f4516,train,640,480,P03_frustrated_0012.txt
P03_frustrated_0013.jpg,bigdata_frustrated_engaged_ardiansyah_26_1774441973900_012_jpg.rf.998bbea5af60b3362145819d7bfb0528.jpg,P03,public,val,3,frustrated,20777557fb28260693704cfae060285035c6e97e7ca760b082e4c7fe6af3ca05,test,640,480,P03_frustrated_0013.txt
P03_frustrated_0014.jpg,bigdata_frustrated_engaged_ardiansyah_26_1774441973900_013_jpg.rf.76f459ea40718c5dae72dd24f35e1012.jpg,P03,public,val,3,frustrated,c9eca65ee67640defbf181198411503bfc01fc6360ace8d39efb4805a3943b18,train,640,480,P03_frustrated_0014.txt
P03_frustrated_0015.jpg,bigdata_frustrated_engaged_ardiansyah_26_1774441973900_014_jpg.rf.2c776d42be5b4466c40985e5a44b97b4.jpg,P03,public,val,3,frustrated,f857af7d30fdf6b5a500eea6aac1aad27666242dc916c97d7c55a211c763aae7,train,640,480,P03_frustrated_0015.txt
P03_frustrated_0016.jpg,bigdata_frustrated_engaged_ardiansyah_26_1774441974525_015_jpg.rf.b61779c6bc58e34c7e1f5331b72dda9b.jpg,P03,public,val,3,frustrated,0ae653fa5647d16f5398d00b1101a22987ecacb4f1a70c6eb9b0a2aab792c8a7,test,640,480,P03_frustrated_0016.txt
P03_frustrated_0017.jpg,bigdata_frustrated_engaged_ardiansyah_26_1774441974525_016_jpg.rf.800669843a821f0ad44301b59a1ba5f9.jpg,P03,public,val,3,frustrated,3dc51bf8ad0370926930491441a8d529237da995ddf116efb33042857885142a,train,640,480,P03_frustrated_0017.txt
P03_frustrated_0018.jpg,bigdata_frustrated_engaged_ardiansyah_26_1774441974525_017_jpg.rf.0613e71354a952c70290d3636cd6dc1f.jpg,P03,public,val,3,frustrated,2202609aded23e806ed6bff7824051733d043d2afd6ebab23006d91c54dfa494,train,640,480,P03_frustrated_0018.txt
P03_frustrated_0019.jpg,bigdata_frustrated_engaged_ardiansyah_26_1774441974525_018_jpg.rf.486b92f2ce93f4a5eb161c8bac2d2f94.jpg,P03,public,val,3,frustrated,0031e67f0308fd2058ac1f1416b344691eccc69f85553ef70e6e5bf03fb06a16,train,640,480,P03_frustrated_0019.txt
P03_frustrated_0020.jpg,bigdata_frustrated_engaged_ardiansyah_26_1774441974525_019_jpg.rf.e6a332f6db8e399b3b1cf071416cf453.jpg,P03,public,val,3,frustrated,b86a276eea087be2e378548cdbd248e8ff8517c7a2e5348259f1dc4f411952b2,train,640,480,P03_frustrated_0020.txt
P03_frustrated_0021.jpg,bigdata_frustrated_engaged_ardiansyah_26_1774441975337_020_jpg.rf.5e65a4e2b868608297ba7187510d7cd7.jpg,P03,public,val,3,frustrated,87391693daa58055a867d829d1e0adfd12a59505dddeb8b6c1d7018839a47201,train,640,480,P03_frustrated_0021.txt
P03_frustrated_0022.jpg,bigdata_frustrated_engaged_ardiansyah_26_1774441975337_021_jpg.rf.e2b4db24994b15ef15ec7d476c9a8654.jpg,P03,public,val,3,frustrated,28f7870a92d9c2c0b2c14b01ff49b8d4de50ce0749c72278597fc0e4d6b23f81,train,640,480,P03_frustrated_0022.txt
P03_frustrated_0023.jpg,bigdata_frustrated_engaged_ardiansyah_26_1774441975337_022_jpg.rf.1cdb935064ec7c7f403cdeaba1347813.jpg,P03,public,val,3,frustrated,2fe8917d2fd7d5a12d4084fc6007edd167276f437142cc4a638f8cc0b172b791,train,640,480,P03_frustrated_0023.txt
P03_frustrated_0024.jpg,bigdata_frustrated_engaged_ardiansyah_26_1774441975337_023_jpg.rf.88a5451702ffbb52912576f6412e85be.jpg,P03,public,val,3,frustrated,d1ea97cf1e1016d640f8ff89357f80321707c248d1d52f6e345012a1bfedbae1,val,640,480,P03_frustrated_0024.txt
P04_bored_0001.jpg,bigdata_bored_engaged_arya_31_1773299393143_000_jpg.rf.d8de80e6652eb74ee16fafdd515e76fa.jpg,P04,public,test,2,bored,ebd7c250b4bf3025e36c065c23d92dd681ddd0089c4e803ec06416b76c4c89d6,train,640,480,P04_bored_0001.txt
P04_bored_0002.jpg,bigdata_bored_engaged_arya_31_1773299393144_001_jpg.rf.bfb0021ffefede09c403eff9e5906b62.jpg,P04,public,test,2,bored,bf98d41acf4ea15c5cb228456806b4fb8802e9c062301fd1f569c79f72979624,train,640,480,P04_bored_0002.txt
P04_bored_0003.jpg,bigdata_bored_engaged_arya_31_1773299393144_002_jpg.rf.82e1cc9694f72af5f96862525ea056a7.jpg,P04,public,test,2,bored,ca1fb698b1c4f5e4e795fa53420085aa813a6b15f009cd4369158be3db41953f,test,640,480,P04_bored_0003.txt
P04_bored_0004.jpg,bigdata_bored_engaged_arya_31_1773299393144_003_jpg.rf.19480fce94d36c987b407bfb569df2b1.jpg,P04,public,test,2,bored,9ed03762c8cc7ef8e2879bf70470b7522d81b4ad901230916d2bed18da3ac176,train,640,480,P04_bored_0004.txt
P04_bored_0005.jpg,bigdata_bored_engaged_arya_31_1773299393144_004_jpg.rf.364a7baf7e4298d39434d3978571b9a8.jpg,P04,public,test,2,bored,374cb794668f7acf56cc197cb82f665ac2ac6e54573459ba2dbfce7091d149f9,train,640,480,P04_bored_0005.txt
P04_bored_0006.jpg,bigdata_bored_engaged_arya_31_1773299394518_005_jpg.rf.f40e402ff91f0255751cb0af00fe0c14.jpg,P04,public,test,2,bored,39e5e84eb9e45d580a9c467f8cc9df3c5429434c5cf2f1b467c424b1b5c44ec8,train,640,480,P04_bored_0006.txt
P04_bored_0007.jpg,bigdata_bored_engaged_arya_31_1773299394518_006_jpg.rf.6040eef5b8f5965ea1208a0b40a31b68.jpg,P04,public,test,2,bored,7ac16523b7c05ad20f240e45f2af8744866e612e19069fd919e67f3173e83009,train,640,480,P04_bored_0007.txt
P04_bored_0008.jpg,bigdata_bored_engaged_arya_31_1773299394519_007_jpg.rf.e06bbd3b871f08e0a6a4927c1387f823.jpg,P04,public,test,2,bored,8e5456d54ad1164df25a09cf44c2a8b60509b41c4fdd67f239274920d1427e83,train,640,480,P04_bored_0008.txt
P04_bored_0009.jpg,bigdata_bored_engaged_arya_31_1773299394519_008_jpg.rf.e4571cad31dd3951dd9e2f79daa70435.jpg,P04,public,test,2,bored,30d5915b69c07d174af0ea3469b572592f03e0de1f71abcda5696147cc1e38be,train,640,480,P04_bored_0009.txt
P04_bored_0010.jpg,bigdata_bored_engaged_arya_31_1773299394519_009_jpg.rf.b00310c25849086e808b479da9711743.jpg,P04,public,test,2,bored,dad8814a7f835b9140e6096fff770600eef2a711c75c8b3a0a49ba75c4c0f216,val,640,480,P04_bored_0010.txt
P04_bored_0011.jpg,bigdata_bored_engaged_arya_31_1773299395365_010_jpg.rf.841d25b372358b540cc5dabf005e13ed.jpg,P04,public,test,2,bored,053940f4f1dccd983e3074b5f064d2170e69a52479d2c06c284905c176792f51,train,640,480,P04_bored_0011.txt
P04_bored_0012.jpg,bigdata_bored_engaged_arya_31_1773299395366_011_jpg.rf.4ab95752f174b42c416b85ebc8156ada.jpg,P04,public,test,2,bored,2b962bab0421ddd3ca9156c2b37af6a3fc8d68a00061eaf19c90a5ce33ba8f2c,train,640,480,P04_bored_0012.txt
P04_bored_0013.jpg,bigdata_bored_engaged_arya_31_1773299395366_012_jpg.rf.dd653018910d7d0acdaac3b47ca3b3e3.jpg,P04,public,test,2,bored,7f119f523f5385c0ecdb1db70f61baf63206724e360658270eebf4e4449cd493,train,640,480,P04_bored_0013.txt
P04_bored_0014.jpg,bigdata_bored_engaged_arya_31_1773299395366_013_jpg.rf.6538afb035afcb54c3e1dfc13d3469e4.jpg,P04,public,test,2,bored,e6122e6ea2702f07715d9e396253fd299f795aac45ca1ac984540168fa17285e,train,640,480,P04_bored_0014.txt
P04_bored_0015.jpg,bigdata_bored_engaged_arya_31_1773299395366_014_jpg.rf.d23bd7a1c6baafc388fdb32c811d6d91.jpg,P04,public,test,2,bored,7cde05d775190299cc4f2ab56fcf1aff208fb85e3a440fdd20553891a8a23487,train,640,480,P04_bored_0015.txt
P04_bored_0016.jpg,bigdata_bored_engaged_arya_31_1773299395953_015_jpg.rf.ac5a2d238575c904f87fb96e9a8de28e.jpg,P04,public,test,2,bored,905687c9ca38ddb16a4ce2498a07c01e9dd908254b3d3bc68fcb6c3905fad597,train,640,480,P04_bored_0016.txt
P04_bored_0017.jpg,bigdata_bored_engaged_arya_31_1773299395953_016_jpg.rf.526f71a8c4e3b378f6a4f75b2097c0fd.jpg,P04,public,test,2,bored,0e697549ff53550a339fc25594793676936df1af2bd014487d2456c79707a2d6,train,640,480,P04_bored_0017.txt
P04_bored_0018.jpg,bigdata_bored_engaged_arya_31_1773299395953_017_jpg.rf.b4143f8ee9aa1500d409ad7c17dd555d.jpg,P04,public,test,2,bored,2ec0614d10a6e51ac0211d1bba728beef24bef1e7023e933185db4aa2cea70b4,test,640,480,P04_bored_0018.txt
P04_bored_0019.jpg,bigdata_bored_engaged_arya_31_1773299395953_018_jpg.rf.e8fe615500382f7a95ad31b7ae278874.jpg,P04,public,test,2,bored,9d623964ca273843e1a97d0d12602909addc73b2ca4944b8daddf2cbc042c219,train,640,480,P04_bored_0019.txt
P04_bored_0020.jpg,bigdata_bored_engaged_arya_31_1773299395953_019_jpg.rf.dbdb29aab32dfc82f670b0b220952aa9.jpg,P04,public,test,2,bored,0ba9621505eb988a1d77ec9b9219fb4f0d1c2eab5caf7b0a62b4834611df566c,train,640,480,P04_bored_0020.txt
P04_bored_0021.jpg,bigdata_bored_engaged_arya_31_1773299396737_020_jpg.rf.3a0457e33c168ddf9aab4ddb63dff96a.jpg,P04,public,test,2,bored,bcb567786693ec9b805a159bc1513fd431babc1a971458094875f64f4f813ad5,train,640,480,P04_bored_0021.txt
P04_bored_0022.jpg,bigdata_bored_engaged_arya_31_1773299396737_021_jpg.rf.56f07ba92e1ec494f1976d21631f08aa.jpg,P04,public,test,2,bored,6d6708ed671830540030e8db52b740fe13dc6b182e3cae46f3a4bc264c6672ff,train,640,480,P04_bored_0022.txt
P04_bored_0023.jpg,bigdata_bored_engaged_arya_31_1773299396737_022_jpg.rf.cedadb4148710b48220c96b5f529db80.jpg,P04,public,test,2,bored,c116c4ca0fc656f76d81df22a3dbb1601410243ae67ed3058760fcc66ae7423f,train,640,480,P04_bored_0023.txt
P04_bored_0024.jpg,bigdata_bored_engaged_arya_31_1773299396737_023_jpg.rf.5e86395f240a7c25a527d9d787e05435.jpg,P04,public,test,2,bored,b0fa810b52ca735b2655854889bed5905086c2d6f60dcbdc9dda277c6681339b,train,640,480,P04_bored_0024.txt
P04_confused_0001.jpg,bigdata_confused_engaged_arya_31_1773299347954_000_jpg.rf.5412fbe8232e3555c01d15ed09703896.jpg,P04,public,test,1,confused,ad7db116e409fed281a4859e0f4bb2f687a676d462533c8c346ed6757c6ee54b,val,640,480,P04_confused_0001.txt
P04_confused_0002.jpg,bigdata_confused_engaged_arya_31_1773299347954_001_jpg.rf.e59630e3aa7ebd1e046b60a29882c993.jpg,P04,public,test,1,confused,e5f0eda6720cae3b8842ff6c0141d6a98d94fcb120f05721c025172fb6c96f22,train,640,480,P04_confused_0002.txt
P04_confused_0003.jpg,bigdata_confused_engaged_arya_31_1773299347954_002_jpg.rf.3f9437b44803cc9ab079d6564b974017.jpg,P04,public,test,1,confused,813f0479d7ee3e603e17f93b56fd525b41a2bef4279d7daf7fc5bb72cb0ef3f6,train,640,480,P04_confused_0003.txt
P04_confused_0004.jpg,bigdata_confused_engaged_arya_31_1773299347955_003_jpg.rf.b1e69be3fb314e0d40c0142b115fedea.jpg,P04,public,test,1,confused,dbe12c3c8aa8e9adb3f878521f49712cce8c462e6fc1cb8ced7c87b83d06e6d6,train,640,480,P04_confused_0004.txt
P04_confused_0005.jpg,bigdata_confused_engaged_arya_31_1773299347955_004_jpg.rf.902240327d5908508c498ef28e842894.jpg,P04,public,test,1,confused,1687db288d0c2373324e4a7fb0742729d0417d5a1e5c4f08d2823f7ef838bc89,train,640,480,P04_confused_0005.txt
P04_confused_0006.jpg,bigdata_confused_engaged_arya_31_1773299348638_005_jpg.rf.388aa35b930cbb6f5ab6512a0a0612eb.jpg,P04,public,test,1,confused,8bef2338be9a8af341865bdef5458a7d7d4c4d7e9f32b773e2714b115e85afa6,train,640,480,P04_confused_0006.txt
P04_confused_0007.jpg,bigdata_confused_engaged_arya_31_1773299348638_006_jpg.rf.579a846e2aa1793f9d1d29b1af8174d4.jpg,P04,public,test,1,confused,1e9410ef886f5ca36db0ab7cae3b618411f3909092057b551cf94205721ee3eb,test,640,480,P04_confused_0007.txt
P04_confused_0008.jpg,bigdata_confused_engaged_arya_31_1773299348638_007_jpg.rf.f8d1a859db4c68429d4705ddf1f1fd58.jpg,P04,public,test,1,confused,ef14b1a1c1f4661b71ef29743ad0ad9ff01804eb569392dcbceb6372283beec3,test,640,480,P04_confused_0008.txt
P04_confused_0009.jpg,bigdata_confused_engaged_arya_31_1773299348638_008_jpg.rf.ab1fcbdffc95d9671a35aa5931054485.jpg,P04,public,test,1,confused,00291a2b6706a7be5da8cf024f9c246a908dc7e45c040c0d6f51bf0f6c0c8328,train,640,480,P04_confused_0009.txt
P04_confused_0010.jpg,bigdata_confused_engaged_arya_31_1773299348638_009_jpg.rf.4ba1dbdb1d613e1067f203d66d94d0c7.jpg,P04,public,test,1,confused,4636b24cc371208a5c7b6c0101173cb7696233f029aa40f3ccc7df6799611bb8,train,640,480,P04_confused_0010.txt
P04_confused_0011.jpg,bigdata_confused_engaged_arya_31_1773299349324_010_jpg.rf.3594a5249f98ef3c648c4f2bb772f18d.jpg,P04,public,test,1,confused,cc7eb23b89957c03b4d212b9e71c465fd5958640898e3f030cf4f7be687d98a6,train,640,480,P04_confused_0011.txt
P04_confused_0012.jpg,bigdata_confused_engaged_arya_31_1773299349324_011_jpg.rf.574677265eafda95af2efbb3b7cc75a9.jpg,P04,public,test,1,confused,055e642cbfa34813b3ebc2fb0fd3a6901c7b4c65bd1cf42bae47a47d10344b77,train,640,480,P04_confused_0012.txt
P04_confused_0013.jpg,bigdata_confused_engaged_arya_31_1773299349324_012_jpg.rf.76573a5ba9a332e3326eaf1298c0e3cf.jpg,P04,public,test,1,confused,38f9b42c6b3f1137e3ce0e7a7f19d98c393ff91b215c6b3780aefd8dfbc3df9c,train,640,480,P04_confused_0013.txt
P04_confused_0014.jpg,bigdata_confused_engaged_arya_31_1773299349324_013_jpg.rf.350cdd2c8870275afb4d83bfcf34d26b.jpg,P04,public,test,1,confused,9c4dbbc921e90822d9739af95ab8e02ab24aeabf75ab39673d26a9778b355685,val,640,480,P04_confused_0014.txt
P04_confused_0015.jpg,bigdata_confused_engaged_arya_31_1773299349327_014_jpg.rf.d1d29c2f60b840b2ee7a8f5c19778666.jpg,P04,public,test,1,confused,62cab20be810701e2cb364d1829820d7a04a89df1edb3bd531c7c1985f193bd8,val,640,480,P04_confused_0015.txt
P04_confused_0016.jpg,bigdata_confused_engaged_arya_31_1773299349997_015_jpg.rf.d69914740dd0c1998e1232596af79250.jpg,P04,public,test,1,confused,a3d9610b96030029c55e936a137463dc8bdae2e362cb103821d5ff1d93cbf05d,train,640,480,P04_confused_0016.txt
P04_confused_0017.jpg,bigdata_confused_engaged_arya_31_1773299349998_016_jpg.rf.d66383e2a9f269d82f248b211c6d4e42.jpg,P04,public,test,1,confused,f501ed8f2019d3c248a51c3c94c8427afa3e7f446d92be0820005cec5fd6dbf8,test,640,480,P04_confused_0017.txt
P04_confused_0018.jpg,bigdata_confused_engaged_arya_31_1773299349998_017_jpg.rf.9720a75bbb188054e557f00d55102a91.jpg,P04,public,test,1,confused,8787d883bfef09b038b5c3da57b79e6316754beed03f23ff2e62400b2954f34b,train,640,480,P04_confused_0018.txt
P04_confused_0019.jpg,bigdata_confused_engaged_arya_31_1773299349998_018_jpg.rf.a2d4cc2a6242d8c235512d520602795c.jpg,P04,public,test,1,confused,d2b4ea99721ca5ae16560afb8cad26920c754e19735184f6585603cb550cc149,train,640,480,P04_confused_0019.txt
P04_confused_0020.jpg,bigdata_confused_engaged_arya_31_1773299350773_020_jpg.rf.77ce0c72156c7c36b757fda040a377e5.jpg,P04,public,test,1,confused,e19c9e4cfd3c541f5e5e193dbc68e594ef25b844424de6ef629e678525558486,test,640,480,P04_confused_0020.txt
P04_confused_0021.jpg,bigdata_confused_engaged_arya_31_1773299350773_021_jpg.rf.3c6f8682635909c5031106e7d37b5f4e.jpg,P04,public,test,1,confused,c22647d3064816429b1789183896b4fd8defda8b0abccbe9d5ce8821e9f7f92c,test,640,480,P04_confused_0021.txt
P04_confused_0022.jpg,bigdata_confused_engaged_arya_31_1773299350773_022_jpg.rf.0a2be411cd1d4cb47cc3a3e307e715a8.jpg,P04,public,test,1,confused,c138e3565e0e490f0055a59c380d896717119db04af8a17c63ba3ce7bc852e75,val,640,480,P04_confused_0022.txt
P04_confused_0023.jpg,bigdata_confused_engaged_arya_31_1773299350773_023_jpg.rf.bf75ff80683bf56121b0d6de73fa2b81.jpg,P04,public,test,1,confused,b99200a682fbb5052859ca274684d373cfa41de8a4328c1c79edd03a8a274250,train,640,480,P04_confused_0023.txt
P04_engaged_0001.jpg,bigdata_engaged_arya_31_1773299328629_000_jpg.rf.9be0974728893436197029c80a7ffd7a.jpg,P04,public,test,0,engaged,ba4856a034b91faed6ac332bab527a6e337f76d0ad67946ad8a7a8fa9cc50ef9,train,640,480,P04_engaged_0001.txt
P04_engaged_0002.jpg,bigdata_engaged_arya_31_1773299328630_001_jpg.rf.3de061827c9d16c736faa11cfda85a73.jpg,P04,public,test,0,engaged,4990611903c9657e7dce328270b6a07f9714d64ba5eb27f141f9617828063bac,train,640,480,P04_engaged_0002.txt
P04_engaged_0003.jpg,bigdata_engaged_arya_31_1773299328630_002_jpg.rf.3cc7595be3af53096d7aa70e6ae8012c.jpg,P04,public,test,0,engaged,c6aebdff40d3899c683d09e7f1f8da6e996a0caa4f3ffefe4e952d33df6dac3c,train,640,480,P04_engaged_0003.txt
P04_engaged_0004.jpg,bigdata_engaged_arya_31_1773299328630_003_jpg.rf.b5642797941a0e2ef058c79a174a52db.jpg,P04,public,test,0,engaged,92ade14c4cabff40759477e29f7aa0a0d67262dc123cf99f941769e411ca783d,train,640,480,P04_engaged_0004.txt
P04_engaged_0005.jpg,bigdata_engaged_arya_31_1773299328630_004_jpg.rf.5a30e42b623e4e9e6404049302cf056a.jpg,P04,public,test,0,engaged,1cccc3c4249e75ebc51a3242c747681b2ec2c09f0dc92195c5b74a91046901ed,train,640,480,P04_engaged_0005.txt
P04_engaged_0006.jpg,bigdata_engaged_arya_31_1773299330038_005_jpg.rf.784e3e83f7f04cd639c931b947d8351b.jpg,P04,public,test,0,engaged,3548bb7611eee90176f019ef37804917d5260a22d8ab92fd6cafabcfe27566d1,train,640,480,P04_engaged_0006.txt
P04_engaged_0007.jpg,bigdata_engaged_arya_31_1773299330038_006_jpg.rf.72c2ef8de7b217b1b354f0c17234b23d.jpg,P04,public,test,0,engaged,63809bb0ca3cc61ce03c70decd4d4f9692e83588929ab915e892fedd682cbc72,train,640,480,P04_engaged_0007.txt
P04_engaged_0008.jpg,bigdata_engaged_arya_31_1773299330038_007_jpg.rf.fd3fc064719ee22c999d4cf491ec1641.jpg,P04,public,test,0,engaged,be41a0f8bffa21dd95b7779c2d7d76428fba5acd983678498dba0f3d9dc98f44,train,640,480,P04_engaged_0008.txt
P04_engaged_0009.jpg,bigdata_engaged_arya_31_1773299330039_008_jpg.rf.2127e84073f8106fdbcede723aac002a.jpg,P04,public,test,0,engaged,40994b2fbe6e4b53ad543afbbb8989d8dc7b7aebcab726772294e9cd3d7c53cc,train,640,480,P04_engaged_0009.txt
P04_engaged_0010.jpg,bigdata_engaged_arya_31_1773299330039_009_jpg.rf.51ec6c3c35ddd521cb56861e85ab04e3.jpg,P04,public,test,0,engaged,8a329cb166dd7882cabe56de0822871574dc16619d4fe9bb8bdbf475404fc275,train,640,480,P04_engaged_0010.txt
P04_engaged_0011.jpg,bigdata_engaged_arya_31_1773299330847_010_jpg.rf.b45f40c8cfc06780499efdfea9cd8455.jpg,P04,public,test,0,engaged,9e6982e2e3bbb48466bc4463a60d591f2b308a8fff0b82ad42ae90abb513e939,train,640,480,P04_engaged_0011.txt
P04_engaged_0012.jpg,bigdata_engaged_arya_31_1773299330848_011_jpg.rf.731cbe9424fde1f4b4826403fa53c7aa.jpg,P04,public,test,0,engaged,e3bf769c3dd876ace4a0aedf7fc3c211fcae2d197f76f507b05846e628f016c6,train,640,480,P04_engaged_0012.txt
P04_engaged_0013.jpg,bigdata_engaged_arya_31_1773299330848_012_jpg.rf.391d4b7ddb0d06978b007a1ad880e344.jpg,P04,public,test,0,engaged,4a133bf577e6dfc80e03af027f4f65717eba3287e7fbc48e4f54484c17592586,train,640,480,P04_engaged_0013.txt
P04_engaged_0014.jpg,bigdata_engaged_arya_31_1773299330848_013_jpg.rf.6f3e17a67583418a1989d639c991d37f.jpg,P04,public,test,0,engaged,c18e494ead9c1c9d7daf042e58e8ef69763a3a33b1919574b57448f9c254bfb8,train,640,480,P04_engaged_0014.txt
P04_engaged_0015.jpg,bigdata_engaged_arya_31_1773299330848_014_jpg.rf.2e98a677a07768d3e73c410d510e3bc0.jpg,P04,public,test,0,engaged,bbc1d1bfbb6e2256e0b67d83494c38b3e8aca516ba85472036848a9539bbd07a,train,640,480,P04_engaged_0015.txt
P04_engaged_0016.jpg,bigdata_engaged_arya_31_1773299331568_015_jpg.rf.740017ad722801551829c575c02f5c33.jpg,P04,public,test,0,engaged,1442422baaeff6c84f2cbfc59b3e299afa7bc534839c715ff71d93e25298fdc0,train,640,480,P04_engaged_0016.txt
P04_engaged_0017.jpg,bigdata_engaged_arya_31_1773299331568_016_jpg.rf.1ccfd057e52ff3a15fe4872d07460027.jpg,P04,public,test,0,engaged,133e849c9ff0d40a2e7233884af72791d68f460f0095096eae2206fac8d179ec,train,640,480,P04_engaged_0017.txt
P04_engaged_0018.jpg,bigdata_engaged_arya_31_1773299331568_017_jpg.rf.aa83aa2962a05aa9c750920660225afa.jpg,P04,public,test,0,engaged,ae85c1df321636d9fe78588e5b042203ec02055ca83f0970bf676e68fe442e21,train,640,480,P04_engaged_0018.txt
P04_engaged_0019.jpg,bigdata_engaged_arya_31_1773299331568_018_jpg.rf.57552e5456003b2b31e5f0e16e820add.jpg,P04,public,test,0,engaged,bb36b02c5be85d8f99ead7b16c68f57b822b1b62172def814c1a5e150319c453,train,640,480,P04_engaged_0019.txt
P04_engaged_0020.jpg,bigdata_engaged_arya_31_1773299331568_019_jpg.rf.be600d00e5637879b41c1da8cabb8e40.jpg,P04,public,test,0,engaged,af05edd89ab6ce4d24eb6a9c1f3cb8d171da1724977eb1d211368bf0fc0e801c,train,640,480,P04_engaged_0020.txt
P04_engaged_0021.jpg,bigdata_engaged_arya_31_1773299332500_020_jpg.rf.b9ace042daa77a90cb2fd89809f38be3.jpg,P04,public,test,0,engaged,97524396f60661eb4e150d3574d5b7264209fc100b033086f26ffa149db4002e,train,640,480,P04_engaged_0021.txt
P04_engaged_0022.jpg,bigdata_engaged_arya_31_1773299332500_021_jpg.rf.e1f3ba012fe2784f954d0158137694da.jpg,P04,public,test,0,engaged,97cd5a7e285cb9048f86307ecd50dcc2bed4e2a6a6bae3eb3a9a1ddbe839cc7f,train,640,480,P04_engaged_0022.txt
P04_engaged_0023.jpg,bigdata_engaged_arya_31_1773299332500_022_jpg.rf.a919015c6628878cae2b67cc96ed2b2f.jpg,P04,public,test,0,engaged,7885dbadd03f69735f18f4e392e7b2fe047942ba143fc064c2b9bfd4dbaa0ecb,train,640,480,P04_engaged_0023.txt
P04_engaged_0024.jpg,bigdata_engaged_arya_31_1773299332501_023_jpg.rf.ab68c77e574b7b3bc3448f629958a0b7.jpg,P04,public,test,0,engaged,1430fb1c931510fd6342b2bd9b1eb24f608733b6786a9829e9a2ebd6e07a8fd2,train,640,480,P04_engaged_0024.txt
P04_frustrated_0001.jpg,bigdata_frustrated_engaged_arya_31_1773299421945_000_jpg.rf.ab0a7d912dab002568bdc6c07510a8a8.jpg,P04,public,test,3,frustrated,552e504c5aac6f7635463dedca2719df57cc3a23fb314cfa6d806c1c876757e8,train,640,480,P04_frustrated_0001.txt
P04_frustrated_0002.jpg,bigdata_frustrated_engaged_arya_31_1773299421946_001_jpg.rf.378e3f757f5ad6a41a5ee8ca923c8544.jpg,P04,public,test,3,frustrated,e82f19a048c7a1c094a0efb1f5092bbcb45d1ce4f6198cafef62452a6f614e89,train,640,480,P04_frustrated_0002.txt
P04_frustrated_0003.jpg,bigdata_frustrated_engaged_arya_31_1773299421946_002_jpg.rf.db46ff516a60a05752d205eba9e60434.jpg,P04,public,test,3,frustrated,daf07faed200c9c64fa26baf2bbc66162fabc3048a77e90f76822cea6610f548,test,640,480,P04_frustrated_0003.txt
P04_frustrated_0004.jpg,bigdata_frustrated_engaged_arya_31_1773299421946_003_jpg.rf.3d1fede39135e7909d61b9817488f5bd.jpg,P04,public,test,3,frustrated,5540f006f42298e5521995566cdd6b9c8d2caa721ed7c44b84c3dbcfbcbb89b0,val,640,480,P04_frustrated_0004.txt
P04_frustrated_0005.jpg,bigdata_frustrated_engaged_arya_31_1773299421946_004_jpg.rf.7371db79a00424137a065d274e4660cb.jpg,P04,public,test,3,frustrated,a11a97dff1f9f3500d01541776adbccf5fdeaf6b84def38dd2355295f317155d,test,640,480,P04_frustrated_0005.txt
P04_frustrated_0006.jpg,bigdata_frustrated_engaged_arya_31_1773299422645_005_jpg.rf.964404e82a7dff1192f49ef2ec196cce.jpg,P04,public,test,3,frustrated,6945d184209b31cab8940fc98deb6a169b6afc880e0c7d60d17a30916f59222b,test,640,480,P04_frustrated_0006.txt
P04_frustrated_0007.jpg,bigdata_frustrated_engaged_arya_31_1773299422645_006_jpg.rf.4c010902d4aa7db0b720e173ea03b3b4.jpg,P04,public,test,3,frustrated,b529a2af611e8ffe232024906c85e28fcf98067fd0bf4ce2768ac8e5d46bf364,val,640,480,P04_frustrated_0007.txt
P04_frustrated_0008.jpg,bigdata_frustrated_engaged_arya_31_1773299422645_007_jpg.rf.73a3d45cb53e94a30c4d73fc2470ab07.jpg,P04,public,test,3,frustrated,673ec8053c4f407e8878c6ed0b7067e4dae87e950c5e3526dba2c145894e9f0f,train,640,480,P04_frustrated_0008.txt
P04_frustrated_0009.jpg,bigdata_frustrated_engaged_arya_31_1773299422646_008_jpg.rf.328df76bf96d2e7dc4dd1c8441104424.jpg,P04,public,test,3,frustrated,b3b25ddfac0f56c5b736499721364565e0af127dcd8224df82415c3b869da63d,train,640,480,P04_frustrated_0009.txt
P04_frustrated_0010.jpg,bigdata_frustrated_engaged_arya_31_1773299422646_009_jpg.rf.d0af1378da631bd45053ef784d795eec.jpg,P04,public,test,3,frustrated,f47ebe73b59ef885b0a8e8c1516e6a9a272a9ad54cb4bcd9748b4e102ffc69c4,train,640,480,P04_frustrated_0010.txt
P04_frustrated_0011.jpg,bigdata_frustrated_engaged_arya_31_1773299423419_010_jpg.rf.4f94a48e1f0778070dd8b02e3bd39e69.jpg,P04,public,test,3,frustrated,c1747c0e658a6ff006d9efbc7737e5bc59becc757928e233648b16308d424c45,train,640,480,P04_frustrated_0011.txt
P04_frustrated_0012.jpg,bigdata_frustrated_engaged_arya_31_1773299423419_011_jpg.rf.ae639a31f78c447d353f72420862b8d2.jpg,P04,public,test,3,frustrated,c903450087bb795cb56f3e27e888b5fec692ecb4facb24645674e5baaa3dedf1,train,640,480,P04_frustrated_0012.txt
P04_frustrated_0013.jpg,bigdata_frustrated_engaged_arya_31_1773299423419_012_jpg.rf.f7da1dab3b80fad52ac9c91f2e052e6c.jpg,P04,public,test,3,frustrated,e0c021824d1c05f4a00ce47ea0945085e23b9939dfce82244e7c419da4b458c7,train,640,480,P04_frustrated_0013.txt
P04_frustrated_0014.jpg,bigdata_frustrated_engaged_arya_31_1773299423419_013_jpg.rf.c3fb27da13d28bec947aef009711c0e8.jpg,P04,public,test,3,frustrated,97b8fbdd829b5e4e7e5cf7daeff0bce9e3176d069e4db5751220be5ee93fd9e7,train,640,480,P04_frustrated_0014.txt
P04_frustrated_0015.jpg,bigdata_frustrated_engaged_arya_31_1773299423419_014_jpg.rf.4a3c7ee023257dda1e221706c49a270c.jpg,P04,public,test,3,frustrated,5eb22c82276b72bfc6e899c48661f802e0e055dbb6ff424b2bb30aa10f8558ac,val,640,480,P04_frustrated_0015.txt
P04_frustrated_0016.jpg,bigdata_frustrated_engaged_arya_31_1773299424203_015_jpg.rf.3570232a4756f0e87b424b1baf80bd3b.jpg,P04,public,test,3,frustrated,ac2aaaedd4c122d2f56968baabf3661878f937759e1be04421391fa79bea150f,train,640,480,P04_frustrated_0016.txt
P04_frustrated_0017.jpg,bigdata_frustrated_engaged_arya_31_1773299424204_016_jpg.rf.f6881f57f79fd2b5a92ee176930c7109.jpg,P04,public,test,3,frustrated,37854f484581b9e864fb96a64756361ba242decfa362aa3fbb069f934e7b5b50,train,640,480,P04_frustrated_0017.txt
P04_frustrated_0018.jpg,bigdata_frustrated_engaged_arya_31_1773299424204_017_jpg.rf.ab0842c9464b13787ee1188dea2c221c.jpg,P04,public,test,3,frustrated,b632707f88e87add276d013187a2a5c71ba60cbd00868699dd63a8602334c6ce,train,640,480,P04_frustrated_0018.txt
P04_frustrated_0019.jpg,bigdata_frustrated_engaged_arya_31_1773299424204_018_jpg.rf.67ff8b4ab66fa7e5294a32f661d37df1.jpg,P04,public,test,3,frustrated,96d9b9b0dcca8f68bd75d8352ef85758427749c4d12a47452dbc8c5d3d0346f5,train,640,480,P04_frustrated_0019.txt
P04_frustrated_0020.jpg,bigdata_frustrated_engaged_arya_31_1773299424204_019_jpg.rf.13331a54fe2e08224adda5205fe28573.jpg,P04,public,test,3,frustrated,daf0ca6dabffdf1120369bb34a4b581d94f9605916cffb5fddbf7de560d8f5ed,val,640,480,P04_frustrated_0020.txt
P04_frustrated_0021.jpg,bigdata_frustrated_engaged_arya_31_1773299424985_020_jpg.rf.3a7dbc4a05e67306a07cfbf81db42b59.jpg,P04,public,test,3,frustrated,cb490b37d9c28b347bc2a22c6d7468795f64380d5544091631d378395e850973,train,640,480,P04_frustrated_0021.txt
P04_frustrated_0022.jpg,bigdata_frustrated_engaged_arya_31_1773299424985_021_jpg.rf.c415da050ec87816cf9c3c941d8c42dc.jpg,P04,public,test,3,frustrated,853f95c5e854a266bd31a7363716f3561ec42dc5966c0fd8dabdd8e2dfa25761,train,640,480,P04_frustrated_0022.txt
P04_frustrated_0023.jpg,bigdata_frustrated_engaged_arya_31_1773299424986_022_jpg.rf.75b5eb9da796bddb176889e714e4ef12.jpg,P04,public,test,3,frustrated,a0ca410f4e1df3e42d0d8024bf965fba7d2e8f0943cde49f83a65d271c8866a6,test,640,480,P04_frustrated_0023.txt
P04_frustrated_0024.jpg,bigdata_frustrated_engaged_arya_31_1773299424986_023_jpg.rf.757045760c1eefe93ab86d92769f3759.jpg,P04,public,test,3,frustrated,909f29ca56682c306ca63eeab4bb4ea226c84f0b379508b515ffdcacf6523c69,train,640,480,P04_frustrated_0024.txt
P05_bored_0001.jpg,bigdata_bored_engaged_iann_62_1774442872429_000_jpg.rf.c216fa286d38743673a8a4a1ffb57948.jpg,P05,public,train,2,bored,50e437e117025e11291c697edb1476f918f73a44037e4ee9f442aef28e78725b,train,640,480,P05_bored_0001.txt
P05_bored_0002.jpg,bigdata_bored_engaged_iann_62_1774442872430_001_jpg.rf.8e5355792125ae0e3bb44a665997f5b2.jpg,P05,public,train,2,bored,57b19b95ec57909ea96c16743c3c1ce81b0ddcba262c64f60d43d95ce88fa558,train,640,480,P05_bored_0002.txt
P05_bored_0003.jpg,bigdata_bored_engaged_iann_62_1774442872430_002_jpg.rf.5d60a824c0712a829ab708dde7ec3877.jpg,P05,public,train,2,bored,9677b97303e00ef0cdc38d55bfbc048d0f6dee3102d55dee2ed355bb80a69222,train,640,480,P05_bored_0003.txt
P05_bored_0004.jpg,bigdata_bored_engaged_iann_62_1774442872430_003_jpg.rf.1647e649cac1bd4ba2538edfeabd9a75.jpg,P05,public,train,2,bored,de6a4d05f440e1ae136af467f23a35636cad1f01160e3f71b1d63454761417ba,train,640,480,P05_bored_0004.txt
P05_bored_0005.jpg,bigdata_bored_engaged_iann_62_1774442872430_004_jpg.rf.bd7123a9800541a3f62ff3b97f6367ee.jpg,P05,public,train,2,bored,4b93eb1149f3c2275ca17d03ef29339baf7297f9247ed7a4106be9da89049760,train,640,480,P05_bored_0005.txt
P05_bored_0006.jpg,bigdata_bored_engaged_iann_62_1774442872994_005_jpg.rf.e6cbcdaa107b60651f167a09aee963ac.jpg,P05,public,train,2,bored,64572e6768705960dc134884a5b2b353db41772934553802c120aab8f45910ce,test,640,480,P05_bored_0006.txt
P05_bored_0007.jpg,bigdata_bored_engaged_iann_62_1774442872994_006_jpg.rf.7f6e3f10e8ebeccabd471716c0681ab7.jpg,P05,public,train,2,bored,fe43ffc4c14768aaed316663c394b03c8183a3dbdb662d1ef722cd018b1a5a07,train,640,480,P05_bored_0007.txt
P05_bored_0008.jpg,bigdata_bored_engaged_iann_62_1774442872994_007_jpg.rf.ad007d9b22f331002d7f0e1f1f5076ce.jpg,P05,public,train,2,bored,39ec10cbbb52d47a67c6d68a40c9ad2b629fc4ee79a7e2a706bdcdbe9d927b0d,test,640,480,P05_bored_0008.txt
P05_bored_0009.jpg,bigdata_bored_engaged_iann_62_1774442872994_008_jpg.rf.dc4f6b6d3f6462d4390d4a3ccbc0185e.jpg,P05,public,train,2,bored,87efa3871281781a211425cc03e25acf216c3b7ddfe2e47c4012851b8e42d9c8,train,640,480,P05_bored_0009.txt
P05_bored_0010.jpg,bigdata_bored_engaged_iann_62_1774442872994_009_jpg.rf.bcd8c20129d6cfcb4a868e9e8c62f5ff.jpg,P05,public,train,2,bored,835c805d1c9f1565627dd0704d61f1827cebb7e472329b66945049141d8c9662,train,640,480,P05_bored_0010.txt
P05_bored_0011.jpg,bigdata_bored_engaged_iann_62_1774442874007_010_jpg.rf.2519c1e9bac188d7c410e451a8726350.jpg,P05,public,train,2,bored,00b802e40b6e8548dcdec8f95ced6f12096b1187778f30402e9d00904a46a4ed,val,640,480,P05_bored_0011.txt
P05_bored_0012.jpg,bigdata_bored_engaged_iann_62_1774442874007_011_jpg.rf.60fdf528cc6d0cbb2295e07fa9515eaa.jpg,P05,public,train,2,bored,70a9864b3a1fdeedf6ec14b0ce6c5821bd204e4c4f12fcbcb53d2a6fba891259,train,640,480,P05_bored_0012.txt
P05_bored_0013.jpg,bigdata_bored_engaged_iann_62_1774442874007_012_jpg.rf.1cf7164cc0f99e613e8ece39da611d70.jpg,P05,public,train,2,bored,edec850b549783c274f0b41b5e61ce2ff635042713df394f78b9ee2d6a72fafd,train,640,480,P05_bored_0013.txt
P05_bored_0014.jpg,bigdata_bored_engaged_iann_62_1774442874007_013_jpg.rf.bcff2e066b642a5e070cb8b8ade02aef.jpg,P05,public,train,2,bored,99464c6a113b5142218af10c61ff69ab8db8260388503e3aa157afe4e58c469a,train,640,480,P05_bored_0014.txt
P05_bored_0015.jpg,bigdata_bored_engaged_iann_62_1774442874007_014_jpg.rf.94f86b2012dc6229e3ccb82aecf78b20.jpg,P05,public,train,2,bored,fffa8c987d5a02c8a0da9cf711ce950531e28251a81c2d81423c306e794b208c,train,640,480,P05_bored_0015.txt
P05_bored_0016.jpg,bigdata_bored_engaged_iann_62_1774442874576_015_jpg.rf.da73bb53b845f2e334da64338aa8b760.jpg,P05,public,train,2,bored,541dc2ad9bef4d911b681dbb57af18aca54567524980a0557671615c159279b8,train,640,480,P05_bored_0016.txt
P05_bored_0017.jpg,bigdata_bored_engaged_iann_62_1774442874576_016_jpg.rf.0d5339428a7216ac085065f77f3d4721.jpg,P05,public,train,2,bored,8f49acdde1c31cc8970eaa0f553c15fb34e512b6973566cf90ad32ae9bda2814,train,640,480,P05_bored_0017.txt
P05_bored_0018.jpg,bigdata_bored_engaged_iann_62_1774442874576_017_jpg.rf.f747c4e882d76b2b5e12ffc1d3014a78.jpg,P05,public,train,2,bored,63dfb3c6975489f58277a69329f94523d74ae3d8a36e032cf246e83fcd737a98,train,640,480,P05_bored_0018.txt
P05_bored_0019.jpg,bigdata_bored_engaged_iann_62_1774442874576_018_jpg.rf.2aa19d1a1f68ea7c91820b77e47f7f0b.jpg,P05,public,train,2,bored,22967900db6511eb985cc259791ed4a735197725c0b4e44dfa585f3549d634ec,train,640,480,P05_bored_0019.txt
P05_bored_0020.jpg,bigdata_bored_engaged_iann_62_1774442874576_019_jpg.rf.346ae04d9c5f9d2adeccbac4ea657fa8.jpg,P05,public,train,2,bored,af3aaab4752ee230da654efb0092160a01077dc781fc4dfac2a3f0f995ea68fe,train,640,480,P05_bored_0020.txt
P05_bored_0021.jpg,bigdata_bored_engaged_iann_62_1774442875185_020_jpg.rf.0fa38b9462ebad72a64d3d0d8907686d.jpg,P05,public,train,2,bored,684ded0516f8bace9dc46db6a4f160e1021a8a50db8335c91b5989169a4d77a4,train,640,480,P05_bored_0021.txt
P05_bored_0022.jpg,bigdata_bored_engaged_iann_62_1774442875185_021_jpg.rf.e801d8988223a5673959365488a4a4d8.jpg,P05,public,train,2,bored,2bc6b721c69d12e4873ff94cf25b2b646b0cf080f683bac38f33ee1d4cf00d3d,train,640,480,P05_bored_0022.txt
P05_bored_0023.jpg,bigdata_bored_engaged_iann_62_1774442875185_022_jpg.rf.64403715cd58d8fc06ccb09088b1d0ef.jpg,P05,public,train,2,bored,67a84919e86f0adf2296b94bacc68c3bce41c04324cc2fa19ddf0388fa9d85f1,train,640,480,P05_bored_0023.txt
P05_bored_0024.jpg,bigdata_bored_engaged_iann_62_1774442875185_023_jpg.rf.c15fd8064476bcd9136c0a75a2d208c6.jpg,P05,public,train,2,bored,44486949b2c3d55307d1966442889150cb0872c41656f877781778a44894e44a,train,640,480,P05_bored_0024.txt
P05_confused_0001.jpg,bigdata_confused_engaged_iann_62_1774442855062_001_jpg.rf.952df50139e0d031bad13d0ac315908e.jpg,P05,public,train,1,confused,42b85dc0b54fbb87007a9f2008318e109dd2cdf72c63d16959417d4a792b0231,train,640,480,P05_confused_0001.txt
P05_confused_0002.jpg,bigdata_confused_engaged_iann_62_1774442855062_002_jpg.rf.c5190126b44b5893f2105a5034efdac5.jpg,P05,public,train,1,confused,694301c539c502a3cda3635618df246f13729e817e39f65b13113743b06d18f5,test,640,480,P05_confused_0002.txt
P05_confused_0003.jpg,bigdata_confused_engaged_iann_62_1774442855062_003_jpg.rf.123fe5727dcce88a37c9c920f00a2bc5.jpg,P05,public,train,1,confused,aa91857e2e5accb3d136b082a3ff37ef8a0f7fd379c063e4309ae8c4f322fa90,train,640,480,P05_confused_0003.txt
P05_confused_0004.jpg,bigdata_confused_engaged_iann_62_1774442855062_004_jpg.rf.c7477002194b985adabe9cdbc0fe904f.jpg,P05,public,train,1,confused,bfe717c65292bd35a5b1b4c58c014e32fa4ef7eb96dffc648c47c5f4281fc4ba,train,640,480,P05_confused_0004.txt
P05_confused_0005.jpg,bigdata_confused_engaged_iann_62_1774442855812_005_jpg.rf.d982328693596f17761cd923fea0ac7c.jpg,P05,public,train,1,confused,362272d530eddaf3a9861358c2e7784aa66847197a7d2ed0db417160acb22984,test,640,480,P05_confused_0005.txt
P05_confused_0006.jpg,bigdata_confused_engaged_iann_62_1774442855812_006_jpg.rf.4c13c5c89d27e53ac6bdd98cde4789ad.jpg,P05,public,train,1,confused,5c00664552fc37c43d4c1d957c8794281845add1bf6b1a2746f264db859d3b74,train,640,480,P05_confused_0006.txt
P05_confused_0007.jpg,bigdata_confused_engaged_iann_62_1774442855812_007_jpg.rf.f845b833d36e6eee433420e0781e6359.jpg,P05,public,train,1,confused,b70405af4f5f55aef4342d72be44795476bf13e8f34bbe651c68f405c7598da1,train,640,480,P05_confused_0007.txt
P05_confused_0008.jpg,bigdata_confused_engaged_iann_62_1774442855812_008_jpg.rf.57ea98c97ec1fdf47cde4e89414fc011.jpg,P05,public,train,1,confused,03c60620c04e33d4b32ee16fba6ad08906dcad8e8300b07e361f8268b084edb8,train,640,480,P05_confused_0008.txt
P05_confused_0009.jpg,bigdata_confused_engaged_iann_62_1774442855812_009_jpg.rf.dd19a38bf4e7860af2601d2849512052.jpg,P05,public,train,1,confused,ee538efd56e4d024fc94ef7cf2d8c743cdb08a498630add078589ceab5bd9233,train,640,480,P05_confused_0009.txt
P05_confused_0010.jpg,bigdata_confused_engaged_iann_62_1774442856926_010_jpg.rf.8b9ae4172e3ec0c870eca0bbb9a59d9a.jpg,P05,public,train,1,confused,618848e3ca1012d81295f26c41b4896a0e75b9555bb72f08e42d1e8ee72df521,train,640,480,P05_confused_0010.txt
P05_confused_0011.jpg,bigdata_confused_engaged_iann_62_1774442856926_011_jpg.rf.be70620c96f0ea8d90f1dc9b60ac7fc6.jpg,P05,public,train,1,confused,1d3981693f8640199d1a1a96397452bdba0db507ed9fa6c0f9edda4b36880e3a,train,640,480,P05_confused_0011.txt
P05_confused_0012.jpg,bigdata_confused_engaged_iann_62_1774442856927_012_jpg.rf.e28d35db8f8d11d2fa423c55d3f05f29.jpg,P05,public,train,1,confused,9876a282a52fde7aa202d7b9311e10375275d7ac9c42ad5fbb4ae9c11f0a0191,val,640,480,P05_confused_0012.txt
P05_confused_0013.jpg,bigdata_confused_engaged_iann_62_1774442856927_013_jpg.rf.c9f0ecf318d2332562480c341609070b.jpg,P05,public,train,1,confused,e7e760662094f46ca51c04aad5926e8a6c0e38634e4f7e0ff7e2395476a02fa2,test,640,480,P05_confused_0013.txt
P05_confused_0014.jpg,bigdata_confused_engaged_iann_62_1774442856927_014_jpg.rf.05e7e46e20c51849fc77e358c262745c.jpg,P05,public,train,1,confused,0aacfcf9b8120726659e0f79582c4e8007295fdf95e0e8e6cd3947761cb1a604,train,640,480,P05_confused_0014.txt
P05_confused_0015.jpg,bigdata_confused_engaged_iann_62_1774442857561_015_jpg.rf.f833a78969126013bee9e91335b33bfd.jpg,P05,public,train,1,confused,c7ac2428e64fa988d92bca69359c7c29d5a235ebee009a83b83a17db00fdc933,test,640,480,P05_confused_0015.txt
P05_confused_0016.jpg,bigdata_confused_engaged_iann_62_1774442857561_016_jpg.rf.fa395f6d0270ab3b5fca11b8e35915e9.jpg,P05,public,train,1,confused,9b4b7024a497db9f643038dc717366bab1abdcde1f541eb087d2d5f8f8b3ad0d,train,640,480,P05_confused_0016.txt
P05_confused_0017.jpg,bigdata_confused_engaged_iann_62_1774442857561_017_jpg.rf.94f872b6fc9a86c4b0193d52490248a1.jpg,P05,public,train,1,confused,5d0a6b18fdbeedfa8537b3c13e1927770f7259830f684618d21d7ea729b4c316,train,640,480,P05_confused_0017.txt
P05_confused_0018.jpg,bigdata_confused_engaged_iann_62_1774442857561_018_jpg.rf.3b157aeac622baed338a97b75e4b4860.jpg,P05,public,train,1,confused,29380b88063ad00dee8b430dbe0e109998841a2e7a859cdd4e9a6c69aa8760a7,train,640,480,P05_confused_0018.txt
P05_confused_0019.jpg,bigdata_confused_engaged_iann_62_1774442857561_019_jpg.rf.0c54223ec5b5b56f6d85bd0df5b49e90.jpg,P05,public,train,1,confused,ff2461ebd2e5acea6cbb4bfc16a648bbd9f74ff8bd135d619f8134f1f6d56295,train,640,480,P05_confused_0019.txt
P05_confused_0020.jpg,bigdata_confused_engaged_iann_62_1774442858227_020_jpg.rf.4c8af5c16eec883abf1ff92fe2b19368.jpg,P05,public,train,1,confused,a60d93a8b5a21bd186fd3913099e05e131a1e92eb7996007e35bb9402a188d16,val,640,480,P05_confused_0020.txt
P05_confused_0021.jpg,bigdata_confused_engaged_iann_62_1774442858227_021_jpg.rf.4eb76f7391de912a63d878a2731af834.jpg,P05,public,train,1,confused,7357e1aecf7e5b5e36ee94bbccf1f4281268a3d953973747fb077c0fd0aec52b,train,640,480,P05_confused_0021.txt
P05_confused_0022.jpg,bigdata_confused_engaged_iann_62_1774442858227_022_jpg.rf.56198118cbcdd4d022b67843de734936.jpg,P05,public,train,1,confused,48de50da30eebc4b8eeca788697ac0eb85aab0d89fdaa1e6b9bd8d3b557fbcc6,train,640,480,P05_confused_0022.txt
P05_confused_0023.jpg,bigdata_confused_engaged_iann_62_1774442858227_023_jpg.rf.31b51fb4c3ad1ee577e7bbc6534c4d3d.jpg,P05,public,train,1,confused,60276a91efdb24ffbbdbcd570b0c6405636c83e20d005121251682ef75803462,train,640,480,P05_confused_0023.txt
P05_engaged_0001.jpg,bigdata_engaged_iann_62_1774442839571_000_jpg.rf.b3193ea5c93acbdd3a0f64f147615526.jpg,P05,public,train,0,engaged,ad5b33c4f811729457e858b4d4ef58ea80c3f0eccccb5677c9fd27db6af8209f,train,640,480,P05_engaged_0001.txt
P05_engaged_0002.jpg,bigdata_engaged_iann_62_1774442839572_002_jpg.rf.a1365b3c1288a232fc0942cf0a2afd9d.jpg,P05,public,train,0,engaged,8b72cb331a716bc9f18756e3e60d789b75c95baad1005af49f6df43e1afaa91e,train,640,480,P05_engaged_0002.txt
P05_engaged_0003.jpg,bigdata_engaged_iann_62_1774442839572_003_jpg.rf.b885d0a49c9890e7b2bbdec893a28eee.jpg,P05,public,train,0,engaged,e0e9263cb0438ef00d8a8c5bdac9c6d3b61f1615ddeb749c7453c7b3bc1c455e,train,640,480,P05_engaged_0003.txt
P05_engaged_0004.jpg,bigdata_engaged_iann_62_1774442839572_004_jpg.rf.89a24b1e6ae232cd4e34f0b490f78708.jpg,P05,public,train,0,engaged,d7945577f667850566d66b954b38c1f3aa7ed1b17027d941b4a936702303de31,train,640,480,P05_engaged_0004.txt
P05_engaged_0005.jpg,bigdata_engaged_iann_62_1774442840408_005_jpg.rf.fb76dacd35fdaf8de227c3d3766ce6dc.jpg,P05,public,train,0,engaged,de019e758144a5270261851c6a969f9396bf5ca501209c0a6103f4b4373d1d39,train,640,480,P05_engaged_0005.txt
P05_engaged_0006.jpg,bigdata_engaged_iann_62_1774442840408_006_jpg.rf.1a1f8cf6b20d683caff46d79a673fc51.jpg,P05,public,train,0,engaged,581b3e03fb2c26593ad768f893f2f7c1f8b559d96a46837670e7405b8121723c,train,640,480,P05_engaged_0006.txt
P05_engaged_0007.jpg,bigdata_engaged_iann_62_1774442840409_007_jpg.rf.da75cde64385ded12257fa863e4f3aa7.jpg,P05,public,train,0,engaged,7176dc67125261180ea679153876b3c10baeda9858e7482611c3d8dd4d08f1e5,test,640,480,P05_engaged_0007.txt
P05_engaged_0008.jpg,bigdata_engaged_iann_62_1774442840409_008_jpg.rf.84cfb1166321f6edcda86dffb51ff68f.jpg,P05,public,train,0,engaged,7fa6218e3b641d097e44aeb994b341bd578cbef8ef48867f891bc3a7b08d90c7,train,640,480,P05_engaged_0008.txt
P05_engaged_0009.jpg,bigdata_engaged_iann_62_1774442841008_010_jpg.rf.8368d384f3d875fc05e409e539ea52e9.jpg,P05,public,train,0,engaged,19608934e93485756930bf63a8d0768c5eaccadfb4db92846058c5b8b2d9de56,train,640,480,P05_engaged_0009.txt
P05_engaged_0010.jpg,bigdata_engaged_iann_62_1774442841008_011_jpg.rf.da1539fc4c3c67f23178afcbf6ddf101.jpg,P05,public,train,0,engaged,656667514d6a79fbc400c25de16b149f3688e9c12c8869cba1b48f4d282c1f20,train,640,480,P05_engaged_0010.txt
P05_engaged_0011.jpg,bigdata_engaged_iann_62_1774442841008_012_jpg.rf.55a206d0e3fa8605d04bc47e1e3375cd.jpg,P05,public,train,0,engaged,9ea45fe2c5b9706de45bc6740a682ec8a2750af02ff0adbf0d3be2a9efdea9d8,train,640,480,P05_engaged_0011.txt
P05_engaged_0012.jpg,bigdata_engaged_iann_62_1774442841008_013_jpg.rf.a4727c857e7ebb82262590e8a44d3dcd.jpg,P05,public,train,0,engaged,9899f93eae31f0db2a721c8c58416602280f4283c4f527fa11c995b0af95fdac,train,640,480,P05_engaged_0012.txt
P05_engaged_0013.jpg,bigdata_engaged_iann_62_1774442841008_014_jpg.rf.556d5328826a8a1b8e8f59ae5eec5c6e.jpg,P05,public,train,0,engaged,83602c08dd5094ce17fa1be7e490320105fe4f2ef1e2d8a520e35a3b4e5e2a8e,train,640,480,P05_engaged_0013.txt
P05_engaged_0014.jpg,bigdata_engaged_iann_62_1774442841460_015_jpg.rf.eb87e2c1ec5a7a0808314a1215aab13a.jpg,P05,public,train,0,engaged,f37bc94419613953ab9c20b733f4c34964bdaba6ab74dee8c2896516367837d8,train,640,480,P05_engaged_0014.txt
P05_engaged_0015.jpg,bigdata_engaged_iann_62_1774442841460_016_jpg.rf.3ffb3729996165ca191304c6d2de0394.jpg,P05,public,train,0,engaged,ae6d358311adf85c79fa03fa41ef42132306b1108118003ce20addb949736fa0,train,640,480,P05_engaged_0015.txt
P05_engaged_0016.jpg,bigdata_engaged_iann_62_1774442841460_017_jpg.rf.9a8bbff9ca1efb4677198efe7d223511.jpg,P05,public,train,0,engaged,09dcbcfdd29ae19f2fa31e4552e2ee5f3d2736fdfb0a49b1b6dff650a53369b2,train,640,480,P05_engaged_0016.txt
P05_engaged_0017.jpg,bigdata_engaged_iann_62_1774442841460_018_jpg.rf.c637d9c7579c046a83efd1bdfa3cb9f7.jpg,P05,public,train,0,engaged,648e031a06755d86b207c1c856f5f69211a5f582dcd57027176e4b54544bd9fe,train,640,480,P05_engaged_0017.txt
P05_engaged_0018.jpg,bigdata_engaged_iann_62_1774442841461_019_jpg.rf.a5873ac6f5583fc3673143aaf229d487.jpg,P05,public,train,0,engaged,39b1e6d05823d8c70504bff06facebcee4602ab16af552363cb04fdd83422541,train,640,480,P05_engaged_0018.txt
P05_engaged_0019.jpg,bigdata_engaged_iann_62_1774442841917_020_jpg.rf.3f4d3eedf68905b33a494134a240f1fe.jpg,P05,public,train,0,engaged,f78990d107b83a9278517a8fdace424e2f14ddfbf36b5eaf048ece75d6d22a95,train,640,480,P05_engaged_0019.txt
P05_engaged_0020.jpg,bigdata_engaged_iann_62_1774442841917_021_jpg.rf.3c61d40c4c803fd0a13ccc937d1e2885.jpg,P05,public,train,0,engaged,5d495cbc6e1e58fbc57190445b79e89193a28fd8b5ce3dd4fb12dfbb53c3677a,test,640,480,P05_engaged_0020.txt
P05_engaged_0021.jpg,bigdata_engaged_iann_62_1774442841917_022_jpg.rf.a1675658ecee5ef465b43ba4d196ac15.jpg,P05,public,train,0,engaged,42c87f116e2e86cc531504ac42a6b55b7fa1174ef5321fdcc89efdba522b1d8d,train,640,480,P05_engaged_0021.txt
P05_engaged_0022.jpg,bigdata_engaged_iann_62_1774442841917_023_jpg.rf.7f69e00516300b57ce4d5560347288ac.jpg,P05,public,train,0,engaged,f975912d67ab427bfb1ee32ee9cb0663a6758ce2d44701ef45bc0d8614f3d451,train,640,480,P05_engaged_0022.txt
P05_frustrated_0001.jpg,bigdata_frustrated_engaged_iann_62_1774442888908_000_jpg.rf.f8c70e92b5fc352e598b38884f5fd0f4.jpg,P05,public,train,3,frustrated,b8e4478397ea7d06fe88ffb4f0ce500fcec26ff181c1d53ab7b84947c397b694,train,640,480,P05_frustrated_0001.txt
P05_frustrated_0002.jpg,bigdata_frustrated_engaged_iann_62_1774442888909_001_jpg.rf.2552dc940534009c15ab3e2dcb7376cc.jpg,P05,public,train,3,frustrated,a1955956e075c86bb5814dffda522b6a7f8aec6f0cb18d28334f9c78ae1ab460,train,640,480,P05_frustrated_0002.txt
P05_frustrated_0003.jpg,bigdata_frustrated_engaged_iann_62_1774442888909_002_jpg.rf.3ef7920d370123355cf3a6197a240cdd.jpg,P05,public,train,3,frustrated,97f918bad5ce7fc26521e932e5559dae20cdae17fc0ed469aa3bf89b8163700e,train,640,480,P05_frustrated_0003.txt
P05_frustrated_0004.jpg,bigdata_frustrated_engaged_iann_62_1774442888909_003_jpg.rf.7c7f3121c47bb82c56301f83b46301bb.jpg,P05,public,train,3,frustrated,92cfe6641c771310fa5744d1e62f25fbecfda7de7c911bffa7aebd31006c27a6,val,640,480,P05_frustrated_0004.txt
P05_frustrated_0005.jpg,bigdata_frustrated_engaged_iann_62_1774442888909_004_jpg.rf.f01d02def92f93dba5e707a82e48b69c.jpg,P05,public,train,3,frustrated,34c0599700499fcf1134e2da5185a352d00620140731929804adbf04f09843d4,test,640,480,P05_frustrated_0005.txt
P05_frustrated_0006.jpg,bigdata_frustrated_engaged_iann_62_1774442889988_005_jpg.rf.800d3b6fea54b9ee468473677fd0c5e9.jpg,P05,public,train,3,frustrated,5e84b522ed8d3e5ea126c1bd65ba193e956501c9b722a18ada451fb0f4e41458,train,640,480,P05_frustrated_0006.txt
P05_frustrated_0007.jpg,bigdata_frustrated_engaged_iann_62_1774442889988_006_jpg.rf.da28a2cbcd14a04a410537d77cb5170b.jpg,P05,public,train,3,frustrated,5e6494343f343e4f9295b9cba0c632ee7f6996d3d0a5ec15d59cd750449bf1fa,train,640,480,P05_frustrated_0007.txt
P05_frustrated_0008.jpg,bigdata_frustrated_engaged_iann_62_1774442889988_007_jpg.rf.b5c903c7a7e5a7f4721014d89b259df1.jpg,P05,public,train,3,frustrated,286d96ddea79c2af3ed1c3cb14809853c93c549cdeaa670cd9f5a054b0d17a15,train,640,480,P05_frustrated_0008.txt
P05_frustrated_0009.jpg,bigdata_frustrated_engaged_iann_62_1774442889988_008_jpg.rf.bf28085c069ddaa1e58757f3c25206c8.jpg,P05,public,train,3,frustrated,3eb6a6a289df894301986af2adabd3835bfc54cb8d9b18296ba902f825e60374,train,640,480,P05_frustrated_0009.txt
P05_frustrated_0010.jpg,bigdata_frustrated_engaged_iann_62_1774442889988_009_jpg.rf.40843b27e917fa5946e97d45e74d1dcc.jpg,P05,public,train,3,frustrated,b49437876c0682a32e529b4d44a32a223f632b5f5ae0f3da9b666ee89bdd0612,train,640,480,P05_frustrated_0010.txt
P05_frustrated_0011.jpg,bigdata_frustrated_engaged_iann_62_1774442890440_010_jpg.rf.75ef2773ac70f151ce7200730b81e25e.jpg,P05,public,train,3,frustrated,a4d366eee64d382eed62f6197e453405413524d1f31c59bff7f3afaa8c52c9c5,train,640,480,P05_frustrated_0011.txt
P05_frustrated_0012.jpg,bigdata_frustrated_engaged_iann_62_1774442890440_011_jpg.rf.2cabda885d2a57cd42882acbbbd60f2c.jpg,P05,public,train,3,frustrated,9617f18c3404a957a67513a69cd2fb0a46bd42b9e5df9f6dde6cb6f2a514a281,train,640,480,P05_frustrated_0012.txt
P05_frustrated_0013.jpg,bigdata_frustrated_engaged_iann_62_1774442890440_012_jpg.rf.66b370df20d810e29e081d331b0182b6.jpg,P05,public,train,3,frustrated,35e19e60377430936d06ae3666a5234249e9090b432c6c3413ca6fa88627a960,train,640,480,P05_frustrated_0013.txt
P05_frustrated_0014.jpg,bigdata_frustrated_engaged_iann_62_1774442890440_013_jpg.rf.51fadd488fed07106433e8aabc318546.jpg,P05,public,train,3,frustrated,e20dd5603084c039206f3af5227b31abce004f5fc77348bdc215dae366c8d865,train,640,480,P05_frustrated_0014.txt
P05_frustrated_0015.jpg,bigdata_frustrated_engaged_iann_62_1774442890440_014_jpg.rf.fe28f26599e788ad66670c642aa6d813.jpg,P05,public,train,3,frustrated,4e77cad3008f25f7f6ff35fe4265533f4aa002bbb6d15cdf355fbe186f403a41,train,640,480,P05_frustrated_0015.txt
P05_frustrated_0016.jpg,bigdata_frustrated_engaged_iann_62_1774442891023_015_jpg.rf.548ec9427011b368962370e5d25d9aaf.jpg,P05,public,train,3,frustrated,38c3b8138436a98da6b8440ae8d5fa486c09444eb8cf97a272e47611eb5e8a1c,train,640,480,P05_frustrated_0016.txt
P05_frustrated_0017.jpg,bigdata_frustrated_engaged_iann_62_1774442891023_016_jpg.rf.8d23fa00104d7d8a885603b04cd561f8.jpg,P05,public,train,3,frustrated,db1ecb9c3460d6ddfb212b1752e67736dc0a578acb182931e08e49d64eb88dc9,train,640,480,P05_frustrated_0017.txt
P05_frustrated_0018.jpg,bigdata_frustrated_engaged_iann_62_1774442891023_017_jpg.rf.0d117d72311f3255773873f984627c93.jpg,P05,public,train,3,frustrated,ba715460c16142464ed5b35769ebb6864fb1dc13095465e4eaf8d8ee7dc9af13,train,640,480,P05_frustrated_0018.txt
P05_frustrated_0019.jpg,bigdata_frustrated_engaged_iann_62_1774442891024_018_jpg.rf.15d411726d20d864edd305c30a3d660f.jpg,P05,public,train,3,frustrated,88b4516a19d7fd3b5e4ba83054c920ccfa8924a1d8e25d414400da3e591f26b8,test,640,480,P05_frustrated_0019.txt
P05_frustrated_0020.jpg,bigdata_frustrated_engaged_iann_62_1774442891024_019_jpg.rf.fa6a8cacb8c612bed5ab1d0275ba691e.jpg,P05,public,train,3,frustrated,bf9898cbbadb143dfa3cc48065ee50f188e6fcd36a75cb42e54b4353228cee59,train,640,480,P05_frustrated_0020.txt
P05_frustrated_0021.jpg,bigdata_frustrated_engaged_iann_62_1774442891634_020_jpg.rf.fcc6dd2a2b4f396bc5d178b328c9652a.jpg,P05,public,train,3,frustrated,dba1e4d21514ba99f8e3545a56c28178dc3ddaa611d1acdb36ede0d34295aadf,train,640,480,P05_frustrated_0021.txt
P05_frustrated_0022.jpg,bigdata_frustrated_engaged_iann_62_1774442891634_021_jpg.rf.f8f1b0d367652641dd76a76619c529f2.jpg,P05,public,train,3,frustrated,2a853ec5ec533561908bb8c30a8448f1eab43a7107a97a71130d8d1612971513,train,640,480,P05_frustrated_0022.txt
P05_frustrated_0023.jpg,bigdata_frustrated_engaged_iann_62_1774442891634_022_jpg.rf.c220cc790569544f479758c5620148c0.jpg,P05,public,train,3,frustrated,52ea77624d294d75dab382b67a2c922fdeef792bcdad6808e73246034a10bc32,train,640,480,P05_frustrated_0023.txt
P05_frustrated_0024.jpg,bigdata_frustrated_engaged_iann_62_1774442891634_023_jpg.rf.b45f3b1b5029687e8fbc5b91420ab709.jpg,P05,public,train,3,frustrated,ab933ee28f8835b0aa886179fc13f5107f7cd45e24060951007c64beeeebe546,train,640,480,P05_frustrated_0024.txt
P06_bored_0001.jpg,bigdata_bored_engaged_maguru_36_1774443973512_000_jpg.rf.ac77d22247d09a30982a73196c49e8e4.jpg,P06,public,train,2,bored,c801a08a5cec9d4fa6e4e371c925761b9a30a07f7506dfec2c1235e7149c2b17,train,640,480,P06_bored_0001.txt
P06_bored_0002.jpg,bigdata_bored_engaged_maguru_36_1774443973512_001_jpg.rf.2697106490841676abe33cfd73fb5fd5.jpg,P06,public,train,2,bored,ea0571162486e44a614decfb90eab0c17a5a6f8be7646b8a436ee845fa8b59bd,train,640,480,P06_bored_0002.txt
P06_bored_0003.jpg,bigdata_bored_engaged_maguru_36_1774443973512_002_jpg.rf.53ad0b98be5bed001031d5930a46fad5.jpg,P06,public,train,2,bored,bdac708ec5103fc31471d6c7ed27bf7c0795ccbb17183b717b170926d6504f2f,train,640,480,P06_bored_0003.txt
P06_bored_0004.jpg,bigdata_bored_engaged_maguru_36_1774443973512_003_jpg.rf.2407480611bec03520e00b7838af20f7.jpg,P06,public,train,2,bored,52e1e4188691d284fdc356be8c14aa102306ac7e9252a1d0e0ff2b6479ce95e1,train,640,480,P06_bored_0004.txt
P06_bored_0005.jpg,bigdata_bored_engaged_maguru_36_1774443973512_004_jpg.rf.6e3b66f8efa7f419ca072cafb5798405.jpg,P06,public,train,2,bored,1cc1023f699d2ba21402ca15bf3c5dd5242cd5b98f8d8dac49350ca84c24e17d,train,640,480,P06_bored_0005.txt
P06_bored_0006.jpg,bigdata_bored_engaged_maguru_36_1774443974067_005_jpg.rf.0b99ba9261e096a248387cf5fe7637a0.jpg,P06,public,train,2,bored,92ee3d844231cc8372e2a777267ef387579b4167e8817fe793630738a8e51daf,val,640,480,P06_bored_0006.txt
P06_bored_0007.jpg,bigdata_bored_engaged_maguru_36_1774443974067_006_jpg.rf.cb317dfc7336732842d3a113fc2bc20d.jpg,P06,public,train,2,bored,e95edfb0ec54c4876b2ccf27c9d0ba76ffbe1c0fa11805eaa0ad03295f3a1980,train,640,480,P06_bored_0007.txt
P06_bored_0008.jpg,bigdata_bored_engaged_maguru_36_1774443974068_007_jpg.rf.2e6486f21ebdfc3c7dc2ae0bca9c0d3a.jpg,P06,public,train,2,bored,5da89a1ca9680a4aa921c8b4d500c108eab6bbff8051687f12fad928b0bf291b,train,640,480,P06_bored_0008.txt
P06_bored_0009.jpg,bigdata_bored_engaged_maguru_36_1774443974068_008_jpg.rf.2da16c57d686bdd83a41943dc2c2a363.jpg,P06,public,train,2,bored,74fcc450e3bf4a4574cca74a7fc72303aae6f9e283485d7e88ab23f57f02bd1b,train,640,480,P06_bored_0009.txt
P06_bored_0010.jpg,bigdata_bored_engaged_maguru_36_1774443974068_009_jpg.rf.368a1832ada5ed214ff140c036bac64f.jpg,P06,public,train,2,bored,dbd53e31d0f4d9b0ffb0c0768ba259854416de5133cf6040605a2b9ee304ff67,train,640,480,P06_bored_0010.txt
P06_bored_0011.jpg,bigdata_bored_engaged_maguru_36_1774443974602_010_jpg.rf.ae9c1dfb20ab61276e6d4ecf157efef5.jpg,P06,public,train,2,bored,98ec862e39c0afa5172e6f1284ab79b0540fb7c8176be0af107182c6e8f022d6,test,640,480,P06_bored_0011.txt
P06_bored_0012.jpg,bigdata_bored_engaged_maguru_36_1774443974602_011_jpg.rf.c9659a8dce46d049521637ac96ca6e89.jpg,P06,public,train,2,bored,da36bc93c900de6a163b0d4e605302bc92f55eed3ac058a0b85380a62d169bfd,train,640,480,P06_bored_0012.txt
P06_bored_0013.jpg,bigdata_bored_engaged_maguru_36_1774443974602_012_jpg.rf.edc744867b4c5a69f8b83123173d794f.jpg,P06,public,train,2,bored,a9c83678a12aba4e0c1956abe36e574849645cf3a2c40fa13c288f4f2460138b,train,640,480,P06_bored_0013.txt
P06_bored_0014.jpg,bigdata_bored_engaged_maguru_36_1774443974602_013_jpg.rf.67d467c6c3d5f89b1573e0c2ca4adbb5.jpg,P06,public,train,2,bored,62b43e4af971a1ebd838a3a87fcdacb3d73d6e5133be2626ab066bfa38f309f4,test,640,480,P06_bored_0014.txt
P06_bored_0015.jpg,bigdata_bored_engaged_maguru_36_1774443974602_014_jpg.rf.4f1a22ea4170803d7a64176ec2b3fa3f.jpg,P06,public,train,2,bored,63f8f765a140279c06ad81c7f8b90c5f4149d67811241d01b7d7aa8da788798b,train,640,480,P06_bored_0015.txt
P06_bored_0016.jpg,bigdata_bored_engaged_maguru_36_1774443975200_015_jpg.rf.7e356b21ed336c16a86e1afbfc650389.jpg,P06,public,train,2,bored,1ca099f062b36e2034e6ccd988e337c50c57390143a1523518565fba300e325f,train,640,480,P06_bored_0016.txt
P06_bored_0017.jpg,bigdata_bored_engaged_maguru_36_1774443975200_016_jpg.rf.b67d39e284edbf97f9f784e7891d8a59.jpg,P06,public,train,2,bored,c6c886486269787d6146531cff43cef3a3581c6a7134b618a8d861460c36d7fe,train,640,480,P06_bored_0017.txt
P06_bored_0018.jpg,bigdata_bored_engaged_maguru_36_1774443975200_017_jpg.rf.afdefc1b02abed80018b66e37659c515.jpg,P06,public,train,2,bored,349a2fb4fe66f074c665a0cdc6eed6803b8e2b5f1413a8b8346e7701ae6357b9,train,640,480,P06_bored_0018.txt
P06_bored_0019.jpg,bigdata_bored_engaged_maguru_36_1774443975200_018_jpg.rf.1c7e2b0c889d4571986e34e5ee3b0a61.jpg,P06,public,train,2,bored,eb60a4ec787bb9b1d75d61b0a1e59ca4d3e98ed02e689972a0f0db8b8f5b640d,val,640,480,P06_bored_0019.txt
P06_bored_0020.jpg,bigdata_bored_engaged_maguru_36_1774443975200_019_jpg.rf.d2c3fa57694fb6c24794f00eef8ace15.jpg,P06,public,train,2,bored,dd1a7a03b27903f7d06f5faf9531dd467eff4e3cf2a073f019759b718e89b949,train,640,480,P06_bored_0020.txt
P06_bored_0021.jpg,bigdata_bored_engaged_maguru_36_1774443975780_020_jpg.rf.6bab2792294eb20cb22b1f35c1f2643c.jpg,P06,public,train,2,bored,c21d8f14eccb99bea61a43a126aaa8b169a3e6c6eea4f4e8977849662d1b33f6,train,640,480,P06_bored_0021.txt
P06_bored_0022.jpg,bigdata_bored_engaged_maguru_36_1774443975781_021_jpg.rf.09e2529084abd0f19d89aad944beeb9a.jpg,P06,public,train,2,bored,9eb3d1b9d6595c23230cfe7520d5e5a8a8aa36ee151900f2187b408d4a05d419,train,640,480,P06_bored_0022.txt
P06_bored_0023.jpg,bigdata_bored_engaged_maguru_36_1774443975781_022_jpg.rf.66bd59478eeb5d2763cadc5b736870e8.jpg,P06,public,train,2,bored,1b79213b6ccc891324b908b6a872c113296b098dc553e5dd1c80001d9fcc327d,test,640,480,P06_bored_0023.txt
P06_bored_0024.jpg,bigdata_bored_engaged_maguru_36_1774443975781_023_jpg.rf.fa732af733c573fb57d7dcf4f96c2f4e.jpg,P06,public,train,2,bored,335a9848928903ab8c6610740283dee5550587b790d95fbd04a67d63c3bf1b50,test,640,480,P06_bored_0024.txt
P06_confused_0001.jpg,bigdata_confused_engaged_maguru_36_1774443958607_000_jpg.rf.8243527b90ecdbea7061ad5f758ec38e.jpg,P06,public,train,1,confused,4d01eeb2bd576ee82911ef4cc3c0f99d1082d2aec41eefd698772deaba305c3c,val,640,480,P06_confused_0001.txt
P06_confused_0002.jpg,bigdata_confused_engaged_maguru_36_1774443958607_001_jpg.rf.5e0a32b0d571309567ff80ee7d2b5259.jpg,P06,public,train,1,confused,1304239458ab2eccd122a763b1820bdfa6df487bb231a84040004c17cf539d5b,val,640,480,P06_confused_0002.txt
P06_confused_0003.jpg,bigdata_confused_engaged_maguru_36_1774443958607_002_jpg.rf.590f5376f3c6064d8fc241a73ce8aecb.jpg,P06,public,train,1,confused,702b15276d4cafeabacb99dc1e6257d36b190edb863133d27ac4a593c4b4f0e9,val,640,480,P06_confused_0003.txt
P06_confused_0004.jpg,bigdata_confused_engaged_maguru_36_1774443959143_005_jpg.rf.5410b4d5ce6bf73869cd74974fdf2b6d.jpg,P06,public,train,1,confused,cc8d42862354a2a53b939fd74f15a67aab61bdf84303d9cebe1a99b322a97110,train,640,480,P06_confused_0004.txt
P06_confused_0005.jpg,bigdata_confused_engaged_maguru_36_1774443959143_007_jpg.rf.ae15478e9cc833d0a3cdfee68ed78889.jpg,P06,public,train,1,confused,5af3ff8e24c289f65dd330db9592acae070c5c15ff7f4a34ce86a6d74150928b,train,640,480,P06_confused_0005.txt
P06_confused_0006.jpg,bigdata_confused_engaged_maguru_36_1774443959143_008_jpg.rf.950ef6453836a89cbf102edfae09afc9.jpg,P06,public,train,1,confused,e4e4a67f6dba9e842de1c4cb62ec54d0d103c1fca11a6738494ec0b04b2736ef,train,640,480,P06_confused_0006.txt
P06_confused_0007.jpg,bigdata_confused_engaged_maguru_36_1774443959143_009_jpg.rf.f16d61012d5e86ec3acb0926f5eeffc1.jpg,P06,public,train,1,confused,546ef603c3846a70f7efa0ebd0028b21b72d669a30b8f6ced996912fb3e73288,train,640,480,P06_confused_0007.txt
P06_confused_0008.jpg,bigdata_confused_engaged_maguru_36_1774443959615_010_jpg.rf.6fd1d6ec4b5781c876484924c60725fe.jpg,P06,public,train,1,confused,7f9113cae0af8351eeaed2a1d2d1e4e8e464d79d091854c839fec45a92990839,test,640,480,P06_confused_0008.txt
P06_confused_0009.jpg,bigdata_confused_engaged_maguru_36_1774443959615_011_jpg.rf.e61abdc605e117d2b3561615953c479e.jpg,P06,public,train,1,confused,85647782977b010abb9928e207f9f40f8fb7891adb3379b9dd0f9240432d51eb,train,640,480,P06_confused_0009.txt
P06_confused_0010.jpg,bigdata_confused_engaged_maguru_36_1774443959615_012_jpg.rf.308ceb75b9f17dab537e67756174486f.jpg,P06,public,train,1,confused,0afb3e3f6eed97f3f0f993cf908fa082c0c3ecb10761a1de40a168f164f90a77,train,640,480,P06_confused_0010.txt
P06_confused_0011.jpg,bigdata_confused_engaged_maguru_36_1774443959615_013_jpg.rf.5a32437d38d97736489393f1ab5dc8bb.jpg,P06,public,train,1,confused,37e61e3a04d024c12f9ee5883012f8548bd6f0d0aff435cb833a121a54aa1654,train,640,480,P06_confused_0011.txt
P06_confused_0012.jpg,bigdata_confused_engaged_maguru_36_1774443959615_014_jpg.rf.58a45bc370906063ba49296f59363de3.jpg,P06,public,train,1,confused,fae693d0b509afd3a28c5a505f0c56c45c6ca4b34df69d15e7ca740318518e56,val,640,480,P06_confused_0012.txt
P06_confused_0013.jpg,bigdata_confused_engaged_maguru_36_1774443960140_015_jpg.rf.8f1db2af2dc7a9050c401300b6ea4ba8.jpg,P06,public,train,1,confused,ee19c4aeaeefcac84cddf492aa6d01c4a961ebc52cd259a1b31da6932f7d5186,test,640,480,P06_confused_0013.txt
P06_confused_0014.jpg,bigdata_confused_engaged_maguru_36_1774443960140_016_jpg.rf.7174fe9a918c6cea2f56cac45bd9891d.jpg,P06,public,train,1,confused,3e58e7eb318388821303a7ab3e67a5e686e71658ea8e792a1960710e86322a4d,val,640,480,P06_confused_0014.txt
P06_confused_0015.jpg,bigdata_confused_engaged_maguru_36_1774443960140_017_jpg.rf.1a38e46692622471adc97cacaed8c4b3.jpg,P06,public,train,1,confused,9e444cc1f669e76ccc873b395fa60fe480204e8790c1b984a458a0880e33afef,train,640,480,P06_confused_0015.txt
P06_confused_0016.jpg,bigdata_confused_engaged_maguru_36_1774443960140_018_jpg.rf.5aade07798d5157c202c831175b6d6dc.jpg,P06,public,train,1,confused,20598189d5857d7083a93c0b5cc00a650d02d2a94865c1fb86b649052bca6fb2,train,640,480,P06_confused_0016.txt
P06_confused_0017.jpg,bigdata_confused_engaged_maguru_36_1774443960140_019_jpg.rf.d66aac6c5a967a89ab27390d005fee95.jpg,P06,public,train,1,confused,b8e3afd2da7cafbfbd10cb1f71e37f74b3e98f8d15d93290a82c05e0dea82d82,train,640,480,P06_confused_0017.txt
P06_confused_0018.jpg,bigdata_confused_engaged_maguru_36_1774443960614_020_jpg.rf.778ec33a1140b9e4c11765355699057b.jpg,P06,public,train,1,confused,fc539218a8aa348f6f963c10b5b2b0732b7ac6dbe9e9200b15812a8281174121,train,640,480,P06_confused_0018.txt
P06_confused_0019.jpg,bigdata_confused_engaged_maguru_36_1774443960615_021_jpg.rf.dceee8cb9cdeab5403a4d3ad8d98b313.jpg,P06,public,train,1,confused,a4a62e878c66e26063fe5d37b13ea77b70b989154ac2df44154dc1e45f76d359,train,640,480,P06_confused_0019.txt
P06_confused_0020.jpg,bigdata_confused_engaged_maguru_36_1774443960615_022_jpg.rf.05240c5313501b2fd3d62b42e8280b03.jpg,P06,public,train,1,confused,dba66382567f62fa6956d524867c20ae6cbbcf02f9b31aa32f0bf215a7c139ec,train,640,480,P06_confused_0020.txt
P06_confused_0021.jpg,bigdata_confused_engaged_maguru_36_1774443960615_023_jpg.rf.966bed84fe5821834d44ea68241e45cd.jpg,P06,public,train,1,confused,be5924a7e01e11b2fde5fe29d90227bd408afad243639c03d9ca23f38504f482,val,640,480,P06_confused_0021.txt
P06_engaged_0001.jpg,bigdata_engaged_maguru_36_1774443943205_000_jpg.rf.84729c9617fd35ad2e45426f0d378e31.jpg,P06,public,train,0,engaged,406f74cb1a16ebe543b91d35dffd6217d473fb31de76ccec9d2f539682a02194,train,640,480,P06_engaged_0001.txt
P06_engaged_0002.jpg,bigdata_engaged_maguru_36_1774443943208_001_jpg.rf.faf77e8412d8c78044d700030014b37d.jpg,P06,public,train,0,engaged,3beeade065188ddd231dccea60cf88f5306b9014e489f041ab4dce1e26b3e630,train,640,480,P06_engaged_0002.txt
P06_engaged_0003.jpg,bigdata_engaged_maguru_36_1774443943209_002_jpg.rf.a4bd0b17de33017485fa6a2e2fe5d253.jpg,P06,public,train,0,engaged,1a29ef79648349df71b438580692289da1e73c11930daedf28f1466822485a24,train,640,480,P06_engaged_0003.txt
P06_engaged_0004.jpg,bigdata_engaged_maguru_36_1774443943209_003_jpg.rf.688102f57193ad5b509b83b5243ba2c6.jpg,P06,public,train,0,engaged,7c02a088f68d1bf20fd3716450ef9a2b0d2e174e27784090a98f8e6af4b3e993,train,640,480,P06_engaged_0004.txt
P06_engaged_0005.jpg,bigdata_engaged_maguru_36_1774443944410_005_jpg.rf.e262c855ad6e0ab69e9340130a33cf91.jpg,P06,public,train,0,engaged,a72b2242ba2bc8673496fcf703db0c042afc8c1c5626c8163a6ccb219f850c21,train,640,480,P06_engaged_0005.txt
P06_engaged_0006.jpg,bigdata_engaged_maguru_36_1774443944410_007_jpg.rf.5085a31240093494c2621617c5ed5e19.jpg,P06,public,train,0,engaged,3bd21a07d79783dabdff6d9cc58ea2d556cfebdbcf7e79625b46816f4cba17a2,train,640,480,P06_engaged_0006.txt
P06_engaged_0007.jpg,bigdata_engaged_maguru_36_1774443944411_008_jpg.rf.9b6e2bf493fa6982de81e33b52a86142.jpg,P06,public,train,0,engaged,e558ffeea1e1e01a8c1f0b8f444bd07bd3f439061227d7f555fcaad1fff13e82,val,640,480,P06_engaged_0007.txt
P06_engaged_0008.jpg,bigdata_engaged_maguru_36_1774443944411_009_jpg.rf.5371a5e084782095601c920971f6979e.jpg,P06,public,train,0,engaged,3af6a7c21a6719677f543c9f546722e50364cbe48022d0900357deb1adf589d9,train,640,480,P06_engaged_0008.txt
P06_engaged_0009.jpg,bigdata_engaged_maguru_36_1774443944853_010_jpg.rf.2efa074f257525d9e1846c51dcae66f3.jpg,P06,public,train,0,engaged,e1701dc418d5934daf2b308b6210bb65d141b206d6d42d04c247c51d239743e7,train,640,480,P06_engaged_0009.txt
P06_engaged_0010.jpg,bigdata_engaged_maguru_36_1774443944853_012_jpg.rf.73cad29af5d11224d8afca9d2fb09f83.jpg,P06,public,train,0,engaged,ab30460a148d97f742375b31fa3d87c1e97b0fb27a7d3eea181a1b2d46d91cad,train,640,480,P06_engaged_0010.txt
P06_engaged_0011.jpg,bigdata_engaged_maguru_36_1774443944853_013_jpg.rf.c9cd0cba20fcef4898da7f617b9efad5.jpg,P06,public,train,0,engaged,8684cfd29100e283c27fa0edbea10739e9eca8827abb555f123ee48d42ee32fe,train,640,480,P06_engaged_0011.txt
P06_engaged_0012.jpg,bigdata_engaged_maguru_36_1774443944853_014_jpg.rf.60c0bcec9a1fe66902ad71b3729ab9ab.jpg,P06,public,train,0,engaged,444ef56411e77bd5bbdb206f4b8929fa7da42fc5aedb6b453bd4ef5bf5527bb9,test,640,480,P06_engaged_0012.txt
P06_engaged_0013.jpg,bigdata_engaged_maguru_36_1774443945268_015_jpg.rf.3204b317e6cf6b71eac6f5481dd72ad8.jpg,P06,public,train,0,engaged,307d45a2727de47b69a1873a31a0c12316938cf2173cafe38b954f129435dc0d,train,640,480,P06_engaged_0013.txt
P06_engaged_0014.jpg,bigdata_engaged_maguru_36_1774443945268_016_jpg.rf.50fd0c7eaa0ba6b2632027c851b0b9ae.jpg,P06,public,train,0,engaged,9a34e596674a953f65e69ca67d494ddcf907ff47ffdc263ce708fb6361314203,train,640,480,P06_engaged_0014.txt
P06_engaged_0015.jpg,bigdata_engaged_maguru_36_1774443945269_017_jpg.rf.2a77a58ae1c735d1f6d7c21ac8179f46.jpg,P06,public,train,0,engaged,695439bef31fff2b84cfea92d9b9dbd4392625f21548b0c989bf3b0dd3e358c0,train,640,480,P06_engaged_0015.txt
P06_engaged_0016.jpg,bigdata_engaged_maguru_36_1774443945269_019_jpg.rf.9d4dc24c167e117ab4ded1d82f6438b8.jpg,P06,public,train,0,engaged,8fe16e389e61c03cba3680e1d1ee60eec9a7cccfc663f1a1ced61b5f46b3eadc,val,640,480,P06_engaged_0016.txt
P06_engaged_0017.jpg,bigdata_engaged_maguru_36_1774443945784_020_jpg.rf.ecc5a641e1f88b16c0170f6258b4060c.jpg,P06,public,train,0,engaged,732a2b6a1d94e710148a9e4274f02d19d9add71657e4fdaf5f7c984002fb259e,train,640,480,P06_engaged_0017.txt
P06_engaged_0018.jpg,bigdata_engaged_maguru_36_1774443945785_021_jpg.rf.4465ec3f46e12f38c6852a7ead3d3776.jpg,P06,public,train,0,engaged,2dee9706a9b65643ecd30c39d7c71c127f2ac1b70532fef8069beb054e9b0342,train,640,480,P06_engaged_0018.txt
P06_engaged_0019.jpg,bigdata_engaged_maguru_36_1774443945785_022_jpg.rf.bfffb8cd447344bc10e9f8a73e14dde0.jpg,P06,public,train,0,engaged,dde0c84e3ced09fcad27535b2f64577baa576c78a9880216bf937e831e55a620,train,640,480,P06_engaged_0019.txt
P06_engaged_0020.jpg,bigdata_engaged_maguru_36_1774443945785_023_jpg.rf.bc34d4b43c515119f944d792b6c790e9.jpg,P06,public,train,0,engaged,2dcc6683f579ee00af24967c6094f5321aa3c6c62d4a9f42551a5ae819ba7062,train,640,480,P06_engaged_0020.txt
P06_frustrated_0001.jpg,bigdata_frustrated_engaged_maguru_36_1774443989230_000_jpg.rf.f95ab0230fb009e42c2bc50853850299.jpg,P06,public,train,3,frustrated,91c6b286db5e1a72277b9c0238d2f59aca27c243711eb5f411b36a5c804cc32c,test,640,480,P06_frustrated_0001.txt
P06_frustrated_0002.jpg,bigdata_frustrated_engaged_maguru_36_1774443989230_001_jpg.rf.e3cae7a47a81049042ffe783db26d7c8.jpg,P06,public,train,3,frustrated,6ef01543d8e1106880dcda27c339dfba56e11be040b6fa9417a0a4a8dbbc2d66,train,640,480,P06_frustrated_0002.txt
P06_frustrated_0003.jpg,bigdata_frustrated_engaged_maguru_36_1774443989230_002_jpg.rf.982157363b16f10fdd81dacfc0d2d7d7.jpg,P06,public,train,3,frustrated,ca72588fa4d16eadb001cbefdf4b23a0d7827f646df094197b35ea67eef51b73,train,640,480,P06_frustrated_0003.txt
P06_frustrated_0004.jpg,bigdata_frustrated_engaged_maguru_36_1774443989230_003_jpg.rf.b97a0e0bd4a48bf09bf858dc23c6758b.jpg,P06,public,train,3,frustrated,fb6031f9e8c736718994c16f00c6dd6e96669b395f680dcd922dd55b337d291e,train,640,480,P06_frustrated_0004.txt
P06_frustrated_0005.jpg,bigdata_frustrated_engaged_maguru_36_1774443989231_004_jpg.rf.b15f9394f34ebbd7b255f4b45abb6f17.jpg,P06,public,train,3,frustrated,65d9f3223c3ebcf4e261931bfdb0ab2098d95eb51ba4f75f4a3ab6cd224ac344,train,640,480,P06_frustrated_0005.txt
P06_frustrated_0006.jpg,bigdata_frustrated_engaged_maguru_36_1774443989905_005_jpg.rf.3b8ce371e5b181ff69d40173b1dbe730.jpg,P06,public,train,3,frustrated,ac16c7b51f269b77b97a488038d53800c14cce7ccacac6eb20c81a327f2b74f2,train,640,480,P06_frustrated_0006.txt
P06_frustrated_0007.jpg,bigdata_frustrated_engaged_maguru_36_1774443989905_006_jpg.rf.0a461a0d3b56e70f246ed82a42bd9d44.jpg,P06,public,train,3,frustrated,06a5c9e26bcf29c51db637688c9d6cd2eddcbb5c1fd28c9c7a7e3c550bfc2591,train,640,480,P06_frustrated_0007.txt
P06_frustrated_0008.jpg,bigdata_frustrated_engaged_maguru_36_1774443989905_007_jpg.rf.72f1240bd10d373fc2ab46df1b9c7436.jpg,P06,public,train,3,frustrated,449a16c4f4ca14068711e64739a834a0c04da5d4bf61d3c2c818340606dbe921,train,640,480,P06_frustrated_0008.txt
P06_frustrated_0009.jpg,bigdata_frustrated_engaged_maguru_36_1774443989905_008_jpg.rf.ade5081aa709fd065a3d890235604d08.jpg,P06,public,train,3,frustrated,3e9dbb5d7eed64eff93020ab3fadc0123dfe4a6390afe220ac40fb220230dae6,train,640,480,P06_frustrated_0009.txt
P06_frustrated_0010.jpg,bigdata_frustrated_engaged_maguru_36_1774443989905_009_jpg.rf.1dd8b2415e586d3a9cad6d4bb0dd5d05.jpg,P06,public,train,3,frustrated,93e267e4959c3323dfb33de8997b5870a5aa2e06dc8be522c01e84c45f0453c1,train,640,480,P06_frustrated_0010.txt
P06_frustrated_0011.jpg,bigdata_frustrated_engaged_maguru_36_1774443990383_010_jpg.rf.02fecf1e9b7925a9645e18161375a23c.jpg,P06,public,train,3,frustrated,8e98cccc1909d7b98d4c3fe28899705a05d448f4d8fdaad40b241a67a88dbef6,train,640,480,P06_frustrated_0011.txt
P06_frustrated_0012.jpg,bigdata_frustrated_engaged_maguru_36_1774443990383_011_jpg.rf.46b56444811d05c87fdbc51d1ae55fce.jpg,P06,public,train,3,frustrated,25dbbb738c84937e19aab48779a070a265e37a46c53c39c60bb83234ad703801,train,640,480,P06_frustrated_0012.txt
P06_frustrated_0013.jpg,bigdata_frustrated_engaged_maguru_36_1774443990383_012_jpg.rf.971cf01caf099a9798ca5c1b49f74374.jpg,P06,public,train,3,frustrated,baa33e0f0bf70e2bdbe5a3ac8c576a354e910e6d8ad52f9204cdbc8830ca9e9d,train,640,480,P06_frustrated_0013.txt
P06_frustrated_0014.jpg,bigdata_frustrated_engaged_maguru_36_1774443990383_013_jpg.rf.619128590029c188bd0987b76130de38.jpg,P06,public,train,3,frustrated,c5ce0b4425e9caff1cf32b5eaf5fc2e67e175c0d8636c22ac86e8efa584a69fa,train,640,480,P06_frustrated_0014.txt
P06_frustrated_0015.jpg,bigdata_frustrated_engaged_maguru_36_1774443990383_014_jpg.rf.2fdef8cc7c98d10d8cacd7fa48b1fcc4.jpg,P06,public,train,3,frustrated,864a490de4d8b64e0174cacc24fb40c719868abcbb81e8850eb3da54487fd19e,test,640,480,P06_frustrated_0015.txt
P06_frustrated_0016.jpg,bigdata_frustrated_engaged_maguru_36_1774443991014_015_jpg.rf.f4690c49d35c6591396d6a61c8552beb.jpg,P06,public,train,3,frustrated,866e8beb8c50b025d505b26a6435ad67a4fb8a3c2d27a32ca7347790ea555222,train,640,480,P06_frustrated_0016.txt
P06_frustrated_0017.jpg,bigdata_frustrated_engaged_maguru_36_1774443991014_016_jpg.rf.7448e380ff4f727b802165e203146e01.jpg,P06,public,train,3,frustrated,0a5bfd45de6c7f493d458f7ad20651eac69bcd3ce80c364f091d5e0c64857c6c,train,640,480,P06_frustrated_0017.txt
P06_frustrated_0018.jpg,bigdata_frustrated_engaged_maguru_36_1774443991014_017_jpg.rf.98b7542d0723624213be35966517a238.jpg,P06,public,train,3,frustrated,1fbd2f4551f24df220b3aa5f0fe6f1cd8945f322b99b5052c96488ba01dd142b,train,640,480,P06_frustrated_0018.txt
P06_frustrated_0019.jpg,bigdata_frustrated_engaged_maguru_36_1774443991014_018_jpg.rf.d1703d78cebbf77f7235b1c8d8651e63.jpg,P06,public,train,3,frustrated,643b64b2c46919f02ac60e0bad93c85e7ab64e74750c72aaa872e27a21f898aa,train,640,480,P06_frustrated_0019.txt
P06_frustrated_0020.jpg,bigdata_frustrated_engaged_maguru_36_1774443991014_019_jpg.rf.222097d3355b80e3453cf5cca567927d.jpg,P06,public,train,3,frustrated,c63f40fb83b3fc0beecb470c8ba1a6e59dd8ff03068ee4def23581b759223e61,train,640,480,P06_frustrated_0020.txt
P06_frustrated_0021.jpg,bigdata_frustrated_engaged_maguru_36_1774443991656_020_jpg.rf.8f044c62ae7f50a55f326b402bffb72f.jpg,P06,public,train,3,frustrated,a3dd6cb82256b15d12241a92be065a3ba2b91f0444a1b98b004aa0a45d8b1314,test,640,480,P06_frustrated_0021.txt
P06_frustrated_0022.jpg,bigdata_frustrated_engaged_maguru_36_1774443991656_021_jpg.rf.ef6003c443ea3b292a8a992d5c460768.jpg,P06,public,train,3,frustrated,ee88b5f8b0eb662733ac76ae722031d8dd74eb53c5558cec1967f16253f76361,train,640,480,P06_frustrated_0022.txt
P06_frustrated_0023.jpg,bigdata_frustrated_engaged_maguru_36_1774443991656_022_jpg.rf.b2add936e862c7c241c2cca93a2ef77c.jpg,P06,public,train,3,frustrated,80e7d755fa1cd1d2269c35293dadd131bd24b29863b7128b05f06eef2ad40689,train,640,480,P06_frustrated_0023.txt
P06_frustrated_0024.jpg,bigdata_frustrated_engaged_maguru_36_1774443991656_023_jpg.rf.f6ea75ae25a9859ab2f4e25c53863a88.jpg,P06,public,train,3,frustrated,a5d17ae105b9e07a19976233873595d0bdc0446d9a6d2c50c8f0ac9ba945d305,train,640,480,P06_frustrated_0024.txt
P07_confused_0001.jpg,bigdata_confused_engaged_muhdaryadn_00_1773299186669_000_jpg.rf.afd987fb4098eef58df05afe0660426f.jpg,P07,public,train,1,confused,b4f860f414f343da7c94f363d38835e0dbf47d10bde9e46e6114d81d91a4ac9a,val,640,480,P07_confused_0001.txt
P07_confused_0002.jpg,bigdata_confused_engaged_muhdaryadn_00_1773299186669_001_jpg.rf.da0385c290e1d0852f9cf558c833f73c.jpg,P07,public,train,1,confused,9d3a48e5fbe592531c50c808e628f94d5b35ca588b703b390c49481acdcf1212,train,640,480,P07_confused_0002.txt
P07_confused_0003.jpg,bigdata_confused_engaged_muhdaryadn_00_1773299186669_002_jpg.rf.06c403791338c94ab0de23afa26b62e1.jpg,P07,public,train,1,confused,7991228547b7ae06b15786419e1d3010a4ad4916e5f07d63f5c5e370f1fc9898,train,640,480,P07_confused_0003.txt
P07_confused_0004.jpg,bigdata_confused_engaged_muhdaryadn_00_1773299186669_003_jpg.rf.d5c30066e0d5be215e2365e6e6ecc7cf.jpg,P07,public,train,1,confused,d28001fe02cdfb6fae3129b8eb483e79795cbbff12cc5231cb8e767f5f792d8a,train,640,480,P07_confused_0004.txt
P07_confused_0005.jpg,bigdata_confused_engaged_muhdaryadn_00_1773299186669_004_jpg.rf.5e6aacf17602b3d318fb5afac68a1336.jpg,P07,public,train,1,confused,6e1c24730c1a672153280fd03eb322385f73c60d93029f6053ddfaf5eba9b30a,train,640,480,P07_confused_0005.txt
P07_confused_0006.jpg,bigdata_confused_engaged_muhdaryadn_00_1773299189907_005_jpg.rf.5acc1748943db254a93e949591424ae5.jpg,P07,public,train,1,confused,419bffadb6f6c2bbe19dc5b368dfe8c44f722826fe04e1878a7d7b10cfb5a1d5,train,640,480,P07_confused_0006.txt
P07_confused_0007.jpg,bigdata_confused_engaged_muhdaryadn_00_1773299189909_006_jpg.rf.54b0a259920cd5a52631c979986d11f0.jpg,P07,public,train,1,confused,b1ac83f72a20a35e665fa71078bd8e8de7b8ea5cafa37081a9195716c78595dc,train,640,480,P07_confused_0007.txt
P07_confused_0008.jpg,bigdata_confused_engaged_muhdaryadn_00_1773299189909_007_jpg.rf.3535e241108b8543ac69fcd9a8ff2c03.jpg,P07,public,train,1,confused,597037046d8ee363aa5c7be7d7c3ab9d8b07e82b1747925217213eef0addb813,train,640,480,P07_confused_0008.txt
P07_confused_0009.jpg,bigdata_confused_engaged_muhdaryadn_00_1773299189909_008_jpg.rf.9d05ada706c16368ee14fb87fcf5b9b9.jpg,P07,public,train,1,confused,ed90dea5623da281590735ad44ddc530921ea23df24776f7aea50d0b6b5c830c,train,640,480,P07_confused_0009.txt
P07_confused_0010.jpg,bigdata_confused_engaged_muhdaryadn_00_1773299189909_009_jpg.rf.a7da4c32e0de679c4fd7b92c88a5f656.jpg,P07,public,train,1,confused,ac2670cff944edb08167083b8a37653847629934fc08799b11aee9f34b357551,train,640,480,P07_confused_0010.txt
P07_confused_0011.jpg,bigdata_confused_engaged_muhdaryadn_00_1773299192509_010_jpg.rf.0796940219033ece0d6689585f73a57a.jpg,P07,public,train,1,confused,7da102822e0d061882e0adc3fc9d40fd7a5f9b90ff115fbb84fcb280c9b9b371,train,640,480,P07_confused_0011.txt
P07_confused_0012.jpg,bigdata_confused_engaged_muhdaryadn_00_1773299192509_011_jpg.rf.c5a4420d139b9bee0fe711b8e16120d4.jpg,P07,public,train,1,confused,acf75aa4eecb72870e54f8b00de1604646a1b3e25429c6a1d7842d91d767839e,train,640,480,P07_confused_0012.txt
P07_confused_0013.jpg,bigdata_confused_engaged_muhdaryadn_00_1773299192510_012_jpg.rf.f150c1d17a3b8ee782b8bfa1850497ca.jpg,P07,public,train,1,confused,09b7fffdf05c7e932064e1a246df4289f819ad6fdd810d60ac08122143a3eab2,train,640,480,P07_confused_0013.txt
P07_confused_0014.jpg,bigdata_confused_engaged_muhdaryadn_00_1773299192510_013_jpg.rf.d9e8eb62df07c7dc278bdaf127960b0a.jpg,P07,public,train,1,confused,a3d4d4c9a9058f275b51bfb8fe20bb4cba171001dfad892e18ff62645b9c8efd,train,640,480,P07_confused_0014.txt
P07_confused_0015.jpg,bigdata_confused_engaged_muhdaryadn_00_1773299192510_014_jpg.rf.4e896d323f2ff905b992e0fc377f1982.jpg,P07,public,train,1,confused,251ff1424f4356ec3171de682dc61dcd28b3c946cf20421f7f20a139917645f2,train,640,480,P07_confused_0015.txt
P07_confused_0016.jpg,bigdata_confused_engaged_muhdaryadn_00_1773299194344_015_jpg.rf.9091706f11818b0c3c022d3e46a02d46.jpg,P07,public,train,1,confused,770f890892b476b63c18922d848bd34f8bdb537575f3be7b2797ed6908e3cf35,train,640,480,P07_confused_0016.txt
P07_confused_0017.jpg,bigdata_confused_engaged_muhdaryadn_00_1773299194345_016_jpg.rf.fa7f9050d87d5624d1abb169512baa6f.jpg,P07,public,train,1,confused,4390bbd6f5dabc66912bb71d655a765978923b749b6a0b5a927ac62ebbb0c1b2,test,640,480,P07_confused_0017.txt
P07_confused_0018.jpg,bigdata_confused_engaged_muhdaryadn_00_1773299194345_017_jpg.rf.4328d9e49e4169cc624d96cdd2bade30.jpg,P07,public,train,1,confused,a773747d30cd9428903e964e14069d2a9b7bfc7231644387f44203be087f167b,train,640,480,P07_confused_0018.txt
P07_confused_0019.jpg,bigdata_confused_engaged_muhdaryadn_00_1773299194345_018_jpg.rf.03fad168c289f97fb037ae66b58d06ed.jpg,P07,public,train,1,confused,89a52d62821ba8c710b8a3a8463ea592878254e47346f807cc942386e0bedd6d,train,640,480,P07_confused_0019.txt
P07_confused_0020.jpg,bigdata_confused_engaged_muhdaryadn_00_1773299194345_019_jpg.rf.e5d8f9c68d718e0a038fe946d3e660a0.jpg,P07,public,train,1,confused,aaf87450388eba43e06904f9fd16c5d76769f398ea32b71f8e3bc6a93590b63d,train,640,480,P07_confused_0020.txt
P07_confused_0021.jpg,bigdata_confused_engaged_muhdaryadn_00_1773299196116_020_jpg.rf.87207fb06374305b998e7ad452818394.jpg,P07,public,train,1,confused,6c8410de5b3c761e153757b446e01d448d47748d0e88ae2f868ab9d5ad3fb6c5,test,640,480,P07_confused_0021.txt
P07_confused_0022.jpg,bigdata_confused_engaged_muhdaryadn_00_1773299196116_021_jpg.rf.fc92e575ac2844058423b9302037fc44.jpg,P07,public,train,1,confused,90b6c3700a7914fab7e5cb7f5bc9d9854823a87cb4b43003c6333eff4dc719cb,train,640,480,P07_confused_0022.txt
P07_confused_0023.jpg,bigdata_confused_engaged_muhdaryadn_00_1773299196116_022_jpg.rf.196817a4c6ada858265359b0288f450f.jpg,P07,public,train,1,confused,d0e199917f0332c7cb00d7a6864f7bccc38ff544cfe8dfa93c40b1194e449784,train,640,480,P07_confused_0023.txt
P07_confused_0024.jpg,bigdata_confused_engaged_muhdaryadn_00_1773299196116_023_jpg.rf.a2a54eb733b36c4efb59d50177053292.jpg,P07,public,train,1,confused,a42b536d0aad3a17f73d0970b7fdd9bbc1a13c2c4233e5a7c7499f8176e48f17,train,640,480,P07_confused_0024.txt
P08_bored_0001.jpg,bigdata_bored_engaged_nabielrafi_73_1773300505375_000_jpg.rf.709d262405e57c9954f9bcdcbe7986d3.jpg,P08,public,train,2,bored,0bfbf464eebd1f1f03a2365194771fb11ba2ca815b726c31d9547223ce29d26d,test,640,480,P08_bored_0001.txt
P08_bored_0002.jpg,bigdata_bored_engaged_nabielrafi_73_1773300505375_001_jpg.rf.ed886629f77ec58ffe32dabfc598339e.jpg,P08,public,train,2,bored,f53667c915dbd74314b72850bf63160e335db02de6afc7b971b92f5a666b9a87,train,640,480,P08_bored_0002.txt
P08_bored_0003.jpg,bigdata_bored_engaged_nabielrafi_73_1773300505375_002_jpg.rf.ac1fec9bf1c22040522ea13157388725.jpg,P08,public,train,2,bored,2ea1a3017db949be0ac16422be464f54489482709627db782980c032d83c00ed,test,640,480,P08_bored_0003.txt
P08_bored_0004.jpg,bigdata_bored_engaged_nabielrafi_73_1773300505375_003_jpg.rf.3d04dc29dee1e340976b35970d2a586b.jpg,P08,public,train,2,bored,d36bd01a4f63dfa08fdde676dac6905af32afd207e7ed819a970709548562065,val,640,480,P08_bored_0004.txt
P08_bored_0005.jpg,bigdata_bored_engaged_nabielrafi_73_1773300505375_004_jpg.rf.25f26699bf6a2627adff4c356c0c301b.jpg,P08,public,train,2,bored,657110447ab5345c74f82fd8fb4f6caab6047f38f6ecf098a97ba1656440ca8b,train,640,480,P08_bored_0005.txt
P08_bored_0006.jpg,bigdata_bored_engaged_nabielrafi_73_1773300507126_005_jpg.rf.83ed773eb11e4e2c45760e812e1009a7.jpg,P08,public,train,2,bored,7e61d48440b4f3ffaabaffaf8b30808746fafce66c15b190dcf2744917990815,train,640,480,P08_bored_0006.txt
P08_bored_0007.jpg,bigdata_bored_engaged_nabielrafi_73_1773300507126_006_jpg.rf.d0a5482d861e7445d44c78b1c0fad6c3.jpg,P08,public,train,2,bored,bf010d6c84cf6ec215fb73681c3f25181a81d83e7f931b141298113dc01f920e,val,640,480,P08_bored_0007.txt
P08_bored_0008.jpg,bigdata_bored_engaged_nabielrafi_73_1773300507126_007_jpg.rf.7b5c71af237a88dc3a14a11a043bee05.jpg,P08,public,train,2,bored,ead9a62cbb55833a867cb948f8348f4f484cce395daaf2a6c5debc981758bf39,train,640,480,P08_bored_0008.txt
P08_bored_0009.jpg,bigdata_bored_engaged_nabielrafi_73_1773300507126_008_jpg.rf.8e116fdc5600ceae02ac57a12a3aaf96.jpg,P08,public,train,2,bored,d10ef9b8f8e0d456d93e6fc9737667db7a3fccded914703a05f91db21961cac0,train,640,480,P08_bored_0009.txt
P08_bored_0010.jpg,bigdata_bored_engaged_nabielrafi_73_1773300507126_009_jpg.rf.3d0e0db2de90f901843acab06c587afa.jpg,P08,public,train,2,bored,6c8bb566f1f099e0143ad837e8116ecbdcd463dfa3e52c2fad237cc3bcc6e159,test,640,480,P08_bored_0010.txt
P08_bored_0011.jpg,bigdata_bored_engaged_nabielrafi_73_1773300507800_010_jpg.rf.26dcc3eb21e6236d9d6cc0233cb81de3.jpg,P08,public,train,2,bored,3679a1b925cd8d43c2e105681519bb097fbff54e3614e34df45f26e7345f6462,train,640,480,P08_bored_0011.txt
P08_bored_0012.jpg,bigdata_bored_engaged_nabielrafi_73_1773300507800_011_jpg.rf.54cb6b8e45c8ace72de1325475e35f84.jpg,P08,public,train,2,bored,188fcea6c4ff24cffb80392972d358aacfb42c418b0a11033f8edd937f271b32,train,640,480,P08_bored_0012.txt
P08_bored_0013.jpg,bigdata_bored_engaged_nabielrafi_73_1773300507800_012_jpg.rf.ea62ffec6c208147eb3d32bec634d673.jpg,P08,public,train,2,bored,50f8dff8f8d790997600a05b5d32900505f3a1d5ef0d6c1f83f852a15a41f157,train,640,480,P08_bored_0013.txt
P08_bored_0014.jpg,bigdata_bored_engaged_nabielrafi_73_1773300507800_013_jpg.rf.02ec9265d1ae5d81ea1e4a48285f8e2c.jpg,P08,public,train,2,bored,6aae820b30e285bf142bc9232fc08b76220cf0cf3ed93927cc9c98284047e994,train,640,480,P08_bored_0014.txt
P08_bored_0015.jpg,bigdata_bored_engaged_nabielrafi_73_1773300507800_014_jpg.rf.be13ae2627da7068fbc17a61d06e5309.jpg,P08,public,train,2,bored,d7c6f130c446396c97c378391fae3459eeec27c8844ffbe0fd37ef7379d6853c,train,640,480,P08_bored_0015.txt
P08_bored_0016.jpg,bigdata_bored_engaged_nabielrafi_73_1773300508439_015_jpg.rf.22d6da275ba31a0caa51c32429dafe96.jpg,P08,public,train,2,bored,a771e650ecc77a94c41b92f82b5f49360a7764578c29f11c0ea3758b46949f9e,train,640,480,P08_bored_0016.txt
P08_bored_0017.jpg,bigdata_bored_engaged_nabielrafi_73_1773300508439_016_jpg.rf.047276c334aa729b8c37bca7a6569953.jpg,P08,public,train,2,bored,611b8082f870d444b8392b37af52d6476a1d2dfdc51d624ea4b3944f7fe16c50,test,640,480,P08_bored_0017.txt
P08_bored_0018.jpg,bigdata_bored_engaged_nabielrafi_73_1773300508439_017_jpg.rf.5da23058abc009c8efc4f63d12102006.jpg,P08,public,train,2,bored,09c0f6de180221d27a1cb166d027b7ec84bacabc6c5e5bd2e8e10b3723e22179,train,640,480,P08_bored_0018.txt
P08_bored_0019.jpg,bigdata_bored_engaged_nabielrafi_73_1773300508439_018_jpg.rf.64a7096d137e1d56e8b31cd154d32bd8.jpg,P08,public,train,2,bored,6ce5fe23dbf1d94936020b77f807bb6b035de167df230a108a6a38565d428b50,train,640,480,P08_bored_0019.txt
P08_bored_0020.jpg,bigdata_bored_engaged_nabielrafi_73_1773300508439_019_jpg.rf.d457c10d5971204294e00fbe45104a6d.jpg,P08,public,train,2,bored,def6825d0a714b5df6a84fb51ebbf02a37a51855559dd8864681c4a08b55d40b,train,640,480,P08_bored_0020.txt
P08_bored_0021.jpg,bigdata_bored_engaged_nabielrafi_73_1773300509039_020_jpg.rf.85b9cfce1900ede88ee817cf26f9fce5.jpg,P08,public,train,2,bored,1d8e45331c2aae22ce62cd4f6b085fff0775b1ae6b86d46d782f0ad0a299469a,train,640,480,P08_bored_0021.txt
P08_bored_0022.jpg,bigdata_bored_engaged_nabielrafi_73_1773300509040_021_jpg.rf.74f0a2d1d1cd6397adda8edd72822bff.jpg,P08,public,train,2,bored,b4f6c88332f6b1bcdb7658965493c76a1759dabe9fd6a620da1ebfb338af95e0,train,640,480,P08_bored_0022.txt
P08_bored_0023.jpg,bigdata_bored_engaged_nabielrafi_73_1773300509040_022_jpg.rf.7fead8fd8ceed6431d73af6ae5f663be.jpg,P08,public,train,2,bored,ed824e18e0d0ea5451f0482d2fa71e9307d4d41341aec9688417cf58fb32ed1c,train,640,480,P08_bored_0023.txt
P08_bored_0024.jpg,bigdata_bored_engaged_nabielrafi_73_1773300509040_023_jpg.rf.50f104dd4c849405e2e5c94cb0938930.jpg,P08,public,train,2,bored,55c8537d84f5965b7a6bbe27e45dbc4ae750e3fbdddbc1f160f25462767b785f,train,640,480,P08_bored_0024.txt
P08_confused_0001.jpg,bigdata_confused_engaged_nabielrafi_73_1773300486946_000_jpg.rf.36d05ab5ca0b78b3a190853114182470.jpg,P08,public,train,1,confused,09fbf594f6696e3c9784eb0a992d91274925a90508fda468c4aae47f5d7e5cda,train,640,480,P08_confused_0001.txt
P08_confused_0002.jpg,bigdata_confused_engaged_nabielrafi_73_1773300486946_001_jpg.rf.671e20d352a3db91a71017a34ded7f40.jpg,P08,public,train,1,confused,f132edeafa6e8aeea8980e8ae5d7775fa8a783b58e0a60ee0bf85d34cac9300e,train,640,480,P08_confused_0002.txt
P08_confused_0003.jpg,bigdata_confused_engaged_nabielrafi_73_1773300486946_002_jpg.rf.c56d96f174596914d109c41108e7b7a0.jpg,P08,public,train,1,confused,6b8188a84c3472e055294b9747d0fb36b8a5cfc5d33559105d3afd2c1bbec6ba,val,640,480,P08_confused_0003.txt
P08_confused_0004.jpg,bigdata_confused_engaged_nabielrafi_73_1773300486946_003_jpg.rf.b342a3c197faaa3f90f0b0fd198bab6d.jpg,P08,public,train,1,confused,3f10027f48f9a803702f10b60c78820641ca7f6a7e9b6773a77d566b32193b3f,train,640,480,P08_confused_0004.txt
P08_confused_0005.jpg,bigdata_confused_engaged_nabielrafi_73_1773300486946_004_jpg.rf.033d29ccb01aaede6dd114503ec79188.jpg,P08,public,train,1,confused,e99659f17fe658806d76590e3b1d91f7ff7353ed5997943092629248ad7e77d9,train,640,480,P08_confused_0005.txt
P08_confused_0006.jpg,bigdata_confused_engaged_nabielrafi_73_1773300487959_005_jpg.rf.bde60e6603716fffaaccda12074e7159.jpg,P08,public,train,1,confused,a3510052518c622c56e534e0b044d27cc9105b370b1b3b66ec35a3bf92f83aa3,test,640,480,P08_confused_0006.txt
P08_confused_0007.jpg,bigdata_confused_engaged_nabielrafi_73_1773300487959_006_jpg.rf.5700dab37962ff4736ecb28cae74bb0c.jpg,P08,public,train,1,confused,2eb3d14b046c434cd084d84072c2fe555850175de62562a580e875a17b501462,train,640,480,P08_confused_0007.txt
P08_confused_0008.jpg,bigdata_confused_engaged_nabielrafi_73_1773300487959_007_jpg.rf.6a537a418dedcec8495eeaa62329e4f2.jpg,P08,public,train,1,confused,fa3e455faa736e86a956e4e0d4337805ac6ad95ebbd9162e5fe237f8f23a7a90,train,640,480,P08_confused_0008.txt
P08_confused_0009.jpg,bigdata_confused_engaged_nabielrafi_73_1773300487959_008_jpg.rf.e6c06fbc944a5828ea21ecbc4eddf132.jpg,P08,public,train,1,confused,eab08d9a773a610e920c6cd3b2e79e763bf61c5871434bbba29368ac63a40d7e,train,640,480,P08_confused_0009.txt
P08_confused_0010.jpg,bigdata_confused_engaged_nabielrafi_73_1773300487959_009_jpg.rf.0dc1cb7b68528ba0b32452cdc19f163b.jpg,P08,public,train,1,confused,c5debaea875bf8eaadb4e743436b4a2a7272a686c9b286187354bb5fa61603c4,train,640,480,P08_confused_0010.txt
P08_confused_0011.jpg,bigdata_confused_engaged_nabielrafi_73_1773300489014_010_jpg.rf.db9fe8cd8373111456e942999279f4b9.jpg,P08,public,train,1,confused,75348d7ac9290f9fe782b7140a55fbbe6117bc4e2159c30b69ffea0cfe77901c,train,640,480,P08_confused_0011.txt
P08_confused_0012.jpg,bigdata_confused_engaged_nabielrafi_73_1773300489014_011_jpg.rf.3d6a703c25d690bb71449d9838b49baf.jpg,P08,public,train,1,confused,e5ca29586fdc85b503ad8392483b8360bd287cd7b62700e6d16c77175481ad9f,train,640,480,P08_confused_0012.txt
P08_confused_0013.jpg,bigdata_confused_engaged_nabielrafi_73_1773300489014_012_jpg.rf.834a2dd0627314dfbdcc9f3dff936b11.jpg,P08,public,train,1,confused,5d9adcf26d0a08393b9a3e8709c281482f19211b1f844f6bb02dd4e33046dd6d,val,640,480,P08_confused_0013.txt
P08_confused_0014.jpg,bigdata_confused_engaged_nabielrafi_73_1773300489014_013_jpg.rf.0ab94faf9074c50582b88d96623464e3.jpg,P08,public,train,1,confused,c35cfdf354ea36936284397710d46f9019a1c336d0538ccaa4f522015c057072,train,640,480,P08_confused_0014.txt
P08_confused_0015.jpg,bigdata_confused_engaged_nabielrafi_73_1773300489014_014_jpg.rf.4b62f203379cf22e40b697db8175e137.jpg,P08,public,train,1,confused,a49b5c519845a9e8dda18c0083147424285e5b7e76e20671b710f371377078c2,train,640,480,P08_confused_0015.txt
P08_confused_0016.jpg,bigdata_confused_engaged_nabielrafi_73_1773300489697_015_jpg.rf.e9484ae2677c16b22da95e24c66b319a.jpg,P08,public,train,1,confused,5f39efe64fe7beccef2176505938a8646cc156d7a538f0e3ac1ea1b1b5cd1a4c,train,640,480,P08_confused_0016.txt
P08_confused_0017.jpg,bigdata_confused_engaged_nabielrafi_73_1773300489697_016_jpg.rf.784c0900113700d4d4f5830ccbff5020.jpg,P08,public,train,1,confused,14d3161a7c4b2e42740b668cbb770a94c710078053dca30a62bd43b98718693e,train,640,480,P08_confused_0017.txt
P08_confused_0018.jpg,bigdata_confused_engaged_nabielrafi_73_1773300489697_017_jpg.rf.f1c655e04eeb7eaa326b1f756f413b37.jpg,P08,public,train,1,confused,8a9f160d4779ba8f3ae94973b02516bc76659235f0fcf48966df275e921e5b4e,train,640,480,P08_confused_0018.txt
P08_confused_0019.jpg,bigdata_confused_engaged_nabielrafi_73_1773300489697_018_jpg.rf.8a15286a69f21994e51d4ac8067c1ac2.jpg,P08,public,train,1,confused,bbd0493801693897322e47342c853e1908d6c8fc2dd285d10ea5ce28265fb34f,train,640,480,P08_confused_0019.txt
P08_confused_0020.jpg,bigdata_confused_engaged_nabielrafi_73_1773300489697_019_jpg.rf.9d01eea07ca6a50b56b643d4d84298a0.jpg,P08,public,train,1,confused,e721ff9a116a583df72f39092135a740d1485ab61d507b5c07b6111f330a3585,val,640,480,P08_confused_0020.txt
P08_confused_0021.jpg,bigdata_confused_engaged_nabielrafi_73_1773300490373_020_jpg.rf.824395371a555b29ff2c08acaae078d9.jpg,P08,public,train,1,confused,c1f1351a15e9676930b364f113bd7ee7807e216c0c3df75b1a007b3edd57bfa1,test,640,480,P08_confused_0021.txt
P08_confused_0022.jpg,bigdata_confused_engaged_nabielrafi_73_1773300490373_021_jpg.rf.6831bf62081e326e01100542a5449293.jpg,P08,public,train,1,confused,def541bb44faf111c4c30668d6b788b2d33f655ec51538e81b5bb7271633f120,train,640,480,P08_confused_0022.txt
P08_confused_0023.jpg,bigdata_confused_engaged_nabielrafi_73_1773300490373_022_jpg.rf.ce3ebe4db3a46ae1aebd3ea20b5940aa.jpg,P08,public,train,1,confused,2fa53c74193540b0f7eded94f5584c3acfaccb134a78981f25c7da225d7d5607,train,640,480,P08_confused_0023.txt
P08_confused_0024.jpg,bigdata_confused_engaged_nabielrafi_73_1773300490373_023_jpg.rf.d6b185a7a4a1d21bed1a6e850379bdb5.jpg,P08,public,train,1,confused,62da2d25d2dce91924d7245baeed5d40141f54419611f1b5b2556e54c1490cfa,train,640,480,P08_confused_0024.txt
P08_engaged_0001.jpg,bigdata_engaged_nabielrafi_73_1773300457316_000_jpg.rf.95c2919d09925c59298883f637aafbc6.jpg,P08,public,train,0,engaged,65b8f0ca6fc7a9fcc82098e49f78a513b7d9c05e1c7c0cbf39c02940f76efd42,val,640,480,P08_engaged_0001.txt
P08_engaged_0002.jpg,bigdata_engaged_nabielrafi_73_1773300457316_001_jpg.rf.a7ef5db987d7ce78c472ee7405ab00de.jpg,P08,public,train,0,engaged,df3cef80c14bf1dea68886d8e83ab8ef2f8bc6599989fc23c8a314ad457514c4,train,640,480,P08_engaged_0002.txt
P08_engaged_0003.jpg,bigdata_engaged_nabielrafi_73_1773300457317_002_jpg.rf.0da49b868198da8af592172dac8b6283.jpg,P08,public,train,0,engaged,0e80f34acd4c0711823119ae4ae340c85bc4c4da29450be02549fdff59e04b48,train,640,480,P08_engaged_0003.txt
P08_engaged_0004.jpg,bigdata_engaged_nabielrafi_73_1773300457317_003_jpg.rf.5e7b485fad27cce24c769bba78149b1c.jpg,P08,public,train,0,engaged,4b08fa86430e4b1e82b787680fb2fa095b6943046a4c8724716a592669913261,train,640,480,P08_engaged_0004.txt
P08_engaged_0005.jpg,bigdata_engaged_nabielrafi_73_1773300457317_004_jpg.rf.82f759d85f6899be3733810a722f1806.jpg,P08,public,train,0,engaged,42e6090f5bdd1cd78a385f8899dc90ae6550633a377e13ad441e02cf73097684,train,640,480,P08_engaged_0005.txt
P08_engaged_0006.jpg,bigdata_engaged_nabielrafi_73_1773300461552_005_jpg.rf.cf6ca49b36dbbf7cb3df19f9a2c13dd9.jpg,P08,public,train,0,engaged,c3c7ba85283def42e8e81b2aea0aa7f51b869b5dc72bf615b0779e3bd63f0716,train,640,480,P08_engaged_0006.txt
P08_engaged_0007.jpg,bigdata_engaged_nabielrafi_73_1773300461552_006_jpg.rf.7df31369f3dc91cf334772e5717e217f.jpg,P08,public,train,0,engaged,c7647e298c900a2d0be0ecb9fbd50eb523247f9f73a2db9864d8732ee1d9611b,train,640,480,P08_engaged_0007.txt
P08_engaged_0008.jpg,bigdata_engaged_nabielrafi_73_1773300461552_007_jpg.rf.eab84fba2f4f8f170ffb846955c8c079.jpg,P08,public,train,0,engaged,5ca51a787f714454464e3c576afc6c2327278a1adad594b34536ba6a173261a8,val,640,480,P08_engaged_0008.txt
P08_engaged_0009.jpg,bigdata_engaged_nabielrafi_73_1773300461552_008_jpg.rf.d6f308479ff8acc786d9447c305ef3ee.jpg,P08,public,train,0,engaged,cfea959b815e66471ce6662a3e586be600033a18d2b8be0fa9229041e85fb7bd,train,640,480,P08_engaged_0009.txt
P08_engaged_0010.jpg,bigdata_engaged_nabielrafi_73_1773300461552_009_jpg.rf.12f21ae42ea50f2603d64cedd4ca2e8e.jpg,P08,public,train,0,engaged,3d9bab0b43baf51862a259aa8518f55c28d7287dd9c64a267b30b0d8ae566712,train,640,480,P08_engaged_0010.txt
P08_engaged_0011.jpg,bigdata_engaged_nabielrafi_73_1773300462761_010_jpg.rf.f970fa12cba8cdd38ddf75059a9ea82d.jpg,P08,public,train,0,engaged,280226fa17523a8e4480a0934b2aa14bca2ee36336b500a92e3e2eb9ddb939a3,train,640,480,P08_engaged_0011.txt
P08_engaged_0012.jpg,bigdata_engaged_nabielrafi_73_1773300462761_011_jpg.rf.4e35d7bd1f42d77e8cc8a63f819ca050.jpg,P08,public,train,0,engaged,db8a3307c48f2de2de555c11e63a7d114a1faa82526f1b5be8cf3f01daf71396,train,640,480,P08_engaged_0012.txt
P08_engaged_0013.jpg,bigdata_engaged_nabielrafi_73_1773300462761_012_jpg.rf.a1237e2f904bda07ded9bf1bcb927f34.jpg,P08,public,train,0,engaged,f5cea9251deb3975c254da2fedbb1fc2318ef81408cbc277ab21fbd2da6c9f58,test,640,480,P08_engaged_0013.txt
P08_engaged_0014.jpg,bigdata_engaged_nabielrafi_73_1773300462761_013_jpg.rf.6e5214b77cc75a1067ed68e1d9c1b1ad.jpg,P08,public,train,0,engaged,61eaba9ace580865f0c3cc1cf5d450ab27b451c1a07fdea8527834b440b8ac90,train,640,480,P08_engaged_0014.txt
P08_engaged_0015.jpg,bigdata_engaged_nabielrafi_73_1773300462761_014_jpg.rf.58b8d7c79c907058f14fd5702ba488ef.jpg,P08,public,train,0,engaged,89886b501c88d57089e8db04282b4015dd00bcd20dcd6d990cacfffbb0054a7d,train,640,480,P08_engaged_0015.txt
P08_engaged_0016.jpg,bigdata_engaged_nabielrafi_73_1773300464562_015_jpg.rf.7856b201dbec76fd3e08aac86aa2ed32.jpg,P08,public,train,0,engaged,1f3ed9393d77be5421735cc788e1b54e93497d35d99b37c75451aab735a617b0,train,640,480,P08_engaged_0016.txt
P08_engaged_0017.jpg,bigdata_engaged_nabielrafi_73_1773300464562_016_jpg.rf.eb6c9c721e721ae73f2467ddb66904d9.jpg,P08,public,train,0,engaged,636bf2b28ef239614e556d07b185d9e9e7d1c5420aaa763a4358af4f708853ad,train,640,480,P08_engaged_0017.txt
P08_engaged_0018.jpg,bigdata_engaged_nabielrafi_73_1773300464562_017_jpg.rf.67f5bbfa3b44ab3ccd228dfb898325b8.jpg,P08,public,train,0,engaged,28f61679ed8e681c4a33ab4deac5aaa77a568067baa77ef127cbded5b6e22be4,train,640,480,P08_engaged_0018.txt
P08_engaged_0019.jpg,bigdata_engaged_nabielrafi_73_1773300464562_018_jpg.rf.cc8519493e022e83c6efc3a567088cce.jpg,P08,public,train,0,engaged,fbc9e613923cc347775ee43db927b521f9ba910154b6f0a637ea62facc97d5ba,val,640,480,P08_engaged_0019.txt
P08_engaged_0020.jpg,bigdata_engaged_nabielrafi_73_1773300464562_019_jpg.rf.bb5cd3541da01a4c47ff858db1e9f7e6.jpg,P08,public,train,0,engaged,e7aca808b779e9403b51ad78a52c2f6a5b17132e92d376926d78a11e74f66457,train,640,480,P08_engaged_0020.txt
P08_engaged_0021.jpg,bigdata_engaged_nabielrafi_73_1773300465783_020_jpg.rf.76b44039893005814e194809a82a0f47.jpg,P08,public,train,0,engaged,afee20d09014a5bd9653f55671c558fa23270b14bc10450b83bc2b041c6ae4d4,train,640,480,P08_engaged_0021.txt
P08_engaged_0022.jpg,bigdata_engaged_nabielrafi_73_1773300465783_021_jpg.rf.a145626cdc3367d204b831b7f946c595.jpg,P08,public,train,0,engaged,dfd201cd2558f4bfc64a555aa134a0304a45ea2d99bbf4b17230828423e0cc60,train,640,480,P08_engaged_0022.txt
P08_engaged_0023.jpg,bigdata_engaged_nabielrafi_73_1773300465783_022_jpg.rf.b52c9e4e694d1599604f849486b24489.jpg,P08,public,train,0,engaged,c12ce32e230255ce438eed4a25932a374deafed0e18f98a48d6d09fc9cf2d0b1,train,640,480,P08_engaged_0023.txt
P08_engaged_0024.jpg,bigdata_engaged_nabielrafi_73_1773300465783_023_jpg.rf.389279d79c6779feb0d757d86c199ac3.jpg,P08,public,train,0,engaged,ce94e39523b6a945cb1097500d0f813bc1fd998ad8d72503a3202ec48ab2c7bb,train,640,480,P08_engaged_0024.txt
P08_frustrated_0001.jpg,bigdata_frustrated_engaged_nabielrafi_73_1773300532223_000_jpg.rf.a49399fd2fd9397720be00e8f98fb8ed.jpg,P08,public,train,3,frustrated,a85822102331df0214b351eb8a1899180917b284c0999125d2bd0d4c0f5ae643,train,640,480,P08_frustrated_0001.txt
P08_frustrated_0002.jpg,bigdata_frustrated_engaged_nabielrafi_73_1773300532223_001_jpg.rf.4e814b196a88dd774be22c553667348a.jpg,P08,public,train,3,frustrated,df5a5ddc98b74aaca802005f6bbb950dee34e389f05395c5034304707a7fe42e,train,640,480,P08_frustrated_0002.txt
P08_frustrated_0003.jpg,bigdata_frustrated_engaged_nabielrafi_73_1773300532223_002_jpg.rf.fb9c03187d679f86d5955d842383db71.jpg,P08,public,train,3,frustrated,bbbf189d7c26eebb77d78164bd4eeb99b2ef872f0b33338d4ae09629173819c4,train,640,480,P08_frustrated_0003.txt
P08_frustrated_0004.jpg,bigdata_frustrated_engaged_nabielrafi_73_1773300532223_003_jpg.rf.7c8ad2c272ee60d92e22a6e6b73cfb31.jpg,P08,public,train,3,frustrated,27cafcf82789c1c6aa3e41f444e192b05d0b03f89e57a011c48ddcb05acc62f0,train,640,480,P08_frustrated_0004.txt
P08_frustrated_0005.jpg,bigdata_frustrated_engaged_nabielrafi_73_1773300532223_004_jpg.rf.4f66e7bd7e9a8fa2338052d7fefe3301.jpg,P08,public,train,3,frustrated,d98d92f3df2ff76c1bfae7d83c5cc8dc18bb26da440cfe0c8ed3f4f8da37c02d,train,640,480,P08_frustrated_0005.txt
P08_frustrated_0006.jpg,bigdata_frustrated_engaged_nabielrafi_73_1773300532855_005_jpg.rf.0a45e809ab70e25614250cdd514028c5.jpg,P08,public,train,3,frustrated,92db065c1180e69cc23829c0bc5c8dcd3299c9d4140cbbb3df48d09b80cd8fa6,val,640,480,P08_frustrated_0006.txt
P08_frustrated_0007.jpg,bigdata_frustrated_engaged_nabielrafi_73_1773300532856_006_jpg.rf.167b987b0dbf7ebcb5809d54d2f2600f.jpg,P08,public,train,3,frustrated,b8dfb0bfc6514a1f0d35b14b849ea3d9197ef4c6411cfd7155fd60331cb19726,train,640,480,P08_frustrated_0007.txt
P08_frustrated_0008.jpg,bigdata_frustrated_engaged_nabielrafi_73_1773300532856_007_jpg.rf.9240d8fdb8320d89b3f10da921454b1c.jpg,P08,public,train,3,frustrated,d2d4d1a41380f126bc8a04a906728e242a44d44bf397d0c2074b8ea67a62ad4c,test,640,480,P08_frustrated_0008.txt
P08_frustrated_0009.jpg,bigdata_frustrated_engaged_nabielrafi_73_1773300532856_008_jpg.rf.2d2e966bb74bcfe180bd40975e1f275c.jpg,P08,public,train,3,frustrated,9a146fa87923fcbee6de3bb0e01bfc07d27c2b38c29520dc095ccca960976c17,train,640,480,P08_frustrated_0009.txt
P08_frustrated_0010.jpg,bigdata_frustrated_engaged_nabielrafi_73_1773300532856_009_jpg.rf.113d78767a92a7303cb2ca5cb3dcd5c9.jpg,P08,public,train,3,frustrated,ed95bf8aec393fa91800a1bf114a69e27c978de4589b376c9ca5ffe2b28f9bcc,train,640,480,P08_frustrated_0010.txt
P08_frustrated_0011.jpg,bigdata_frustrated_engaged_nabielrafi_73_1773300533687_010_jpg.rf.9d53b6b7fe8f7c3bcb38c96482fa81ae.jpg,P08,public,train,3,frustrated,975c4003b7b3097d0d9ff3c385c16bc0567c3998253c602123bcc528f00cbfd0,train,640,480,P08_frustrated_0011.txt
P08_frustrated_0012.jpg,bigdata_frustrated_engaged_nabielrafi_73_1773300533687_011_jpg.rf.c1cd367ab6bd36ed2fa5e82ac3362c8d.jpg,P08,public,train,3,frustrated,a61d7ee14a0d5f274529f3ba5c8716ae58c0ee20499dcb4ca3e251457a62d630,val,640,480,P08_frustrated_0012.txt
P08_frustrated_0013.jpg,bigdata_frustrated_engaged_nabielrafi_73_1773300533687_012_jpg.rf.f3508b10a82ecca8c1ec7da42f8d7732.jpg,P08,public,train,3,frustrated,21ba80bb767dffb9d07421fb2c9b15dbcd2b2e4cfda71a9ed9560c840ca71fc3,val,640,480,P08_frustrated_0013.txt
P08_frustrated_0014.jpg,bigdata_frustrated_engaged_nabielrafi_73_1773300533687_013_jpg.rf.2e9858cb2900afe4736e0f897b2f162d.jpg,P08,public,train,3,frustrated,9983ef66123a67cb3c6b88a87cfcd9ef3abd3045153f83c42062d88c42e8cf0d,train,640,480,P08_frustrated_0014.txt
P08_frustrated_0015.jpg,bigdata_frustrated_engaged_nabielrafi_73_1773300533687_014_jpg.rf.8894e8594d59589fa700946905f86d04.jpg,P08,public,train,3,frustrated,5ceb2acece717657a0ebe9c99c3bacc0f0014716feb7120066bff35ba51b3e4a,val,640,480,P08_frustrated_0015.txt
P08_frustrated_0016.jpg,bigdata_frustrated_engaged_nabielrafi_73_1773300534287_015_jpg.rf.3af756d8aa36ee109ef52d036d8f5dff.jpg,P08,public,train,3,frustrated,db176f52bcb4de86608031a13d82fddfb99a994e181f7ffa5a5921b2789475b9,train,640,480,P08_frustrated_0016.txt
P08_frustrated_0017.jpg,bigdata_frustrated_engaged_nabielrafi_73_1773300534287_016_jpg.rf.387cb247dcc07ffd01c2dde0e25d95b2.jpg,P08,public,train,3,frustrated,1b3db0fbf964eef1bbc322f7b160c5b5e83dd191541dff25c873ff4b91801c9b,train,640,480,P08_frustrated_0017.txt
P08_frustrated_0018.jpg,bigdata_frustrated_engaged_nabielrafi_73_1773300534287_017_jpg.rf.0524f7a3bd9151b913e8c9ed3b7fdbf6.jpg,P08,public,train,3,frustrated,20880219fa038822ad70472ccfbc07b393f67dd05262cda88ad8564856ec11b8,train,640,480,P08_frustrated_0018.txt
P08_frustrated_0019.jpg,bigdata_frustrated_engaged_nabielrafi_73_1773300534287_018_jpg.rf.635844430ae4a1c6f4d7a831d3748cbe.jpg,P08,public,train,3,frustrated,47918b99c2ecd5a5bf7b05355d680855b2e247c3ba97e34859e7f3ea2f2c357f,train,640,480,P08_frustrated_0019.txt
P08_frustrated_0020.jpg,bigdata_frustrated_engaged_nabielrafi_73_1773300534287_019_jpg.rf.fa2be37110725bc83bf60de34b32ca72.jpg,P08,public,train,3,frustrated,206df707b9ac9d57c6e11b5e5483e66dea8386d47ed1359cd6509a6a37d8c490,train,640,480,P08_frustrated_0020.txt
P08_frustrated_0021.jpg,bigdata_frustrated_engaged_nabielrafi_73_1773300534889_020_jpg.rf.bb7116ffbf03faaff5b5218d480eb0f4.jpg,P08,public,train,3,frustrated,cdc01d2ea981e79b2fcfa847bf8560df96f32dedbdc1cae8fe483e7243fd36da,train,640,480,P08_frustrated_0021.txt
P08_frustrated_0022.jpg,bigdata_frustrated_engaged_nabielrafi_73_1773300534889_021_jpg.rf.c6657deaf27838d1a4a3e1b6bc583d1c.jpg,P08,public,train,3,frustrated,cddbf4df92c8bef8bc81cb1440bfc6ee443ed5f9c8b58973e038f4895bfe6a44,train,640,480,P08_frustrated_0022.txt
P08_frustrated_0023.jpg,bigdata_frustrated_engaged_nabielrafi_73_1773300534889_022_jpg.rf.70a365b68694d8dd7fc18d375dad5c29.jpg,P08,public,train,3,frustrated,a0571acac5bd4c6b5430b226ac582d58c627d520901a1fd7fea47b4f28c8754a,train,640,480,P08_frustrated_0023.txt
P08_frustrated_0024.jpg,bigdata_frustrated_engaged_nabielrafi_73_1773300534889_023_jpg.rf.0d560e87e322b6cd5b46b669b61b8966.jpg,P08,public,train,3,frustrated,5d71525f0b315a26a960ad811a1656ba69f5e32e3829ca67fbcbe7593510c9e6,train,640,480,P08_frustrated_0024.txt
P09_bored_0001.jpg,bigdata_bored_engaged_nian_74_1774481802149_000_jpg.rf.68f5944f2e51812d0be7ce128c2c3303.jpg,P09,public,train,2,bored,b8f290a53fd326f5580ec9dbb25a505ab0d26b124c92cdfd06b630a812ed1829,train,640,480,P09_bored_0001.txt
P09_bored_0002.jpg,bigdata_bored_engaged_nian_74_1774481802149_001_jpg.rf.b97636ebca0cdb1f521c997ae47a0a4e.jpg,P09,public,train,2,bored,32829da2ebf1beb6e09bbffb315104c2194d4e508f3f9207f61991e60d26840a,train,640,480,P09_bored_0002.txt
P09_bored_0003.jpg,bigdata_bored_engaged_nian_74_1774481802149_002_jpg.rf.d3089180d7b1eb00f9f03f642eb82954.jpg,P09,public,train,2,bored,ce7ac91218424996ef4c825695635b4eccc71d6bae46b9da4a2dbec6083fb1c9,train,640,480,P09_bored_0003.txt
P09_bored_0004.jpg,bigdata_bored_engaged_nian_74_1774481802149_003_jpg.rf.532d39af1dc829a2318c1ccfe47f6325.jpg,P09,public,train,2,bored,9549315a5972fa84dc0fdd50be9682b609900faa2b3dcb28a8cf38a0edd4ce72,val,640,480,P09_bored_0004.txt
P09_bored_0005.jpg,bigdata_bored_engaged_nian_74_1774481802149_004_jpg.rf.dfc843c391f9435b524ce7daf55c5db1.jpg,P09,public,train,2,bored,4fb92293d5d45d137eaf72c3ef9faf5c70cf6d5ecb5cb61e278ea4b1c90b106b,val,640,480,P09_bored_0005.txt
P09_bored_0006.jpg,bigdata_bored_engaged_nian_74_1774481802826_005_jpg.rf.6cc523db2b485c21021e0a892ff994b4.jpg,P09,public,train,2,bored,32febc020cff8490778d408b24968f65150b8d922c8a2636b1871c48086d21f6,train,640,480,P09_bored_0006.txt
P09_bored_0007.jpg,bigdata_bored_engaged_nian_74_1774481802826_006_jpg.rf.432d3cacff5fcb59ff5617619b4a0fad.jpg,P09,public,train,2,bored,00300d99e0736e018c549fc3682b7f59cb8e4514dd77642fedd97bcfc50c601e,train,640,480,P09_bored_0007.txt
P09_bored_0008.jpg,bigdata_bored_engaged_nian_74_1774481802826_007_jpg.rf.30406ee5a4ed26ca62f45f38437b3a5c.jpg,P09,public,train,2,bored,aff44f233c4696b1203b28c0a906ccb31a95ad8294885da0307f791de03d345a,train,640,480,P09_bored_0008.txt
P09_bored_0009.jpg,bigdata_bored_engaged_nian_74_1774481802826_008_jpg.rf.1658d417f1016f47fb2e2646c8e2c938.jpg,P09,public,train,2,bored,937b8236c44febd83b346c2c33bd88791d4906069494d3bf6006ad70d2cbc972,test,640,480,P09_bored_0009.txt
P09_bored_0010.jpg,bigdata_bored_engaged_nian_74_1774481802826_009_jpg.rf.911f22ad1bf9ecde73ef0c927c3f029c.jpg,P09,public,train,2,bored,dac83f89ef5159f928f24088b8360b06530a14cc1af6ee5fccb22ab8bedc4fb5,train,640,480,P09_bored_0010.txt
P09_bored_0011.jpg,bigdata_bored_engaged_nian_74_1774481803462_010_jpg.rf.44c911a13a6195af4f81260278eb3f4f.jpg,P09,public,train,2,bored,a66cd97da807bd5babc058885bd60a9a43a8b8532ae24562a14fdb1e0e3c0188,test,640,480,P09_bored_0011.txt
P09_bored_0012.jpg,bigdata_bored_engaged_nian_74_1774481803462_011_jpg.rf.5d2c3c70a13a8024b761362f032bc365.jpg,P09,public,train,2,bored,69c57adea0229845cd5f7c5c1fe367fbbacf1d7c9b1ab3ad3f86edee2bc681a1,train,640,480,P09_bored_0012.txt
P09_bored_0013.jpg,bigdata_bored_engaged_nian_74_1774481803462_012_jpg.rf.ed18361331e2ae70e8bbe5d8dcc9df27.jpg,P09,public,train,2,bored,60584ef32792a7be82e2c3002d7174c2e7ac33f2feced11b1a827fe60e6e751c,train,640,480,P09_bored_0013.txt
P09_bored_0014.jpg,bigdata_bored_engaged_nian_74_1774481803462_013_jpg.rf.bac4196edb0a5526e044d95140452425.jpg,P09,public,train,2,bored,eeda915691230f34762f91b0a3a1c12e6d80b3f97b18bca3d97ccfa9a785c708,train,640,480,P09_bored_0014.txt
P09_bored_0015.jpg,bigdata_bored_engaged_nian_74_1774481803462_014_jpg.rf.48fd67b3fbcb6f2e0bff9f06bbd28224.jpg,P09,public,train,2,bored,f7cfaaede55c418609c862b0d5bac44c808d95f1bca139c2937d6c9e4de0fa8c,train,640,480,P09_bored_0015.txt
P09_bored_0016.jpg,bigdata_bored_engaged_nian_74_1774481804049_015_jpg.rf.f88cc9d1c13536955d7a5d63bd554ed1.jpg,P09,public,train,2,bored,7c04b2228bfccef995dc6f68952a89611ec49a781b7207bb0a95777cb7949bbd,train,640,480,P09_bored_0016.txt
P09_bored_0017.jpg,bigdata_bored_engaged_nian_74_1774481804049_016_jpg.rf.ab8be19fc9ac921777853cd83ee051fb.jpg,P09,public,train,2,bored,d2f043ba89c2662c83e5f0f670518e8f1552910f3990879b2241b07273c91cd9,train,640,480,P09_bored_0017.txt
P09_bored_0018.jpg,bigdata_bored_engaged_nian_74_1774481804049_017_jpg.rf.451a5dbcc9dd8996353d4d1157934b3a.jpg,P09,public,train,2,bored,1da539df4cee966fe86934e4e2d5bc9221e7f6e3e37b9c03b2869b25e79c1f56,val,640,480,P09_bored_0018.txt
P09_bored_0019.jpg,bigdata_bored_engaged_nian_74_1774481804049_018_jpg.rf.268f52e2676afc3c7662bc213c0fe01a.jpg,P09,public,train,2,bored,71ddb95049d3434262fed03ab84b18f5512cd85820385cc43ac209901c9ab423,train,640,480,P09_bored_0019.txt
P09_bored_0020.jpg,bigdata_bored_engaged_nian_74_1774481804049_019_jpg.rf.1047dfc4b4c6b38e3b7f03153cd82891.jpg,P09,public,train,2,bored,84a44643f89a7c1448a9732bd97e286fac2b10389f9a334f9f9f199b86f7a522,val,640,480,P09_bored_0020.txt
P09_bored_0021.jpg,bigdata_bored_engaged_nian_74_1774481804534_020_jpg.rf.16d4edd81e2335073ee3e34e28fe34fe.jpg,P09,public,train,2,bored,9857898d529e0d8a91d3bd4716632005ce4cc9d9225d664db00996c5e4a93cf5,train,640,480,P09_bored_0021.txt
P09_bored_0022.jpg,bigdata_bored_engaged_nian_74_1774481804534_021_jpg.rf.e9a69746b6d8de3f238c61e964cafa4f.jpg,P09,public,train,2,bored,ff00ce5e156b36c3ddbaca18df4a104b3485b9d5616155652438b170ac495d80,train,640,480,P09_bored_0022.txt
P09_bored_0023.jpg,bigdata_bored_engaged_nian_74_1774481804534_022_jpg.rf.e84927ff0e19e3f34260ad8a89a4144c.jpg,P09,public,train,2,bored,b6e4d74eed264a67ca1d522588228323749c67b61e93526d96be55df661eea8e,train,640,480,P09_bored_0023.txt
P09_bored_0024.jpg,bigdata_bored_engaged_nian_74_1774481804534_023_jpg.rf.a18a243fba81d3ea9278e9fcd10e900f.jpg,P09,public,train,2,bored,44e47dc8a0cbf3a1d4ba52c3c7434928ddca483ea60c11b6395de39ae882bfbf,train,640,480,P09_bored_0024.txt
P09_confused_0001.jpg,bigdata_confused_engaged_nian_74_1774481787071_000_jpg.rf.6391fbde77dbc1f852049af0d0761de3.jpg,P09,public,train,1,confused,d1d67e9d21037e373a6ce63e7b5d13852ff35346988ec6d4d4f6896cc563f1fc,train,640,480,P09_confused_0001.txt
P09_confused_0002.jpg,bigdata_confused_engaged_nian_74_1774481787071_001_jpg.rf.5031bd0afe2e078bc2ffcaa51355f0a3.jpg,P09,public,train,1,confused,c091d78850826c2b466e9b92be5c9165d89f83ddbbe8174114915176f8ffc166,train,640,480,P09_confused_0002.txt
P09_confused_0003.jpg,bigdata_confused_engaged_nian_74_1774481787071_002_jpg.rf.9d97afad4dc9cc43bfe99746e5f1ce93.jpg,P09,public,train,1,confused,5351e03d6ca6ab27a3b8c95c470d69688e96f50fde88741da0170b68b4eec638,train,640,480,P09_confused_0003.txt
P09_confused_0004.jpg,bigdata_confused_engaged_nian_74_1774481787071_003_jpg.rf.511aa6b127c552063b0f01b101f4d357.jpg,P09,public,train,1,confused,0120356b63590a2e04bdc3597ef93b173e876a47c61b8829a430904bb19680dd,train,640,480,P09_confused_0004.txt
P09_confused_0005.jpg,bigdata_confused_engaged_nian_74_1774481787071_004_jpg.rf.8aa51a80f8470b5c7eeac39b14e93a90.jpg,P09,public,train,1,confused,af083372c8faf6cc661912c8c7e4b140b1f9b93a16aff268c074acf229f87d8a,test,640,480,P09_confused_0005.txt
P09_confused_0006.jpg,bigdata_confused_engaged_nian_74_1774481787589_005_jpg.rf.053d7d102ed53ec59ebf1b14cabdae0d.jpg,P09,public,train,1,confused,722454edcf8d0f270201c464726c6400d35ec02ec2ba6a38be844cc0f02558e5,test,640,480,P09_confused_0006.txt
P09_confused_0007.jpg,bigdata_confused_engaged_nian_74_1774481787589_006_jpg.rf.267b3e3c02d92fa01d1686bb0304ea86.jpg,P09,public,train,1,confused,ba0bb73db006cf9dcc9052c72733163bed40304adbc9a2577c378e04af73ebd6,train,640,480,P09_confused_0007.txt
P09_confused_0008.jpg,bigdata_confused_engaged_nian_74_1774481787589_007_jpg.rf.fd80c5e752dc4c4e43d9346ea8cd8f38.jpg,P09,public,train,1,confused,4d167b57c883f95bfa38c76c2db097cb188f622b5394088dde1be4f6b23438ac,train,640,480,P09_confused_0008.txt
P09_confused_0009.jpg,bigdata_confused_engaged_nian_74_1774481787589_008_jpg.rf.ce2c4c0b702a222a67780449825935a3.jpg,P09,public,train,1,confused,9fe60eb9abeea4031875498afd9f034a7d25cf346b69370ddd652483183fbc3c,val,640,480,P09_confused_0009.txt
P09_confused_0010.jpg,bigdata_confused_engaged_nian_74_1774481787589_009_jpg.rf.a03506e5a0f89ad5b0fa25a652c85790.jpg,P09,public,train,1,confused,33f954a118f764af8578a70cb832a9f11a7741de9d22e3d3b9dbf5dfa65560fb,train,640,480,P09_confused_0010.txt
P09_confused_0011.jpg,bigdata_confused_engaged_nian_74_1774481788145_010_jpg.rf.50b843e614231abcb77027c09fcdb51d.jpg,P09,public,train,1,confused,118e8f95338b8feaea206d773798fb9c926d8bba1dbf656ba25857a7ca712ca5,train,640,480,P09_confused_0011.txt
P09_confused_0012.jpg,bigdata_confused_engaged_nian_74_1774481788145_011_jpg.rf.2ab8b10c1e38083912f40165a66aa40a.jpg,P09,public,train,1,confused,c966a7a9f3839ccfd8735332ac337bd8c71dfcf32149692a426ff709ae1e836c,test,640,480,P09_confused_0012.txt
P09_confused_0013.jpg,bigdata_confused_engaged_nian_74_1774481788145_012_jpg.rf.31c669d29b45886e7d50f20147b5ea4b.jpg,P09,public,train,1,confused,e81dd8c27628cb2757cdf9734e5c53ecddfe16342706e6768fb2721c97d69dbc,train,640,480,P09_confused_0013.txt
P09_confused_0014.jpg,bigdata_confused_engaged_nian_74_1774481788145_013_jpg.rf.112dd2d6bf2ca011a3d41bf92b6bee30.jpg,P09,public,train,1,confused,20b37212e82c0de72401efe320043dccb6e20af959f77aabb370cdc5912f70b8,test,640,480,P09_confused_0014.txt
P09_confused_0015.jpg,bigdata_confused_engaged_nian_74_1774481788145_014_jpg.rf.340b96ee95a41e6cbffa6699c4778b45.jpg,P09,public,train,1,confused,2bcd39c64e8c27dd66d587621f72f622459f6ac8ef86f3c89212f9478e266cb5,train,640,480,P09_confused_0015.txt
P09_confused_0016.jpg,bigdata_confused_engaged_nian_74_1774481788667_015_jpg.rf.968a8f3dfb83f0e10395996ca0336eb8.jpg,P09,public,train,1,confused,51be424cbfa2d1fb1dd41d728f31905446f7c964e1f637fff1f94a5d9d893f3b,train,640,480,P09_confused_0016.txt
P09_confused_0017.jpg,bigdata_confused_engaged_nian_74_1774481788667_016_jpg.rf.0e7c124c586416bf7dcf57bc437516e9.jpg,P09,public,train,1,confused,9aff10a1602a75ae495bfecedef4bb1447ed978e49c39e401e752229fcce1bc8,train,640,480,P09_confused_0017.txt
P09_confused_0018.jpg,bigdata_confused_engaged_nian_74_1774481788667_017_jpg.rf.38d40d7291cf73e84dfbdb4ed5d4594e.jpg,P09,public,train,1,confused,acdf91257ab3d7036898724c809f7aaa2155869961f8e4cdcf2215e4bcbc0373,train,640,480,P09_confused_0018.txt
P09_confused_0019.jpg,bigdata_confused_engaged_nian_74_1774481788667_018_jpg.rf.d4722fd1efbbb3791dad3d0ebe2ad79e.jpg,P09,public,train,1,confused,21caf1243f18e2af06d82f0d327823d60da3fd42f4b58068616371d7dcf4a107,test,640,480,P09_confused_0019.txt
P09_confused_0020.jpg,bigdata_confused_engaged_nian_74_1774481788667_019_jpg.rf.1f2a1b631df6b475b04f4351b013e40f.jpg,P09,public,train,1,confused,2b56b9d97c22aa2965d1ba221f0b9eda06a287423e79622ab27cb1a5414a63c6,train,640,480,P09_confused_0020.txt
P09_confused_0021.jpg,bigdata_confused_engaged_nian_74_1774481789153_020_jpg.rf.17f5af08f264263f559656243c092e96.jpg,P09,public,train,1,confused,be932ccc639eef823743cce41e2b3f4e62b3374b77b6c2c7818e87a8390f29a0,train,640,480,P09_confused_0021.txt
P09_confused_0022.jpg,bigdata_confused_engaged_nian_74_1774481789153_021_jpg.rf.a77ec3bd7f0afa85fd2e37ba47443409.jpg,P09,public,train,1,confused,d8f68c7bc51fe90b8fffd0d3d891238887710fa9d7428c60cdd2568675ebc38a,train,640,480,P09_confused_0022.txt
P09_confused_0023.jpg,bigdata_confused_engaged_nian_74_1774481789153_022_jpg.rf.20170729b24387edba5178649813d8b1.jpg,P09,public,train,1,confused,d0b23186adb14a3da751660724f232f99033d872a9f92e45ec82bece3a02c8db,train,640,480,P09_confused_0023.txt
P09_confused_0024.jpg,bigdata_confused_engaged_nian_74_1774481789153_023_jpg.rf.3cf41a4dd40daf069047be56b87a0784.jpg,P09,public,train,1,confused,7bb8a4fda6a888f10b6f73ce4fbad0c85dd84ed050ed228bb1370e385d519124,train,640,480,P09_confused_0024.txt
P09_engaged_0001.jpg,bigdata_engaged_nian_74_1774481765994_000_jpg.rf.09dc1a50ade49a267e17189f8b28c7c1.jpg,P09,public,train,0,engaged,bb07020ae218188583d378bb8e06c981d95b0de3f2320e07545671891fa416e2,train,640,480,P09_engaged_0001.txt
P09_engaged_0002.jpg,bigdata_engaged_nian_74_1774481765996_001_jpg.rf.45d8826601de5f674280dd1c043188fb.jpg,P09,public,train,0,engaged,bc655a95e4c78c7b0e4bd9ece34229933c0cd52f26778b9f4f77db6c32407540,train,640,480,P09_engaged_0002.txt
P09_engaged_0003.jpg,bigdata_engaged_nian_74_1774481765996_002_jpg.rf.41b5be4fcf5b8c93e80d1bc684711fbf.jpg,P09,public,train,0,engaged,dded5871913284301908bc3426cd9cd3bcc478cc6901ec34cfb4cf940e5f3bfe,train,640,480,P09_engaged_0003.txt
P09_engaged_0004.jpg,bigdata_engaged_nian_74_1774481765996_003_jpg.rf.c0edf83412a4a973bd4cdfb2df2eb7a9.jpg,P09,public,train,0,engaged,c8b90bba88cf64187ac2126927e28d2c6faea6b938e58ef23ff2da3686d7797b,train,640,480,P09_engaged_0004.txt
P09_engaged_0005.jpg,bigdata_engaged_nian_74_1774481765996_004_jpg.rf.9b7f1cfbb4f0d8b14c0c3bf2048cc266.jpg,P09,public,train,0,engaged,873feb4093d84fb9c3c316b4cc9d6dbad3cc997993dcc9d4c2453ee6acc28b2d,train,640,480,P09_engaged_0005.txt
P09_engaged_0006.jpg,bigdata_engaged_nian_74_1774481767290_005_jpg.rf.5af85181f7d2ec59cead72e6ec8efef9.jpg,P09,public,train,0,engaged,eb79979f8d24086afebfb3b5cab95a33ad2cd46bd831386c12c30495e75f5435,train,640,480,P09_engaged_0006.txt
P09_engaged_0007.jpg,bigdata_engaged_nian_74_1774481767290_006_jpg.rf.e6101e0bbad4d3b74fc3e267d2e15950.jpg,P09,public,train,0,engaged,af90f3a1ec1a7f6e2ea7c8f19d7453d8d1e7d83176a768b7b45638791489ef48,train,640,480,P09_engaged_0007.txt
P09_engaged_0008.jpg,bigdata_engaged_nian_74_1774481767290_007_jpg.rf.0c6dd64bceb631441040a841e35120a6.jpg,P09,public,train,0,engaged,00e77764c97ca5c152c83426f7d49f9c389d219ec9f6dfa0a2440329b4cbaaf3,val,640,480,P09_engaged_0008.txt
P09_engaged_0009.jpg,bigdata_engaged_nian_74_1774481767290_008_jpg.rf.eadbaac19760c055dd1cc875995bdcd6.jpg,P09,public,train,0,engaged,8f83460e271085c40ffb7c4b464f0ddb5e34291037651f3a2499f74aee70d925,test,640,480,P09_engaged_0009.txt
P09_engaged_0010.jpg,bigdata_engaged_nian_74_1774481767290_009_jpg.rf.bfc52320285fa04bce57ac4ace4b0b93.jpg,P09,public,train,0,engaged,eedbd6d7132dbf69b4cd95d6fe8eb431913bd4c50b065a4c57ec2c54b5e275e9,test,640,480,P09_engaged_0010.txt
P09_engaged_0011.jpg,bigdata_engaged_nian_74_1774481767856_010_jpg.rf.3d20e89c34c32d08c4d8eea9948d7b47.jpg,P09,public,train,0,engaged,aec15dd4ab2a25d134ecfd544768228929904ce14ce15241507d76c1a34b2cdf,train,640,480,P09_engaged_0011.txt
P09_engaged_0012.jpg,bigdata_engaged_nian_74_1774481767856_011_jpg.rf.8d221668bf9e3384cd7bbb2ea3815877.jpg,P09,public,train,0,engaged,c0d381d7dca72f33016d52fffbb4659db7d338827593fd2edde4d79863670f15,train,640,480,P09_engaged_0012.txt
P09_engaged_0013.jpg,bigdata_engaged_nian_74_1774481767856_012_jpg.rf.662544c48362aa980c7a39b6374c45d6.jpg,P09,public,train,0,engaged,f223429444720aa0632fa7c1ca41072f1ed8861c97ca5cb15d5c188df83a22fd,train,640,480,P09_engaged_0013.txt
P09_engaged_0014.jpg,bigdata_engaged_nian_74_1774481767856_013_jpg.rf.da509311bcc61a0d47e574a8efdff8bc.jpg,P09,public,train,0,engaged,c99c4e2277b2f42a6668c00d482a3ad766cda3143960a483e76f2f578687e340,train,640,480,P09_engaged_0014.txt
P09_engaged_0015.jpg,bigdata_engaged_nian_74_1774481767856_014_jpg.rf.be3ff74ffda20626c71099cc3379e390.jpg,P09,public,train,0,engaged,06a8f076bcf50f9fb6fe7b8ba49a3e65f29ed48b6ce81816f5b3c6edfa3105f6,train,640,480,P09_engaged_0015.txt
P09_engaged_0016.jpg,bigdata_engaged_nian_74_1774481768295_015_jpg.rf.2e31329012497bed1263d22cfb3a4b63.jpg,P09,public,train,0,engaged,eb17130a3789221fc1885d8c79dd667f24341e7cc1b7ff7f039dd0d10e276dfd,test,640,480,P09_engaged_0016.txt
P09_engaged_0017.jpg,bigdata_engaged_nian_74_1774481768295_016_jpg.rf.dbae149c4a7548f42a7f9317746a201b.jpg,P09,public,train,0,engaged,16e055d4d372c7a60c0d452a0ee1ef72d3d6446f713182c1b953a86f548a0241,train,640,480,P09_engaged_0017.txt
P09_engaged_0018.jpg,bigdata_engaged_nian_74_1774481768295_017_jpg.rf.9411a4031783b2e183fb57a6f47c9b26.jpg,P09,public,train,0,engaged,c1b0de66b99e16aa6deda1383ea532cef47214bbe2f3199902adb2309ca8b5d8,val,640,480,P09_engaged_0018.txt
P09_engaged_0019.jpg,bigdata_engaged_nian_74_1774481768295_018_jpg.rf.70931fb34f43c79cd1c3cb2a661c9f1c.jpg,P09,public,train,0,engaged,d24f5826188b650ce9d51a0b0c9262b087d403675aec33cd38145e490043c4ce,train,640,480,P09_engaged_0019.txt
P09_engaged_0020.jpg,bigdata_engaged_nian_74_1774481768295_019_jpg.rf.e314cf48accbffbf66326de627530031.jpg,P09,public,train,0,engaged,aed8b25c54f6d5b4c74476d93f1b285af9aa9f62b5eb51cae743c629a790d2a8,train,640,480,P09_engaged_0020.txt
P09_engaged_0021.jpg,bigdata_engaged_nian_74_1774481768694_020_jpg.rf.45f048387a80ae087680d1ac63705256.jpg,P09,public,train,0,engaged,5ad165481e0a6d7d59727f766614a99da07bc9ae87e902e12827ab754ac2be77,train,640,480,P09_engaged_0021.txt
P09_engaged_0022.jpg,bigdata_engaged_nian_74_1774481768694_021_jpg.rf.906f7604f942cdf0ae5acb907badc585.jpg,P09,public,train,0,engaged,a2771c90eaf9d8de94ee211deeb4cb090308eef43471a4303ee6aa88214b6c70,test,640,480,P09_engaged_0022.txt
P09_engaged_0023.jpg,bigdata_engaged_nian_74_1774481768694_022_jpg.rf.34175d7fe47b54d693890b11aeedfddf.jpg,P09,public,train,0,engaged,ce28d7b71963e44f67e12b0d7e5edceac7db8422c19675a3ecca2d795733c106,train,640,480,P09_engaged_0023.txt
P09_engaged_0024.jpg,bigdata_engaged_nian_74_1774481768694_023_jpg.rf.48f42a65533ff9d484d28fa1e2339c22.jpg,P09,public,train,0,engaged,8d46e0de24b013fd93cd53113218644b0d6850be32f994c15e7af758b535354d,test,640,480,P09_engaged_0024.txt
P09_frustrated_0001.jpg,bigdata_frustrated_engaged_nian_74_1774481817279_000_jpg.rf.ddad193415719a68d481dc3b644558e6.jpg,P09,public,train,3,frustrated,9731265d0b91d985c051fe92bae1c72551f9a1e5ab1ce1d5f61f05cf96b54296,train,640,480,P09_frustrated_0001.txt
P09_frustrated_0002.jpg,bigdata_frustrated_engaged_nian_74_1774481817279_001_jpg.rf.8acbdd2ec829ea21b301092fbee60646.jpg,P09,public,train,3,frustrated,3ba34e33d1faebfc144fcf3c8e1240a67321f45b1d7820265e1f422f87156a7f,train,640,480,P09_frustrated_0002.txt
P09_frustrated_0003.jpg,bigdata_frustrated_engaged_nian_74_1774481817279_002_jpg.rf.b2e0dcdd5029b74a3bd2c928d7f4976f.jpg,P09,public,train,3,frustrated,61cde7e14d36a2e5a315d61d8017ba19e29919503973248567c0f863ea3a2ed8,train,640,480,P09_frustrated_0003.txt
P09_frustrated_0004.jpg,bigdata_frustrated_engaged_nian_74_1774481817279_003_jpg.rf.cf1754bcbe5f72fa00a9495e94e5a543.jpg,P09,public,train,3,frustrated,57422f57ad3e93f4cd605d80b0c27af6119ec1583909a8240c51911900fa7028,train,640,480,P09_frustrated_0004.txt
P09_frustrated_0005.jpg,bigdata_frustrated_engaged_nian_74_1774481817279_004_jpg.rf.80df9eb2af64ae5f457edf2b5636272b.jpg,P09,public,train,3,frustrated,32088429cd2fde4706d36aad452afec84f328a8114315b57d4aa9604fea8bfd4,train,640,480,P09_frustrated_0005.txt
P09_frustrated_0006.jpg,bigdata_frustrated_engaged_nian_74_1774481818291_005_jpg.rf.2285a75fcc0a71b5f6f255c3983390cc.jpg,P09,public,train,3,frustrated,3b53b5309541f01031b1b5569b44fde960898b4c16d8449dc83f065c151e5dd4,train,640,480,P09_frustrated_0006.txt
P09_frustrated_0007.jpg,bigdata_frustrated_engaged_nian_74_1774481818291_006_jpg.rf.882fd5c47b1fac5dfed74965a3f07b69.jpg,P09,public,train,3,frustrated,eea42ee883239546e6b24ae2624aa3902c4cf2a98b2472e726fd2290b6a9a6e9,test,640,480,P09_frustrated_0007.txt
P09_frustrated_0008.jpg,bigdata_frustrated_engaged_nian_74_1774481818291_007_jpg.rf.510402817a00f5136e84dd51c6c50358.jpg,P09,public,train,3,frustrated,c3d4ec1f7102927157accd95d064eb8faeabe977dd697184f617f50b034efc4a,train,640,480,P09_frustrated_0008.txt
P09_frustrated_0009.jpg,bigdata_frustrated_engaged_nian_74_1774481818291_008_jpg.rf.e6b3fbb973b016efa5e5069736fa9674.jpg,P09,public,train,3,frustrated,2032ed86409681adfbfa563b7d0ca6480df3084e7be810790aecba40c882b537,train,640,480,P09_frustrated_0009.txt
P09_frustrated_0010.jpg,bigdata_frustrated_engaged_nian_74_1774481818291_009_jpg.rf.daa819a1f6f8632ba6cf2b8c2e744bf9.jpg,P09,public,train,3,frustrated,1bf8421b63ee25f59436a44a7c001d86e7b15a606f58b94f0154f80f5a01f942,val,640,480,P09_frustrated_0010.txt
P09_frustrated_0011.jpg,bigdata_frustrated_engaged_nian_74_1774481818873_010_jpg.rf.570e79f1df92848741eaa32e4c2b7ab1.jpg,P09,public,train,3,frustrated,3c0624f3e03658bf6081bb0e6881b4a8dcec3996ed39dcb04c3c119015c2bc6e,train,640,480,P09_frustrated_0011.txt
P09_frustrated_0012.jpg,bigdata_frustrated_engaged_nian_74_1774481818873_011_jpg.rf.2876a1d80450fd8c94a9b89dff4d82cc.jpg,P09,public,train,3,frustrated,d5719b4b0ab9bee38114c3ef11d202d621cccdc362b1db954687461c7b1e383f,val,640,480,P09_frustrated_0012.txt
P09_frustrated_0013.jpg,bigdata_frustrated_engaged_nian_74_1774481818873_012_jpg.rf.f1680de49c83c94375537358b792b8e2.jpg,P09,public,train,3,frustrated,8c2c1f3c0458a602cae3c1f95096ec4b60f9795dd3ed7114fa6932d9c6c05574,val,640,480,P09_frustrated_0013.txt
P09_frustrated_0014.jpg,bigdata_frustrated_engaged_nian_74_1774481818873_013_jpg.rf.5343e2675f37435cda128489787939fc.jpg,P09,public,train,3,frustrated,051a5d20df2ab88d4fc073fba49ed32722e1e24f15e421508111536dfdda7173,train,640,480,P09_frustrated_0014.txt
P09_frustrated_0015.jpg,bigdata_frustrated_engaged_nian_74_1774481818873_014_jpg.rf.1a446fce93f2a293ea21f046b0d4e4b8.jpg,P09,public,train,3,frustrated,4c10b17725ad1c1f4f48fbce75204d2f570695bf5472b35a261ccdc805c9d164,train,640,480,P09_frustrated_0015.txt
P09_frustrated_0016.jpg,bigdata_frustrated_engaged_nian_74_1774481819305_015_jpg.rf.7d7d6da4baf03b808e6efcf2a02de43c.jpg,P09,public,train,3,frustrated,e9451e88a5d26a70529938e9f7b7347f260440e5ad1a2956e41e2016ae47ed09,train,640,480,P09_frustrated_0016.txt
P09_frustrated_0017.jpg,bigdata_frustrated_engaged_nian_74_1774481819305_016_jpg.rf.e1ed5c3be1105faf9ecd10f5766c7fdc.jpg,P09,public,train,3,frustrated,7ded16bbd81eff491926f36d39678e5010186b1d0114677aa932b2c83e6705d0,train,640,480,P09_frustrated_0017.txt
P09_frustrated_0018.jpg,bigdata_frustrated_engaged_nian_74_1774481819305_017_jpg.rf.d87b6aa485b1bb2ab8f96ece9cd8a1d7.jpg,P09,public,train,3,frustrated,d77707d6387561e5f90d06b1a8c81357bf75948a4d04829a51bfebbbbae72c64,train,640,480,P09_frustrated_0018.txt
P09_frustrated_0019.jpg,bigdata_frustrated_engaged_nian_74_1774481819305_018_jpg.rf.8f1374d17a9760cb4271616cf528a3a7.jpg,P09,public,train,3,frustrated,22ed14ddf981462ecd5a9fe4efb7cff8c6f58e96657176aa9a54fcadfab78cb8,train,640,480,P09_frustrated_0019.txt
P09_frustrated_0020.jpg,bigdata_frustrated_engaged_nian_74_1774481819305_019_jpg.rf.e4dcd208065335a50f03a2c2148fc680.jpg,P09,public,train,3,frustrated,b7151a946d5e26da5005b8dc977c32580e08b599ade903c997da3a8c3ebbc80c,train,640,480,P09_frustrated_0020.txt
P09_frustrated_0021.jpg,bigdata_frustrated_engaged_nian_74_1774481819730_020_jpg.rf.7c23db828acdd47cfd225a809c1bc2de.jpg,P09,public,train,3,frustrated,6dcc4f11ebf90f4b3c7e71a83fecc2c1a582964ec6a0541baa8fa5fedeee66c2,test,640,480,P09_frustrated_0021.txt
P09_frustrated_0022.jpg,bigdata_frustrated_engaged_nian_74_1774481819731_021_jpg.rf.d6da84e987b7df036ffdf16519e2ff52.jpg,P09,public,train,3,frustrated,7355b94d632419b9bedce4f60074f2c8ec779e4915978052dca5872fa2f6463e,train,640,480,P09_frustrated_0022.txt
P09_frustrated_0023.jpg,bigdata_frustrated_engaged_nian_74_1774481819731_022_jpg.rf.0a24ec3b1121c460b100f0266259ca64.jpg,P09,public,train,3,frustrated,b85b04b5fb5924118a303f4f19c8606d242ad36266061180c6dc8fc007bc2b64,train,640,480,P09_frustrated_0023.txt
P09_frustrated_0024.jpg,bigdata_frustrated_engaged_nian_74_1774481819731_023_jpg.rf.25fd48838e96303149e60c288be427dc.jpg,P09,public,train,3,frustrated,e0465372509c37df84ab74438762fd079d23b19379994c8bbab64cf2a2d619cd,train,640,480,P09_frustrated_0024.txt
P10_bored_0001.jpg,bigdata_bored_engaged_rahyan_94_1773299522006_000_jpg.rf.a8f2cebc876e73ee74e46ae7796a9767.jpg,P10,public,train,2,bored,ea188d510b53eaedbd703c227776f0ad36d396fb0dc1e512e40b9320338a0510,train,640,480,P10_bored_0001.txt
P10_bored_0002.jpg,bigdata_bored_engaged_rahyan_94_1773299522010_001_jpg.rf.eaac92b08d433285ad82a5a869f0420e.jpg,P10,public,train,2,bored,d0b31304c3618a70c53e824a2ab3df93d0bce4523fcb6d9639ed7ff6e3b34880,train,640,480,P10_bored_0002.txt
P10_bored_0003.jpg,bigdata_bored_engaged_rahyan_94_1773299522010_002_jpg.rf.230bf3a3d0c99c1fcb44573c0a5bc1d2.jpg,P10,public,train,2,bored,3e576a0c7d853a60025bdae6dd54de0fdaca5ef193c0fa7623ed482ec3a67ef9,val,640,480,P10_bored_0003.txt
P10_bored_0004.jpg,bigdata_bored_engaged_rahyan_94_1773299522010_003_jpg.rf.c5b6248d8b57d98df9d450bcc1dae839.jpg,P10,public,train,2,bored,a0e5e4ee6ce2ec2bbdc592dec3cfcb1680b2e4b05e61827fe2bf24ff53f90508,train,640,480,P10_bored_0004.txt
P10_bored_0005.jpg,bigdata_bored_engaged_rahyan_94_1773299522010_004_jpg.rf.4940cb18fdd16c6d316bc05ab7ec10e6.jpg,P10,public,train,2,bored,0b15029863b749afee245ac82e0dc5d1c4e3d4e25944d355a6389cce6dac2e39,train,640,480,P10_bored_0005.txt
P10_bored_0006.jpg,bigdata_bored_engaged_rahyan_94_1773299522879_005_jpg.rf.a3c09e72183a37dccf6e5e5ad1cd1476.jpg,P10,public,train,2,bored,29f3ec6bb6a88050db6ba1970dcd79ee11d22a7025adf853fc3bbd2a222ff349,train,640,480,P10_bored_0006.txt
P10_bored_0007.jpg,bigdata_bored_engaged_rahyan_94_1773299522879_006_jpg.rf.d466eda83905b6e12a62e2ba1e70f784.jpg,P10,public,train,2,bored,a390e36e264ac16d413eacdd2d515d04396e76a13f55c0d056b2e448f07757ca,train,640,480,P10_bored_0007.txt
P10_bored_0008.jpg,bigdata_bored_engaged_rahyan_94_1773299522879_007_jpg.rf.131e392e52defad8c8c2cef1a8208989.jpg,P10,public,train,2,bored,5aef0840f91622fe0a892d669ce8a7edc156f673b1d13d130f473ac106a2f509,train,640,480,P10_bored_0008.txt
P10_bored_0009.jpg,bigdata_bored_engaged_rahyan_94_1773299522879_008_jpg.rf.eb74a10e320d710708b1aacc855f3db9.jpg,P10,public,train,2,bored,0fe4045bfe0d28400f3bcd1687a948ae46f62d36ca97a207e33084f31787c6ab,train,640,480,P10_bored_0009.txt
P10_bored_0010.jpg,bigdata_bored_engaged_rahyan_94_1773299522879_009_jpg.rf.f26db247e6925b08150069f33596190f.jpg,P10,public,train,2,bored,350983fdfd812fac4c7bd57bcc98a889d1cdda9cae9743e8d22debe302124604,train,640,480,P10_bored_0010.txt
P10_bored_0011.jpg,bigdata_bored_engaged_rahyan_94_1773299523711_010_jpg.rf.7e032845eeb03b571e39ec372ca57859.jpg,P10,public,train,2,bored,b1d3a89090ae00ec0b64cd9eaa1544c1ce18695cd63256b8697a6afef600ebd9,train,640,480,P10_bored_0011.txt
P10_bored_0012.jpg,bigdata_bored_engaged_rahyan_94_1773299523712_012_jpg.rf.ad90cfabdb082c26f5ba18deb960feda.jpg,P10,public,train,2,bored,380fe551058fad659ee88d453b96962a900acd2d59bb87ad1109c25bac9821a1,train,640,480,P10_bored_0012.txt
P10_bored_0013.jpg,bigdata_bored_engaged_rahyan_94_1773299523712_013_jpg.rf.d1aeffbc2399fc8e3406787107b300eb.jpg,P10,public,train,2,bored,cc98394361e34dd9d51ddfa19ca0b1d6240cb7d65a4b0819065c4f47ad5440c0,train,640,480,P10_bored_0013.txt
P10_bored_0014.jpg,bigdata_bored_engaged_rahyan_94_1773299523712_014_jpg.rf.e71caec9640f078b89ecb2b1f17e6d29.jpg,P10,public,train,2,bored,1f0db8f72856f13eb4285730c18770e6d44acd837aef3b998fbd37b7163177e3,train,640,480,P10_bored_0014.txt
P10_bored_0015.jpg,bigdata_bored_engaged_rahyan_94_1773299524602_015_jpg.rf.cac6f549fb353c0553db412074f3d28c.jpg,P10,public,train,2,bored,caf0c0b3f85de6b2a3e257d6699cfafd7d5a2a3f589f86b62084a100759d3fbb,train,640,480,P10_bored_0015.txt
P10_bored_0016.jpg,bigdata_bored_engaged_rahyan_94_1773299524602_016_jpg.rf.a242594b2804080bfdcb6015a0895cb2.jpg,P10,public,train,2,bored,c51f716a345610e3ab3b123bff4e1ed9bd425045d41d00c141d9eabb900132ef,train,640,480,P10_bored_0016.txt
P10_bored_0017.jpg,bigdata_bored_engaged_rahyan_94_1773299524602_017_jpg.rf.65b50b6e502167a20f9a36fb9c606a42.jpg,P10,public,train,2,bored,9b328669d9235ac50b2c40ec5ab26fe4cde61b3c414b14909e0c7251bb2a6ed1,train,640,480,P10_bored_0017.txt
P10_bored_0018.jpg,bigdata_bored_engaged_rahyan_94_1773299524602_018_jpg.rf.bbe08e9bcae60ac378506a089d4c5707.jpg,P10,public,train,2,bored,08acfade89a7d8008bbeec23ea631187609805b695ae76ea9fda1755ed8b45e3,train,640,480,P10_bored_0018.txt
P10_bored_0019.jpg,bigdata_bored_engaged_rahyan_94_1773299524602_019_jpg.rf.e518d735d29f63fb79e9fb7996ba9d73.jpg,P10,public,train,2,bored,26c406296d272aedc47abc382df82294522067f2b578a83caca2d6702ddc2c9f,train,640,480,P10_bored_0019.txt
P10_bored_0020.jpg,bigdata_bored_engaged_rahyan_94_1773299525177_020_jpg.rf.2e71d54c0906759aeeca24a842d360d7.jpg,P10,public,train,2,bored,789a48496d68a4c1c30a3cd7fc3d274ef4fece3d383e0dd0e4ed68c08c761da5,train,640,480,P10_bored_0020.txt
P10_bored_0021.jpg,bigdata_bored_engaged_rahyan_94_1773299525177_021_jpg.rf.f7a5e5ef0fa983836c25b4d608308b68.jpg,P10,public,train,2,bored,bcc226b869b9b100e92a37c32dc2e1ae8c76c49b0bc7fc503e1dd4c7969d3c7d,train,640,480,P10_bored_0021.txt
P10_bored_0022.jpg,bigdata_bored_engaged_rahyan_94_1773299525177_022_jpg.rf.5b39ea4d63dcbf683e772a0edb1c299e.jpg,P10,public,train,2,bored,3207acaf3b545de2cbdd8d361e56c31192dc603c96dc68e927306c044f4fb800,train,640,480,P10_bored_0022.txt
P10_bored_0023.jpg,bigdata_bored_engaged_rahyan_94_1773299525177_023_jpg.rf.5bb259fffcff0b1b4b2bf12edc65df8d.jpg,P10,public,train,2,bored,f02774121548563b97d76f119b0bf73d64feb6c09911857d44bd300900ec18af,train,640,480,P10_bored_0023.txt
P10_confused_0001.jpg,bigdata_confused_engaged_rahyan_94_1773299503685_000_jpg.rf.660dedd83e716dac28a12af838ec1d59.jpg,P10,public,train,1,confused,9d99cb828daf4f943c870be6be47074b0c4052ba3eacbfbaac874b9a295aeaa3,train,640,480,P10_confused_0001.txt
P10_confused_0002.jpg,bigdata_confused_engaged_rahyan_94_1773299503686_001_jpg.rf.55aa2dbf628d65cc6cfced57dd09dc9f.jpg,P10,public,train,1,confused,aa26e3df0640585482ddc5a138a0f750d215ea7305fa2beb19ee7167934e792f,train,640,480,P10_confused_0002.txt
P10_confused_0003.jpg,bigdata_confused_engaged_rahyan_94_1773299503686_002_jpg.rf.17f952def5796a510c73e6ac3e33d886.jpg,P10,public,train,1,confused,f6b799d26c59ec4bae16d1636a08064c3dc2050dc5d92591fd7aca97786f0de0,train,640,480,P10_confused_0003.txt
P10_confused_0004.jpg,bigdata_confused_engaged_rahyan_94_1773299503686_003_jpg.rf.46f86ad14d2736b6f44d529a83be8a5e.jpg,P10,public,train,1,confused,4fb3466ff4a0b356e314b84cfd2a1ed9ec4fa36d94fb3e644f851bf6c825040a,train,640,480,P10_confused_0004.txt
P10_confused_0005.jpg,bigdata_confused_engaged_rahyan_94_1773299503687_004_jpg.rf.3def36dc3e14c631f814f3f3dc7b30d4.jpg,P10,public,train,1,confused,33f600a1871b78b0e2c5d5cb37345dcfab61bd9fa0b53ad35de1c64415b6793f,train,640,480,P10_confused_0005.txt
P10_confused_0006.jpg,bigdata_confused_engaged_rahyan_94_1773299504378_005_jpg.rf.e568f974a12d63ab920e1ad72c9e5b71.jpg,P10,public,train,1,confused,75fdc36413ff219a4361b7c7340d75a1dec83648680a64a58dad1661b96b7a06,train,640,480,P10_confused_0006.txt
P10_confused_0007.jpg,bigdata_confused_engaged_rahyan_94_1773299504378_006_jpg.rf.b287a3da4cabaf554d90d8c639a24452.jpg,P10,public,train,1,confused,4579f49b20a4c78d253e1cd0f8c8a86ac2ce4737ac387bf5cf9f21544a1a1b35,train,640,480,P10_confused_0007.txt
P10_confused_0008.jpg,bigdata_confused_engaged_rahyan_94_1773299504379_007_jpg.rf.d713f5843d517bce707340409bd66cac.jpg,P10,public,train,1,confused,9f9e1efe3e5223b4cc3d8a13ef05f887839f18fbc8348c6528b1f6462e61043a,train,640,480,P10_confused_0008.txt
P10_confused_0009.jpg,bigdata_confused_engaged_rahyan_94_1773299504379_008_jpg.rf.fcaf4455d62ac29dba242c12cd0273fe.jpg,P10,public,train,1,confused,9d17724d26acacbbe9547cdeae9dd9d4aec5ae9c5368246216a0d936dcb31635,train,640,480,P10_confused_0009.txt
P10_confused_0010.jpg,bigdata_confused_engaged_rahyan_94_1773299505011_010_jpg.rf.8bc31efcbb3ab35575aed5e0edb3d665.jpg,P10,public,train,1,confused,8ca3193268a74ead7736f6e4e3d5b2f50f40208fecb7bb6ee10224052f851e89,train,640,480,P10_confused_0010.txt
P10_confused_0011.jpg,bigdata_confused_engaged_rahyan_94_1773299505013_011_jpg.rf.c1ae6f2075236b2caad37bcd7ff82c29.jpg,P10,public,train,1,confused,b794e2e2de8f8648d5cf5fa68f517d9a3ff862999d8c5d056d2d7143a753c4d8,train,640,480,P10_confused_0011.txt
P10_confused_0012.jpg,bigdata_confused_engaged_rahyan_94_1773299505013_012_jpg.rf.201b5e2cffad247a63d5f09ae05459bf.jpg,P10,public,train,1,confused,42f44796c416da6d832ac2096360214c4bc507b90ef22f50b5e066889d5e5cbb,train,640,480,P10_confused_0012.txt
P10_confused_0013.jpg,bigdata_confused_engaged_rahyan_94_1773299505013_013_jpg.rf.a5d1811d5642af51b58f50c9c7e79c18.jpg,P10,public,train,1,confused,a0c4f3bf07f48d2d5d8cf9698c18293136815330304655c790ab49e125c8bcd2,train,640,480,P10_confused_0013.txt
P10_confused_0014.jpg,bigdata_confused_engaged_rahyan_94_1773299505013_014_jpg.rf.16a541f8c5228d25db6aeb5a1d33f782.jpg,P10,public,train,1,confused,173a4df150da11aa4973eff44d0bb4ac69bb4dd4ca7e907c57ddee74de6df8e1,val,640,480,P10_confused_0014.txt
P10_confused_0015.jpg,bigdata_confused_engaged_rahyan_94_1773299505703_015_jpg.rf.2699f5190b38f1ac514344765683b93b.jpg,P10,public,train,1,confused,5ac4f0983e5f4591751d50403f83a51ce6249912d912753eb81a5838cad27497,train,640,480,P10_confused_0015.txt
P10_confused_0016.jpg,bigdata_confused_engaged_rahyan_94_1773299505704_016_jpg.rf.858f17083b3d5a9e970f07686c2b88e4.jpg,P10,public,train,1,confused,a2eaa75a181ffd6133830d1c7863d4b61974707c86f7b2dc576f6e7fb8a074ad,train,640,480,P10_confused_0016.txt
P10_confused_0017.jpg,bigdata_confused_engaged_rahyan_94_1773299505704_017_jpg.rf.5930e0e63fb8d88a5a86d03cf1fc112d.jpg,P10,public,train,1,confused,5794373ed99bb3269801c6c202bd707138419deef13fef355757c5177fbab3e0,train,640,480,P10_confused_0017.txt
P10_confused_0018.jpg,bigdata_confused_engaged_rahyan_94_1773299505704_018_jpg.rf.a4d793ac9a5f9bb2f47cc9fd2dd024a1.jpg,P10,public,train,1,confused,f6bfedd4c4d7e85529451b1556c7048823360f26f11bf472ef05a30300975aaa,train,640,480,P10_confused_0018.txt
P10_confused_0019.jpg,bigdata_confused_engaged_rahyan_94_1773299505704_019_jpg.rf.f2cbc4b1c6ee3b464cd463ac3d362380.jpg,P10,public,train,1,confused,ba99149f29cd8ba24bcd65c006f49ac164ba8a866318964b30ff31d880b7f8ff,train,640,480,P10_confused_0019.txt
P10_confused_0020.jpg,bigdata_confused_engaged_rahyan_94_1773299506316_020_jpg.rf.911769795037efcdce09a46c14e14bb1.jpg,P10,public,train,1,confused,d7cc3930554ddb6dba6c230afefacae322f153c3346d94f02f78f7075a5a0ea7,train,640,480,P10_confused_0020.txt
P10_confused_0021.jpg,bigdata_confused_engaged_rahyan_94_1773299506316_021_jpg.rf.fc0a8a114f37901d6405ac2f19eb71b6.jpg,P10,public,train,1,confused,f35f670248edd6c8b3d5ca17fc1e8867bb3596f214432859522261b7fd92049d,train,640,480,P10_confused_0021.txt
P10_confused_0022.jpg,bigdata_confused_engaged_rahyan_94_1773299506317_023_jpg.rf.feaeba8d1f09ff9e5253a988735fffb0.jpg,P10,public,train,1,confused,f2f75b6f4e4e2217401fc295ada4b687ced3b4e26cb0ace0a28c22821eeb74af,train,640,480,P10_confused_0022.txt
P10_engaged_0001.jpg,bigdata_engaged_rahyan_94_1773299471183_000_jpg.rf.e6285cb818318c1930840105eda5c8a1.jpg,P10,public,train,0,engaged,fc7f916c73b0f0c7b7b4b7ace3e68e95f4807d21467b7490a9054f3388ded0c8,train,640,480,P10_engaged_0001.txt
P10_engaged_0002.jpg,bigdata_engaged_rahyan_94_1773299471183_001_jpg.rf.806e6ae5df88bb35cb70c44185263e1a.jpg,P10,public,train,0,engaged,b3b85f6471c909f310e8b2a9f1a1362448fcf1d688b2c6e072221b0a41cd1ce4,train,640,480,P10_engaged_0002.txt
P10_engaged_0003.jpg,bigdata_engaged_rahyan_94_1773299471183_002_jpg.rf.7bb382c62b9541befc3341d6acbe67d4.jpg,P10,public,train,0,engaged,38b20a0d3794a8ad9ebaa47af3d4c56da4a07af4c575932996420874897d3230,train,640,480,P10_engaged_0003.txt
P10_engaged_0004.jpg,bigdata_engaged_rahyan_94_1773299471183_003_jpg.rf.5686dc6d954880d7af29421e13403f69.jpg,P10,public,train,0,engaged,4666d589ab85bb39130eaa6144b67dd251b991b22dda378cc706336b3bd8315f,train,640,480,P10_engaged_0004.txt
P10_engaged_0005.jpg,bigdata_engaged_rahyan_94_1773299471184_004_jpg.rf.8a66c15fee88f36c79ff90fc8c0b058d.jpg,P10,public,train,0,engaged,9c6c81479c85ab6d596728fe8ade14bdb9ce4358ccb7e723b0f54357c2044f19,test,640,480,P10_engaged_0005.txt
P10_engaged_0006.jpg,bigdata_engaged_rahyan_94_1773299472478_005_jpg.rf.7d511e2ee1f16d94a436ec877939564f.jpg,P10,public,train,0,engaged,8219f7fdaa5d9e53aa4af110c9086fdc10802170598a5317b1fe80737ecf4593,train,640,480,P10_engaged_0006.txt
P10_engaged_0007.jpg,bigdata_engaged_rahyan_94_1773299472478_006_jpg.rf.8548c2e5c174a72fdf6d3e2dbe8f0209.jpg,P10,public,train,0,engaged,4828e693db9c07aa0536483945ee223aa68c8f681860069616f5b02bb3752d62,train,640,480,P10_engaged_0007.txt
P10_engaged_0008.jpg,bigdata_engaged_rahyan_94_1773299472478_007_jpg.rf.739277d03fe61b90cbe8ac80ce31ea15.jpg,P10,public,train,0,engaged,d2b37739c02ecec825b9e53e9d45ab65c7df2c45e77763cc0f86b858da349abe,val,640,480,P10_engaged_0008.txt
P10_engaged_0009.jpg,bigdata_engaged_rahyan_94_1773299472478_008_jpg.rf.4eef931d8e91fe637a777c5a8e42c6f5.jpg,P10,public,train,0,engaged,b223304b9392d52b3b1de44a2a20bb8893a8cc3173d3327cf00451e554c03a18,train,640,480,P10_engaged_0009.txt
P10_engaged_0010.jpg,bigdata_engaged_rahyan_94_1773299472479_009_jpg.rf.5698d937010cadd1e25b5441cceb65d1.jpg,P10,public,train,0,engaged,4f8c039ec1aaf53a6a99cadb15cde0f8a4f996bd8ec32a83b3503d81dff6ab85,test,640,480,P10_engaged_0010.txt
P10_engaged_0011.jpg,bigdata_engaged_rahyan_94_1773299473169_010_jpg.rf.8719aa1915d333cbb3ab37271a796126.jpg,P10,public,train,0,engaged,9c1dd678ef54d865f2dc1d61fbd8d4b0307b978959e5b67c3754a1b03bfa9310,train,640,480,P10_engaged_0011.txt
P10_engaged_0012.jpg,bigdata_engaged_rahyan_94_1773299473169_012_jpg.rf.f10c375b5c92971bc69ef50b9bf1fd0a.jpg,P10,public,train,0,engaged,bebe3eb60efc9dc6b8741b5e2e5b5dc40e39894d1e5ea1acb34706ca611287e5,val,640,480,P10_engaged_0012.txt
P10_engaged_0013.jpg,bigdata_engaged_rahyan_94_1773299473169_014_jpg.rf.78df71baee59f6dcd90b44241e5e47f1.jpg,P10,public,train,0,engaged,f2d988db112a187c804280a10d1568adbe1b9579d2d743ff2ac02138624a086d,test,640,480,P10_engaged_0013.txt
P10_engaged_0014.jpg,bigdata_engaged_rahyan_94_1773299473686_015_jpg.rf.94d66fd3d40c9c273f3b1d6892b72b39.jpg,P10,public,train,0,engaged,3b6ab5ea0e627bd15232a19f408a93def45a007438651937ade0e738ee947ee7,train,640,480,P10_engaged_0014.txt
P10_engaged_0015.jpg,bigdata_engaged_rahyan_94_1773299473686_016_jpg.rf.1083fb1660d3b3c0d23526e14b78c1ce.jpg,P10,public,train,0,engaged,15de5a04dfd75be37f614bc028c98145f905e2c9438cddc429c24f17f3d3d357,train,640,480,P10_engaged_0015.txt
P10_engaged_0016.jpg,bigdata_engaged_rahyan_94_1773299473686_017_jpg.rf.cc1774ce73cbc1168cab0f4d8ae7ca54.jpg,P10,public,train,0,engaged,4a9139ded03b55787932fcd23a1304e924a6b5174743c299df00e634c30bfb89,train,640,480,P10_engaged_0016.txt
P10_engaged_0017.jpg,bigdata_engaged_rahyan_94_1773299473686_018_jpg.rf.ba7a2f907ae663b3bfa9e9cfd5fac542.jpg,P10,public,train,0,engaged,c6d644fe25b524a066ac0805ceb54a9b2e96b92f9388a0cf7e7160a3910595ee,train,640,480,P10_engaged_0017.txt
P10_engaged_0018.jpg,bigdata_engaged_rahyan_94_1773299473686_019_jpg.rf.3b393146d9cdc77a7d38a7fe0091b491.jpg,P10,public,train,0,engaged,91800a794e05c4b8916f9f7c73859c933dbb47832fef5bbecd7d5fe1d1b529d0,train,640,480,P10_engaged_0018.txt
P10_engaged_0019.jpg,bigdata_engaged_rahyan_94_1773299474289_020_jpg.rf.8d5f85154f61f6c18eefaaec7f01db32.jpg,P10,public,train,0,engaged,d98db6c1b6def2d6254f27f49fa26db69c5076cc6b7d6c5835b579e44227faf9,train,640,480,P10_engaged_0019.txt
P10_engaged_0020.jpg,bigdata_engaged_rahyan_94_1773299474290_021_jpg.rf.84b1bc6e94e6f7bc702baca445930f25.jpg,P10,public,train,0,engaged,d8ab546cc0dc76ee6c0db3b619afc9fc71122a6be6a8a23bbc0db706da6218ee,train,640,480,P10_engaged_0020.txt
P10_engaged_0021.jpg,bigdata_engaged_rahyan_94_1773299474290_022_jpg.rf.1f179bd9b76bd4ded2d649afebe8c379.jpg,P10,public,train,0,engaged,5e01657a3595c52cbd5589ab0797cb1668f0ea6f66be60dd8a9072936bf4b758,train,640,480,P10_engaged_0021.txt
P10_engaged_0022.jpg,bigdata_engaged_rahyan_94_1773299474290_023_jpg.rf.b875d4c014a18672adec97293eeec260.jpg,P10,public,train,0,engaged,9e09adc1dad551c0ee0833f00dbf4e584b484f3ca8e5b977d301970f52eb8b3b,train,640,480,P10_engaged_0022.txt
P10_frustrated_0001.jpg,bigdata_frustrated_engaged_rahyan_94_1773299539889_000_jpg.rf.55b202992bfd53a691959e956ae7c83e.jpg,P10,public,train,3,frustrated,dbb599860815a546daf9956153aaf4c7949221242da7a16d78b06fe03a7959d2,train,640,480,P10_frustrated_0001.txt
P10_frustrated_0002.jpg,bigdata_frustrated_engaged_rahyan_94_1773299539889_001_jpg.rf.398fb201aab98d96dac63d8e2cea4d12.jpg,P10,public,train,3,frustrated,3ee0f2053def979b6b36640d9aee7c99fc471b8bfa7f48ed0e2dd702ef1c9474,train,640,480,P10_frustrated_0002.txt
P10_frustrated_0003.jpg,bigdata_frustrated_engaged_rahyan_94_1773299539889_002_jpg.rf.625f8f00eb7034c8a552eb8754fc92eb.jpg,P10,public,train,3,frustrated,9e0efccc70cfe9f4ad57e8c45d713795d89df49a3afe70a8b76955b24dda85b2,train,640,480,P10_frustrated_0003.txt
P10_frustrated_0004.jpg,bigdata_frustrated_engaged_rahyan_94_1773299539889_003_jpg.rf.e5ac7280c0e06419741635cdb465a03b.jpg,P10,public,train,3,frustrated,f4e2e66a2e6572cc3da071549272701bd907d0b8a2ff927062df79f3a7b9413f,train,640,480,P10_frustrated_0004.txt
P10_frustrated_0005.jpg,bigdata_frustrated_engaged_rahyan_94_1773299539889_004_jpg.rf.a9d557de5658b0912d4dd603c4933ea6.jpg,P10,public,train,3,frustrated,436818f973ab630c2ca074fc4cd21c91fc45391dc985c7b3a3c5bf521786f213,train,640,480,P10_frustrated_0005.txt
P10_frustrated_0006.jpg,bigdata_frustrated_engaged_rahyan_94_1773299540640_005_jpg.rf.44d576aac6afb0f87b83d483969b6bb0.jpg,P10,public,train,3,frustrated,5e223c2b4ee465e5a3da4d36376b5f8b969c6eb9f6ae6aa7825e49cf120dd654,train,640,480,P10_frustrated_0006.txt
P10_frustrated_0007.jpg,bigdata_frustrated_engaged_rahyan_94_1773299540640_006_jpg.rf.d15769038b88a191cf26a16f95ac5226.jpg,P10,public,train,3,frustrated,53ecb5e0c10b400842a1d192ef2e0696db94e672bfb24142ca3c05c9bb73a7dd,train,640,480,P10_frustrated_0007.txt
P10_frustrated_0008.jpg,bigdata_frustrated_engaged_rahyan_94_1773299540640_007_jpg.rf.7bc1e467b1428ae91c58de66d61c09ff.jpg,P10,public,train,3,frustrated,c7eed0244ea57a4c1ef82490a8e014dbeda06a09cbcdf9b4b2f649c609c17d28,train,640,480,P10_frustrated_0008.txt
P10_frustrated_0009.jpg,bigdata_frustrated_engaged_rahyan_94_1773299540640_008_jpg.rf.5b4341d550ad302e04e90cf014bbd5c8.jpg,P10,public,train,3,frustrated,1e82068fbe51bb381207a43988cc0d86ce36ae31e10031612468a446ec8a02bd,train,640,480,P10_frustrated_0009.txt
P10_frustrated_0010.jpg,bigdata_frustrated_engaged_rahyan_94_1773299540640_009_jpg.rf.87c2dcc338fea2b7782796157cd47d83.jpg,P10,public,train,3,frustrated,58185adfbe64f283d41ffbe7e415e757b500c597b520e1916dabe7433482597f,train,640,480,P10_frustrated_0010.txt
P10_frustrated_0011.jpg,bigdata_frustrated_engaged_rahyan_94_1773299541318_010_jpg.rf.b812bd70c3c1ec88035bd9e40f38ada4.jpg,P10,public,train,3,frustrated,2ce12fcbc1421b50349203733edaf40ea05bcf6561f9bc0513e44c26e37b1142,test,640,480,P10_frustrated_0011.txt
P10_frustrated_0012.jpg,bigdata_frustrated_engaged_rahyan_94_1773299541318_011_jpg.rf.354f64fa3265d57f6b3d8dcca47a8701.jpg,P10,public,train,3,frustrated,0d959d91cd2abf0ba4d98b0c3481fa5c596d4e89cb062a2098a455e00e534fdf,train,640,480,P10_frustrated_0012.txt
P10_frustrated_0013.jpg,bigdata_frustrated_engaged_rahyan_94_1773299541318_012_jpg.rf.3ff2fee46b30751b34dd1fd9436dc4d9.jpg,P10,public,train,3,frustrated,1e57c4270bc4c2035a0e7bc2a0e0c02b2928c0ff0b587b9a421a3aaff5fcda88,val,640,480,P10_frustrated_0013.txt
P10_frustrated_0014.jpg,bigdata_frustrated_engaged_rahyan_94_1773299541318_013_jpg.rf.1ecf6899abda923e9a10aaf8f82cce97.jpg,P10,public,train,3,frustrated,03d4a07454b199116f7b68d81e19be812d69148d88aae6e89417add0aa58da5c,train,640,480,P10_frustrated_0014.txt
P10_frustrated_0015.jpg,bigdata_frustrated_engaged_rahyan_94_1773299541318_014_jpg.rf.991d2fe987f3e5ce7414e0c13dd9f218.jpg,P10,public,train,3,frustrated,b9fa188d026c758a43f079ba2b6215f53069ab95ec20193f20b719285c753138,val,640,480,P10_frustrated_0015.txt
P10_frustrated_0016.jpg,bigdata_frustrated_engaged_rahyan_94_1773299542063_015_jpg.rf.1136329858659f8d3a15633159525446.jpg,P10,public,train,3,frustrated,d7a91300b511261594501dceb5b94cccc0302bc1e15a0ccda6cf4b79b96c1dd6,test,640,480,P10_frustrated_0016.txt
P10_frustrated_0017.jpg,bigdata_frustrated_engaged_rahyan_94_1773299542064_016_jpg.rf.eda8fbb920915a72e7a9140bfd5324c8.jpg,P10,public,train,3,frustrated,7757ab732d55b6b04e2d2594e9312e5ead906ef322a6ddaeea3d53e621b14b31,val,640,480,P10_frustrated_0017.txt
P10_frustrated_0018.jpg,bigdata_frustrated_engaged_rahyan_94_1773299542064_017_jpg.rf.cec3f3ecc0401725d6010f5f3d67baca.jpg,P10,public,train,3,frustrated,d5d199e8b0400171d70dae918150499b0f93cc1cfb28e75d6d57e30972156866,train,640,480,P10_frustrated_0018.txt
P10_frustrated_0019.jpg,bigdata_frustrated_engaged_rahyan_94_1773299542064_018_jpg.rf.9e7ca7ced2eadef9ef32ac197f64c21f.jpg,P10,public,train,3,frustrated,8a334483fa631c831cd586616dcec085745f9d240cd090b037bd3cb90f0f306a,train,640,480,P10_frustrated_0019.txt
P10_frustrated_0020.jpg,bigdata_frustrated_engaged_rahyan_94_1773299542064_019_jpg.rf.320a543b3edd755a330b37db4faf02f9.jpg,P10,public,train,3,frustrated,1725374ec68765954720bf0d35cb8d4004e88b19b4bebb26ac9dbcfd3194e79c,test,640,480,P10_frustrated_0020.txt
P10_frustrated_0021.jpg,bigdata_frustrated_engaged_rahyan_94_1773299542754_020_jpg.rf.3cf0018b9dac72358c809652b0535ee7.jpg,P10,public,train,3,frustrated,76a185dfa2081885caa74795547027248cb30d8b56eeb696ecb25493b2c218c9,train,640,480,P10_frustrated_0021.txt
P10_frustrated_0022.jpg,bigdata_frustrated_engaged_rahyan_94_1773299542754_021_jpg.rf.eba8dab53bcfb34a4132a3f1181e116d.jpg,P10,public,train,3,frustrated,891504de790e681b15f0512db9b4c107fd3c438a9ff2315e7237dffb530dd804,train,640,480,P10_frustrated_0022.txt
P10_frustrated_0023.jpg,bigdata_frustrated_engaged_rahyan_94_1773299542754_022_jpg.rf.a1bee8a37a57a9c4a3acb9f52630cddc.jpg,P10,public,train,3,frustrated,46233c288ab974818e324e7aeb5380f8456d7b9962a5b54bc424cd5375ea89c8,train,640,480,P10_frustrated_0023.txt
P10_frustrated_0024.jpg,bigdata_frustrated_engaged_rahyan_94_1773299542754_023_jpg.rf.ead6a701e1cb074138227de9588f78b6.jpg,P10,public,train,3,frustrated,d5c81013a258c9025d930888da72f962f38476f0e840d23e7667f2a67faa8ce0,train,640,480,P10_frustrated_0024.txt
P11_bored_0001.jpg,bigdata_bored_engaged_sultanbudi_44_1773299447453_000_jpg.rf.b31d2b1712460dfa34b5b73cd55386d8.jpg,P11,public,train,2,bored,0565b1e8020411e02bd6806c74d42850adcad4da3ac1ebb9d1f1807395576dde,train,640,480,P11_bored_0001.txt
P11_bored_0002.jpg,bigdata_bored_engaged_sultanbudi_44_1773299447453_001_jpg.rf.045f03667f024e03e0693a941e6c2a2c.jpg,P11,public,train,2,bored,68d8989f0a28495896fe24c96c0af7cb409c5be321a54b97ebef126e5921d9cd,train,640,480,P11_bored_0002.txt
P11_bored_0003.jpg,bigdata_bored_engaged_sultanbudi_44_1773299447453_002_jpg.rf.6605b7fa0d9a67b0c21539fbeabc863c.jpg,P11,public,train,2,bored,97730a18131bcfd80bc5650e85f101e84beb19c852b046de19307bd82f1ca5e9,test,640,480,P11_bored_0003.txt
P11_bored_0004.jpg,bigdata_bored_engaged_sultanbudi_44_1773299447454_003_jpg.rf.1b7c57b675e15610927fc966d042f17c.jpg,P11,public,train,2,bored,4028f175c3ba2ed849ea5bbbf0dad0c1a47ba2d47a190cf8349b70d344450dc4,train,640,480,P11_bored_0004.txt
P11_bored_0005.jpg,bigdata_bored_engaged_sultanbudi_44_1773299447454_004_jpg.rf.504b8ef22343e2b31e7e5f8c57227c25.jpg,P11,public,train,2,bored,fd5016d344ccc601c6bf0a0e473ff41a57cc6bd2ea2623174685c3cfe64ccf2c,train,640,480,P11_bored_0005.txt
P11_bored_0006.jpg,bigdata_bored_engaged_sultanbudi_44_1773299448092_005_jpg.rf.ef8fd60816bbba7bcd943727e22eb44b.jpg,P11,public,train,2,bored,e1c8399658c9bcade460f8c3ac083b45ca3d55d8be321b2dc19a53f01a2ad332,test,640,480,P11_bored_0006.txt
P11_bored_0007.jpg,bigdata_bored_engaged_sultanbudi_44_1773299448092_006_jpg.rf.b028bd34ee74c1560924cebed69b482c.jpg,P11,public,train,2,bored,596ce79712c3edf3873b3d9f338ff7f92b8f6d4dfb14341dac1a239f1958ee87,train,640,480,P11_bored_0007.txt
P11_bored_0008.jpg,bigdata_bored_engaged_sultanbudi_44_1773299448092_007_jpg.rf.374192f02628156efdab998ad7d5aebc.jpg,P11,public,train,2,bored,912ba1b800c860f617bbe82971c0d9c9b8c6c90becbba77c8ceff8b6c9d2ceb5,train,640,480,P11_bored_0008.txt
P11_bored_0009.jpg,bigdata_bored_engaged_sultanbudi_44_1773299448092_008_jpg.rf.d4d6cd0a5957e155f7f4a883488c3253.jpg,P11,public,train,2,bored,ef77381c1bfe02061cccfbd8c612e4053e616eca3cf9332027c3ad2cedf227cb,train,640,480,P11_bored_0009.txt
P11_bored_0010.jpg,bigdata_bored_engaged_sultanbudi_44_1773299448092_009_jpg.rf.5c2f6f124826d938947a5deaaf52e993.jpg,P11,public,train,2,bored,5a014ebd827b49253b77e1403d0faa0aee4c6ba247af069a9565c8bf2c96b7f0,val,640,480,P11_bored_0010.txt
P11_bored_0011.jpg,bigdata_bored_engaged_sultanbudi_44_1773299448572_010_jpg.rf.84f97917c2fede2c9f7b2f90b169fb61.jpg,P11,public,train,2,bored,4bd741a206f72489f0d720f46f01956df0fe7681cbaeefae24e877120ced6ce6,train,640,480,P11_bored_0011.txt
P11_bored_0012.jpg,bigdata_bored_engaged_sultanbudi_44_1773299448572_011_jpg.rf.9c7e84f0a941c6672d25d8ef0f73a5cc.jpg,P11,public,train,2,bored,4fbf20cecbd882db5ffe6281142359245466e3b1ad370762aaecf4e8a9f89800,train,640,480,P11_bored_0012.txt
P11_bored_0013.jpg,bigdata_bored_engaged_sultanbudi_44_1773299448572_012_jpg.rf.cf83252557ac0359df8ee7b1fea72267.jpg,P11,public,train,2,bored,7980c92263837224939a1bd6a710e5a229c6f1f704df37b0454c0ac994366a2a,train,640,480,P11_bored_0013.txt
P11_bored_0014.jpg,bigdata_bored_engaged_sultanbudi_44_1773299448572_013_jpg.rf.ed8f13003d607417d20dc355535134e9.jpg,P11,public,train,2,bored,e5025876c633118870dd56f52c48721590a1482d140dfd690ccd278104c30532,train,640,480,P11_bored_0014.txt
P11_bored_0015.jpg,bigdata_bored_engaged_sultanbudi_44_1773299448572_014_jpg.rf.c187e1ac713338e1035f0a0f9604125c.jpg,P11,public,train,2,bored,9f96b4985059d2130641487abbee5ed3ec408abb9a3fbf48103847d4c999e39d,train,640,480,P11_bored_0015.txt
P11_bored_0016.jpg,bigdata_bored_engaged_sultanbudi_44_1773299449095_015_jpg.rf.85b7a36010639c12bc8a1b5681b11497.jpg,P11,public,train,2,bored,5997e34eb0f860ed4cda068e60bdfed4e84a43554f1ec8ace0b75ce825cff3a5,train,640,480,P11_bored_0016.txt
P11_bored_0017.jpg,bigdata_bored_engaged_sultanbudi_44_1773299449096_016_jpg.rf.4125f263cb89be68674665b5777b18e2.jpg,P11,public,train,2,bored,0b1d83d366fc1869d123748b21c1be31fe6db18f8d5fff6b1b4e0827bf2b5898,val,640,480,P11_bored_0017.txt
P11_bored_0018.jpg,bigdata_bored_engaged_sultanbudi_44_1773299449096_017_jpg.rf.b71f522404379f847b63f590bc82a8b0.jpg,P11,public,train,2,bored,6d31117b9d31ec7940fac293c89c09ced6684e3a1ca9be03b8d6a88108f75c99,test,640,480,P11_bored_0018.txt
P11_bored_0019.jpg,bigdata_bored_engaged_sultanbudi_44_1773299449096_018_jpg.rf.a84209827ec103c3b08da4d992fea7eb.jpg,P11,public,train,2,bored,b6bde87527c57d6672f9907b753a1284f92a77855bc44b5e794c7070f5e38d8e,train,640,480,P11_bored_0019.txt
P11_bored_0020.jpg,bigdata_bored_engaged_sultanbudi_44_1773299449096_019_jpg.rf.b2a75984b9bb1e49610d55177adc5636.jpg,P11,public,train,2,bored,e7d96d162569c5c3da7c1cb7910b6cc18ce525306e9ce3584ad306df9dd7d4f0,val,640,480,P11_bored_0020.txt
P11_bored_0021.jpg,bigdata_bored_engaged_sultanbudi_44_1773299449621_020_jpg.rf.60e6cace7c9182612f0b7134eecb28a8.jpg,P11,public,train,2,bored,43e47c84d9279c9a376b53f6477e0301ebb0f06e3163faf7231963406cb293d0,train,640,480,P11_bored_0021.txt
P11_bored_0022.jpg,bigdata_bored_engaged_sultanbudi_44_1773299449621_021_jpg.rf.6272d33f73d73d7c0c0a5857eed826e5.jpg,P11,public,train,2,bored,1d7245d0eb518a357c22558989ed18d255aec616221c262be38d542c7ec136c6,val,640,480,P11_bored_0022.txt
P11_bored_0023.jpg,bigdata_bored_engaged_sultanbudi_44_1773299449621_022_jpg.rf.d11c6654f1cbeaac2d79f16c08b9f3d1.jpg,P11,public,train,2,bored,f32552e32749ab1a3091fc92db36834861fe64fc4ed974790558e0024be871d3,val,640,480,P11_bored_0023.txt
P11_bored_0024.jpg,bigdata_bored_engaged_sultanbudi_44_1773299449621_023_jpg.rf.978223ae4e299e51e61709b869ff75ef.jpg,P11,public,train,2,bored,686122849a81e13abb71676de9db9d546903ba95e7f7ed403e6950b082ff6028,train,640,480,P11_bored_0024.txt
P11_confused_0001.jpg,bigdata_confused_engaged_sultanbudi_44_1773299426185_000_jpg.rf.9d44c1f5a234a7c51c0e59606cceb4f1.jpg,P11,public,train,1,confused,b5f9bd418cc278aa9369716c0899bc4ac81148bb585ccc83e9611352e01c8b36,train,640,480,P11_confused_0001.txt
P11_confused_0002.jpg,bigdata_confused_engaged_sultanbudi_44_1773299426186_001_jpg.rf.0e15d9bf25f25b698e6620b419e1a129.jpg,P11,public,train,1,confused,a4fed448f948e976f8532e06536d46044177f02c02a237fa79b131182cd44289,train,640,480,P11_confused_0002.txt
P11_confused_0003.jpg,bigdata_confused_engaged_sultanbudi_44_1773299426186_002_jpg.rf.6ee6d24763e8b8036d0a48802f9e2907.jpg,P11,public,train,1,confused,70855645588bc2f41016df2153fc70c341ea0ca663775e4c2beb95ef1d053cc8,val,640,480,P11_confused_0003.txt
P11_confused_0004.jpg,bigdata_confused_engaged_sultanbudi_44_1773299426186_003_jpg.rf.27038211cce9f2e0c73e1e0221c809b0.jpg,P11,public,train,1,confused,4626ad2c95c0feca133561fe74c894c24147d58376529afc290704bbc60fbe56,train,640,480,P11_confused_0004.txt
P11_confused_0005.jpg,bigdata_confused_engaged_sultanbudi_44_1773299426186_004_jpg.rf.14ef58a253005ef19821ce04b00ae6fd.jpg,P11,public,train,1,confused,d40dc5d89e1799b9bfc19a93e27a1e5251241032ddbb76ef0a830c0113be0550,train,640,480,P11_confused_0005.txt
P11_confused_0006.jpg,bigdata_confused_engaged_sultanbudi_44_1773299426667_005_jpg.rf.7951d42dbe8de33206e7e5d10be258c0.jpg,P11,public,train,1,confused,aa6459f4c5073d0a0c7dcb1b8ef92256e98a17ae2250543da12f1aa00dce1731,train,640,480,P11_confused_0006.txt
P11_confused_0007.jpg,bigdata_confused_engaged_sultanbudi_44_1773299426667_006_jpg.rf.319250efe8bea45b6cc580116c709a7b.jpg,P11,public,train,1,confused,c0ae28589109ac0116eafcaa6e2fe4a09a9a1aa184b5ff36e2ac2ff4896a6c21,train,640,480,P11_confused_0007.txt
P11_confused_0008.jpg,bigdata_confused_engaged_sultanbudi_44_1773299426667_007_jpg.rf.92317d23a2d62dc81df0d43576aaee99.jpg,P11,public,train,1,confused,6b787aec840d8b168ef3f0441855b5f0122c94e40b9d442ee33ad8dd63b80c0a,train,640,480,P11_confused_0008.txt
P11_confused_0009.jpg,bigdata_confused_engaged_sultanbudi_44_1773299426667_008_jpg.rf.299ec189797f445aec62844bb03758c4.jpg,P11,public,train,1,confused,24b79ad9dc334ca37ed54479f1563569ec959f23cc34f790a9ed964cf5439df9,train,640,480,P11_confused_0009.txt
P11_confused_0010.jpg,bigdata_confused_engaged_sultanbudi_44_1773299426667_009_jpg.rf.1548f45f8eb5371be6e314e31f0f9bed.jpg,P11,public,train,1,confused,ffc37665c0ffad57b1509febbfb6aa8c2e08622908af58c13a539644dab0a335,train,640,480,P11_confused_0010.txt
P11_confused_0011.jpg,bigdata_confused_engaged_sultanbudi_44_1773299427088_010_jpg.rf.c69ee3b0758de9d1e9a18216e6c29623.jpg,P11,public,train,1,confused,6b422f38b9f00999017a3e194967d8c8fcc33197d85a8725cb683971d8bf96c1,train,640,480,P11_confused_0011.txt
P11_confused_0012.jpg,bigdata_confused_engaged_sultanbudi_44_1773299427088_011_jpg.rf.66a942823499c3c342431dd5bfeab473.jpg,P11,public,train,1,confused,e9bd975c6b809c9dc40a5f19a746bf5bd860977b3f2044015670a990ef3bbbc5,train,640,480,P11_confused_0012.txt
P11_confused_0013.jpg,bigdata_confused_engaged_sultanbudi_44_1773299427088_012_jpg.rf.572f19ddc6a37b7f4035b3ad2c7c2874.jpg,P11,public,train,1,confused,02a91760c113275f7bdd80ea15c157d602db0280ee7904bb7d6c9948b9a6edbe,train,640,480,P11_confused_0013.txt
P11_confused_0014.jpg,bigdata_confused_engaged_sultanbudi_44_1773299427088_013_jpg.rf.dc8178b7867322a30ea2f9ee0258fcf0.jpg,P11,public,train,1,confused,53d0bf082ffd8ab6c83ba760e92fd84d1585625ed4c348494d12929a56763b51,train,640,480,P11_confused_0014.txt
P11_confused_0015.jpg,bigdata_confused_engaged_sultanbudi_44_1773299427088_014_jpg.rf.4f4c07800c54abb3d65eb19f7070b7f8.jpg,P11,public,train,1,confused,9a83849bacb4c04c0cd9c05ced2e7a2744d9b80b2b689b8a4b085ef1ddbd3ff0,train,640,480,P11_confused_0015.txt
P11_confused_0016.jpg,bigdata_confused_engaged_sultanbudi_44_1773299427596_015_jpg.rf.bb68288bef75f4941a8aa1e0020daf6e.jpg,P11,public,train,1,confused,4af1c1ee1cfd2621d5291a8f731fd93dc73be5db726cc6f92ae1fa9038e32858,test,640,480,P11_confused_0016.txt
P11_confused_0017.jpg,bigdata_confused_engaged_sultanbudi_44_1773299427596_016_jpg.rf.c19b232d527eb0049eec2797aa44e568.jpg,P11,public,train,1,confused,2aefcf7e0a77d807fd8c00af365a0cd001a980da69d84a05177cdd69befd8255,train,640,480,P11_confused_0017.txt
P11_confused_0018.jpg,bigdata_confused_engaged_sultanbudi_44_1773299427596_017_jpg.rf.eac0e3932f23014fd3289a7062b9daed.jpg,P11,public,train,1,confused,ca037c54c7d3d21f14105a03c0291e7b23050572f32def15ea49436691f396a0,train,640,480,P11_confused_0018.txt
P11_confused_0019.jpg,bigdata_confused_engaged_sultanbudi_44_1773299427596_018_jpg.rf.f78f83037ea1c4b67f4d479fd9a0830f.jpg,P11,public,train,1,confused,7c23f648f07c8d14a988baf4bcf88e7f52894a54406f318f363b66eb686fd946,train,640,480,P11_confused_0019.txt
P11_confused_0020.jpg,bigdata_confused_engaged_sultanbudi_44_1773299427596_019_jpg.rf.a5700a6d70a046cd5b2638946bed9f22.jpg,P11,public,train,1,confused,016ed5641755e2c3fd68241f9ae9d64b24d125a6e9807d73b14376b2c022b00a,train,640,480,P11_confused_0020.txt
P11_confused_0021.jpg,bigdata_confused_engaged_sultanbudi_44_1773299428051_020_jpg.rf.290b1231ff1562554e112589598fb49a.jpg,P11,public,train,1,confused,b54f3416819c44422cf060c9971f6d57c309771d0941d6e8a70685bf9421c89f,train,640,480,P11_confused_0021.txt
P11_confused_0022.jpg,bigdata_confused_engaged_sultanbudi_44_1773299428051_021_jpg.rf.cd751c67215009792ee3acafd1ad98c6.jpg,P11,public,train,1,confused,96723fecff8e313daf73c8c929a9647689562900a88edee4c02eaca9ff762047,test,640,480,P11_confused_0022.txt
P11_confused_0023.jpg,bigdata_confused_engaged_sultanbudi_44_1773299428051_022_jpg.rf.74cb352a79bb23114d9bafb6b38b1cbf.jpg,P11,public,train,1,confused,4f84700b0ea4a8295c588b4d7c43ac9c13602be716878375601cf7bc7605b1e4,train,640,480,P11_confused_0023.txt
P11_confused_0024.jpg,bigdata_confused_engaged_sultanbudi_44_1773299428051_023_jpg.rf.7a71771949a870e9ae75539907c4729a.jpg,P11,public,train,1,confused,a5429dc8c79741d0fcec8c2777685487bf996b3b95bce39ee54f0121ca2e5c19,train,640,480,P11_confused_0024.txt
P11_engaged_0001.jpg,bigdata_engaged_sultanbudi_44_1773299406816_000_jpg.rf.91a46adbb2b05d67609ecd097d63c988.jpg,P11,public,train,0,engaged,168807e6bbc8eb5cbfe524ccf5a20656f0b43cb87fa3b7155d9f123efbd27adf,train,640,480,P11_engaged_0001.txt
P11_engaged_0002.jpg,bigdata_engaged_sultanbudi_44_1773299406819_001_jpg.rf.0f59441d2dbfc8db302611d59e97b3e8.jpg,P11,public,train,0,engaged,4febb6613f006578554364a0626834fa71fd36bd696f12a7698c3d29c25d9d51,val,640,480,P11_engaged_0002.txt
P11_engaged_0003.jpg,bigdata_engaged_sultanbudi_44_1773299406819_002_jpg.rf.98f7e2b417d8a555741bd12c226d48f3.jpg,P11,public,train,0,engaged,e43a50432c1cfe07cfccfcb9f0d73b49644d3c03a84859430de3582d3b96d83b,train,640,480,P11_engaged_0003.txt
P11_engaged_0004.jpg,bigdata_engaged_sultanbudi_44_1773299406819_003_jpg.rf.463ec51ea7a3a4e0641a502775e4c20a.jpg,P11,public,train,0,engaged,16917c0f106a82d2175862b7db69f00f67958873f372368c725ace1526efb9ec,train,640,480,P11_engaged_0004.txt
P11_engaged_0005.jpg,bigdata_engaged_sultanbudi_44_1773299406819_004_jpg.rf.41d8d2b418c95b213fc736198d4efec5.jpg,P11,public,train,0,engaged,897876d2fa4e3b1ee3f44b29640da4c44e03276668134131a3e78101a8816ab6,train,640,480,P11_engaged_0005.txt
P11_engaged_0006.jpg,bigdata_engaged_sultanbudi_44_1773299407671_006_jpg.rf.f36a43b4cab6a284ea6112fc79573128.jpg,P11,public,train,0,engaged,95c685a874c5f89bcf331243132cd9ba394c373d245c506fc98a5214bbb440c9,train,640,480,P11_engaged_0006.txt
P11_engaged_0007.jpg,bigdata_engaged_sultanbudi_44_1773299407671_007_jpg.rf.e125d6562d8f6ce11a247506bfbc7c8e.jpg,P11,public,train,0,engaged,ed4e38df70adfa551eb1b3130faa9ebc739a0fb8bb8886c5e9ef0db119bde435,train,640,480,P11_engaged_0007.txt
P11_engaged_0008.jpg,bigdata_engaged_sultanbudi_44_1773299407671_008_jpg.rf.686c7a0d2c38ebc9aad684f135487ca5.jpg,P11,public,train,0,engaged,f63bc456cddc64a8fdd135c33db59d458c92f7a7e622224387224c4d5371e595,val,640,480,P11_engaged_0008.txt
P11_engaged_0009.jpg,bigdata_engaged_sultanbudi_44_1773299407671_009_jpg.rf.d55346ffeb99536f89b088da406b8259.jpg,P11,public,train,0,engaged,fd811b099d3edc8378cb131975a76521d3a0fefe8dec850130e79a4b97baf3e7,train,640,480,P11_engaged_0009.txt
P11_engaged_0010.jpg,bigdata_engaged_sultanbudi_44_1773299408147_010_jpg.rf.39a3187951b9f74094472f6b0a65c3c8.jpg,P11,public,train,0,engaged,21efa726e50fcd6f6e5050fd53f72cbfb47ed46628cc4ac2c63247ae79076770,train,640,480,P11_engaged_0010.txt
P11_engaged_0011.jpg,bigdata_engaged_sultanbudi_44_1773299408148_011_jpg.rf.7eb60f417dfe997be1653054d73d8551.jpg,P11,public,train,0,engaged,928cbab02eeea43f51b9e75d20dedbfe458d609d4306a41efb72fe2721be846b,train,640,480,P11_engaged_0011.txt
P11_engaged_0012.jpg,bigdata_engaged_sultanbudi_44_1773299408148_012_jpg.rf.61eb019107753d3a7d3d8938ef79a363.jpg,P11,public,train,0,engaged,4a79d3d968007d5fe4803b62d4be8949b9850a34c83b2f8f43d090673a598006,train,640,480,P11_engaged_0012.txt
P11_engaged_0013.jpg,bigdata_engaged_sultanbudi_44_1773299408148_013_jpg.rf.a6dcea7f1e326e1a24b69d72a76b8932.jpg,P11,public,train,0,engaged,49e9e8a7ef6cbd44d1dde670589391071cb0786969fb28ec4f4c3ea73ec6c5bc,train,640,480,P11_engaged_0013.txt
P11_engaged_0014.jpg,bigdata_engaged_sultanbudi_44_1773299408148_014_jpg.rf.3dbb71b1c4a062f49586f65bfe00278a.jpg,P11,public,train,0,engaged,e89536ce521e23de445393248993c6816efc87ff7fd5fdbca601d2d73e130843,train,640,480,P11_engaged_0014.txt
P11_engaged_0015.jpg,bigdata_engaged_sultanbudi_44_1773299408561_015_jpg.rf.5ad232f986943528f2b16f2d9a12d52b.jpg,P11,public,train,0,engaged,12f80e9a15a89820a78f018ea2980923f6205dfeb83fa60250fc342fec237c7e,train,640,480,P11_engaged_0015.txt
P11_engaged_0016.jpg,bigdata_engaged_sultanbudi_44_1773299408562_016_jpg.rf.b758188c8a09e7bcd25e33117fa704e3.jpg,P11,public,train,0,engaged,4c3c15c983824390bde5c3b470b884f0a20df34712e0fddab57767a363e99da5,train,640,480,P11_engaged_0016.txt
P11_engaged_0017.jpg,bigdata_engaged_sultanbudi_44_1773299408562_017_jpg.rf.f42bf6364f9678dcec9ea8bff66c8231.jpg,P11,public,train,0,engaged,a65fec5f22d9089bad702f0237f4889be4ad639494a6db776925246cea95f280,train,640,480,P11_engaged_0017.txt
P11_engaged_0018.jpg,bigdata_engaged_sultanbudi_44_1773299408562_018_jpg.rf.242baa279245b15dd3447dea49394403.jpg,P11,public,train,0,engaged,e3bd5604b21a758ae6c4a088e04e49346fc488e485442d8cec5e9166b95e19b4,train,640,480,P11_engaged_0018.txt
P11_engaged_0019.jpg,bigdata_engaged_sultanbudi_44_1773299408563_019_jpg.rf.476458b60b930c572ba2f5b7f78f0e0e.jpg,P11,public,train,0,engaged,0fe4b22e588dc694ebe7d521361f5d4b0180da2a4ba7b8ac14dab82a70c5a3e3,train,640,480,P11_engaged_0019.txt
P11_engaged_0020.jpg,bigdata_engaged_sultanbudi_44_1773299409452_020_jpg.rf.c82fca032df6d4c2b4fcafde8f1955dd.jpg,P11,public,train,0,engaged,889d383fd7bce1cab1882e70bf8dea29277fea7256185a8a5bd0c56467541a07,test,640,480,P11_engaged_0020.txt
P11_engaged_0021.jpg,bigdata_engaged_sultanbudi_44_1773299409453_021_jpg.rf.11f9bbc1e6c61bbefa13ae6edac7f4ca.jpg,P11,public,train,0,engaged,9bca4a1858bfda9ca1b616012fbcfd85bd4894f280c97e658ee48c13f941c249,val,640,480,P11_engaged_0021.txt
P11_engaged_0022.jpg,bigdata_engaged_sultanbudi_44_1773299409453_022_jpg.rf.12bf53d95621974583339820b0f6a147.jpg,P11,public,train,0,engaged,c85c16869f901993c2f9b1f6637d1c20c85838ebcc684c1415be6bbc3fb24922,train,640,480,P11_engaged_0022.txt
P11_engaged_0023.jpg,bigdata_engaged_sultanbudi_44_1773299409453_023_jpg.rf.09e2dbbd2efc8a23f33b8049152cc4c7.jpg,P11,public,train,0,engaged,966659fabbf07aaa739849218daa1e01697d1419281f4ea3298d25bf925b73bb,train,640,480,P11_engaged_0023.txt
P11_frustrated_0001.jpg,bigdata_frustrated_engaged_sultanbudi_44_1773299492609_000_jpg.rf.a5dca4891f926be85551084b20defd65.jpg,P11,public,train,3,frustrated,27f4371f96fd94285e47d90eff1e59d973f50fb47e202cb282c7361fa768228e,train,640,480,P11_frustrated_0001.txt
P11_frustrated_0002.jpg,bigdata_frustrated_engaged_sultanbudi_44_1773299492609_001_jpg.rf.6899b414b34de6169d9f90d2fc1dbf0d.jpg,P11,public,train,3,frustrated,1950f88348295b2b9c8012aab8d91fc84194cbdf15cce2ea8b672bea5724257c,train,640,480,P11_frustrated_0002.txt
P11_frustrated_0003.jpg,bigdata_frustrated_engaged_sultanbudi_44_1773299492609_002_jpg.rf.7a50a063a35294bc06671fcfdc1cefd8.jpg,P11,public,train,3,frustrated,12ab9e8d619d5453d99bb7f11f31c921e32bdc34067cdaa18415d0de3110fa9f,train,640,480,P11_frustrated_0003.txt
P11_frustrated_0004.jpg,bigdata_frustrated_engaged_sultanbudi_44_1773299492609_003_jpg.rf.e92bf458ccc35dcca2a89e933f6c90a1.jpg,P11,public,train,3,frustrated,b198be545887d54cc89f91ed97c0a04737864131cb7db7825b4f1167cf02257a,train,640,480,P11_frustrated_0004.txt
P11_frustrated_0005.jpg,bigdata_frustrated_engaged_sultanbudi_44_1773299492609_004_jpg.rf.301219e80da95a0e463052703f788587.jpg,P11,public,train,3,frustrated,36b5e648b02854f28e491d3b6c2bb61538639947884481a482d789b342a82d41,train,640,480,P11_frustrated_0005.txt
P11_frustrated_0006.jpg,bigdata_frustrated_engaged_sultanbudi_44_1773299494792_005_jpg.rf.eae0c6eb85169a076040c0e577411f6b.jpg,P11,public,train,3,frustrated,16bd7ea5d65b9b2af9bc6baa13aac242d2c2ff55cfee3702b967359703addda0,val,640,480,P11_frustrated_0006.txt
P11_frustrated_0007.jpg,bigdata_frustrated_engaged_sultanbudi_44_1773299494792_006_jpg.rf.958bb0294e189e906a7f49c03f446f76.jpg,P11,public,train,3,frustrated,db27a29e30799228c02ea48bdb296c1a476bee4c026ac42d110d746a01ae814d,test,640,480,P11_frustrated_0007.txt
P11_frustrated_0008.jpg,bigdata_frustrated_engaged_sultanbudi_44_1773299494792_007_jpg.rf.ce70cdf2c1efa2f27feea624e77e2775.jpg,P11,public,train,3,frustrated,faa2951b6d5eb3a07d0aa49f4c517a5b613e6f2e7152d8ce050f65a43ab8f541,train,640,480,P11_frustrated_0008.txt
P11_frustrated_0009.jpg,bigdata_frustrated_engaged_sultanbudi_44_1773299494792_008_jpg.rf.3208098d6fb65b5755ef3f378191ee69.jpg,P11,public,train,3,frustrated,a95afafe69cc88d1de07bafe5cb72c5c2e634c39e27d9326a8fb633b4000cb0e,train,640,480,P11_frustrated_0009.txt
P11_frustrated_0010.jpg,bigdata_frustrated_engaged_sultanbudi_44_1773299494793_009_jpg.rf.a74d2671a0c05ce17c9f6a788a2aea3c.jpg,P11,public,train,3,frustrated,58db4edae205ec7f2448d70eff67a0173c154989e5de5f8e8ae850e90ef41079,train,640,480,P11_frustrated_0010.txt
P11_frustrated_0011.jpg,bigdata_frustrated_engaged_sultanbudi_44_1773299495533_010_jpg.rf.848d4a0e130bbdc09a6e1b20ab142c53.jpg,P11,public,train,3,frustrated,65558688ea609025ac2a471dda8ef0ceae29a41e2f0f6f445c3f12b5fd925c11,train,640,480,P11_frustrated_0011.txt
P11_frustrated_0012.jpg,bigdata_frustrated_engaged_sultanbudi_44_1773299495533_011_jpg.rf.226f6de91ecce3f786bd03c5c3eec1d5.jpg,P11,public,train,3,frustrated,7302cf71eda18863c462ef9b946079895669c3567ad9090fed7c87969d08dbc8,train,640,480,P11_frustrated_0012.txt
P11_frustrated_0013.jpg,bigdata_frustrated_engaged_sultanbudi_44_1773299495533_012_jpg.rf.4fe08685fa71f2af5bb57c0665d6781d.jpg,P11,public,train,3,frustrated,e089e7b8fc4240d37569dfea9713a17fb47ecda24e0ab4988ef27ebd4370da60,test,640,480,P11_frustrated_0013.txt
P11_frustrated_0014.jpg,bigdata_frustrated_engaged_sultanbudi_44_1773299495533_013_jpg.rf.c2c278f9886762a6303992f573408a72.jpg,P11,public,train,3,frustrated,bf2134f5e66d6222196efd50497d82427d6a8ad22d466a4f1c2601b234b626f5,train,640,480,P11_frustrated_0014.txt
P11_frustrated_0015.jpg,bigdata_frustrated_engaged_sultanbudi_44_1773299495533_014_jpg.rf.f311c73ea7f8a33f560974aa506a1ba9.jpg,P11,public,train,3,frustrated,58e531143812b1b5a8086f61385d9e0819cd08643d0149d0691d642d3e65d013,test,640,480,P11_frustrated_0015.txt
P11_frustrated_0016.jpg,bigdata_frustrated_engaged_sultanbudi_44_1773299496499_015_jpg.rf.f3b84eaadb0318432d427b0106362b55.jpg,P11,public,train,3,frustrated,8a9c99e87ee7ef9d95e52e835adbd2d25c555162c74a34988119a237338f89b1,train,640,480,P11_frustrated_0016.txt
P11_frustrated_0017.jpg,bigdata_frustrated_engaged_sultanbudi_44_1773299496499_016_jpg.rf.3de10e7132e920adfd48d15c3d0e335d.jpg,P11,public,train,3,frustrated,8a4c8b42523249edae8e2f77d3b82d63bdc3a41b12a68e1e5444b1395dbbd7ce,train,640,480,P11_frustrated_0017.txt
P11_frustrated_0018.jpg,bigdata_frustrated_engaged_sultanbudi_44_1773299496499_017_jpg.rf.d48858214506855c5dce1ff6e6cc61af.jpg,P11,public,train,3,frustrated,f0d7cabf94a2bc884fbfc79477e75d367ac03a24e0167c347e3fd18160165274,train,640,480,P11_frustrated_0018.txt
P11_frustrated_0019.jpg,bigdata_frustrated_engaged_sultanbudi_44_1773299496499_018_jpg.rf.8740bc6bd593905ed270e98130e0127e.jpg,P11,public,train,3,frustrated,73f5489807ddbf2a7435b0c1b85b2d9fd4e72930f087d0a1a09e80b158894479,train,640,480,P11_frustrated_0019.txt
P11_frustrated_0020.jpg,bigdata_frustrated_engaged_sultanbudi_44_1773299496499_019_jpg.rf.643981bb46bf65e793a7c06fddc20ff5.jpg,P11,public,train,3,frustrated,b093d89bb682a73d8a9a9a5a49a13c8ead42651a1174ceb2eb5729265eb3aab1,train,640,480,P11_frustrated_0020.txt
P11_frustrated_0021.jpg,bigdata_frustrated_engaged_sultanbudi_44_1773299497400_020_jpg.rf.a0a4d0fce5c22c8f9d5a82da81dc8c65.jpg,P11,public,train,3,frustrated,1e7e35d303845988bd83f45dd0515e90cc1ed066e25e87a1f2e489cf765a46a0,train,640,480,P11_frustrated_0021.txt
P11_frustrated_0022.jpg,bigdata_frustrated_engaged_sultanbudi_44_1773299497400_021_jpg.rf.69cafeba5467b4bbf1a89472c60f16b8.jpg,P11,public,train,3,frustrated,bb74c4beaea172de74f8c811a11374b12b2e8459087fbe7d4292a327c55e706d,train,640,480,P11_frustrated_0022.txt
P11_frustrated_0023.jpg,bigdata_frustrated_engaged_sultanbudi_44_1773299497400_022_jpg.rf.c0b6ab66c1f6d5ec1c2fe2417280bf99.jpg,P11,public,train,3,frustrated,272955d6c413c99694a4ea6f26533f04d77c7a59041a8925987af19dae4f4f73,train,640,480,P11_frustrated_0023.txt
P11_frustrated_0024.jpg,bigdata_frustrated_engaged_sultanbudi_44_1773299497400_023_jpg.rf.00a5d37058f007e010f2364f2334221c.jpg,P11,public,train,3,frustrated,3f1c8c71b669ea4f0684a03a9a51915a0542422e89f270a92d4c474c30745068,train,640,480,P11_frustrated_0024.txt
S01_bored_0001.jpg,bored_2196.jpg,S01,private,train,2,bored,196b1df803244ee9737c995f89ede8f0caaccebd9263e603c5f7b2d45ad13ac2,train,640,480,S01_bored_0001.txt
S01_bored_0002.jpg,bored_2288.jpg,S01,private,train,2,bored,d2c276cfdce673049ed488ff13f6bc8fd503a02621c3648bb94349b421a010f3,train,640,480,S01_bored_0002.txt
S01_bored_0003.jpg,bored_2371.jpg,S01,private,train,2,bored,21eda8c89bda44dd923ade8255b0857cf58671110b1ce2155b263c03a7ce24d9,train,640,480,S01_bored_0003.txt
S01_bored_0004.jpg,bored_2459.jpg,S01,private,train,2,bored,be2bd1958bd3a4ed8e1dfd4f25fbfb326fb43eb6a2bbd81ca6e78882c4c55939,train,640,480,S01_bored_0004.txt
S01_bored_0005.jpg,bored_4708.jpg,S01,private,train,2,bored,29d06a313fcf4acdedbe1cd9265bc1f3a073403370bfbc479a6e65163b433ce2,test,640,480,S01_bored_0005.txt
S01_bored_0006.jpg,bored_4880.jpg,S01,private,train,2,bored,6b4f973f024dd75853b15b588dead37296909bf95976929adf1a54c88a4f6360,train,640,480,S01_bored_0006.txt
S01_bored_0007.jpg,bored_5123.jpg,S01,private,train,2,bored,5e3aa0ea9ebf1bfc36542c3c314f446c38469ebcc91555ede726778803c0a0fe,train,640,480,S01_bored_0007.txt
S01_bored_0008.jpg,bored_5166.jpg,S01,private,train,2,bored,3744108be913c5cbce0ee902bb1c94e599062b551f7bcdf244359c7b06dbd387,train,640,480,S01_bored_0008.txt
S01_bored_0009.jpg,bored_5169.jpg,S01,private,train,2,bored,1cd72988a0d3d4e770e1a83eb413cb105ae8ed489fab97598887c1a0f72d8586,train,640,480,S01_bored_0009.txt
S01_bored_0010.jpg,bored_5171.jpg,S01,private,train,2,bored,b9c40e985a86915216aaa7abf81f7cffe661662af326620000b5b52b97b6c7ec,train,640,480,S01_bored_0010.txt
S01_bored_0011.jpg,bored_5177.jpg,S01,private,train,2,bored,47928e0dbd6201a9ebaddb912da53c1852054e085bd5df95112c19f65aa7a177,train,640,480,S01_bored_0011.txt
S01_bored_0012.jpg,bored_5182.jpg,S01,private,train,2,bored,e14c1d5dc7b5eb33faa0389e6542cc731caec404878ee3e088c2fbce4f23f6f8,train,640,480,S01_bored_0012.txt
S01_bored_0013.jpg,bored_5188.jpg,S01,private,train,2,bored,a186071fcbee902f6ba82d534d190f27d7a91de3eb797125c44c6e40ccfa6dda,train,640,480,S01_bored_0013.txt
S01_bored_0014.jpg,bored_5193.jpg,S01,private,train,2,bored,cd2898984085daad1cc36fc80959bf2c22e40b3cfea710ee5c678726911a3682,val,640,480,S01_bored_0014.txt
S01_bored_0015.jpg,bored_5197.jpg,S01,private,train,2,bored,92e10f87c78b8f0a08d45498de006a25ed50df81870f33643c7c0644d2ec7112,train,640,480,S01_bored_0015.txt
S01_bored_0016.jpg,bored_5202.jpg,S01,private,train,2,bored,a3fa9124d08e588807e46a0b85ab207f09700bacb15d2833055bf7f51a86b705,train,640,480,S01_bored_0016.txt
S01_bored_0017.jpg,bored_5207.jpg,S01,private,train,2,bored,1e73acbea73de5d9cb6cd2938a65fb8352b254d6d664d19d9503c020b0e26aff,train,640,480,S01_bored_0017.txt
S01_bored_0018.jpg,bored_5212.jpg,S01,private,train,2,bored,8025c43ca8aba9ae277a62621fdba49a736340c45462b8ebb34ee2bec54b20a7,train,640,480,S01_bored_0018.txt
S01_bored_0019.jpg,bored_5217.jpg,S01,private,train,2,bored,23c31973e8f2d88e2d9bd0d09387495ed38bb397cad4cbefc9712a844f7eea2d,train,640,480,S01_bored_0019.txt
S01_bored_0020.jpg,bored_5222.jpg,S01,private,train,2,bored,39c33aff3919f241545ffd9e7c90c1080781abcf9e2709f9a9b7b7a9ce78b847,test,640,480,S01_bored_0020.txt
S01_bored_0021.jpg,bored_5226.jpg,S01,private,train,2,bored,46c2df729ed5ae4f77be47969b6bd70b4fdcc8eb48f588e6ba5de7a52201b122,test,640,480,S01_bored_0021.txt
S01_bored_0022.jpg,bored_5306.jpg,S01,private,train,2,bored,e395d16623f90e274a87c35ee4c2aebca25d57dbf50a39dab25c8322953353eb,train,640,480,S01_bored_0022.txt
S01_bored_0023.jpg,bored_5543.jpg,S01,private,train,2,bored,9d6fc2eda896231445d2c54a441426957c6e77dc99fae89b7dd30c47e0cb0fdc,train,640,480,S01_bored_0023.txt
S01_bored_0024.jpg,bored_5553.jpg,S01,private,train,2,bored,8050254e2d07ec7207b4e3650549a2b8a4cada80a54d91e660dd0e1509c096a2,train,640,480,S01_bored_0024.txt
S01_bored_0025.jpg,bored_5596.jpg,S01,private,train,2,bored,7e416e698134a8cee63a81f589f50a23b568145d0e3579e841567185e6852464,train,640,480,S01_bored_0025.txt
S01_bored_0026.jpg,bored_5606.jpg,S01,private,train,2,bored,99fdb41a92c734042413c9b697dbcdb6c24165814cd1273dc8fc490c0b4c7a8f,train,640,480,S01_bored_0026.txt
S01_bored_0027.jpg,bored_5685.jpg,S01,private,train,2,bored,1a45dcdcf7a9f2c84649be10b297725aa2fb5ecb5f61c5e047032fd405fbdc17,test,640,480,S01_bored_0027.txt
S01_bored_0028.jpg,bored_5695.jpg,S01,private,train,2,bored,c2909fcd993b6573bbb441b8d32fd6715dad2a9270e7d9e2b1a2c0909d28e5a2,val,640,480,S01_bored_0028.txt
S01_bored_0029.jpg,bored_5700.jpg,S01,private,train,2,bored,727c8ee75bbf187c9f646d444e8dd25d7cf26898f2ee72afddb4b5b8fda65cff,train,640,480,S01_bored_0029.txt
S01_bored_0030.jpg,bored_5706.jpg,S01,private,train,2,bored,f7e7efe01ad272f83b72638fccef3be12c8887948ff53fcb785cd21e2cadce2c,train,640,480,S01_bored_0030.txt
S01_bored_0031.jpg,bored_5867.jpg,S01,private,train,2,bored,1a905c66e5bd6bf4ab0906fe64fb6409b83201eb80f5e06ff363c8f630970af4,train,640,480,S01_bored_0031.txt
S01_bored_0032.jpg,bored_5893.jpg,S01,private,train,2,bored,924ab1a29a493f939fdfdaa5ac2eb6f6d52cc25e3bfe9b434804b213ee37e531,train,640,480,S01_bored_0032.txt
S01_bored_0033.jpg,bored_5899.jpg,S01,private,train,2,bored,12bbfd7a4790862a5bcf549a62ceef0567b4bb8e165676e37d56fcb9aea7b176,train,640,480,S01_bored_0033.txt
S01_bored_0034.jpg,bored_5905.jpg,S01,private,train,2,bored,fa4c719d86081bafe6a49bbe817e6aa402a71f78d035a49143efeb1a096184ec,train,640,480,S01_bored_0034.txt
S01_bored_0035.jpg,bored_5910.jpg,S01,private,train,2,bored,ae18df2ff035e22906e42319e4203e5173340d77ca64ebf8df53f90f1744567c,val,640,480,S01_bored_0035.txt
S01_bored_0036.jpg,bored_5914.jpg,S01,private,train,2,bored,7123e2320509381ddbde156ed86a427666000afea3783979ceb0ff5adb5f1425,train,640,480,S01_bored_0036.txt
S01_bored_0037.jpg,bored_5919.jpg,S01,private,train,2,bored,bcdba50cc46938b98eec175699b213db6ca216fb3421c66c0fe012c6e6dd06b1,train,640,480,S01_bored_0037.txt
S01_bored_0038.jpg,bored_6005.jpg,S01,private,train,2,bored,55f0643784d31e500227eab19257da7f7b0dfbd0da1414f10ccbe462a8492c02,train,640,480,S01_bored_0038.txt
S01_bored_0039.jpg,bored_6010.jpg,S01,private,train,2,bored,1475b5f92620ab2495389158e1d18c176d7e45115d2c9feaf4ff5045dea2477f,train,640,480,S01_bored_0039.txt
S01_bored_0040.jpg,bored_6016.jpg,S01,private,train,2,bored,9a5d992a3ff94f17c673b3f6c8875bfaf282e44a53337691cfae9089307514fc,train,640,480,S01_bored_0040.txt
S01_bored_0041.jpg,bored_6022.jpg,S01,private,train,2,bored,408f8fd29c97bea609c43ef9643c2148828ce7ffe7c425af6d4e83feb1be5a0f,train,640,480,S01_bored_0041.txt
S01_bored_0042.jpg,bored_6027.jpg,S01,private,train,2,bored,8a9679cf566d023e91b1eccf120633715d955a2ee92ac55ff4b8485ee75fac1f,train,640,480,S01_bored_0042.txt
S01_bored_0043.jpg,bored_6032.jpg,S01,private,train,2,bored,f94377ef28bfa8e1dfad4e07913ce3d77484cc0d83b5d43580f0c49a4faf1846,train,640,480,S01_bored_0043.txt
S01_bored_0044.jpg,bored_6037.jpg,S01,private,train,2,bored,ecd642e0bf12cc35ba546151d4b1f4adb9d0b12aa11f7a5017598fced25c16b6,train,640,480,S01_bored_0044.txt
S01_bored_0045.jpg,bored_6042.jpg,S01,private,train,2,bored,371cc5df42feb2721faea2b2bc0ad0440eaa410d0de0630fe4a6db529652731c,train,640,480,S01_bored_0045.txt
S01_bored_0046.jpg,bored_6047.jpg,S01,private,train,2,bored,37240cec561ede6ed9a761141de0c173568a6e0ef426095624fd850f4d886f29,test,640,480,S01_bored_0046.txt
S01_bored_0047.jpg,bored_6080.jpg,S01,private,train,2,bored,4d087073bbc217a57b343af2a35fffabdc78d74bd2fd0c9c8b3d1e6cd3373238,train,640,480,S01_bored_0047.txt
S01_bored_0048.jpg,bored_6265.jpg,S01,private,train,2,bored,f939fc3db6a9578036c46768718bc2a5701b8f531339dbaa41a9402c9f15a535,train,640,480,S01_bored_0048.txt
S01_bored_0049.jpg,bored_6271.jpg,S01,private,train,2,bored,ff4ff97c3c850f2fc03edb29061d376d799d85e1fc8e10a01c07ddbabe4d3c4a,train,640,480,S01_bored_0049.txt
S01_bored_0050.jpg,bored_6275.jpg,S01,private,train,2,bored,fabe7e2554c5bcc01624270851f49b19ad7ce9957df3ba734128f54a183c03d9,train,640,480,S01_bored_0050.txt
S01_bored_0051.jpg,bored_6279.jpg,S01,private,train,2,bored,f00d84b4685d733d98ce147334d72a4222c889cf3912181da517e30135ca29f5,test,640,480,S01_bored_0051.txt
S01_bored_0052.jpg,bored_6290.jpg,S01,private,train,2,bored,d6e932504f2ff8486d4ec40ca97dcbb283ab9352b6e2679b9d79623a1ee18a71,val,640,480,S01_bored_0052.txt
S01_bored_0053.jpg,bored_6294.jpg,S01,private,train,2,bored,11cb64748b4d893d88b6763ed12cfeeeba123cd7087c6d716eaf2dfa0148013f,train,640,480,S01_bored_0053.txt
S01_bored_0054.jpg,bored_6298.jpg,S01,private,train,2,bored,b59728b15e2be7bd8006218635ac551c908580edd27d799f4bbd0cb5194e496b,train,640,480,S01_bored_0054.txt
S01_bored_0055.jpg,bored_6302.jpg,S01,private,train,2,bored,b46dbe7745da0a2e733625378d8af533d5649943dd448a4f725d9912c613d6b6,train,640,480,S01_bored_0055.txt
S01_bored_0056.jpg,bored_6375.jpg,S01,private,train,2,bored,aeace0b1d07f94efef138acc7802e52370c3622d4fd4fc366c91764db54d731d,train,640,480,S01_bored_0056.txt
S01_bored_0057.jpg,bored_6379.jpg,S01,private,train,2,bored,563c02c61fcee5a33ab859ee0a712fac4965dc98efca2b16a53ccda7a851195e,test,640,480,S01_bored_0057.txt
S01_bored_0058.jpg,bored_6405.jpg,S01,private,train,2,bored,face8f61719af01301b4367c222698653d93ba0721ea7c666d2c8ec3515e3dfe,train,640,480,S01_bored_0058.txt
S01_bored_0059.jpg,bored_6410.jpg,S01,private,train,2,bored,0a718d9c68485827257f38a445b20e3174b5a0c7207caa1b96bae75ab58d45e3,train,640,480,S01_bored_0059.txt
S01_bored_0060.jpg,bored_6881.jpg,S01,private,train,2,bored,0476d0edb148ddf15749da658f12cfdcaa77db88b2873a9c236d3ebcf4fe9b5c,train,640,480,S01_bored_0060.txt
S01_bored_0061.jpg,bored_6887.jpg,S01,private,train,2,bored,7a6b860fd39092d984f62197d33c7189d02ffe9066c94fd16f239274ec286a46,train,640,480,S01_bored_0061.txt
S01_bored_0062.jpg,bored_6891.jpg,S01,private,train,2,bored,b5196311f43ee2c17847048028c42e44e1a3d0877e4ef9dfe53743c0bb397ab6,train,640,480,S01_bored_0062.txt
S01_bored_0063.jpg,bored_6895.jpg,S01,private,train,2,bored,0529fe51402e68525ec6f351d9994bf9314d88ea849927e810ccee8a4c9e6ea2,train,640,480,S01_bored_0063.txt
S01_bored_0064.jpg,bored_6902.jpg,S01,private,train,2,bored,f6a8404677562670dbe1753ef09021e70f95fe9ce86307e7ffeab0df6fd5f6cc,train,640,480,S01_bored_0064.txt
S01_bored_0065.jpg,bored_6918.jpg,S01,private,train,2,bored,301f0eab73cf9f28586374489b00fff01cda1ada3ae052c62c5d88a515446c1e,test,640,480,S01_bored_0065.txt
S01_bored_0066.jpg,bored_6919.jpg,S01,private,train,2,bored,3eb92cc1bc67f43a2dcdd20204e2d9312997e5d17778ab6d24a4919dfcbb2f79,train,640,480,S01_bored_0066.txt
S01_bored_0067.jpg,bored_6920.jpg,S01,private,train,2,bored,85b46e8ae217bf8c1d3dffd05e9f1a4626e973be77b0ce6ff96d51d6cb517162,train,640,480,S01_bored_0067.txt
S01_bored_0068.jpg,bored_7026.jpg,S01,private,train,2,bored,ad66040cd37e53cccb42577271ea768239d05e870de8fe87a34eb61ce0e6f44d,train,640,480,S01_bored_0068.txt
S01_bored_0069.jpg,bored_7035.jpg,S01,private,train,2,bored,a8216945e5608ff06da75f8bda4e5068c1384566dd76e2aa5823988b4fc34049,val,640,480,S01_bored_0069.txt
S01_bored_0070.jpg,bored_7069.jpg,S01,private,train,2,bored,3123d877d867814f6da399b50f7e9db35022ac95e0ce9c61dbdd74d5008d97c7,train,640,480,S01_bored_0070.txt
S01_bored_0071.jpg,bored_7074.jpg,S01,private,train,2,bored,2e5e9facf711d92cc3393be87e747a908c1b7fa2ee968edc5df5c2e2395ac5f4,val,640,480,S01_bored_0071.txt
S01_bored_0072.jpg,bored_7078.jpg,S01,private,train,2,bored,19616bd12ab5204831a6b67f6304126b59c28face1da76bb09ccb1b8d7ec91a1,train,640,480,S01_bored_0072.txt
S01_bored_0073.jpg,bored_7081.jpg,S01,private,train,2,bored,899d717d2a55762cd435f13d036263362e774d4aebf1e085511f288b8296b85b,train,640,480,S01_bored_0073.txt
S01_bored_0074.jpg,bored_7094.jpg,S01,private,train,2,bored,5980332d08d5c56fdec27914a108e5fba252bd6bff873f949eb5ac104363de1d,test,640,480,S01_bored_0074.txt
S01_bored_0075.jpg,bored_7097.jpg,S01,private,train,2,bored,420594120b9bd4139bf13b0c98ae24e2a30f535f663fae2c9eb00ea72d5ee563,train,640,480,S01_bored_0075.txt
S01_bored_0076.jpg,bored_7104.jpg,S01,private,train,2,bored,c53165f861c6f84496441a1ba975851ecf210426774150ec204c707fcf8a8e58,train,640,480,S01_bored_0076.txt
S01_bored_0077.jpg,bored_7107.jpg,S01,private,train,2,bored,70a8c899a63220710cfbe6c3bc810cd102762cee3ff8a5d94376c7500f162722,test,640,480,S01_bored_0077.txt
S01_bored_0078.jpg,bored_7110.jpg,S01,private,train,2,bored,c53b8a2fa23701b19592442e4cdfc7909e8cdafc30edc2c6a32b6a338eb0df66,train,640,480,S01_bored_0078.txt
S01_bored_0079.jpg,bored_7114.jpg,S01,private,train,2,bored,6e60715535c36aa3d59c3d12b3aa2e9fd82936656a73ab66cc4a85d9f74eadb5,val,640,480,S01_bored_0079.txt
S01_bored_0080.jpg,bored_7122.jpg,S01,private,train,2,bored,db91c2214c1178937cc0dac85574aea0c6e30cd96ad8624151989c607f810a14,train,640,480,S01_bored_0080.txt
S01_bored_0081.jpg,bored_7126.jpg,S01,private,train,2,bored,24a0c32618bc15fd359f26ab6bfbd6d17a0b84f447ca8397c06184394ada8e16,train,640,480,S01_bored_0081.txt
S01_bored_0082.jpg,bored_7128.jpg,S01,private,train,2,bored,5d327c38a9473ca55ef14d80959af4135b1dfaec885ba7d3a09cbb3ebeb54c08,train,640,480,S01_bored_0082.txt
S01_bored_0083.jpg,bored_7131.jpg,S01,private,train,2,bored,ebe0e98b90f10ae9391816b948e9b17a6a38634ed1c0ad469b33910820fe0254,train,640,480,S01_bored_0083.txt
S01_bored_0084.jpg,bored_7160.jpg,S01,private,train,2,bored,465ec3c41bc8c1cc4fa9697cadb5aba6004e6560a237e49ac23738b8edea67a4,train,640,480,S01_bored_0084.txt
S01_bored_0085.jpg,bored_7164.jpg,S01,private,train,2,bored,5efaec834da0a1200989ea21b5ccf386f5c372a0731b7d09c1a57e76879bf8d7,train,640,480,S01_bored_0085.txt
S01_confused_0015.jpg,confused_3376.jpg,S01,private,train,1,confused,24c55a9dfad16aa7d49cf15014b62d35dbe3deabe94f78fa7831add2c8432778,train,640,480,S01_confused_0015.txt
S01_confused_0016.jpg,confused_3417.jpg,S01,private,train,1,confused,89da8a368a7013c082bde93277ea62d41465fb12731a5053cf54f3d26bdc5517,train,640,480,S01_confused_0016.txt
S01_confused_0017.jpg,confused_3861.jpg,S01,private,train,1,confused,645966b0330730b01a7c6b4d6019052ce233d1f5ab461c2694e1a27d9a17df57,train,640,480,S01_confused_0017.txt
S01_confused_0018.jpg,confused_3879.jpg,S01,private,train,1,confused,d582dcbca17b01b3672716db491d107741a58a9429924f10d5f279aa6eb61d94,train,640,480,S01_confused_0018.txt
S01_confused_0019.jpg,confused_3883.jpg,S01,private,train,1,confused,23a17985802cf6bdfaf2b88bbd641ced513d3bc05887f8581d6f1f08f065c4f3,train,640,480,S01_confused_0019.txt
S01_confused_0020.jpg,confused_3887.jpg,S01,private,train,1,confused,43150c398e12a6caef8f4de4fdfaceddad6769099bcac677c3d8bdf63e6588a6,val,640,480,S01_confused_0020.txt
S01_confused_0021.jpg,confused_3892.jpg,S01,private,train,1,confused,2228a12f2dacaab33ade678b55b386b9c7ef217b083a0e94e7196e218db9d15f,train,640,480,S01_confused_0021.txt
S01_confused_0022.jpg,confused_3897.jpg,S01,private,train,1,confused,569b8ac095af8abb898120442e574ef13658941987f6c2bb1523ffd0ef67851c,train,640,480,S01_confused_0022.txt
S01_confused_0023.jpg,confused_3975.jpg,S01,private,train,1,confused,6a43887f703ac4512830ac1fe0d5711291df2fb192571dc86fa00f7526654231,train,640,480,S01_confused_0023.txt
S01_confused_0024.jpg,confused_3984.jpg,S01,private,train,1,confused,4264ca341076da8ebf3571eaec837222dcad6601e39b840bf57fa9b45f791f82,train,640,480,S01_confused_0024.txt
S01_confused_0025.jpg,confused_4055.jpg,S01,private,train,1,confused,0346f950fe267836ea829e084cea575fae0a201cf1ef519790dec095e42b2b79,train,640,480,S01_confused_0025.txt
S01_confused_0026.jpg,confused_4134.jpg,S01,private,train,1,confused,e72696b4f1a392448fec83bbb459c4ec6ecd849b5b250ca3cc199ac7bc71c425,test,640,480,S01_confused_0026.txt
S01_confused_0027.jpg,confused_4139.jpg,S01,private,train,1,confused,bcdd29471a7d16573d2f53c049e989aa812489988c6e79309734923932f712ed,train,640,480,S01_confused_0027.txt
S01_confused_0028.jpg,confused_4142.jpg,S01,private,train,1,confused,bf42286e95bf9832e5bdd25611388ab8be4564e6baba2bd56d491d60e64b9f07,test,640,480,S01_confused_0028.txt
S01_confused_0029.jpg,confused_4147.jpg,S01,private,train,1,confused,b512cdf8166cdf67f54b2c11d47d456e9ffdf0a18ccbc096c9470f9f0d9c502d,train,640,480,S01_confused_0029.txt
S01_confused_0030.jpg,confused_4153.jpg,S01,private,train,1,confused,0c5a4b83a35f6802368bd9325fae803eda7514816abc0af9bd34326a9168f455,train,640,480,S01_confused_0030.txt
S01_confused_0031.jpg,confused_4207.jpg,S01,private,train,1,confused,45ff24aec5e3cc569b43d11e71f1af9adf2680fcf53ea770891b22e4310588cb,train,640,480,S01_confused_0031.txt
S01_confused_0032.jpg,confused_4212.jpg,S01,private,train,1,confused,5f49d3eb96f454a5b3db404f474d11e948b634b9821bac1b5fee269e8be0d6cc,val,640,480,S01_confused_0032.txt
S01_confused_0033.jpg,confused_4217.jpg,S01,private,train,1,confused,d5c9e68a5808b94521dac77134213e7bd020a2016b3fc7d8360b348cf99ddd55,train,640,480,S01_confused_0033.txt
S01_confused_0034.jpg,confused_4229.jpg,S01,private,train,1,confused,f778d3e2bd64ab7694f0b549df6a7eb204277df207966a962fafe464afcbd576,train,640,480,S01_confused_0034.txt
S01_confused_0035.jpg,confused_4234.jpg,S01,private,train,1,confused,2d9b33e473e6da004706436031db9d403d09eb8a95947b70bfe40ed60cc63e7a,train,640,480,S01_confused_0035.txt
S01_confused_0036.jpg,confused_4239.jpg,S01,private,train,1,confused,fc85d6f0bbc7e937fd5800d7cb0d15d83ed0691c028faa521456f0b14f93e9c2,train,640,480,S01_confused_0036.txt
S01_confused_0037.jpg,confused_4253.jpg,S01,private,train,1,confused,de9ad8c88ef5fe1dab0f06e673fc13b0a1112966548c91ee3e961a7d4974d6f8,train,640,480,S01_confused_0037.txt
S01_confused_0038.jpg,confused_4347.jpg,S01,private,train,1,confused,1d3151c718b522e46e91fb66f89998865c00b711b695873ee8e7b1312378c0d3,train,640,480,S01_confused_0038.txt
S01_confused_0039.jpg,confused_4351.jpg,S01,private,train,1,confused,a76ee7311252586c831781342053b66659672f59459170fc0033131c00cbae72,train,640,480,S01_confused_0039.txt
S01_confused_0040.jpg,confused_4356.jpg,S01,private,train,1,confused,ef7aa28fc149a536a0d229ae5b407af0ceded1dfc6b86e4aa0c27aa4347c5d0c,train,640,480,S01_confused_0040.txt
S01_confused_0041.jpg,confused_4361.jpg,S01,private,train,1,confused,1e2b414e99f20fa1c4cf0354ea5ccb35ef02b77919e75cb0653ada41ea807a37,test,640,480,S01_confused_0041.txt
S01_confused_0042.jpg,confused_4367.jpg,S01,private,train,1,confused,db19fd3837d54fe098a074a6beaf0403ba4527245153d6f135f84e420b91a0cb,train,640,480,S01_confused_0042.txt
S01_confused_0043.jpg,confused_4371.jpg,S01,private,train,1,confused,648c5145d6776a8ab927fd29181782f27d6e6e267946bac7d485947f6fb74535,train,640,480,S01_confused_0043.txt
S01_confused_0044.jpg,confused_4375.jpg,S01,private,train,1,confused,4469ebde4399cbb6a70c806dbe6bb756881859a76750e0fe7b1039070d1fe3a7,train,640,480,S01_confused_0044.txt
S01_confused_0045.jpg,confused_4519.jpg,S01,private,train,1,confused,2b1498a494dcb42f9b59805906f0eaa198a76af318ec50364ca1a40a2b58a5bc,train,640,480,S01_confused_0045.txt
S01_confused_0046.jpg,confused_4523.jpg,S01,private,train,1,confused,c0c81cd9a4b8c8042521fc08559b9aba7e73d8231880d9ebe491e8b1bb539655,train,640,480,S01_confused_0046.txt
S01_confused_0047.jpg,confused_4527.jpg,S01,private,train,1,confused,8155e981eddda668f2be59bb9e2a39cc1217c2a35677bfd733e085cb813797eb,train,640,480,S01_confused_0047.txt
S01_confused_0048.jpg,confused_4532.jpg,S01,private,train,1,confused,f14ef858a104b292012e76bdd3aa30afb2a9e04f3dba8d5fbd5a5626693b9e0f,train,640,480,S01_confused_0048.txt
S01_confused_0049.jpg,confused_4536.jpg,S01,private,train,1,confused,04c6a28ade04cb0db91768f1e4591da7e253b757941a8e47bf44b610de45e916,train,640,480,S01_confused_0049.txt
S01_confused_0050.jpg,confused_4540.jpg,S01,private,train,1,confused,62147a938339b5b10e5d4f5d393ebce841cf049eaac7f496d2b79e7660192bb2,train,640,480,S01_confused_0050.txt
S01_confused_0051.jpg,confused_4544.jpg,S01,private,train,1,confused,98272115bff4da3b98adbb6aa59f9aba18a2d1c001131c3c467fce2b23eb6992,train,640,480,S01_confused_0051.txt
S01_confused_0052.jpg,confused_4563.jpg,S01,private,train,1,confused,2dc0141cb05505dacdbcc8e1c84358ad4ef1db12fcd316570aee61307f6cfc3d,train,640,480,S01_confused_0052.txt
S01_confused_0053.jpg,confused_4568.jpg,S01,private,train,1,confused,6a439112b4b4196de9fd35d9d5c19f0518f53dc92b4add0b13a9e34497d014bf,train,640,480,S01_confused_0053.txt
S01_confused_0054.jpg,confused_4573.jpg,S01,private,train,1,confused,bc0861c2ab8cf89fcded2d718475bb0bad47399dc0a2c306a4d592fd2225d1cd,train,640,480,S01_confused_0054.txt
S01_confused_0055.jpg,confused_4578.jpg,S01,private,train,1,confused,6739dcd2bf3df5aae5cb37ff3af62180d2e802f5552d937e4c349982112fa72d,train,640,480,S01_confused_0055.txt
S01_confused_0056.jpg,confused_4584.jpg,S01,private,train,1,confused,0d2be913e777254879d063cc5dc46bb35ed851bdd6a0d1d12fb655c72fc19606,train,640,480,S01_confused_0056.txt
S01_confused_0057.jpg,confused_4697.jpg,S01,private,train,1,confused,dd5d1e5e5db6a7c54b10a4198aa6cdb7dc4e4ba47bb298912f0f6679bdc4f52c,train,640,480,S01_confused_0057.txt
S01_confused_0058.jpg,confused_4701.jpg,S01,private,train,1,confused,62b14eeb253fcc51add693f70387ffa11105d18d39ab0bb612e97d125ad92ecd,train,640,480,S01_confused_0058.txt
S01_confused_0059.jpg,confused_4706.jpg,S01,private,train,1,confused,c3633112aeba5b25638fb3d78cac6b5002eee615bdca3601c273496bbd4e45b7,train,640,480,S01_confused_0059.txt
S01_confused_0060.jpg,confused_4711.jpg,S01,private,train,1,confused,da27021b71a81fcbe7b4f6e2f6bdcd3e230111fd35854e086da8e547ba5473ca,train,640,480,S01_confused_0060.txt
S01_confused_0061.jpg,confused_4716.jpg,S01,private,train,1,confused,c2b997139d7939b32bb617c222865ff6712732e3d7971d7f11bf499701e64665,train,640,480,S01_confused_0061.txt
S01_confused_0062.jpg,confused_4721.jpg,S01,private,train,1,confused,917d20d9cf7332dca96b4611340cb0572c0715f61318309553ebcd1e8a06ff3c,train,640,480,S01_confused_0062.txt
S01_confused_0063.jpg,confused_4726.jpg,S01,private,train,1,confused,e531f7b523d095c05d1db0d0c64fa635f54a70b9751ef16fc0e293f11a4dc8a4,train,640,480,S01_confused_0063.txt
S01_confused_0064.jpg,confused_4730.jpg,S01,private,train,1,confused,115c1b01ca4ec36efb509c5881c1e98c011e89fb44253ee0e100a642d5d5c16b,train,640,480,S01_confused_0064.txt
S01_confused_0065.jpg,confused_4734.jpg,S01,private,train,1,confused,da007e13aa166cff220819a9780a72168abe6bf3122265f3b79813cddf0b1671,test,640,480,S01_confused_0065.txt
S01_confused_0066.jpg,confused_4739.jpg,S01,private,train,1,confused,e085c3687edacc9a350dd60d67f52fdc051497b88b54a2e8aea159d8ca6e8a71,train,640,480,S01_confused_0066.txt
S01_confused_0067.jpg,confused_4744.jpg,S01,private,train,1,confused,0af63674262cbf5900566869e5c952778d9bca4f5a8ca6b53b8a6766f7de024b,test,640,480,S01_confused_0067.txt
S01_confused_0068.jpg,confused_8595.jpg,S01,private,train,1,confused,844bb1335a1afebc65f818fe4380f1bd5b6720c2d495bf7e1a2b1cb284973008,train,640,480,S01_confused_0068.txt
S01_confused_0069.jpg,confused_8629.jpg,S01,private,train,1,confused,4be2fcca83ab2aa23d67176da1e69f19e6ac4fb6b0ddb4b40e76526cb11ceca1,val,640,480,S01_confused_0069.txt
S01_confused_0070.jpg,confused_8698.jpg,S01,private,train,1,confused,bd704c89dcf1c30ddc41664c9abb86222d2536ac3899aae15adc7f1106a9bb49,train,640,480,S01_confused_0070.txt
S01_confused_0071.jpg,confused_8743.jpg,S01,private,train,1,confused,00937c5322f5c1c0dcbfcae718d2b26e5de8696e06bcbeb1ccfc3d2bff38faa3,train,640,480,S01_confused_0071.txt
S01_confused_0072.jpg,confused_8748.jpg,S01,private,train,1,confused,c899310083877ed3beeeba395dcc0f796c4d958ef216911f1636ac63019af81f,train,640,480,S01_confused_0072.txt
S01_confused_0073.jpg,confused_8753.jpg,S01,private,train,1,confused,8ecb2dbfe4451f4e4409e7b2eab4364d3f325fda9322a794908fc201dc4ba712,val,640,480,S01_confused_0073.txt
S01_confused_0074.jpg,confused_8778.jpg,S01,private,train,1,confused,80b148849d4ebd2ed6f4632b1551716e0afc5b1ba68f3a9184347d39e5532956,train,640,480,S01_confused_0074.txt
S01_confused_0001.jpg,confused_12264.jpg,S01,private,train,1,confused,768be438b3897af1090df61e66bb6d7948f4ebe1fcc5870057349be39e710eb4,train,640,480,S01_confused_0001.txt
S01_confused_0002.jpg,confused_12447.jpg,S01,private,train,1,confused,6a0517bdb8a67833d6ba7916bdf8dd93b4d93af5f67066c6227d9bd20d8406dc,train,640,480,S01_confused_0002.txt
S01_confused_0003.jpg,confused_12818.jpg,S01,private,train,1,confused,fea4425ae47b92c08a22c218b2917b5f5fad06faed1c9bfd2e5658f5f27837ad,train,640,480,S01_confused_0003.txt
S01_confused_0004.jpg,confused_12876.jpg,S01,private,train,1,confused,da67bbdcdd80bbb8952a42b6377eb33b8870a8dd0885929842534cd49c3c84e3,train,640,480,S01_confused_0004.txt
S01_confused_0005.jpg,confused_12882.jpg,S01,private,train,1,confused,d0871d6917919e390e33324b7b73b454862080414564de4b649c8844921773cf,train,640,480,S01_confused_0005.txt
S01_confused_0006.jpg,confused_12887.jpg,S01,private,train,1,confused,488e37a21274b935c42e2ec9091ccfc75eee2e0106c4bb81b39cf98c8dcf1a51,train,640,480,S01_confused_0006.txt
S01_confused_0007.jpg,confused_12891.jpg,S01,private,train,1,confused,4587901d8a20cf44ea592ea3c36aef9aa9980bf2e5fd00a1272cedbcb905da14,train,640,480,S01_confused_0007.txt
S01_confused_0008.jpg,confused_12896.jpg,S01,private,train,1,confused,6b78c555c64c6089adb8552f622ddab3951f3322d4239837a9827065515b27c6,train,640,480,S01_confused_0008.txt
S01_confused_0009.jpg,confused_12902.jpg,S01,private,train,1,confused,aefe6c0cdb592ea86fa04c46cd0b815801a1a5b565bef15244ea5ff53811efc0,val,640,480,S01_confused_0009.txt
S01_confused_0010.jpg,confused_13005.jpg,S01,private,train,1,confused,4014cee383a8a10a943c43356cd8429d06abe15a535974992cd364e1e693b07f,train,640,480,S01_confused_0010.txt
S01_confused_0011.jpg,confused_13009.jpg,S01,private,train,1,confused,978dc607ba122f57dba37574dec9ccf79febadee9b8c15d98042ee005cc93911,train,640,480,S01_confused_0011.txt
S01_confused_0012.jpg,confused_13013.jpg,S01,private,train,1,confused,2ed0f607983a6bc421d81cb8799693bdacf226db2fe783d41b6028afc43c6073,test,640,480,S01_confused_0012.txt
S01_confused_0013.jpg,confused_13018.jpg,S01,private,train,1,confused,b9eff710fc82ebcdfea9c24e9171ffd783da705ad2dee641d6065a1d9f08d0a7,test,640,480,S01_confused_0013.txt
S01_confused_0014.jpg,confused_13023.jpg,S01,private,train,1,confused,841e728854f6c82aba66076d541a77f465565961f05ba5aee61e82c13b7e743b,train,640,480,S01_confused_0014.txt
S01_engaged_0026.jpg,engaged_144.jpg,S01,private,train,0,engaged,83ad403d9531a97d1746d2781de506f04cde61450c3ceff1480234769cae1ecd,test,640,480,S01_engaged_0026.txt
S01_engaged_0110.jpg,engaged_212.jpg,S01,private,train,0,engaged,a5050ee034e22613aece16f850d88722e9f086f9999d685d090cfc95830188ef,test,640,480,S01_engaged_0110.txt
S01_engaged_0131.jpg,engaged_216.jpg,S01,private,train,0,engaged,592167682c330a7f65b3a9e9eeae3a107ee928645c18524816379493007ae857,train,640,480,S01_engaged_0131.txt
S01_engaged_0172.jpg,engaged_362.jpg,S01,private,train,0,engaged,d58225be8d8834e47f5090854bbf18136d6e49d717a4d2fccbbec341a2462d9e,train,640,480,S01_engaged_0172.txt
S01_engaged_0173.jpg,engaged_493.jpg,S01,private,train,0,engaged,ebc0051efd2e0527ccb9070ab1cb41513f3ab698a0c4fe8952e8634eabf015e4,train,640,480,S01_engaged_0173.txt
S01_engaged_0174.jpg,engaged_497.jpg,S01,private,train,0,engaged,ce8d62d8243dba1484145b510b9445f90dca883b2391bc7e8092a6bbae5e612b,train,640,480,S01_engaged_0174.txt
S01_engaged_0175.jpg,engaged_533.jpg,S01,private,train,0,engaged,25660655d2d213904b516583c860aad1b733f5fcd21ee5f5970037c602c04f88,train,640,480,S01_engaged_0175.txt
S01_engaged_0176.jpg,engaged_539.jpg,S01,private,train,0,engaged,535532648f1a68c87659019de89b20a177633bd0eadcd5309203a5c35d6886a6,test,640,480,S01_engaged_0176.txt
S01_engaged_0177.jpg,engaged_543.jpg,S01,private,train,0,engaged,444d4a22729525a4ab64cf7e05b345ef26e21d8aef4d6a7912b78312b72f25d3,train,640,480,S01_engaged_0177.txt
S01_engaged_0178.jpg,engaged_585.jpg,S01,private,train,0,engaged,21402fb8da9c60e20b7483715db3a74e31dc37918f6b8c55d565c4e6dadf25f7,train,640,480,S01_engaged_0178.txt
S01_engaged_0179.jpg,engaged_636.jpg,S01,private,train,0,engaged,a4626ff7146b3be9933a525382374918789f70c02b61715ed004544819f33c79,train,640,480,S01_engaged_0179.txt
S01_engaged_0180.jpg,engaged_653.jpg,S01,private,train,0,engaged,f2436cd3319816d26378379804c19180e71adf36169aeee7d03656dc602a47a3,train,640,480,S01_engaged_0180.txt
S01_engaged_0181.jpg,engaged_684.jpg,S01,private,train,0,engaged,140a39de07dcbea0618bb9b63c994c33cf40c4791da100ca2e035aa113027734,train,640,480,S01_engaged_0181.txt
S01_engaged_0182.jpg,engaged_699.jpg,S01,private,train,0,engaged,8f1c8d86112227b34eb3255fc0eaa0a6de5246df8fa44bac48f9c76c5b3ccc6c,train,640,480,S01_engaged_0182.txt
S01_engaged_0183.jpg,engaged_713.jpg,S01,private,train,0,engaged,93379489b42f21eb07b4028bb6a074043000ae85ea5a59ebcb8390253be1b904,train,640,480,S01_engaged_0183.txt
S01_engaged_0184.jpg,engaged_752.jpg,S01,private,train,0,engaged,dc956b194c29b1ac291c5aefb9fab45b542fe5b1366a4e5eb9a6eba834e04cd3,test,640,480,S01_engaged_0184.txt
S01_engaged_0185.jpg,engaged_817.jpg,S01,private,train,0,engaged,1ca10f5547889c66280875cb818c805b86dde0476d926c18fa3f796b14fc5c4f,val,640,480,S01_engaged_0185.txt
S01_engaged_0186.jpg,engaged_850.jpg,S01,private,train,0,engaged,a6fb6a7d28b50cd9af62b992d4bb37881dbb0028c2772dbcd2d2146c38d4bffc,train,640,480,S01_engaged_0186.txt
S01_engaged_0187.jpg,engaged_911.jpg,S01,private,train,0,engaged,fc3ee3a551694e3de011dbab0a05cd59d64547a11593a52f4a43857f401d4327,train,640,480,S01_engaged_0187.txt
S01_engaged_0188.jpg,engaged_970.jpg,S01,private,train,0,engaged,8ef2479373d11e718fee2ec52f358de27399bef8da3bb51963a2345ae7db26f1,train,640,480,S01_engaged_0188.txt
S01_engaged_0001.jpg,engaged_1056.jpg,S01,private,train,0,engaged,1d8b28807b8ee01c05528b9f50d029fce9243b2b39ecf52771320b57b463c7bd,test,640,480,S01_engaged_0001.txt
S01_engaged_0002.jpg,engaged_1299.jpg,S01,private,train,0,engaged,20ec35a0bb1866eb5b230969f6288215d388ec5099cb9e5547ed0c736dc3661d,val,640,480,S01_engaged_0002.txt
S01_engaged_0003.jpg,engaged_1314.jpg,S01,private,train,0,engaged,643cddca4b5d51a0601a6ee980aa88e2e0d8da8ef43d50bf2f435374e10d2d47,val,640,480,S01_engaged_0003.txt
S01_engaged_0004.jpg,engaged_1327.jpg,S01,private,train,0,engaged,5b56aefefed45e9414fa45c7794100be08cad6cb465b43d7a97f283f36518c68,train,640,480,S01_engaged_0004.txt
S01_engaged_0005.jpg,engaged_1330.jpg,S01,private,train,0,engaged,37e772c6619b7e8720a86159345bc4d2d91b3adf43f2c32c2ffe388ff1984b6e,train,640,480,S01_engaged_0005.txt
S01_engaged_0006.jpg,engaged_1333.jpg,S01,private,train,0,engaged,dcb9c1fd84513d913cce25751e799224a97431b16a7826a0c9cb3600a137466e,test,640,480,S01_engaged_0006.txt
S01_engaged_0007.jpg,engaged_1339.jpg,S01,private,train,0,engaged,c9e362b8c489a2bba87c5473647701202f885e52010ba2afd2755c4179f7bcb9,train,640,480,S01_engaged_0007.txt
S01_engaged_0008.jpg,engaged_1343.jpg,S01,private,train,0,engaged,1dc3f47938e1518f7a9a154e8e6fe7e269e11b2393f2cdf39189a4cdab21c386,val,640,480,S01_engaged_0008.txt
S01_engaged_0009.jpg,engaged_1347.jpg,S01,private,train,0,engaged,0c235dcef333c8cdddb01afae2844f89a47d48743fdc0f31ca61d76fbabda74a,val,640,480,S01_engaged_0009.txt
S01_engaged_0010.jpg,engaged_1376.jpg,S01,private,train,0,engaged,1edc46130ab6392ec51e1f81eb4121c2f4005ce3cfc1c9b59d3b4009e606e42f,val,640,480,S01_engaged_0010.txt
S01_engaged_0012.jpg,engaged_1378.jpg,S01,private,train,0,engaged,23af90972186e096f1eb240b65b4a2a9f08179dd9a6eab0f758ce0575e23ae63,test,640,480,S01_engaged_0012.txt
S01_engaged_0014.jpg,engaged_1386.jpg,S01,private,train,0,engaged,c0b126ec4e7f2d70315d13ad5ebbf05e14f952e91f05efa9426db31e65ac1e80,train,640,480,S01_engaged_0014.txt
S01_engaged_0015.jpg,engaged_1387.jpg,S01,private,train,0,engaged,7020cbd463c49550cd3e898c3dd917d206356b6d0c78e4972434510ac8863e8b,train,640,480,S01_engaged_0015.txt
S01_engaged_0016.jpg,engaged_1388.jpg,S01,private,train,0,engaged,0b215a0a7a705fe969ebf101dc3aef67fbd814702ee6fa40c7fbaa33e8cfd530,train,640,480,S01_engaged_0016.txt
S01_engaged_0018.jpg,engaged_1390.jpg,S01,private,train,0,engaged,8f3213f32e228767600aeb6b5d785f0e660f7edfd413579beccd091f85394402,train,640,480,S01_engaged_0018.txt
S01_engaged_0020.jpg,engaged_1392.jpg,S01,private,train,0,engaged,b0378bb3960d6729ea878c13de28abd8bdf001cc6efd9bfe48e0f4c3438dcb95,train,640,480,S01_engaged_0020.txt
S01_engaged_0021.jpg,engaged_1393.jpg,S01,private,train,0,engaged,6b5d2a53b58d7135d361d7ca9bafc58d7667e6a0e327f5a7f8be96a509841e8e,train,640,480,S01_engaged_0021.txt
S01_engaged_0022.jpg,engaged_1404.jpg,S01,private,train,0,engaged,11659b8fadd4074dd5727b0660efb2fb4b2a9c1560eabd25b4d55b97a4c5be13,train,640,480,S01_engaged_0022.txt
S01_engaged_0023.jpg,engaged_1405.jpg,S01,private,train,0,engaged,9dd04680bdce856e5f31c0c9df039583fce16a04f9655f7c3f842d254ae76bf9,val,640,480,S01_engaged_0023.txt
S01_engaged_0025.jpg,engaged_1407.jpg,S01,private,train,0,engaged,c9ef9ab249413732515b9d521d098c73ac6c37d265e2d9aa28e539cd046cd438,train,640,480,S01_engaged_0025.txt
S01_engaged_0027.jpg,engaged_1481.jpg,S01,private,train,0,engaged,90fce189106afe7445af4f2215e5062c9b62ddead8a96f4fa48e5f010ff2ddcf,train,640,480,S01_engaged_0027.txt
S01_engaged_0028.jpg,engaged_1495.jpg,S01,private,train,0,engaged,50bb3aa38e4be00cc5397d300945432ef890adce3f79a284d23b26e0995c4b62,train,640,480,S01_engaged_0028.txt
S01_engaged_0029.jpg,engaged_1505.jpg,S01,private,train,0,engaged,a0bef6c26bbc81b0f9f5b7c58a810f7e07e6d377037006da37f651eb72b49c77,train,640,480,S01_engaged_0029.txt
S01_engaged_0032.jpg,engaged_1523.jpg,S01,private,train,0,engaged,be38f770cad3506748131ca9d0185f166e6e78314ccb025d3fc4e9a8b20b8732,train,640,480,S01_engaged_0032.txt
S01_engaged_0033.jpg,engaged_1621.jpg,S01,private,train,0,engaged,d8d47120d82c6bc99601b042b427088103b18efc23a47f973a0aeaeabab93393,train,640,480,S01_engaged_0033.txt
S01_engaged_0034.jpg,engaged_1699.jpg,S01,private,train,0,engaged,198e0d13996f1f55405b7a90b32e79a334e6432da5daf50f863d1c8779bf8279,test,640,480,S01_engaged_0034.txt
S01_engaged_0035.jpg,engaged_1711.jpg,S01,private,train,0,engaged,9b748b3626336c8488e81f305bb1f32580fe2e41efa2ad799f5f5260e83c3369,train,640,480,S01_engaged_0035.txt
S01_engaged_0036.jpg,engaged_1714.jpg,S01,private,train,0,engaged,1adbd052f8d82ce227e0b916165464ed30bc18299c143c1927632ed186aafd31,train,640,480,S01_engaged_0036.txt
S01_engaged_0037.jpg,engaged_1737.jpg,S01,private,train,0,engaged,fca2799a2c3d39e64a0b22f57a591e4fd99d04fdb550d4eb32730e9d2af8ec1b,train,640,480,S01_engaged_0037.txt
S01_engaged_0038.jpg,engaged_1741.jpg,S01,private,train,0,engaged,56221a066d4821402378efe3b0d8d6493a803f4347192a54e9d156737391b5c9,train,640,480,S01_engaged_0038.txt
S01_engaged_0039.jpg,engaged_1745.jpg,S01,private,train,0,engaged,7e4ed2a64f0e65798b84bfa822959083ca52e9c3e3b1fef84a7ca9b79f296817,train,640,480,S01_engaged_0039.txt
S01_engaged_0040.jpg,engaged_1771.jpg,S01,private,train,0,engaged,ae44d5474c55ca6b219f9400f2c239ba71531f805873c68e6385380096a03ddd,train,640,480,S01_engaged_0040.txt
S01_engaged_0041.jpg,engaged_1775.jpg,S01,private,train,0,engaged,907f22e5869814f5284fe2bf3a307b1ec94c9864ff3a30ca26998fc63fda2459,val,640,480,S01_engaged_0041.txt
S01_engaged_0042.jpg,engaged_1779.jpg,S01,private,train,0,engaged,1e39dbf4ef96c8a00d2e1ec3b1ed7a0671d48f42fb127ff6a6a09b36db435493,val,640,480,S01_engaged_0042.txt
S01_engaged_0043.jpg,engaged_1795.jpg,S01,private,train,0,engaged,8ead8dc51c651b8304bf239cf7f341d25b9b2a9bb83c438cc3e9b92cc8738fff,train,640,480,S01_engaged_0043.txt
S01_engaged_0044.jpg,engaged_1796.jpg,S01,private,train,0,engaged,edf42730bca3ac23647efdc950b2c7e4c7bc808479b04b36f4ec853d5bbf1aca,train,640,480,S01_engaged_0044.txt
S01_engaged_0045.jpg,engaged_1802.jpg,S01,private,train,0,engaged,8b259fc981302de09d7af13af29619452163361f6c94739ab5141476c36aa2a5,train,640,480,S01_engaged_0045.txt
S01_engaged_0046.jpg,engaged_1803.jpg,S01,private,train,0,engaged,bf3bba1f34363b43f9435ea330b3f87f8f7fb2688d74c4e15bef08acca897c91,train,640,480,S01_engaged_0046.txt
S01_engaged_0048.jpg,engaged_1805.jpg,S01,private,train,0,engaged,f8276f92c4923df07972b8b0eed7350c51adfad2b63299a6d70075c449deb4b6,train,640,480,S01_engaged_0048.txt
S01_engaged_0049.jpg,engaged_1806.jpg,S01,private,train,0,engaged,2420952cc7441d614c76d7ce4be8d845ebc21171111c6491432e079e493c1cd1,test,640,480,S01_engaged_0049.txt
S01_engaged_0051.jpg,engaged_1808.jpg,S01,private,train,0,engaged,4b6e60449012d477de3d9a0d36d969dd51688147132daec05528abd806fe18dd,train,640,480,S01_engaged_0051.txt
S01_engaged_0052.jpg,engaged_1809.jpg,S01,private,train,0,engaged,bbd20bc4272842938c00e6ca1f781f69b354bbe258673f84b4fcab899f27e3c1,train,640,480,S01_engaged_0052.txt
S01_engaged_0054.jpg,engaged_1817.jpg,S01,private,train,0,engaged,bc5a2f09e35a50d9c896eae16e361ea4036989944dec3ec247e904b0e2c86008,train,640,480,S01_engaged_0054.txt
S01_engaged_0055.jpg,engaged_1836.jpg,S01,private,train,0,engaged,938a3f6869ccaaa77caed551b5f7a1e6fa95d3c76089776e82311a663fdd3d39,val,640,480,S01_engaged_0055.txt
S01_engaged_0056.jpg,engaged_1852.jpg,S01,private,train,0,engaged,2c399bf11721f17fb79ddeae53ee5e6b1ecfc9c01a40a8b99e8d394103f62480,train,640,480,S01_engaged_0056.txt
S01_engaged_0058.jpg,engaged_1854.jpg,S01,private,train,0,engaged,73bcccf3d9b26a81db37b6ab3fbe4b506183dd2c10542a7e1d96a02728e15791,train,640,480,S01_engaged_0058.txt
S01_engaged_0059.jpg,engaged_1858.jpg,S01,private,train,0,engaged,894c0f223c28d2623ff1c4762ce038246ab9448e90657a27088a33ed7aeb3ced,train,640,480,S01_engaged_0059.txt
S01_engaged_0060.jpg,engaged_1859.jpg,S01,private,train,0,engaged,68f67c805b2a45b9aff9f167ecf4d09423e48ce9bbae20b09052d5cd2a73c1eb,train,640,480,S01_engaged_0060.txt
S01_engaged_0061.jpg,engaged_1860.jpg,S01,private,train,0,engaged,434d4abc5b1226174a9b9d73977ed166c183e0963223073336a6868be05d3704,test,640,480,S01_engaged_0061.txt
S01_engaged_0062.jpg,engaged_1866.jpg,S01,private,train,0,engaged,fba4082eeb894c47300f60963bcbeb2d083ba2640cf7ce811aa7ac22edae271c,train,640,480,S01_engaged_0062.txt
S01_engaged_0064.jpg,engaged_1868.jpg,S01,private,train,0,engaged,aca6c1be4ceac3347796b4d3d1ede84861161b066bd76cf0ecfc76dee5f55501,train,640,480,S01_engaged_0064.txt
S01_engaged_0065.jpg,engaged_1869.jpg,S01,private,train,0,engaged,50feac726620abad333f3565a6f1ebfd241a5023394eb20bc73e33b52ef78d6a,train,640,480,S01_engaged_0065.txt
S01_engaged_0066.jpg,engaged_1900.jpg,S01,private,train,0,engaged,880d84ebd1c92c3122fe48fa76cba6c71cd87320ca3bf0dae18159edf5228bd2,train,640,480,S01_engaged_0066.txt
S01_engaged_0067.jpg,engaged_1916.jpg,S01,private,train,0,engaged,9b10d58a97d6f95b2344dba884506b5eae9ef52a19ea457d2c6b8de2ca41e46e,test,640,480,S01_engaged_0067.txt
S01_engaged_0068.jpg,engaged_1923.jpg,S01,private,train,0,engaged,67617f058300f4469551a6de3eef6735679d6195358be4380580a78ffc580059,train,640,480,S01_engaged_0068.txt
S01_engaged_0069.jpg,engaged_1924.jpg,S01,private,train,0,engaged,f064b4b39f89b6f1e39326c59a750cee10775ca7026187508faf4e1f8905fc80,train,640,480,S01_engaged_0069.txt
S01_engaged_0071.jpg,engaged_1933.jpg,S01,private,train,0,engaged,96234484706241cd234af16bf8f0976e52062661062bed9afdc3f1fd68186a3c,train,640,480,S01_engaged_0071.txt
S01_engaged_0072.jpg,engaged_1934.jpg,S01,private,train,0,engaged,26b35ec8980011e3916db5146d5528cb2a7fb0970e0a41bca4202582d495a373,train,640,480,S01_engaged_0072.txt
S01_engaged_0073.jpg,engaged_1956.jpg,S01,private,train,0,engaged,96b13cf77e1921ebf02d32b5d4f3930d789b4437ce9e3b7a39fbb18d380e1f9b,train,640,480,S01_engaged_0073.txt
S01_engaged_0074.jpg,engaged_1957.jpg,S01,private,train,0,engaged,50858fe1bf8de4d721acb10108413583515d5fbfefb28a7e2382b38551477609,train,640,480,S01_engaged_0074.txt
S01_engaged_0075.jpg,engaged_1979.jpg,S01,private,train,0,engaged,fc4622cae288c1f4ef7420edb4764e1153e1ce8b70c0546245723b159f7094c0,val,640,480,S01_engaged_0075.txt
S01_engaged_0076.jpg,engaged_1982.jpg,S01,private,train,0,engaged,7d0ffcc998b224adec024d594732b9471ca6398a23552903234d9dbf6e63cada,test,640,480,S01_engaged_0076.txt
S01_engaged_0078.jpg,engaged_1993.jpg,S01,private,train,0,engaged,931f2ca20867dc19ad4dd21675970f835c6e4d6eb179a4f1a2b71dd6e369c03d,train,640,480,S01_engaged_0078.txt
S01_engaged_0079.jpg,engaged_1994.jpg,S01,private,train,0,engaged,cee28809b7bfc5d2dedab0ff0934558751a30aa820ed823f49720a34f1960451,train,640,480,S01_engaged_0079.txt
S01_engaged_0080.jpg,engaged_2000.jpg,S01,private,train,0,engaged,47c714179cb8e3fa6d303bc96626e833481d5cfccf337549c9614d4edbbf16a2,train,640,480,S01_engaged_0080.txt
S01_engaged_0081.jpg,engaged_2045.jpg,S01,private,train,0,engaged,1a16dc3303e2c42b3f350e6b95c5538e7a78a5b454ade1ddb33389dfcad94810,val,640,480,S01_engaged_0081.txt
S01_engaged_0083.jpg,engaged_2048.jpg,S01,private,train,0,engaged,9132caf34769d276147be32f14196437def0dde83cea1656f9ddeeadabd81593,test,640,480,S01_engaged_0083.txt
S01_engaged_0085.jpg,engaged_2068.jpg,S01,private,train,0,engaged,183ed73928e98e8dde9a6c70bd987757365ec0b5ff9e8ffa3c3a2da0626a0d3f,train,640,480,S01_engaged_0085.txt
S01_engaged_0086.jpg,engaged_2069.jpg,S01,private,train,0,engaged,67dd02875bf481bc38393d12b8b60882ae691bbe877a0ca424cb8b9558c7aa25,train,640,480,S01_engaged_0086.txt
S01_engaged_0087.jpg,engaged_2070.jpg,S01,private,train,0,engaged,de53daddfd28efdd8588aaeb8d3eab12d74a86688070c6c739138e6522cc84a7,train,640,480,S01_engaged_0087.txt
S01_engaged_0088.jpg,engaged_2073.jpg,S01,private,train,0,engaged,27e7b3e36086e55251622f29e305ed8e52045b799cd961ee255d598f646c9c54,test,640,480,S01_engaged_0088.txt
S01_engaged_0089.jpg,engaged_2074.jpg,S01,private,train,0,engaged,28b1d0ff34ba378493610fb22023ba19e7cc0d4da8c42e9bb561e2567b5d5c62,train,640,480,S01_engaged_0089.txt
S01_engaged_0090.jpg,engaged_2075.jpg,S01,private,train,0,engaged,8b02601b3fa578f75f3334c38c9b2f70220686c3157e910ecfb38ca116996060,train,640,480,S01_engaged_0090.txt
S01_engaged_0092.jpg,engaged_2079.jpg,S01,private,train,0,engaged,0bf0e4bae0c4b99bc07a6fc68ad91f9a9af2b0736769336a66c14da0616f19c5,val,640,480,S01_engaged_0092.txt
S01_engaged_0094.jpg,engaged_2081.jpg,S01,private,train,0,engaged,333ca380659a148d4b4b47de3464e907b47969bb49a5465076c025db9a5d743e,test,640,480,S01_engaged_0094.txt
S01_engaged_0095.jpg,engaged_2086.jpg,S01,private,train,0,engaged,0f9948c4428ed99e8bae8fc6fc1ff11455733609a12192bbface5af48dd98390,val,640,480,S01_engaged_0095.txt
S01_engaged_0096.jpg,engaged_2092.jpg,S01,private,train,0,engaged,e6e6acc1ca70083dc66af6a31c6b50aac66196fb5dc59701fe46725a6fb7bdc0,test,640,480,S01_engaged_0096.txt
S01_engaged_0097.jpg,engaged_2093.jpg,S01,private,train,0,engaged,2500abe614dcc9f85b9e72fd154f21f5899f273cab5387365b127d77e22834a9,train,640,480,S01_engaged_0097.txt
S01_engaged_0098.jpg,engaged_2096.jpg,S01,private,train,0,engaged,ea7d90141953f5615016c6a1b2883af199f7e5db0c5fdc8fda74d5b9af5161c8,val,640,480,S01_engaged_0098.txt
S01_engaged_0099.jpg,engaged_2097.jpg,S01,private,train,0,engaged,44898b604f103e436b65b11a9bebe285ac19d26f3d431e37db9349cb34883a9c,train,640,480,S01_engaged_0099.txt
S01_engaged_0101.jpg,engaged_2102.jpg,S01,private,train,0,engaged,9b8671156b7073dba30e43f00c69ecec4046f1b99498d7492670fae99cfffcba,train,640,480,S01_engaged_0101.txt
S01_engaged_0102.jpg,engaged_2103.jpg,S01,private,train,0,engaged,b6a2fdf346afbc2beecc21d116ffb552bee3c7a0a83a1cdc1afd933414b8b177,val,640,480,S01_engaged_0102.txt
S01_engaged_0103.jpg,engaged_2106.jpg,S01,private,train,0,engaged,cd63c82ff2ea7d8ab44afa00760700c064fce0080bf883da9397bb20fd1f79a0,test,640,480,S01_engaged_0103.txt
S01_engaged_0105.jpg,engaged_2111.jpg,S01,private,train,0,engaged,a361b47eda8b5c7a139661b9cb36f6c087e26bc9b45b29bf096ed5cb3f9abb52,test,640,480,S01_engaged_0105.txt
S01_engaged_0106.jpg,engaged_2116.jpg,S01,private,train,0,engaged,e188514837b61b8694b76751b13437a0e95bfd93f8231874ebc5548993a00c84,test,640,480,S01_engaged_0106.txt
S01_engaged_0107.jpg,engaged_2117.jpg,S01,private,train,0,engaged,df6c301823f26feeebcbd5ca010e2307343acec58d7a168ba4376acec92be2b6,train,640,480,S01_engaged_0107.txt
S01_engaged_0108.jpg,engaged_2118.jpg,S01,private,train,0,engaged,296883ed824073481b2d757b5d91e1718c84d011d5d12d1a694d5af81565e354,train,640,480,S01_engaged_0108.txt
S01_engaged_0111.jpg,engaged_2120.jpg,S01,private,train,0,engaged,ea117809ca4993434db28974a9712d920507bed29b8e94b0fdadc21eac3b4d82,train,640,480,S01_engaged_0111.txt
S01_engaged_0112.jpg,engaged_2121.jpg,S01,private,train,0,engaged,1b86f2b4b873636e4dac8c15ea61102d3e4cbda4b3630996b24d8e1397135158,val,640,480,S01_engaged_0112.txt
S01_engaged_0113.jpg,engaged_2123.jpg,S01,private,train,0,engaged,4ed57fee033c6dca4bbc498e85b356bd79068d04b112b94ef3ef7e06e7659998,train,640,480,S01_engaged_0113.txt
S01_engaged_0114.jpg,engaged_2124.jpg,S01,private,train,0,engaged,654210e06ad34af1cebdd68c05a5600679ed55ffc5d0c77bed728319f5d7aa06,train,640,480,S01_engaged_0114.txt
S01_engaged_0115.jpg,engaged_2125.jpg,S01,private,train,0,engaged,065992ea5e86d913485a96f2745c5d91f76f22f93e8dd4aba6daa9aa5cc1846c,test,640,480,S01_engaged_0115.txt
S01_engaged_0117.jpg,engaged_2134.jpg,S01,private,train,0,engaged,783926c0e4aedb40ca6c3f1ced833ae94bcb72525f20548f840c5ccc520a2c19,train,640,480,S01_engaged_0117.txt
S01_engaged_0118.jpg,engaged_2135.jpg,S01,private,train,0,engaged,c16ec285e7cd913f58fb94510a133bc83094a3e4a4a35338397a13f9b42e7345,train,640,480,S01_engaged_0118.txt
S01_engaged_0119.jpg,engaged_2136.jpg,S01,private,train,0,engaged,f7a47a7887f852c5180bb83ef8518ba077e38f4d1d964187e9948af0da708638,val,640,480,S01_engaged_0119.txt
S01_engaged_0120.jpg,engaged_2137.jpg,S01,private,train,0,engaged,7a2648f7e0b193ca9151a7c4ee82a56bde3fe676616deded184fc186a62795a3,train,640,480,S01_engaged_0120.txt
S01_engaged_0121.jpg,engaged_2145.jpg,S01,private,train,0,engaged,312b8bf86f73d119777a2dc89b847130775bf43719c5c29bc584d2263c5bf41b,train,640,480,S01_engaged_0121.txt
S01_engaged_0123.jpg,engaged_2148.jpg,S01,private,train,0,engaged,838bdf7c7d95968f91a2cad2dad1b04c8ff76c64445ab9c23c3e7e7e44556cf5,train,640,480,S01_engaged_0123.txt
S01_engaged_0124.jpg,engaged_2149.jpg,S01,private,train,0,engaged,e54b71d1c8630c8af48b5d4a01f7c55ffc5c342d53d28f646f0173e98910b7af,train,640,480,S01_engaged_0124.txt
S01_engaged_0126.jpg,engaged_2155.jpg,S01,private,train,0,engaged,88d556369f1d9973c788a664c8c6126256768bb06e3721c531208ba1df52a1f8,train,640,480,S01_engaged_0126.txt
S01_engaged_0127.jpg,engaged_2156.jpg,S01,private,train,0,engaged,769732c5272e8a0e184b818e173ca93fb44267bda9d8758c0f275214763db750,test,640,480,S01_engaged_0127.txt
S01_engaged_0128.jpg,engaged_2157.jpg,S01,private,train,0,engaged,4377ef1353ecde6c6372eb23b908c91373a0f90269039f7ede58fed7b4bab69a,train,640,480,S01_engaged_0128.txt
S01_engaged_0130.jpg,engaged_2159.jpg,S01,private,train,0,engaged,8decb08a36fac008b0fd6d0dc13859d32890cffeb36ae42445c1c58f60bc17ad,train,640,480,S01_engaged_0130.txt
S01_engaged_0132.jpg,engaged_2160.jpg,S01,private,train,0,engaged,4e137f008dcd22abf2c4fa94bc2f8b3e81b881dd3f8b01ae6754562fab9931eb,train,640,480,S01_engaged_0132.txt
S01_engaged_0133.jpg,engaged_2163.jpg,S01,private,train,0,engaged,6c2bfc142521aecf11c8a5615004295a92564b9703b7dc76e48042ec2778f8d5,train,640,480,S01_engaged_0133.txt
S01_engaged_0134.jpg,engaged_2164.jpg,S01,private,train,0,engaged,c378f90c36d4291b46502094823fb5afd9d19583ed6753525d2e7cfd03127fc5,train,640,480,S01_engaged_0134.txt
S01_engaged_0136.jpg,engaged_2166.jpg,S01,private,train,0,engaged,6907f27b4930dfa2c5821fa3ac2a259164e4a5a8417a9f457bf3eadb782636bf,val,640,480,S01_engaged_0136.txt
S01_engaged_0137.jpg,engaged_2170.jpg,S01,private,train,0,engaged,bd1193aee123872c517845f379fa73aee053a0d5d153b23a9000ebc88498a873,train,640,480,S01_engaged_0137.txt
S01_engaged_0138.jpg,engaged_2171.jpg,S01,private,train,0,engaged,4b3d170f7856b4c239d9a7dde31c4e81a69451280ffa9c98c78497a5cfaf8c2c,train,640,480,S01_engaged_0138.txt
S01_engaged_0139.jpg,engaged_2172.jpg,S01,private,train,0,engaged,9b29d8a175802affb92ec857022dcc0f610dcdb65345c49d4f43e8647bf2df1a,val,640,480,S01_engaged_0139.txt
S01_engaged_0140.jpg,engaged_2173.jpg,S01,private,train,0,engaged,1ec9661168b74f623c7b539d20bb9bbf6086289ba325ea559af7e58b11be5448,train,640,480,S01_engaged_0140.txt
S01_engaged_0142.jpg,engaged_2175.jpg,S01,private,train,0,engaged,26d922df77986cb669b7976758399be870fd7c8f7d5eb20db6af1d162b9ff30f,train,640,480,S01_engaged_0142.txt
S01_engaged_0143.jpg,engaged_2180.jpg,S01,private,train,0,engaged,b40d35a38fb337a811822cdb46e72681d1f18baa3aa90edb12f6b1d6b3f25986,train,640,480,S01_engaged_0143.txt
S01_engaged_0144.jpg,engaged_2181.jpg,S01,private,train,0,engaged,3f18291ff29562a90a07f3c5b70cec25f878f79add17e43bab102e5d0a1ae1a4,test,640,480,S01_engaged_0144.txt
S01_engaged_0146.jpg,engaged_2183.jpg,S01,private,train,0,engaged,306f35c03ce48f6613105984633ee1186173553ed21db071ad4ba48380272a00,train,640,480,S01_engaged_0146.txt
S01_engaged_0147.jpg,engaged_2184.jpg,S01,private,train,0,engaged,d4a008cbaff07147251f50569c4448d05dc7fb46a547b46692da72b496f1e0a6,train,640,480,S01_engaged_0147.txt
S01_engaged_0148.jpg,engaged_2185.jpg,S01,private,train,0,engaged,f2368dbba1a6efad0a012f07b7b47d5c93b6677dee3fb1acb59497e7b6cf6709,train,640,480,S01_engaged_0148.txt
S01_engaged_0149.jpg,engaged_2187.jpg,S01,private,train,0,engaged,f3531a4b013906acbd9a90947b9aeb6f8b1ff6be24643681176adc06a709d9c0,train,640,480,S01_engaged_0149.txt
S01_engaged_0150.jpg,engaged_2188.jpg,S01,private,train,0,engaged,77d671c4bf5749369bb2a9d82a46fd53562bf0edc2d4d4668c7a1a48e1a3bf01,train,640,480,S01_engaged_0150.txt
S01_engaged_0152.jpg,engaged_2190.jpg,S01,private,train,0,engaged,d3a05b1a05cbef411b01a789a55b54a99a4deee69f2eb22603634260aec59f23,train,640,480,S01_engaged_0152.txt
S01_engaged_0153.jpg,engaged_2191.jpg,S01,private,train,0,engaged,31631249a23390de033f877aa184a87e0ca340416bddee72bd435b5f1a5d75ac,test,640,480,S01_engaged_0153.txt
S01_engaged_0155.jpg,engaged_2194.jpg,S01,private,train,0,engaged,f6ff7c732d0386ea121b883752851a63c83e2559d701865b2de161b44e5be88b,train,640,480,S01_engaged_0155.txt
S01_engaged_0156.jpg,engaged_2198.jpg,S01,private,train,0,engaged,a0db061c961f7f9e56f419148fdbc1131fe96a7bb56a0a56c716345b175f1a84,test,640,480,S01_engaged_0156.txt
S01_engaged_0157.jpg,engaged_2199.jpg,S01,private,train,0,engaged,ca4fec83493b940af1384cefaf4d36eb0c9e0d48f133f931f8d7f33056d74267,train,640,480,S01_engaged_0157.txt
S01_engaged_0158.jpg,engaged_2200.jpg,S01,private,train,0,engaged,cad88219c65ce18cb8baac1dde5838bce18828d309a32dfce516f5a5003abd3c,train,640,480,S01_engaged_0158.txt
S01_engaged_0160.jpg,engaged_2202.jpg,S01,private,train,0,engaged,f65359fba51a8440a590d81b5f4bd5a7d9b03eef88af28f1091a63fadf97ed70,train,640,480,S01_engaged_0160.txt
S01_engaged_0161.jpg,engaged_2203.jpg,S01,private,train,0,engaged,aaf971952bc7079898ae287fd6de6431167c252480a013b3b0543c17a382b3e4,test,640,480,S01_engaged_0161.txt
S01_engaged_0163.jpg,engaged_2210.jpg,S01,private,train,0,engaged,9bce250a5a034227d8840d9419aaf67f41fc0b0ede6e0c349c96b27db46f1730,train,640,480,S01_engaged_0163.txt
S01_engaged_0164.jpg,engaged_2211.jpg,S01,private,train,0,engaged,33e2aeb5321c08af9ec9e095e64021685346aee5909ea4039ea532fa543a2fa3,train,640,480,S01_engaged_0164.txt
S01_engaged_0165.jpg,engaged_2212.jpg,S01,private,train,0,engaged,84a549c2acf9c07c3b432821c0221d2b1c56a4ffe9cf425974443ea22d4f6d19,train,640,480,S01_engaged_0165.txt
S01_engaged_0167.jpg,engaged_2214.jpg,S01,private,train,0,engaged,9e9a766279667e878f513a9fabaadf3d0b47e181b6db1c91c02a1889bbe3de36,test,640,480,S01_engaged_0167.txt
S01_engaged_0168.jpg,engaged_2215.jpg,S01,private,train,0,engaged,64904d9be71885dd92d89e4a846707fc5c3fec0e39f3f2fa2596c69138319a92,train,640,480,S01_engaged_0168.txt
S01_engaged_0170.jpg,engaged_3416.jpg,S01,private,train,0,engaged,e2f690f30f445a72f32029e36a0ee1277d73a7cb0b6ffbd016d52f0259750b16,train,640,480,S01_engaged_0170.txt
S01_engaged_0171.jpg,engaged_3441.jpg,S01,private,train,0,engaged,9ac57ef031680e41eb5afe37daf1ba2971b377829ff8b34fc215cb61ee093e0e,test,640,480,S01_engaged_0171.txt
S01_engaged_0030.jpg,engaged_15057.jpg,S01,private,train,0,engaged,b9ebafb2425fd528e324aa5bc7f954f280399223a3377fda042abb90d255277b,val,640,480,S01_engaged_0030.txt
S01_engaged_0031.jpg,engaged_15068.jpg,S01,private,train,0,engaged,37c8b5aa0deb184f420ea8a9876165ea7cec1507cc8f9969a060e23bfe69714e,train,640,480,S01_engaged_0031.txt
S01_frustrated_0001.jpg,frustrated_124.jpg,S01,private,train,3,frustrated,212613408e8d54f6f3350d9193095b69d30e3abd147cb87216237e51fa53f9f4,train,640,480,S01_frustrated_0001.txt
S01_frustrated_0008.jpg,frustrated_269.jpg,S01,private,train,3,frustrated,3f077957eb80976f826ac2912cd2a84e8ccb54f1b4d8aeee6a9d69a0c20a4a18,train,640,480,S01_frustrated_0008.txt
S01_frustrated_0009.jpg,frustrated_483.jpg,S01,private,train,3,frustrated,e888e20be71b628fafb8693fabaaf5622212100650d673d323e3b904bece329b,train,640,480,S01_frustrated_0009.txt
S01_frustrated_0010.jpg,frustrated_578.jpg,S01,private,train,3,frustrated,b716b4aeb9fed2977a1cc351ee0cc2c69f635ab342c5c52af135ac7ea3f72262,train,640,480,S01_frustrated_0010.txt
S01_frustrated_0002.jpg,frustrated_1361.jpg,S01,private,train,3,frustrated,669562609eb97d0ea18bd83902820ec0aee5630b9e3bd6f7170148befd488628,val,640,480,S01_frustrated_0002.txt
S01_frustrated_0011.jpg,frustrated_8024.jpg,S01,private,train,3,frustrated,737a0a3520f46ee406603a4a05c48052f6f614518d95c820ba6367d630b144ef,test,640,480,S01_frustrated_0011.txt
S01_frustrated_0012.jpg,frustrated_8029.jpg,S01,private,train,3,frustrated,d289962c57f8d0eb7a31fde456f8b28b1232143425a92b8bd5081cf51430bd04,test,640,480,S01_frustrated_0012.txt
S01_frustrated_0013.jpg,frustrated_8033.jpg,S01,private,train,3,frustrated,e5b62e7d71ccf3212f4ac977bfe355247c52ded7eb9434da44e4863eacb26372,train,640,480,S01_frustrated_0013.txt
S01_frustrated_0014.jpg,frustrated_8036.jpg,S01,private,train,3,frustrated,f96669f86b2540cc19cf643f71288956ad0964e969b84f4662e3929c175ff1ec,train,640,480,S01_frustrated_0014.txt
S01_frustrated_0015.jpg,frustrated_8449.jpg,S01,private,train,3,frustrated,5cf8ffebf939c93ecf3a05dd5d9b464b5ac571a905dfe5a8b4d6cb63f3df5901,train,640,480,S01_frustrated_0015.txt
S01_frustrated_0016.jpg,frustrated_8456.jpg,S01,private,train,3,frustrated,9e4818b83ae6a743811c25fc1a07584f469fc3190fed84d99e943a676927b9f1,train,640,480,S01_frustrated_0016.txt
S01_frustrated_0017.jpg,frustrated_8462.jpg,S01,private,train,3,frustrated,8577d816021dacfec346897ba71645d8b3e5d2d865ddb464d4f4cf79ba4cde38,train,640,480,S01_frustrated_0017.txt
S01_frustrated_0018.jpg,frustrated_8472.jpg,S01,private,train,3,frustrated,621a20c93e30e1e71777a3ed39e10832e330e64eef825222b388525d0b9bc4ad,train,640,480,S01_frustrated_0018.txt
S01_frustrated_0019.jpg,frustrated_8643.jpg,S01,private,train,3,frustrated,ce331f238be5b81289f518c9689cf8caa7d5d27ba9181a09a11ed90c393fbae6,train,640,480,S01_frustrated_0019.txt
S01_frustrated_0020.jpg,frustrated_8648.jpg,S01,private,train,3,frustrated,691b7a0fb95a33424c9f793839787fdcea167747205edab41990716f43c521b9,train,640,480,S01_frustrated_0020.txt
S01_frustrated_0021.jpg,frustrated_8653.jpg,S01,private,train,3,frustrated,2d288cd371bf8e02cae28ea3a1a2206002933f7d38a9f1f72d92ff43661881bc,train,640,480,S01_frustrated_0021.txt
S01_frustrated_0022.jpg,frustrated_8658.jpg,S01,private,train,3,frustrated,857bd31d3db351e34f500e693d9fcae644544cdedde239e883fecef3ba122fab,train,640,480,S01_frustrated_0022.txt
S01_frustrated_0023.jpg,frustrated_8667.jpg,S01,private,train,3,frustrated,454e1cb115caa064366be8da3b635e7c5089d0941de781d3a6bc2953848f8276,train,640,480,S01_frustrated_0023.txt
S01_frustrated_0024.jpg,frustrated_8672.jpg,S01,private,train,3,frustrated,89c0099bfcec1e3d9f21644e0ad82eb7f280d019e112f7b2646487c34e083627,train,640,480,S01_frustrated_0024.txt
S01_frustrated_0025.jpg,frustrated_8677.jpg,S01,private,train,3,frustrated,b6cbe406343e866910aaceda2405b38c2e293acc1de97bfb1f8db2bc8e7c8e6b,train,640,480,S01_frustrated_0025.txt
S01_frustrated_0026.jpg,frustrated_8681.jpg,S01,private,train,3,frustrated,ca58e245ba25aa59aa748edd70c7da96e328c6c59dd856696b7e15c27cabe226,train,640,480,S01_frustrated_0026.txt
S01_frustrated_0027.jpg,frustrated_8685.jpg,S01,private,train,3,frustrated,ce3ef29907c188a97d805eb4b64e6ed368fdde69c1e1f6983e91089b0e12debf,train,640,480,S01_frustrated_0027.txt
S01_frustrated_0028.jpg,frustrated_8690.jpg,S01,private,train,3,frustrated,727a3390a725f9f65a2a7805e1ee6afdbd6e2de9de65ea08b8a945e1cb31ec5f,train,640,480,S01_frustrated_0028.txt
S01_frustrated_0029.jpg,frustrated_8761.jpg,S01,private,train,3,frustrated,ed83475408d40fa0bbf043698800392b5d9a5622fa5d2f0ba2df59a2fa9a6679,train,640,480,S01_frustrated_0029.txt
S01_frustrated_0030.jpg,frustrated_8766.jpg,S01,private,train,3,frustrated,63f2804e1b9ff8685042b4ec9e755c598894488df18cecbcbf96bcf1aadfdcd1,train,640,480,S01_frustrated_0030.txt
S01_frustrated_0031.jpg,frustrated_8781.jpg,S01,private,train,3,frustrated,db1c0b8156a18582f0a00e75378b8440ab93ad5456467cce86502bcff7cdd235,train,640,480,S01_frustrated_0031.txt
S01_frustrated_0032.jpg,frustrated_8786.jpg,S01,private,train,3,frustrated,7f3193a262e8cd3f05f3ee111985bfe3b9ea6782580ede5d565d19e16f9a85d7,train,640,480,S01_frustrated_0032.txt
S01_frustrated_0033.jpg,frustrated_8926.jpg,S01,private,train,3,frustrated,b516f982768e7cd434f55caeb1a46a327add09d8a85ca5d19818b53fc0093b9d,val,640,480,S01_frustrated_0033.txt
S01_frustrated_0034.jpg,frustrated_8932.jpg,S01,private,train,3,frustrated,9386478a89a5f81777d971445ff93253bb1ac170fd1ed3a1495fe7dc473c009b,val,640,480,S01_frustrated_0034.txt
S01_frustrated_0035.jpg,frustrated_8936.jpg,S01,private,train,3,frustrated,602700d3e5b523db6da29e963787dfb077e0f986a5827b4785b13c46da810170,train,640,480,S01_frustrated_0035.txt
S01_frustrated_0036.jpg,frustrated_8942.jpg,S01,private,train,3,frustrated,1496fd9fdfaa5596682e954c14d1167401b39a6610f72e0efcf9fc95f1804c18,test,640,480,S01_frustrated_0036.txt
S01_frustrated_0037.jpg,frustrated_8946.jpg,S01,private,train,3,frustrated,3366f2bae35beb562bb22007a204ded0214ebb62fd792188d503a91136771e8f,train,640,480,S01_frustrated_0037.txt
S01_frustrated_0038.jpg,frustrated_9014.jpg,S01,private,train,3,frustrated,2ae779eb566424a599404370ea6504ab705fa6855d0268f3aa4ed222c536336c,train,640,480,S01_frustrated_0038.txt
S01_frustrated_0039.jpg,frustrated_9019.jpg,S01,private,train,3,frustrated,55acbe15ce183ec8a56adfa9c5ff1ae6b849c58cd743c8313e888a06c266e594,train,640,480,S01_frustrated_0039.txt
S01_frustrated_0040.jpg,frustrated_9024.jpg,S01,private,train,3,frustrated,0b6a9fd8a74f569a6bd6395e833e82511dc93577ac2bbeee6be39d412ade34d0,test,640,480,S01_frustrated_0040.txt
S01_frustrated_0041.jpg,frustrated_9029.jpg,S01,private,train,3,frustrated,6a124709dc35c1ee91f6c5353e9542a6841c6f89adc5ae2db3a15737cb630b5c,train,640,480,S01_frustrated_0041.txt
S01_frustrated_0042.jpg,frustrated_9033.jpg,S01,private,train,3,frustrated,26dfec6cb17e775709017d59347d2d6e7d694562184b1e3fbce28463828441ed,train,640,480,S01_frustrated_0042.txt
S01_frustrated_0043.jpg,frustrated_9115.jpg,S01,private,train,3,frustrated,2a7852753ebd4cc9e429fd35a1d3f72626f919a608c789c2eaed35056477b4ff,train,640,480,S01_frustrated_0043.txt
S01_frustrated_0044.jpg,frustrated_9121.jpg,S01,private,train,3,frustrated,d9cc97bfe6d1827680079a3b734ad455d6461184d300d2c8583bd85d42470269,train,640,480,S01_frustrated_0044.txt
S01_frustrated_0045.jpg,frustrated_9127.jpg,S01,private,train,3,frustrated,5da385d5a640c077a25c75b58b6a077e458b9bea2fd127b50408f393ac72ee83,train,640,480,S01_frustrated_0045.txt
S01_frustrated_0046.jpg,frustrated_9133.jpg,S01,private,train,3,frustrated,5282b68b8d1dfb5f82726ce0b8775cfd36e39ba9e6151f8f94ef3fc4b2200d83,val,640,480,S01_frustrated_0046.txt
S01_frustrated_0047.jpg,frustrated_9138.jpg,S01,private,train,3,frustrated,b3037ff5eb62890292eb1847d1fdde95ceb68eb9d981aeec436766471691af41,train,640,480,S01_frustrated_0047.txt
S01_frustrated_0048.jpg,frustrated_9145.jpg,S01,private,train,3,frustrated,47fdb219c00fe4a21b6b88a8b8e958f4b9c9f7fc7db0cea43cdb5204bfe0c90b,test,640,480,S01_frustrated_0048.txt
S01_frustrated_0049.jpg,frustrated_9363.jpg,S01,private,train,3,frustrated,a792581b1ea12175983ab1db6eac5be38ac48ca2a3185bb5fa8e58a01d9a6d03,train,640,480,S01_frustrated_0049.txt
S01_frustrated_0050.jpg,frustrated_9369.jpg,S01,private,train,3,frustrated,a90338b5073167b69bd64af9e56f5ffb4c72d0d9c5dba08df8e64393471906c7,train,640,480,S01_frustrated_0050.txt
S01_frustrated_0051.jpg,frustrated_9374.jpg,S01,private,train,3,frustrated,3fab51c2ae37fd41ea726b99d5c2d6006828878b0fdfa83cfacf63d25703e13c,train,640,480,S01_frustrated_0051.txt
S01_frustrated_0052.jpg,frustrated_9402.jpg,S01,private,train,3,frustrated,8d902c893ec0623f91cb3e1a1223ce23fd8eb9154bb4f8a237a9b77cc9f38957,train,640,480,S01_frustrated_0052.txt
S01_frustrated_0053.jpg,frustrated_9407.jpg,S01,private,train,3,frustrated,166343c1f56aa2417de2a43afdbd66f4fd0de2626c77aeedabcc53f7f96d91db,train,640,480,S01_frustrated_0053.txt
S01_frustrated_0054.jpg,frustrated_9411.jpg,S01,private,train,3,frustrated,13b219fc988f25cd5388929095e4394b771e996e6e2c6f542a3159f7827cfae5,val,640,480,S01_frustrated_0054.txt
S01_frustrated_0055.jpg,frustrated_9550.jpg,S01,private,train,3,frustrated,fda725dad0b35985325c2159ce7ef31b8ce2f3a4ecbdc686a42ec3a7cfdbad5d,train,640,480,S01_frustrated_0055.txt
S01_frustrated_0056.jpg,frustrated_9555.jpg,S01,private,train,3,frustrated,e992e24149f32622347ac8c4cc1aef74355d1f66e280a3f7ed0518d46472a608,train,640,480,S01_frustrated_0056.txt
S01_frustrated_0057.jpg,frustrated_9561.jpg,S01,private,train,3,frustrated,a4791af2828f4f5a9f1bc8ba9a14ce7148a4436b544e35722f350737442c5942,train,640,480,S01_frustrated_0057.txt
S01_frustrated_0058.jpg,frustrated_9565.jpg,S01,private,train,3,frustrated,f6edf2f3bc62415d177488ad10ef28eaef58082447cc1bf1162b8d684612ba6d,train,640,480,S01_frustrated_0058.txt
S01_frustrated_0059.jpg,frustrated_9570.jpg,S01,private,train,3,frustrated,144bd818d6de39aed80804115272056a1ed8547d159b52d7380e5bfbc6cbe4d8,train,640,480,S01_frustrated_0059.txt
S01_frustrated_0060.jpg,frustrated_9576.jpg,S01,private,train,3,frustrated,ffe77b7c32825b0d288ea1e02fc620b846223f435d378ae03a8ef2740a5bffe5,test,640,480,S01_frustrated_0060.txt
S01_frustrated_0061.jpg,frustrated_9580.jpg,S01,private,train,3,frustrated,8611fa16730c2b3aeb11a347928ef4e80f59e51819faa47204b2f04efcf43c22,val,640,480,S01_frustrated_0061.txt
S01_frustrated_0062.jpg,frustrated_9604.jpg,S01,private,train,3,frustrated,756f260eceac209e6357c2ef1f925a4734f81f7983bbe5be31bdba818db5f1df,test,640,480,S01_frustrated_0062.txt
S01_frustrated_0063.jpg,frustrated_9647.jpg,S01,private,train,3,frustrated,1d37ad0247cb3c6cdbea286702670967f01bc475b159a5ae8cbf43e5b04791de,val,640,480,S01_frustrated_0063.txt
S01_frustrated_0064.jpg,frustrated_9653.jpg,S01,private,train,3,frustrated,54fd1f991430bd79054a235c1580ca803dd9dbc5461ba1c8eb32e8583183681b,test,640,480,S01_frustrated_0064.txt
S01_frustrated_0065.jpg,frustrated_9657.jpg,S01,private,train,3,frustrated,99f63a1e8fa225798538287b3ad813c0ff9fb8d644e543f62dd5ba21b54b5c31,train,640,480,S01_frustrated_0065.txt
S01_frustrated_0066.jpg,frustrated_9664.jpg,S01,private,train,3,frustrated,49f2e2acefa8f09db01ca6c9581359dc6bcf0e23db02c58d12149625d6a7d562,train,640,480,S01_frustrated_0066.txt
S01_frustrated_0067.jpg,frustrated_9724.jpg,S01,private,train,3,frustrated,100ee4819fcc018810b877c2759a18a31d4541224bf5a2c176d485f5f5fc86d6,train,640,480,S01_frustrated_0067.txt
S01_frustrated_0068.jpg,frustrated_9729.jpg,S01,private,train,3,frustrated,340e6f9a8f3782577d326c06a79edadc22f013e901694922d83b749f4ccb9ebc,train,640,480,S01_frustrated_0068.txt
S01_frustrated_0069.jpg,frustrated_9730.jpg,S01,private,train,3,frustrated,92769a2868142d996683869c487959456468b365f6168fe43a65b283b5cb82dc,train,640,480,S01_frustrated_0069.txt
S01_frustrated_0070.jpg,frustrated_9734.jpg,S01,private,train,3,frustrated,40c11388bb0e112f10ab2eef377c03fe130963ac63f1e2bcaa2d466258e8c490,test,640,480,S01_frustrated_0070.txt
S01_frustrated_0071.jpg,frustrated_9776.jpg,S01,private,train,3,frustrated,56187fd9bece5769b304a84ae8a395a28e866e4ae22dd47aa08876a3bc318c9a,train,640,480,S01_frustrated_0071.txt
S01_frustrated_0072.jpg,frustrated_9782.jpg,S01,private,train,3,frustrated,0e9c01fd35473566e82bbae63856f13cc89179d76dcd689c5ffda42c289234ae,train,640,480,S01_frustrated_0072.txt
S01_frustrated_0073.jpg,frustrated_9798.jpg,S01,private,train,3,frustrated,17d2bdf4392ce64599eebfc8766fe826f57ae76050e149c249ca0e04aa0a6b22,val,640,480,S01_frustrated_0073.txt
S01_frustrated_0074.jpg,frustrated_9812.jpg,S01,private,train,3,frustrated,fe373e3d55677076ec80b76072e9a8d12c12c815a2101eadc26f1f7defd4e00c,test,640,480,S01_frustrated_0074.txt
S01_frustrated_0003.jpg,frustrated_14527.jpg,S01,private,train,3,frustrated,490d3f1d52796ae3f84a1989a2b9fab99f027de13c6b10244e660fc9a955c2bd,train,640,480,S01_frustrated_0003.txt
S01_frustrated_0004.jpg,frustrated_14531.jpg,S01,private,train,3,frustrated,7455e6647acdee13aeba4c10cff1b58e7f0c012f43fcfd7f8ac735dcb89527f3,train,640,480,S01_frustrated_0004.txt
S01_frustrated_0005.jpg,frustrated_14536.jpg,S01,private,train,3,frustrated,57c26c09c173074ce1d466b3f688be50836915df87482b5992748ec330e31801,test,640,480,S01_frustrated_0005.txt
S01_frustrated_0006.jpg,frustrated_14541.jpg,S01,private,train,3,frustrated,a1c91ffbb4059a92ae85058ac55ab8dec054b369d8165dc1106c74971139fb5f,train,640,480,S01_frustrated_0006.txt
S01_frustrated_0007.jpg,frustrated_14545.jpg,S01,private,train,3,frustrated,bcd7eb3a6696fb2a705166b89b25b88577bdf13e32a1b84919ecf4ec48615b83,train,640,480,S01_frustrated_0007.txt
S02_bored_0001.jpg,bored_1676.jpg,S02,private,train,2,bored,0b938aaaf2fedae6c035fab84d73cf7137559d8a2109d7458488adc76c375bb8,train,640,480,S02_bored_0001.txt
S02_bored_0002.jpg,bored_1755.jpg,S02,private,train,2,bored,86ccaf52f22c421552cf4198959e4e2eae64dbdcbf95801d710abcaf6c33c88e,train,640,480,S02_bored_0002.txt
S02_bored_0003.jpg,bored_1789.jpg,S02,private,train,2,bored,cb2c8da270f53078659b5251fb8416ca2c33cc31880ae90d520ace1be91cfc45,train,640,480,S02_bored_0003.txt
S02_bored_0004.jpg,bored_1860.jpg,S02,private,train,2,bored,7f80b390a146c8079d7933750b8eeeef0e64fbaf5ac42fd1bcb6c14bb31fb79a,train,640,480,S02_bored_0004.txt
S02_bored_0005.jpg,bored_1902.jpg,S02,private,train,2,bored,a73f5cb6ac4041c7e99e643bedfd9a6dbef5b403b989320e3849b359fecd1d4d,train,640,480,S02_bored_0005.txt
S02_bored_0006.jpg,bored_1950.jpg,S02,private,train,2,bored,f48b252f574f6c1e8f6b34bfe3c94fdf84910796412dbf7065e7ddc59e11785d,train,640,480,S02_bored_0006.txt
S02_bored_0007.jpg,bored_2157.jpg,S02,private,train,2,bored,360d8dcb40854911954eaa874c154c09d48958b39ae2d556bac248f804ba579d,train,640,480,S02_bored_0007.txt
S02_bored_0008.jpg,bored_2193.jpg,S02,private,train,2,bored,d4916bcd6fe9a62eca8b52673e41bf75cb20562e91715ef458df84a8b4e44b74,train,640,480,S02_bored_0008.txt
S02_bored_0009.jpg,bored_2201.jpg,S02,private,train,2,bored,fac12815c5317fe0c3259f3a70df1a1de2098ae3d859cc4f8611f71b2472dd6a,test,640,480,S02_bored_0009.txt
S02_bored_0010.jpg,bored_2230.jpg,S02,private,train,2,bored,eda0b62674bfc10db3517bf6958d124119c56b717407ee07909022eb068f5b3f,train,640,480,S02_bored_0010.txt
S02_bored_0011.jpg,bored_2268.jpg,S02,private,train,2,bored,e48d1fd1fbca28e9e72cf73aea40244f326f3a079a39bcf9cc045475afecc7e1,train,640,480,S02_bored_0011.txt
S02_bored_0012.jpg,bored_2287.jpg,S02,private,train,2,bored,1cdba57dc522135389b5fd9a5733cdcc9a1660bbf230d7707f732d774767a6d1,train,640,480,S02_bored_0012.txt
S02_confused_0035.jpg,confused_695.jpg,S02,private,train,1,confused,ae0476c6f24ea8cf144dabe0aa87bf2ac04b4816f87951f1b4cadb25749a052c,train,640,480,S02_confused_0035.txt
S02_confused_0036.jpg,confused_780.jpg,S02,private,train,1,confused,fcffcc5fa97dd4c9e3c8ed7fbcbc144ffda542be9c589c75ea127766f94f42cf,train,640,480,S02_confused_0036.txt
S02_confused_0037.jpg,confused_955.jpg,S02,private,train,1,confused,ac8ecf1c48911ea0ae7f6e6f9f6781638eab4999bc0dc7539f6a464b2cc9386c,test,640,480,S02_confused_0037.txt
S02_confused_0038.jpg,confused_958.jpg,S02,private,train,1,confused,99a4b4bc20e53f8dd27ac365756a5e95e6063de8b6551b1289bf08df6de7b3f6,train,640,480,S02_confused_0038.txt
S02_confused_0001.jpg,confused_1056.jpg,S02,private,train,1,confused,7bdbd451ff5f9bf5939fe73bf4fb75be1ffe82cbf81795887aa12c245a40144f,train,640,480,S02_confused_0001.txt
S02_confused_0002.jpg,confused_1061.jpg,S02,private,train,1,confused,c564d3098f881132bbb7ea3f4dce6edb89da7e3c7ac724d7a79a084f33026716,train,640,480,S02_confused_0002.txt
S02_confused_0003.jpg,confused_1063.jpg,S02,private,train,1,confused,11e7ede2447e52a9b3fd7afb0263bb0850193bc550cab3ebc643730febcc9772,train,640,480,S02_confused_0003.txt
S02_confused_0004.jpg,confused_1068.jpg,S02,private,train,1,confused,76da985f55d5412a24f6f70cf1ec60db4b318b25730ba746bafac9d15bc10d58,train,640,480,S02_confused_0004.txt
S02_confused_0005.jpg,confused_1077.jpg,S02,private,train,1,confused,7031f20b8734702688725c01b5e265970e0ff6ed92c04423f9ea236dc52776b6,train,640,480,S02_confused_0005.txt
S02_confused_0006.jpg,confused_1079.jpg,S02,private,train,1,confused,be4773ee4986ebbca1b59272ddfbff3711ec3d484757cf3c407cc239973c674e,train,640,480,S02_confused_0006.txt
S02_confused_0007.jpg,confused_1083.jpg,S02,private,train,1,confused,77db3f9103a87e04ef6b5d2c63eb3c179c38d7bdc027a952ef8dda69bba2752a,train,640,480,S02_confused_0007.txt
S02_confused_0008.jpg,confused_1094.jpg,S02,private,train,1,confused,cab3c9f62d9cbdf77d328ce64468aa8216abd153f65f291730327ff256a29efd,train,640,480,S02_confused_0008.txt
S02_confused_0009.jpg,confused_1098.jpg,S02,private,train,1,confused,c476195492ab306f2890df285ca47e459063c8149d3265e03ce07fb7dc48f9b5,train,640,480,S02_confused_0009.txt
S02_confused_0010.jpg,confused_1104.jpg,S02,private,train,1,confused,7773e634f1e3df4e8b9c0d2330af752e845973de6e4628df5369b802c92e1352,test,640,480,S02_confused_0010.txt
S02_confused_0011.jpg,confused_1115.jpg,S02,private,train,1,confused,fa3e345039ba5637a159d57bc224c822f8f79d5fef17541ec278f5263a8b9941,train,640,480,S02_confused_0011.txt
S02_confused_0012.jpg,confused_1118.jpg,S02,private,train,1,confused,d056c9b5035fe34b68d2ee08d9d6d2ebad9c8e47439ae31284a718c28f101641,train,640,480,S02_confused_0012.txt
S02_confused_0013.jpg,confused_1123.jpg,S02,private,train,1,confused,29f3acd548153c0cfd2620090f1e09202b8e4db76bd8cc0b37b3e42dd9a1cd83,train,640,480,S02_confused_0013.txt
S02_confused_0014.jpg,confused_1126.jpg,S02,private,train,1,confused,3f162a2639c57dfee0b6d5b65e62584e82b4b88b57e92bfc85b79bbf04a1b960,train,640,480,S02_confused_0014.txt
S02_confused_0015.jpg,confused_1134.jpg,S02,private,train,1,confused,1f0c81e0a5c6073a2114ff374b944207f00a2743de8f473c4fdaa268b04015d1,train,640,480,S02_confused_0015.txt
S02_confused_0016.jpg,confused_1138.jpg,S02,private,train,1,confused,946e06a111bfbb89a533db6b524cdb8a9965c7f980a775afa49c01811f403a7b,train,640,480,S02_confused_0016.txt
S02_confused_0017.jpg,confused_1145.jpg,S02,private,train,1,confused,6441ceed5d8c01348172a72d773ea41c84caa50ee069276182ec9221c0cc44cb,train,640,480,S02_confused_0017.txt
S02_confused_0018.jpg,confused_1151.jpg,S02,private,train,1,confused,dd2b4b581502baf7780f8e6c2bf1b372882fee68e697762a12f44e717fe29ee1,train,640,480,S02_confused_0018.txt
S02_confused_0019.jpg,confused_1156.jpg,S02,private,train,1,confused,2b595c9e13f45fe715c52ec6b172d91ea1f595c9886375923d85fece6e77b0c8,train,640,480,S02_confused_0019.txt
S02_confused_0020.jpg,confused_1164.jpg,S02,private,train,1,confused,68207e25eec7c73803024065c03b03d1da63ce6a44828713d9de0f07f63d854d,train,640,480,S02_confused_0020.txt
S02_confused_0021.jpg,confused_1165.jpg,S02,private,train,1,confused,314a208789c45f2917e5d20d1c6b5078fb8f42831eee853bb18952cb6ef3d4fe,train,640,480,S02_confused_0021.txt
S02_confused_0022.jpg,confused_1197.jpg,S02,private,train,1,confused,1478939adee82100cad6cfedf3b917b1df93f4c104bec23dc8dd798ecbdd63e4,train,640,480,S02_confused_0022.txt
S02_confused_0023.jpg,confused_3216.jpg,S02,private,train,1,confused,ed726b2defafababc4fcdf09e281f9bf27f2ccfe4bf5df67b61cbbfd3a42376d,train,640,480,S02_confused_0023.txt
S02_confused_0024.jpg,confused_3218.jpg,S02,private,train,1,confused,7efd5a3a25181c3a90e82c006db27c1d705edbd70a9903be5da6d8af123d8e45,train,640,480,S02_confused_0024.txt
S02_confused_0025.jpg,confused_3227.jpg,S02,private,train,1,confused,09ce65c03a47c0d0faa86259275bac21c5582989cb31b1222230bd948aceca30,train,640,480,S02_confused_0025.txt
S02_confused_0026.jpg,confused_3231.jpg,S02,private,train,1,confused,384ed5b8384502cca0a19b3aec9194a9b19d92f40e696ed96568b81dbfd5065f,val,640,480,S02_confused_0026.txt
S02_confused_0027.jpg,confused_3235.jpg,S02,private,train,1,confused,4bc2f2c4e82e4abf94f5e49af6d26ab4f23668432eb6cf18099943d455b18ee9,train,640,480,S02_confused_0027.txt
S02_confused_0028.jpg,confused_3239.jpg,S02,private,train,1,confused,fcb19a94fdcde73db247f57286932157adbd1b4b2249f4694ed54fb06188f3ce,train,640,480,S02_confused_0028.txt
S02_confused_0029.jpg,confused_3243.jpg,S02,private,train,1,confused,372ff2045fa84ef9c4f161d18414e5f0d326180fd91b212b47e643334d01b7de,train,640,480,S02_confused_0029.txt
S02_confused_0030.jpg,confused_3248.jpg,S02,private,train,1,confused,e37dcb79df8c2319b187e63c2366dceb04ba8efc36e6580e346c0e086c2e2a08,train,640,480,S02_confused_0030.txt
S02_confused_0031.jpg,confused_3252.jpg,S02,private,train,1,confused,2dc40007f03f43fe67cead24c5b2e5236899679d70a0d0d6a885388d69fd6151,train,640,480,S02_confused_0031.txt
S02_confused_0032.jpg,confused_3262.jpg,S02,private,train,1,confused,633aee5d73104da61ac8171a9f04e24dfe8e06db831a50b67b3d8a2f38e615d4,train,640,480,S02_confused_0032.txt
S02_confused_0033.jpg,confused_3266.jpg,S02,private,train,1,confused,ee5e0808a87a79d36716998cd3d31a747e532994184b70a9f584feb58650d8b1,train,640,480,S02_confused_0033.txt
S02_confused_0034.jpg,confused_3271.jpg,S02,private,train,1,confused,d49a4bddd48c7b36576d3c06d6edc015a639bd4bbc05702d2be45c902534ca14,test,640,480,S02_confused_0034.txt
S02_engaged_0001.jpg,engaged_357.jpg,S02,private,train,0,engaged,6f244888bab48e26cd2d0362c9578c1e3f1bc9c0983c83b755ff8b8e10e9fc03,train,640,480,S02_engaged_0001.txt
S02_engaged_0002.jpg,engaged_372.jpg,S02,private,train,0,engaged,4f959c4ccdb6e58dce8a0f8e699da5e6c9bc7e652676eb54f62b670386d4cb74,train,640,480,S02_engaged_0002.txt
S02_engaged_0003.jpg,engaged_375.jpg,S02,private,train,0,engaged,81387bee9fe1d830b91523861b161566e038b3ba6a26b8f0418c81a18fb6cb7d,train,640,480,S02_engaged_0003.txt
S02_engaged_0004.jpg,engaged_379.jpg,S02,private,train,0,engaged,fbbdb49ad15de148826612783e30b7ab31172a303d7e969a71770838af0b227f,train,640,480,S02_engaged_0004.txt
S02_engaged_0005.jpg,engaged_382.jpg,S02,private,train,0,engaged,d1436852e56915833f3f4c953c2d1885602c7cfef635def4877a116b62750c14,train,640,480,S02_engaged_0005.txt
S02_engaged_0006.jpg,engaged_412.jpg,S02,private,train,0,engaged,8515ea86a3cedd96a89daa342d48812cdcf83e6dd15b8f8885cf3ce7d320fdeb,val,640,480,S02_engaged_0006.txt
S02_engaged_0007.jpg,engaged_419.jpg,S02,private,train,0,engaged,5232324d73f47a673b5d11c9791af89ae0dd9f52da2d40ecbb8eebdf7e38616b,test,640,480,S02_engaged_0007.txt
S02_engaged_0008.jpg,engaged_423.jpg,S02,private,train,0,engaged,005cf737b19494ac13953646dbbc7ac274c06d2456a14537e36485469c1c61fd,train,640,480,S02_engaged_0008.txt
S02_engaged_0009.jpg,engaged_430.jpg,S02,private,train,0,engaged,70826f854286d7d1962b4ff73d8f556968536520a279c1772ea0943559a8d171,val,640,480,S02_engaged_0009.txt
S02_engaged_0010.jpg,engaged_453.jpg,S02,private,train,0,engaged,0142a512570f766501445ac36e0fa4e01ba0ed455ccf27d116055001449caae7,train,640,480,S02_engaged_0010.txt
S02_engaged_0011.jpg,engaged_455.jpg,S02,private,train,0,engaged,59c02b0f400434e5935e35ddf2301698ca2438cf1b77a9d5519ea62943e135a7,train,640,480,S02_engaged_0011.txt
S02_engaged_0012.jpg,engaged_457.jpg,S02,private,train,0,engaged,22be66c11e905242b517d1736e8a25184b3341fcbcab9916ed7cbe65e0d9ad95,train,640,480,S02_engaged_0012.txt
S02_engaged_0013.jpg,engaged_458.jpg,S02,private,train,0,engaged,2a6a870e331720a39dafdb0f33c93433be83724455e1623796d741c50ce68624,train,640,480,S02_engaged_0013.txt
S02_engaged_0015.jpg,engaged_460.jpg,S02,private,train,0,engaged,de487ac02adc5356ed56b8ef3b0d7ebafbf3f7a93100c3e931b09760cc2b94e6,train,640,480,S02_engaged_0015.txt
S02_engaged_0016.jpg,engaged_462.jpg,S02,private,train,0,engaged,9123cce35d8f9d1eaeb09b7c58efd26b64198815830d4c9589bacb1ab3ba53c9,train,640,480,S02_engaged_0016.txt
S02_engaged_0018.jpg,engaged_464.jpg,S02,private,train,0,engaged,505295ffe3671f4a3784cde6a4dc7c250c094a22ed1179822407db09e77285b2,train,640,480,S02_engaged_0018.txt
S02_engaged_0020.jpg,engaged_508.jpg,S02,private,train,0,engaged,d448d120b197bf3aa27263554ff262f5f2ce345967874895dcf889276d1054b3,train,640,480,S02_engaged_0020.txt
S02_engaged_0021.jpg,engaged_510.jpg,S02,private,train,0,engaged,1c88f9d5a5ec950058d8789bcd6eef365962930cd59a26a45c122fba14ceddc5,train,640,480,S02_engaged_0021.txt
S02_engaged_0022.jpg,engaged_579.jpg,S02,private,train,0,engaged,4eab15fa600b91f33706e4ca844e2a818364ceca58cc09399dbafac6362dc943,train,640,480,S02_engaged_0022.txt
S02_engaged_0023.jpg,engaged_582.jpg,S02,private,train,0,engaged,23c97c2ead08e73e4934565519e08e217482483a0eb1133a6084e0abd69156a6,train,640,480,S02_engaged_0023.txt
S02_engaged_0024.jpg,engaged_589.jpg,S02,private,train,0,engaged,6755e0bd6b8e8fb8008b6e0907c69a57d3aba1dd1f0e80d7a88b354e73901ad9,train,640,480,S02_engaged_0024.txt
S02_engaged_0025.jpg,engaged_592.jpg,S02,private,train,0,engaged,7ea6f1f8a6378089a5773d035d36df297e637acdf96456ed94beedb8a1b32cf3,train,640,480,S02_engaged_0025.txt
S02_engaged_0026.jpg,engaged_615.jpg,S02,private,train,0,engaged,9d3536bcbe072b8d3d240ea89d679d75a6ec55fd0534fb6c95a0fb8040be19ff,train,640,480,S02_engaged_0026.txt
S02_engaged_0027.jpg,engaged_622.jpg,S02,private,train,0,engaged,565ee91e731be895eee085bcd2af501a4090fbc42eeaedb9f28172fbbf2f21f1,train,640,480,S02_engaged_0027.txt
S02_engaged_0028.jpg,engaged_625.jpg,S02,private,train,0,engaged,df478fe7cd37d901a3a4e37f103e1615e5284b5b275caad4ae9dac9388c18fb7,train,640,480,S02_engaged_0028.txt
S02_engaged_0029.jpg,engaged_643.jpg,S02,private,train,0,engaged,f345183935498eb2b3dfa248b1b84589828966bcce757af2426da0cf305be59a,train,640,480,S02_engaged_0029.txt
S02_engaged_0030.jpg,engaged_650.jpg,S02,private,train,0,engaged,b6cd95a9c2de191f01a024863bfe39dc9f3e5aa95ae1e47b0e6944e06ec23d6d,train,640,480,S02_engaged_0030.txt
S02_engaged_0031.jpg,engaged_654.jpg,S02,private,train,0,engaged,a0a044f399c6e75efd5ea8cc18417aee13b98bd617ed80c136ab55c2cd3b10ce,test,640,480,S02_engaged_0031.txt
S02_engaged_0032.jpg,engaged_658.jpg,S02,private,train,0,engaged,8571495275159fef18e78b562ac8d0dc65bbe3227aa309e17baa7db9920f6190,train,640,480,S02_engaged_0032.txt
S02_engaged_0033.jpg,engaged_667.jpg,S02,private,train,0,engaged,c3c4527e382701c0d396ed8735c6fe44b00372b4f2275628fc6973b5e577cb31,train,640,480,S02_engaged_0033.txt
S02_engaged_0034.jpg,engaged_671.jpg,S02,private,train,0,engaged,e634a8d03f93ae1cad72de828e1fef3393aa9cc73fc3bc9bda37b2c73c43f3c1,train,640,480,S02_engaged_0034.txt
S02_engaged_0035.jpg,engaged_675.jpg,S02,private,train,0,engaged,a7660d6d104c00cab6f68ff98f2ac04f9e1239462f684128caa48563671f41c9,train,640,480,S02_engaged_0035.txt
S02_engaged_0036.jpg,engaged_679.jpg,S02,private,train,0,engaged,c354961b5fed5f8139ff8cd35351f6b0e67abec983a8220853f101927b7c74aa,train,640,480,S02_engaged_0036.txt
S02_engaged_0037.jpg,engaged_683.jpg,S02,private,train,0,engaged,913153864eacc47632ac8138505c201e9656e7ba6d55a7e4ba26e68008999635,test,640,480,S02_engaged_0037.txt
S02_engaged_0038.jpg,engaged_686.jpg,S02,private,train,0,engaged,14d55e7459dbe4543ff3901435812c6e5664a994be5d5e83ea94ebc5a5bf1454,train,640,480,S02_engaged_0038.txt
S02_engaged_0039.jpg,engaged_690.jpg,S02,private,train,0,engaged,1dfed95e2dd37d7dadecaabc36a2cdbc99749c308fc65fc847c3b4f05fa773ce,train,640,480,S02_engaged_0039.txt
S02_engaged_0040.jpg,engaged_694.jpg,S02,private,train,0,engaged,f9925b849b0a2cb4c5ba49978ed5d9554f5db0ee8716160c93e35e3c9ad0912c,train,640,480,S02_engaged_0040.txt
S02_engaged_0041.jpg,engaged_697.jpg,S02,private,train,0,engaged,fd65cc442b00b345040526036f4cd5645d3da609c9fab6d3cb4e2fe19231e25f,train,640,480,S02_engaged_0041.txt
S02_engaged_0042.jpg,engaged_709.jpg,S02,private,train,0,engaged,4f6e837e1b4fce119e552ddec48fc3d3faf43ab38fe3a82b2778df98c3865e15,train,640,480,S02_engaged_0042.txt
S02_frustrated_0001.jpg,frustrated_2542.jpg,S02,private,train,3,frustrated,e666ebd63d663aed96f309220a33452a0451eaf0e7ed69264218d954f96f0740,train,640,480,S02_frustrated_0001.txt
S02_frustrated_0002.jpg,frustrated_2545.jpg,S02,private,train,3,frustrated,0e68486f60a6158a48671b9351c7df1ddc9653175208efea149359484784ae32,train,640,480,S02_frustrated_0002.txt
S02_frustrated_0003.jpg,frustrated_2549.jpg,S02,private,train,3,frustrated,f4a552863184940ce20d0698fbc787a243cc7f889273b27e93e6ce944ae6e5ea,train,640,480,S02_frustrated_0003.txt
S02_frustrated_0004.jpg,frustrated_2553.jpg,S02,private,train,3,frustrated,1785cc39e96f7d7d9b0aace413ec3709a79f5d318aa66bf5832ae7c412f1146c,train,640,480,S02_frustrated_0004.txt
S02_frustrated_0005.jpg,frustrated_2655.jpg,S02,private,train,3,frustrated,72fd25f56c0d2c91cbb2bff6e1a804b3ccca7e829891bfac8d56043b82efb15a,train,640,480,S02_frustrated_0005.txt
S02_frustrated_0006.jpg,frustrated_2660.jpg,S02,private,train,3,frustrated,34e14f20dd5b0c9abbda389850a7f0a844150d144a92038f325ebd50e450d516,train,640,480,S02_frustrated_0006.txt
S02_frustrated_0007.jpg,frustrated_2665.jpg,S02,private,train,3,frustrated,0d28f6518455254fafc210cf5df184698e52384b5f8aad09aec5638f2e9dfd05,train,640,480,S02_frustrated_0007.txt
S02_frustrated_0008.jpg,frustrated_2670.jpg,S02,private,train,3,frustrated,16884824854ef3d9f6487d818874581e2be86b2bf660f029df3f95e810e0b056,train,640,480,S02_frustrated_0008.txt
S02_frustrated_0009.jpg,frustrated_2709.jpg,S02,private,train,3,frustrated,3fa177248fe88dad6ca802c497bb944a210a9d6773e757b368ce43e2f5b33109,train,640,480,S02_frustrated_0009.txt
S02_frustrated_0010.jpg,frustrated_2713.jpg,S02,private,train,3,frustrated,c53229d94c7699736eeac81906d160713f9468bfe3d1b48a2f59704d5aa335ca,train,640,480,S02_frustrated_0010.txt
S02_frustrated_0011.jpg,frustrated_2718.jpg,S02,private,train,3,frustrated,b48b27ce67dd6c3a8fa0094301327bc6b270683a5ec3718bc1038771fc5e34eb,train,640,480,S02_frustrated_0011.txt
S02_frustrated_0012.jpg,frustrated_2796.jpg,S02,private,train,3,frustrated,9e90130d0262c7de674ae05ca5b50f2b563614d1074ee5ac0bf246fa4a0a57f1,test,640,480,S02_frustrated_0012.txt
S02_frustrated_0013.jpg,frustrated_2799.jpg,S02,private,train,3,frustrated,cfd3736f9c5f97be7a82e1f85ab727b8ea44de6b257136c31f26ad9b994641c3,train,640,480,S02_frustrated_0013.txt
S02_frustrated_0014.jpg,frustrated_2803.jpg,S02,private,train,3,frustrated,d6d043efd6ba11ded4ab8ed8acbd5b2ac27137d07da17136e3ae3f032b4e4ff8,train,640,480,S02_frustrated_0014.txt
S02_frustrated_0015.jpg,frustrated_2807.jpg,S02,private,train,3,frustrated,7f5cc464c7cd3e716ae1303abcf045c13eacf0de3b3669cef56216f95bd58799,val,640,480,S02_frustrated_0015.txt
S02_frustrated_0016.jpg,frustrated_2811.jpg,S02,private,train,3,frustrated,c721c4d51341410e727ea8e502e1d5949df4d5d643b25f40778b9e0155a45b14,train,640,480,S02_frustrated_0016.txt
S02_frustrated_0017.jpg,frustrated_2824.jpg,S02,private,train,3,frustrated,3d76c0589f0d797acaf48ed1f75646b1846af139272e0d592978e539f28cb608,test,640,480,S02_frustrated_0017.txt
S02_frustrated_0018.jpg,frustrated_2829.jpg,S02,private,train,3,frustrated,c9fc9934b68ea238bf8c500c70dfbbf3fc721dabac69f142679abf40dbc49f22,train,640,480,S02_frustrated_0018.txt
S02_frustrated_0019.jpg,frustrated_2833.jpg,S02,private,train,3,frustrated,b283b4fb640fd53f57c763c5a6c24fb4f4ff56967174bfc3cf93dbc8c1dcacc8,train,640,480,S02_frustrated_0019.txt
S02_frustrated_0020.jpg,frustrated_2837.jpg,S02,private,train,3,frustrated,df244384e8f3ddde20c191e0fbf64c89c2476847362f45506d504c0ca898d4ba,train,640,480,S02_frustrated_0020.txt
S02_frustrated_0021.jpg,frustrated_2843.jpg,S02,private,train,3,frustrated,8451ca035fc47e1d6ab6ae82d32175f888a97e254f42270a472bb34c35a228bd,train,640,480,S02_frustrated_0021.txt
S02_frustrated_0022.jpg,frustrated_2846.jpg,S02,private,train,3,frustrated,9c1fd9f234ed2052d808f2208053600da33ca0928acbc9bdb65abff200a6814e,train,640,480,S02_frustrated_0022.txt
S02_frustrated_0023.jpg,frustrated_2851.jpg,S02,private,train,3,frustrated,3142f9bc720e436515f707f392c2bb2f03072cf5ac85d8093e71bb293d8efeef,train,640,480,S02_frustrated_0023.txt
S02_frustrated_0024.jpg,frustrated_2857.jpg,S02,private,train,3,frustrated,d5da8b720e9d69e2e6457a5bfec19534a63a5d9e010ad09383d4ce642dc045d2,train,640,480,S02_frustrated_0024.txt
S02_frustrated_0025.jpg,frustrated_2860.jpg,S02,private,train,3,frustrated,bfc82f07a4c2ddce922d7f4b6ae73b9c2fad58637de1e1eeaccd83202daa4fc1,train,640,480,S02_frustrated_0025.txt
S02_frustrated_0026.jpg,frustrated_2890.jpg,S02,private,train,3,frustrated,e93abbbe4e4efa83484a7ede1a00033cf40eeab51be57cee9bd079755222b02b,test,640,480,S02_frustrated_0026.txt
S02_frustrated_0027.jpg,frustrated_2893.jpg,S02,private,train,3,frustrated,f4613bce37193fcc252c3e421d9facdb80a2c509c9e551e6bc25565fe931acaf,train,640,480,S02_frustrated_0027.txt
S02_frustrated_0028.jpg,frustrated_2896.jpg,S02,private,train,3,frustrated,5d30aaa4694c23c253709c89291197f9872d5da04a98800787a4dc4e846e3e5f,val,640,480,S02_frustrated_0028.txt
S02_frustrated_0029.jpg,frustrated_2902.jpg,S02,private,train,3,frustrated,372014a5ba013c6c08c2c83381d6af6f55060e66028ac3d90061ad123bc4a6fb,train,640,480,S02_frustrated_0029.txt
S02_frustrated_0030.jpg,frustrated_2906.jpg,S02,private,train,3,frustrated,b7d65e9aa2874114577fdb08640be3c419104ffa763aef176d2a0639f3131807,train,640,480,S02_frustrated_0030.txt
S02_frustrated_0031.jpg,frustrated_2909.jpg,S02,private,train,3,frustrated,1cae5445f1fc84883f53cc1eb8a5632cd5329673dca298a00da3d1fcfb8400fa,train,640,480,S02_frustrated_0031.txt
S02_frustrated_0032.jpg,frustrated_2911.jpg,S02,private,train,3,frustrated,be05512ff821b494b4f37ecbc8974f63f3b45ce2be1e9d6761741ea138bde830,train,640,480,S02_frustrated_0032.txt
S02_frustrated_0033.jpg,frustrated_2925.jpg,S02,private,train,3,frustrated,572f9d3ecf5a717d074fcf7f26cd4a5c45d4067c9d8e4221e4b1656b75eabb27,train,640,480,S02_frustrated_0033.txt
S02_frustrated_0034.jpg,frustrated_2926.jpg,S02,private,train,3,frustrated,ed59b0c8ad2af37e2a0c2ec5a5e7c27914c406dc80bcb2a1d7395b2608fb62b3,train,640,480,S02_frustrated_0034.txt
S02_frustrated_0035.jpg,frustrated_2928.jpg,S02,private,train,3,frustrated,b4fabd4e0cc44e46dcd0cd1afc76331679eea518c2785a2d2ba50a8eda05b739,train,640,480,S02_frustrated_0035.txt
S02_frustrated_0036.jpg,frustrated_2930.jpg,S02,private,train,3,frustrated,589baa4cc5bf7f4f8c29c07cc5116577798739b05a21c49fbf491b5ee2775620,train,640,480,S02_frustrated_0036.txt
S02_frustrated_0037.jpg,frustrated_2946.jpg,S02,private,train,3,frustrated,1f9ac86ca4485a0488368937a034d0aea964aff04c8d177bc306fdb8ce45d052,test,640,480,S02_frustrated_0037.txt
S02_frustrated_0038.jpg,frustrated_2949.jpg,S02,private,train,3,frustrated,a6d48c77cf7061d75b753197d41d77da30d78089c8ca08782794b7b119fede1c,train,640,480,S02_frustrated_0038.txt
S02_frustrated_0039.jpg,frustrated_2956.jpg,S02,private,train,3,frustrated,d74011584b4955702a8dc89867b6cfa7de07b44e4a08fbdd68f749f2ad049cbb,train,640,480,S02_frustrated_0039.txt
S02_frustrated_0040.jpg,frustrated_2960.jpg,S02,private,train,3,frustrated,289b4120834d03363f6fa92d690fdd562f9d59befb76a3fd223d190cd0b7c26b,val,640,480,S02_frustrated_0040.txt
S02_frustrated_0041.jpg,frustrated_2964.jpg,S02,private,train,3,frustrated,319ebad4991175bcde8cd9a61488e51ee4dbcc303da7cc3dc65f5ea343348ddf,train,640,480,S02_frustrated_0041.txt
S02_frustrated_0042.jpg,frustrated_2967.jpg,S02,private,train,3,frustrated,05cc40bb3b0bc7dd27275227c8fdf48d8f915853deb49f4d87fc33ecf91d25ba,train,640,480,S02_frustrated_0042.txt
S02_frustrated_0043.jpg,frustrated_2970.jpg,S02,private,train,3,frustrated,5a7ea25124c53c119688bc72b37669f33721892f28d4a79d87731441f60ced97,train,640,480,S02_frustrated_0043.txt
S02_frustrated_0044.jpg,frustrated_2974.jpg,S02,private,train,3,frustrated,0794474e76a122081c1416ddcae9d910dc461c127de62862a9454c2af72ccbc0,train,640,480,S02_frustrated_0044.txt
S02_frustrated_0045.jpg,frustrated_2979.jpg,S02,private,train,3,frustrated,852be6215bd563a44dab56023bbd9c00bbcc24d06eb19502c17a6c62b0bf9cb7,train,640,480,S02_frustrated_0045.txt
S02_frustrated_0046.jpg,frustrated_2985.jpg,S02,private,train,3,frustrated,e4e6160a22ea9f89b54eebf70ab029724341986cf0003afebcf8f3a6f8a3d902,train,640,480,S02_frustrated_0046.txt
S02_frustrated_0047.jpg,frustrated_2996.jpg,S02,private,train,3,frustrated,c20b8aff9a1d5ee6319eca6946526b88068d4b35578995922997f9c4b0977c59,train,640,480,S02_frustrated_0047.txt
S02_frustrated_0048.jpg,frustrated_3002.jpg,S02,private,train,3,frustrated,b61b181f20925edc47fbe1b3b024679df3faa71aff209c18f8963538fdde34ad,train,640,480,S02_frustrated_0048.txt
S02_frustrated_0049.jpg,frustrated_3005.jpg,S02,private,train,3,frustrated,6755a8bc419ea8023ea9bf71b183b3e99d6044725d3ef67dda763cc451099eb3,train,640,480,S02_frustrated_0049.txt
S02_frustrated_0050.jpg,frustrated_3021.jpg,S02,private,train,3,frustrated,b239ae2612c02b82a9dd9cf9e3d690a37a63677ec7d9ad79ff86a73bb9565d10,train,640,480,S02_frustrated_0050.txt
S02_frustrated_0051.jpg,frustrated_3023.jpg,S02,private,train,3,frustrated,ac5a38cbecefc04ba8304076c0dafbe2cc7a79893ca62f807e1895e6a8f92daf,train,640,480,S02_frustrated_0051.txt
S02_frustrated_0052.jpg,frustrated_3069.jpg,S02,private,train,3,frustrated,6264193a0dd870e3885b5b60e37b961f5beac09846e02b394a41d2e0007a33cc,train,640,480,S02_frustrated_0052.txt
S02_frustrated_0053.jpg,frustrated_3073.jpg,S02,private,train,3,frustrated,d1ebd96f4f714c4fc2acd44593715f664bbc8ae66c5dbca3c330d29005386c22,val,640,480,S02_frustrated_0053.txt
S02_frustrated_0054.jpg,frustrated_3076.jpg,S02,private,train,3,frustrated,a4da357eb68527024c853fed78212a7e9f1187117976767a6aee9726fdd4c403,train,640,480,S02_frustrated_0054.txt
S02_frustrated_0055.jpg,frustrated_3082.jpg,S02,private,train,3,frustrated,e88d0b73476cf368bf6f2f3787ce0444285f527a7c3f3c11d10aaaca5aa3b5fe,train,640,480,S02_frustrated_0055.txt
S02_frustrated_0056.jpg,frustrated_3084.jpg,S02,private,train,3,frustrated,387968a41173c6912d94a7a8b2a9e1e6b92653ef40e22150580c73d53afbcd6e,train,640,480,S02_frustrated_0056.txt
S02_frustrated_0057.jpg,frustrated_3094.jpg,S02,private,train,3,frustrated,0fc42684040530f21fdb4f5e16330d8c5e34efac2b97c1152f6cd3ecb1c383e8,train,640,480,S02_frustrated_0057.txt
S02_frustrated_0058.jpg,frustrated_3097.jpg,S02,private,train,3,frustrated,01ce6d518aef323b4b2e09452acf7d6af2e994cd03949af95825e05723860b4e,val,640,480,S02_frustrated_0058.txt
S02_frustrated_0059.jpg,frustrated_3100.jpg,S02,private,train,3,frustrated,d3e5fbd2f50e5d43ab5e21aab60c8e25c7822d5fcb499f9ce799ec5c3a4c09cf,train,640,480,S02_frustrated_0059.txt
S02_frustrated_0060.jpg,frustrated_3102.jpg,S02,private,train,3,frustrated,79558fdb5484727f28cfe6c625bc8b1c0465c54400418071b1910f80708afe24,train,640,480,S02_frustrated_0060.txt
S02_frustrated_0061.jpg,frustrated_3106.jpg,S02,private,train,3,frustrated,587ac4dc79080f4989d77d9efbfca56d6cff0aa95475c54d1b4365415bf348b4,train,640,480,S02_frustrated_0061.txt
S02_frustrated_0062.jpg,frustrated_3111.jpg,S02,private,train,3,frustrated,f0e6196288d25875d8c5316cb0670df6c1048e1f771a449e328468038bae167b,test,640,480,S02_frustrated_0062.txt
S02_frustrated_0063.jpg,frustrated_3115.jpg,S02,private,train,3,frustrated,fdc4e594bf6fa1c0c186897649a76891e3f637fb4e21625b3693733b7b7b8273,train,640,480,S02_frustrated_0063.txt
S02_frustrated_0064.jpg,frustrated_3119.jpg,S02,private,train,3,frustrated,7976ad9330a752a085090031c23fec0b57c0e4510e07d117a58bb00ee85116f6,train,640,480,S02_frustrated_0064.txt
S02_frustrated_0065.jpg,frustrated_3122.jpg,S02,private,train,3,frustrated,2c775776aba15fb4402edf6e71e9c119527981f16b6efda34b117d04c39454d3,train,640,480,S02_frustrated_0065.txt
S02_frustrated_0066.jpg,frustrated_3128.jpg,S02,private,train,3,frustrated,3699b0b3fb405741ff2f741167103b50a28361d2d4e7f46203042993d4c1662b,val,640,480,S02_frustrated_0066.txt
S02_frustrated_0067.jpg,frustrated_3134.jpg,S02,private,train,3,frustrated,c8d6a5fe25b1d7d3dd649cb544e394a70b33ad98ccae811575c0a4e6a5cda5f4,val,640,480,S02_frustrated_0067.txt
S02_frustrated_0068.jpg,frustrated_3138.jpg,S02,private,train,3,frustrated,b48da81676f3bfa41b65e35287234e2ad9cac61e84e8c4f75fcbd4b6030d29b5,train,640,480,S02_frustrated_0068.txt
S02_frustrated_0069.jpg,frustrated_3150.jpg,S02,private,train,3,frustrated,44702bd9156846c56c46dffc8e44c55776f5da0880b85c9058b8fc5395a5017d,train,640,480,S02_frustrated_0069.txt
S02_frustrated_0070.jpg,frustrated_3155.jpg,S02,private,train,3,frustrated,27d42cbea08d19b540ff43d019eb24bf0f4a5b050b510e59b33009f7d9f80f47,train,640,480,S02_frustrated_0070.txt
S02_frustrated_0071.jpg,frustrated_3159.jpg,S02,private,train,3,frustrated,cc1775ee05bf32b4d3996a820850c1eef8d1933b4049912acd6607c367faede4,test,640,480,S02_frustrated_0071.txt
S03_bored_0001.jpg,bored_4100.jpg,S03,private,val,2,bored,ad2f019d467d638d7ce3f334f8356f5da736f5383a60e86c3fe7295989e8620a,train,640,480,S03_bored_0001.txt
S03_bored_0002.jpg,bored_4372.jpg,S03,private,val,2,bored,64be49d38750781886eed513cff15ac4736e552447f4da9d3c7be76f319fdf91,train,640,480,S03_bored_0002.txt
S03_bored_0003.jpg,bored_4455.jpg,S03,private,val,2,bored,d15c38d6737b4254a111a315f1b6dde567b2487fd54ed9a7d492b402d7576c71,train,640,480,S03_bored_0003.txt
S03_bored_0004.jpg,bored_4458.jpg,S03,private,val,2,bored,ea6ee91c61b2173b0fa974dcc973e279ec2cf109646d9af1c456abaad3cf7e0a,train,640,480,S03_bored_0004.txt
S03_bored_0005.jpg,bored_4461.jpg,S03,private,val,2,bored,33afd0b6acd95d4c727e8a49cd443e3906b53f6fab61b4ef1c535e2a42071255,train,640,480,S03_bored_0005.txt
S03_bored_0006.jpg,bored_4463.jpg,S03,private,val,2,bored,2b7f0bbf3a7aa1892c580efef51a5941a7eb791e365421063b05b7d1d784624c,train,640,480,S03_bored_0006.txt
S03_bored_0007.jpg,bored_4491.jpg,S03,private,val,2,bored,a5dd106276b5fd021988be1842ced119af36bf09caf13a6739a5dde171713ae5,val,640,480,S03_bored_0007.txt
S03_bored_0008.jpg,bored_4505.jpg,S03,private,val,2,bored,aa04cf00bb292edb83ed2ca371ea6599db062b4d23821cc206af0fc751f2dbec,train,640,480,S03_bored_0008.txt
S03_bored_0009.jpg,bored_4509.jpg,S03,private,val,2,bored,015c8f459a537be520bb13ff4215fba22dde5c564d2932724621a899cd4fd955,train,640,480,S03_bored_0009.txt
S03_bored_0010.jpg,bored_4515.jpg,S03,private,val,2,bored,2ddd95562cf576c2d9d31bf517deea869b19901af0b2cf5ea79769d0ad340891,train,640,480,S03_bored_0010.txt
S03_bored_0011.jpg,bored_4520.jpg,S03,private,val,2,bored,ff2c490eab86ff86fe5ebc07cb706f65cc74f6093c5cb1e69602325d9a420bd1,train,640,480,S03_bored_0011.txt
S03_confused_0001.jpg,confused_3166.jpg,S03,private,val,1,confused,222fef0da2ed82f77462fc270f12ca88addd134753069d6f225bb54e43f8f957,train,469,480,S03_confused_0001.txt
S03_confused_0002.jpg,confused_3191.jpg,S03,private,val,1,confused,5de132c7df5026997acbd2a1d175e16335365c95d7f784483d50173d8fd9808d,train,460,480,S03_confused_0002.txt
S03_confused_0003.jpg,confused_3197.jpg,S03,private,val,1,confused,be5b24b68ed0051c61dadd1d3e5baa8268804f1d829396400ce8546f1b8c2349,train,471,480,S03_confused_0003.txt
S03_confused_0004.jpg,confused_3201.jpg,S03,private,val,1,confused,babf3bd0121f13974a862d9756a8d6215b4e877d6ef95f904e0ae223be3d2c39,train,479,480,S03_confused_0004.txt
S03_confused_0005.jpg,confused_3241.jpg,S03,private,val,1,confused,e3b07c7cf8e53a513e09d27fd221c370cb9a925cbc30296b4c51eef0f9fde1f6,train,467,480,S03_confused_0005.txt
S03_confused_0006.jpg,confused_3257.jpg,S03,private,val,1,confused,4902fb4f97345c7fad8d4db55e6b66ba6c507259927a6a797cdae2134e0b62b4,train,470,480,S03_confused_0006.txt
S03_confused_0007.jpg,confused_3269.jpg,S03,private,val,1,confused,f4349d187934e7eb5df2aa74b7e256e2d33b56044d361b6aa013ffcda87cf284,train,476,480,S03_confused_0007.txt
S03_confused_0008.jpg,confused_3299.jpg,S03,private,val,1,confused,1e9d3c57303752264e51cb70a0d4cd3600d1db8f8f57bc4edf38a14c8b1bb75b,train,464,480,S03_confused_0008.txt
S03_engaged_0008.jpg,engaged_591.jpg,S03,private,val,0,engaged,5ad5b94698f54d556610e61edddcc08950a31d816c1b005fc408c58928a6e7d2,train,640,480,S03_engaged_0008.txt
S03_engaged_0009.jpg,engaged_672.jpg,S03,private,val,0,engaged,a5cd63f427136ae8a76bd3294d14046a4007bd4c9979ad95948e18aaf0080b19,train,640,480,S03_engaged_0009.txt
S03_engaged_0010.jpg,engaged_687.jpg,S03,private,val,0,engaged,fdf52ab74cb86454dddd7ff3db2cad2697bbbceb51c1c4d440856a4a5a42b9e0,train,640,480,S03_engaged_0010.txt
S03_engaged_0011.jpg,engaged_885.jpg,S03,private,val,0,engaged,6bc8ecd19a72b5c17b8793e33f2f1c8b5535b427532dc3b62a2446b8388c8be2,test,640,480,S03_engaged_0011.txt
S03_engaged_0001.jpg,engaged_1086.jpg,S03,private,val,0,engaged,b0b4c150744ee4e278d3c7812ce5a961dd18791fcaa12701982577ef5353d7b6,train,640,480,S03_engaged_0001.txt
S03_engaged_0002.jpg,engaged_1091.jpg,S03,private,val,0,engaged,2e9b0a00407db1201b44d34b9a7af2b36f760745c2846aebcc3c257f8bac17e8,train,640,480,S03_engaged_0002.txt
S03_engaged_0003.jpg,engaged_1098.jpg,S03,private,val,0,engaged,ddc70c3000c1fc44f9803b42e02884b4afeaee65a70266ef07fdbbf8b6afb759,train,640,480,S03_engaged_0003.txt
S03_engaged_0004.jpg,engaged_1124.jpg,S03,private,val,0,engaged,2bba1fd0442038fe6cf371b37642713f58be9cfdddbcdd8a5d9903086e0560b5,train,640,480,S03_engaged_0004.txt
S03_engaged_0005.jpg,engaged_1129.jpg,S03,private,val,0,engaged,4fa8e7b0bcac988f584613fd9beaf3e570ea8f849f81f9843d248a6478fd949f,test,640,480,S03_engaged_0005.txt
S03_engaged_0006.jpg,engaged_1160.jpg,S03,private,val,0,engaged,4b592a562b244e79e814483a0836095e0278e64fe6f45957d5505171e2f1abe8,train,640,480,S03_engaged_0006.txt
S03_engaged_0007.jpg,engaged_1168.jpg,S03,private,val,0,engaged,036d3d60b64ec53e1ba37f1d15e668af9d497eaedb9fe3f1b90f3a5664ec984a,train,640,480,S03_engaged_0007.txt
S03_frustrated_0001.jpg,frustrated_2540.jpg,S03,private,val,3,frustrated,799aa5ace6b6657a3e46b9115fd3ad632b845780300b6892ba366822749e0c2e,test,471,480,S03_frustrated_0001.txt
S03_frustrated_0002.jpg,frustrated_2558.jpg,S03,private,val,3,frustrated,2b951849db8e85cb0e5a6ce553d80c6ef64d0f430a97e495a41388c27633f2f5,train,442,480,S03_frustrated_0002.txt
S03_frustrated_0003.jpg,frustrated_2563.jpg,S03,private,val,3,frustrated,77e2cf7049142e3ecf2e834dfb14c52431bf1640a0c31df2e53210cca87a419f,train,464,480,S03_frustrated_0003.txt
S04_bored_0001.jpg,bored_1750.jpg,S04,private,test,2,bored,47a922a1bf305556e00ee6bd46f921d22a5aeeb07e40eaeb22e56800fe98f5ca,train,640,480,S04_bored_0001.txt
S04_bored_0002.jpg,bored_2135.jpg,S04,private,test,2,bored,b7c211a721feadf6f58ad70fc2df173b6264fa82d94296f32a96ad12a4c0134c,train,640,480,S04_bored_0002.txt
S04_bored_0003.jpg,bored_2208.jpg,S04,private,test,2,bored,74841474979eb43309dec31e8c3db30f104e2ea6e5e5f8ea4b49f95aadfc89a7,train,640,480,S04_bored_0003.txt
S04_bored_0004.jpg,bored_2255.jpg,S04,private,test,2,bored,55cda27caf7d0db23c916057f90d6f79999e0fea8d2586d0078828bbeca12689,train,640,480,S04_bored_0004.txt
S04_confused_0001.jpg,confused_2672.jpg,S04,private,test,1,confused,a6d9e56c141eec8486503e2381a1e938e84cf38a258261ba22df7ad5eaa83933,val,640,480,S04_confused_0001.txt
S04_confused_0002.jpg,confused_2735.jpg,S04,private,test,1,confused,7be0f845bf39cbf0881ae2bced3e1a4d9c8a76008acc43aed216d819e8951ae7,train,640,480,S04_confused_0002.txt
S04_confused_0003.jpg,confused_2767.jpg,S04,private,test,1,confused,cb019f1baf95b682898ba93569d81727b61d466a95e8fbe453ddad2c92307940,train,640,480,S04_confused_0003.txt
S04_engaged_0001.jpg,engaged_1083.jpg,S04,private,test,0,engaged,2d5b960a46351ddb0f030db29f02c780c17a9b0cc09f0d40a2793a8637eaae31,train,640,480,S04_engaged_0001.txt
S04_engaged_0002.jpg,engaged_1106.jpg,S04,private,test,0,engaged,f6e2af41da1566ed4134b7d373ab3dc3d4bb4a550c8c8086c628600aefa7c2ab,train,640,480,S04_engaged_0002.txt
S04_engaged_0003.jpg,engaged_1149.jpg,S04,private,test,0,engaged,b70f914d72348d654439ca6bd2fe397e4c5b6f967c74c6cb4248d775e49e1a51,test,640,480,S04_engaged_0003.txt
S04_engaged_0004.jpg,engaged_1200.jpg,S04,private,test,0,engaged,dd723f280636b4fe22ffe571f492e9d9d0e0d54c564f07f37cf9e51bdfe296df,train,640,480,S04_engaged_0004.txt
S04_frustrated_0001.jpg,frustrated_3533.jpg,S04,private,test,3,frustrated,80c84522f605b49efdf998eeee4a625aae370f9a6d5e84493d2e78bf9a3a6a53,val,640,480,S04_frustrated_0001.txt
S04_frustrated_0002.jpg,frustrated_3625.jpg,S04,private,test,3,frustrated,2974e28a13574076ae1d865036d89b8e55963b24c19b092d927d8a5b58ae9010,train,640,480,S04_frustrated_0002.txt
S04_frustrated_0003.jpg,frustrated_3646.jpg,S04,private,test,3,frustrated,079eaf8fea361de9b3c03577bcb1a8d48e603d187a2a103918aea532c54a375e,train,640,480,S04_frustrated_0003.txt
S05_bored_0001.jpg,bored_4863.jpg,S05,private,test,2,bored,0a0da54c536dabdceaeb21a657240b4977e69c32b9f8602fd1701373b5deaa4b,train,640,480,S05_bored_0001.txt
S05_bored_0002.jpg,bored_5011.jpg,S05,private,test,2,bored,1f586f4a8719df93e3a34f74b0ea7ee7327445c898e17b514fce1cce67b24a79,train,640,480,S05_bored_0002.txt
S05_bored_0003.jpg,bored_5053.jpg,S05,private,test,2,bored,10fdd8fb5315c5f148014354ee9c30a636468d4e1669dd4c65e86cc3c8a7d9fc,test,640,480,S05_bored_0003.txt
S05_confused_0001.jpg,confused_4605.jpg,S05,private,test,1,confused,8717a5b1c05f1a0885379213a701c6234b42d01017e9c95bb4c23c304e92afbb,val,640,480,S05_confused_0001.txt
S05_confused_0002.jpg,confused_4709.jpg,S05,private,test,1,confused,cc1aaeb82404edcb31e7b95f7b699fbf0ab37cb1a92a18a4fd8b0e0ec541801a,train,640,480,S05_confused_0002.txt
S05_confused_0003.jpg,confused_4797.jpg,S05,private,test,1,confused,9d8cdfb79670d9543ed88c611cf07ca8e966cc100187b1b39a9756a0bc80d183,val,640,480,S05_confused_0003.txt
S05_engaged_0001.jpg,engaged_4219.jpg,S05,private,test,0,engaged,8815a93ba324059fca656ec6af1ccc89fb1ed2e30cac0627c4ce5da7134da7ef,train,640,480,S05_engaged_0001.txt
S05_engaged_0002.jpg,engaged_4305.jpg,S05,private,test,0,engaged,4c97ec2776c3136d64074dfd6f553370dd6a9ac9a7183782ec4673572bae839d,train,640,480,S05_engaged_0002.txt
S05_engaged_0003.jpg,engaged_4367.jpg,S05,private,test,0,engaged,cf5b26dea3106bf1ba86c0adf76ad5299120473050ef32ccf5e0b6b6d5f11e8f,train,640,480,S05_engaged_0003.txt
S05_engaged_0004.jpg,engaged_4392.jpg,S05,private,test,0,engaged,c9990cebfb405e5c92f68206c76ac3c6ad7b1718b07e5e996a51808811abedde,val,640,480,S05_engaged_0004.txt
S05_frustrated_0001.jpg,frustrated_5224.jpg,S05,private,test,3,frustrated,fc49f599ce5440d9698a0f6d44b2d5fd652428cf9ba97ca3128dec9ab4363467,train,640,480,S05_frustrated_0001.txt
S05_frustrated_0002.jpg,frustrated_5271.jpg,S05,private,test,3,frustrated,3c7caf67fd615401bd6f3862a264ed8fe029ee23e467b70cb3efa73cf0d8e7c7,train,640,480,S05_frustrated_0002.txt
S06_bored_0001.jpg,bored_4749.jpg,S06,private,val,2,bored,75b5d92d330f6f28dbfb7ddc8348e05d080cc2ee7b9970556902db3edef47950,train,640,480,S06_bored_0001.txt
S06_engaged_0001.jpg,bored_4782.jpg,S06,private,val,0,engaged,ce7f0924100377abf21f9b77c9d8dd69d3d67183caa5973601e5750df2275fd7,val,640,480,S06_engaged_0001.txt
S06_bored_0002.jpg,bored_4817.jpg,S06,private,val,2,bored,d2e4ba5ef2d263e00f66f96f9ef7e82a18a88ee6458393b6f520ca66ed5ea23d,train,640,480,S06_bored_0002.txt
S06_bored_0003.jpg,bored_4839.jpg,S06,private,val,2,bored,f0921a0e4712361ee3c231e994f482e69cde8bfc798fb8918e13130f55bf81a4,val,640,480,S06_bored_0003.txt
S06_confused_0001.jpg,confused_4414.jpg,S06,private,val,1,confused,1716ca32c83fc7f6f3ce0c7ebe2e4515f5860cdecf7a0462e499eebe4ebec679,train,640,480,S06_confused_0001.txt
S06_confused_0002.jpg,confused_4559.jpg,S06,private,val,1,confused,c66d0f423b441cb2c7ccf8fcc6b7296c23b0c43e54715c5b82dbf34f635ab36a,test,640,480,S06_confused_0002.txt
S06_engaged_0002.jpg,engaged_4254.jpg,S06,private,val,0,engaged,9a41970eca2efd71e01cdab378aec8cfff2a796757a414bd35c88ad69a0f246a,val,640,480,S06_engaged_0002.txt
S06_engaged_0003.jpg,engaged_4270.jpg,S06,private,val,0,engaged,6946331af4bea8ac0476670ea8597d6f3214647d4fcb61b401f5056b27f93ba6,train,640,480,S06_engaged_0003.txt
S06_frustrated_0001.jpg,frustrated_5047.jpg,S06,private,val,3,frustrated,c52bec2b0c20b299a2805d39a96766ef21097e9776cbfd18da1e0b12dc035a13,train,640,480,S06_frustrated_0001.txt
S06_engaged_0004.jpg,frustrated_5072.jpg,S06,private,val,0,engaged,7e14d629e6bc9a3c691a6db6d92c72a152f91583912f0f76e7a3f10d7b2ecb4e,train,640,480,S06_engaged_0004.txt
S06_frustrated_0002.jpg,frustrated_5204.jpg,S06,private,val,3,frustrated,9828661b713a97a4185bd4cd7391fb058b4a278fa6dff5056e0af9d5b91c1e92,train,640,480,S06_frustrated_0002.txt
S06_frustrated_0003.jpg,frustrated_5221.jpg,S06,private,val,3,frustrated,a59821608e369454e9187ad652f30ad4a4febda747c02b3f51a145857fdb85ff,train,640,480,S06_frustrated_0003.txt
S06_frustrated_0004.jpg,frustrated_5244.jpg,S06,private,val,3,frustrated,0d941f24371410186cd5d4a49e310352b815a7b1ade1aca0c52bad4911235cee,train,640,480,S06_frustrated_0004.txt
S07_bored_0001.jpg,bored_1706.jpg,S07,private,val,2,bored,cf8b8269858e1ecd15da87fa44f7fa8537ae111566ad68ee6e2c29d9f4ca8abe,train,640,480,S07_bored_0001.txt
S07_bored_0002.jpg,bored_1728.jpg,S07,private,val,2,bored,c133e64311cce3630a84d216a158a0dabb9abbf99ecfc80c59bee02dadfce76c,train,640,480,S07_bored_0002.txt
S07_confused_0001.jpg,confused_1485.jpg,S07,private,val,1,confused,641231617064826abcbcdb6dfeaea1bc65e01ed632b99cb124c756cbebc14155,train,640,480,S07_confused_0001.txt
S07_engaged_0001.jpg,engaged_786.jpg,S07,private,val,0,engaged,5d0435e7c18577a94d7f743a3759f8e32d9ce62a07997dabf4aa3ccb6757ce01,train,640,480,S07_engaged_0001.txt
S07_engaged_0002.jpg,engaged_803.jpg,S07,private,val,0,engaged,27994a98c4c7d56f18022f0893099d35e06379ca600638a7b86038d29f387145,train,640,480,S07_engaged_0002.txt
S07_engaged_0003.jpg,engaged_848.jpg,S07,private,val,0,engaged,34e378b6581d0e0e6f2328a0e00aa35929101d5d96384c59e9b44c9386d41ffb,train,640,480,S07_engaged_0003.txt
S07_frustrated_0001.jpg,frustrated_2284.jpg,S07,private,val,3,frustrated,2c1b2a882b0f4070a57fad91951109de7a97830f9fb88508845cfb7bc39ec2d9,train,640,480,S07_frustrated_0001.txt
S07_frustrated_0002.jpg,frustrated_2332.jpg,S07,private,val,3,frustrated,d0f8793b2361f81b750605622e7720e978c9d047c7ee8049dc845a4c4acbc7f9,train,640,480,S07_frustrated_0002.txt
S08_bored_0001.jpg,bored_3311.jpg,S08,private,test,2,bored,8e8399ed6f294b2867f2f24a2ebe4a116858d455e453613c1f63d66186281d05,train,640,480,S08_bored_0001.txt
S08_confused_0001.jpg,confused_2728.jpg,S08,private,test,1,confused,22afc6d00c145beb2f176f21c76fa1a53f428f5740b22515ff8f5fdad2b64b4a,test,640,480,S08_confused_0001.txt
S08_confused_0002.jpg,confused_2859.jpg,S08,private,test,1,confused,7d668348aa44d70847ed6afba55d92987a4e86667060e26d89e95aa026c25bb9,train,640,480,S08_confused_0002.txt
S08_engaged_0001.jpg,engaged_2537.jpg,S08,private,test,0,engaged,a061f790d3011220bf7632cc456ea0fb059a39c58111a65c336348199edb65e2,train,640,480,S08_engaged_0001.txt
S08_engaged_0002.jpg,engaged_2559.jpg,S08,private,test,0,engaged,271c6963053082a11d6f7554fee0f957cc026c89993f38e9f2cca81f0d65e175,train,640,480,S08_engaged_0002.txt
S08_engaged_0003.jpg,engaged_2594.jpg,S08,private,test,0,engaged,fbfc538d39b586014983388aa4da1a0aaefbbbdd703316f7a39f827926d71bc1,train,640,480,S08_engaged_0003.txt
S08_frustrated_0001.jpg,frustrated_3525.jpg,S08,private,test,3,frustrated,2b92bd3cbd44ba9eb6420e97881c8c23fd59a5733552eba70c7fe6816aca9a51,val,640,480,S08_frustrated_0001.txt
S09_bored_0001.jpg,bored_1365.jpg,S09,private,test,2,bored,0163660e29e75660536c43239664e0916402eb057edf15ba6d99dc87ab1c149c,train,640,480,S09_bored_0001.txt
S09_bored_0002.jpg,bored_1390.jpg,S09,private,test,2,bored,709ee8c46fdde2c51c952af05f5fda8b46d24edaf2cc3a04acafff67103130ef,train,640,480,S09_bored_0002.txt
S09_bored_0003.jpg,bored_1429.jpg,S09,private,test,2,bored,5cf8f65cc4dcad38d6f6687e88a59c07d344c8266c82129942d539fc5614750b,train,640,480,S09_bored_0003.txt
S09_bored_0004.jpg,bored_1512.jpg,S09,private,test,2,bored,57e004240193d5ee5546e1b0b064e3741d647f9c9706f85012a77f2ada21ff40,train,640,480,S09_bored_0004.txt
S09_bored_0005.jpg,bored_1543.jpg,S09,private,test,2,bored,956e295d50f2a447723aaa04fab4365ef5da24b876e343425998414b8fe12751,train,640,480,S09_bored_0005.txt
S09_bored_0006.jpg,bored_1595.jpg,S09,private,test,2,bored,265bd28391dc3e1ae81b9d460154f9e3441a80a151e789c3ec9dc1c5004d51a2,train,640,480,S09_bored_0006.txt
S09_confused_0005.jpg,confused_886.jpg,S09,private,test,1,confused,bc41ff45d7a14d57aa90cdeaff5de394f18b17ae538d23a85e8114417695d706,train,640,480,S09_confused_0005.txt
S09_confused_0006.jpg,confused_930.jpg,S09,private,test,1,confused,6e77df574c2d499495ec4a9d3a8bc7b4c70d5c751d2094cbf8ac2042a41383c7,train,640,480,S09_confused_0006.txt
S09_confused_0007.jpg,confused_971.jpg,S09,private,test,1,confused,f7cf2955a466e1919969710ec300152481da3f5c9ea7e116d451d035b91f96c1,train,640,480,S09_confused_0007.txt
S09_confused_0001.jpg,confused_1009.jpg,S09,private,test,1,confused,b46b542a728acdf08ab8e3ea878223f03e1ab7a41222b66dfaa7315707bc584c,train,640,480,S09_confused_0001.txt
S09_confused_0002.jpg,confused_1036.jpg,S09,private,test,1,confused,df4e8977a226081f706666821531f51e4c079e1014606ec766090eba8d2355da,train,640,480,S09_confused_0002.txt
S09_confused_0003.jpg,confused_1064.jpg,S09,private,test,1,confused,bd48afff91e2bda7c453c35a020d53c680229b747e6329b353ac0f31cc72af96,test,640,480,S09_confused_0003.txt
S09_confused_0004.jpg,confused_1090.jpg,S09,private,test,1,confused,881b587ece724105e23cd9b44696c08a6d36596c06f99cdc26ef74fd2e342529,train,640,480,S09_confused_0004.txt
S09_bored_0007.jpg,engaged_373.jpg,S09,private,test,2,bored,2231fa4e67a83e9118b37b53100a2138578d83eed87909c8fff2ff7ac82b6b2b,val,640,480,S09_bored_0007.txt
S09_engaged_0001.jpg,engaged_421.jpg,S09,private,test,0,engaged,a4a1c18cf7340b5000622db0935d3d48b78f8ff71b73e06e917a8a61fb37d45a,train,640,480,S09_engaged_0001.txt
S09_engaged_0002.jpg,engaged_486.jpg,S09,private,test,0,engaged,b14a98500d022d10affe88ff0aecfb7b0b00164308a74ac643303586e4107132,train,640,480,S09_engaged_0002.txt
S09_engaged_0003.jpg,engaged_518.jpg,S09,private,test,0,engaged,1d3d50c0d70614583866e9d12c1128cc5418fba1b82c89f71bd7f30693f42fbb,train,640,480,S09_engaged_0003.txt
S09_engaged_0004.jpg,engaged_559.jpg,S09,private,test,0,engaged,fc28fe248ded44036c48d2839ebbf8bb1fd898f381498c7180d1df5bade7f314,val,640,480,S09_engaged_0004.txt
S09_confused_0008.jpg,engaged_773.jpg,S09,private,test,1,confused,191d4cffec95f8bfe820cabc9437991ac3a1a00d49912f3e6c8afbe77d9a0fa7,train,640,480,S09_confused_0008.txt
S09_engaged_0005.jpg,engaged_853.jpg,S09,private,test,0,engaged,59efaf1220f480247ee081f94f1a9f310f563dd2d69b0e6d0a03a3ee6ab5b0ad,train,640,480,S09_engaged_0005.txt
S09_engaged_0006.jpg,engaged_958.jpg,S09,private,test,0,engaged,f988591a214c9a3b1e2620faf9ee4f0ecc37bd0e8ab4d54f524571f391d47ea5,train,640,480,S09_engaged_0006.txt
S09_frustrated_0001.jpg,frustrated_1365.jpg,S09,private,test,3,frustrated,b110fd67e32ef34198b2dfc5f39849eac34b52c6e11fc0e58ca15f4f35cd5a26,train,640,480,S09_frustrated_0001.txt
S09_frustrated_0002.jpg,frustrated_1410.jpg,S09,private,test,3,frustrated,7b043b710a3eba3858063e39f11484774c2649106717b67ccb108adc7de7b754,train,640,480,S09_frustrated_0002.txt
S09_frustrated_0003.jpg,frustrated_1710.jpg,S09,private,test,3,frustrated,6de27d5c8c9abed65b27b4e5252d455700ad5bb637548c9b8ab5131be4c5548c,train,640,480,S09_frustrated_0003.txt
S09_frustrated_0004.jpg,frustrated_1756.jpg,S09,private,test,3,frustrated,3bf8998207e27e861a4f211b3f853eaedb47201a01c8f3616089b888e6c6f961,train,640,480,S09_frustrated_0004.txt
S09_frustrated_0005.jpg,frustrated_1792.jpg,S09,private,test,3,frustrated,623c568ad657c6f320f79794875760d94b2721a9b7451c6c0c59e576bf0e1bc1,train,640,480,S09_frustrated_0005.txt
S09_frustrated_0006.jpg,frustrated_1838.jpg,S09,private,test,3,frustrated,9a40acd2c6bbee81ca88285f751775eb50b1ce7d8c177d1919c3ce3bed90e70c,val,640,480,S09_frustrated_0006.txt
S09_frustrated_0007.jpg,frustrated_1876.jpg,S09,private,test,3,frustrated,3332f1874812379baa780c4c5e569d709b13e0c8cea903f9dc737e8899b0f2d9,train,640,480,S09_frustrated_0007.txt
S10_bored_0001.jpg,bored_498.jpg,S10,private,val,2,bored,f2eb7d07937cf7faade073a823671464852ecebbafea87cc4ef946a8b691e289,train,640,480,S10_bored_0001.txt
S10_confused_0001.jpg,confused_354.jpg,S10,private,val,1,confused,878160127b100b45e697d93382c14d63ec9ab84991ea5d4902923e807f2e6367,train,640,480,S10_confused_0001.txt
S10_confused_0002.jpg,confused_402.jpg,S10,private,val,1,confused,9e99cb76e0c4ddbc87ddbadabcd6187618a23a14c2adfefe57d4becf1d4839d8,train,640,480,S10_confused_0002.txt
S10_engaged_0003.jpg,engaged_90.jpg,S10,private,val,0,engaged,d893bcee27c6d6091a00838bf943db510c96289039fcb1c7a50999a5d6b2e95f,train,640,480,S10_engaged_0003.txt
S10_engaged_0001.jpg,engaged_133.jpg,S10,private,val,0,engaged,c02721a188ba01e525fe3c229776077998e922e1bd21c901b13c4d389a115f24,train,640,480,S10_engaged_0001.txt
S10_engaged_0002.jpg,engaged_176.jpg,S10,private,val,0,engaged,b80adef7bb95b566d6ac19b2fa9c379d1c7473fb795ecfe617861ad572839d6d,val,640,480,S10_engaged_0002.txt
S10_frustrated_0001.jpg,frustrated_620.jpg,S10,private,val,3,frustrated,5ccf76ee7ffe1336c9e168733f39026c79418a5ff8dd03db1fc8aa9ebd9943e3,train,640,480,S10_frustrated_0001.txt
S10_frustrated_0002.jpg,frustrated_678.jpg,S10,private,val,3,frustrated,d8b9d4b3a6d901279ec8b221bd4d7eea0b541b5f455c63aaa28c25f209660278,val,640,480,S10_frustrated_0002.txt
