file_a,split_a,class_a,file_b,split_b,class_b,dhash_distance,phash_distance
bigdata_bored_engaged_aksan_50_1773299656187_000_jpg.rf.76deb964c8d4ce0fbc2572aa7a0c922c.jpg,train,bored,bigdata_bored_engaged_aksan_50_1773299656187_003_jpg.rf.92207d86703dfebc8703f74c5907553d.jpg,test,bored,0,0
bigdata_bored_engaged_aksan_50_1773299656187_000_jpg.rf.76deb964c8d4ce0fbc2572aa7a0c922c.jpg,train,bored,bigdata_bored_engaged_aksan_50_1773299658160_015_jpg.rf.624296902ef02a4f999acc966c303d98.jpg,test,bored,3,2
bigdata_bored_engaged_aksan_50_1773299656187_000_jpg.rf.76deb964c8d4ce0fbc2572aa7a0c922c.jpg,train,bored,bigdata_bored_engaged_aksan_50_1773299658160_017_jpg.rf.6749973df3d7d41f4fdfa23cb462df9b.jpg,test,bored,2,2
bigdata_bored_engaged_aksan_50_1773299656187_000_jpg.rf.76deb964c8d4ce0fbc2572aa7a0c922c.jpg,train,bored,bigdata_bored_engaged_aksan_50_1773299658704_021_jpg.rf.cc123dd299fe6df4290aa92518c12178.jpg,test,bored,3,2
bigdata_bored_engaged_aksan_50_1773299656187_000_jpg.rf.76deb964c8d4ce0fbc2572aa7a0c922c.jpg,train,bored,bigdata_bored_engaged_aksan_50_1773299658704_022_jpg.rf.d74a001f244a6d7adc6f8cadc2ae3268.jpg,test,bored,5,2
bigdata_bored_engaged_aksan_50_1773299656187_001_jpg.rf.1a92d3626a58e7c958d6ceb74af9a9c8.jpg,train,bored,bigdata_bored_engaged_aksan_50_1773299656187_003_jpg.rf.92207d86703dfebc8703f74c5907553d.jpg,test,bored,0,0
bigdata_bored_engaged_aksan_50_1773299656187_001_jpg.rf.1a92d3626a58e7c958d6ceb74af9a9c8.jpg,train,bored,bigdata_bored_engaged_aksan_50_1773299658160_015_jpg.rf.624296902ef02a4f999acc966c303d98.jpg,test,bored,3,2
bigdata_bored_engaged_aksan_50_1773299656187_001_jpg.rf.1a92d3626a58e7c958d6ceb74af9a9c8.jpg,train,bored,bigdata_bored_engaged_aksan_50_1773299658160_017_jpg.rf.6749973df3d7d41f4fdfa23cb462df9b.jpg,test,bored,2,2
bigdata_bored_engaged_aksan_50_1773299656187_001_jpg.rf.1a92d3626a58e7c958d6ceb74af9a9c8.jpg,train,bored,bigdata_bored_engaged_aksan_50_1773299658704_021_jpg.rf.cc123dd299fe6df4290aa92518c12178.jpg,test,bored,3,2
bigdata_bored_engaged_aksan_50_1773299656187_001_jpg.rf.1a92d3626a58e7c958d6ceb74af9a9c8.jpg,train,bored,bigdata_bored_engaged_aksan_50_1773299658704_022_jpg.rf.d74a001f244a6d7adc6f8cadc2ae3268.jpg,test,bored,5,2
bigdata_bored_engaged_aksan_50_1773299656187_002_jpg.rf.41a8999ef946b19b9a7fc651def15057.jpg,train,bored,bigdata_bored_engaged_aksan_50_1773299656187_003_jpg.rf.92207d86703dfebc8703f74c5907553d.jpg,test,bored,0,0
bigdata_bored_engaged_aksan_50_1773299656187_002_jpg.rf.41a8999ef946b19b9a7fc651def15057.jpg,train,bored,bigdata_bored_engaged_aksan_50_1773299658160_015_jpg.rf.624296902ef02a4f999acc966c303d98.jpg,test,bored,3,2
bigdata_bored_engaged_aksan_50_1773299656187_002_jpg.rf.41a8999ef946b19b9a7fc651def15057.jpg,train,bored,bigdata_bored_engaged_aksan_50_1773299658160_017_jpg.rf.6749973df3d7d41f4fdfa23cb462df9b.jpg,test,bored,2,2
bigdata_bored_engaged_aksan_50_1773299656187_002_jpg.rf.41a8999ef946b19b9a7fc651def15057.jpg,train,bored,bigdata_bored_engaged_aksan_50_1773299658704_021_jpg.rf.cc123dd299fe6df4290aa92518c12178.jpg,test,bored,3,2
bigdata_bored_engaged_aksan_50_1773299656187_002_jpg.rf.41a8999ef946b19b9a7fc651def15057.jpg,train,bored,bigdata_bored_engaged_aksan_50_1773299658704_022_jpg.rf.d74a001f244a6d7adc6f8cadc2ae3268.jpg,test,bored,5,2
bigdata_bored_engaged_aksan_50_1773299656187_004_jpg.rf.b63937d094e51efd21110663c579e9ca.jpg,train,bored,bigdata_bored_engaged_aksan_50_1773299656187_003_jpg.rf.92207d86703dfebc8703f74c5907553d.jpg,test,bored,2,0
bigdata_bored_engaged_aksan_50_1773299656187_004_jpg.rf.b63937d094e51efd21110663c579e9ca.jpg,train,bored,bigdata_bored_engaged_aksan_50_1773299658160_015_jpg.rf.624296902ef02a4f999acc966c303d98.jpg,test,bored,3,2
bigdata_bored_engaged_aksan_50_1773299656187_004_jpg.rf.b63937d094e51efd21110663c579e9ca.jpg,train,bored,bigdata_bored_engaged_aksan_50_1773299658160_017_jpg.rf.6749973df3d7d41f4fdfa23cb462df9b.jpg,test,bored,4,2
bigdata_bored_engaged_aksan_50_1773299656187_004_jpg.rf.b63937d094e51efd21110663c579e9ca.jpg,train,bored,bigdata_bored_engaged_aksan_50_1773299658704_021_jpg.rf.cc123dd299fe6df4290aa92518c12178.jpg,test,bored,5,2
bigdata_bored_engaged_aksan_50_1773299656187_004_jpg.rf.b63937d094e51efd21110663c579e9ca.jpg,train,bored,bigdata_bored_engaged_aksan_50_1773299658704_022_jpg.rf.d74a001f244a6d7adc6f8cadc2ae3268.jpg,test,bored,5,2
bigdata_bored_engaged_aksan_50_1773299657013_005_jpg.rf.c49d42fd97e03dfbda5a47730b275ea6.jpg,train,bored,bigdata_bored_engaged_aksan_50_1773299656187_003_jpg.rf.92207d86703dfebc8703f74c5907553d.jpg,test,bored,2,0
bigdata_bored_engaged_aksan_50_1773299657013_005_jpg.rf.c49d42fd97e03dfbda5a47730b275ea6.jpg,train,bored,bigdata_bored_engaged_aksan_50_1773299658160_015_jpg.rf.624296902ef02a4f999acc966c303d98.jpg,test,bored,3,2
bigdata_bored_engaged_aksan_50_1773299657013_005_jpg.rf.c49d42fd97e03dfbda5a47730b275ea6.jpg,train,bored,bigdata_bored_engaged_aksan_50_1773299658160_017_jpg.rf.6749973df3d7d41f4fdfa23cb462df9b.jpg,test,bored,4,2
bigdata_bored_engaged_aksan_50_1773299657013_005_jpg.rf.c49d42fd97e03dfbda5a47730b275ea6.jpg,train,bored,bigdata_bored_engaged_aksan_50_1773299658704_021_jpg.rf.cc123dd299fe6df4290aa92518c12178.jpg,test,bored,5,2
bigdata_bored_engaged_aksan_50_1773299657013_005_jpg.rf.c49d42fd97e03dfbda5a47730b275ea6.jpg,train,bored,bigdata_bored_engaged_aksan_50_1773299658704_022_jpg.rf.d74a001f244a6d7adc6f8cadc2ae3268.jpg,test,bored,5,2
bigdata_bored_engaged_aksan_50_1773299657014_006_jpg.rf.ecfe30fd9c8af54ff0c81e3635597630.jpg,train,bored,bigdata_bored_engaged_aksan_50_1773299656187_003_jpg.rf.92207d86703dfebc8703f74c5907553d.jpg,test,bored,1,0
bigdata_bored_engaged_aksan_50_1773299657014_006_jpg.rf.ecfe30fd9c8af54ff0c81e3635597630.jpg,train,bored,bigdata_bored_engaged_aksan_50_1773299658160_015_jpg.rf.624296902ef02a4f999acc966c303d98.jpg,test,bored,2,2
bigdata_bored_engaged_aksan_50_1773299657014_006_jpg.rf.ecfe30fd9c8af54ff0c81e3635597630.jpg,train,bored,bigdata_bored_engaged_aksan_50_1773299658160_017_jpg.rf.6749973df3d7d41f4fdfa23cb462df9b.jpg,test,bored,3,2
bigdata_bored_engaged_aksan_50_1773299657014_006_jpg.rf.ecfe30fd9c8af54ff0c81e3635597630.jpg,train,bored,bigdata_bored_engaged_aksan_50_1773299658704_021_jpg.rf.cc123dd299fe6df4290aa92518c12178.jpg,test,bored,4,2
bigdata_bored_engaged_aksan_50_1773299657014_006_jpg.rf.ecfe30fd9c8af54ff0c81e3635597630.jpg,train,bored,bigdata_bored_engaged_aksan_50_1773299658704_022_jpg.rf.d74a001f244a6d7adc6f8cadc2ae3268.jpg,test,bored,4,2
bigdata_bored_engaged_aksan_50_1773299657014_007_jpg.rf.21630569bfb63155b70f6a88e4e0ca38.jpg,train,bored,bigdata_bored_engaged_aksan_50_1773299656187_003_jpg.rf.92207d86703dfebc8703f74c5907553d.jpg,test,bored,1,0
bigdata_bored_engaged_aksan_50_1773299657014_007_jpg.rf.21630569bfb63155b70f6a88e4e0ca38.jpg,train,bored,bigdata_bored_engaged_aksan_50_1773299658160_015_jpg.rf.624296902ef02a4f999acc966c303d98.jpg,test,bored,2,2
bigdata_bored_engaged_aksan_50_1773299657014_007_jpg.rf.21630569bfb63155b70f6a88e4e0ca38.jpg,train,bored,bigdata_bored_engaged_aksan_50_1773299658160_017_jpg.rf.6749973df3d7d41f4fdfa23cb462df9b.jpg,test,bored,3,2
bigdata_bored_engaged_aksan_50_1773299657014_007_jpg.rf.21630569bfb63155b70f6a88e4e0ca38.jpg,train,bored,bigdata_bored_engaged_aksan_50_1773299658704_021_jpg.rf.cc123dd299fe6df4290aa92518c12178.jpg,test,bored,4,2
bigdata_bored_engaged_aksan_50_1773299657014_007_jpg.rf.21630569bfb63155b70f6a88e4e0ca38.jpg,train,bored,bigdata_bored_engaged_aksan_50_1773299658704_022_jpg.rf.d74a001f244a6d7adc6f8cadc2ae3268.jpg,test,bored,4,2
bigdata_bored_engaged_aksan_50_1773299657014_009_jpg.rf.8d1746255038f23d338e8848b210653f.jpg,train,bored,bigdata_bored_engaged_aksan_50_1773299656187_003_jpg.rf.92207d86703dfebc8703f74c5907553d.jpg,test,bored,2,4
bigdata_bored_engaged_aksan_50_1773299657014_009_jpg.rf.8d1746255038f23d338e8848b210653f.jpg,train,bored,bigdata_bored_engaged_aksan_50_1773299658160_015_jpg.rf.624296902ef02a4f999acc966c303d98.jpg,test,bored,3,4
bigdata_bored_engaged_aksan_50_1773299657014_009_jpg.rf.8d1746255038f23d338e8848b210653f.jpg,train,bored,bigdata_bored_engaged_aksan_50_1773299658160_017_jpg.rf.6749973df3d7d41f4fdfa23cb462df9b.jpg,test,bored,4,4
bigdata_bored_engaged_aksan_50_1773299657014_009_jpg.rf.8d1746255038f23d338e8848b210653f.jpg,train,bored,bigdata_bored_engaged_aksan_50_1773299658704_021_jpg.rf.cc123dd299fe6df4290aa92518c12178.jpg,test,bored,5,6
bigdata_bored_engaged_aksan_50_1773299657014_009_jpg.rf.8d1746255038f23d338e8848b210653f.jpg,train,bored,bigdata_bored_engaged_aksan_50_1773299658704_022_jpg.rf.d74a001f244a6d7adc6f8cadc2ae3268.jpg,test,bored,5,4
bigdata_bored_engaged_aksan_50_1773299657617_010_jpg.rf.c118475abb38fac1be2a3d3f9e8fd8ed.jpg,train,bored,bigdata_bored_engaged_aksan_50_1773299656187_003_jpg.rf.92207d86703dfebc8703f74c5907553d.jpg,test,bored,4,4
bigdata_bored_engaged_aksan_50_1773299657617_010_jpg.rf.c118475abb38fac1be2a3d3f9e8fd8ed.jpg,train,bored,bigdata_bored_engaged_aksan_50_1773299658160_015_jpg.rf.624296902ef02a4f999acc966c303d98.jpg,test,bored,3,4
bigdata_bored_engaged_aksan_50_1773299657617_010_jpg.rf.c118475abb38fac1be2a3d3f9e8fd8ed.jpg,train,bored,bigdata_bored_engaged_aksan_50_1773299658160_017_jpg.rf.6749973df3d7d41f4fdfa23cb462df9b.jpg,test,bored,4,4
bigdata_bored_engaged_aksan_50_1773299657617_010_jpg.rf.c118475abb38fac1be2a3d3f9e8fd8ed.jpg,train,bored,bigdata_bored_engaged_aksan_50_1773299658704_021_jpg.rf.cc123dd299fe6df4290aa92518c12178.jpg,test,bored,5,6
bigdata_bored_engaged_aksan_50_1773299657617_010_jpg.rf.c118475abb38fac1be2a3d3f9e8fd8ed.jpg,train,bored,bigdata_bored_engaged_aksan_50_1773299658704_022_jpg.rf.d74a001f244a6d7adc6f8cadc2ae3268.jpg,test,bored,5,4
bigdata_bored_engaged_aksan_50_1773299657617_011_jpg.rf.e67df58d8fbf15c5e32b2646f677f763.jpg,train,bored,bigdata_bored_engaged_aksan_50_1773299658160_015_jpg.rf.624296902ef02a4f999acc966c303d98.jpg,test,bored,3,6
bigdata_bored_engaged_aksan_50_1773299657617_011_jpg.rf.e67df58d8fbf15c5e32b2646f677f763.jpg,train,bored,bigdata_bored_engaged_aksan_50_1773299658160_017_jpg.rf.6749973df3d7d41f4fdfa23cb462df9b.jpg,test,bored,4,6
bigdata_bored_engaged_aksan_50_1773299657617_011_jpg.rf.e67df58d8fbf15c5e32b2646f677f763.jpg,train,bored,bigdata_bored_engaged_aksan_50_1773299658704_022_jpg.rf.d74a001f244a6d7adc6f8cadc2ae3268.jpg,test,bored,5,6
bigdata_bored_engaged_aksan_50_1773299657617_012_jpg.rf.be163418b1707bb5fb12b8a0918edf73.jpg,train,bored,bigdata_bored_engaged_aksan_50_1773299656187_003_jpg.rf.92207d86703dfebc8703f74c5907553d.jpg,test,bored,4,6
bigdata_bored_engaged_aksan_50_1773299657617_012_jpg.rf.be163418b1707bb5fb12b8a0918edf73.jpg,train,bored,bigdata_bored_engaged_aksan_50_1773299658160_015_jpg.rf.624296902ef02a4f999acc966c303d98.jpg,test,bored,1,6
bigdata_bored_engaged_aksan_50_1773299657617_012_jpg.rf.be163418b1707bb5fb12b8a0918edf73.jpg,train,bored,bigdata_bored_engaged_aksan_50_1773299658160_017_jpg.rf.6749973df3d7d41f4fdfa23cb462df9b.jpg,test,bored,2,6
bigdata_bored_engaged_aksan_50_1773299657617_012_jpg.rf.be163418b1707bb5fb12b8a0918edf73.jpg,train,bored,bigdata_bored_engaged_aksan_50_1773299658704_022_jpg.rf.d74a001f244a6d7adc6f8cadc2ae3268.jpg,test,bored,3,6
bigdata_bored_engaged_aksan_50_1773299657618_013_jpg.rf.98458d259287e231fe9a20b33114ce0a.jpg,train,bored,bigdata_bored_engaged_aksan_50_1773299656187_003_jpg.rf.92207d86703dfebc8703f74c5907553d.jpg,test,bored,3,0
bigdata_bored_engaged_aksan_50_1773299657618_013_jpg.rf.98458d259287e231fe9a20b33114ce0a.jpg,train,bored,bigdata_bored_engaged_aksan_50_1773299658160_015_jpg.rf.624296902ef02a4f999acc966c303d98.jpg,test,bored,0,2
bigdata_bored_engaged_aksan_50_1773299657618_013_jpg.rf.98458d259287e231fe9a20b33114ce0a.jpg,train,bored,bigdata_bored_engaged_aksan_50_1773299658160_017_jpg.rf.6749973df3d7d41f4fdfa23cb462df9b.jpg,test,bored,1,2
bigdata_bored_engaged_aksan_50_1773299657618_013_jpg.rf.98458d259287e231fe9a20b33114ce0a.jpg,train,bored,bigdata_bored_engaged_aksan_50_1773299658704_021_jpg.rf.cc123dd299fe6df4290aa92518c12178.jpg,test,bored,2,2
bigdata_bored_engaged_aksan_50_1773299657618_013_jpg.rf.98458d259287e231fe9a20b33114ce0a.jpg,train,bored,bigdata_bored_engaged_aksan_50_1773299658704_022_jpg.rf.d74a001f244a6d7adc6f8cadc2ae3268.jpg,test,bored,2,2
bigdata_bored_engaged_aksan_50_1773299657618_014_jpg.rf.5e835fdcc120e663ad22fd9bb0344739.jpg,train,bored,bigdata_bored_engaged_aksan_50_1773299656187_003_jpg.rf.92207d86703dfebc8703f74c5907553d.jpg,test,bored,3,0
bigdata_bored_engaged_aksan_50_1773299657618_014_jpg.rf.5e835fdcc120e663ad22fd9bb0344739.jpg,train,bored,bigdata_bored_engaged_aksan_50_1773299658160_015_jpg.rf.624296902ef02a4f999acc966c303d98.jpg,test,bored,0,2
bigdata_bored_engaged_aksan_50_1773299657618_014_jpg.rf.5e835fdcc120e663ad22fd9bb0344739.jpg,train,bored,bigdata_bored_engaged_aksan_50_1773299658160_017_jpg.rf.6749973df3d7d41f4fdfa23cb462df9b.jpg,test,bored,1,2
bigdata_bored_engaged_aksan_50_1773299657618_014_jpg.rf.5e835fdcc120e663ad22fd9bb0344739.jpg,train,bored,bigdata_bored_engaged_aksan_50_1773299658704_021_jpg.rf.cc123dd299fe6df4290aa92518c12178.jpg,test,bored,2,2
bigdata_bored_engaged_aksan_50_1773299657618_014_jpg.rf.5e835fdcc120e663ad22fd9bb0344739.jpg,train,bored,bigdata_bored_engaged_aksan_50_1773299658704_022_jpg.rf.d74a001f244a6d7adc6f8cadc2ae3268.jpg,test,bored,2,2
bigdata_bored_engaged_aksan_50_1773299658160_016_jpg.rf.ea32d34acdc3414abe5f655d5d0b4edc.jpg,train,bored,bigdata_bored_engaged_aksan_50_1773299656187_003_jpg.rf.92207d86703dfebc8703f74c5907553d.jpg,test,bored,3,2
bigdata_bored_engaged_aksan_50_1773299658160_016_jpg.rf.ea32d34acdc3414abe5f655d5d0b4edc.jpg,train,bored,bigdata_bored_engaged_aksan_50_1773299658160_015_jpg.rf.624296902ef02a4f999acc966c303d98.jpg,test,bored,0,0
bigdata_bored_engaged_aksan_50_1773299658160_016_jpg.rf.ea32d34acdc3414abe5f655d5d0b4edc.jpg,train,bored,bigdata_bored_engaged_aksan_50_1773299658160_017_jpg.rf.6749973df3d7d41f4fdfa23cb462df9b.jpg,test,bored,1,0
bigdata_bored_engaged_aksan_50_1773299658160_016_jpg.rf.ea32d34acdc3414abe5f655d5d0b4edc.jpg,train,bored,bigdata_bored_engaged_aksan_50_1773299658704_021_jpg.rf.cc123dd299fe6df4290aa92518c12178.jpg,test,bored,2,2
bigdata_bored_engaged_aksan_50_1773299658160_016_jpg.rf.ea32d34acdc3414abe5f655d5d0b4edc.jpg,train,bored,bigdata_bored_engaged_aksan_50_1773299658704_022_jpg.rf.d74a001f244a6d7adc6f8cadc2ae3268.jpg,test,bored,2,0
bigdata_bored_engaged_aksan_50_1773299658160_018_jpg.rf.013dc48e1e6d5343f0ca2c30d29aa6e4.jpg,train,bored,bigdata_bored_engaged_aksan_50_1773299656187_003_jpg.rf.92207d86703dfebc8703f74c5907553d.jpg,test,bored,3,2
bigdata_bored_engaged_aksan_50_1773299658160_018_jpg.rf.013dc48e1e6d5343f0ca2c30d29aa6e4.jpg,train,bored,bigdata_bored_engaged_aksan_50_1773299658160_015_jpg.rf.624296902ef02a4f999acc966c303d98.jpg,test,bored,2,2
bigdata_bored_engaged_aksan_50_1773299658160_018_jpg.rf.013dc48e1e6d5343f0ca2c30d29aa6e4.jpg,train,bored,bigdata_bored_engaged_aksan_50_1773299658160_017_jpg.rf.6749973df3d7d41f4fdfa23cb462df9b.jpg,test,bored,1,2
bigdata_bored_engaged_aksan_50_1773299658160_018_jpg.rf.013dc48e1e6d5343f0ca2c30d29aa6e4.jpg,train,bored,bigdata_bored_engaged_aksan_50_1773299658704_021_jpg.rf.cc123dd299fe6df4290aa92518c12178.jpg,test,bored,0,0
bigdata_bored_engaged_aksan_50_1773299658160_018_jpg.rf.013dc48e1e6d5343f0ca2c30d29aa6e4.jpg,train,bored,bigdata_bored_engaged_aksan_50_1773299658704_022_jpg.rf.d74a001f244a6d7adc6f8cadc2ae3268.jpg,test,bored,4,2
bigdata_bored_engaged_aksan_50_1773299658160_019_jpg.rf.d4414c866dd79f55240d54800525bd53.jpg,train,bored,bigdata_bored_engaged_aksan_50_1773299656187_003_jpg.rf.92207d86703dfebc8703f74c5907553d.jpg,test,bored,3,2
bigdata_bored_engaged_aksan_50_1773299658160_019_jpg.rf.d4414c866dd79f55240d54800525bd53.jpg,train,bored,bigdata_bored_engaged_aksan_50_1773299658160_015_jpg.rf.624296902ef02a4f999acc966c303d98.jpg,test,bored,2,2
bigdata_bored_engaged_aksan_50_1773299658160_019_jpg.rf.d4414c866dd79f55240d54800525bd53.jpg,train,bored,bigdata_bored_engaged_aksan_50_1773299658160_017_jpg.rf.6749973df3d7d41f4fdfa23cb462df9b.jpg,test,bored,1,2
bigdata_bored_engaged_aksan_50_1773299658160_019_jpg.rf.d4414c866dd79f55240d54800525bd53.jpg,train,bored,bigdata_bored_engaged_aksan_50_1773299658704_021_jpg.rf.cc123dd299fe6df4290aa92518c12178.jpg,test,bored,0,0
bigdata_bored_engaged_aksan_50_1773299658160_019_jpg.rf.d4414c866dd79f55240d54800525bd53.jpg,train,bored,bigdata_bored_engaged_aksan_50_1773299658704_022_jpg.rf.d74a001f244a6d7adc6f8cadc2ae3268.jpg,test,bored,4,2
bigdata_bored_engaged_aksan_50_1773299658704_020_jpg.rf.d5a2de0c6e5ee34eeb0ab564ed003aa6.jpg,train,bored,bigdata_bored_engaged_aksan_50_1773299656187_003_jpg.rf.92207d86703dfebc8703f74c5907553d.jpg,test,bored,2,2
bigdata_bored_engaged_aksan_50_1773299658704_020_jpg.rf.d5a2de0c6e5ee34eeb0ab564ed003aa6.jpg,train,bored,bigdata_bored_engaged_aksan_50_1773299658160_015_jpg.rf.624296902ef02a4f999acc966c303d98.jpg,test,bored,1,2
bigdata_bored_engaged_aksan_50_1773299658704_020_jpg.rf.d5a2de0c6e5ee34eeb0ab564ed003aa6.jpg,train,bored,bigdata_bored_engaged_aksan_50_1773299658160_017_jpg.rf.6749973df3d7d41f4fdfa23cb462df9b.jpg,test,bored,0,2
bigdata_bored_engaged_aksan_50_1773299658704_020_jpg.rf.d5a2de0c6e5ee34eeb0ab564ed003aa6.jpg,train,bored,bigdata_bored_engaged_aksan_50_1773299658704_021_jpg.rf.cc123dd299fe6df4290aa92518c12178.jpg,test,bored,1,0
bigdata_bored_engaged_aksan_50_1773299658704_020_jpg.rf.d5a2de0c6e5ee34eeb0ab564ed003aa6.jpg,train,bored,bigdata_bored_engaged_aksan_50_1773299658704_022_jpg.rf.d74a001f244a6d7adc6f8cadc2ae3268.jpg,test,bored,3,2
bigdata_bored_engaged_aksan_50_1773299658704_023_jpg.rf.6b38a5e39cc51e24568bf7f5290baf80.jpg,train,bored,bigdata_bored_engaged_aksan_50_1773299656187_003_jpg.rf.92207d86703dfebc8703f74c5907553d.jpg,test,bored,5,2
bigdata_bored_engaged_aksan_50_1773299658704_023_jpg.rf.6b38a5e39cc51e24568bf7f5290baf80.jpg,train,bored,bigdata_bored_engaged_aksan_50_1773299658160_015_jpg.rf.624296902ef02a4f999acc966c303d98.jpg,test,bored,2,0
bigdata_bored_engaged_aksan_50_1773299658704_023_jpg.rf.6b38a5e39cc51e24568bf7f5290baf80.jpg,train,bored,bigdata_bored_engaged_aksan_50_1773299658160_017_jpg.rf.6749973df3d7d41f4fdfa23cb462df9b.jpg,test,bored,3,0
bigdata_bored_engaged_aksan_50_1773299658704_023_jpg.rf.6b38a5e39cc51e24568bf7f5290baf80.jpg,train,bored,bigdata_bored_engaged_aksan_50_1773299658704_021_jpg.rf.cc123dd299fe6df4290aa92518c12178.jpg,test,bored,4,2
bigdata_bored_engaged_aksan_50_1773299658704_023_jpg.rf.6b38a5e39cc51e24568bf7f5290baf80.jpg,train,bored,bigdata_bored_engaged_aksan_50_1773299658704_022_jpg.rf.d74a001f244a6d7adc6f8cadc2ae3268.jpg,test,bored,0,0
bigdata_bored_engaged_ansyah_08_1774442989963_001_jpg.rf.c61611505b9bd1f85787e3166afad911.jpg,train,bored,bigdata_bored_engaged_ansyah_08_1774442989962_000_jpg.rf.0236f0c9f27488f710ab169102bcd926.jpg,test,bored,1,0
bigdata_bored_engaged_ansyah_08_1774442989963_002_jpg.rf.853b0334cb4876973c88421055972b4e.jpg,train,bored,bigdata_bored_engaged_ansyah_08_1774442989962_000_jpg.rf.0236f0c9f27488f710ab169102bcd926.jpg,test,bored,1,0
bigdata_bored_engaged_ansyah_08_1774442989963_003_jpg.rf.237ef4186f4ac8f0613f3c714b47d1bf.jpg,train,bored,bigdata_bored_engaged_ansyah_08_1774442989962_000_jpg.rf.0236f0c9f27488f710ab169102bcd926.jpg,test,bored,2,0
bigdata_bored_engaged_ansyah_08_1774442989963_004_jpg.rf.989891dd7b734a2949a789aa8ce898b2.jpg,train,bored,bigdata_bored_engaged_ansyah_08_1774442989962_000_jpg.rf.0236f0c9f27488f710ab169102bcd926.jpg,test,bored,2,0
bigdata_bored_engaged_ansyah_08_1774442990994_005_jpg.rf.491c06ab68a9b4aaae833d1ed88cb374.jpg,train,bored,bigdata_bored_engaged_ansyah_08_1774442989962_000_jpg.rf.0236f0c9f27488f710ab169102bcd926.jpg,test,bored,4,0
bigdata_bored_engaged_ansyah_08_1774442990994_008_jpg.rf.dab7819dd89f1b03710fe3b7f06251aa.jpg,train,bored,bigdata_bored_engaged_ansyah_08_1774442989962_000_jpg.rf.0236f0c9f27488f710ab169102bcd926.jpg,test,bored,4,2
bigdata_bored_engaged_ansyah_08_1774442990994_009_jpg.rf.b1456769968ad3f7a79b105cc7ad426f.jpg,train,bored,bigdata_bored_engaged_ansyah_08_1774442989962_000_jpg.rf.0236f0c9f27488f710ab169102bcd926.jpg,test,bored,4,2
bigdata_bored_engaged_ansyah_08_1774442991608_010_jpg.rf.6f4052ccc68bea9ea6ff55505b53a548.jpg,train,bored,bigdata_bored_engaged_ansyah_08_1774442989962_000_jpg.rf.0236f0c9f27488f710ab169102bcd926.jpg,test,bored,3,2
bigdata_bored_engaged_ansyah_08_1774442991608_012_jpg.rf.267823147e69e7bc005fe1eab622c546.jpg,train,bored,bigdata_bored_engaged_ansyah_08_1774442989962_000_jpg.rf.0236f0c9f27488f710ab169102bcd926.jpg,test,bored,4,2
bigdata_bored_engaged_ansyah_08_1774442991608_013_jpg.rf.719f5586536602db15172c3fc4da63ad.jpg,train,bored,bigdata_bored_engaged_ansyah_08_1774442989962_000_jpg.rf.0236f0c9f27488f710ab169102bcd926.jpg,test,bored,4,2
bigdata_bored_engaged_ansyah_08_1774442991608_014_jpg.rf.ddf3a360822d80c5866ac3aaa07c5c53.jpg,train,bored,bigdata_bored_engaged_ansyah_08_1774442989962_000_jpg.rf.0236f0c9f27488f710ab169102bcd926.jpg,test,bored,5,2
bigdata_bored_engaged_ansyah_08_1774442992290_015_jpg.rf.3ba757d0178854101260f4d357afaf23.jpg,train,bored,bigdata_bored_engaged_ansyah_08_1774442989962_000_jpg.rf.0236f0c9f27488f710ab169102bcd926.jpg,test,bored,4,2
bigdata_bored_engaged_ansyah_08_1774442992290_016_jpg.rf.06167b60e93613997cd41cb250493060.jpg,train,bored,bigdata_bored_engaged_ansyah_08_1774442989962_000_jpg.rf.0236f0c9f27488f710ab169102bcd926.jpg,test,bored,5,2
bigdata_bored_engaged_ansyah_08_1774442992290_017_jpg.rf.89fa4455b9eccb0136b2b2060cdcdbb4.jpg,train,bored,bigdata_bored_engaged_ansyah_08_1774442989962_000_jpg.rf.0236f0c9f27488f710ab169102bcd926.jpg,test,bored,3,2
bigdata_bored_engaged_ansyah_08_1774442992290_018_jpg.rf.48b5808cdf17d1f2cc0a289b468e3d10.jpg,train,bored,bigdata_bored_engaged_ansyah_08_1774442989962_000_jpg.rf.0236f0c9f27488f710ab169102bcd926.jpg,test,bored,4,2
bigdata_bored_engaged_ansyah_08_1774442992290_019_jpg.rf.2781e7163fd436f9c6e0ae277e131b89.jpg,train,bored,bigdata_bored_engaged_ansyah_08_1774442989962_000_jpg.rf.0236f0c9f27488f710ab169102bcd926.jpg,test,bored,3,2
bigdata_bored_engaged_ansyah_08_1774442992774_020_jpg.rf.06cecb7bec37d72145d8c581bc96023b.jpg,train,bored,bigdata_bored_engaged_ansyah_08_1774442989962_000_jpg.rf.0236f0c9f27488f710ab169102bcd926.jpg,test,bored,5,2
bigdata_bored_engaged_ansyah_08_1774442992774_021_jpg.rf.3932ee4d2493a70d7c774f83efceed33.jpg,train,bored,bigdata_bored_engaged_ansyah_08_1774442989962_000_jpg.rf.0236f0c9f27488f710ab169102bcd926.jpg,test,bored,5,2
bigdata_bored_engaged_ardiansyah_26_1774441955582_000_jpg.rf.61aac073a65034d2ada9c37dec642107.jpg,train,bored,bigdata_bored_engaged_ardiansyah_26_1774441956742_008_jpg.rf.48f1c02f99e5a47fd205de22a3ede725.jpg,test,bored,4,2
bigdata_bored_engaged_ardiansyah_26_1774441955582_000_jpg.rf.61aac073a65034d2ada9c37dec642107.jpg,train,bored,bigdata_bored_engaged_ardiansyah_26_1774441957290_011_jpg.rf.177141180e13d686e68f6a2242cc1696.jpg,test,bored,3,2
bigdata_bored_engaged_ardiansyah_26_1774441955582_001_jpg.rf.3c132875e28e42590546effcdec01096.jpg,train,bored,bigdata_bored_engaged_ardiansyah_26_1774441956742_008_jpg.rf.48f1c02f99e5a47fd205de22a3ede725.jpg,test,bored,5,2
bigdata_bored_engaged_ardiansyah_26_1774441955582_001_jpg.rf.3c132875e28e42590546effcdec01096.jpg,train,bored,bigdata_bored_engaged_ardiansyah_26_1774441957290_011_jpg.rf.177141180e13d686e68f6a2242cc1696.jpg,test,bored,2,2
bigdata_bored_engaged_ardiansyah_26_1774441955582_002_jpg.rf.d89f86ad56609513b11809cb9057efd0.jpg,train,bored,bigdata_bored_engaged_ardiansyah_26_1774441956742_008_jpg.rf.48f1c02f99e5a47fd205de22a3ede725.jpg,test,bored,5,2
bigdata_bored_engaged_ardiansyah_26_1774441955582_002_jpg.rf.d89f86ad56609513b11809cb9057efd0.jpg,train,bored,bigdata_bored_engaged_ardiansyah_26_1774441957290_011_jpg.rf.177141180e13d686e68f6a2242cc1696.jpg,test,bored,2,2
bigdata_bored_engaged_ardiansyah_26_1774441955583_004_jpg.rf.8d04192ebe136e0b630278728e3a1949.jpg,train,bored,bigdata_bored_engaged_ardiansyah_26_1774441956742_008_jpg.rf.48f1c02f99e5a47fd205de22a3ede725.jpg,test,bored,3,2
bigdata_bored_engaged_ardiansyah_26_1774441955583_004_jpg.rf.8d04192ebe136e0b630278728e3a1949.jpg,train,bored,bigdata_bored_engaged_ardiansyah_26_1774441957290_011_jpg.rf.177141180e13d686e68f6a2242cc1696.jpg,test,bored,2,2
bigdata_bored_engaged_ardiansyah_26_1774441956742_005_jpg.rf.b8cf03de9d3fb13f90c1563b1c88aeef.jpg,train,bored,bigdata_bored_engaged_ardiansyah_26_1774441956742_008_jpg.rf.48f1c02f99e5a47fd205de22a3ede725.jpg,test,bored,3,4
bigdata_bored_engaged_ardiansyah_26_1774441956742_006_jpg.rf.03b167b86d866eb1639dbd0bd18f1f46.jpg,train,bored,bigdata_bored_engaged_ardiansyah_26_1774441956742_008_jpg.rf.48f1c02f99e5a47fd205de22a3ede725.jpg,test,bored,5,4
bigdata_bored_engaged_ardiansyah_26_1774441956742_007_jpg.rf.faa8fa705f91d6d21419b50bd57d4fc8.jpg,train,bored,bigdata_bored_engaged_ardiansyah_26_1774441956742_008_jpg.rf.48f1c02f99e5a47fd205de22a3ede725.jpg,test,bored,4,4
bigdata_bored_engaged_ardiansyah_26_1774441956742_007_jpg.rf.faa8fa705f91d6d21419b50bd57d4fc8.jpg,train,bored,bigdata_bored_engaged_ardiansyah_26_1774441957290_011_jpg.rf.177141180e13d686e68f6a2242cc1696.jpg,test,bored,5,4
bigdata_bored_engaged_ardiansyah_26_1774441956742_009_jpg.rf.9f2f5981fe237a9b2df13e00224695f5.jpg,train,bored,bigdata_bored_engaged_ardiansyah_26_1774441956742_008_jpg.rf.48f1c02f99e5a47fd205de22a3ede725.jpg,test,bored,3,0
bigdata_bored_engaged_ardiansyah_26_1774441956742_009_jpg.rf.9f2f5981fe237a9b2df13e00224695f5.jpg,train,bored,bigdata_bored_engaged_ardiansyah_26_1774441957290_011_jpg.rf.177141180e13d686e68f6a2242cc1696.jpg,test,bored,4,0
bigdata_bored_engaged_ardiansyah_26_1774441957290_010_jpg.rf.212fc39f623fd38d34cca3bbe2dbd9ce.jpg,train,bored,bigdata_bored_engaged_ardiansyah_26_1774441956742_008_jpg.rf.48f1c02f99e5a47fd205de22a3ede725.jpg,test,bored,4,0
bigdata_bored_engaged_ardiansyah_26_1774441957290_010_jpg.rf.212fc39f623fd38d34cca3bbe2dbd9ce.jpg,train,bored,bigdata_bored_engaged_ardiansyah_26_1774441957290_011_jpg.rf.177141180e13d686e68f6a2242cc1696.jpg,test,bored,3,0
bigdata_bored_engaged_ardiansyah_26_1774441957290_013_jpg.rf.fe9f4af462b06d03c19bf99eadff69a1.jpg,train,bored,bigdata_bored_engaged_ardiansyah_26_1774441956742_008_jpg.rf.48f1c02f99e5a47fd205de22a3ede725.jpg,test,bored,4,0
bigdata_bored_engaged_ardiansyah_26_1774441957290_013_jpg.rf.fe9f4af462b06d03c19bf99eadff69a1.jpg,train,bored,bigdata_bored_engaged_ardiansyah_26_1774441957290_011_jpg.rf.177141180e13d686e68f6a2242cc1696.jpg,test,bored,3,0
bigdata_bored_engaged_ardiansyah_26_1774441957290_014_jpg.rf.1a878403d9b7a74d6b00df0241474f83.jpg,train,bored,bigdata_bored_engaged_ardiansyah_26_1774441956742_008_jpg.rf.48f1c02f99e5a47fd205de22a3ede725.jpg,test,bored,2,2
bigdata_bored_engaged_ardiansyah_26_1774441957290_014_jpg.rf.1a878403d9b7a74d6b00df0241474f83.jpg,train,bored,bigdata_bored_engaged_ardiansyah_26_1774441957290_011_jpg.rf.177141180e13d686e68f6a2242cc1696.jpg,test,bored,5,2
bigdata_bored_engaged_ardiansyah_26_1774441958093_016_jpg.rf.4eb24f7031e9691d04e87e614d4a6abb.jpg,train,bored,bigdata_bored_engaged_ardiansyah_26_1774441956742_008_jpg.rf.48f1c02f99e5a47fd205de22a3ede725.jpg,test,bored,4,0
bigdata_bored_engaged_ardiansyah_26_1774441958093_016_jpg.rf.4eb24f7031e9691d04e87e614d4a6abb.jpg,train,bored,bigdata_bored_engaged_ardiansyah_26_1774441957290_011_jpg.rf.177141180e13d686e68f6a2242cc1696.jpg,test,bored,5,0
bigdata_bored_engaged_ardiansyah_26_1774441958093_017_jpg.rf.c997f5fcaa9a2f97d3e14c74248ba63c.jpg,train,bored,bigdata_bored_engaged_ardiansyah_26_1774441957290_011_jpg.rf.177141180e13d686e68f6a2242cc1696.jpg,test,bored,4,2
bigdata_bored_engaged_ardiansyah_26_1774441958093_018_jpg.rf.cc7d13d2e97d4d63c76ae1571fb279fe.jpg,train,bored,bigdata_bored_engaged_ardiansyah_26_1774441957290_011_jpg.rf.177141180e13d686e68f6a2242cc1696.jpg,test,bored,5,4
bigdata_bored_engaged_ardiansyah_26_1774441959055_021_jpg.rf.fd5d904aa6561caf828e477c75f3d73d.jpg,train,bored,bigdata_bored_engaged_ardiansyah_26_1774441959054_020_jpg.rf.1b1614ed29107dfc8fbefa1a2e65a037.jpg,test,bored,5,4
bigdata_bored_engaged_ardiansyah_26_1774441959055_022_jpg.rf.73096777553204b9bab5681051ec90e2.jpg,train,bored,bigdata_bored_engaged_ardiansyah_26_1774441959054_020_jpg.rf.1b1614ed29107dfc8fbefa1a2e65a037.jpg,test,bored,4,4
bigdata_bored_engaged_ardiansyah_26_1774441959056_023_jpg.rf.e78bbffaaa6438ccddb03edeb3dfe5a0.jpg,train,bored,bigdata_bored_engaged_ardiansyah_26_1774441959054_020_jpg.rf.1b1614ed29107dfc8fbefa1a2e65a037.jpg,test,bored,3,4
bigdata_bored_engaged_arya_31_1773299393144_003_jpg.rf.19480fce94d36c987b407bfb569df2b1.jpg,train,bored,bigdata_bored_engaged_arya_31_1773299393144_002_jpg.rf.82e1cc9694f72af5f96862525ea056a7.jpg,test,bored,2,4
bigdata_bored_engaged_arya_31_1773299393144_004_jpg.rf.364a7baf7e4298d39434d3978571b9a8.jpg,train,bored,bigdata_bored_engaged_arya_31_1773299393144_002_jpg.rf.82e1cc9694f72af5f96862525ea056a7.jpg,test,bored,2,4
bigdata_bored_engaged_arya_31_1773299394518_005_jpg.rf.f40e402ff91f0255751cb0af00fe0c14.jpg,train,bored,bigdata_bored_engaged_arya_31_1773299393144_002_jpg.rf.82e1cc9694f72af5f96862525ea056a7.jpg,test,bored,2,4
bigdata_bored_engaged_arya_31_1773299394518_006_jpg.rf.6040eef5b8f5965ea1208a0b40a31b68.jpg,train,bored,bigdata_bored_engaged_arya_31_1773299393144_002_jpg.rf.82e1cc9694f72af5f96862525ea056a7.jpg,test,bored,2,4
bigdata_bored_engaged_arya_31_1773299394519_007_jpg.rf.e06bbd3b871f08e0a6a4927c1387f823.jpg,train,bored,bigdata_bored_engaged_arya_31_1773299393144_002_jpg.rf.82e1cc9694f72af5f96862525ea056a7.jpg,test,bored,2,6
bigdata_bored_engaged_arya_31_1773299394519_007_jpg.rf.e06bbd3b871f08e0a6a4927c1387f823.jpg,train,bored,bigdata_bored_engaged_arya_31_1773299395953_017_jpg.rf.b4143f8ee9aa1500d409ad7c17dd555d.jpg,test,bored,0,6
bigdata_bored_engaged_arya_31_1773299394519_008_jpg.rf.e4571cad31dd3951dd9e2f79daa70435.jpg,train,bored,bigdata_bored_engaged_arya_31_1773299393144_002_jpg.rf.82e1cc9694f72af5f96862525ea056a7.jpg,test,bored,2,6
bigdata_bored_engaged_arya_31_1773299394519_008_jpg.rf.e4571cad31dd3951dd9e2f79daa70435.jpg,train,bored,bigdata_bored_engaged_arya_31_1773299395953_017_jpg.rf.b4143f8ee9aa1500d409ad7c17dd555d.jpg,test,bored,0,6
bigdata_bored_engaged_arya_31_1773299395365_010_jpg.rf.841d25b372358b540cc5dabf005e13ed.jpg,train,bored,bigdata_bored_engaged_arya_31_1773299393144_002_jpg.rf.82e1cc9694f72af5f96862525ea056a7.jpg,test,bored,2,6
bigdata_bored_engaged_arya_31_1773299395365_010_jpg.rf.841d25b372358b540cc5dabf005e13ed.jpg,train,bored,bigdata_bored_engaged_arya_31_1773299395953_017_jpg.rf.b4143f8ee9aa1500d409ad7c17dd555d.jpg,test,bored,0,6
bigdata_bored_engaged_arya_31_1773299395366_011_jpg.rf.4ab95752f174b42c416b85ebc8156ada.jpg,train,bored,bigdata_bored_engaged_arya_31_1773299393144_002_jpg.rf.82e1cc9694f72af5f96862525ea056a7.jpg,test,bored,2,6
bigdata_bored_engaged_arya_31_1773299395366_011_jpg.rf.4ab95752f174b42c416b85ebc8156ada.jpg,train,bored,bigdata_bored_engaged_arya_31_1773299395953_017_jpg.rf.b4143f8ee9aa1500d409ad7c17dd555d.jpg,test,bored,0,6
bigdata_bored_engaged_arya_31_1773299395366_012_jpg.rf.dd653018910d7d0acdaac3b47ca3b3e3.jpg,train,bored,bigdata_bored_engaged_arya_31_1773299393144_002_jpg.rf.82e1cc9694f72af5f96862525ea056a7.jpg,test,bored,2,6
bigdata_bored_engaged_arya_31_1773299395366_012_jpg.rf.dd653018910d7d0acdaac3b47ca3b3e3.jpg,train,bored,bigdata_bored_engaged_arya_31_1773299395953_017_jpg.rf.b4143f8ee9aa1500d409ad7c17dd555d.jpg,test,bored,0,6
bigdata_bored_engaged_arya_31_1773299395366_013_jpg.rf.6538afb035afcb54c3e1dfc13d3469e4.jpg,train,bored,bigdata_bored_engaged_arya_31_1773299395953_017_jpg.rf.b4143f8ee9aa1500d409ad7c17dd555d.jpg,test,bored,0,4
bigdata_bored_engaged_arya_31_1773299395366_014_jpg.rf.d23bd7a1c6baafc388fdb32c811d6d91.jpg,train,bored,bigdata_bored_engaged_arya_31_1773299395953_017_jpg.rf.b4143f8ee9aa1500d409ad7c17dd555d.jpg,test,bored,0,2
bigdata_bored_engaged_arya_31_1773299395953_015_jpg.rf.ac5a2d238575c904f87fb96e9a8de28e.jpg,train,bored,bigdata_bored_engaged_arya_31_1773299393144_002_jpg.rf.82e1cc9694f72af5f96862525ea056a7.jpg,test,bored,3,6
bigdata_bored_engaged_arya_31_1773299395953_015_jpg.rf.ac5a2d238575c904f87fb96e9a8de28e.jpg,train,bored,bigdata_bored_engaged_arya_31_1773299395953_017_jpg.rf.b4143f8ee9aa1500d409ad7c17dd555d.jpg,test,bored,1,4
bigdata_bored_engaged_arya_31_1773299395953_016_jpg.rf.526f71a8c4e3b378f6a4f75b2097c0fd.jpg,train,bored,bigdata_bored_engaged_arya_31_1773299395953_017_jpg.rf.b4143f8ee9aa1500d409ad7c17dd555d.jpg,test,bored,1,4
bigdata_bored_engaged_arya_31_1773299395953_018_jpg.rf.e8fe615500382f7a95ad31b7ae278874.jpg,train,bored,bigdata_bored_engaged_arya_31_1773299395953_017_jpg.rf.b4143f8ee9aa1500d409ad7c17dd555d.jpg,test,bored,1,4
bigdata_bored_engaged_arya_31_1773299395953_019_jpg.rf.dbdb29aab32dfc82f670b0b220952aa9.jpg,train,bored,bigdata_bored_engaged_arya_31_1773299395953_017_jpg.rf.b4143f8ee9aa1500d409ad7c17dd555d.jpg,test,bored,1,4
bigdata_bored_engaged_arya_31_1773299396737_020_jpg.rf.3a0457e33c168ddf9aab4ddb63dff96a.jpg,train,bored,bigdata_bored_engaged_arya_31_1773299395953_017_jpg.rf.b4143f8ee9aa1500d409ad7c17dd555d.jpg,test,bored,1,4
bigdata_bored_engaged_arya_31_1773299396737_021_jpg.rf.56f07ba92e1ec494f1976d21631f08aa.jpg,train,bored,bigdata_bored_engaged_arya_31_1773299393144_002_jpg.rf.82e1cc9694f72af5f96862525ea056a7.jpg,test,bored,3,6
bigdata_bored_engaged_arya_31_1773299396737_021_jpg.rf.56f07ba92e1ec494f1976d21631f08aa.jpg,train,bored,bigdata_bored_engaged_arya_31_1773299395953_017_jpg.rf.b4143f8ee9aa1500d409ad7c17dd555d.jpg,test,bored,1,6
bigdata_bored_engaged_iann_62_1774442872429_000_jpg.rf.c216fa286d38743673a8a4a1ffb57948.jpg,train,bored,bigdata_bored_engaged_iann_62_1774442872994_005_jpg.rf.e6cbcdaa107b60651f167a09aee963ac.jpg,test,bored,5,0
bigdata_bored_engaged_iann_62_1774442872429_000_jpg.rf.c216fa286d38743673a8a4a1ffb57948.jpg,train,bored,bigdata_bored_engaged_iann_62_1774442872994_007_jpg.rf.ad007d9b22f331002d7f0e1f1f5076ce.jpg,test,bored,4,0
bigdata_bored_engaged_iann_62_1774442872430_001_jpg.rf.8e5355792125ae0e3bb44a665997f5b2.jpg,train,bored,bigdata_bored_engaged_iann_62_1774442872994_005_jpg.rf.e6cbcdaa107b60651f167a09aee963ac.jpg,test,bored,1,0
bigdata_bored_engaged_iann_62_1774442872430_001_jpg.rf.8e5355792125ae0e3bb44a665997f5b2.jpg,train,bored,bigdata_bored_engaged_iann_62_1774442872994_007_jpg.rf.ad007d9b22f331002d7f0e1f1f5076ce.jpg,test,bored,2,0
bigdata_bored_engaged_iann_62_1774442872430_002_jpg.rf.5d60a824c0712a829ab708dde7ec3877.jpg,train,bored,bigdata_bored_engaged_iann_62_1774442872994_005_jpg.rf.e6cbcdaa107b60651f167a09aee963ac.jpg,test,bored,2,0
bigdata_bored_engaged_iann_62_1774442872430_002_jpg.rf.5d60a824c0712a829ab708dde7ec3877.jpg,train,bored,bigdata_bored_engaged_iann_62_1774442872994_007_jpg.rf.ad007d9b22f331002d7f0e1f1f5076ce.jpg,test,bored,3,0
bigdata_bored_engaged_iann_62_1774442872430_003_jpg.rf.1647e649cac1bd4ba2538edfeabd9a75.jpg,train,bored,bigdata_bored_engaged_iann_62_1774442872994_005_jpg.rf.e6cbcdaa107b60651f167a09aee963ac.jpg,test,bored,2,0
bigdata_bored_engaged_iann_62_1774442872430_003_jpg.rf.1647e649cac1bd4ba2538edfeabd9a75.jpg,train,bored,bigdata_bored_engaged_iann_62_1774442872994_007_jpg.rf.ad007d9b22f331002d7f0e1f1f5076ce.jpg,test,bored,1,0
bigdata_bored_engaged_iann_62_1774442872430_004_jpg.rf.bd7123a9800541a3f62ff3b97f6367ee.jpg,train,bored,bigdata_bored_engaged_iann_62_1774442872994_005_jpg.rf.e6cbcdaa107b60651f167a09aee963ac.jpg,test,bored,1,0
bigdata_bored_engaged_iann_62_1774442872430_004_jpg.rf.bd7123a9800541a3f62ff3b97f6367ee.jpg,train,bored,bigdata_bored_engaged_iann_62_1774442872994_007_jpg.rf.ad007d9b22f331002d7f0e1f1f5076ce.jpg,test,bored,2,0
bigdata_bored_engaged_iann_62_1774442872994_006_jpg.rf.7f6e3f10e8ebeccabd471716c0681ab7.jpg,train,bored,bigdata_bored_engaged_iann_62_1774442872994_005_jpg.rf.e6cbcdaa107b60651f167a09aee963ac.jpg,test,bored,2,0
bigdata_bored_engaged_iann_62_1774442872994_006_jpg.rf.7f6e3f10e8ebeccabd471716c0681ab7.jpg,train,bored,bigdata_bored_engaged_iann_62_1774442872994_007_jpg.rf.ad007d9b22f331002d7f0e1f1f5076ce.jpg,test,bored,3,0
bigdata_bored_engaged_iann_62_1774442872994_008_jpg.rf.dc4f6b6d3f6462d4390d4a3ccbc0185e.jpg,train,bored,bigdata_bored_engaged_iann_62_1774442872994_005_jpg.rf.e6cbcdaa107b60651f167a09aee963ac.jpg,test,bored,2,0
bigdata_bored_engaged_iann_62_1774442872994_008_jpg.rf.dc4f6b6d3f6462d4390d4a3ccbc0185e.jpg,train,bored,bigdata_bored_engaged_iann_62_1774442872994_007_jpg.rf.ad007d9b22f331002d7f0e1f1f5076ce.jpg,test,bored,1,0
bigdata_bored_engaged_iann_62_1774442872994_009_jpg.rf.bcd8c20129d6cfcb4a868e9e8c62f5ff.jpg,train,bored,bigdata_bored_engaged_iann_62_1774442872994_005_jpg.rf.e6cbcdaa107b60651f167a09aee963ac.jpg,test,bored,3,0
bigdata_bored_engaged_iann_62_1774442872994_009_jpg.rf.bcd8c20129d6cfcb4a868e9e8c62f5ff.jpg,train,bored,bigdata_bored_engaged_iann_62_1774442872994_007_jpg.rf.ad007d9b22f331002d7f0e1f1f5076ce.jpg,test,bored,0,0
bigdata_bored_engaged_iann_62_1774442874007_011_jpg.rf.60fdf528cc6d0cbb2295e07fa9515eaa.jpg,train,bored,bigdata_bored_engaged_iann_62_1774442872994_005_jpg.rf.e6cbcdaa107b60651f167a09aee963ac.jpg,test,bored,3,2
bigdata_bored_engaged_iann_62_1774442874007_011_jpg.rf.60fdf528cc6d0cbb2295e07fa9515eaa.jpg,train,bored,bigdata_bored_engaged_iann_62_1774442872994_007_jpg.rf.ad007d9b22f331002d7f0e1f1f5076ce.jpg,test,bored,2,2
bigdata_bored_engaged_iann_62_1774442874007_012_jpg.rf.1cf7164cc0f99e613e8ece39da611d70.jpg,train,bored,bigdata_bored_engaged_iann_62_1774442872994_005_jpg.rf.e6cbcdaa107b60651f167a09aee963ac.jpg,test,bored,4,4
bigdata_bored_engaged_iann_62_1774442874007_012_jpg.rf.1cf7164cc0f99e613e8ece39da611d70.jpg,train,bored,bigdata_bored_engaged_iann_62_1774442872994_007_jpg.rf.ad007d9b22f331002d7f0e1f1f5076ce.jpg,test,bored,1,4
bigdata_bored_engaged_iann_62_1774442874007_013_jpg.rf.bcff2e066b642a5e070cb8b8ade02aef.jpg,train,bored,bigdata_bored_engaged_iann_62_1774442872994_005_jpg.rf.e6cbcdaa107b60651f167a09aee963ac.jpg,test,bored,3,4
bigdata_bored_engaged_iann_62_1774442874007_013_jpg.rf.bcff2e066b642a5e070cb8b8ade02aef.jpg,train,bored,bigdata_bored_engaged_iann_62_1774442872994_007_jpg.rf.ad007d9b22f331002d7f0e1f1f5076ce.jpg,test,bored,4,4
bigdata_bored_engaged_maguru_36_1774443973512_000_jpg.rf.ac77d22247d09a30982a73196c49e8e4.jpg,train,bored,bigdata_bored_engaged_maguru_36_1774443974602_010_jpg.rf.ae9c1dfb20ab61276e6d4ecf157efef5.jpg,test,bored,5,6
bigdata_bored_engaged_maguru_36_1774443973512_000_jpg.rf.ac77d22247d09a30982a73196c49e8e4.jpg,train,bored,bigdata_bored_engaged_maguru_36_1774443974602_013_jpg.rf.67d467c6c3d5f89b1573e0c2ca4adbb5.jpg,test,bored,3,4
bigdata_bored_engaged_maguru_36_1774443973512_000_jpg.rf.ac77d22247d09a30982a73196c49e8e4.jpg,train,bored,bigdata_bored_engaged_maguru_36_1774443975781_022_jpg.rf.66bd59478eeb5d2763cadc5b736870e8.jpg,test,bored,5,6
bigdata_bored_engaged_maguru_36_1774443973512_000_jpg.rf.ac77d22247d09a30982a73196c49e8e4.jpg,train,bored,bigdata_bored_engaged_maguru_36_1774443975781_023_jpg.rf.fa732af733c573fb57d7dcf4f96c2f4e.jpg,test,bored,5,6
bigdata_bored_engaged_maguru_36_1774443973512_001_jpg.rf.2697106490841676abe33cfd73fb5fd5.jpg,train,bored,bigdata_bored_engaged_maguru_36_1774443974602_010_jpg.rf.ae9c1dfb20ab61276e6d4ecf157efef5.jpg,test,bored,4,4
bigdata_bored_engaged_maguru_36_1774443973512_001_jpg.rf.2697106490841676abe33cfd73fb5fd5.jpg,train,bored,bigdata_bored_engaged_maguru_36_1774443974602_013_jpg.rf.67d467c6c3d5f89b1573e0c2ca4adbb5.jpg,test,bored,4,2
bigdata_bored_engaged_maguru_36_1774443973512_001_jpg.rf.2697106490841676abe33cfd73fb5fd5.jpg,train,bored,bigdata_bored_engaged_maguru_36_1774443975781_022_jpg.rf.66bd59478eeb5d2763cadc5b736870e8.jpg,test,bored,4,4
bigdata_bored_engaged_maguru_36_1774443973512_001_jpg.rf.2697106490841676abe33cfd73fb5fd5.jpg,train,bored,bigdata_bored_engaged_maguru_36_1774443975781_023_jpg.rf.fa732af733c573fb57d7dcf4f96c2f4e.jpg,test,bored,4,4
bigdata_bored_engaged_maguru_36_1774443973512_002_jpg.rf.53ad0b98be5bed001031d5930a46fad5.jpg,train,bored,bigdata_bored_engaged_maguru_36_1774443974602_010_jpg.rf.ae9c1dfb20ab61276e6d4ecf157efef5.jpg,test,bored,2,4
bigdata_bored_engaged_maguru_36_1774443973512_002_jpg.rf.53ad0b98be5bed001031d5930a46fad5.jpg,train,bored,bigdata_bored_engaged_maguru_36_1774443974602_013_jpg.rf.67d467c6c3d5f89b1573e0c2ca4adbb5.jpg,test,bored,4,2
bigdata_bored_engaged_maguru_36_1774443973512_002_jpg.rf.53ad0b98be5bed001031d5930a46fad5.jpg,train,bored,bigdata_bored_engaged_maguru_36_1774443975781_022_jpg.rf.66bd59478eeb5d2763cadc5b736870e8.jpg,test,bored,2,4
bigdata_bored_engaged_maguru_36_1774443973512_002_jpg.rf.53ad0b98be5bed001031d5930a46fad5.jpg,train,bored,bigdata_bored_engaged_maguru_36_1774443975781_023_jpg.rf.fa732af733c573fb57d7dcf4f96c2f4e.jpg,test,bored,2,4
bigdata_bored_engaged_maguru_36_1774443973512_003_jpg.rf.2407480611bec03520e00b7838af20f7.jpg,train,bored,bigdata_bored_engaged_maguru_36_1774443974602_010_jpg.rf.ae9c1dfb20ab61276e6d4ecf157efef5.jpg,test,bored,1,2
bigdata_bored_engaged_maguru_36_1774443973512_003_jpg.rf.2407480611bec03520e00b7838af20f7.jpg,train,bored,bigdata_bored_engaged_maguru_36_1774443974602_013_jpg.rf.67d467c6c3d5f89b1573e0c2ca4adbb5.jpg,test,bored,3,2
bigdata_bored_engaged_maguru_36_1774443973512_003_jpg.rf.2407480611bec03520e00b7838af20f7.jpg,train,bored,bigdata_bored_engaged_maguru_36_1774443975781_022_jpg.rf.66bd59478eeb5d2763cadc5b736870e8.jpg,test,bored,1,2
bigdata_bored_engaged_maguru_36_1774443973512_003_jpg.rf.2407480611bec03520e00b7838af20f7.jpg,train,bored,bigdata_bored_engaged_maguru_36_1774443975781_023_jpg.rf.fa732af733c573fb57d7dcf4f96c2f4e.jpg,test,bored,1,2
bigdata_bored_engaged_maguru_36_1774443973512_004_jpg.rf.6e3b66f8efa7f419ca072cafb5798405.jpg,train,bored,bigdata_bored_engaged_maguru_36_1774443974602_010_jpg.rf.ae9c1dfb20ab61276e6d4ecf157efef5.jpg,test,bored,2,2
bigdata_bored_engaged_maguru_36_1774443973512_004_jpg.rf.6e3b66f8efa7f419ca072cafb5798405.jpg,train,bored,bigdata_bored_engaged_maguru_36_1774443974602_013_jpg.rf.67d467c6c3d5f89b1573e0c2ca4adbb5.jpg,test,bored,2,0
bigdata_bored_engaged_maguru_36_1774443973512_004_jpg.rf.6e3b66f8efa7f419ca072cafb5798405.jpg,train,bored,bigdata_bored_engaged_maguru_36_1774443975781_022_jpg.rf.66bd59478eeb5d2763cadc5b736870e8.jpg,test,bored,2,2
bigdata_bored_engaged_maguru_36_1774443973512_004_jpg.rf.6e3b66f8efa7f419ca072cafb5798405.jpg,train,bored,bigdata_bored_engaged_maguru_36_1774443975781_023_jpg.rf.fa732af733c573fb57d7dcf4f96c2f4e.jpg,test,bored,2,2
bigdata_bored_engaged_maguru_36_1774443974067_006_jpg.rf.cb317dfc7336732842d3a113fc2bc20d.jpg,train,bored,bigdata_bored_engaged_maguru_36_1774443974602_010_jpg.rf.ae9c1dfb20ab61276e6d4ecf157efef5.jpg,test,bored,2,2
bigdata_bored_engaged_maguru_36_1774443974067_006_jpg.rf.cb317dfc7336732842d3a113fc2bc20d.jpg,train,bored,bigdata_bored_engaged_maguru_36_1774443974602_013_jpg.rf.67d467c6c3d5f89b1573e0c2ca4adbb5.jpg,test,bored,0,0
bigdata_bored_engaged_maguru_36_1774443974067_006_jpg.rf.cb317dfc7336732842d3a113fc2bc20d.jpg,train,bored,bigdata_bored_engaged_maguru_36_1774443975781_022_jpg.rf.66bd59478eeb5d2763cadc5b736870e8.jpg,test,bored,2,2
bigdata_bored_engaged_maguru_36_1774443974067_006_jpg.rf.cb317dfc7336732842d3a113fc2bc20d.jpg,train,bored,bigdata_bored_engaged_maguru_36_1774443975781_023_jpg.rf.fa732af733c573fb57d7dcf4f96c2f4e.jpg,test,bored,2,2
bigdata_bored_engaged_maguru_36_1774443974068_007_jpg.rf.2e6486f21ebdfc3c7dc2ae0bca9c0d3a.jpg,train,bored,bigdata_bored_engaged_maguru_36_1774443974602_010_jpg.rf.ae9c1dfb20ab61276e6d4ecf157efef5.jpg,test,bored,1,0
bigdata_bored_engaged_maguru_36_1774443974068_007_jpg.rf.2e6486f21ebdfc3c7dc2ae0bca9c0d3a.jpg,train,bored,bigdata_bored_engaged_maguru_36_1774443974602_013_jpg.rf.67d467c6c3d5f89b1573e0c2ca4adbb5.jpg,test,bored,1,2
bigdata_bored_engaged_maguru_36_1774443974068_007_jpg.rf.2e6486f21ebdfc3c7dc2ae0bca9c0d3a.jpg,train,bored,bigdata_bored_engaged_maguru_36_1774443975781_022_jpg.rf.66bd59478eeb5d2763cadc5b736870e8.jpg,test,bored,1,0
bigdata_bored_engaged_maguru_36_1774443974068_007_jpg.rf.2e6486f21ebdfc3c7dc2ae0bca9c0d3a.jpg,train,bored,bigdata_bored_engaged_maguru_36_1774443975781_023_jpg.rf.fa732af733c573fb57d7dcf4f96c2f4e.jpg,test,bored,1,0
bigdata_bored_engaged_maguru_36_1774443974068_008_jpg.rf.2da16c57d686bdd83a41943dc2c2a363.jpg,train,bored,bigdata_bored_engaged_maguru_36_1774443974602_010_jpg.rf.ae9c1dfb20ab61276e6d4ecf157efef5.jpg,test,bored,1,0
bigdata_bored_engaged_maguru_36_1774443974068_008_jpg.rf.2da16c57d686bdd83a41943dc2c2a363.jpg,train,bored,bigdata_bored_engaged_maguru_36_1774443974602_013_jpg.rf.67d467c6c3d5f89b1573e0c2ca4adbb5.jpg,test,bored,1,2
bigdata_bored_engaged_maguru_36_1774443974068_008_jpg.rf.2da16c57d686bdd83a41943dc2c2a363.jpg,train,bored,bigdata_bored_engaged_maguru_36_1774443975781_022_jpg.rf.66bd59478eeb5d2763cadc5b736870e8.jpg,test,bored,1,0
bigdata_bored_engaged_maguru_36_1774443974068_008_jpg.rf.2da16c57d686bdd83a41943dc2c2a363.jpg,train,bored,bigdata_bored_engaged_maguru_36_1774443975781_023_jpg.rf.fa732af733c573fb57d7dcf4f96c2f4e.jpg,test,bored,1,0
bigdata_bored_engaged_maguru_36_1774443974068_009_jpg.rf.368a1832ada5ed214ff140c036bac64f.jpg,train,bored,bigdata_bored_engaged_maguru_36_1774443974602_010_jpg.rf.ae9c1dfb20ab61276e6d4ecf157efef5.jpg,test,bored,1,0
bigdata_bored_engaged_maguru_36_1774443974068_009_jpg.rf.368a1832ada5ed214ff140c036bac64f.jpg,train,bored,bigdata_bored_engaged_maguru_36_1774443974602_013_jpg.rf.67d467c6c3d5f89b1573e0c2ca4adbb5.jpg,test,bored,1,2
bigdata_bored_engaged_maguru_36_1774443974068_009_jpg.rf.368a1832ada5ed214ff140c036bac64f.jpg,train,bored,bigdata_bored_engaged_maguru_36_1774443975781_022_jpg.rf.66bd59478eeb5d2763cadc5b736870e8.jpg,test,bored,1,0
bigdata_bored_engaged_maguru_36_1774443974068_009_jpg.rf.368a1832ada5ed214ff140c036bac64f.jpg,train,bored,bigdata_bored_engaged_maguru_36_1774443975781_023_jpg.rf.fa732af733c573fb57d7dcf4f96c2f4e.jpg,test,bored,1,0
bigdata_bored_engaged_maguru_36_1774443974602_011_jpg.rf.c9659a8dce46d049521637ac96ca6e89.jpg,train,bored,bigdata_bored_engaged_maguru_36_1774443974602_010_jpg.rf.ae9c1dfb20ab61276e6d4ecf157efef5.jpg,test,bored,1,0
bigdata_bored_engaged_maguru_36_1774443974602_011_jpg.rf.c9659a8dce46d049521637ac96ca6e89.jpg,train,bored,bigdata_bored_engaged_maguru_36_1774443974602_013_jpg.rf.67d467c6c3d5f89b1573e0c2ca4adbb5.jpg,test,bored,1,2
bigdata_bored_engaged_maguru_36_1774443974602_011_jpg.rf.c9659a8dce46d049521637ac96ca6e89.jpg,train,bored,bigdata_bored_engaged_maguru_36_1774443975781_022_jpg.rf.66bd59478eeb5d2763cadc5b736870e8.jpg,test,bored,1,0
bigdata_bored_engaged_maguru_36_1774443974602_011_jpg.rf.c9659a8dce46d049521637ac96ca6e89.jpg,train,bored,bigdata_bored_engaged_maguru_36_1774443975781_023_jpg.rf.fa732af733c573fb57d7dcf4f96c2f4e.jpg,test,bored,1,0
bigdata_bored_engaged_maguru_36_1774443974602_012_jpg.rf.edc744867b4c5a69f8b83123173d794f.jpg,train,bored,bigdata_bored_engaged_maguru_36_1774443974602_010_jpg.rf.ae9c1dfb20ab61276e6d4ecf157efef5.jpg,test,bored,1,0
bigdata_bored_engaged_maguru_36_1774443974602_012_jpg.rf.edc744867b4c5a69f8b83123173d794f.jpg,train,bored,bigdata_bored_engaged_maguru_36_1774443974602_013_jpg.rf.67d467c6c3d5f89b1573e0c2ca4adbb5.jpg,test,bored,1,2
bigdata_bored_engaged_maguru_36_1774443974602_012_jpg.rf.edc744867b4c5a69f8b83123173d794f.jpg,train,bored,bigdata_bored_engaged_maguru_36_1774443975781_022_jpg.rf.66bd59478eeb5d2763cadc5b736870e8.jpg,test,bored,1,0
bigdata_bored_engaged_maguru_36_1774443974602_012_jpg.rf.edc744867b4c5a69f8b83123173d794f.jpg,train,bored,bigdata_bored_engaged_maguru_36_1774443975781_023_jpg.rf.fa732af733c573fb57d7dcf4f96c2f4e.jpg,test,bored,1,0
bigdata_bored_engaged_maguru_36_1774443974602_014_jpg.rf.4f1a22ea4170803d7a64176ec2b3fa3f.jpg,train,bored,bigdata_bored_engaged_maguru_36_1774443974602_010_jpg.rf.ae9c1dfb20ab61276e6d4ecf157efef5.jpg,test,bored,2,2
bigdata_bored_engaged_maguru_36_1774443974602_014_jpg.rf.4f1a22ea4170803d7a64176ec2b3fa3f.jpg,train,bored,bigdata_bored_engaged_maguru_36_1774443974602_013_jpg.rf.67d467c6c3d5f89b1573e0c2ca4adbb5.jpg,test,bored,0,0
bigdata_bored_engaged_maguru_36_1774443974602_014_jpg.rf.4f1a22ea4170803d7a64176ec2b3fa3f.jpg,train,bored,bigdata_bored_engaged_maguru_36_1774443975781_022_jpg.rf.66bd59478eeb5d2763cadc5b736870e8.jpg,test,bored,2,2
bigdata_bored_engaged_maguru_36_1774443974602_014_jpg.rf.4f1a22ea4170803d7a64176ec2b3fa3f.jpg,train,bored,bigdata_bored_engaged_maguru_36_1774443975781_023_jpg.rf.fa732af733c573fb57d7dcf4f96c2f4e.jpg,test,bored,2,2
bigdata_bored_engaged_maguru_36_1774443975200_015_jpg.rf.7e356b21ed336c16a86e1afbfc650389.jpg,train,bored,bigdata_bored_engaged_maguru_36_1774443974602_010_jpg.rf.ae9c1dfb20ab61276e6d4ecf157efef5.jpg,test,bored,2,2
bigdata_bored_engaged_maguru_36_1774443975200_015_jpg.rf.7e356b21ed336c16a86e1afbfc650389.jpg,train,bored,bigdata_bored_engaged_maguru_36_1774443974602_013_jpg.rf.67d467c6c3d5f89b1573e0c2ca4adbb5.jpg,test,bored,0,0
bigdata_bored_engaged_maguru_36_1774443975200_015_jpg.rf.7e356b21ed336c16a86e1afbfc650389.jpg,train,bored,bigdata_bored_engaged_maguru_36_1774443975781_022_jpg.rf.66bd59478eeb5d2763cadc5b736870e8.jpg,test,bored,2,2
bigdata_bored_engaged_maguru_36_1774443975200_015_jpg.rf.7e356b21ed336c16a86e1afbfc650389.jpg,train,bored,bigdata_bored_engaged_maguru_36_1774443975781_023_jpg.rf.fa732af733c573fb57d7dcf4f96c2f4e.jpg,test,bored,2,2
bigdata_bored_engaged_maguru_36_1774443975200_016_jpg.rf.b67d39e284edbf97f9f784e7891d8a59.jpg,train,bored,bigdata_bored_engaged_maguru_36_1774443974602_010_jpg.rf.ae9c1dfb20ab61276e6d4ecf157efef5.jpg,test,bored,2,2
bigdata_bored_engaged_maguru_36_1774443975200_016_jpg.rf.b67d39e284edbf97f9f784e7891d8a59.jpg,train,bored,bigdata_bored_engaged_maguru_36_1774443974602_013_jpg.rf.67d467c6c3d5f89b1573e0c2ca4adbb5.jpg,test,bored,0,0
bigdata_bored_engaged_maguru_36_1774443975200_016_jpg.rf.b67d39e284edbf97f9f784e7891d8a59.jpg,train,bored,bigdata_bored_engaged_maguru_36_1774443975781_022_jpg.rf.66bd59478eeb5d2763cadc5b736870e8.jpg,test,bored,2,2
bigdata_bored_engaged_maguru_36_1774443975200_016_jpg.rf.b67d39e284edbf97f9f784e7891d8a59.jpg,train,bored,bigdata_bored_engaged_maguru_36_1774443975781_023_jpg.rf.fa732af733c573fb57d7dcf4f96c2f4e.jpg,test,bored,2,2
bigdata_bored_engaged_maguru_36_1774443975200_017_jpg.rf.afdefc1b02abed80018b66e37659c515.jpg,train,bored,bigdata_bored_engaged_maguru_36_1774443974602_010_jpg.rf.ae9c1dfb20ab61276e6d4ecf157efef5.jpg,test,bored,1,2
bigdata_bored_engaged_maguru_36_1774443975200_017_jpg.rf.afdefc1b02abed80018b66e37659c515.jpg,train,bored,bigdata_bored_engaged_maguru_36_1774443974602_013_jpg.rf.67d467c6c3d5f89b1573e0c2ca4adbb5.jpg,test,bored,1,0
bigdata_bored_engaged_maguru_36_1774443975200_017_jpg.rf.afdefc1b02abed80018b66e37659c515.jpg,train,bored,bigdata_bored_engaged_maguru_36_1774443975781_022_jpg.rf.66bd59478eeb5d2763cadc5b736870e8.jpg,test,bored,1,2
bigdata_bored_engaged_maguru_36_1774443975200_017_jpg.rf.afdefc1b02abed80018b66e37659c515.jpg,train,bored,bigdata_bored_engaged_maguru_36_1774443975781_023_jpg.rf.fa732af733c573fb57d7dcf4f96c2f4e.jpg,test,bored,1,2
bigdata_bored_engaged_maguru_36_1774443975200_019_jpg.rf.d2c3fa57694fb6c24794f00eef8ace15.jpg,train,bored,bigdata_bored_engaged_maguru_36_1774443974602_010_jpg.rf.ae9c1dfb20ab61276e6d4ecf157efef5.jpg,test,bored,1,0
bigdata_bored_engaged_maguru_36_1774443975200_019_jpg.rf.d2c3fa57694fb6c24794f00eef8ace15.jpg,train,bored,bigdata_bored_engaged_maguru_36_1774443974602_013_jpg.rf.67d467c6c3d5f89b1573e0c2ca4adbb5.jpg,test,bored,1,2
bigdata_bored_engaged_maguru_36_1774443975200_019_jpg.rf.d2c3fa57694fb6c24794f00eef8ace15.jpg,train,bored,bigdata_bored_engaged_maguru_36_1774443975781_022_jpg.rf.66bd59478eeb5d2763cadc5b736870e8.jpg,test,bored,1,0
bigdata_bored_engaged_maguru_36_1774443975200_019_jpg.rf.d2c3fa57694fb6c24794f00eef8ace15.jpg,train,bored,bigdata_bored_engaged_maguru_36_1774443975781_023_jpg.rf.fa732af733c573fb57d7dcf4f96c2f4e.jpg,test,bored,1,0
bigdata_bored_engaged_maguru_36_1774443975780_020_jpg.rf.6bab2792294eb20cb22b1f35c1f2643c.jpg,train,bored,bigdata_bored_engaged_maguru_36_1774443974602_010_jpg.rf.ae9c1dfb20ab61276e6d4ecf157efef5.jpg,test,bored,1,0
bigdata_bored_engaged_maguru_36_1774443975780_020_jpg.rf.6bab2792294eb20cb22b1f35c1f2643c.jpg,train,bored,bigdata_bored_engaged_maguru_36_1774443974602_013_jpg.rf.67d467c6c3d5f89b1573e0c2ca4adbb5.jpg,test,bored,1,2
bigdata_bored_engaged_maguru_36_1774443975780_020_jpg.rf.6bab2792294eb20cb22b1f35c1f2643c.jpg,train,bored,bigdata_bored_engaged_maguru_36_1774443975781_022_jpg.rf.66bd59478eeb5d2763cadc5b736870e8.jpg,test,bored,1,0
bigdata_bored_engaged_maguru_36_1774443975780_020_jpg.rf.6bab2792294eb20cb22b1f35c1f2643c.jpg,train,bored,bigdata_bored_engaged_maguru_36_1774443975781_023_jpg.rf.fa732af733c573fb57d7dcf4f96c2f4e.jpg,test,bored,1,0
bigdata_bored_engaged_maguru_36_1774443975781_021_jpg.rf.09e2529084abd0f19d89aad944beeb9a.jpg,train,bored,bigdata_bored_engaged_maguru_36_1774443974602_010_jpg.rf.ae9c1dfb20ab61276e6d4ecf157efef5.jpg,test,bored,0,0
bigdata_bored_engaged_maguru_36_1774443975781_021_jpg.rf.09e2529084abd0f19d89aad944beeb9a.jpg,train,bored,bigdata_bored_engaged_maguru_36_1774443974602_013_jpg.rf.67d467c6c3d5f89b1573e0c2ca4adbb5.jpg,test,bored,2,2
bigdata_bored_engaged_maguru_36_1774443975781_021_jpg.rf.09e2529084abd0f19d89aad944beeb9a.jpg,train,bored,bigdata_bored_engaged_maguru_36_1774443975781_022_jpg.rf.66bd59478eeb5d2763cadc5b736870e8.jpg,test,bored,0,0
bigdata_bored_engaged_maguru_36_1774443975781_021_jpg.rf.09e2529084abd0f19d89aad944beeb9a.jpg,train,bored,bigdata_bored_engaged_maguru_36_1774443975781_023_jpg.rf.fa732af733c573fb57d7dcf4f96c2f4e.jpg,test,bored,0,0
bigdata_bored_engaged_nabielrafi_73_1773300505375_001_jpg.rf.ed886629f77ec58ffe32dabfc598339e.jpg,train,bored,bigdata_bored_engaged_nabielrafi_73_1773300505375_000_jpg.rf.709d262405e57c9954f9bcdcbe7986d3.jpg,test,bored,1,2
bigdata_bored_engaged_nabielrafi_73_1773300505375_001_jpg.rf.ed886629f77ec58ffe32dabfc598339e.jpg,train,bored,bigdata_bored_engaged_nabielrafi_73_1773300505375_002_jpg.rf.ac1fec9bf1c22040522ea13157388725.jpg,test,bored,0,2
bigdata_bored_engaged_nabielrafi_73_1773300505375_004_jpg.rf.25f26699bf6a2627adff4c356c0c301b.jpg,train,bored,bigdata_bored_engaged_nabielrafi_73_1773300505375_000_jpg.rf.709d262405e57c9954f9bcdcbe7986d3.jpg,test,bored,4,6
bigdata_bored_engaged_nabielrafi_73_1773300505375_004_jpg.rf.25f26699bf6a2627adff4c356c0c301b.jpg,train,bored,bigdata_bored_engaged_nabielrafi_73_1773300505375_002_jpg.rf.ac1fec9bf1c22040522ea13157388725.jpg,test,bored,3,6
bigdata_bored_engaged_nabielrafi_73_1773300507126_007_jpg.rf.7b5c71af237a88dc3a14a11a043bee05.jpg,train,bored,bigdata_confused_engaged_nabielrafi_73_1773300490373_020_jpg.rf.824395371a555b29ff2c08acaae078d9.jpg,test,confused,5,6
bigdata_bored_engaged_nabielrafi_73_1773300507126_008_jpg.rf.8e116fdc5600ceae02ac57a12a3aaf96.jpg,train,bored,bigdata_bored_engaged_nabielrafi_73_1773300507126_009_jpg.rf.3d0e0db2de90f901843acab06c587afa.jpg,test,bored,3,4
bigdata_bored_engaged_nabielrafi_73_1773300507800_011_jpg.rf.54cb6b8e45c8ace72de1325475e35f84.jpg,train,bored,bigdata_bored_engaged_nabielrafi_73_1773300508439_016_jpg.rf.047276c334aa729b8c37bca7a6569953.jpg,test,bored,0,4
bigdata_bored_engaged_nabielrafi_73_1773300507800_012_jpg.rf.ea62ffec6c208147eb3d32bec634d673.jpg,train,bored,bigdata_bored_engaged_nabielrafi_73_1773300508439_016_jpg.rf.047276c334aa729b8c37bca7a6569953.jpg,test,bored,2,4
bigdata_bored_engaged_nabielrafi_73_1773300507800_013_jpg.rf.02ec9265d1ae5d81ea1e4a48285f8e2c.jpg,train,bored,bigdata_bored_engaged_nabielrafi_73_1773300508439_016_jpg.rf.047276c334aa729b8c37bca7a6569953.jpg,test,bored,2,6
bigdata_bored_engaged_nabielrafi_73_1773300507800_014_jpg.rf.be13ae2627da7068fbc17a61d06e5309.jpg,train,bored,bigdata_bored_engaged_nabielrafi_73_1773300508439_016_jpg.rf.047276c334aa729b8c37bca7a6569953.jpg,test,bored,1,4
bigdata_bored_engaged_nabielrafi_73_1773300508439_015_jpg.rf.22d6da275ba31a0caa51c32429dafe96.jpg,train,bored,bigdata_bored_engaged_nabielrafi_73_1773300508439_016_jpg.rf.047276c334aa729b8c37bca7a6569953.jpg,test,bored,1,4
bigdata_bored_engaged_nabielrafi_73_1773300508439_017_jpg.rf.5da23058abc009c8efc4f63d12102006.jpg,train,bored,bigdata_bored_engaged_nabielrafi_73_1773300508439_016_jpg.rf.047276c334aa729b8c37bca7a6569953.jpg,test,bored,0,2
bigdata_bored_engaged_nabielrafi_73_1773300508439_018_jpg.rf.64a7096d137e1d56e8b31cd154d32bd8.jpg,train,bored,bigdata_bored_engaged_nabielrafi_73_1773300508439_016_jpg.rf.047276c334aa729b8c37bca7a6569953.jpg,test,bored,2,2
bigdata_bored_engaged_nabielrafi_73_1773300508439_019_jpg.rf.d457c10d5971204294e00fbe45104a6d.jpg,train,bored,bigdata_bored_engaged_nabielrafi_73_1773300508439_016_jpg.rf.047276c334aa729b8c37bca7a6569953.jpg,test,bored,2,4
bigdata_bored_engaged_nabielrafi_73_1773300509039_020_jpg.rf.85b9cfce1900ede88ee817cf26f9fce5.jpg,train,bored,bigdata_bored_engaged_nabielrafi_73_1773300508439_016_jpg.rf.047276c334aa729b8c37bca7a6569953.jpg,test,bored,2,4
bigdata_bored_engaged_nabielrafi_73_1773300509040_021_jpg.rf.74f0a2d1d1cd6397adda8edd72822bff.jpg,train,bored,bigdata_bored_engaged_nabielrafi_73_1773300508439_016_jpg.rf.047276c334aa729b8c37bca7a6569953.jpg,test,bored,2,6
bigdata_bored_engaged_nabielrafi_73_1773300509040_022_jpg.rf.7fead8fd8ceed6431d73af6ae5f663be.jpg,train,bored,bigdata_bored_engaged_nabielrafi_73_1773300508439_016_jpg.rf.047276c334aa729b8c37bca7a6569953.jpg,test,bored,0,4
bigdata_bored_engaged_nabielrafi_73_1773300509040_023_jpg.rf.50f104dd4c849405e2e5c94cb0938930.jpg,train,bored,bigdata_bored_engaged_nabielrafi_73_1773300508439_016_jpg.rf.047276c334aa729b8c37bca7a6569953.jpg,test,bored,1,4
bigdata_bored_engaged_nian_74_1774481802149_002_jpg.rf.d3089180d7b1eb00f9f03f642eb82954.jpg,train,bored,bigdata_bored_engaged_nian_74_1774481802826_008_jpg.rf.1658d417f1016f47fb2e2646c8e2c938.jpg,test,bored,4,6
bigdata_bored_engaged_nian_74_1774481802826_005_jpg.rf.6cc523db2b485c21021e0a892ff994b4.jpg,train,bored,bigdata_bored_engaged_nian_74_1774481802826_008_jpg.rf.1658d417f1016f47fb2e2646c8e2c938.jpg,test,bored,1,0
bigdata_bored_engaged_nian_74_1774481802826_005_jpg.rf.6cc523db2b485c21021e0a892ff994b4.jpg,train,bored,bigdata_bored_engaged_nian_74_1774481803462_010_jpg.rf.44c911a13a6195af4f81260278eb3f4f.jpg,test,bored,0,2
bigdata_bored_engaged_nian_74_1774481802826_006_jpg.rf.432d3cacff5fcb59ff5617619b4a0fad.jpg,train,bored,bigdata_bored_engaged_nian_74_1774481802826_008_jpg.rf.1658d417f1016f47fb2e2646c8e2c938.jpg,test,bored,1,0
bigdata_bored_engaged_nian_74_1774481802826_006_jpg.rf.432d3cacff5fcb59ff5617619b4a0fad.jpg,train,bored,bigdata_bored_engaged_nian_74_1774481803462_010_jpg.rf.44c911a13a6195af4f81260278eb3f4f.jpg,test,bored,0,2
bigdata_bored_engaged_nian_74_1774481802826_007_jpg.rf.30406ee5a4ed26ca62f45f38437b3a5c.jpg,train,bored,bigdata_bored_engaged_nian_74_1774481802826_008_jpg.rf.1658d417f1016f47fb2e2646c8e2c938.jpg,test,bored,1,0
bigdata_bored_engaged_nian_74_1774481802826_007_jpg.rf.30406ee5a4ed26ca62f45f38437b3a5c.jpg,train,bored,bigdata_bored_engaged_nian_74_1774481803462_010_jpg.rf.44c911a13a6195af4f81260278eb3f4f.jpg,test,bored,0,2
bigdata_bored_engaged_nian_74_1774481802826_009_jpg.rf.911f22ad1bf9ecde73ef0c927c3f029c.jpg,train,bored,bigdata_bored_engaged_nian_74_1774481802826_008_jpg.rf.1658d417f1016f47fb2e2646c8e2c938.jpg,test,bored,1,0
bigdata_bored_engaged_nian_74_1774481802826_009_jpg.rf.911f22ad1bf9ecde73ef0c927c3f029c.jpg,train,bored,bigdata_bored_engaged_nian_74_1774481803462_010_jpg.rf.44c911a13a6195af4f81260278eb3f4f.jpg,test,bored,0,2
bigdata_bored_engaged_nian_74_1774481803462_011_jpg.rf.5d2c3c70a13a8024b761362f032bc365.jpg,train,bored,bigdata_bored_engaged_nian_74_1774481802826_008_jpg.rf.1658d417f1016f47fb2e2646c8e2c938.jpg,test,bored,1,2
bigdata_bored_engaged_nian_74_1774481803462_011_jpg.rf.5d2c3c70a13a8024b761362f032bc365.jpg,train,bored,bigdata_bored_engaged_nian_74_1774481803462_010_jpg.rf.44c911a13a6195af4f81260278eb3f4f.jpg,test,bored,0,0
bigdata_bored_engaged_nian_74_1774481803462_012_jpg.rf.ed18361331e2ae70e8bbe5d8dcc9df27.jpg,train,bored,bigdata_bored_engaged_nian_74_1774481802826_008_jpg.rf.1658d417f1016f47fb2e2646c8e2c938.jpg,test,bored,1,2
bigdata_bored_engaged_nian_74_1774481803462_012_jpg.rf.ed18361331e2ae70e8bbe5d8dcc9df27.jpg,train,bored,bigdata_bored_engaged_nian_74_1774481803462_010_jpg.rf.44c911a13a6195af4f81260278eb3f4f.jpg,test,bored,0,2
bigdata_bored_engaged_nian_74_1774481803462_013_jpg.rf.bac4196edb0a5526e044d95140452425.jpg,train,bored,bigdata_bored_engaged_nian_74_1774481802826_008_jpg.rf.1658d417f1016f47fb2e2646c8e2c938.jpg,test,bored,1,2
bigdata_bored_engaged_nian_74_1774481803462_013_jpg.rf.bac4196edb0a5526e044d95140452425.jpg,train,bored,bigdata_bored_engaged_nian_74_1774481803462_010_jpg.rf.44c911a13a6195af4f81260278eb3f4f.jpg,test,bored,0,2
bigdata_bored_engaged_nian_74_1774481803462_014_jpg.rf.48fd67b3fbcb6f2e0bff9f06bbd28224.jpg,train,bored,bigdata_bored_engaged_nian_74_1774481802826_008_jpg.rf.1658d417f1016f47fb2e2646c8e2c938.jpg,test,bored,2,0
bigdata_bored_engaged_nian_74_1774481803462_014_jpg.rf.48fd67b3fbcb6f2e0bff9f06bbd28224.jpg,train,bored,bigdata_bored_engaged_nian_74_1774481803462_010_jpg.rf.44c911a13a6195af4f81260278eb3f4f.jpg,test,bored,1,2
bigdata_bored_engaged_nian_74_1774481804049_015_jpg.rf.f88cc9d1c13536955d7a5d63bd554ed1.jpg,train,bored,bigdata_bored_engaged_nian_74_1774481802826_008_jpg.rf.1658d417f1016f47fb2e2646c8e2c938.jpg,test,bored,2,0
bigdata_bored_engaged_nian_74_1774481804049_015_jpg.rf.f88cc9d1c13536955d7a5d63bd554ed1.jpg,train,bored,bigdata_bored_engaged_nian_74_1774481803462_010_jpg.rf.44c911a13a6195af4f81260278eb3f4f.jpg,test,bored,1,2
bigdata_bored_engaged_nian_74_1774481804049_016_jpg.rf.ab8be19fc9ac921777853cd83ee051fb.jpg,train,bored,bigdata_bored_engaged_nian_74_1774481802826_008_jpg.rf.1658d417f1016f47fb2e2646c8e2c938.jpg,test,bored,2,0
bigdata_bored_engaged_nian_74_1774481804049_016_jpg.rf.ab8be19fc9ac921777853cd83ee051fb.jpg,train,bored,bigdata_bored_engaged_nian_74_1774481803462_010_jpg.rf.44c911a13a6195af4f81260278eb3f4f.jpg,test,bored,1,2
bigdata_bored_engaged_nian_74_1774481804049_018_jpg.rf.268f52e2676afc3c7662bc213c0fe01a.jpg,train,bored,bigdata_bored_engaged_nian_74_1774481802826_008_jpg.rf.1658d417f1016f47fb2e2646c8e2c938.jpg,test,bored,1,2
bigdata_bored_engaged_nian_74_1774481804049_018_jpg.rf.268f52e2676afc3c7662bc213c0fe01a.jpg,train,bored,bigdata_bored_engaged_nian_74_1774481803462_010_jpg.rf.44c911a13a6195af4f81260278eb3f4f.jpg,test,bored,0,0
bigdata_bored_engaged_nian_74_1774481804534_020_jpg.rf.16d4edd81e2335073ee3e34e28fe34fe.jpg,train,bored,bigdata_bored_engaged_nian_74_1774481802826_008_jpg.rf.1658d417f1016f47fb2e2646c8e2c938.jpg,test,bored,1,2
bigdata_bored_engaged_nian_74_1774481804534_020_jpg.rf.16d4edd81e2335073ee3e34e28fe34fe.jpg,train,bored,bigdata_bored_engaged_nian_74_1774481803462_010_jpg.rf.44c911a13a6195af4f81260278eb3f4f.jpg,test,bored,0,0
bigdata_bored_engaged_nian_74_1774481804534_021_jpg.rf.e9a69746b6d8de3f238c61e964cafa4f.jpg,train,bored,bigdata_bored_engaged_nian_74_1774481802826_008_jpg.rf.1658d417f1016f47fb2e2646c8e2c938.jpg,test,bored,1,2
bigdata_bored_engaged_nian_74_1774481804534_021_jpg.rf.e9a69746b6d8de3f238c61e964cafa4f.jpg,train,bored,bigdata_bored_engaged_nian_74_1774481803462_010_jpg.rf.44c911a13a6195af4f81260278eb3f4f.jpg,test,bored,0,0
bigdata_bored_engaged_nian_74_1774481804534_022_jpg.rf.e84927ff0e19e3f34260ad8a89a4144c.jpg,train,bored,bigdata_bored_engaged_nian_74_1774481802826_008_jpg.rf.1658d417f1016f47fb2e2646c8e2c938.jpg,test,bored,1,2
bigdata_bored_engaged_nian_74_1774481804534_022_jpg.rf.e84927ff0e19e3f34260ad8a89a4144c.jpg,train,bored,bigdata_bored_engaged_nian_74_1774481803462_010_jpg.rf.44c911a13a6195af4f81260278eb3f4f.jpg,test,bored,0,0
bigdata_bored_engaged_nian_74_1774481804534_023_jpg.rf.a18a243fba81d3ea9278e9fcd10e900f.jpg,train,bored,bigdata_bored_engaged_nian_74_1774481802826_008_jpg.rf.1658d417f1016f47fb2e2646c8e2c938.jpg,test,bored,1,2
bigdata_bored_engaged_nian_74_1774481804534_023_jpg.rf.a18a243fba81d3ea9278e9fcd10e900f.jpg,train,bored,bigdata_bored_engaged_nian_74_1774481803462_010_jpg.rf.44c911a13a6195af4f81260278eb3f4f.jpg,test,bored,0,0
bigdata_bored_engaged_sultanbudi_44_1773299447453_000_jpg.rf.b31d2b1712460dfa34b5b73cd55386d8.jpg,train,bored,bigdata_bored_engaged_sultanbudi_44_1773299447453_002_jpg.rf.6605b7fa0d9a67b0c21539fbeabc863c.jpg,test,bored,0,2
bigdata_bored_engaged_sultanbudi_44_1773299447453_000_jpg.rf.b31d2b1712460dfa34b5b73cd55386d8.jpg,train,bored,bigdata_bored_engaged_sultanbudi_44_1773299448092_005_jpg.rf.ef8fd60816bbba7bcd943727e22eb44b.jpg,test,bored,3,2
bigdata_bored_engaged_sultanbudi_44_1773299447453_000_jpg.rf.b31d2b1712460dfa34b5b73cd55386d8.jpg,train,bored,bigdata_bored_engaged_sultanbudi_44_1773299449096_017_jpg.rf.b71f522404379f847b63f590bc82a8b0.jpg,test,bored,1,4
bigdata_bored_engaged_sultanbudi_44_1773299447453_001_jpg.rf.045f03667f024e03e0693a941e6c2a2c.jpg,train,bored,bigdata_bored_engaged_sultanbudi_44_1773299447453_002_jpg.rf.6605b7fa0d9a67b0c21539fbeabc863c.jpg,test,bored,0,2
bigdata_bored_engaged_sultanbudi_44_1773299447453_001_jpg.rf.045f03667f024e03e0693a941e6c2a2c.jpg,train,bored,bigdata_bored_engaged_sultanbudi_44_1773299448092_005_jpg.rf.ef8fd60816bbba7bcd943727e22eb44b.jpg,test,bored,3,2
bigdata_bored_engaged_sultanbudi_44_1773299447453_001_jpg.rf.045f03667f024e03e0693a941e6c2a2c.jpg,train,bored,bigdata_bored_engaged_sultanbudi_44_1773299449096_017_jpg.rf.b71f522404379f847b63f590bc82a8b0.jpg,test,bored,1,4
bigdata_bored_engaged_sultanbudi_44_1773299447454_003_jpg.rf.1b7c57b675e15610927fc966d042f17c.jpg,train,bored,bigdata_bored_engaged_sultanbudi_44_1773299447453_002_jpg.rf.6605b7fa0d9a67b0c21539fbeabc863c.jpg,test,bored,2,2
bigdata_bored_engaged_sultanbudi_44_1773299447454_003_jpg.rf.1b7c57b675e15610927fc966d042f17c.jpg,train,bored,bigdata_bored_engaged_sultanbudi_44_1773299448092_005_jpg.rf.ef8fd60816bbba7bcd943727e22eb44b.jpg,test,bored,1,2
bigdata_bored_engaged_sultanbudi_44_1773299447454_003_jpg.rf.1b7c57b675e15610927fc966d042f17c.jpg,train,bored,bigdata_bored_engaged_sultanbudi_44_1773299449096_017_jpg.rf.b71f522404379f847b63f590bc82a8b0.jpg,test,bored,1,4
bigdata_bored_engaged_sultanbudi_44_1773299447454_004_jpg.rf.504b8ef22343e2b31e7e5f8c57227c25.jpg,train,bored,bigdata_bored_engaged_sultanbudi_44_1773299447453_002_jpg.rf.6605b7fa0d9a67b0c21539fbeabc863c.jpg,test,bored,2,0
bigdata_bored_engaged_sultanbudi_44_1773299447454_004_jpg.rf.504b8ef22343e2b31e7e5f8c57227c25.jpg,train,bored,bigdata_bored_engaged_sultanbudi_44_1773299448092_005_jpg.rf.ef8fd60816bbba7bcd943727e22eb44b.jpg,test,bored,1,0
bigdata_bored_engaged_sultanbudi_44_1773299447454_004_jpg.rf.504b8ef22343e2b31e7e5f8c57227c25.jpg,train,bored,bigdata_bored_engaged_sultanbudi_44_1773299449096_017_jpg.rf.b71f522404379f847b63f590bc82a8b0.jpg,test,bored,1,4
bigdata_bored_engaged_sultanbudi_44_1773299448092_006_jpg.rf.b028bd34ee74c1560924cebed69b482c.jpg,train,bored,bigdata_bored_engaged_sultanbudi_44_1773299447453_002_jpg.rf.6605b7fa0d9a67b0c21539fbeabc863c.jpg,test,bored,3,2
bigdata_bored_engaged_sultanbudi_44_1773299448092_006_jpg.rf.b028bd34ee74c1560924cebed69b482c.jpg,train,bored,bigdata_bored_engaged_sultanbudi_44_1773299448092_005_jpg.rf.ef8fd60816bbba7bcd943727e22eb44b.jpg,test,bored,0,2
bigdata_bored_engaged_sultanbudi_44_1773299448092_006_jpg.rf.b028bd34ee74c1560924cebed69b482c.jpg,train,bored,bigdata_bored_engaged_sultanbudi_44_1773299449096_017_jpg.rf.b71f522404379f847b63f590bc82a8b0.jpg,test,bored,2,6
bigdata_bored_engaged_sultanbudi_44_1773299448092_007_jpg.rf.374192f02628156efdab998ad7d5aebc.jpg,train,bored,bigdata_bored_engaged_sultanbudi_44_1773299447453_002_jpg.rf.6605b7fa0d9a67b0c21539fbeabc863c.jpg,test,bored,2,0
bigdata_bored_engaged_sultanbudi_44_1773299448092_007_jpg.rf.374192f02628156efdab998ad7d5aebc.jpg,train,bored,bigdata_bored_engaged_sultanbudi_44_1773299448092_005_jpg.rf.ef8fd60816bbba7bcd943727e22eb44b.jpg,test,bored,1,0
bigdata_bored_engaged_sultanbudi_44_1773299448092_007_jpg.rf.374192f02628156efdab998ad7d5aebc.jpg,train,bored,bigdata_bored_engaged_sultanbudi_44_1773299449096_017_jpg.rf.b71f522404379f847b63f590bc82a8b0.jpg,test,bored,1,4
bigdata_bored_engaged_sultanbudi_44_1773299448092_008_jpg.rf.d4d6cd0a5957e155f7f4a883488c3253.jpg,train,bored,bigdata_bored_engaged_sultanbudi_44_1773299447453_002_jpg.rf.6605b7fa0d9a67b0c21539fbeabc863c.jpg,test,bored,1,0
bigdata_bored_engaged_sultanbudi_44_1773299448092_008_jpg.rf.d4d6cd0a5957e155f7f4a883488c3253.jpg,train,bored,bigdata_bored_engaged_sultanbudi_44_1773299448092_005_jpg.rf.ef8fd60816bbba7bcd943727e22eb44b.jpg,test,bored,2,0
bigdata_bored_engaged_sultanbudi_44_1773299448092_008_jpg.rf.d4d6cd0a5957e155f7f4a883488c3253.jpg,train,bored,bigdata_bored_engaged_sultanbudi_44_1773299449096_017_jpg.rf.b71f522404379f847b63f590bc82a8b0.jpg,test,bored,0,4
bigdata_bored_engaged_sultanbudi_44_1773299448572_010_jpg.rf.84f97917c2fede2c9f7b2f90b169fb61.jpg,train,bored,bigdata_bored_engaged_sultanbudi_44_1773299447453_002_jpg.rf.6605b7fa0d9a67b0c21539fbeabc863c.jpg,test,bored,2,0
bigdata_bored_engaged_sultanbudi_44_1773299448572_010_jpg.rf.84f97917c2fede2c9f7b2f90b169fb61.jpg,train,bored,bigdata_bored_engaged_sultanbudi_44_1773299448092_005_jpg.rf.ef8fd60816bbba7bcd943727e22eb44b.jpg,test,bored,3,0
bigdata_bored_engaged_sultanbudi_44_1773299448572_010_jpg.rf.84f97917c2fede2c9f7b2f90b169fb61.jpg,train,bored,bigdata_bored_engaged_sultanbudi_44_1773299449096_017_jpg.rf.b71f522404379f847b63f590bc82a8b0.jpg,test,bored,1,4
bigdata_bored_engaged_sultanbudi_44_1773299448572_011_jpg.rf.9c7e84f0a941c6672d25d8ef0f73a5cc.jpg,train,bored,bigdata_bored_engaged_sultanbudi_44_1773299447453_002_jpg.rf.6605b7fa0d9a67b0c21539fbeabc863c.jpg,test,bored,1,0
bigdata_bored_engaged_sultanbudi_44_1773299448572_011_jpg.rf.9c7e84f0a941c6672d25d8ef0f73a5cc.jpg,train,bored,bigdata_bored_engaged_sultanbudi_44_1773299448092_005_jpg.rf.ef8fd60816bbba7bcd943727e22eb44b.jpg,test,bored,2,0
bigdata_bored_engaged_sultanbudi_44_1773299448572_011_jpg.rf.9c7e84f0a941c6672d25d8ef0f73a5cc.jpg,train,bored,bigdata_bored_engaged_sultanbudi_44_1773299449096_017_jpg.rf.b71f522404379f847b63f590bc82a8b0.jpg,test,bored,0,4
bigdata_bored_engaged_sultanbudi_44_1773299448572_012_jpg.rf.cf83252557ac0359df8ee7b1fea72267.jpg,train,bored,bigdata_bored_engaged_sultanbudi_44_1773299447453_002_jpg.rf.6605b7fa0d9a67b0c21539fbeabc863c.jpg,test,bored,1,2
bigdata_bored_engaged_sultanbudi_44_1773299448572_012_jpg.rf.cf83252557ac0359df8ee7b1fea72267.jpg,train,bored,bigdata_bored_engaged_sultanbudi_44_1773299448092_005_jpg.rf.ef8fd60816bbba7bcd943727e22eb44b.jpg,test,bored,2,2
bigdata_bored_engaged_sultanbudi_44_1773299448572_012_jpg.rf.cf83252557ac0359df8ee7b1fea72267.jpg,train,bored,bigdata_bored_engaged_sultanbudi_44_1773299449096_017_jpg.rf.b71f522404379f847b63f590bc82a8b0.jpg,test,bored,0,2
bigdata_bored_engaged_sultanbudi_44_1773299448572_013_jpg.rf.ed8f13003d607417d20dc355535134e9.jpg,train,bored,bigdata_bored_engaged_sultanbudi_44_1773299447453_002_jpg.rf.6605b7fa0d9a67b0c21539fbeabc863c.jpg,test,bored,1,4
bigdata_bored_engaged_sultanbudi_44_1773299448572_013_jpg.rf.ed8f13003d607417d20dc355535134e9.jpg,train,bored,bigdata_bored_engaged_sultanbudi_44_1773299448092_005_jpg.rf.ef8fd60816bbba7bcd943727e22eb44b.jpg,test,bored,2,4
bigdata_bored_engaged_sultanbudi_44_1773299448572_013_jpg.rf.ed8f13003d607417d20dc355535134e9.jpg,train,bored,bigdata_bored_engaged_sultanbudi_44_1773299449096_017_jpg.rf.b71f522404379f847b63f590bc82a8b0.jpg,test,bored,0,0
bigdata_bored_engaged_sultanbudi_44_1773299448572_014_jpg.rf.c187e1ac713338e1035f0a0f9604125c.jpg,train,bored,bigdata_bored_engaged_sultanbudi_44_1773299447453_002_jpg.rf.6605b7fa0d9a67b0c21539fbeabc863c.jpg,test,bored,1,4
bigdata_bored_engaged_sultanbudi_44_1773299448572_014_jpg.rf.c187e1ac713338e1035f0a0f9604125c.jpg,train,bored,bigdata_bored_engaged_sultanbudi_44_1773299448092_005_jpg.rf.ef8fd60816bbba7bcd943727e22eb44b.jpg,test,bored,2,4
bigdata_bored_engaged_sultanbudi_44_1773299448572_014_jpg.rf.c187e1ac713338e1035f0a0f9604125c.jpg,train,bored,bigdata_bored_engaged_sultanbudi_44_1773299449096_017_jpg.rf.b71f522404379f847b63f590bc82a8b0.jpg,test,bored,0,0
bigdata_bored_engaged_sultanbudi_44_1773299449095_015_jpg.rf.85b7a36010639c12bc8a1b5681b11497.jpg,train,bored,bigdata_bored_engaged_sultanbudi_44_1773299447453_002_jpg.rf.6605b7fa0d9a67b0c21539fbeabc863c.jpg,test,bored,1,4
bigdata_bored_engaged_sultanbudi_44_1773299449095_015_jpg.rf.85b7a36010639c12bc8a1b5681b11497.jpg,train,bored,bigdata_bored_engaged_sultanbudi_44_1773299448092_005_jpg.rf.ef8fd60816bbba7bcd943727e22eb44b.jpg,test,bored,2,4
bigdata_bored_engaged_sultanbudi_44_1773299449095_015_jpg.rf.85b7a36010639c12bc8a1b5681b11497.jpg,train,bored,bigdata_bored_engaged_sultanbudi_44_1773299449096_017_jpg.rf.b71f522404379f847b63f590bc82a8b0.jpg,test,bored,0,0
bigdata_bored_engaged_sultanbudi_44_1773299449096_018_jpg.rf.a84209827ec103c3b08da4d992fea7eb.jpg,train,bored,bigdata_bored_engaged_sultanbudi_44_1773299447453_002_jpg.rf.6605b7fa0d9a67b0c21539fbeabc863c.jpg,test,bored,2,6
bigdata_bored_engaged_sultanbudi_44_1773299449096_018_jpg.rf.a84209827ec103c3b08da4d992fea7eb.jpg,train,bored,bigdata_bored_engaged_sultanbudi_44_1773299448092_005_jpg.rf.ef8fd60816bbba7bcd943727e22eb44b.jpg,test,bored,3,6
bigdata_bored_engaged_sultanbudi_44_1773299449096_018_jpg.rf.a84209827ec103c3b08da4d992fea7eb.jpg,train,bored,bigdata_bored_engaged_sultanbudi_44_1773299449096_017_jpg.rf.b71f522404379f847b63f590bc82a8b0.jpg,test,bored,3,6
bigdata_bored_engaged_sultanbudi_44_1773299449621_020_jpg.rf.60e6cace7c9182612f0b7134eecb28a8.jpg,train,bored,bigdata_bored_engaged_sultanbudi_44_1773299449096_017_jpg.rf.b71f522404379f847b63f590bc82a8b0.jpg,test,bored,2,6
bigdata_bored_engaged_sultanbudi_44_1773299449621_023_jpg.rf.978223ae4e299e51e61709b869ff75ef.jpg,train,bored,bigdata_bored_engaged_sultanbudi_44_1773299447453_002_jpg.rf.6605b7fa0d9a67b0c21539fbeabc863c.jpg,test,bored,2,4
bigdata_bored_engaged_sultanbudi_44_1773299449621_023_jpg.rf.978223ae4e299e51e61709b869ff75ef.jpg,train,bored,bigdata_bored_engaged_sultanbudi_44_1773299448092_005_jpg.rf.ef8fd60816bbba7bcd943727e22eb44b.jpg,test,bored,3,4
bigdata_bored_engaged_sultanbudi_44_1773299449621_023_jpg.rf.978223ae4e299e51e61709b869ff75ef.jpg,train,bored,bigdata_bored_engaged_sultanbudi_44_1773299449096_017_jpg.rf.b71f522404379f847b63f590bc82a8b0.jpg,test,bored,3,4
bigdata_confused_engaged_aksan_50_1773299626820_000_jpg.rf.c84f6c29c8a447939d6cc9063f9d9160.jpg,train,confused,bigdata_confused_engaged_aksan_50_1773299626821_001_jpg.rf.e01527f92a8b2b8afb23157034f4e932.jpg,test,confused,4,2
bigdata_confused_engaged_aksan_50_1773299626820_000_jpg.rf.c84f6c29c8a447939d6cc9063f9d9160.jpg,train,confused,bigdata_confused_engaged_aksan_50_1773299627557_005_jpg.rf.3f59da468dc0c336bbf61f3fae66c306.jpg,test,confused,3,2
bigdata_confused_engaged_aksan_50_1773299626821_002_jpg.rf.3c1cf00c34105a0ff4e901e20fc06259.jpg,train,confused,bigdata_confused_engaged_aksan_50_1773299626821_001_jpg.rf.e01527f92a8b2b8afb23157034f4e932.jpg,test,confused,0,0
bigdata_confused_engaged_aksan_50_1773299626821_002_jpg.rf.3c1cf00c34105a0ff4e901e20fc06259.jpg,train,confused,bigdata_confused_engaged_aksan_50_1773299627557_005_jpg.rf.3f59da468dc0c336bbf61f3fae66c306.jpg,test,confused,1,2
bigdata_confused_engaged_aksan_50_1773299626821_003_jpg.rf.2220594ff00200bf24d1d511f1e41b85.jpg,train,confused,bigdata_confused_engaged_aksan_50_1773299626821_001_jpg.rf.e01527f92a8b2b8afb23157034f4e932.jpg,test,confused,0,0
bigdata_confused_engaged_aksan_50_1773299626821_003_jpg.rf.2220594ff00200bf24d1d511f1e41b85.jpg,train,confused,bigdata_confused_engaged_aksan_50_1773299627557_005_jpg.rf.3f59da468dc0c336bbf61f3fae66c306.jpg,test,confused,1,2
bigdata_confused_engaged_aksan_50_1773299626821_004_jpg.rf.bce7905609b045b73f2eb7522687aa27.jpg,train,confused,bigdata_confused_engaged_aksan_50_1773299626821_001_jpg.rf.e01527f92a8b2b8afb23157034f4e932.jpg,test,confused,1,0
bigdata_confused_engaged_aksan_50_1773299626821_004_jpg.rf.bce7905609b045b73f2eb7522687aa27.jpg,train,confused,bigdata_confused_engaged_aksan_50_1773299627557_005_jpg.rf.3f59da468dc0c336bbf61f3fae66c306.jpg,test,confused,0,2
bigdata_confused_engaged_aksan_50_1773299627558_006_jpg.rf.8cba2a9dedc620199f5165696e5a21eb.jpg,train,confused,bigdata_confused_engaged_aksan_50_1773299626821_001_jpg.rf.e01527f92a8b2b8afb23157034f4e932.jpg,test,confused,2,4
bigdata_confused_engaged_aksan_50_1773299627558_006_jpg.rf.8cba2a9dedc620199f5165696e5a21eb.jpg,train,confused,bigdata_confused_engaged_aksan_50_1773299627557_005_jpg.rf.3f59da468dc0c336bbf61f3fae66c306.jpg,test,confused,1,2
bigdata_confused_engaged_aksan_50_1773299627558_007_jpg.rf.9b03f8e604418b77891f3519e64512c4.jpg,train,confused,bigdata_confused_engaged_aksan_50_1773299626821_001_jpg.rf.e01527f92a8b2b8afb23157034f4e932.jpg,test,confused,3,4
bigdata_confused_engaged_aksan_50_1773299627558_007_jpg.rf.9b03f8e604418b77891f3519e64512c4.jpg,train,confused,bigdata_confused_engaged_aksan_50_1773299627557_005_jpg.rf.3f59da468dc0c336bbf61f3fae66c306.jpg,test,confused,2,2
bigdata_confused_engaged_aksan_50_1773299627558_008_jpg.rf.cc037245e492e3ff2a8d9cb78575d180.jpg,train,confused,bigdata_confused_engaged_aksan_50_1773299626821_001_jpg.rf.e01527f92a8b2b8afb23157034f4e932.jpg,test,confused,2,6
bigdata_confused_engaged_aksan_50_1773299627558_008_jpg.rf.cc037245e492e3ff2a8d9cb78575d180.jpg,train,confused,bigdata_confused_engaged_aksan_50_1773299627557_005_jpg.rf.3f59da468dc0c336bbf61f3fae66c306.jpg,test,confused,1,4
bigdata_confused_engaged_aksan_50_1773299628168_011_jpg.rf.f26abec4d8b8d3138e54dff02330d542.jpg,train,confused,bigdata_confused_engaged_aksan_50_1773299627557_005_jpg.rf.3f59da468dc0c336bbf61f3fae66c306.jpg,test,confused,4,6
bigdata_confused_engaged_ansyah_08_1774442974546_005_jpg.rf.7535656b202af88c94eb16eaa4c73c4d.jpg,train,confused,bigdata_confused_engaged_ansyah_08_1774442975879_015_jpg.rf.1e5afec1c8b1eb39f79d3c138baf8b81.jpg,test,confused,5,6
bigdata_confused_engaged_ansyah_08_1774442974547_006_jpg.rf.b2b15365460b54628a31ff24c4630a7f.jpg,train,confused,bigdata_confused_engaged_ansyah_08_1774442975879_015_jpg.rf.1e5afec1c8b1eb39f79d3c138baf8b81.jpg,test,confused,5,6
bigdata_confused_engaged_ansyah_08_1774442974547_007_jpg.rf.1756d99bee3d165cbd9f4b30d9a097b0.jpg,train,confused,bigdata_confused_engaged_ansyah_08_1774442975879_015_jpg.rf.1e5afec1c8b1eb39f79d3c138baf8b81.jpg,test,confused,5,6
bigdata_confused_engaged_ansyah_08_1774442974547_008_jpg.rf.87b750b375143365623c32ab8fafcf8d.jpg,train,confused,bigdata_confused_engaged_ansyah_08_1774442975879_015_jpg.rf.1e5afec1c8b1eb39f79d3c138baf8b81.jpg,test,confused,4,6
bigdata_confused_engaged_ansyah_08_1774442975879_016_jpg.rf.322456d514c0d5eb0129d73f13f8fde5.jpg,train,confused,bigdata_confused_engaged_ansyah_08_1774442975879_015_jpg.rf.1e5afec1c8b1eb39f79d3c138baf8b81.jpg,test,confused,5,6
bigdata_confused_engaged_ardiansyah_26_1774441939484_001_jpg.rf.049196025a8205bd4ba3f40c4dc4e427.jpg,train,confused,bigdata_engaged_ardiansyah_26_1774441903831_017_jpg.rf.f916fb9da95a1fbf341c143e6ab1696b.jpg,test,engaged,5,4
bigdata_confused_engaged_ardiansyah_26_1774441940665_008_jpg.rf.60a8bad34cec3c99a0aa82045c84226d.jpg,train,confused,bigdata_confused_engaged_ardiansyah_26_1774441942517_015_jpg.rf.b713670298d165d6db5c5603efdf8eb6.jpg,test,confused,4,6
bigdata_confused_engaged_ardiansyah_26_1774441940666_009_jpg.rf.d991e02d6486d0ba041e863f3ef87eef.jpg,train,confused,bigdata_confused_engaged_ardiansyah_26_1774441942517_015_jpg.rf.b713670298d165d6db5c5603efdf8eb6.jpg,test,confused,3,6
bigdata_confused_engaged_ardiansyah_26_1774441941599_010_jpg.rf.1a52b0efd9857a9878d62e2fe770ddc1.jpg,train,confused,bigdata_confused_engaged_ardiansyah_26_1774441942517_015_jpg.rf.b713670298d165d6db5c5603efdf8eb6.jpg,test,confused,5,6
bigdata_confused_engaged_ardiansyah_26_1774441941599_013_jpg.rf.0e57ffa63d688c993ec5fe32663dcf4f.jpg,train,confused,bigdata_confused_engaged_ardiansyah_26_1774441942517_015_jpg.rf.b713670298d165d6db5c5603efdf8eb6.jpg,test,confused,3,6
bigdata_confused_engaged_ardiansyah_26_1774441943128_021_jpg.rf.8f4598bbf2e3d23101bdd9a1f2ae3be1.jpg,train,confused,bigdata_confused_engaged_ardiansyah_26_1774441942517_015_jpg.rf.b713670298d165d6db5c5603efdf8eb6.jpg,test,confused,2,6
bigdata_confused_engaged_ardiansyah_26_1774441943128_022_jpg.rf.fa41718a82d9af327343fe411bfb7fe5.jpg,train,confused,bigdata_confused_engaged_ardiansyah_26_1774441942517_015_jpg.rf.b713670298d165d6db5c5603efdf8eb6.jpg,test,confused,3,4
bigdata_confused_engaged_ardiansyah_26_1774441943128_023_jpg.rf.6824dfe25a33a368edcbb0dcd4166744.jpg,train,confused,bigdata_confused_engaged_ardiansyah_26_1774441942517_015_jpg.rf.b713670298d165d6db5c5603efdf8eb6.jpg,test,confused,4,4
bigdata_confused_engaged_arya_31_1773299347954_001_jpg.rf.e59630e3aa7ebd1e046b60a29882c993.jpg,train,confused,bigdata_confused_engaged_arya_31_1773299348638_006_jpg.rf.579a846e2aa1793f9d1d29b1af8174d4.jpg,test,confused,0,2
bigdata_confused_engaged_arya_31_1773299347954_001_jpg.rf.e59630e3aa7ebd1e046b60a29882c993.jpg,train,confused,bigdata_confused_engaged_arya_31_1773299348638_007_jpg.rf.f8d1a859db4c68429d4705ddf1f1fd58.jpg,test,confused,1,2
bigdata_confused_engaged_arya_31_1773299347954_001_jpg.rf.e59630e3aa7ebd1e046b60a29882c993.jpg,train,confused,bigdata_confused_engaged_arya_31_1773299349998_016_jpg.rf.d66383e2a9f269d82f248b211c6d4e42.jpg,test,confused,2,6
bigdata_confused_engaged_arya_31_1773299347954_001_jpg.rf.e59630e3aa7ebd1e046b60a29882c993.jpg,train,confused,bigdata_confused_engaged_arya_31_1773299350773_020_jpg.rf.77ce0c72156c7c36b757fda040a377e5.jpg,test,confused,4,4
bigdata_confused_engaged_arya_31_1773299347954_001_jpg.rf.e59630e3aa7ebd1e046b60a29882c993.jpg,train,confused,bigdata_confused_engaged_arya_31_1773299350773_021_jpg.rf.3c6f8682635909c5031106e7d37b5f4e.jpg,test,confused,5,4
bigdata_confused_engaged_arya_31_1773299347954_002_jpg.rf.3f9437b44803cc9ab079d6564b974017.jpg,train,confused,bigdata_confused_engaged_arya_31_1773299348638_006_jpg.rf.579a846e2aa1793f9d1d29b1af8174d4.jpg,test,confused,0,0
bigdata_confused_engaged_arya_31_1773299347954_002_jpg.rf.3f9437b44803cc9ab079d6564b974017.jpg,train,confused,bigdata_confused_engaged_arya_31_1773299348638_007_jpg.rf.f8d1a859db4c68429d4705ddf1f1fd58.jpg,test,confused,1,0
bigdata_confused_engaged_arya_31_1773299347954_002_jpg.rf.3f9437b44803cc9ab079d6564b974017.jpg,train,confused,bigdata_confused_engaged_arya_31_1773299349998_016_jpg.rf.d66383e2a9f269d82f248b211c6d4e42.jpg,test,confused,2,4
bigdata_confused_engaged_arya_31_1773299347954_002_jpg.rf.3f9437b44803cc9ab079d6564b974017.jpg,train,confused,bigdata_confused_engaged_arya_31_1773299350773_020_jpg.rf.77ce0c72156c7c36b757fda040a377e5.jpg,test,confused,4,4
bigdata_confused_engaged_arya_31_1773299347954_002_jpg.rf.3f9437b44803cc9ab079d6564b974017.jpg,train,confused,bigdata_confused_engaged_arya_31_1773299350773_021_jpg.rf.3c6f8682635909c5031106e7d37b5f4e.jpg,test,confused,5,4
bigdata_confused_engaged_arya_31_1773299347955_003_jpg.rf.b1e69be3fb314e0d40c0142b115fedea.jpg,train,confused,bigdata_confused_engaged_arya_31_1773299348638_006_jpg.rf.579a846e2aa1793f9d1d29b1af8174d4.jpg,test,confused,0,0
bigdata_confused_engaged_arya_31_1773299347955_003_jpg.rf.b1e69be3fb314e0d40c0142b115fedea.jpg,train,confused,bigdata_confused_engaged_arya_31_1773299348638_007_jpg.rf.f8d1a859db4c68429d4705ddf1f1fd58.jpg,test,confused,1,0
bigdata_confused_engaged_arya_31_1773299347955_003_jpg.rf.b1e69be3fb314e0d40c0142b115fedea.jpg,train,confused,bigdata_confused_engaged_arya_31_1773299349998_016_jpg.rf.d66383e2a9f269d82f248b211c6d4e42.jpg,test,confused,2,4
bigdata_confused_engaged_arya_31_1773299347955_003_jpg.rf.b1e69be3fb314e0d40c0142b115fedea.jpg,train,confused,bigdata_confused_engaged_arya_31_1773299350773_020_jpg.rf.77ce0c72156c7c36b757fda040a377e5.jpg,test,confused,4,4
bigdata_confused_engaged_arya_31_1773299347955_003_jpg.rf.b1e69be3fb314e0d40c0142b115fedea.jpg,train,confused,bigdata_confused_engaged_arya_31_1773299350773_021_jpg.rf.3c6f8682635909c5031106e7d37b5f4e.jpg,test,confused,5,4
bigdata_confused_engaged_arya_31_1773299347955_004_jpg.rf.902240327d5908508c498ef28e842894.jpg,train,confused,bigdata_confused_engaged_arya_31_1773299348638_006_jpg.rf.579a846e2aa1793f9d1d29b1af8174d4.jpg,test,confused,0,0
bigdata_confused_engaged_arya_31_1773299347955_004_jpg.rf.902240327d5908508c498ef28e842894.jpg,train,confused,bigdata_confused_engaged_arya_31_1773299348638_007_jpg.rf.f8d1a859db4c68429d4705ddf1f1fd58.jpg,test,confused,1,0
bigdata_confused_engaged_arya_31_1773299347955_004_jpg.rf.902240327d5908508c498ef28e842894.jpg,train,confused,bigdata_confused_engaged_arya_31_1773299349998_016_jpg.rf.d66383e2a9f269d82f248b211c6d4e42.jpg,test,confused,2,4
bigdata_confused_engaged_arya_31_1773299347955_004_jpg.rf.902240327d5908508c498ef28e842894.jpg,train,confused,bigdata_confused_engaged_arya_31_1773299350773_020_jpg.rf.77ce0c72156c7c36b757fda040a377e5.jpg,test,confused,4,4
bigdata_confused_engaged_arya_31_1773299347955_004_jpg.rf.902240327d5908508c498ef28e842894.jpg,train,confused,bigdata_confused_engaged_arya_31_1773299350773_021_jpg.rf.3c6f8682635909c5031106e7d37b5f4e.jpg,test,confused,5,4
bigdata_confused_engaged_arya_31_1773299348638_005_jpg.rf.388aa35b930cbb6f5ab6512a0a0612eb.jpg,train,confused,bigdata_confused_engaged_arya_31_1773299348638_006_jpg.rf.579a846e2aa1793f9d1d29b1af8174d4.jpg,test,confused,0,0
bigdata_confused_engaged_arya_31_1773299348638_005_jpg.rf.388aa35b930cbb6f5ab6512a0a0612eb.jpg,train,confused,bigdata_confused_engaged_arya_31_1773299348638_007_jpg.rf.f8d1a859db4c68429d4705ddf1f1fd58.jpg,test,confused,1,0
bigdata_confused_engaged_arya_31_1773299348638_005_jpg.rf.388aa35b930cbb6f5ab6512a0a0612eb.jpg,train,confused,bigdata_confused_engaged_arya_31_1773299349998_016_jpg.rf.d66383e2a9f269d82f248b211c6d4e42.jpg,test,confused,2,4
bigdata_confused_engaged_arya_31_1773299348638_005_jpg.rf.388aa35b930cbb6f5ab6512a0a0612eb.jpg,train,confused,bigdata_confused_engaged_arya_31_1773299350773_020_jpg.rf.77ce0c72156c7c36b757fda040a377e5.jpg,test,confused,4,4
bigdata_confused_engaged_arya_31_1773299348638_005_jpg.rf.388aa35b930cbb6f5ab6512a0a0612eb.jpg,train,confused,bigdata_confused_engaged_arya_31_1773299350773_021_jpg.rf.3c6f8682635909c5031106e7d37b5f4e.jpg,test,confused,5,4
bigdata_confused_engaged_arya_31_1773299348638_008_jpg.rf.ab1fcbdffc95d9671a35aa5931054485.jpg,train,confused,bigdata_confused_engaged_arya_31_1773299348638_006_jpg.rf.579a846e2aa1793f9d1d29b1af8174d4.jpg,test,confused,2,0
bigdata_confused_engaged_arya_31_1773299348638_008_jpg.rf.ab1fcbdffc95d9671a35aa5931054485.jpg,train,confused,bigdata_confused_engaged_arya_31_1773299348638_007_jpg.rf.f8d1a859db4c68429d4705ddf1f1fd58.jpg,test,confused,1,0
bigdata_confused_engaged_arya_31_1773299348638_008_jpg.rf.ab1fcbdffc95d9671a35aa5931054485.jpg,train,confused,bigdata_confused_engaged_arya_31_1773299349998_016_jpg.rf.d66383e2a9f269d82f248b211c6d4e42.jpg,test,confused,2,4
bigdata_confused_engaged_arya_31_1773299348638_008_jpg.rf.ab1fcbdffc95d9671a35aa5931054485.jpg,train,confused,bigdata_confused_engaged_arya_31_1773299350773_020_jpg.rf.77ce0c72156c7c36b757fda040a377e5.jpg,test,confused,4,4
bigdata_confused_engaged_arya_31_1773299348638_008_jpg.rf.ab1fcbdffc95d9671a35aa5931054485.jpg,train,confused,bigdata_confused_engaged_arya_31_1773299350773_021_jpg.rf.3c6f8682635909c5031106e7d37b5f4e.jpg,test,confused,5,4
bigdata_confused_engaged_arya_31_1773299348638_009_jpg.rf.4ba1dbdb1d613e1067f203d66d94d0c7.jpg,train,confused,bigdata_confused_engaged_arya_31_1773299348638_006_jpg.rf.579a846e2aa1793f9d1d29b1af8174d4.jpg,test,confused,2,2
bigdata_confused_engaged_arya_31_1773299348638_009_jpg.rf.4ba1dbdb1d613e1067f203d66d94d0c7.jpg,train,confused,bigdata_confused_engaged_arya_31_1773299348638_007_jpg.rf.f8d1a859db4c68429d4705ddf1f1fd58.jpg,test,confused,1,2
bigdata_confused_engaged_arya_31_1773299348638_009_jpg.rf.4ba1dbdb1d613e1067f203d66d94d0c7.jpg,train,confused,bigdata_confused_engaged_arya_31_1773299349998_016_jpg.rf.d66383e2a9f269d82f248b211c6d4e42.jpg,test,confused,0,2
bigdata_confused_engaged_arya_31_1773299348638_009_jpg.rf.4ba1dbdb1d613e1067f203d66d94d0c7.jpg,train,confused,bigdata_confused_engaged_arya_31_1773299350773_020_jpg.rf.77ce0c72156c7c36b757fda040a377e5.jpg,test,confused,2,6
bigdata_confused_engaged_arya_31_1773299348638_009_jpg.rf.4ba1dbdb1d613e1067f203d66d94d0c7.jpg,train,confused,bigdata_confused_engaged_arya_31_1773299350773_021_jpg.rf.3c6f8682635909c5031106e7d37b5f4e.jpg,test,confused,3,6
bigdata_confused_engaged_arya_31_1773299349324_010_jpg.rf.3594a5249f98ef3c648c4f2bb772f18d.jpg,train,confused,bigdata_confused_engaged_arya_31_1773299348638_006_jpg.rf.579a846e2aa1793f9d1d29b1af8174d4.jpg,test,confused,2,0
bigdata_confused_engaged_arya_31_1773299349324_010_jpg.rf.3594a5249f98ef3c648c4f2bb772f18d.jpg,train,confused,bigdata_confused_engaged_arya_31_1773299348638_007_jpg.rf.f8d1a859db4c68429d4705ddf1f1fd58.jpg,test,confused,1,0
bigdata_confused_engaged_arya_31_1773299349324_010_jpg.rf.3594a5249f98ef3c648c4f2bb772f18d.jpg,train,confused,bigdata_confused_engaged_arya_31_1773299349998_016_jpg.rf.d66383e2a9f269d82f248b211c6d4e42.jpg,test,confused,0,4
bigdata_confused_engaged_arya_31_1773299349324_010_jpg.rf.3594a5249f98ef3c648c4f2bb772f18d.jpg,train,confused,bigdata_confused_engaged_arya_31_1773299350773_020_jpg.rf.77ce0c72156c7c36b757fda040a377e5.jpg,test,confused,2,4
bigdata_confused_engaged_arya_31_1773299349324_010_jpg.rf.3594a5249f98ef3c648c4f2bb772f18d.jpg,train,confused,bigdata_confused_engaged_arya_31_1773299350773_021_jpg.rf.3c6f8682635909c5031106e7d37b5f4e.jpg,test,confused,3,4
bigdata_confused_engaged_arya_31_1773299349324_011_jpg.rf.574677265eafda95af2efbb3b7cc75a9.jpg,train,confused,bigdata_confused_engaged_arya_31_1773299348638_006_jpg.rf.579a846e2aa1793f9d1d29b1af8174d4.jpg,test,confused,2,6
bigdata_confused_engaged_arya_31_1773299349324_011_jpg.rf.574677265eafda95af2efbb3b7cc75a9.jpg,train,confused,bigdata_confused_engaged_arya_31_1773299348638_007_jpg.rf.f8d1a859db4c68429d4705ddf1f1fd58.jpg,test,confused,1,6
bigdata_confused_engaged_arya_31_1773299349324_011_jpg.rf.574677265eafda95af2efbb3b7cc75a9.jpg,train,confused,bigdata_confused_engaged_arya_31_1773299349998_016_jpg.rf.d66383e2a9f269d82f248b211c6d4e42.jpg,test,confused,0,4
bigdata_confused_engaged_arya_31_1773299349324_011_jpg.rf.574677265eafda95af2efbb3b7cc75a9.jpg,train,confused,bigdata_confused_engaged_arya_31_1773299350773_020_jpg.rf.77ce0c72156c7c36b757fda040a377e5.jpg,test,confused,2,6
bigdata_confused_engaged_arya_31_1773299349324_011_jpg.rf.574677265eafda95af2efbb3b7cc75a9.jpg,train,confused,bigdata_confused_engaged_arya_31_1773299350773_021_jpg.rf.3c6f8682635909c5031106e7d37b5f4e.jpg,test,confused,3,4
bigdata_confused_engaged_arya_31_1773299349324_012_jpg.rf.76573a5ba9a332e3326eaf1298c0e3cf.jpg,train,confused,bigdata_confused_engaged_arya_31_1773299348638_006_jpg.rf.579a846e2aa1793f9d1d29b1af8174d4.jpg,test,confused,3,6
bigdata_confused_engaged_arya_31_1773299349324_012_jpg.rf.76573a5ba9a332e3326eaf1298c0e3cf.jpg,train,confused,bigdata_confused_engaged_arya_31_1773299348638_007_jpg.rf.f8d1a859db4c68429d4705ddf1f1fd58.jpg,test,confused,2,6
bigdata_confused_engaged_arya_31_1773299349324_012_jpg.rf.76573a5ba9a332e3326eaf1298c0e3cf.jpg,train,confused,bigdata_confused_engaged_arya_31_1773299349998_016_jpg.rf.d66383e2a9f269d82f248b211c6d4e42.jpg,test,confused,1,4
bigdata_confused_engaged_arya_31_1773299349324_012_jpg.rf.76573a5ba9a332e3326eaf1298c0e3cf.jpg,train,confused,bigdata_confused_engaged_arya_31_1773299350773_020_jpg.rf.77ce0c72156c7c36b757fda040a377e5.jpg,test,confused,3,6
bigdata_confused_engaged_arya_31_1773299349324_012_jpg.rf.76573a5ba9a332e3326eaf1298c0e3cf.jpg,train,confused,bigdata_confused_engaged_arya_31_1773299350773_021_jpg.rf.3c6f8682635909c5031106e7d37b5f4e.jpg,test,confused,4,6
bigdata_confused_engaged_arya_31_1773299349997_015_jpg.rf.d69914740dd0c1998e1232596af79250.jpg,train,confused,bigdata_confused_engaged_arya_31_1773299348638_006_jpg.rf.579a846e2aa1793f9d1d29b1af8174d4.jpg,test,confused,2,4
bigdata_confused_engaged_arya_31_1773299349997_015_jpg.rf.d69914740dd0c1998e1232596af79250.jpg,train,confused,bigdata_confused_engaged_arya_31_1773299348638_007_jpg.rf.f8d1a859db4c68429d4705ddf1f1fd58.jpg,test,confused,1,4
bigdata_confused_engaged_arya_31_1773299349997_015_jpg.rf.d69914740dd0c1998e1232596af79250.jpg,train,confused,bigdata_confused_engaged_arya_31_1773299349998_016_jpg.rf.d66383e2a9f269d82f248b211c6d4e42.jpg,test,confused,0,4
bigdata_confused_engaged_arya_31_1773299349997_015_jpg.rf.d69914740dd0c1998e1232596af79250.jpg,train,confused,bigdata_confused_engaged_arya_31_1773299350773_020_jpg.rf.77ce0c72156c7c36b757fda040a377e5.jpg,test,confused,2,6
bigdata_confused_engaged_arya_31_1773299349997_015_jpg.rf.d69914740dd0c1998e1232596af79250.jpg,train,confused,bigdata_confused_engaged_arya_31_1773299350773_021_jpg.rf.3c6f8682635909c5031106e7d37b5f4e.jpg,test,confused,3,4
bigdata_confused_engaged_arya_31_1773299349998_017_jpg.rf.9720a75bbb188054e557f00d55102a91.jpg,train,confused,bigdata_confused_engaged_arya_31_1773299348638_006_jpg.rf.579a846e2aa1793f9d1d29b1af8174d4.jpg,test,confused,2,2
bigdata_confused_engaged_arya_31_1773299349998_017_jpg.rf.9720a75bbb188054e557f00d55102a91.jpg,train,confused,bigdata_confused_engaged_arya_31_1773299348638_007_jpg.rf.f8d1a859db4c68429d4705ddf1f1fd58.jpg,test,confused,1,2
bigdata_confused_engaged_arya_31_1773299349998_017_jpg.rf.9720a75bbb188054e557f00d55102a91.jpg,train,confused,bigdata_confused_engaged_arya_31_1773299349998_016_jpg.rf.d66383e2a9f269d82f248b211c6d4e42.jpg,test,confused,0,4
bigdata_confused_engaged_arya_31_1773299349998_017_jpg.rf.9720a75bbb188054e557f00d55102a91.jpg,train,confused,bigdata_confused_engaged_arya_31_1773299350773_020_jpg.rf.77ce0c72156c7c36b757fda040a377e5.jpg,test,confused,2,6
bigdata_confused_engaged_arya_31_1773299349998_017_jpg.rf.9720a75bbb188054e557f00d55102a91.jpg,train,confused,bigdata_confused_engaged_arya_31_1773299350773_021_jpg.rf.3c6f8682635909c5031106e7d37b5f4e.jpg,test,confused,3,6
bigdata_confused_engaged_arya_31_1773299349998_018_jpg.rf.a2d4cc2a6242d8c235512d520602795c.jpg,train,confused,bigdata_confused_engaged_arya_31_1773299348638_006_jpg.rf.579a846e2aa1793f9d1d29b1af8174d4.jpg,test,confused,3,6
bigdata_confused_engaged_arya_31_1773299349998_018_jpg.rf.a2d4cc2a6242d8c235512d520602795c.jpg,train,confused,bigdata_confused_engaged_arya_31_1773299348638_007_jpg.rf.f8d1a859db4c68429d4705ddf1f1fd58.jpg,test,confused,2,6
bigdata_confused_engaged_arya_31_1773299349998_018_jpg.rf.a2d4cc2a6242d8c235512d520602795c.jpg,train,confused,bigdata_confused_engaged_arya_31_1773299349998_016_jpg.rf.d66383e2a9f269d82f248b211c6d4e42.jpg,test,confused,1,6
bigdata_confused_engaged_arya_31_1773299349998_018_jpg.rf.a2d4cc2a6242d8c235512d520602795c.jpg,train,confused,bigdata_confused_engaged_arya_31_1773299350773_020_jpg.rf.77ce0c72156c7c36b757fda040a377e5.jpg,test,confused,1,4
bigdata_confused_engaged_arya_31_1773299349998_018_jpg.rf.a2d4cc2a6242d8c235512d520602795c.jpg,train,confused,bigdata_confused_engaged_arya_31_1773299350773_021_jpg.rf.3c6f8682635909c5031106e7d37b5f4e.jpg,test,confused,2,2
bigdata_confused_engaged_arya_31_1773299350773_023_jpg.rf.bf75ff80683bf56121b0d6de73fa2b81.jpg,train,confused,bigdata_confused_engaged_arya_31_1773299348638_007_jpg.rf.f8d1a859db4c68429d4705ddf1f1fd58.jpg,test,confused,5,4
bigdata_confused_engaged_arya_31_1773299350773_023_jpg.rf.bf75ff80683bf56121b0d6de73fa2b81.jpg,train,confused,bigdata_confused_engaged_arya_31_1773299349998_016_jpg.rf.d66383e2a9f269d82f248b211c6d4e42.jpg,test,confused,4,6
bigdata_confused_engaged_arya_31_1773299350773_023_jpg.rf.bf75ff80683bf56121b0d6de73fa2b81.jpg,train,confused,bigdata_confused_engaged_arya_31_1773299350773_020_jpg.rf.77ce0c72156c7c36b757fda040a377e5.jpg,test,confused,2,4
bigdata_confused_engaged_arya_31_1773299350773_023_jpg.rf.bf75ff80683bf56121b0d6de73fa2b81.jpg,train,confused,bigdata_confused_engaged_arya_31_1773299350773_021_jpg.rf.3c6f8682635909c5031106e7d37b5f4e.jpg,test,confused,1,2
bigdata_confused_engaged_iann_62_1774442855062_003_jpg.rf.123fe5727dcce88a37c9c920f00a2bc5.jpg,train,confused,bigdata_confused_engaged_iann_62_1774442855812_005_jpg.rf.d982328693596f17761cd923fea0ac7c.jpg,test,confused,3,4
bigdata_confused_engaged_iann_62_1774442855062_004_jpg.rf.c7477002194b985adabe9cdbc0fe904f.jpg,train,confused,bigdata_confused_engaged_iann_62_1774442855062_002_jpg.rf.c5190126b44b5893f2105a5034efdac5.jpg,test,confused,4,6
bigdata_confused_engaged_iann_62_1774442855062_004_jpg.rf.c7477002194b985adabe9cdbc0fe904f.jpg,train,confused,bigdata_confused_engaged_iann_62_1774442855812_005_jpg.rf.d982328693596f17761cd923fea0ac7c.jpg,test,confused,0,0
bigdata_confused_engaged_iann_62_1774442855812_006_jpg.rf.4c13c5c89d27e53ac6bdd98cde4789ad.jpg,train,confused,bigdata_confused_engaged_iann_62_1774442855062_002_jpg.rf.c5190126b44b5893f2105a5034efdac5.jpg,test,confused,4,6
bigdata_confused_engaged_iann_62_1774442855812_006_jpg.rf.4c13c5c89d27e53ac6bdd98cde4789ad.jpg,train,confused,bigdata_confused_engaged_iann_62_1774442855812_005_jpg.rf.d982328693596f17761cd923fea0ac7c.jpg,test,confused,0,0
bigdata_confused_engaged_iann_62_1774442856926_011_jpg.rf.be70620c96f0ea8d90f1dc9b60ac7fc6.jpg,train,confused,bigdata_confused_engaged_iann_62_1774442856927_013_jpg.rf.c9f0ecf318d2332562480c341609070b.jpg,test,confused,3,2
bigdata_confused_engaged_iann_62_1774442856926_011_jpg.rf.be70620c96f0ea8d90f1dc9b60ac7fc6.jpg,train,confused,bigdata_confused_engaged_iann_62_1774442857561_015_jpg.rf.f833a78969126013bee9e91335b33bfd.jpg,test,confused,5,6
bigdata_confused_engaged_iann_62_1774442856927_014_jpg.rf.05e7e46e20c51849fc77e358c262745c.jpg,train,confused,bigdata_confused_engaged_iann_62_1774442856927_013_jpg.rf.c9f0ecf318d2332562480c341609070b.jpg,test,confused,4,4
bigdata_confused_engaged_iann_62_1774442856927_014_jpg.rf.05e7e46e20c51849fc77e358c262745c.jpg,train,confused,bigdata_confused_engaged_iann_62_1774442857561_015_jpg.rf.f833a78969126013bee9e91335b33bfd.jpg,test,confused,0,4
bigdata_confused_engaged_iann_62_1774442857561_016_jpg.rf.fa395f6d0270ab3b5fca11b8e35915e9.jpg,train,confused,bigdata_confused_engaged_iann_62_1774442856927_013_jpg.rf.c9f0ecf318d2332562480c341609070b.jpg,test,confused,4,6
bigdata_confused_engaged_iann_62_1774442857561_016_jpg.rf.fa395f6d0270ab3b5fca11b8e35915e9.jpg,train,confused,bigdata_confused_engaged_iann_62_1774442857561_015_jpg.rf.f833a78969126013bee9e91335b33bfd.jpg,test,confused,0,2
bigdata_confused_engaged_iann_62_1774442857561_017_jpg.rf.94f872b6fc9a86c4b0193d52490248a1.jpg,train,confused,bigdata_confused_engaged_iann_62_1774442856927_013_jpg.rf.c9f0ecf318d2332562480c341609070b.jpg,test,confused,4,6
bigdata_confused_engaged_iann_62_1774442857561_017_jpg.rf.94f872b6fc9a86c4b0193d52490248a1.jpg,train,confused,bigdata_confused_engaged_iann_62_1774442857561_015_jpg.rf.f833a78969126013bee9e91335b33bfd.jpg,test,confused,0,4
bigdata_confused_engaged_iann_62_1774442857561_018_jpg.rf.3b157aeac622baed338a97b75e4b4860.jpg,train,confused,bigdata_confused_engaged_iann_62_1774442856927_013_jpg.rf.c9f0ecf318d2332562480c341609070b.jpg,test,confused,5,6
bigdata_confused_engaged_iann_62_1774442857561_018_jpg.rf.3b157aeac622baed338a97b75e4b4860.jpg,train,confused,bigdata_confused_engaged_iann_62_1774442857561_015_jpg.rf.f833a78969126013bee9e91335b33bfd.jpg,test,confused,1,2
bigdata_confused_engaged_iann_62_1774442857561_019_jpg.rf.0c54223ec5b5b56f6d85bd0df5b49e90.jpg,train,confused,bigdata_confused_engaged_iann_62_1774442857561_015_jpg.rf.f833a78969126013bee9e91335b33bfd.jpg,test,confused,1,2
bigdata_confused_engaged_maguru_36_1774443959143_005_jpg.rf.5410b4d5ce6bf73869cd74974fdf2b6d.jpg,train,confused,bigdata_confused_engaged_maguru_36_1774443959615_010_jpg.rf.6fd1d6ec4b5781c876484924c60725fe.jpg,test,confused,4,4
bigdata_confused_engaged_maguru_36_1774443959143_007_jpg.rf.ae15478e9cc833d0a3cdfee68ed78889.jpg,train,confused,bigdata_confused_engaged_maguru_36_1774443959615_010_jpg.rf.6fd1d6ec4b5781c876484924c60725fe.jpg,test,confused,1,2
bigdata_confused_engaged_maguru_36_1774443959143_007_jpg.rf.ae15478e9cc833d0a3cdfee68ed78889.jpg,train,confused,bigdata_confused_engaged_maguru_36_1774443960140_015_jpg.rf.8f1db2af2dc7a9050c401300b6ea4ba8.jpg,test,confused,1,2
bigdata_confused_engaged_maguru_36_1774443959143_008_jpg.rf.950ef6453836a89cbf102edfae09afc9.jpg,train,confused,bigdata_confused_engaged_maguru_36_1774443959615_010_jpg.rf.6fd1d6ec4b5781c876484924c60725fe.jpg,test,confused,0,4
bigdata_confused_engaged_maguru_36_1774443959143_008_jpg.rf.950ef6453836a89cbf102edfae09afc9.jpg,train,confused,bigdata_confused_engaged_maguru_36_1774443960140_015_jpg.rf.8f1db2af2dc7a9050c401300b6ea4ba8.jpg,test,confused,0,0
bigdata_confused_engaged_maguru_36_1774443959143_009_jpg.rf.f16d61012d5e86ec3acb0926f5eeffc1.jpg,train,confused,bigdata_confused_engaged_maguru_36_1774443959615_010_jpg.rf.6fd1d6ec4b5781c876484924c60725fe.jpg,test,confused,1,2
bigdata_confused_engaged_maguru_36_1774443959143_009_jpg.rf.f16d61012d5e86ec3acb0926f5eeffc1.jpg,train,confused,bigdata_confused_engaged_maguru_36_1774443960140_015_jpg.rf.8f1db2af2dc7a9050c401300b6ea4ba8.jpg,test,confused,1,2
bigdata_confused_engaged_maguru_36_1774443959615_011_jpg.rf.e61abdc605e117d2b3561615953c479e.jpg,train,confused,bigdata_confused_engaged_maguru_36_1774443959615_010_jpg.rf.6fd1d6ec4b5781c876484924c60725fe.jpg,test,confused,0,2
bigdata_confused_engaged_maguru_36_1774443959615_011_jpg.rf.e61abdc605e117d2b3561615953c479e.jpg,train,confused,bigdata_confused_engaged_maguru_36_1774443960140_015_jpg.rf.8f1db2af2dc7a9050c401300b6ea4ba8.jpg,test,confused,0,6
bigdata_confused_engaged_maguru_36_1774443959615_012_jpg.rf.308ceb75b9f17dab537e67756174486f.jpg,train,confused,bigdata_confused_engaged_maguru_36_1774443959615_010_jpg.rf.6fd1d6ec4b5781c876484924c60725fe.jpg,test,confused,0,0
bigdata_confused_engaged_maguru_36_1774443959615_012_jpg.rf.308ceb75b9f17dab537e67756174486f.jpg,train,confused,bigdata_confused_engaged_maguru_36_1774443960140_015_jpg.rf.8f1db2af2dc7a9050c401300b6ea4ba8.jpg,test,confused,0,4
bigdata_confused_engaged_maguru_36_1774443959615_013_jpg.rf.5a32437d38d97736489393f1ab5dc8bb.jpg,train,confused,bigdata_confused_engaged_maguru_36_1774443959615_010_jpg.rf.6fd1d6ec4b5781c876484924c60725fe.jpg,test,confused,0,2
bigdata_confused_engaged_maguru_36_1774443959615_013_jpg.rf.5a32437d38d97736489393f1ab5dc8bb.jpg,train,confused,bigdata_confused_engaged_maguru_36_1774443960140_015_jpg.rf.8f1db2af2dc7a9050c401300b6ea4ba8.jpg,test,confused,0,2
bigdata_confused_engaged_maguru_36_1774443960140_017_jpg.rf.1a38e46692622471adc97cacaed8c4b3.jpg,train,confused,bigdata_confused_engaged_maguru_36_1774443959615_010_jpg.rf.6fd1d6ec4b5781c876484924c60725fe.jpg,test,confused,0,4
bigdata_confused_engaged_maguru_36_1774443960140_017_jpg.rf.1a38e46692622471adc97cacaed8c4b3.jpg,train,confused,bigdata_confused_engaged_maguru_36_1774443960140_015_jpg.rf.8f1db2af2dc7a9050c401300b6ea4ba8.jpg,test,confused,0,0
bigdata_confused_engaged_maguru_36_1774443960140_018_jpg.rf.5aade07798d5157c202c831175b6d6dc.jpg,train,confused,bigdata_confused_engaged_maguru_36_1774443959615_010_jpg.rf.6fd1d6ec4b5781c876484924c60725fe.jpg,test,confused,0,2
bigdata_confused_engaged_maguru_36_1774443960140_018_jpg.rf.5aade07798d5157c202c831175b6d6dc.jpg,train,confused,bigdata_confused_engaged_maguru_36_1774443960140_015_jpg.rf.8f1db2af2dc7a9050c401300b6ea4ba8.jpg,test,confused,0,2
bigdata_confused_engaged_maguru_36_1774443960140_019_jpg.rf.d66aac6c5a967a89ab27390d005fee95.jpg,train,confused,bigdata_confused_engaged_maguru_36_1774443959615_010_jpg.rf.6fd1d6ec4b5781c876484924c60725fe.jpg,test,confused,1,2
bigdata_confused_engaged_maguru_36_1774443960140_019_jpg.rf.d66aac6c5a967a89ab27390d005fee95.jpg,train,confused,bigdata_confused_engaged_maguru_36_1774443960140_015_jpg.rf.8f1db2af2dc7a9050c401300b6ea4ba8.jpg,test,confused,1,2
bigdata_confused_engaged_maguru_36_1774443960614_020_jpg.rf.778ec33a1140b9e4c11765355699057b.jpg,train,confused,bigdata_confused_engaged_maguru_36_1774443959615_010_jpg.rf.6fd1d6ec4b5781c876484924c60725fe.jpg,test,confused,3,4
bigdata_confused_engaged_maguru_36_1774443960614_020_jpg.rf.778ec33a1140b9e4c11765355699057b.jpg,train,confused,bigdata_confused_engaged_maguru_36_1774443960140_015_jpg.rf.8f1db2af2dc7a9050c401300b6ea4ba8.jpg,test,confused,3,2
bigdata_confused_engaged_maguru_36_1774443960615_021_jpg.rf.dceee8cb9cdeab5403a4d3ad8d98b313.jpg,train,confused,bigdata_confused_engaged_maguru_36_1774443959615_010_jpg.rf.6fd1d6ec4b5781c876484924c60725fe.jpg,test,confused,4,4
bigdata_confused_engaged_maguru_36_1774443960615_021_jpg.rf.dceee8cb9cdeab5403a4d3ad8d98b313.jpg,train,confused,bigdata_confused_engaged_maguru_36_1774443960140_015_jpg.rf.8f1db2af2dc7a9050c401300b6ea4ba8.jpg,test,confused,4,2
bigdata_confused_engaged_maguru_36_1774443960615_022_jpg.rf.05240c5313501b2fd3d62b42e8280b03.jpg,train,confused,bigdata_confused_engaged_maguru_36_1774443959615_010_jpg.rf.6fd1d6ec4b5781c876484924c60725fe.jpg,test,confused,5,4
bigdata_confused_engaged_maguru_36_1774443960615_022_jpg.rf.05240c5313501b2fd3d62b42e8280b03.jpg,train,confused,bigdata_confused_engaged_maguru_36_1774443960140_015_jpg.rf.8f1db2af2dc7a9050c401300b6ea4ba8.jpg,test,confused,5,2
bigdata_confused_engaged_muhdaryadn_00_1773299186669_001_jpg.rf.da0385c290e1d0852f9cf558c833f73c.jpg,train,confused,bigdata_confused_engaged_muhdaryadn_00_1773299194345_016_jpg.rf.fa7f9050d87d5624d1abb169512baa6f.jpg,test,confused,0,4
bigdata_confused_engaged_muhdaryadn_00_1773299186669_001_jpg.rf.da0385c290e1d0852f9cf558c833f73c.jpg,train,confused,bigdata_confused_engaged_muhdaryadn_00_1773299196116_020_jpg.rf.87207fb06374305b998e7ad452818394.jpg,test,confused,0,2
bigdata_confused_engaged_muhdaryadn_00_1773299186669_002_jpg.rf.06c403791338c94ab0de23afa26b62e1.jpg,train,confused,bigdata_confused_engaged_muhdaryadn_00_1773299194345_016_jpg.rf.fa7f9050d87d5624d1abb169512baa6f.jpg,test,confused,0,4
bigdata_confused_engaged_muhdaryadn_00_1773299186669_002_jpg.rf.06c403791338c94ab0de23afa26b62e1.jpg,train,confused,bigdata_confused_engaged_muhdaryadn_00_1773299196116_020_jpg.rf.87207fb06374305b998e7ad452818394.jpg,test,confused,0,2
bigdata_confused_engaged_muhdaryadn_00_1773299186669_003_jpg.rf.d5c30066e0d5be215e2365e6e6ecc7cf.jpg,train,confused,bigdata_confused_engaged_muhdaryadn_00_1773299194345_016_jpg.rf.fa7f9050d87d5624d1abb169512baa6f.jpg,test,confused,0,4
bigdata_confused_engaged_muhdaryadn_00_1773299186669_003_jpg.rf.d5c30066e0d5be215e2365e6e6ecc7cf.jpg,train,confused,bigdata_confused_engaged_muhdaryadn_00_1773299196116_020_jpg.rf.87207fb06374305b998e7ad452818394.jpg,test,confused,0,2
bigdata_confused_engaged_muhdaryadn_00_1773299186669_004_jpg.rf.5e6aacf17602b3d318fb5afac68a1336.jpg,train,confused,bigdata_confused_engaged_muhdaryadn_00_1773299194345_016_jpg.rf.fa7f9050d87d5624d1abb169512baa6f.jpg,test,confused,0,2
bigdata_confused_engaged_muhdaryadn_00_1773299186669_004_jpg.rf.5e6aacf17602b3d318fb5afac68a1336.jpg,train,confused,bigdata_confused_engaged_muhdaryadn_00_1773299196116_020_jpg.rf.87207fb06374305b998e7ad452818394.jpg,test,confused,0,0
bigdata_confused_engaged_muhdaryadn_00_1773299189907_005_jpg.rf.5acc1748943db254a93e949591424ae5.jpg,train,confused,bigdata_confused_engaged_muhdaryadn_00_1773299194345_016_jpg.rf.fa7f9050d87d5624d1abb169512baa6f.jpg,test,confused,0,2
bigdata_confused_engaged_muhdaryadn_00_1773299189907_005_jpg.rf.5acc1748943db254a93e949591424ae5.jpg,train,confused,bigdata_confused_engaged_muhdaryadn_00_1773299196116_020_jpg.rf.87207fb06374305b998e7ad452818394.jpg,test,confused,0,0
bigdata_confused_engaged_muhdaryadn_00_1773299189909_006_jpg.rf.54b0a259920cd5a52631c979986d11f0.jpg,train,confused,bigdata_confused_engaged_muhdaryadn_00_1773299194345_016_jpg.rf.fa7f9050d87d5624d1abb169512baa6f.jpg,test,confused,0,2
bigdata_confused_engaged_muhdaryadn_00_1773299189909_006_jpg.rf.54b0a259920cd5a52631c979986d11f0.jpg,train,confused,bigdata_confused_engaged_muhdaryadn_00_1773299196116_020_jpg.rf.87207fb06374305b998e7ad452818394.jpg,test,confused,0,2
bigdata_confused_engaged_muhdaryadn_00_1773299189909_007_jpg.rf.3535e241108b8543ac69fcd9a8ff2c03.jpg,train,confused,bigdata_confused_engaged_muhdaryadn_00_1773299194345_016_jpg.rf.fa7f9050d87d5624d1abb169512baa6f.jpg,test,confused,0,2
bigdata_confused_engaged_muhdaryadn_00_1773299189909_007_jpg.rf.3535e241108b8543ac69fcd9a8ff2c03.jpg,train,confused,bigdata_confused_engaged_muhdaryadn_00_1773299196116_020_jpg.rf.87207fb06374305b998e7ad452818394.jpg,test,confused,0,4
bigdata_confused_engaged_muhdaryadn_00_1773299189909_008_jpg.rf.9d05ada706c16368ee14fb87fcf5b9b9.jpg,train,confused,bigdata_confused_engaged_muhdaryadn_00_1773299194345_016_jpg.rf.fa7f9050d87d5624d1abb169512baa6f.jpg,test,confused,0,2
bigdata_confused_engaged_muhdaryadn_00_1773299189909_008_jpg.rf.9d05ada706c16368ee14fb87fcf5b9b9.jpg,train,confused,bigdata_confused_engaged_muhdaryadn_00_1773299196116_020_jpg.rf.87207fb06374305b998e7ad452818394.jpg,test,confused,0,4
bigdata_confused_engaged_muhdaryadn_00_1773299189909_009_jpg.rf.a7da4c32e0de679c4fd7b92c88a5f656.jpg,train,confused,bigdata_confused_engaged_muhdaryadn_00_1773299194345_016_jpg.rf.fa7f9050d87d5624d1abb169512baa6f.jpg,test,confused,0,2
bigdata_confused_engaged_muhdaryadn_00_1773299189909_009_jpg.rf.a7da4c32e0de679c4fd7b92c88a5f656.jpg,train,confused,bigdata_confused_engaged_muhdaryadn_00_1773299196116_020_jpg.rf.87207fb06374305b998e7ad452818394.jpg,test,confused,0,4
bigdata_confused_engaged_muhdaryadn_00_1773299192509_010_jpg.rf.0796940219033ece0d6689585f73a57a.jpg,train,confused,bigdata_confused_engaged_muhdaryadn_00_1773299194345_016_jpg.rf.fa7f9050d87d5624d1abb169512baa6f.jpg,test,confused,0,2
bigdata_confused_engaged_muhdaryadn_00_1773299192509_010_jpg.rf.0796940219033ece0d6689585f73a57a.jpg,train,confused,bigdata_confused_engaged_muhdaryadn_00_1773299196116_020_jpg.rf.87207fb06374305b998e7ad452818394.jpg,test,confused,0,4
bigdata_confused_engaged_muhdaryadn_00_1773299192509_011_jpg.rf.c5a4420d139b9bee0fe711b8e16120d4.jpg,train,confused,bigdata_confused_engaged_muhdaryadn_00_1773299194345_016_jpg.rf.fa7f9050d87d5624d1abb169512baa6f.jpg,test,confused,0,2
bigdata_confused_engaged_muhdaryadn_00_1773299192509_011_jpg.rf.c5a4420d139b9bee0fe711b8e16120d4.jpg,train,confused,bigdata_confused_engaged_muhdaryadn_00_1773299196116_020_jpg.rf.87207fb06374305b998e7ad452818394.jpg,test,confused,0,4
bigdata_confused_engaged_muhdaryadn_00_1773299192510_012_jpg.rf.f150c1d17a3b8ee782b8bfa1850497ca.jpg,train,confused,bigdata_confused_engaged_muhdaryadn_00_1773299194345_016_jpg.rf.fa7f9050d87d5624d1abb169512baa6f.jpg,test,confused,0,2
bigdata_confused_engaged_muhdaryadn_00_1773299192510_012_jpg.rf.f150c1d17a3b8ee782b8bfa1850497ca.jpg,train,confused,bigdata_confused_engaged_muhdaryadn_00_1773299196116_020_jpg.rf.87207fb06374305b998e7ad452818394.jpg,test,confused,0,2
bigdata_confused_engaged_muhdaryadn_00_1773299192510_013_jpg.rf.d9e8eb62df07c7dc278bdaf127960b0a.jpg,train,confused,bigdata_confused_engaged_muhdaryadn_00_1773299194345_016_jpg.rf.fa7f9050d87d5624d1abb169512baa6f.jpg,test,confused,0,2
bigdata_confused_engaged_muhdaryadn_00_1773299192510_013_jpg.rf.d9e8eb62df07c7dc278bdaf127960b0a.jpg,train,confused,bigdata_confused_engaged_muhdaryadn_00_1773299196116_020_jpg.rf.87207fb06374305b998e7ad452818394.jpg,test,confused,0,2
bigdata_confused_engaged_muhdaryadn_00_1773299192510_014_jpg.rf.4e896d323f2ff905b992e0fc377f1982.jpg,train,confused,bigdata_confused_engaged_muhdaryadn_00_1773299194345_016_jpg.rf.fa7f9050d87d5624d1abb169512baa6f.jpg,test,confused,0,2
bigdata_confused_engaged_muhdaryadn_00_1773299192510_014_jpg.rf.4e896d323f2ff905b992e0fc377f1982.jpg,train,confused,bigdata_confused_engaged_muhdaryadn_00_1773299196116_020_jpg.rf.87207fb06374305b998e7ad452818394.jpg,test,confused,0,2
bigdata_confused_engaged_muhdaryadn_00_1773299194344_015_jpg.rf.9091706f11818b0c3c022d3e46a02d46.jpg,train,confused,bigdata_confused_engaged_muhdaryadn_00_1773299194345_016_jpg.rf.fa7f9050d87d5624d1abb169512baa6f.jpg,test,confused,0,0
bigdata_confused_engaged_muhdaryadn_00_1773299194344_015_jpg.rf.9091706f11818b0c3c022d3e46a02d46.jpg,train,confused,bigdata_confused_engaged_muhdaryadn_00_1773299196116_020_jpg.rf.87207fb06374305b998e7ad452818394.jpg,test,confused,0,2
bigdata_confused_engaged_muhdaryadn_00_1773299194345_017_jpg.rf.4328d9e49e4169cc624d96cdd2bade30.jpg,train,confused,bigdata_confused_engaged_muhdaryadn_00_1773299194345_016_jpg.rf.fa7f9050d87d5624d1abb169512baa6f.jpg,test,confused,0,0
bigdata_confused_engaged_muhdaryadn_00_1773299194345_017_jpg.rf.4328d9e49e4169cc624d96cdd2bade30.jpg,train,confused,bigdata_confused_engaged_muhdaryadn_00_1773299196116_020_jpg.rf.87207fb06374305b998e7ad452818394.jpg,test,confused,0,2
bigdata_confused_engaged_muhdaryadn_00_1773299194345_018_jpg.rf.03fad168c289f97fb037ae66b58d06ed.jpg,train,confused,bigdata_confused_engaged_muhdaryadn_00_1773299194345_016_jpg.rf.fa7f9050d87d5624d1abb169512baa6f.jpg,test,confused,0,0
bigdata_confused_engaged_muhdaryadn_00_1773299194345_018_jpg.rf.03fad168c289f97fb037ae66b58d06ed.jpg,train,confused,bigdata_confused_engaged_muhdaryadn_00_1773299196116_020_jpg.rf.87207fb06374305b998e7ad452818394.jpg,test,confused,0,2
bigdata_confused_engaged_muhdaryadn_00_1773299194345_019_jpg.rf.e5d8f9c68d718e0a038fe946d3e660a0.jpg,train,confused,bigdata_confused_engaged_muhdaryadn_00_1773299194345_016_jpg.rf.fa7f9050d87d5624d1abb169512baa6f.jpg,test,confused,0,2
bigdata_confused_engaged_muhdaryadn_00_1773299194345_019_jpg.rf.e5d8f9c68d718e0a038fe946d3e660a0.jpg,train,confused,bigdata_confused_engaged_muhdaryadn_00_1773299196116_020_jpg.rf.87207fb06374305b998e7ad452818394.jpg,test,confused,0,0
bigdata_confused_engaged_muhdaryadn_00_1773299196116_021_jpg.rf.fc92e575ac2844058423b9302037fc44.jpg,train,confused,bigdata_confused_engaged_muhdaryadn_00_1773299194345_016_jpg.rf.fa7f9050d87d5624d1abb169512baa6f.jpg,test,confused,1,2
bigdata_confused_engaged_muhdaryadn_00_1773299196116_021_jpg.rf.fc92e575ac2844058423b9302037fc44.jpg,train,confused,bigdata_confused_engaged_muhdaryadn_00_1773299196116_020_jpg.rf.87207fb06374305b998e7ad452818394.jpg,test,confused,1,4
bigdata_confused_engaged_muhdaryadn_00_1773299196116_022_jpg.rf.196817a4c6ada858265359b0288f450f.jpg,train,confused,bigdata_confused_engaged_muhdaryadn_00_1773299194345_016_jpg.rf.fa7f9050d87d5624d1abb169512baa6f.jpg,test,confused,3,4
bigdata_confused_engaged_muhdaryadn_00_1773299196116_022_jpg.rf.196817a4c6ada858265359b0288f450f.jpg,train,confused,bigdata_confused_engaged_muhdaryadn_00_1773299196116_020_jpg.rf.87207fb06374305b998e7ad452818394.jpg,test,confused,3,4
bigdata_confused_engaged_muhdaryadn_00_1773299196116_023_jpg.rf.a2a54eb733b36c4efb59d50177053292.jpg,train,confused,bigdata_confused_engaged_muhdaryadn_00_1773299194345_016_jpg.rf.fa7f9050d87d5624d1abb169512baa6f.jpg,test,confused,3,4
bigdata_confused_engaged_muhdaryadn_00_1773299196116_023_jpg.rf.a2a54eb733b36c4efb59d50177053292.jpg,train,confused,bigdata_confused_engaged_muhdaryadn_00_1773299196116_020_jpg.rf.87207fb06374305b998e7ad452818394.jpg,test,confused,3,4
bigdata_confused_engaged_nabielrafi_73_1773300486946_004_jpg.rf.033d29ccb01aaede6dd114503ec79188.jpg,train,confused,bigdata_confused_engaged_nabielrafi_73_1773300487959_005_jpg.rf.bde60e6603716fffaaccda12074e7159.jpg,test,confused,4,4
bigdata_confused_engaged_nabielrafi_73_1773300487959_006_jpg.rf.5700dab37962ff4736ecb28cae74bb0c.jpg,train,confused,bigdata_confused_engaged_nabielrafi_73_1773300487959_005_jpg.rf.bde60e6603716fffaaccda12074e7159.jpg,test,confused,4,2
bigdata_confused_engaged_nabielrafi_73_1773300487959_007_jpg.rf.6a537a418dedcec8495eeaa62329e4f2.jpg,train,confused,bigdata_confused_engaged_nabielrafi_73_1773300487959_005_jpg.rf.bde60e6603716fffaaccda12074e7159.jpg,test,confused,3,6
bigdata_confused_engaged_nabielrafi_73_1773300487959_009_jpg.rf.0dc1cb7b68528ba0b32452cdc19f163b.jpg,train,confused,bigdata_confused_engaged_nabielrafi_73_1773300487959_005_jpg.rf.bde60e6603716fffaaccda12074e7159.jpg,test,confused,1,6
bigdata_confused_engaged_nabielrafi_73_1773300487959_009_jpg.rf.0dc1cb7b68528ba0b32452cdc19f163b.jpg,train,confused,bigdata_confused_engaged_nabielrafi_73_1773300490373_020_jpg.rf.824395371a555b29ff2c08acaae078d9.jpg,test,confused,4,4
bigdata_confused_engaged_nabielrafi_73_1773300490373_021_jpg.rf.6831bf62081e326e01100542a5449293.jpg,train,confused,bigdata_confused_engaged_nabielrafi_73_1773300487959_005_jpg.rf.bde60e6603716fffaaccda12074e7159.jpg,test,confused,3,4
bigdata_confused_engaged_nabielrafi_73_1773300490373_021_jpg.rf.6831bf62081e326e01100542a5449293.jpg,train,confused,bigdata_confused_engaged_nabielrafi_73_1773300490373_020_jpg.rf.824395371a555b29ff2c08acaae078d9.jpg,test,confused,2,0
bigdata_confused_engaged_nabielrafi_73_1773300490373_022_jpg.rf.ce3ebe4db3a46ae1aebd3ea20b5940aa.jpg,train,confused,bigdata_confused_engaged_nabielrafi_73_1773300487959_005_jpg.rf.bde60e6603716fffaaccda12074e7159.jpg,test,confused,2,4
bigdata_confused_engaged_nabielrafi_73_1773300490373_022_jpg.rf.ce3ebe4db3a46ae1aebd3ea20b5940aa.jpg,train,confused,bigdata_confused_engaged_nabielrafi_73_1773300490373_020_jpg.rf.824395371a555b29ff2c08acaae078d9.jpg,test,confused,3,0
bigdata_confused_engaged_nabielrafi_73_1773300490373_023_jpg.rf.d6b185a7a4a1d21bed1a6e850379bdb5.jpg,train,confused,bigdata_confused_engaged_nabielrafi_73_1773300487959_005_jpg.rf.bde60e6603716fffaaccda12074e7159.jpg,test,confused,2,6
bigdata_confused_engaged_nabielrafi_73_1773300490373_023_jpg.rf.d6b185a7a4a1d21bed1a6e850379bdb5.jpg,train,confused,bigdata_confused_engaged_nabielrafi_73_1773300490373_020_jpg.rf.824395371a555b29ff2c08acaae078d9.jpg,test,confused,3,2
bigdata_confused_engaged_nian_74_1774481787071_001_jpg.rf.5031bd0afe2e078bc2ffcaa51355f0a3.jpg,train,confused,bigdata_confused_engaged_nian_74_1774481787071_004_jpg.rf.8aa51a80f8470b5c7eeac39b14e93a90.jpg,test,confused,4,2
bigdata_confused_engaged_nian_74_1774481787071_001_jpg.rf.5031bd0afe2e078bc2ffcaa51355f0a3.jpg,train,confused,bigdata_confused_engaged_nian_74_1774481787589_005_jpg.rf.053d7d102ed53ec59ebf1b14cabdae0d.jpg,test,confused,4,2
bigdata_confused_engaged_nian_74_1774481787071_002_jpg.rf.9d97afad4dc9cc43bfe99746e5f1ce93.jpg,train,confused,bigdata_confused_engaged_nian_74_1774481787071_004_jpg.rf.8aa51a80f8470b5c7eeac39b14e93a90.jpg,test,confused,4,2
bigdata_confused_engaged_nian_74_1774481787071_002_jpg.rf.9d97afad4dc9cc43bfe99746e5f1ce93.jpg,train,confused,bigdata_confused_engaged_nian_74_1774481787589_005_jpg.rf.053d7d102ed53ec59ebf1b14cabdae0d.jpg,test,confused,4,2
bigdata_confused_engaged_nian_74_1774481787071_003_jpg.rf.511aa6b127c552063b0f01b101f4d357.jpg,train,confused,bigdata_confused_engaged_nian_74_1774481787071_004_jpg.rf.8aa51a80f8470b5c7eeac39b14e93a90.jpg,test,confused,2,0
bigdata_confused_engaged_nian_74_1774481787071_003_jpg.rf.511aa6b127c552063b0f01b101f4d357.jpg,train,confused,bigdata_confused_engaged_nian_74_1774481787589_005_jpg.rf.053d7d102ed53ec59ebf1b14cabdae0d.jpg,test,confused,2,0
bigdata_confused_engaged_nian_74_1774481787071_003_jpg.rf.511aa6b127c552063b0f01b101f4d357.jpg,train,confused,bigdata_confused_engaged_nian_74_1774481788145_011_jpg.rf.2ab8b10c1e38083912f40165a66aa40a.jpg,test,confused,3,6
bigdata_confused_engaged_nian_74_1774481787071_003_jpg.rf.511aa6b127c552063b0f01b101f4d357.jpg,train,confused,bigdata_confused_engaged_nian_74_1774481788145_013_jpg.rf.112dd2d6bf2ca011a3d41bf92b6bee30.jpg,test,confused,4,6
bigdata_confused_engaged_nian_74_1774481787589_006_jpg.rf.267b3e3c02d92fa01d1686bb0304ea86.jpg,train,confused,bigdata_confused_engaged_nian_74_1774481787071_004_jpg.rf.8aa51a80f8470b5c7eeac39b14e93a90.jpg,test,confused,0,0
bigdata_confused_engaged_nian_74_1774481787589_006_jpg.rf.267b3e3c02d92fa01d1686bb0304ea86.jpg,train,confused,bigdata_confused_engaged_nian_74_1774481787589_005_jpg.rf.053d7d102ed53ec59ebf1b14cabdae0d.jpg,test,confused,2,0
bigdata_confused_engaged_nian_74_1774481787589_006_jpg.rf.267b3e3c02d92fa01d1686bb0304ea86.jpg,train,confused,bigdata_confused_engaged_nian_74_1774481788145_011_jpg.rf.2ab8b10c1e38083912f40165a66aa40a.jpg,test,confused,3,6
bigdata_confused_engaged_nian_74_1774481787589_006_jpg.rf.267b3e3c02d92fa01d1686bb0304ea86.jpg,train,confused,bigdata_confused_engaged_nian_74_1774481788145_013_jpg.rf.112dd2d6bf2ca011a3d41bf92b6bee30.jpg,test,confused,4,6
bigdata_confused_engaged_nian_74_1774481787589_007_jpg.rf.fd80c5e752dc4c4e43d9346ea8cd8f38.jpg,train,confused,bigdata_confused_engaged_nian_74_1774481787071_004_jpg.rf.8aa51a80f8470b5c7eeac39b14e93a90.jpg,test,confused,3,2
bigdata_confused_engaged_nian_74_1774481787589_007_jpg.rf.fd80c5e752dc4c4e43d9346ea8cd8f38.jpg,train,confused,bigdata_confused_engaged_nian_74_1774481787589_005_jpg.rf.053d7d102ed53ec59ebf1b14cabdae0d.jpg,test,confused,3,2
bigdata_confused_engaged_nian_74_1774481787589_007_jpg.rf.fd80c5e752dc4c4e43d9346ea8cd8f38.jpg,train,confused,bigdata_confused_engaged_nian_74_1774481788145_011_jpg.rf.2ab8b10c1e38083912f40165a66aa40a.jpg,test,confused,2,4
bigdata_confused_engaged_nian_74_1774481787589_007_jpg.rf.fd80c5e752dc4c4e43d9346ea8cd8f38.jpg,train,confused,bigdata_confused_engaged_nian_74_1774481788145_013_jpg.rf.112dd2d6bf2ca011a3d41bf92b6bee30.jpg,test,confused,3,4
bigdata_confused_engaged_nian_74_1774481787589_009_jpg.rf.a03506e5a0f89ad5b0fa25a652c85790.jpg,train,confused,bigdata_confused_engaged_nian_74_1774481787071_004_jpg.rf.8aa51a80f8470b5c7eeac39b14e93a90.jpg,test,confused,2,4
bigdata_confused_engaged_nian_74_1774481787589_009_jpg.rf.a03506e5a0f89ad5b0fa25a652c85790.jpg,train,confused,bigdata_confused_engaged_nian_74_1774481787589_005_jpg.rf.053d7d102ed53ec59ebf1b14cabdae0d.jpg,test,confused,2,4
bigdata_confused_engaged_nian_74_1774481787589_009_jpg.rf.a03506e5a0f89ad5b0fa25a652c85790.jpg,train,confused,bigdata_confused_engaged_nian_74_1774481788145_011_jpg.rf.2ab8b10c1e38083912f40165a66aa40a.jpg,test,confused,1,2
bigdata_confused_engaged_nian_74_1774481787589_009_jpg.rf.a03506e5a0f89ad5b0fa25a652c85790.jpg,train,confused,bigdata_confused_engaged_nian_74_1774481788145_013_jpg.rf.112dd2d6bf2ca011a3d41bf92b6bee30.jpg,test,confused,2,2
bigdata_confused_engaged_nian_74_1774481788145_010_jpg.rf.50b843e614231abcb77027c09fcdb51d.jpg,train,confused,bigdata_confused_engaged_nian_74_1774481787071_004_jpg.rf.8aa51a80f8470b5c7eeac39b14e93a90.jpg,test,confused,2,6
bigdata_confused_engaged_nian_74_1774481788145_010_jpg.rf.50b843e614231abcb77027c09fcdb51d.jpg,train,confused,bigdata_confused_engaged_nian_74_1774481787589_005_jpg.rf.053d7d102ed53ec59ebf1b14cabdae0d.jpg,test,confused,2,6
bigdata_confused_engaged_nian_74_1774481788145_010_jpg.rf.50b843e614231abcb77027c09fcdb51d.jpg,train,confused,bigdata_confused_engaged_nian_74_1774481788145_011_jpg.rf.2ab8b10c1e38083912f40165a66aa40a.jpg,test,confused,1,4
bigdata_confused_engaged_nian_74_1774481788145_010_jpg.rf.50b843e614231abcb77027c09fcdb51d.jpg,train,confused,bigdata_confused_engaged_nian_74_1774481788145_013_jpg.rf.112dd2d6bf2ca011a3d41bf92b6bee30.jpg,test,confused,2,4
bigdata_confused_engaged_nian_74_1774481788145_012_jpg.rf.31c669d29b45886e7d50f20147b5ea4b.jpg,train,confused,bigdata_confused_engaged_nian_74_1774481787071_004_jpg.rf.8aa51a80f8470b5c7eeac39b14e93a90.jpg,test,confused,2,6
bigdata_confused_engaged_nian_74_1774481788145_012_jpg.rf.31c669d29b45886e7d50f20147b5ea4b.jpg,train,confused,bigdata_confused_engaged_nian_74_1774481787589_005_jpg.rf.053d7d102ed53ec59ebf1b14cabdae0d.jpg,test,confused,2,6
bigdata_confused_engaged_nian_74_1774481788145_012_jpg.rf.31c669d29b45886e7d50f20147b5ea4b.jpg,train,confused,bigdata_confused_engaged_nian_74_1774481788145_011_jpg.rf.2ab8b10c1e38083912f40165a66aa40a.jpg,test,confused,1,0
bigdata_confused_engaged_nian_74_1774481788145_012_jpg.rf.31c669d29b45886e7d50f20147b5ea4b.jpg,train,confused,bigdata_confused_engaged_nian_74_1774481788145_013_jpg.rf.112dd2d6bf2ca011a3d41bf92b6bee30.jpg,test,confused,2,0
bigdata_confused_engaged_nian_74_1774481788145_014_jpg.rf.340b96ee95a41e6cbffa6699c4778b45.jpg,train,confused,bigdata_confused_engaged_nian_74_1774481787071_004_jpg.rf.8aa51a80f8470b5c7eeac39b14e93a90.jpg,test,confused,4,6
bigdata_confused_engaged_nian_74_1774481788145_014_jpg.rf.340b96ee95a41e6cbffa6699c4778b45.jpg,train,confused,bigdata_confused_engaged_nian_74_1774481787589_005_jpg.rf.053d7d102ed53ec59ebf1b14cabdae0d.jpg,test,confused,2,6
bigdata_confused_engaged_nian_74_1774481788145_014_jpg.rf.340b96ee95a41e6cbffa6699c4778b45.jpg,train,confused,bigdata_confused_engaged_nian_74_1774481788145_011_jpg.rf.2ab8b10c1e38083912f40165a66aa40a.jpg,test,confused,1,0
bigdata_confused_engaged_nian_74_1774481788145_014_jpg.rf.340b96ee95a41e6cbffa6699c4778b45.jpg,train,confused,bigdata_confused_engaged_nian_74_1774481788145_013_jpg.rf.112dd2d6bf2ca011a3d41bf92b6bee30.jpg,test,confused,2,0
bigdata_confused_engaged_nian_74_1774481788667_015_jpg.rf.968a8f3dfb83f0e10395996ca0336eb8.jpg,train,confused,bigdata_confused_engaged_nian_74_1774481787071_004_jpg.rf.8aa51a80f8470b5c7eeac39b14e93a90.jpg,test,confused,4,6
bigdata_confused_engaged_nian_74_1774481788667_015_jpg.rf.968a8f3dfb83f0e10395996ca0336eb8.jpg,train,confused,bigdata_confused_engaged_nian_74_1774481787589_005_jpg.rf.053d7d102ed53ec59ebf1b14cabdae0d.jpg,test,confused,4,6
bigdata_confused_engaged_nian_74_1774481788667_015_jpg.rf.968a8f3dfb83f0e10395996ca0336eb8.jpg,train,confused,bigdata_confused_engaged_nian_74_1774481788145_011_jpg.rf.2ab8b10c1e38083912f40165a66aa40a.jpg,test,confused,1,0
bigdata_confused_engaged_nian_74_1774481788667_015_jpg.rf.968a8f3dfb83f0e10395996ca0336eb8.jpg,train,confused,bigdata_confused_engaged_nian_74_1774481788145_013_jpg.rf.112dd2d6bf2ca011a3d41bf92b6bee30.jpg,test,confused,0,0
bigdata_confused_engaged_nian_74_1774481788667_016_jpg.rf.0e7c124c586416bf7dcf57bc437516e9.jpg,train,confused,bigdata_confused_engaged_nian_74_1774481787071_004_jpg.rf.8aa51a80f8470b5c7eeac39b14e93a90.jpg,test,confused,3,6
bigdata_confused_engaged_nian_74_1774481788667_016_jpg.rf.0e7c124c586416bf7dcf57bc437516e9.jpg,train,confused,bigdata_confused_engaged_nian_74_1774481787589_005_jpg.rf.053d7d102ed53ec59ebf1b14cabdae0d.jpg,test,confused,5,6
bigdata_confused_engaged_nian_74_1774481788667_016_jpg.rf.0e7c124c586416bf7dcf57bc437516e9.jpg,train,confused,bigdata_confused_engaged_nian_74_1774481788145_011_jpg.rf.2ab8b10c1e38083912f40165a66aa40a.jpg,test,confused,2,4
bigdata_confused_engaged_nian_74_1774481788667_016_jpg.rf.0e7c124c586416bf7dcf57bc437516e9.jpg,train,confused,bigdata_confused_engaged_nian_74_1774481788145_013_jpg.rf.112dd2d6bf2ca011a3d41bf92b6bee30.jpg,test,confused,1,4
bigdata_confused_engaged_nian_74_1774481788667_017_jpg.rf.38d40d7291cf73e84dfbdb4ed5d4594e.jpg,train,confused,bigdata_confused_engaged_nian_74_1774481788667_018_jpg.rf.d4722fd1efbbb3791dad3d0ebe2ad79e.jpg,test,confused,2,2
bigdata_confused_engaged_nian_74_1774481788667_019_jpg.rf.1f2a1b631df6b475b04f4351b013e40f.jpg,train,confused,bigdata_confused_engaged_nian_74_1774481788667_018_jpg.rf.d4722fd1efbbb3791dad3d0ebe2ad79e.jpg,test,confused,1,2
bigdata_confused_engaged_nian_74_1774481789153_020_jpg.rf.17f5af08f264263f559656243c092e96.jpg,train,confused,bigdata_confused_engaged_nian_74_1774481788667_018_jpg.rf.d4722fd1efbbb3791dad3d0ebe2ad79e.jpg,test,confused,2,2
bigdata_confused_engaged_nian_74_1774481789153_021_jpg.rf.a77ec3bd7f0afa85fd2e37ba47443409.jpg,train,confused,bigdata_confused_engaged_nian_74_1774481788667_018_jpg.rf.d4722fd1efbbb3791dad3d0ebe2ad79e.jpg,test,confused,1,2
bigdata_confused_engaged_nian_74_1774481789153_022_jpg.rf.20170729b24387edba5178649813d8b1.jpg,train,confused,bigdata_confused_engaged_nian_74_1774481788145_011_jpg.rf.2ab8b10c1e38083912f40165a66aa40a.jpg,test,confused,1,4
bigdata_confused_engaged_nian_74_1774481789153_022_jpg.rf.20170729b24387edba5178649813d8b1.jpg,train,confused,bigdata_confused_engaged_nian_74_1774481788145_013_jpg.rf.112dd2d6bf2ca011a3d41bf92b6bee30.jpg,test,confused,0,4
bigdata_confused_engaged_nian_74_1774481789153_022_jpg.rf.20170729b24387edba5178649813d8b1.jpg,train,confused,bigdata_confused_engaged_nian_74_1774481788667_018_jpg.rf.d4722fd1efbbb3791dad3d0ebe2ad79e.jpg,test,confused,5,4
bigdata_confused_engaged_nian_74_1774481789153_023_jpg.rf.3cf41a4dd40daf069047be56b87a0784.jpg,train,confused,bigdata_confused_engaged_nian_74_1774481787071_004_jpg.rf.8aa51a80f8470b5c7eeac39b14e93a90.jpg,test,confused,5,6
bigdata_confused_engaged_nian_74_1774481789153_023_jpg.rf.3cf41a4dd40daf069047be56b87a0784.jpg,train,confused,bigdata_confused_engaged_nian_74_1774481787589_005_jpg.rf.053d7d102ed53ec59ebf1b14cabdae0d.jpg,test,confused,5,6
bigdata_confused_engaged_nian_74_1774481789153_023_jpg.rf.3cf41a4dd40daf069047be56b87a0784.jpg,train,confused,bigdata_confused_engaged_nian_74_1774481788145_011_jpg.rf.2ab8b10c1e38083912f40165a66aa40a.jpg,test,confused,2,4
bigdata_confused_engaged_nian_74_1774481789153_023_jpg.rf.3cf41a4dd40daf069047be56b87a0784.jpg,train,confused,bigdata_confused_engaged_nian_74_1774481788145_013_jpg.rf.112dd2d6bf2ca011a3d41bf92b6bee30.jpg,test,confused,1,4
bigdata_confused_engaged_nian_74_1774481789153_023_jpg.rf.3cf41a4dd40daf069047be56b87a0784.jpg,train,confused,bigdata_confused_engaged_nian_74_1774481788667_018_jpg.rf.d4722fd1efbbb3791dad3d0ebe2ad79e.jpg,test,confused,4,4
bigdata_confused_engaged_sultanbudi_44_1773299427088_011_jpg.rf.66a942823499c3c342431dd5bfeab473.jpg,train,confused,bigdata_confused_engaged_sultanbudi_44_1773299427596_015_jpg.rf.bb68288bef75f4941a8aa1e0020daf6e.jpg,test,confused,4,4
bigdata_confused_engaged_sultanbudi_44_1773299427088_011_jpg.rf.66a942823499c3c342431dd5bfeab473.jpg,train,confused,bigdata_confused_engaged_sultanbudi_44_1773299428051_021_jpg.rf.cd751c67215009792ee3acafd1ad98c6.jpg,test,confused,5,4
bigdata_confused_engaged_sultanbudi_44_1773299427088_012_jpg.rf.572f19ddc6a37b7f4035b3ad2c7c2874.jpg,train,confused,bigdata_confused_engaged_sultanbudi_44_1773299427596_015_jpg.rf.bb68288bef75f4941a8aa1e0020daf6e.jpg,test,confused,4,4
bigdata_confused_engaged_sultanbudi_44_1773299427088_013_jpg.rf.dc8178b7867322a30ea2f9ee0258fcf0.jpg,train,confused,bigdata_confused_engaged_sultanbudi_44_1773299427596_015_jpg.rf.bb68288bef75f4941a8aa1e0020daf6e.jpg,test,confused,4,4
bigdata_confused_engaged_sultanbudi_44_1773299427088_014_jpg.rf.4f4c07800c54abb3d65eb19f7070b7f8.jpg,train,confused,bigdata_confused_engaged_sultanbudi_44_1773299427596_015_jpg.rf.bb68288bef75f4941a8aa1e0020daf6e.jpg,test,confused,1,2
bigdata_confused_engaged_sultanbudi_44_1773299427596_016_jpg.rf.c19b232d527eb0049eec2797aa44e568.jpg,train,confused,bigdata_confused_engaged_sultanbudi_44_1773299427596_015_jpg.rf.bb68288bef75f4941a8aa1e0020daf6e.jpg,test,confused,0,4
bigdata_confused_engaged_sultanbudi_44_1773299427596_017_jpg.rf.eac0e3932f23014fd3289a7062b9daed.jpg,train,confused,bigdata_confused_engaged_sultanbudi_44_1773299427596_015_jpg.rf.bb68288bef75f4941a8aa1e0020daf6e.jpg,test,confused,1,2
bigdata_confused_engaged_sultanbudi_44_1773299427596_018_jpg.rf.f78f83037ea1c4b67f4d479fd9a0830f.jpg,train,confused,bigdata_confused_engaged_sultanbudi_44_1773299427596_015_jpg.rf.bb68288bef75f4941a8aa1e0020daf6e.jpg,test,confused,5,2
bigdata_confused_engaged_sultanbudi_44_1773299427596_018_jpg.rf.f78f83037ea1c4b67f4d479fd9a0830f.jpg,train,confused,bigdata_confused_engaged_sultanbudi_44_1773299428051_021_jpg.rf.cd751c67215009792ee3acafd1ad98c6.jpg,test,confused,2,2
bigdata_confused_engaged_sultanbudi_44_1773299427596_019_jpg.rf.a5700a6d70a046cd5b2638946bed9f22.jpg,train,confused,bigdata_confused_engaged_sultanbudi_44_1773299428051_021_jpg.rf.cd751c67215009792ee3acafd1ad98c6.jpg,test,confused,5,4
bigdata_confused_engaged_sultanbudi_44_1773299428051_020_jpg.rf.290b1231ff1562554e112589598fb49a.jpg,train,confused,bigdata_confused_engaged_sultanbudi_44_1773299428051_021_jpg.rf.cd751c67215009792ee3acafd1ad98c6.jpg,test,confused,5,2
bigdata_confused_engaged_sultanbudi_44_1773299428051_022_jpg.rf.74cb352a79bb23114d9bafb6b38b1cbf.jpg,train,confused,bigdata_confused_engaged_sultanbudi_44_1773299428051_021_jpg.rf.cd751c67215009792ee3acafd1ad98c6.jpg,test,confused,3,4
bigdata_engaged_aksan_50_1773299595088_000_jpg.rf.99d591a0afa6fc843fdea7d63859f828.jpg,train,engaged,bigdata_engaged_aksan_50_1773299598115_015_jpg.rf.b9ffa9a19f6af55dde5cabbb3fd535c5.jpg,test,engaged,3,6
bigdata_engaged_aksan_50_1773299595088_000_jpg.rf.99d591a0afa6fc843fdea7d63859f828.jpg,train,engaged,bigdata_engaged_aksan_50_1773299598115_017_jpg.rf.107be64a729adc57e6383c3a67df377f.jpg,test,engaged,2,6
bigdata_engaged_aksan_50_1773299595088_000_jpg.rf.99d591a0afa6fc843fdea7d63859f828.jpg,train,engaged,bigdata_engaged_aksan_50_1773299598680_021_jpg.rf.30d9935016b12895ed2f5131eece7152.jpg,test,engaged,3,4
bigdata_engaged_aksan_50_1773299595089_001_jpg.rf.13bfdedf2feebe69a527e7b796ad713e.jpg,train,engaged,bigdata_engaged_aksan_50_1773299598680_021_jpg.rf.30d9935016b12895ed2f5131eece7152.jpg,test,engaged,4,6
bigdata_engaged_aksan_50_1773299595089_002_jpg.rf.3c1fc523e2b12207f7bc8bb71c31bf96.jpg,train,engaged,bigdata_engaged_aksan_50_1773299598680_021_jpg.rf.30d9935016b12895ed2f5131eece7152.jpg,test,engaged,4,6
bigdata_engaged_aksan_50_1773299595089_003_jpg.rf.ea5555c6cbfc47e3adde6b3f04babc3c.jpg,train,engaged,bigdata_engaged_aksan_50_1773299598680_021_jpg.rf.30d9935016b12895ed2f5131eece7152.jpg,test,engaged,5,6
bigdata_engaged_aksan_50_1773299595089_004_jpg.rf.2fb99293fb772581c278a804ae65cf16.jpg,train,engaged,bigdata_engaged_aksan_50_1773299598680_021_jpg.rf.30d9935016b12895ed2f5131eece7152.jpg,test,engaged,5,6
bigdata_engaged_aksan_50_1773299596388_005_jpg.rf.42df5e76376a22e7b3fed837e1063510.jpg,train,engaged,bigdata_engaged_aksan_50_1773299598115_015_jpg.rf.b9ffa9a19f6af55dde5cabbb3fd535c5.jpg,test,engaged,5,6
bigdata_engaged_aksan_50_1773299596392_006_jpg.rf.2d3e67d7009fd18c12b18b84d46289ad.jpg,train,engaged,bigdata_engaged_aksan_50_1773299598115_015_jpg.rf.b9ffa9a19f6af55dde5cabbb3fd535c5.jpg,test,engaged,2,6
bigdata_engaged_aksan_50_1773299596392_008_jpg.rf.f493415fe476dedf1f4ec437402640eb.jpg,train,engaged,bigdata_engaged_aksan_50_1773299598115_015_jpg.rf.b9ffa9a19f6af55dde5cabbb3fd535c5.jpg,test,engaged,1,4
bigdata_engaged_aksan_50_1773299596392_008_jpg.rf.f493415fe476dedf1f4ec437402640eb.jpg,train,engaged,bigdata_engaged_aksan_50_1773299598115_017_jpg.rf.107be64a729adc57e6383c3a67df377f.jpg,test,engaged,0,6
bigdata_engaged_aksan_50_1773299596392_008_jpg.rf.f493415fe476dedf1f4ec437402640eb.jpg,train,engaged,bigdata_engaged_aksan_50_1773299598680_021_jpg.rf.30d9935016b12895ed2f5131eece7152.jpg,test,engaged,1,6
bigdata_engaged_aksan_50_1773299596393_009_jpg.rf.e0d0377b7d5aa2825f8b79274b2fe38c.jpg,train,engaged,bigdata_engaged_aksan_50_1773299598115_015_jpg.rf.b9ffa9a19f6af55dde5cabbb3fd535c5.jpg,test,engaged,2,6
bigdata_engaged_aksan_50_1773299596393_009_jpg.rf.e0d0377b7d5aa2825f8b79274b2fe38c.jpg,train,engaged,bigdata_engaged_aksan_50_1773299598115_017_jpg.rf.107be64a729adc57e6383c3a67df377f.jpg,test,engaged,1,4
bigdata_engaged_aksan_50_1773299596393_009_jpg.rf.e0d0377b7d5aa2825f8b79274b2fe38c.jpg,train,engaged,bigdata_engaged_aksan_50_1773299598680_021_jpg.rf.30d9935016b12895ed2f5131eece7152.jpg,test,engaged,2,4
bigdata_engaged_aksan_50_1773299597324_010_jpg.rf.ee7b327d4bb76f7030c8503137bc2d35.jpg,train,engaged,bigdata_engaged_aksan_50_1773299598115_015_jpg.rf.b9ffa9a19f6af55dde5cabbb3fd535c5.jpg,test,engaged,1,6
bigdata_engaged_aksan_50_1773299597324_010_jpg.rf.ee7b327d4bb76f7030c8503137bc2d35.jpg,train,engaged,bigdata_engaged_aksan_50_1773299598115_017_jpg.rf.107be64a729adc57e6383c3a67df377f.jpg,test,engaged,0,4
bigdata_engaged_aksan_50_1773299597324_010_jpg.rf.ee7b327d4bb76f7030c8503137bc2d35.jpg,train,engaged,bigdata_engaged_aksan_50_1773299598680_021_jpg.rf.30d9935016b12895ed2f5131eece7152.jpg,test,engaged,1,4
bigdata_engaged_aksan_50_1773299597324_012_jpg.rf.e25d0c4a83d3472e3f6c1af74e79f4c4.jpg,train,engaged,bigdata_engaged_aksan_50_1773299598115_015_jpg.rf.b9ffa9a19f6af55dde5cabbb3fd535c5.jpg,test,engaged,1,2
bigdata_engaged_aksan_50_1773299597324_012_jpg.rf.e25d0c4a83d3472e3f6c1af74e79f4c4.jpg,train,engaged,bigdata_engaged_aksan_50_1773299598115_017_jpg.rf.107be64a729adc57e6383c3a67df377f.jpg,test,engaged,2,4
bigdata_engaged_aksan_50_1773299597324_012_jpg.rf.e25d0c4a83d3472e3f6c1af74e79f4c4.jpg,train,engaged,bigdata_engaged_aksan_50_1773299598680_021_jpg.rf.30d9935016b12895ed2f5131eece7152.jpg,test,engaged,3,4
bigdata_engaged_aksan_50_1773299597324_013_jpg.rf.0c508146be595e14db0361f237dc1764.jpg,train,engaged,bigdata_engaged_aksan_50_1773299598115_015_jpg.rf.b9ffa9a19f6af55dde5cabbb3fd535c5.jpg,test,engaged,0,4
bigdata_engaged_aksan_50_1773299597324_013_jpg.rf.0c508146be595e14db0361f237dc1764.jpg,train,engaged,bigdata_engaged_aksan_50_1773299598115_017_jpg.rf.107be64a729adc57e6383c3a67df377f.jpg,test,engaged,1,4
bigdata_engaged_aksan_50_1773299597324_013_jpg.rf.0c508146be595e14db0361f237dc1764.jpg,train,engaged,bigdata_engaged_aksan_50_1773299598680_021_jpg.rf.30d9935016b12895ed2f5131eece7152.jpg,test,engaged,2,4
bigdata_engaged_aksan_50_1773299597324_014_jpg.rf.74fc993d32f680ed09281ca64b88770e.jpg,train,engaged,bigdata_engaged_aksan_50_1773299598115_015_jpg.rf.b9ffa9a19f6af55dde5cabbb3fd535c5.jpg,test,engaged,0,2
bigdata_engaged_aksan_50_1773299597324_014_jpg.rf.74fc993d32f680ed09281ca64b88770e.jpg,train,engaged,bigdata_engaged_aksan_50_1773299598115_017_jpg.rf.107be64a729adc57e6383c3a67df377f.jpg,test,engaged,1,2
bigdata_engaged_aksan_50_1773299597324_014_jpg.rf.74fc993d32f680ed09281ca64b88770e.jpg,train,engaged,bigdata_engaged_aksan_50_1773299598680_021_jpg.rf.30d9935016b12895ed2f5131eece7152.jpg,test,engaged,2,2
bigdata_engaged_aksan_50_1773299598115_016_jpg.rf.108dba4fa5a5a9a977e53b6a9619c872.jpg,train,engaged,bigdata_engaged_aksan_50_1773299598115_015_jpg.rf.b9ffa9a19f6af55dde5cabbb3fd535c5.jpg,test,engaged,0,0
bigdata_engaged_aksan_50_1773299598115_016_jpg.rf.108dba4fa5a5a9a977e53b6a9619c872.jpg,train,engaged,bigdata_engaged_aksan_50_1773299598115_017_jpg.rf.107be64a729adc57e6383c3a67df377f.jpg,test,engaged,1,2
bigdata_engaged_aksan_50_1773299598115_016_jpg.rf.108dba4fa5a5a9a977e53b6a9619c872.jpg,train,engaged,bigdata_engaged_aksan_50_1773299598680_021_jpg.rf.30d9935016b12895ed2f5131eece7152.jpg,test,engaged,2,4
bigdata_engaged_aksan_50_1773299598115_018_jpg.rf.7041970cca9265060863ac86626e6aae.jpg,train,engaged,bigdata_engaged_aksan_50_1773299598115_015_jpg.rf.b9ffa9a19f6af55dde5cabbb3fd535c5.jpg,test,engaged,2,2
bigdata_engaged_aksan_50_1773299598115_018_jpg.rf.7041970cca9265060863ac86626e6aae.jpg,train,engaged,bigdata_engaged_aksan_50_1773299598115_017_jpg.rf.107be64a729adc57e6383c3a67df377f.jpg,test,engaged,1,0
bigdata_engaged_aksan_50_1773299598115_018_jpg.rf.7041970cca9265060863ac86626e6aae.jpg,train,engaged,bigdata_engaged_aksan_50_1773299598680_021_jpg.rf.30d9935016b12895ed2f5131eece7152.jpg,test,engaged,0,2
bigdata_engaged_aksan_50_1773299598115_019_jpg.rf.cd1a6e210fcaefdc93290531a8a62d83.jpg,train,engaged,bigdata_engaged_aksan_50_1773299598115_015_jpg.rf.b9ffa9a19f6af55dde5cabbb3fd535c5.jpg,test,engaged,2,4
bigdata_engaged_aksan_50_1773299598115_019_jpg.rf.cd1a6e210fcaefdc93290531a8a62d83.jpg,train,engaged,bigdata_engaged_aksan_50_1773299598115_017_jpg.rf.107be64a729adc57e6383c3a67df377f.jpg,test,engaged,1,2
bigdata_engaged_aksan_50_1773299598115_019_jpg.rf.cd1a6e210fcaefdc93290531a8a62d83.jpg,train,engaged,bigdata_engaged_aksan_50_1773299598680_021_jpg.rf.30d9935016b12895ed2f5131eece7152.jpg,test,engaged,0,0
bigdata_engaged_aksan_50_1773299598680_020_jpg.rf.ad98b806c2e297d8c3ec28969a8d1c45.jpg,train,engaged,bigdata_engaged_aksan_50_1773299598115_015_jpg.rf.b9ffa9a19f6af55dde5cabbb3fd535c5.jpg,test,engaged,2,4
bigdata_engaged_aksan_50_1773299598680_020_jpg.rf.ad98b806c2e297d8c3ec28969a8d1c45.jpg,train,engaged,bigdata_engaged_aksan_50_1773299598115_017_jpg.rf.107be64a729adc57e6383c3a67df377f.jpg,test,engaged,1,2
bigdata_engaged_aksan_50_1773299598680_020_jpg.rf.ad98b806c2e297d8c3ec28969a8d1c45.jpg,train,engaged,bigdata_engaged_aksan_50_1773299598680_021_jpg.rf.30d9935016b12895ed2f5131eece7152.jpg,test,engaged,0,0
bigdata_engaged_aksan_50_1773299598680_022_jpg.rf.1d7c53e11449154200fcb40586b3a359.jpg,train,engaged,bigdata_engaged_aksan_50_1773299598115_015_jpg.rf.b9ffa9a19f6af55dde5cabbb3fd535c5.jpg,test,engaged,1,4
bigdata_engaged_aksan_50_1773299598680_022_jpg.rf.1d7c53e11449154200fcb40586b3a359.jpg,train,engaged,bigdata_engaged_aksan_50_1773299598115_017_jpg.rf.107be64a729adc57e6383c3a67df377f.jpg,test,engaged,0,2
bigdata_engaged_aksan_50_1773299598680_022_jpg.rf.1d7c53e11449154200fcb40586b3a359.jpg,train,engaged,bigdata_engaged_aksan_50_1773299598680_021_jpg.rf.30d9935016b12895ed2f5131eece7152.jpg,test,engaged,1,2
bigdata_engaged_aksan_50_1773299598680_023_jpg.rf.83b6f5e20e560fba6d22d918f6fd35ff.jpg,train,engaged,bigdata_engaged_aksan_50_1773299598115_015_jpg.rf.b9ffa9a19f6af55dde5cabbb3fd535c5.jpg,test,engaged,1,4
bigdata_engaged_aksan_50_1773299598680_023_jpg.rf.83b6f5e20e560fba6d22d918f6fd35ff.jpg,train,engaged,bigdata_engaged_aksan_50_1773299598115_017_jpg.rf.107be64a729adc57e6383c3a67df377f.jpg,test,engaged,0,2
bigdata_engaged_aksan_50_1773299598680_023_jpg.rf.83b6f5e20e560fba6d22d918f6fd35ff.jpg,train,engaged,bigdata_engaged_aksan_50_1773299598680_021_jpg.rf.30d9935016b12895ed2f5131eece7152.jpg,test,engaged,1,2
bigdata_engaged_ardiansyah_26_1774441900577_000_jpg.rf.a6ef2727411b55eaad7684b8ceeee541.jpg,train,engaged,bigdata_engaged_ardiansyah_26_1774441903831_017_jpg.rf.f916fb9da95a1fbf341c143e6ab1696b.jpg,test,engaged,3,6
bigdata_engaged_ardiansyah_26_1774441900583_001_jpg.rf.999c7e909a150dca75a63a09cccf0bb2.jpg,train,engaged,bigdata_engaged_ardiansyah_26_1774441903831_017_jpg.rf.f916fb9da95a1fbf341c143e6ab1696b.jpg,test,engaged,5,6
bigdata_engaged_ardiansyah_26_1774441900583_002_jpg.rf.3f5d18f89691ecf79e1a97d444cbb257.jpg,train,engaged,bigdata_engaged_ardiansyah_26_1774441903831_017_jpg.rf.f916fb9da95a1fbf341c143e6ab1696b.jpg,test,engaged,4,6
bigdata_engaged_ardiansyah_26_1774441900583_003_jpg.rf.19a8e4366f75d28162da72765923584a.jpg,train,engaged,bigdata_engaged_ardiansyah_26_1774441903831_017_jpg.rf.f916fb9da95a1fbf341c143e6ab1696b.jpg,test,engaged,4,6
bigdata_engaged_ardiansyah_26_1774441903111_011_jpg.rf.c9cd83a263021dbeee17b9fe858c4042.jpg,train,engaged,bigdata_engaged_ardiansyah_26_1774441903831_017_jpg.rf.f916fb9da95a1fbf341c143e6ab1696b.jpg,test,engaged,4,6
bigdata_engaged_ardiansyah_26_1774441903111_012_jpg.rf.25a7ca18a2685904e467211810c21592.jpg,train,engaged,bigdata_engaged_ardiansyah_26_1774441903831_017_jpg.rf.f916fb9da95a1fbf341c143e6ab1696b.jpg,test,engaged,5,6
bigdata_engaged_ardiansyah_26_1774441903111_013_jpg.rf.ec03ec36b205a16be6d7cae951d6270b.jpg,train,engaged,bigdata_engaged_ardiansyah_26_1774441903831_017_jpg.rf.f916fb9da95a1fbf341c143e6ab1696b.jpg,test,engaged,4,6
bigdata_engaged_ardiansyah_26_1774441903111_014_jpg.rf.e2dc9598dc8d724ea625ea83c9d4d8f2.jpg,train,engaged,bigdata_engaged_ardiansyah_26_1774441903831_017_jpg.rf.f916fb9da95a1fbf341c143e6ab1696b.jpg,test,engaged,3,6
bigdata_engaged_ardiansyah_26_1774441903831_018_jpg.rf.8c8a3daaf75296fe6f72b74588328b73.jpg,train,engaged,bigdata_engaged_ardiansyah_26_1774441903831_017_jpg.rf.f916fb9da95a1fbf341c143e6ab1696b.jpg,test,engaged,4,4
bigdata_engaged_arya_31_1773299330848_013_jpg.rf.6f3e17a67583418a1989d639c991d37f.jpg,train,engaged,bigdata_confused_engaged_arya_31_1773299349998_016_jpg.rf.d66383e2a9f269d82f248b211c6d4e42.jpg,test,confused,4,6
bigdata_engaged_arya_31_1773299330848_014_jpg.rf.2e98a677a07768d3e73c410d510e3bc0.jpg,train,engaged,bigdata_confused_engaged_arya_31_1773299349998_016_jpg.rf.d66383e2a9f269d82f248b211c6d4e42.jpg,test,confused,4,4
bigdata_engaged_arya_31_1773299331568_015_jpg.rf.740017ad722801551829c575c02f5c33.jpg,train,engaged,bigdata_confused_engaged_arya_31_1773299349998_016_jpg.rf.d66383e2a9f269d82f248b211c6d4e42.jpg,test,confused,4,6
bigdata_engaged_arya_31_1773299331568_016_jpg.rf.1ccfd057e52ff3a15fe4872d07460027.jpg,train,engaged,bigdata_confused_engaged_arya_31_1773299349998_016_jpg.rf.d66383e2a9f269d82f248b211c6d4e42.jpg,test,confused,3,6
bigdata_engaged_arya_31_1773299331568_018_jpg.rf.57552e5456003b2b31e5f0e16e820add.jpg,train,engaged,bigdata_confused_engaged_arya_31_1773299349998_016_jpg.rf.d66383e2a9f269d82f248b211c6d4e42.jpg,test,confused,4,6
bigdata_engaged_iann_62_1774442840408_006_jpg.rf.1a1f8cf6b20d683caff46d79a673fc51.jpg,train,engaged,bigdata_engaged_iann_62_1774442840409_007_jpg.rf.da75cde64385ded12257fa863e4f3aa7.jpg,test,engaged,4,4
bigdata_engaged_iann_62_1774442840409_008_jpg.rf.84cfb1166321f6edcda86dffb51ff68f.jpg,train,engaged,bigdata_engaged_iann_62_1774442840409_007_jpg.rf.da75cde64385ded12257fa863e4f3aa7.jpg,test,engaged,1,2
bigdata_engaged_iann_62_1774442841460_015_jpg.rf.eb87e2c1ec5a7a0808314a1215aab13a.jpg,train,engaged,bigdata_engaged_iann_62_1774442841917_021_jpg.rf.3c61d40c4c803fd0a13ccc937d1e2885.jpg,test,engaged,3,6
bigdata_engaged_iann_62_1774442841460_016_jpg.rf.3ffb3729996165ca191304c6d2de0394.jpg,train,engaged,bigdata_engaged_iann_62_1774442841917_021_jpg.rf.3c61d40c4c803fd0a13ccc937d1e2885.jpg,test,engaged,2,4
bigdata_engaged_iann_62_1774442841460_017_jpg.rf.9a8bbff9ca1efb4677198efe7d223511.jpg,train,engaged,bigdata_engaged_iann_62_1774442841917_021_jpg.rf.3c61d40c4c803fd0a13ccc937d1e2885.jpg,test,engaged,2,6
bigdata_engaged_iann_62_1774442841460_018_jpg.rf.c637d9c7579c046a83efd1bdfa3cb9f7.jpg,train,engaged,bigdata_engaged_iann_62_1774442841917_021_jpg.rf.3c61d40c4c803fd0a13ccc937d1e2885.jpg,test,engaged,2,6
bigdata_engaged_iann_62_1774442841461_019_jpg.rf.a5873ac6f5583fc3673143aaf229d487.jpg,train,engaged,bigdata_engaged_iann_62_1774442841917_021_jpg.rf.3c61d40c4c803fd0a13ccc937d1e2885.jpg,test,engaged,2,2
bigdata_engaged_iann_62_1774442841917_020_jpg.rf.3f4d3eedf68905b33a494134a240f1fe.jpg,train,engaged,bigdata_engaged_iann_62_1774442841917_021_jpg.rf.3c61d40c4c803fd0a13ccc937d1e2885.jpg,test,engaged,1,6
bigdata_engaged_iann_62_1774442841917_022_jpg.rf.a1675658ecee5ef465b43ba4d196ac15.jpg,train,engaged,bigdata_engaged_iann_62_1774442841917_021_jpg.rf.3c61d40c4c803fd0a13ccc937d1e2885.jpg,test,engaged,1,4
bigdata_engaged_iann_62_1774442841917_023_jpg.rf.7f69e00516300b57ce4d5560347288ac.jpg,train,engaged,bigdata_engaged_iann_62_1774442841917_021_jpg.rf.3c61d40c4c803fd0a13ccc937d1e2885.jpg,test,engaged,0,4
bigdata_engaged_maguru_36_1774443944410_005_jpg.rf.e262c855ad6e0ab69e9340130a33cf91.jpg,train,engaged,bigdata_engaged_maguru_36_1774443944853_014_jpg.rf.60c0bcec9a1fe66902ad71b3729ab9ab.jpg,test,engaged,4,6
bigdata_engaged_maguru_36_1774443944410_007_jpg.rf.5085a31240093494c2621617c5ed5e19.jpg,train,engaged,bigdata_engaged_maguru_36_1774443944853_014_jpg.rf.60c0bcec9a1fe66902ad71b3729ab9ab.jpg,test,engaged,3,4
bigdata_engaged_maguru_36_1774443944411_009_jpg.rf.5371a5e084782095601c920971f6979e.jpg,train,engaged,bigdata_engaged_maguru_36_1774443944853_014_jpg.rf.60c0bcec9a1fe66902ad71b3729ab9ab.jpg,test,engaged,4,4
bigdata_engaged_maguru_36_1774443944853_010_jpg.rf.2efa074f257525d9e1846c51dcae66f3.jpg,train,engaged,bigdata_engaged_maguru_36_1774443944853_014_jpg.rf.60c0bcec9a1fe66902ad71b3729ab9ab.jpg,test,engaged,5,6
bigdata_engaged_maguru_36_1774443944853_013_jpg.rf.c9cd0cba20fcef4898da7f617b9efad5.jpg,train,engaged,bigdata_engaged_maguru_36_1774443944853_014_jpg.rf.60c0bcec9a1fe66902ad71b3729ab9ab.jpg,test,engaged,3,4
bigdata_engaged_maguru_36_1774443945784_020_jpg.rf.ecc5a641e1f88b16c0170f6258b4060c.jpg,train,engaged,bigdata_engaged_maguru_36_1774443944853_014_jpg.rf.60c0bcec9a1fe66902ad71b3729ab9ab.jpg,test,engaged,2,6
bigdata_engaged_maguru_36_1774443945785_021_jpg.rf.4465ec3f46e12f38c6852a7ead3d3776.jpg,train,engaged,bigdata_engaged_maguru_36_1774443944853_014_jpg.rf.60c0bcec9a1fe66902ad71b3729ab9ab.jpg,test,engaged,1,6
bigdata_engaged_maguru_36_1774443945785_022_jpg.rf.bfffb8cd447344bc10e9f8a73e14dde0.jpg,train,engaged,bigdata_engaged_maguru_36_1774443944853_014_jpg.rf.60c0bcec9a1fe66902ad71b3729ab9ab.jpg,test,engaged,0,4
bigdata_engaged_maguru_36_1774443945785_023_jpg.rf.bc34d4b43c515119f944d792b6c790e9.jpg,train,engaged,bigdata_engaged_maguru_36_1774443944853_014_jpg.rf.60c0bcec9a1fe66902ad71b3729ab9ab.jpg,test,engaged,0,6
bigdata_engaged_nabielrafi_73_1773300457316_001_jpg.rf.a7ef5db987d7ce78c472ee7405ab00de.jpg,train,engaged,bigdata_engaged_nabielrafi_73_1773300462761_012_jpg.rf.a1237e2f904bda07ded9bf1bcb927f34.jpg,test,engaged,5,2
bigdata_engaged_nabielrafi_73_1773300457317_002_jpg.rf.0da49b868198da8af592172dac8b6283.jpg,train,engaged,bigdata_engaged_nabielrafi_73_1773300462761_012_jpg.rf.a1237e2f904bda07ded9bf1bcb927f34.jpg,test,engaged,2,2
bigdata_engaged_nabielrafi_73_1773300457317_003_jpg.rf.5e7b485fad27cce24c769bba78149b1c.jpg,train,engaged,bigdata_engaged_nabielrafi_73_1773300462761_012_jpg.rf.a1237e2f904bda07ded9bf1bcb927f34.jpg,test,engaged,2,0
bigdata_engaged_nabielrafi_73_1773300457317_004_jpg.rf.82f759d85f6899be3733810a722f1806.jpg,train,engaged,bigdata_engaged_nabielrafi_73_1773300462761_012_jpg.rf.a1237e2f904bda07ded9bf1bcb927f34.jpg,test,engaged,3,0
bigdata_engaged_nabielrafi_73_1773300461552_005_jpg.rf.cf6ca49b36dbbf7cb3df19f9a2c13dd9.jpg,train,engaged,bigdata_engaged_nabielrafi_73_1773300462761_012_jpg.rf.a1237e2f904bda07ded9bf1bcb927f34.jpg,test,engaged,3,0
bigdata_engaged_nabielrafi_73_1773300461552_006_jpg.rf.7df31369f3dc91cf334772e5717e217f.jpg,train,engaged,bigdata_engaged_nabielrafi_73_1773300462761_012_jpg.rf.a1237e2f904bda07ded9bf1bcb927f34.jpg,test,engaged,2,0
bigdata_engaged_nabielrafi_73_1773300461552_008_jpg.rf.d6f308479ff8acc786d9447c305ef3ee.jpg,train,engaged,bigdata_engaged_nabielrafi_73_1773300462761_012_jpg.rf.a1237e2f904bda07ded9bf1bcb927f34.jpg,test,engaged,4,2
bigdata_engaged_nabielrafi_73_1773300461552_009_jpg.rf.12f21ae42ea50f2603d64cedd4ca2e8e.jpg,train,engaged,bigdata_engaged_nabielrafi_73_1773300462761_012_jpg.rf.a1237e2f904bda07ded9bf1bcb927f34.jpg,test,engaged,4,0
bigdata_engaged_nabielrafi_73_1773300462761_010_jpg.rf.f970fa12cba8cdd38ddf75059a9ea82d.jpg,train,engaged,bigdata_engaged_nabielrafi_73_1773300462761_012_jpg.rf.a1237e2f904bda07ded9bf1bcb927f34.jpg,test,engaged,2,0
bigdata_engaged_nabielrafi_73_1773300462761_011_jpg.rf.4e35d7bd1f42d77e8cc8a63f819ca050.jpg,train,engaged,bigdata_engaged_nabielrafi_73_1773300462761_012_jpg.rf.a1237e2f904bda07ded9bf1bcb927f34.jpg,test,engaged,0,0
bigdata_engaged_nabielrafi_73_1773300462761_013_jpg.rf.6e5214b77cc75a1067ed68e1d9c1b1ad.jpg,train,engaged,bigdata_engaged_nabielrafi_73_1773300462761_012_jpg.rf.a1237e2f904bda07ded9bf1bcb927f34.jpg,test,engaged,1,0
bigdata_engaged_nabielrafi_73_1773300462761_014_jpg.rf.58b8d7c79c907058f14fd5702ba488ef.jpg,train,engaged,bigdata_engaged_nabielrafi_73_1773300462761_012_jpg.rf.a1237e2f904bda07ded9bf1bcb927f34.jpg,test,engaged,1,0
bigdata_engaged_nabielrafi_73_1773300464562_015_jpg.rf.7856b201dbec76fd3e08aac86aa2ed32.jpg,train,engaged,bigdata_engaged_nabielrafi_73_1773300462761_012_jpg.rf.a1237e2f904bda07ded9bf1bcb927f34.jpg,test,engaged,2,0
bigdata_engaged_nabielrafi_73_1773300464562_016_jpg.rf.eb6c9c721e721ae73f2467ddb66904d9.jpg,train,engaged,bigdata_engaged_nabielrafi_73_1773300462761_012_jpg.rf.a1237e2f904bda07ded9bf1bcb927f34.jpg,test,engaged,4,0
bigdata_engaged_nabielrafi_73_1773300464562_017_jpg.rf.67f5bbfa3b44ab3ccd228dfb898325b8.jpg,train,engaged,bigdata_engaged_nabielrafi_73_1773300462761_012_jpg.rf.a1237e2f904bda07ded9bf1bcb927f34.jpg,test,engaged,4,2
bigdata_engaged_nabielrafi_73_1773300465783_021_jpg.rf.a145626cdc3367d204b831b7f946c595.jpg,train,engaged,bigdata_engaged_nabielrafi_73_1773300462761_012_jpg.rf.a1237e2f904bda07ded9bf1bcb927f34.jpg,test,engaged,5,6
bigdata_engaged_nabielrafi_73_1773300465783_022_jpg.rf.b52c9e4e694d1599604f849486b24489.jpg,train,engaged,bigdata_engaged_nabielrafi_73_1773300462761_012_jpg.rf.a1237e2f904bda07ded9bf1bcb927f34.jpg,test,engaged,3,2
bigdata_engaged_nabielrafi_73_1773300465783_023_jpg.rf.389279d79c6779feb0d757d86c199ac3.jpg,train,engaged,bigdata_engaged_nabielrafi_73_1773300462761_012_jpg.rf.a1237e2f904bda07ded9bf1bcb927f34.jpg,test,engaged,3,4
bigdata_engaged_nian_74_1774481765996_001_jpg.rf.45d8826601de5f674280dd1c043188fb.jpg,train,engaged,bigdata_engaged_nian_74_1774481768694_021_jpg.rf.906f7604f942cdf0ae5acb907badc585.jpg,test,engaged,5,6
bigdata_engaged_nian_74_1774481765996_001_jpg.rf.45d8826601de5f674280dd1c043188fb.jpg,train,engaged,bigdata_engaged_nian_74_1774481768694_023_jpg.rf.48f42a65533ff9d484d28fa1e2339c22.jpg,test,engaged,5,6
bigdata_engaged_nian_74_1774481765996_002_jpg.rf.41b5be4fcf5b8c93e80d1bc684711fbf.jpg,train,engaged,bigdata_engaged_nian_74_1774481768694_021_jpg.rf.906f7604f942cdf0ae5acb907badc585.jpg,test,engaged,4,6
bigdata_engaged_nian_74_1774481765996_002_jpg.rf.41b5be4fcf5b8c93e80d1bc684711fbf.jpg,train,engaged,bigdata_engaged_nian_74_1774481768694_023_jpg.rf.48f42a65533ff9d484d28fa1e2339c22.jpg,test,engaged,4,6
bigdata_engaged_nian_74_1774481765996_003_jpg.rf.c0edf83412a4a973bd4cdfb2df2eb7a9.jpg,train,engaged,bigdata_engaged_nian_74_1774481768694_021_jpg.rf.906f7604f942cdf0ae5acb907badc585.jpg,test,engaged,3,4
bigdata_engaged_nian_74_1774481765996_003_jpg.rf.c0edf83412a4a973bd4cdfb2df2eb7a9.jpg,train,engaged,bigdata_engaged_nian_74_1774481768694_023_jpg.rf.48f42a65533ff9d484d28fa1e2339c22.jpg,test,engaged,3,4
bigdata_engaged_nian_74_1774481765996_004_jpg.rf.9b7f1cfbb4f0d8b14c0c3bf2048cc266.jpg,train,engaged,bigdata_engaged_nian_74_1774481767290_008_jpg.rf.eadbaac19760c055dd1cc875995bdcd6.jpg,test,engaged,5,6
bigdata_engaged_nian_74_1774481765996_004_jpg.rf.9b7f1cfbb4f0d8b14c0c3bf2048cc266.jpg,train,engaged,bigdata_engaged_nian_74_1774481767290_009_jpg.rf.bfc52320285fa04bce57ac4ace4b0b93.jpg,test,engaged,5,6
bigdata_engaged_nian_74_1774481765996_004_jpg.rf.9b7f1cfbb4f0d8b14c0c3bf2048cc266.jpg,train,engaged,bigdata_engaged_nian_74_1774481768694_021_jpg.rf.906f7604f942cdf0ae5acb907badc585.jpg,test,engaged,4,6
bigdata_engaged_nian_74_1774481765996_004_jpg.rf.9b7f1cfbb4f0d8b14c0c3bf2048cc266.jpg,train,engaged,bigdata_engaged_nian_74_1774481768694_023_jpg.rf.48f42a65533ff9d484d28fa1e2339c22.jpg,test,engaged,2,6
bigdata_engaged_nian_74_1774481767290_005_jpg.rf.5af85181f7d2ec59cead72e6ec8efef9.jpg,train,engaged,bigdata_engaged_nian_74_1774481767290_008_jpg.rf.eadbaac19760c055dd1cc875995bdcd6.jpg,test,engaged,1,2
bigdata_engaged_nian_74_1774481767290_005_jpg.rf.5af85181f7d2ec59cead72e6ec8efef9.jpg,train,engaged,bigdata_engaged_nian_74_1774481767290_009_jpg.rf.bfc52320285fa04bce57ac4ace4b0b93.jpg,test,engaged,1,2
bigdata_engaged_nian_74_1774481767290_005_jpg.rf.5af85181f7d2ec59cead72e6ec8efef9.jpg,train,engaged,bigdata_engaged_nian_74_1774481768295_015_jpg.rf.2e31329012497bed1263d22cfb3a4b63.jpg,test,engaged,2,2
bigdata_engaged_nian_74_1774481767290_006_jpg.rf.e6101e0bbad4d3b74fc3e267d2e15950.jpg,train,engaged,bigdata_engaged_nian_74_1774481767290_008_jpg.rf.eadbaac19760c055dd1cc875995bdcd6.jpg,test,engaged,2,0
bigdata_engaged_nian_74_1774481767290_006_jpg.rf.e6101e0bbad4d3b74fc3e267d2e15950.jpg,train,engaged,bigdata_engaged_nian_74_1774481767290_009_jpg.rf.bfc52320285fa04bce57ac4ace4b0b93.jpg,test,engaged,2,0
bigdata_engaged_nian_74_1774481767290_006_jpg.rf.e6101e0bbad4d3b74fc3e267d2e15950.jpg,train,engaged,bigdata_engaged_nian_74_1774481768295_015_jpg.rf.2e31329012497bed1263d22cfb3a4b63.jpg,test,engaged,3,2
bigdata_engaged_nian_74_1774481767856_010_jpg.rf.3d20e89c34c32d08c4d8eea9948d7b47.jpg,train,engaged,bigdata_engaged_nian_74_1774481767290_008_jpg.rf.eadbaac19760c055dd1cc875995bdcd6.jpg,test,engaged,2,0
bigdata_engaged_nian_74_1774481767856_010_jpg.rf.3d20e89c34c32d08c4d8eea9948d7b47.jpg,train,engaged,bigdata_engaged_nian_74_1774481767290_009_jpg.rf.bfc52320285fa04bce57ac4ace4b0b93.jpg,test,engaged,0,0
bigdata_engaged_nian_74_1774481767856_010_jpg.rf.3d20e89c34c32d08c4d8eea9948d7b47.jpg,train,engaged,bigdata_engaged_nian_74_1774481768295_015_jpg.rf.2e31329012497bed1263d22cfb3a4b63.jpg,test,engaged,1,2
bigdata_engaged_nian_74_1774481767856_011_jpg.rf.8d221668bf9e3384cd7bbb2ea3815877.jpg,train,engaged,bigdata_engaged_nian_74_1774481767290_008_jpg.rf.eadbaac19760c055dd1cc875995bdcd6.jpg,test,engaged,1,0
bigdata_engaged_nian_74_1774481767856_011_jpg.rf.8d221668bf9e3384cd7bbb2ea3815877.jpg,train,engaged,bigdata_engaged_nian_74_1774481767290_009_jpg.rf.bfc52320285fa04bce57ac4ace4b0b93.jpg,test,engaged,1,0
bigdata_engaged_nian_74_1774481767856_011_jpg.rf.8d221668bf9e3384cd7bbb2ea3815877.jpg,train,engaged,bigdata_engaged_nian_74_1774481768295_015_jpg.rf.2e31329012497bed1263d22cfb3a4b63.jpg,test,engaged,0,2
bigdata_engaged_nian_74_1774481767856_012_jpg.rf.662544c48362aa980c7a39b6374c45d6.jpg,train,engaged,bigdata_engaged_nian_74_1774481767290_008_jpg.rf.eadbaac19760c055dd1cc875995bdcd6.jpg,test,engaged,1,2
bigdata_engaged_nian_74_1774481767856_012_jpg.rf.662544c48362aa980c7a39b6374c45d6.jpg,train,engaged,bigdata_engaged_nian_74_1774481767290_009_jpg.rf.bfc52320285fa04bce57ac4ace4b0b93.jpg,test,engaged,1,2
bigdata_engaged_nian_74_1774481767856_012_jpg.rf.662544c48362aa980c7a39b6374c45d6.jpg,train,engaged,bigdata_engaged_nian_74_1774481768295_015_jpg.rf.2e31329012497bed1263d22cfb3a4b63.jpg,test,engaged,0,0
bigdata_engaged_nian_74_1774481767856_013_jpg.rf.da509311bcc61a0d47e574a8efdff8bc.jpg,train,engaged,bigdata_engaged_nian_74_1774481767290_008_jpg.rf.eadbaac19760c055dd1cc875995bdcd6.jpg,test,engaged,1,2
bigdata_engaged_nian_74_1774481767856_013_jpg.rf.da509311bcc61a0d47e574a8efdff8bc.jpg,train,engaged,bigdata_engaged_nian_74_1774481767290_009_jpg.rf.bfc52320285fa04bce57ac4ace4b0b93.jpg,test,engaged,1,2
bigdata_engaged_nian_74_1774481767856_013_jpg.rf.da509311bcc61a0d47e574a8efdff8bc.jpg,train,engaged,bigdata_engaged_nian_74_1774481768295_015_jpg.rf.2e31329012497bed1263d22cfb3a4b63.jpg,test,engaged,0,0
bigdata_engaged_nian_74_1774481767856_014_jpg.rf.be3ff74ffda20626c71099cc3379e390.jpg,train,engaged,bigdata_engaged_nian_74_1774481767290_008_jpg.rf.eadbaac19760c055dd1cc875995bdcd6.jpg,test,engaged,1,2
bigdata_engaged_nian_74_1774481767856_014_jpg.rf.be3ff74ffda20626c71099cc3379e390.jpg,train,engaged,bigdata_engaged_nian_74_1774481767290_009_jpg.rf.bfc52320285fa04bce57ac4ace4b0b93.jpg,test,engaged,1,2
bigdata_engaged_nian_74_1774481767856_014_jpg.rf.be3ff74ffda20626c71099cc3379e390.jpg,train,engaged,bigdata_engaged_nian_74_1774481768295_015_jpg.rf.2e31329012497bed1263d22cfb3a4b63.jpg,test,engaged,0,0
bigdata_engaged_nian_74_1774481768295_016_jpg.rf.dbae149c4a7548f42a7f9317746a201b.jpg,train,engaged,bigdata_engaged_nian_74_1774481767290_008_jpg.rf.eadbaac19760c055dd1cc875995bdcd6.jpg,test,engaged,3,2
bigdata_engaged_nian_74_1774481768295_016_jpg.rf.dbae149c4a7548f42a7f9317746a201b.jpg,train,engaged,bigdata_engaged_nian_74_1774481767290_009_jpg.rf.bfc52320285fa04bce57ac4ace4b0b93.jpg,test,engaged,1,2
bigdata_engaged_nian_74_1774481768295_016_jpg.rf.dbae149c4a7548f42a7f9317746a201b.jpg,train,engaged,bigdata_engaged_nian_74_1774481768295_015_jpg.rf.2e31329012497bed1263d22cfb3a4b63.jpg,test,engaged,2,2
bigdata_engaged_nian_74_1774481768295_018_jpg.rf.70931fb34f43c79cd1c3cb2a661c9f1c.jpg,train,engaged,bigdata_engaged_nian_74_1774481768694_021_jpg.rf.906f7604f942cdf0ae5acb907badc585.jpg,test,engaged,0,0
bigdata_engaged_nian_74_1774481768295_018_jpg.rf.70931fb34f43c79cd1c3cb2a661c9f1c.jpg,train,engaged,bigdata_engaged_nian_74_1774481768694_023_jpg.rf.48f42a65533ff9d484d28fa1e2339c22.jpg,test,engaged,2,2
bigdata_engaged_nian_74_1774481768295_019_jpg.rf.e314cf48accbffbf66326de627530031.jpg,train,engaged,bigdata_engaged_nian_74_1774481768295_015_jpg.rf.2e31329012497bed1263d22cfb3a4b63.jpg,test,engaged,4,6
bigdata_engaged_nian_74_1774481768295_019_jpg.rf.e314cf48accbffbf66326de627530031.jpg,train,engaged,bigdata_engaged_nian_74_1774481768694_021_jpg.rf.906f7604f942cdf0ae5acb907badc585.jpg,test,engaged,2,0
bigdata_engaged_nian_74_1774481768295_019_jpg.rf.e314cf48accbffbf66326de627530031.jpg,train,engaged,bigdata_engaged_nian_74_1774481768694_023_jpg.rf.48f42a65533ff9d484d28fa1e2339c22.jpg,test,engaged,2,2
bigdata_engaged_nian_74_1774481768694_020_jpg.rf.45f048387a80ae087680d1ac63705256.jpg,train,engaged,bigdata_engaged_nian_74_1774481768295_015_jpg.rf.2e31329012497bed1263d22cfb3a4b63.jpg,test,engaged,5,6
bigdata_engaged_nian_74_1774481768694_020_jpg.rf.45f048387a80ae087680d1ac63705256.jpg,train,engaged,bigdata_engaged_nian_74_1774481768694_021_jpg.rf.906f7604f942cdf0ae5acb907badc585.jpg,test,engaged,1,0
bigdata_engaged_nian_74_1774481768694_020_jpg.rf.45f048387a80ae087680d1ac63705256.jpg,train,engaged,bigdata_engaged_nian_74_1774481768694_023_jpg.rf.48f42a65533ff9d484d28fa1e2339c22.jpg,test,engaged,1,2
bigdata_engaged_nian_74_1774481768694_022_jpg.rf.34175d7fe47b54d693890b11aeedfddf.jpg,train,engaged,bigdata_engaged_nian_74_1774481768694_021_jpg.rf.906f7604f942cdf0ae5acb907badc585.jpg,test,engaged,0,2
bigdata_engaged_nian_74_1774481768694_022_jpg.rf.34175d7fe47b54d693890b11aeedfddf.jpg,train,engaged,bigdata_engaged_nian_74_1774481768694_023_jpg.rf.48f42a65533ff9d484d28fa1e2339c22.jpg,test,engaged,2,0
bigdata_engaged_rahyan_94_1773299471183_000_jpg.rf.e6285cb818318c1930840105eda5c8a1.jpg,train,engaged,bigdata_engaged_rahyan_94_1773299471184_004_jpg.rf.8a66c15fee88f36c79ff90fc8c0b058d.jpg,test,engaged,1,0
bigdata_engaged_rahyan_94_1773299471183_000_jpg.rf.e6285cb818318c1930840105eda5c8a1.jpg,train,engaged,bigdata_engaged_rahyan_94_1773299472479_009_jpg.rf.5698d937010cadd1e25b5441cceb65d1.jpg,test,engaged,0,2
bigdata_engaged_rahyan_94_1773299471183_000_jpg.rf.e6285cb818318c1930840105eda5c8a1.jpg,train,engaged,bigdata_engaged_rahyan_94_1773299473169_014_jpg.rf.78df71baee59f6dcd90b44241e5e47f1.jpg,test,engaged,1,0
bigdata_engaged_rahyan_94_1773299471183_001_jpg.rf.806e6ae5df88bb35cb70c44185263e1a.jpg,train,engaged,bigdata_engaged_rahyan_94_1773299471184_004_jpg.rf.8a66c15fee88f36c79ff90fc8c0b058d.jpg,test,engaged,1,0
bigdata_engaged_rahyan_94_1773299471183_001_jpg.rf.806e6ae5df88bb35cb70c44185263e1a.jpg,train,engaged,bigdata_engaged_rahyan_94_1773299472479_009_jpg.rf.5698d937010cadd1e25b5441cceb65d1.jpg,test,engaged,2,2
bigdata_engaged_rahyan_94_1773299471183_001_jpg.rf.806e6ae5df88bb35cb70c44185263e1a.jpg,train,engaged,bigdata_engaged_rahyan_94_1773299473169_014_jpg.rf.78df71baee59f6dcd90b44241e5e47f1.jpg,test,engaged,1,0
bigdata_engaged_rahyan_94_1773299471183_002_jpg.rf.7bb382c62b9541befc3341d6acbe67d4.jpg,train,engaged,bigdata_engaged_rahyan_94_1773299471184_004_jpg.rf.8a66c15fee88f36c79ff90fc8c0b058d.jpg,test,engaged,0,0
bigdata_engaged_rahyan_94_1773299471183_002_jpg.rf.7bb382c62b9541befc3341d6acbe67d4.jpg,train,engaged,bigdata_engaged_rahyan_94_1773299472479_009_jpg.rf.5698d937010cadd1e25b5441cceb65d1.jpg,test,engaged,1,2
bigdata_engaged_rahyan_94_1773299471183_002_jpg.rf.7bb382c62b9541befc3341d6acbe67d4.jpg,train,engaged,bigdata_engaged_rahyan_94_1773299473169_014_jpg.rf.78df71baee59f6dcd90b44241e5e47f1.jpg,test,engaged,0,0
bigdata_engaged_rahyan_94_1773299471183_003_jpg.rf.5686dc6d954880d7af29421e13403f69.jpg,train,engaged,bigdata_engaged_rahyan_94_1773299471184_004_jpg.rf.8a66c15fee88f36c79ff90fc8c0b058d.jpg,test,engaged,2,0
bigdata_engaged_rahyan_94_1773299471183_003_jpg.rf.5686dc6d954880d7af29421e13403f69.jpg,train,engaged,bigdata_engaged_rahyan_94_1773299472479_009_jpg.rf.5698d937010cadd1e25b5441cceb65d1.jpg,test,engaged,3,2
bigdata_engaged_rahyan_94_1773299471183_003_jpg.rf.5686dc6d954880d7af29421e13403f69.jpg,train,engaged,bigdata_engaged_rahyan_94_1773299473169_014_jpg.rf.78df71baee59f6dcd90b44241e5e47f1.jpg,test,engaged,2,0
bigdata_engaged_rahyan_94_1773299472478_005_jpg.rf.7d511e2ee1f16d94a436ec877939564f.jpg,train,engaged,bigdata_engaged_rahyan_94_1773299471184_004_jpg.rf.8a66c15fee88f36c79ff90fc8c0b058d.jpg,test,engaged,0,0
bigdata_engaged_rahyan_94_1773299472478_005_jpg.rf.7d511e2ee1f16d94a436ec877939564f.jpg,train,engaged,bigdata_engaged_rahyan_94_1773299472479_009_jpg.rf.5698d937010cadd1e25b5441cceb65d1.jpg,test,engaged,1,2
bigdata_engaged_rahyan_94_1773299472478_005_jpg.rf.7d511e2ee1f16d94a436ec877939564f.jpg,train,engaged,bigdata_engaged_rahyan_94_1773299473169_014_jpg.rf.78df71baee59f6dcd90b44241e5e47f1.jpg,test,engaged,0,0
bigdata_engaged_rahyan_94_1773299472478_006_jpg.rf.8548c2e5c174a72fdf6d3e2dbe8f0209.jpg,train,engaged,bigdata_engaged_rahyan_94_1773299471184_004_jpg.rf.8a66c15fee88f36c79ff90fc8c0b058d.jpg,test,engaged,0,0
bigdata_engaged_rahyan_94_1773299472478_006_jpg.rf.8548c2e5c174a72fdf6d3e2dbe8f0209.jpg,train,engaged,bigdata_engaged_rahyan_94_1773299472479_009_jpg.rf.5698d937010cadd1e25b5441cceb65d1.jpg,test,engaged,1,2
bigdata_engaged_rahyan_94_1773299472478_006_jpg.rf.8548c2e5c174a72fdf6d3e2dbe8f0209.jpg,train,engaged,bigdata_engaged_rahyan_94_1773299473169_014_jpg.rf.78df71baee59f6dcd90b44241e5e47f1.jpg,test,engaged,0,0
bigdata_engaged_rahyan_94_1773299472478_008_jpg.rf.4eef931d8e91fe637a777c5a8e42c6f5.jpg,train,engaged,bigdata_engaged_rahyan_94_1773299471184_004_jpg.rf.8a66c15fee88f36c79ff90fc8c0b058d.jpg,test,engaged,1,2
bigdata_engaged_rahyan_94_1773299472478_008_jpg.rf.4eef931d8e91fe637a777c5a8e42c6f5.jpg,train,engaged,bigdata_engaged_rahyan_94_1773299472479_009_jpg.rf.5698d937010cadd1e25b5441cceb65d1.jpg,test,engaged,0,0
bigdata_engaged_rahyan_94_1773299472478_008_jpg.rf.4eef931d8e91fe637a777c5a8e42c6f5.jpg,train,engaged,bigdata_engaged_rahyan_94_1773299473169_014_jpg.rf.78df71baee59f6dcd90b44241e5e47f1.jpg,test,engaged,1,2
bigdata_engaged_rahyan_94_1773299473169_010_jpg.rf.8719aa1915d333cbb3ab37271a796126.jpg,train,engaged,bigdata_engaged_rahyan_94_1773299471184_004_jpg.rf.8a66c15fee88f36c79ff90fc8c0b058d.jpg,test,engaged,0,2
bigdata_engaged_rahyan_94_1773299473169_010_jpg.rf.8719aa1915d333cbb3ab37271a796126.jpg,train,engaged,bigdata_engaged_rahyan_94_1773299472479_009_jpg.rf.5698d937010cadd1e25b5441cceb65d1.jpg,test,engaged,1,0
bigdata_engaged_rahyan_94_1773299473169_010_jpg.rf.8719aa1915d333cbb3ab37271a796126.jpg,train,engaged,bigdata_engaged_rahyan_94_1773299473169_014_jpg.rf.78df71baee59f6dcd90b44241e5e47f1.jpg,test,engaged,0,2
bigdata_engaged_rahyan_94_1773299473686_015_jpg.rf.94d66fd3d40c9c273f3b1d6892b72b39.jpg,train,engaged,bigdata_engaged_rahyan_94_1773299471184_004_jpg.rf.8a66c15fee88f36c79ff90fc8c0b058d.jpg,test,engaged,1,0
bigdata_engaged_rahyan_94_1773299473686_015_jpg.rf.94d66fd3d40c9c273f3b1d6892b72b39.jpg,train,engaged,bigdata_engaged_rahyan_94_1773299472479_009_jpg.rf.5698d937010cadd1e25b5441cceb65d1.jpg,test,engaged,0,2
bigdata_engaged_rahyan_94_1773299473686_015_jpg.rf.94d66fd3d40c9c273f3b1d6892b72b39.jpg,train,engaged,bigdata_engaged_rahyan_94_1773299473169_014_jpg.rf.78df71baee59f6dcd90b44241e5e47f1.jpg,test,engaged,1,0
bigdata_engaged_rahyan_94_1773299473686_016_jpg.rf.1083fb1660d3b3c0d23526e14b78c1ce.jpg,train,engaged,bigdata_engaged_rahyan_94_1773299471184_004_jpg.rf.8a66c15fee88f36c79ff90fc8c0b058d.jpg,test,engaged,1,0
bigdata_engaged_rahyan_94_1773299473686_016_jpg.rf.1083fb1660d3b3c0d23526e14b78c1ce.jpg,train,engaged,bigdata_engaged_rahyan_94_1773299472479_009_jpg.rf.5698d937010cadd1e25b5441cceb65d1.jpg,test,engaged,0,2
bigdata_engaged_rahyan_94_1773299473686_016_jpg.rf.1083fb1660d3b3c0d23526e14b78c1ce.jpg,train,engaged,bigdata_engaged_rahyan_94_1773299473169_014_jpg.rf.78df71baee59f6dcd90b44241e5e47f1.jpg,test,engaged,1,0
bigdata_engaged_rahyan_94_1773299473686_017_jpg.rf.cc1774ce73cbc1168cab0f4d8ae7ca54.jpg,train,engaged,bigdata_engaged_rahyan_94_1773299471184_004_jpg.rf.8a66c15fee88f36c79ff90fc8c0b058d.jpg,test,engaged,1,2
bigdata_engaged_rahyan_94_1773299473686_017_jpg.rf.cc1774ce73cbc1168cab0f4d8ae7ca54.jpg,train,engaged,bigdata_engaged_rahyan_94_1773299472479_009_jpg.rf.5698d937010cadd1e25b5441cceb65d1.jpg,test,engaged,0,4
bigdata_engaged_rahyan_94_1773299473686_017_jpg.rf.cc1774ce73cbc1168cab0f4d8ae7ca54.jpg,train,engaged,bigdata_engaged_rahyan_94_1773299473169_014_jpg.rf.78df71baee59f6dcd90b44241e5e47f1.jpg,test,engaged,1,2
bigdata_engaged_rahyan_94_1773299473686_018_jpg.rf.ba7a2f907ae663b3bfa9e9cfd5fac542.jpg,train,engaged,bigdata_engaged_rahyan_94_1773299471184_004_jpg.rf.8a66c15fee88f36c79ff90fc8c0b058d.jpg,test,engaged,1,0
bigdata_engaged_rahyan_94_1773299473686_018_jpg.rf.ba7a2f907ae663b3bfa9e9cfd5fac542.jpg,train,engaged,bigdata_engaged_rahyan_94_1773299472479_009_jpg.rf.5698d937010cadd1e25b5441cceb65d1.jpg,test,engaged,0,2
bigdata_engaged_rahyan_94_1773299473686_018_jpg.rf.ba7a2f907ae663b3bfa9e9cfd5fac542.jpg,train,engaged,bigdata_engaged_rahyan_94_1773299473169_014_jpg.rf.78df71baee59f6dcd90b44241e5e47f1.jpg,test,engaged,1,0
bigdata_engaged_rahyan_94_1773299473686_019_jpg.rf.3b393146d9cdc77a7d38a7fe0091b491.jpg,train,engaged,bigdata_engaged_rahyan_94_1773299471184_004_jpg.rf.8a66c15fee88f36c79ff90fc8c0b058d.jpg,test,engaged,2,0
bigdata_engaged_rahyan_94_1773299473686_019_jpg.rf.3b393146d9cdc77a7d38a7fe0091b491.jpg,train,engaged,bigdata_engaged_rahyan_94_1773299472479_009_jpg.rf.5698d937010cadd1e25b5441cceb65d1.jpg,test,engaged,1,2
bigdata_engaged_rahyan_94_1773299473686_019_jpg.rf.3b393146d9cdc77a7d38a7fe0091b491.jpg,train,engaged,bigdata_engaged_rahyan_94_1773299473169_014_jpg.rf.78df71baee59f6dcd90b44241e5e47f1.jpg,test,engaged,2,0
bigdata_engaged_rahyan_94_1773299474289_020_jpg.rf.8d5f85154f61f6c18eefaaec7f01db32.jpg,train,engaged,bigdata_engaged_rahyan_94_1773299471184_004_jpg.rf.8a66c15fee88f36c79ff90fc8c0b058d.jpg,test,engaged,2,2
bigdata_engaged_rahyan_94_1773299474289_020_jpg.rf.8d5f85154f61f6c18eefaaec7f01db32.jpg,train,engaged,bigdata_engaged_rahyan_94_1773299472479_009_jpg.rf.5698d937010cadd1e25b5441cceb65d1.jpg,test,engaged,1,4
bigdata_engaged_rahyan_94_1773299474289_020_jpg.rf.8d5f85154f61f6c18eefaaec7f01db32.jpg,train,engaged,bigdata_engaged_rahyan_94_1773299473169_014_jpg.rf.78df71baee59f6dcd90b44241e5e47f1.jpg,test,engaged,2,2
bigdata_engaged_rahyan_94_1773299474290_021_jpg.rf.84b1bc6e94e6f7bc702baca445930f25.jpg,train,engaged,bigdata_engaged_rahyan_94_1773299471184_004_jpg.rf.8a66c15fee88f36c79ff90fc8c0b058d.jpg,test,engaged,3,2
bigdata_engaged_rahyan_94_1773299474290_021_jpg.rf.84b1bc6e94e6f7bc702baca445930f25.jpg,train,engaged,bigdata_engaged_rahyan_94_1773299472479_009_jpg.rf.5698d937010cadd1e25b5441cceb65d1.jpg,test,engaged,2,4
bigdata_engaged_rahyan_94_1773299474290_021_jpg.rf.84b1bc6e94e6f7bc702baca445930f25.jpg,train,engaged,bigdata_engaged_rahyan_94_1773299473169_014_jpg.rf.78df71baee59f6dcd90b44241e5e47f1.jpg,test,engaged,3,2
bigdata_engaged_rahyan_94_1773299474290_022_jpg.rf.1f179bd9b76bd4ded2d649afebe8c379.jpg,train,engaged,bigdata_engaged_rahyan_94_1773299471184_004_jpg.rf.8a66c15fee88f36c79ff90fc8c0b058d.jpg,test,engaged,3,2
bigdata_engaged_rahyan_94_1773299474290_022_jpg.rf.1f179bd9b76bd4ded2d649afebe8c379.jpg,train,engaged,bigdata_engaged_rahyan_94_1773299472479_009_jpg.rf.5698d937010cadd1e25b5441cceb65d1.jpg,test,engaged,2,4
bigdata_engaged_rahyan_94_1773299474290_022_jpg.rf.1f179bd9b76bd4ded2d649afebe8c379.jpg,train,engaged,bigdata_engaged_rahyan_94_1773299473169_014_jpg.rf.78df71baee59f6dcd90b44241e5e47f1.jpg,test,engaged,3,2
bigdata_engaged_rahyan_94_1773299474290_023_jpg.rf.b875d4c014a18672adec97293eeec260.jpg,train,engaged,bigdata_engaged_rahyan_94_1773299471184_004_jpg.rf.8a66c15fee88f36c79ff90fc8c0b058d.jpg,test,engaged,3,2
bigdata_engaged_rahyan_94_1773299474290_023_jpg.rf.b875d4c014a18672adec97293eeec260.jpg,train,engaged,bigdata_engaged_rahyan_94_1773299472479_009_jpg.rf.5698d937010cadd1e25b5441cceb65d1.jpg,test,engaged,2,4
bigdata_engaged_rahyan_94_1773299474290_023_jpg.rf.b875d4c014a18672adec97293eeec260.jpg,train,engaged,bigdata_engaged_rahyan_94_1773299473169_014_jpg.rf.78df71baee59f6dcd90b44241e5e47f1.jpg,test,engaged,3,2
bigdata_engaged_sultanbudi_44_1773299408148_014_jpg.rf.3dbb71b1c4a062f49586f65bfe00278a.jpg,train,engaged,bigdata_engaged_sultanbudi_44_1773299409452_020_jpg.rf.c82fca032df6d4c2b4fcafde8f1955dd.jpg,test,engaged,2,6
bigdata_engaged_sultanbudi_44_1773299408561_015_jpg.rf.5ad232f986943528f2b16f2d9a12d52b.jpg,train,engaged,bigdata_engaged_sultanbudi_44_1773299409452_020_jpg.rf.c82fca032df6d4c2b4fcafde8f1955dd.jpg,test,engaged,3,4
bigdata_engaged_sultanbudi_44_1773299408562_016_jpg.rf.b758188c8a09e7bcd25e33117fa704e3.jpg,train,engaged,bigdata_engaged_sultanbudi_44_1773299409452_020_jpg.rf.c82fca032df6d4c2b4fcafde8f1955dd.jpg,test,engaged,2,2
bigdata_engaged_sultanbudi_44_1773299408562_017_jpg.rf.f42bf6364f9678dcec9ea8bff66c8231.jpg,train,engaged,bigdata_engaged_sultanbudi_44_1773299409452_020_jpg.rf.c82fca032df6d4c2b4fcafde8f1955dd.jpg,test,engaged,1,2
bigdata_engaged_sultanbudi_44_1773299408562_018_jpg.rf.242baa279245b15dd3447dea49394403.jpg,train,engaged,bigdata_engaged_sultanbudi_44_1773299409452_020_jpg.rf.c82fca032df6d4c2b4fcafde8f1955dd.jpg,test,engaged,0,2
bigdata_engaged_sultanbudi_44_1773299408563_019_jpg.rf.476458b60b930c572ba2f5b7f78f0e0e.jpg,train,engaged,bigdata_engaged_sultanbudi_44_1773299409452_020_jpg.rf.c82fca032df6d4c2b4fcafde8f1955dd.jpg,test,engaged,0,2
bigdata_engaged_sultanbudi_44_1773299409453_022_jpg.rf.12bf53d95621974583339820b0f6a147.jpg,train,engaged,bigdata_engaged_sultanbudi_44_1773299409452_020_jpg.rf.c82fca032df6d4c2b4fcafde8f1955dd.jpg,test,engaged,5,6
bigdata_engaged_sultanbudi_44_1773299409453_023_jpg.rf.09e2dbbd2efc8a23f33b8049152cc4c7.jpg,train,engaged,bigdata_engaged_sultanbudi_44_1773299409452_020_jpg.rf.c82fca032df6d4c2b4fcafde8f1955dd.jpg,test,engaged,4,2
bigdata_frustrated_engaged_ansyah_08_1774443006837_013_jpg.rf.987db55d43fefdddb665c8f0d10359f2.jpg,train,frustrated,bigdata_frustrated_engaged_ansyah_08_1774443007961_023_jpg.rf.440bf68670639faf246b1f3a848e44a7.jpg,test,frustrated,2,2
bigdata_frustrated_engaged_ansyah_08_1774443006837_014_jpg.rf.89fee8828b111ceaafca0eaabccaffb9.jpg,train,frustrated,bigdata_frustrated_engaged_ansyah_08_1774443007961_023_jpg.rf.440bf68670639faf246b1f3a848e44a7.jpg,test,frustrated,2,6
bigdata_frustrated_engaged_ansyah_08_1774443007961_020_jpg.rf.10dbdd1d57699b7e409bf36e0db941e2.jpg,train,frustrated,bigdata_frustrated_engaged_ansyah_08_1774443007961_023_jpg.rf.440bf68670639faf246b1f3a848e44a7.jpg,test,frustrated,0,4
bigdata_frustrated_engaged_ansyah_08_1774443007961_021_jpg.rf.bad52fffa7275d2342394f022c3a2a12.jpg,train,frustrated,bigdata_frustrated_engaged_ansyah_08_1774443007961_023_jpg.rf.440bf68670639faf246b1f3a848e44a7.jpg,test,frustrated,2,6
bigdata_frustrated_engaged_ansyah_08_1774443007961_022_jpg.rf.b07a8c818731e3e831f08705efe63272.jpg,train,frustrated,bigdata_frustrated_engaged_ansyah_08_1774443007961_023_jpg.rf.440bf68670639faf246b1f3a848e44a7.jpg,test,frustrated,1,2
bigdata_frustrated_engaged_ardiansyah_26_1774441972363_002_jpg.rf.d89be74bde076528b2b60d4b147d4541.jpg,train,frustrated,bigdata_frustrated_engaged_ardiansyah_26_1774441972363_001_jpg.rf.ed5f5f6124cc0b9898af4a4835b0d94f.jpg,test,frustrated,3,0
bigdata_frustrated_engaged_ardiansyah_26_1774441972363_004_jpg.rf.d01a94f6243e464918b94c6a0fbc059e.jpg,train,frustrated,bigdata_frustrated_engaged_ardiansyah_26_1774441972363_001_jpg.rf.ed5f5f6124cc0b9898af4a4835b0d94f.jpg,test,frustrated,3,2
bigdata_frustrated_engaged_ardiansyah_26_1774441973008_005_jpg.rf.1f4501d4b23aa9be222642d877254239.jpg,train,frustrated,bigdata_frustrated_engaged_ardiansyah_26_1774441972363_001_jpg.rf.ed5f5f6124cc0b9898af4a4835b0d94f.jpg,test,frustrated,2,6
bigdata_frustrated_engaged_ardiansyah_26_1774441973008_008_jpg.rf.4cc7f818706b763c03a7fbc3cf149da1.jpg,train,frustrated,bigdata_frustrated_engaged_ardiansyah_26_1774441973900_012_jpg.rf.998bbea5af60b3362145819d7bfb0528.jpg,test,frustrated,3,6
bigdata_frustrated_engaged_ardiansyah_26_1774441973008_009_jpg.rf.239888730142fb9c7ed1873c6dcf57d1.jpg,train,frustrated,bigdata_frustrated_engaged_ardiansyah_26_1774441973900_012_jpg.rf.998bbea5af60b3362145819d7bfb0528.jpg,test,frustrated,3,2
bigdata_frustrated_engaged_ardiansyah_26_1774441973900_010_jpg.rf.e2d7f0a91d2057dfe96b58ae6577e720.jpg,train,frustrated,bigdata_frustrated_engaged_ardiansyah_26_1774441973900_012_jpg.rf.998bbea5af60b3362145819d7bfb0528.jpg,test,frustrated,2,0
bigdata_frustrated_engaged_ardiansyah_26_1774441973900_011_jpg.rf.dc3cc8237c86002776021acc323c497a.jpg,train,frustrated,bigdata_frustrated_engaged_ardiansyah_26_1774441973900_012_jpg.rf.998bbea5af60b3362145819d7bfb0528.jpg,test,frustrated,2,0
bigdata_frustrated_engaged_ardiansyah_26_1774441973900_013_jpg.rf.76f459ea40718c5dae72dd24f35e1012.jpg,train,frustrated,bigdata_frustrated_engaged_ardiansyah_26_1774441973900_012_jpg.rf.998bbea5af60b3362145819d7bfb0528.jpg,test,frustrated,2,0
bigdata_frustrated_engaged_arya_31_1773299421945_000_jpg.rf.ab0a7d912dab002568bdc6c07510a8a8.jpg,train,frustrated,bigdata_frustrated_engaged_arya_31_1773299421946_002_jpg.rf.db46ff516a60a05752d205eba9e60434.jpg,test,frustrated,0,2
bigdata_frustrated_engaged_arya_31_1773299421945_000_jpg.rf.ab0a7d912dab002568bdc6c07510a8a8.jpg,train,frustrated,bigdata_frustrated_engaged_arya_31_1773299421946_004_jpg.rf.7371db79a00424137a065d274e4660cb.jpg,test,frustrated,2,6
bigdata_frustrated_engaged_arya_31_1773299421945_000_jpg.rf.ab0a7d912dab002568bdc6c07510a8a8.jpg,train,frustrated,bigdata_frustrated_engaged_arya_31_1773299422645_005_jpg.rf.964404e82a7dff1192f49ef2ec196cce.jpg,test,frustrated,1,6
bigdata_frustrated_engaged_arya_31_1773299421946_001_jpg.rf.378e3f757f5ad6a41a5ee8ca923c8544.jpg,train,frustrated,bigdata_frustrated_engaged_arya_31_1773299421946_002_jpg.rf.db46ff516a60a05752d205eba9e60434.jpg,test,frustrated,1,2
bigdata_frustrated_engaged_arya_31_1773299421946_001_jpg.rf.378e3f757f5ad6a41a5ee8ca923c8544.jpg,train,frustrated,bigdata_frustrated_engaged_arya_31_1773299421946_004_jpg.rf.7371db79a00424137a065d274e4660cb.jpg,test,frustrated,1,4
bigdata_frustrated_engaged_arya_31_1773299421946_001_jpg.rf.378e3f757f5ad6a41a5ee8ca923c8544.jpg,train,frustrated,bigdata_frustrated_engaged_arya_31_1773299422645_005_jpg.rf.964404e82a7dff1192f49ef2ec196cce.jpg,test,frustrated,2,6
bigdata_frustrated_engaged_arya_31_1773299422646_009_jpg.rf.d0af1378da631bd45053ef784d795eec.jpg,train,frustrated,bigdata_frustrated_engaged_arya_31_1773299424986_022_jpg.rf.75b5eb9da796bddb176889e714e4ef12.jpg,test,frustrated,4,6
bigdata_frustrated_engaged_arya_31_1773299424203_015_jpg.rf.3570232a4756f0e87b424b1baf80bd3b.jpg,train,frustrated,bigdata_frustrated_engaged_arya_31_1773299421946_002_jpg.rf.db46ff516a60a05752d205eba9e60434.jpg,test,frustrated,5,6
bigdata_frustrated_engaged_arya_31_1773299424203_015_jpg.rf.3570232a4756f0e87b424b1baf80bd3b.jpg,train,frustrated,bigdata_frustrated_engaged_arya_31_1773299424986_022_jpg.rf.75b5eb9da796bddb176889e714e4ef12.jpg,test,frustrated,5,4
bigdata_frustrated_engaged_arya_31_1773299424204_016_jpg.rf.f6881f57f79fd2b5a92ee176930c7109.jpg,train,frustrated,bigdata_frustrated_engaged_arya_31_1773299421946_002_jpg.rf.db46ff516a60a05752d205eba9e60434.jpg,test,frustrated,2,6
bigdata_frustrated_engaged_arya_31_1773299424204_016_jpg.rf.f6881f57f79fd2b5a92ee176930c7109.jpg,train,frustrated,bigdata_frustrated_engaged_arya_31_1773299424986_022_jpg.rf.75b5eb9da796bddb176889e714e4ef12.jpg,test,frustrated,2,6
bigdata_frustrated_engaged_arya_31_1773299424204_017_jpg.rf.ab0842c9464b13787ee1188dea2c221c.jpg,train,frustrated,bigdata_frustrated_engaged_arya_31_1773299421946_002_jpg.rf.db46ff516a60a05752d205eba9e60434.jpg,test,frustrated,2,6
bigdata_frustrated_engaged_arya_31_1773299424204_018_jpg.rf.67ff8b4ab66fa7e5294a32f661d37df1.jpg,train,frustrated,bigdata_frustrated_engaged_arya_31_1773299424986_022_jpg.rf.75b5eb9da796bddb176889e714e4ef12.jpg,test,frustrated,5,6
bigdata_frustrated_engaged_arya_31_1773299424985_020_jpg.rf.3a7dbc4a05e67306a07cfbf81db42b59.jpg,train,frustrated,bigdata_frustrated_engaged_arya_31_1773299424986_022_jpg.rf.75b5eb9da796bddb176889e714e4ef12.jpg,test,frustrated,3,4
bigdata_frustrated_engaged_arya_31_1773299424985_021_jpg.rf.c415da050ec87816cf9c3c941d8c42dc.jpg,train,frustrated,bigdata_frustrated_engaged_arya_31_1773299424986_022_jpg.rf.75b5eb9da796bddb176889e714e4ef12.jpg,test,frustrated,3,4
bigdata_frustrated_engaged_arya_31_1773299424986_023_jpg.rf.757045760c1eefe93ab86d92769f3759.jpg,train,frustrated,bigdata_frustrated_engaged_arya_31_1773299424986_022_jpg.rf.75b5eb9da796bddb176889e714e4ef12.jpg,test,frustrated,1,4
bigdata_frustrated_engaged_iann_62_1774442888909_001_jpg.rf.2552dc940534009c15ab3e2dcb7376cc.jpg,train,frustrated,bigdata_frustrated_engaged_iann_62_1774442888909_004_jpg.rf.f01d02def92f93dba5e707a82e48b69c.jpg,test,frustrated,4,0
bigdata_frustrated_engaged_iann_62_1774442888909_002_jpg.rf.3ef7920d370123355cf3a6197a240cdd.jpg,train,frustrated,bigdata_frustrated_engaged_iann_62_1774442888909_004_jpg.rf.f01d02def92f93dba5e707a82e48b69c.jpg,test,frustrated,2,0
bigdata_frustrated_engaged_iann_62_1774442889988_005_jpg.rf.800d3b6fea54b9ee468473677fd0c5e9.jpg,train,frustrated,bigdata_frustrated_engaged_iann_62_1774442888909_004_jpg.rf.f01d02def92f93dba5e707a82e48b69c.jpg,test,frustrated,2,2
bigdata_frustrated_engaged_iann_62_1774442889988_007_jpg.rf.b5c903c7a7e5a7f4721014d89b259df1.jpg,train,frustrated,bigdata_frustrated_engaged_iann_62_1774442891024_018_jpg.rf.15d411726d20d864edd305c30a3d660f.jpg,test,frustrated,5,4
bigdata_frustrated_engaged_iann_62_1774442889988_008_jpg.rf.bf28085c069ddaa1e58757f3c25206c8.jpg,train,frustrated,bigdata_frustrated_engaged_iann_62_1774442891024_018_jpg.rf.15d411726d20d864edd305c30a3d660f.jpg,test,frustrated,4,2
bigdata_frustrated_engaged_iann_62_1774442889988_009_jpg.rf.40843b27e917fa5946e97d45e74d1dcc.jpg,train,frustrated,bigdata_frustrated_engaged_iann_62_1774442891024_018_jpg.rf.15d411726d20d864edd305c30a3d660f.jpg,test,frustrated,3,4
bigdata_frustrated_engaged_iann_62_1774442890440_010_jpg.rf.75ef2773ac70f151ce7200730b81e25e.jpg,train,frustrated,bigdata_frustrated_engaged_iann_62_1774442888909_004_jpg.rf.f01d02def92f93dba5e707a82e48b69c.jpg,test,frustrated,3,6
bigdata_frustrated_engaged_iann_62_1774442890440_010_jpg.rf.75ef2773ac70f151ce7200730b81e25e.jpg,train,frustrated,bigdata_frustrated_engaged_iann_62_1774442891024_018_jpg.rf.15d411726d20d864edd305c30a3d660f.jpg,test,frustrated,0,4
bigdata_frustrated_engaged_iann_62_1774442890440_011_jpg.rf.2cabda885d2a57cd42882acbbbd60f2c.jpg,train,frustrated,bigdata_frustrated_engaged_iann_62_1774442891024_018_jpg.rf.15d411726d20d864edd305c30a3d660f.jpg,test,frustrated,0,2
bigdata_frustrated_engaged_iann_62_1774442890440_012_jpg.rf.66b370df20d810e29e081d331b0182b6.jpg,train,frustrated,bigdata_frustrated_engaged_iann_62_1774442891024_018_jpg.rf.15d411726d20d864edd305c30a3d660f.jpg,test,frustrated,1,0
bigdata_frustrated_engaged_iann_62_1774442890440_013_jpg.rf.51fadd488fed07106433e8aabc318546.jpg,train,frustrated,bigdata_frustrated_engaged_iann_62_1774442891024_018_jpg.rf.15d411726d20d864edd305c30a3d660f.jpg,test,frustrated,2,2
bigdata_frustrated_engaged_iann_62_1774442890440_014_jpg.rf.fe28f26599e788ad66670c642aa6d813.jpg,train,frustrated,bigdata_frustrated_engaged_iann_62_1774442891024_018_jpg.rf.15d411726d20d864edd305c30a3d660f.jpg,test,frustrated,1,0
bigdata_frustrated_engaged_iann_62_1774442891023_015_jpg.rf.548ec9427011b368962370e5d25d9aaf.jpg,train,frustrated,bigdata_frustrated_engaged_iann_62_1774442891024_018_jpg.rf.15d411726d20d864edd305c30a3d660f.jpg,test,frustrated,1,0
bigdata_frustrated_engaged_iann_62_1774442891023_016_jpg.rf.8d23fa00104d7d8a885603b04cd561f8.jpg,train,frustrated,bigdata_frustrated_engaged_iann_62_1774442891024_018_jpg.rf.15d411726d20d864edd305c30a3d660f.jpg,test,frustrated,1,0
bigdata_frustrated_engaged_iann_62_1774442891023_017_jpg.rf.0d117d72311f3255773873f984627c93.jpg,train,frustrated,bigdata_frustrated_engaged_iann_62_1774442891024_018_jpg.rf.15d411726d20d864edd305c30a3d660f.jpg,test,frustrated,1,0
bigdata_frustrated_engaged_iann_62_1774442891024_019_jpg.rf.fa6a8cacb8c612bed5ab1d0275ba691e.jpg,train,frustrated,bigdata_frustrated_engaged_iann_62_1774442891024_018_jpg.rf.15d411726d20d864edd305c30a3d660f.jpg,test,frustrated,0,0
bigdata_frustrated_engaged_iann_62_1774442891634_020_jpg.rf.fcc6dd2a2b4f396bc5d178b328c9652a.jpg,train,frustrated,bigdata_frustrated_engaged_iann_62_1774442891024_018_jpg.rf.15d411726d20d864edd305c30a3d660f.jpg,test,frustrated,1,0
bigdata_frustrated_engaged_iann_62_1774442891634_021_jpg.rf.f8f1b0d367652641dd76a76619c529f2.jpg,train,frustrated,bigdata_frustrated_engaged_iann_62_1774442891024_018_jpg.rf.15d411726d20d864edd305c30a3d660f.jpg,test,frustrated,4,0
bigdata_frustrated_engaged_iann_62_1774442891634_022_jpg.rf.c220cc790569544f479758c5620148c0.jpg,train,frustrated,bigdata_frustrated_engaged_iann_62_1774442891024_018_jpg.rf.15d411726d20d864edd305c30a3d660f.jpg,test,frustrated,3,2
bigdata_frustrated_engaged_iann_62_1774442891634_023_jpg.rf.b45f3b1b5029687e8fbc5b91420ab709.jpg,train,frustrated,bigdata_frustrated_engaged_iann_62_1774442891024_018_jpg.rf.15d411726d20d864edd305c30a3d660f.jpg,test,frustrated,3,0
bigdata_frustrated_engaged_maguru_36_1774443989230_001_jpg.rf.e3cae7a47a81049042ffe783db26d7c8.jpg,train,frustrated,bigdata_frustrated_engaged_maguru_36_1774443989230_000_jpg.rf.f95ab0230fb009e42c2bc50853850299.jpg,test,frustrated,2,2
bigdata_frustrated_engaged_maguru_36_1774443989230_001_jpg.rf.e3cae7a47a81049042ffe783db26d7c8.jpg,train,frustrated,bigdata_frustrated_engaged_maguru_36_1774443990383_014_jpg.rf.2fdef8cc7c98d10d8cacd7fa48b1fcc4.jpg,test,frustrated,3,6
bigdata_frustrated_engaged_maguru_36_1774443989230_001_jpg.rf.e3cae7a47a81049042ffe783db26d7c8.jpg,train,frustrated,bigdata_frustrated_engaged_maguru_36_1774443991656_020_jpg.rf.8f044c62ae7f50a55f326b402bffb72f.jpg,test,frustrated,4,6
bigdata_frustrated_engaged_maguru_36_1774443989230_002_jpg.rf.982157363b16f10fdd81dacfc0d2d7d7.jpg,train,frustrated,bigdata_frustrated_engaged_maguru_36_1774443989230_000_jpg.rf.f95ab0230fb009e42c2bc50853850299.jpg,test,frustrated,2,4
bigdata_frustrated_engaged_maguru_36_1774443989230_002_jpg.rf.982157363b16f10fdd81dacfc0d2d7d7.jpg,train,frustrated,bigdata_frustrated_engaged_maguru_36_1774443990383_014_jpg.rf.2fdef8cc7c98d10d8cacd7fa48b1fcc4.jpg,test,frustrated,3,4
bigdata_frustrated_engaged_maguru_36_1774443989230_002_jpg.rf.982157363b16f10fdd81dacfc0d2d7d7.jpg,train,frustrated,bigdata_frustrated_engaged_maguru_36_1774443991656_020_jpg.rf.8f044c62ae7f50a55f326b402bffb72f.jpg,test,frustrated,4,4
bigdata_frustrated_engaged_maguru_36_1774443989230_003_jpg.rf.b97a0e0bd4a48bf09bf858dc23c6758b.jpg,train,frustrated,bigdata_frustrated_engaged_maguru_36_1774443989230_000_jpg.rf.f95ab0230fb009e42c2bc50853850299.jpg,test,frustrated,3,4
bigdata_frustrated_engaged_maguru_36_1774443989230_003_jpg.rf.b97a0e0bd4a48bf09bf858dc23c6758b.jpg,train,frustrated,bigdata_frustrated_engaged_maguru_36_1774443990383_014_jpg.rf.2fdef8cc7c98d10d8cacd7fa48b1fcc4.jpg,test,frustrated,2,4
bigdata_frustrated_engaged_maguru_36_1774443989230_003_jpg.rf.b97a0e0bd4a48bf09bf858dc23c6758b.jpg,train,frustrated,bigdata_frustrated_engaged_maguru_36_1774443991656_020_jpg.rf.8f044c62ae7f50a55f326b402bffb72f.jpg,test,frustrated,3,4
bigdata_frustrated_engaged_maguru_36_1774443989231_004_jpg.rf.b15f9394f34ebbd7b255f4b45abb6f17.jpg,train,frustrated,bigdata_frustrated_engaged_maguru_36_1774443989230_000_jpg.rf.f95ab0230fb009e42c2bc50853850299.jpg,test,frustrated,5,4
bigdata_frustrated_engaged_maguru_36_1774443989231_004_jpg.rf.b15f9394f34ebbd7b255f4b45abb6f17.jpg,train,frustrated,bigdata_frustrated_engaged_maguru_36_1774443990383_014_jpg.rf.2fdef8cc7c98d10d8cacd7fa48b1fcc4.jpg,test,frustrated,2,6
bigdata_frustrated_engaged_maguru_36_1774443989231_004_jpg.rf.b15f9394f34ebbd7b255f4b45abb6f17.jpg,train,frustrated,bigdata_frustrated_engaged_maguru_36_1774443991656_020_jpg.rf.8f044c62ae7f50a55f326b402bffb72f.jpg,test,frustrated,1,6
bigdata_frustrated_engaged_maguru_36_1774443989905_005_jpg.rf.3b8ce371e5b181ff69d40173b1dbe730.jpg,train,frustrated,bigdata_frustrated_engaged_maguru_36_1774443990383_014_jpg.rf.2fdef8cc7c98d10d8cacd7fa48b1fcc4.jpg,test,frustrated,2,6
bigdata_frustrated_engaged_maguru_36_1774443989905_005_jpg.rf.3b8ce371e5b181ff69d40173b1dbe730.jpg,train,frustrated,bigdata_frustrated_engaged_maguru_36_1774443991656_020_jpg.rf.8f044c62ae7f50a55f326b402bffb72f.jpg,test,frustrated,1,6
bigdata_frustrated_engaged_maguru_36_1774443989905_006_jpg.rf.0a461a0d3b56e70f246ed82a42bd9d44.jpg,train,frustrated,bigdata_frustrated_engaged_maguru_36_1774443990383_014_jpg.rf.2fdef8cc7c98d10d8cacd7fa48b1fcc4.jpg,test,frustrated,2,6
bigdata_frustrated_engaged_maguru_36_1774443989905_006_jpg.rf.0a461a0d3b56e70f246ed82a42bd9d44.jpg,train,frustrated,bigdata_frustrated_engaged_maguru_36_1774443991656_020_jpg.rf.8f044c62ae7f50a55f326b402bffb72f.jpg,test,frustrated,3,6
bigdata_frustrated_engaged_maguru_36_1774443989905_007_jpg.rf.72f1240bd10d373fc2ab46df1b9c7436.jpg,train,frustrated,bigdata_frustrated_engaged_maguru_36_1774443990383_014_jpg.rf.2fdef8cc7c98d10d8cacd7fa48b1fcc4.jpg,test,frustrated,2,4
bigdata_frustrated_engaged_maguru_36_1774443989905_007_jpg.rf.72f1240bd10d373fc2ab46df1b9c7436.jpg,train,frustrated,bigdata_frustrated_engaged_maguru_36_1774443991656_020_jpg.rf.8f044c62ae7f50a55f326b402bffb72f.jpg,test,frustrated,1,4
bigdata_frustrated_engaged_maguru_36_1774443989905_008_jpg.rf.ade5081aa709fd065a3d890235604d08.jpg,train,frustrated,bigdata_frustrated_engaged_maguru_36_1774443990383_014_jpg.rf.2fdef8cc7c98d10d8cacd7fa48b1fcc4.jpg,test,frustrated,3,4
bigdata_frustrated_engaged_maguru_36_1774443989905_008_jpg.rf.ade5081aa709fd065a3d890235604d08.jpg,train,frustrated,bigdata_frustrated_engaged_maguru_36_1774443991656_020_jpg.rf.8f044c62ae7f50a55f326b402bffb72f.jpg,test,frustrated,2,4
bigdata_frustrated_engaged_maguru_36_1774443989905_009_jpg.rf.1dd8b2415e586d3a9cad6d4bb0dd5d05.jpg,train,frustrated,bigdata_frustrated_engaged_maguru_36_1774443989230_000_jpg.rf.f95ab0230fb009e42c2bc50853850299.jpg,test,frustrated,5,6
bigdata_frustrated_engaged_maguru_36_1774443989905_009_jpg.rf.1dd8b2415e586d3a9cad6d4bb0dd5d05.jpg,train,frustrated,bigdata_frustrated_engaged_maguru_36_1774443990383_014_jpg.rf.2fdef8cc7c98d10d8cacd7fa48b1fcc4.jpg,test,frustrated,2,4
bigdata_frustrated_engaged_maguru_36_1774443989905_009_jpg.rf.1dd8b2415e586d3a9cad6d4bb0dd5d05.jpg,train,frustrated,bigdata_frustrated_engaged_maguru_36_1774443991656_020_jpg.rf.8f044c62ae7f50a55f326b402bffb72f.jpg,test,frustrated,1,4
bigdata_frustrated_engaged_maguru_36_1774443990383_010_jpg.rf.02fecf1e9b7925a9645e18161375a23c.jpg,train,frustrated,bigdata_frustrated_engaged_maguru_36_1774443990383_014_jpg.rf.2fdef8cc7c98d10d8cacd7fa48b1fcc4.jpg,test,frustrated,1,2
bigdata_frustrated_engaged_maguru_36_1774443990383_010_jpg.rf.02fecf1e9b7925a9645e18161375a23c.jpg,train,frustrated,bigdata_frustrated_engaged_maguru_36_1774443991656_020_jpg.rf.8f044c62ae7f50a55f326b402bffb72f.jpg,test,frustrated,0,2
bigdata_frustrated_engaged_maguru_36_1774443990383_011_jpg.rf.46b56444811d05c87fdbc51d1ae55fce.jpg,train,frustrated,bigdata_frustrated_engaged_maguru_36_1774443990383_014_jpg.rf.2fdef8cc7c98d10d8cacd7fa48b1fcc4.jpg,test,frustrated,1,0
bigdata_frustrated_engaged_maguru_36_1774443990383_011_jpg.rf.46b56444811d05c87fdbc51d1ae55fce.jpg,train,frustrated,bigdata_frustrated_engaged_maguru_36_1774443991656_020_jpg.rf.8f044c62ae7f50a55f326b402bffb72f.jpg,test,frustrated,0,0
bigdata_frustrated_engaged_maguru_36_1774443990383_012_jpg.rf.971cf01caf099a9798ca5c1b49f74374.jpg,train,frustrated,bigdata_frustrated_engaged_maguru_36_1774443990383_014_jpg.rf.2fdef8cc7c98d10d8cacd7fa48b1fcc4.jpg,test,frustrated,2,2
bigdata_frustrated_engaged_maguru_36_1774443990383_012_jpg.rf.971cf01caf099a9798ca5c1b49f74374.jpg,train,frustrated,bigdata_frustrated_engaged_maguru_36_1774443991656_020_jpg.rf.8f044c62ae7f50a55f326b402bffb72f.jpg,test,frustrated,1,2
bigdata_frustrated_engaged_maguru_36_1774443990383_013_jpg.rf.619128590029c188bd0987b76130de38.jpg,train,frustrated,bigdata_frustrated_engaged_maguru_36_1774443990383_014_jpg.rf.2fdef8cc7c98d10d8cacd7fa48b1fcc4.jpg,test,frustrated,1,2
bigdata_frustrated_engaged_maguru_36_1774443990383_013_jpg.rf.619128590029c188bd0987b76130de38.jpg,train,frustrated,bigdata_frustrated_engaged_maguru_36_1774443991656_020_jpg.rf.8f044c62ae7f50a55f326b402bffb72f.jpg,test,frustrated,0,2
bigdata_frustrated_engaged_maguru_36_1774443991014_015_jpg.rf.f4690c49d35c6591396d6a61c8552beb.jpg,train,frustrated,bigdata_frustrated_engaged_maguru_36_1774443990383_014_jpg.rf.2fdef8cc7c98d10d8cacd7fa48b1fcc4.jpg,test,frustrated,1,0
bigdata_frustrated_engaged_maguru_36_1774443991014_015_jpg.rf.f4690c49d35c6591396d6a61c8552beb.jpg,train,frustrated,bigdata_frustrated_engaged_maguru_36_1774443991656_020_jpg.rf.8f044c62ae7f50a55f326b402bffb72f.jpg,test,frustrated,2,0
bigdata_frustrated_engaged_maguru_36_1774443991014_016_jpg.rf.7448e380ff4f727b802165e203146e01.jpg,train,frustrated,bigdata_frustrated_engaged_maguru_36_1774443990383_014_jpg.rf.2fdef8cc7c98d10d8cacd7fa48b1fcc4.jpg,test,frustrated,2,0
bigdata_frustrated_engaged_maguru_36_1774443991014_016_jpg.rf.7448e380ff4f727b802165e203146e01.jpg,train,frustrated,bigdata_frustrated_engaged_maguru_36_1774443991656_020_jpg.rf.8f044c62ae7f50a55f326b402bffb72f.jpg,test,frustrated,1,0
bigdata_frustrated_engaged_maguru_36_1774443991014_017_jpg.rf.98b7542d0723624213be35966517a238.jpg,train,frustrated,bigdata_frustrated_engaged_maguru_36_1774443990383_014_jpg.rf.2fdef8cc7c98d10d8cacd7fa48b1fcc4.jpg,test,frustrated,2,0
bigdata_frustrated_engaged_maguru_36_1774443991014_017_jpg.rf.98b7542d0723624213be35966517a238.jpg,train,frustrated,bigdata_frustrated_engaged_maguru_36_1774443991656_020_jpg.rf.8f044c62ae7f50a55f326b402bffb72f.jpg,test,frustrated,1,0
bigdata_frustrated_engaged_maguru_36_1774443991014_018_jpg.rf.d1703d78cebbf77f7235b1c8d8651e63.jpg,train,frustrated,bigdata_frustrated_engaged_maguru_36_1774443990383_014_jpg.rf.2fdef8cc7c98d10d8cacd7fa48b1fcc4.jpg,test,frustrated,0,0
bigdata_frustrated_engaged_maguru_36_1774443991014_018_jpg.rf.d1703d78cebbf77f7235b1c8d8651e63.jpg,train,frustrated,bigdata_frustrated_engaged_maguru_36_1774443991656_020_jpg.rf.8f044c62ae7f50a55f326b402bffb72f.jpg,test,frustrated,1,0
bigdata_frustrated_engaged_maguru_36_1774443991014_019_jpg.rf.222097d3355b80e3453cf5cca567927d.jpg,train,frustrated,bigdata_frustrated_engaged_maguru_36_1774443990383_014_jpg.rf.2fdef8cc7c98d10d8cacd7fa48b1fcc4.jpg,test,frustrated,0,0
bigdata_frustrated_engaged_maguru_36_1774443991014_019_jpg.rf.222097d3355b80e3453cf5cca567927d.jpg,train,frustrated,bigdata_frustrated_engaged_maguru_36_1774443991656_020_jpg.rf.8f044c62ae7f50a55f326b402bffb72f.jpg,test,frustrated,1,0
bigdata_frustrated_engaged_maguru_36_1774443991656_021_jpg.rf.ef6003c443ea3b292a8a992d5c460768.jpg,train,frustrated,bigdata_frustrated_engaged_maguru_36_1774443990383_014_jpg.rf.2fdef8cc7c98d10d8cacd7fa48b1fcc4.jpg,test,frustrated,1,0
bigdata_frustrated_engaged_maguru_36_1774443991656_021_jpg.rf.ef6003c443ea3b292a8a992d5c460768.jpg,train,frustrated,bigdata_frustrated_engaged_maguru_36_1774443991656_020_jpg.rf.8f044c62ae7f50a55f326b402bffb72f.jpg,test,frustrated,2,0
bigdata_frustrated_engaged_maguru_36_1774443991656_022_jpg.rf.b2add936e862c7c241c2cca93a2ef77c.jpg,train,frustrated,bigdata_frustrated_engaged_maguru_36_1774443990383_014_jpg.rf.2fdef8cc7c98d10d8cacd7fa48b1fcc4.jpg,test,frustrated,0,2
bigdata_frustrated_engaged_maguru_36_1774443991656_022_jpg.rf.b2add936e862c7c241c2cca93a2ef77c.jpg,train,frustrated,bigdata_frustrated_engaged_maguru_36_1774443991656_020_jpg.rf.8f044c62ae7f50a55f326b402bffb72f.jpg,test,frustrated,1,2
bigdata_frustrated_engaged_maguru_36_1774443991656_023_jpg.rf.f6ea75ae25a9859ab2f4e25c53863a88.jpg,train,frustrated,bigdata_frustrated_engaged_maguru_36_1774443990383_014_jpg.rf.2fdef8cc7c98d10d8cacd7fa48b1fcc4.jpg,test,frustrated,0,0
bigdata_frustrated_engaged_maguru_36_1774443991656_023_jpg.rf.f6ea75ae25a9859ab2f4e25c53863a88.jpg,train,frustrated,bigdata_frustrated_engaged_maguru_36_1774443991656_020_jpg.rf.8f044c62ae7f50a55f326b402bffb72f.jpg,test,frustrated,1,0
bigdata_frustrated_engaged_nabielrafi_73_1773300532223_001_jpg.rf.4e814b196a88dd774be22c553667348a.jpg,train,frustrated,bigdata_frustrated_engaged_nabielrafi_73_1773300532856_007_jpg.rf.9240d8fdb8320d89b3f10da921454b1c.jpg,test,frustrated,5,6
bigdata_frustrated_engaged_nabielrafi_73_1773300532856_006_jpg.rf.167b987b0dbf7ebcb5809d54d2f2600f.jpg,train,frustrated,bigdata_frustrated_engaged_nabielrafi_73_1773300532856_007_jpg.rf.9240d8fdb8320d89b3f10da921454b1c.jpg,test,frustrated,0,2
bigdata_frustrated_engaged_nabielrafi_73_1773300532856_008_jpg.rf.2d2e966bb74bcfe180bd40975e1f275c.jpg,train,frustrated,bigdata_frustrated_engaged_nabielrafi_73_1773300532856_007_jpg.rf.9240d8fdb8320d89b3f10da921454b1c.jpg,test,frustrated,4,2
bigdata_frustrated_engaged_nabielrafi_73_1773300533687_010_jpg.rf.9d53b6b7fe8f7c3bcb38c96482fa81ae.jpg,train,frustrated,bigdata_frustrated_engaged_nabielrafi_73_1773300532856_007_jpg.rf.9240d8fdb8320d89b3f10da921454b1c.jpg,test,frustrated,5,2
bigdata_frustrated_engaged_nabielrafi_73_1773300533687_013_jpg.rf.2e9858cb2900afe4736e0f897b2f162d.jpg,train,frustrated,bigdata_frustrated_engaged_nabielrafi_73_1773300532856_007_jpg.rf.9240d8fdb8320d89b3f10da921454b1c.jpg,test,frustrated,3,4
bigdata_frustrated_engaged_nian_74_1774481817279_000_jpg.rf.ddad193415719a68d481dc3b644558e6.jpg,train,frustrated,bigdata_frustrated_engaged_nian_74_1774481818291_006_jpg.rf.882fd5c47b1fac5dfed74965a3f07b69.jpg,test,frustrated,5,6
bigdata_frustrated_engaged_nian_74_1774481817279_001_jpg.rf.8acbdd2ec829ea21b301092fbee60646.jpg,train,frustrated,bigdata_frustrated_engaged_nian_74_1774481818291_006_jpg.rf.882fd5c47b1fac5dfed74965a3f07b69.jpg,test,frustrated,3,6
bigdata_frustrated_engaged_nian_74_1774481817279_002_jpg.rf.b2e0dcdd5029b74a3bd2c928d7f4976f.jpg,train,frustrated,bigdata_frustrated_engaged_nian_74_1774481818291_006_jpg.rf.882fd5c47b1fac5dfed74965a3f07b69.jpg,test,frustrated,4,6
bigdata_frustrated_engaged_nian_74_1774481817279_003_jpg.rf.cf1754bcbe5f72fa00a9495e94e5a543.jpg,train,frustrated,bigdata_frustrated_engaged_nian_74_1774481818291_006_jpg.rf.882fd5c47b1fac5dfed74965a3f07b69.jpg,test,frustrated,1,4
bigdata_frustrated_engaged_nian_74_1774481817279_003_jpg.rf.cf1754bcbe5f72fa00a9495e94e5a543.jpg,train,frustrated,bigdata_frustrated_engaged_nian_74_1774481819730_020_jpg.rf.7c23db828acdd47cfd225a809c1bc2de.jpg,test,frustrated,4,6
bigdata_frustrated_engaged_nian_74_1774481817279_004_jpg.rf.80df9eb2af64ae5f457edf2b5636272b.jpg,train,frustrated,bigdata_frustrated_engaged_nian_74_1774481818291_006_jpg.rf.882fd5c47b1fac5dfed74965a3f07b69.jpg,test,frustrated,3,0
bigdata_frustrated_engaged_nian_74_1774481817279_004_jpg.rf.80df9eb2af64ae5f457edf2b5636272b.jpg,train,frustrated,bigdata_frustrated_engaged_nian_74_1774481819730_020_jpg.rf.7c23db828acdd47cfd225a809c1bc2de.jpg,test,frustrated,2,2
bigdata_frustrated_engaged_nian_74_1774481818291_005_jpg.rf.2285a75fcc0a71b5f6f255c3983390cc.jpg,train,frustrated,bigdata_frustrated_engaged_nian_74_1774481818291_006_jpg.rf.882fd5c47b1fac5dfed74965a3f07b69.jpg,test,frustrated,0,0
bigdata_frustrated_engaged_nian_74_1774481818291_005_jpg.rf.2285a75fcc0a71b5f6f255c3983390cc.jpg,train,frustrated,bigdata_frustrated_engaged_nian_74_1774481819730_020_jpg.rf.7c23db828acdd47cfd225a809c1bc2de.jpg,test,frustrated,3,2
bigdata_frustrated_engaged_nian_74_1774481818291_007_jpg.rf.510402817a00f5136e84dd51c6c50358.jpg,train,frustrated,bigdata_frustrated_engaged_nian_74_1774481818291_006_jpg.rf.882fd5c47b1fac5dfed74965a3f07b69.jpg,test,frustrated,1,0
bigdata_frustrated_engaged_nian_74_1774481818291_007_jpg.rf.510402817a00f5136e84dd51c6c50358.jpg,train,frustrated,bigdata_frustrated_engaged_nian_74_1774481819730_020_jpg.rf.7c23db828acdd47cfd225a809c1bc2de.jpg,test,frustrated,2,2
bigdata_frustrated_engaged_nian_74_1774481818291_008_jpg.rf.e6b3fbb973b016efa5e5069736fa9674.jpg,train,frustrated,bigdata_frustrated_engaged_nian_74_1774481818291_006_jpg.rf.882fd5c47b1fac5dfed74965a3f07b69.jpg,test,frustrated,2,0
bigdata_frustrated_engaged_nian_74_1774481818291_008_jpg.rf.e6b3fbb973b016efa5e5069736fa9674.jpg,train,frustrated,bigdata_frustrated_engaged_nian_74_1774481819730_020_jpg.rf.7c23db828acdd47cfd225a809c1bc2de.jpg,test,frustrated,1,2
bigdata_frustrated_engaged_nian_74_1774481818873_010_jpg.rf.570e79f1df92848741eaa32e4c2b7ab1.jpg,train,frustrated,bigdata_frustrated_engaged_nian_74_1774481818291_006_jpg.rf.882fd5c47b1fac5dfed74965a3f07b69.jpg,test,frustrated,1,2
bigdata_frustrated_engaged_nian_74_1774481818873_010_jpg.rf.570e79f1df92848741eaa32e4c2b7ab1.jpg,train,frustrated,bigdata_frustrated_engaged_nian_74_1774481819730_020_jpg.rf.7c23db828acdd47cfd225a809c1bc2de.jpg,test,frustrated,2,0
bigdata_frustrated_engaged_nian_74_1774481818873_013_jpg.rf.5343e2675f37435cda128489787939fc.jpg,train,frustrated,bigdata_frustrated_engaged_nian_74_1774481818291_006_jpg.rf.882fd5c47b1fac5dfed74965a3f07b69.jpg,test,frustrated,4,6
bigdata_frustrated_engaged_nian_74_1774481818873_013_jpg.rf.5343e2675f37435cda128489787939fc.jpg,train,frustrated,bigdata_frustrated_engaged_nian_74_1774481819730_020_jpg.rf.7c23db828acdd47cfd225a809c1bc2de.jpg,test,frustrated,3,4
bigdata_frustrated_engaged_nian_74_1774481818873_014_jpg.rf.1a446fce93f2a293ea21f046b0d4e4b8.jpg,train,frustrated,bigdata_frustrated_engaged_nian_74_1774481818291_006_jpg.rf.882fd5c47b1fac5dfed74965a3f07b69.jpg,test,frustrated,4,2
bigdata_frustrated_engaged_nian_74_1774481818873_014_jpg.rf.1a446fce93f2a293ea21f046b0d4e4b8.jpg,train,frustrated,bigdata_frustrated_engaged_nian_74_1774481819730_020_jpg.rf.7c23db828acdd47cfd225a809c1bc2de.jpg,test,frustrated,1,0
bigdata_frustrated_engaged_nian_74_1774481819305_015_jpg.rf.7d7d6da4baf03b808e6efcf2a02de43c.jpg,train,frustrated,bigdata_frustrated_engaged_nian_74_1774481818291_006_jpg.rf.882fd5c47b1fac5dfed74965a3f07b69.jpg,test,frustrated,4,4
bigdata_frustrated_engaged_nian_74_1774481819305_015_jpg.rf.7d7d6da4baf03b808e6efcf2a02de43c.jpg,train,frustrated,bigdata_frustrated_engaged_nian_74_1774481819730_020_jpg.rf.7c23db828acdd47cfd225a809c1bc2de.jpg,test,frustrated,1,2
bigdata_frustrated_engaged_nian_74_1774481819305_016_jpg.rf.e1ed5c3be1105faf9ecd10f5766c7fdc.jpg,train,frustrated,bigdata_frustrated_engaged_nian_74_1774481818291_006_jpg.rf.882fd5c47b1fac5dfed74965a3f07b69.jpg,test,frustrated,4,2
bigdata_frustrated_engaged_nian_74_1774481819305_016_jpg.rf.e1ed5c3be1105faf9ecd10f5766c7fdc.jpg,train,frustrated,bigdata_frustrated_engaged_nian_74_1774481819730_020_jpg.rf.7c23db828acdd47cfd225a809c1bc2de.jpg,test,frustrated,1,0
bigdata_frustrated_engaged_nian_74_1774481819305_017_jpg.rf.d87b6aa485b1bb2ab8f96ece9cd8a1d7.jpg,train,frustrated,bigdata_frustrated_engaged_nian_74_1774481818291_006_jpg.rf.882fd5c47b1fac5dfed74965a3f07b69.jpg,test,frustrated,4,2
bigdata_frustrated_engaged_nian_74_1774481819305_017_jpg.rf.d87b6aa485b1bb2ab8f96ece9cd8a1d7.jpg,train,frustrated,bigdata_frustrated_engaged_nian_74_1774481819730_020_jpg.rf.7c23db828acdd47cfd225a809c1bc2de.jpg,test,frustrated,1,0
bigdata_frustrated_engaged_nian_74_1774481819305_018_jpg.rf.8f1374d17a9760cb4271616cf528a3a7.jpg,train,frustrated,bigdata_frustrated_engaged_nian_74_1774481818291_006_jpg.rf.882fd5c47b1fac5dfed74965a3f07b69.jpg,test,frustrated,4,2
bigdata_frustrated_engaged_nian_74_1774481819305_018_jpg.rf.8f1374d17a9760cb4271616cf528a3a7.jpg,train,frustrated,bigdata_frustrated_engaged_nian_74_1774481819730_020_jpg.rf.7c23db828acdd47cfd225a809c1bc2de.jpg,test,frustrated,1,0
bigdata_frustrated_engaged_nian_74_1774481819305_019_jpg.rf.e4dcd208065335a50f03a2c2148fc680.jpg,train,frustrated,bigdata_frustrated_engaged_nian_74_1774481818291_006_jpg.rf.882fd5c47b1fac5dfed74965a3f07b69.jpg,test,frustrated,3,2
bigdata_frustrated_engaged_nian_74_1774481819305_019_jpg.rf.e4dcd208065335a50f03a2c2148fc680.jpg,train,frustrated,bigdata_frustrated_engaged_nian_74_1774481819730_020_jpg.rf.7c23db828acdd47cfd225a809c1bc2de.jpg,test,frustrated,0,0
bigdata_frustrated_engaged_nian_74_1774481819731_021_jpg.rf.d6da84e987b7df036ffdf16519e2ff52.jpg,train,frustrated,bigdata_frustrated_engaged_nian_74_1774481818291_006_jpg.rf.882fd5c47b1fac5dfed74965a3f07b69.jpg,test,frustrated,3,2
bigdata_frustrated_engaged_nian_74_1774481819731_021_jpg.rf.d6da84e987b7df036ffdf16519e2ff52.jpg,train,frustrated,bigdata_frustrated_engaged_nian_74_1774481819730_020_jpg.rf.7c23db828acdd47cfd225a809c1bc2de.jpg,test,frustrated,0,0
bigdata_frustrated_engaged_nian_74_1774481819731_022_jpg.rf.0a24ec3b1121c460b100f0266259ca64.jpg,train,frustrated,bigdata_frustrated_engaged_nian_74_1774481818291_006_jpg.rf.882fd5c47b1fac5dfed74965a3f07b69.jpg,test,frustrated,3,2
bigdata_frustrated_engaged_nian_74_1774481819731_022_jpg.rf.0a24ec3b1121c460b100f0266259ca64.jpg,train,frustrated,bigdata_frustrated_engaged_nian_74_1774481819730_020_jpg.rf.7c23db828acdd47cfd225a809c1bc2de.jpg,test,frustrated,0,0
bigdata_frustrated_engaged_nian_74_1774481819731_023_jpg.rf.25fd48838e96303149e60c288be427dc.jpg,train,frustrated,bigdata_frustrated_engaged_nian_74_1774481818291_006_jpg.rf.882fd5c47b1fac5dfed74965a3f07b69.jpg,test,frustrated,3,2
bigdata_frustrated_engaged_nian_74_1774481819731_023_jpg.rf.25fd48838e96303149e60c288be427dc.jpg,train,frustrated,bigdata_frustrated_engaged_nian_74_1774481819730_020_jpg.rf.7c23db828acdd47cfd225a809c1bc2de.jpg,test,frustrated,0,0
bigdata_frustrated_engaged_rahyan_94_1773299540640_009_jpg.rf.87c2dcc338fea2b7782796157cd47d83.jpg,train,frustrated,bigdata_frustrated_engaged_rahyan_94_1773299541318_010_jpg.rf.b812bd70c3c1ec88035bd9e40f38ada4.jpg,test,frustrated,3,4
bigdata_frustrated_engaged_rahyan_94_1773299541318_011_jpg.rf.354f64fa3265d57f6b3d8dcca47a8701.jpg,train,frustrated,bigdata_frustrated_engaged_rahyan_94_1773299541318_010_jpg.rf.b812bd70c3c1ec88035bd9e40f38ada4.jpg,test,frustrated,4,6
bigdata_frustrated_engaged_rahyan_94_1773299541318_013_jpg.rf.1ecf6899abda923e9a10aaf8f82cce97.jpg,train,frustrated,bigdata_frustrated_engaged_rahyan_94_1773299542063_015_jpg.rf.1136329858659f8d3a15633159525446.jpg,test,frustrated,1,6
bigdata_frustrated_engaged_rahyan_94_1773299542064_017_jpg.rf.cec3f3ecc0401725d6010f5f3d67baca.jpg,train,frustrated,bigdata_frustrated_engaged_rahyan_94_1773299542064_019_jpg.rf.320a543b3edd755a330b37db4faf02f9.jpg,test,frustrated,2,2
bigdata_frustrated_engaged_rahyan_94_1773299542064_018_jpg.rf.9e7ca7ced2eadef9ef32ac197f64c21f.jpg,train,frustrated,bigdata_frustrated_engaged_rahyan_94_1773299542063_015_jpg.rf.1136329858659f8d3a15633159525446.jpg,test,frustrated,1,6
bigdata_frustrated_engaged_rahyan_94_1773299542064_018_jpg.rf.9e7ca7ced2eadef9ef32ac197f64c21f.jpg,train,frustrated,bigdata_frustrated_engaged_rahyan_94_1773299542064_019_jpg.rf.320a543b3edd755a330b37db4faf02f9.jpg,test,frustrated,1,2
bigdata_frustrated_engaged_rahyan_94_1773299542754_020_jpg.rf.3cf0018b9dac72358c809652b0535ee7.jpg,train,frustrated,bigdata_frustrated_engaged_rahyan_94_1773299542064_019_jpg.rf.320a543b3edd755a330b37db4faf02f9.jpg,test,frustrated,1,4
bigdata_frustrated_engaged_rahyan_94_1773299542754_021_jpg.rf.eba8dab53bcfb34a4132a3f1181e116d.jpg,train,frustrated,bigdata_frustrated_engaged_rahyan_94_1773299542064_019_jpg.rf.320a543b3edd755a330b37db4faf02f9.jpg,test,frustrated,3,6
bigdata_frustrated_engaged_rahyan_94_1773299542754_022_jpg.rf.a1bee8a37a57a9c4a3acb9f52630cddc.jpg,train,frustrated,bigdata_frustrated_engaged_rahyan_94_1773299542064_019_jpg.rf.320a543b3edd755a330b37db4faf02f9.jpg,test,frustrated,2,4
bigdata_frustrated_engaged_rahyan_94_1773299542754_023_jpg.rf.ead6a701e1cb074138227de9588f78b6.jpg,train,frustrated,bigdata_frustrated_engaged_rahyan_94_1773299542064_019_jpg.rf.320a543b3edd755a330b37db4faf02f9.jpg,test,frustrated,3,4
bigdata_frustrated_engaged_sultanbudi_44_1773299492609_003_jpg.rf.e92bf458ccc35dcca2a89e933f6c90a1.jpg,train,frustrated,bigdata_frustrated_engaged_sultanbudi_44_1773299494792_006_jpg.rf.958bb0294e189e906a7f49c03f446f76.jpg,test,frustrated,5,6
bigdata_frustrated_engaged_sultanbudi_44_1773299492609_004_jpg.rf.301219e80da95a0e463052703f788587.jpg,train,frustrated,bigdata_frustrated_engaged_sultanbudi_44_1773299494792_006_jpg.rf.958bb0294e189e906a7f49c03f446f76.jpg,test,frustrated,2,2
bigdata_frustrated_engaged_sultanbudi_44_1773299494792_007_jpg.rf.ce70cdf2c1efa2f27feea624e77e2775.jpg,train,frustrated,bigdata_frustrated_engaged_sultanbudi_44_1773299494792_006_jpg.rf.958bb0294e189e906a7f49c03f446f76.jpg,test,frustrated,2,0
bigdata_frustrated_engaged_sultanbudi_44_1773299494792_008_jpg.rf.3208098d6fb65b5755ef3f378191ee69.jpg,train,frustrated,bigdata_frustrated_engaged_sultanbudi_44_1773299494792_006_jpg.rf.958bb0294e189e906a7f49c03f446f76.jpg,test,frustrated,1,2
bigdata_frustrated_engaged_sultanbudi_44_1773299494793_009_jpg.rf.a74d2671a0c05ce17c9f6a788a2aea3c.jpg,train,frustrated,bigdata_frustrated_engaged_sultanbudi_44_1773299494792_006_jpg.rf.958bb0294e189e906a7f49c03f446f76.jpg,test,frustrated,0,6
bored_1429.jpg,train,bored,confused_1064.jpg,test,confused,1,4
bored_1950.jpg,train,bored,frustrated_2946.jpg,test,frustrated,3,6
bored_2157.jpg,train,bored,engaged_419.jpg,test,engaged,4,6
bored_2157.jpg,train,bored,engaged_465.jpg,test,engaged,4,6
bored_2157.jpg,train,bored,engaged_683.jpg,test,engaged,3,4
bored_2193.jpg,train,bored,bored_2201.jpg,test,bored,0,2
bored_2193.jpg,train,bored,confused_3271.jpg,test,confused,2,6
bored_2230.jpg,train,bored,bored_2201.jpg,test,bored,0,2
bored_2230.jpg,train,bored,confused_3271.jpg,test,confused,2,6
bored_2268.jpg,train,bored,confused_3271.jpg,test,confused,1,6
bored_2268.jpg,train,bored,engaged_683.jpg,test,engaged,2,6
bored_3311.jpg,train,bored,confused_2728.jpg,test,confused,3,6
bored_4749.jpg,train,bored,confused_4559.jpg,test,confused,1,2
bored_4817.jpg,train,bored,confused_4559.jpg,test,confused,5,2
bored_4880.jpg,train,bored,bored_4708.jpg,test,bored,1,2
bored_5011.jpg,train,bored,bored_5053.jpg,test,bored,4,4
bored_5123.jpg,train,bored,bored_5222.jpg,test,bored,0,0
bored_5123.jpg,train,bored,bored_5226.jpg,test,bored,1,0
bored_5123.jpg,train,bored,confused_13013.jpg,test,confused,2,0
bored_5123.jpg,train,bored,confused_13018.jpg,test,confused,2,0
bored_5123.jpg,train,bored,frustrated_8024.jpg,test,frustrated,1,0
bored_5123.jpg,train,bored,frustrated_8029.jpg,test,frustrated,1,0
bored_5123.jpg,train,bored,frustrated_8942.jpg,test,frustrated,1,4
bored_5123.jpg,train,bored,frustrated_9024.jpg,test,frustrated,1,4
bored_5123.jpg,train,bored,frustrated_9576.jpg,test,frustrated,1,4
bored_5166.jpg,train,bored,bored_5222.jpg,test,bored,1,0
bored_5166.jpg,train,bored,bored_5226.jpg,test,bored,0,0
bored_5166.jpg,train,bored,confused_13013.jpg,test,confused,1,0
bored_5166.jpg,train,bored,confused_13018.jpg,test,confused,1,0
bored_5166.jpg,train,bored,frustrated_8024.jpg,test,frustrated,0,0
bored_5166.jpg,train,bored,frustrated_8029.jpg,test,frustrated,0,0
bored_5166.jpg,train,bored,frustrated_8942.jpg,test,frustrated,0,4
bored_5166.jpg,train,bored,frustrated_9024.jpg,test,frustrated,0,4
bored_5166.jpg,train,bored,frustrated_9576.jpg,test,frustrated,0,4
bored_5171.jpg,train,bored,bored_5222.jpg,test,bored,1,0
bored_5171.jpg,train,bored,bored_5226.jpg,test,bored,0,0
bored_5171.jpg,train,bored,confused_13013.jpg,test,confused,1,0
bored_5171.jpg,train,bored,confused_13018.jpg,test,confused,1,0
bored_5171.jpg,train,bored,frustrated_8024.jpg,test,frustrated,0,0
bored_5171.jpg,train,bored,frustrated_8029.jpg,test,frustrated,0,0
bored_5171.jpg,train,bored,frustrated_8942.jpg,test,frustrated,0,4
bored_5171.jpg,train,bored,frustrated_9024.jpg,test,frustrated,0,4
bored_5171.jpg,train,bored,frustrated_9576.jpg,test,frustrated,0,4
bored_5177.jpg,train,bored,bored_5222.jpg,test,bored,1,0
bored_5177.jpg,train,bored,bored_5226.jpg,test,bored,0,0
bored_5177.jpg,train,bored,confused_13013.jpg,test,confused,1,0
bored_5177.jpg,train,bored,confused_13018.jpg,test,confused,1,0
bored_5177.jpg,train,bored,frustrated_8024.jpg,test,frustrated,0,0
bored_5177.jpg,train,bored,frustrated_8029.jpg,test,frustrated,0,0
bored_5177.jpg,train,bored,frustrated_8942.jpg,test,frustrated,0,4
bored_5177.jpg,train,bored,frustrated_9024.jpg,test,frustrated,0,4
bored_5177.jpg,train,bored,frustrated_9576.jpg,test,frustrated,0,4
bored_5182.jpg,train,bored,bored_5222.jpg,test,bored,1,0
bored_5182.jpg,train,bored,bored_5226.jpg,test,bored,0,0
bored_5182.jpg,train,bored,confused_13013.jpg,test,confused,1,0
bored_5182.jpg,train,bored,confused_13018.jpg,test,confused,1,0
bored_5182.jpg,train,bored,frustrated_8024.jpg,test,frustrated,0,0
bored_5182.jpg,train,bored,frustrated_8029.jpg,test,frustrated,0,0
bored_5182.jpg,train,bored,frustrated_8942.jpg,test,frustrated,0,4
bored_5182.jpg,train,bored,frustrated_9024.jpg,test,frustrated,0,4
bored_5182.jpg,train,bored,frustrated_9576.jpg,test,frustrated,0,4
bored_5188.jpg,train,bored,bored_5222.jpg,test,bored,1,0
bored_5188.jpg,train,bored,bored_5226.jpg,test,bored,0,0
bored_5188.jpg,train,bored,confused_13013.jpg,test,confused,1,0
bored_5188.jpg,train,bored,confused_13018.jpg,test,confused,1,0
bored_5188.jpg,train,bored,frustrated_8024.jpg,test,frustrated,0,0
bored_5188.jpg,train,bored,frustrated_8029.jpg,test,frustrated,0,0
bored_5188.jpg,train,bored,frustrated_8942.jpg,test,frustrated,0,4
bored_5188.jpg,train,bored,frustrated_9024.jpg,test,frustrated,0,4
bored_5188.jpg,train,bored,frustrated_9576.jpg,test,frustrated,0,4
bored_5197.jpg,train,bored,bored_5222.jpg,test,bored,1,0
bored_5197.jpg,train,bored,bored_5226.jpg,test,bored,0,0
bored_5197.jpg,train,bored,confused_13013.jpg,test,confused,1,0
bored_5197.jpg,train,bored,confused_13018.jpg,test,confused,1,0
bored_5197.jpg,train,bored,frustrated_8024.jpg,test,frustrated,0,0
bored_5197.jpg,train,bored,frustrated_8029.jpg,test,frustrated,0,0
bored_5197.jpg,train,bored,frustrated_8942.jpg,test,frustrated,0,4
bored_5197.jpg,train,bored,frustrated_9024.jpg,test,frustrated,0,4
bored_5197.jpg,train,bored,frustrated_9576.jpg,test,frustrated,0,4
bored_5202.jpg,train,bored,bored_5222.jpg,test,bored,1,0
bored_5202.jpg,train,bored,bored_5226.jpg,test,bored,0,0
bored_5202.jpg,train,bored,confused_13013.jpg,test,confused,1,0
bored_5202.jpg,train,bored,confused_13018.jpg,test,confused,1,0
bored_5202.jpg,train,bored,frustrated_8024.jpg,test,frustrated,0,0
bored_5202.jpg,train,bored,frustrated_8029.jpg,test,frustrated,0,0
bored_5202.jpg,train,bored,frustrated_8942.jpg,test,frustrated,0,4
bored_5202.jpg,train,bored,frustrated_9024.jpg,test,frustrated,0,4
bored_5202.jpg,train,bored,frustrated_9576.jpg,test,frustrated,0,4
bored_5207.jpg,train,bored,bored_5222.jpg,test,bored,1,0
bored_5207.jpg,train,bored,bored_5226.jpg,test,bored,0,0
bored_5207.jpg,train,bored,confused_13013.jpg,test,confused,1,0
bored_5207.jpg,train,bored,confused_13018.jpg,test,confused,1,0
bored_5207.jpg,train,bored,frustrated_8024.jpg,test,frustrated,0,0
bored_5207.jpg,train,bored,frustrated_8029.jpg,test,frustrated,0,0
bored_5207.jpg,train,bored,frustrated_8942.jpg,test,frustrated,0,4
bored_5207.jpg,train,bored,frustrated_9024.jpg,test,frustrated,0,4
bored_5207.jpg,train,bored,frustrated_9576.jpg,test,frustrated,0,4
bored_5212.jpg,train,bored,bored_5222.jpg,test,bored,0,0
bored_5212.jpg,train,bored,bored_5226.jpg,test,bored,1,0
bored_5212.jpg,train,bored,confused_13013.jpg,test,confused,2,0
bored_5212.jpg,train,bored,confused_13018.jpg,test,confused,2,0
bored_5212.jpg,train,bored,frustrated_8024.jpg,test,frustrated,1,0
bored_5212.jpg,train,bored,frustrated_8029.jpg,test,frustrated,1,0
bored_5212.jpg,train,bored,frustrated_8942.jpg,test,frustrated,1,4
bored_5212.jpg,train,bored,frustrated_9024.jpg,test,frustrated,1,4
bored_5212.jpg,train,bored,frustrated_9576.jpg,test,frustrated,1,4
bored_5217.jpg,train,bored,bored_5222.jpg,test,bored,1,0
bored_5217.jpg,train,bored,bored_5226.jpg,test,bored,0,0
bored_5217.jpg,train,bored,confused_13013.jpg,test,confused,1,0
bored_5217.jpg,train,bored,confused_13018.jpg,test,confused,1,0
bored_5217.jpg,train,bored,frustrated_8024.jpg,test,frustrated,0,0
bored_5217.jpg,train,bored,frustrated_8029.jpg,test,frustrated,0,0
bored_5217.jpg,train,bored,frustrated_8942.jpg,test,frustrated,0,4
bored_5217.jpg,train,bored,frustrated_9024.jpg,test,frustrated,0,4
bored_5217.jpg,train,bored,frustrated_9576.jpg,test,frustrated,0,4
bored_5543.jpg,train,bored,bored_5222.jpg,test,bored,1,2
bored_5543.jpg,train,bored,bored_5226.jpg,test,bored,0,2
bored_5543.jpg,train,bored,confused_13013.jpg,test,confused,1,2
bored_5543.jpg,train,bored,confused_13018.jpg,test,confused,1,2
bored_5543.jpg,train,bored,frustrated_8024.jpg,test,frustrated,0,2
bored_5543.jpg,train,bored,frustrated_8029.jpg,test,frustrated,0,2
bored_5543.jpg,train,bored,frustrated_8942.jpg,test,frustrated,0,4
bored_5543.jpg,train,bored,frustrated_9024.jpg,test,frustrated,0,4
bored_5543.jpg,train,bored,frustrated_9576.jpg,test,frustrated,0,4
bored_5553.jpg,train,bored,bored_5222.jpg,test,bored,1,2
bored_5553.jpg,train,bored,bored_5226.jpg,test,bored,0,2
bored_5553.jpg,train,bored,confused_13013.jpg,test,confused,1,2
bored_5553.jpg,train,bored,confused_13018.jpg,test,confused,1,2
bored_5553.jpg,train,bored,frustrated_8024.jpg,test,frustrated,0,2
bored_5553.jpg,train,bored,frustrated_8029.jpg,test,frustrated,0,2
bored_5553.jpg,train,bored,frustrated_8942.jpg,test,frustrated,0,4
bored_5553.jpg,train,bored,frustrated_9024.jpg,test,frustrated,0,4
bored_5553.jpg,train,bored,frustrated_9576.jpg,test,frustrated,0,4
bored_5596.jpg,train,bored,bored_5222.jpg,test,bored,1,2
bored_5596.jpg,train,bored,bored_5226.jpg,test,bored,0,2
bored_5596.jpg,train,bored,confused_13013.jpg,test,confused,1,2
bored_5596.jpg,train,bored,confused_13018.jpg,test,confused,1,2
bored_5596.jpg,train,bored,frustrated_8024.jpg,test,frustrated,0,2
bored_5596.jpg,train,bored,frustrated_8029.jpg,test,frustrated,0,2
bored_5596.jpg,train,bored,frustrated_8942.jpg,test,frustrated,0,4
bored_5596.jpg,train,bored,frustrated_9024.jpg,test,frustrated,0,4
bored_5596.jpg,train,bored,frustrated_9576.jpg,test,frustrated,0,4
bored_5606.jpg,train,bored,bored_5222.jpg,test,bored,1,2
bored_5606.jpg,train,bored,bored_5226.jpg,test,bored,0,2
bored_5606.jpg,train,bored,confused_13013.jpg,test,confused,1,2
bored_5606.jpg,train,bored,confused_13018.jpg,test,confused,1,2
bored_5606.jpg,train,bored,frustrated_8024.jpg,test,frustrated,0,2
bored_5606.jpg,train,bored,frustrated_8029.jpg,test,frustrated,0,2
bored_5606.jpg,train,bored,frustrated_8942.jpg,test,frustrated,0,4
bored_5606.jpg,train,bored,frustrated_9024.jpg,test,frustrated,0,4
bored_5606.jpg,train,bored,frustrated_9576.jpg,test,frustrated,0,4
bored_5700.jpg,train,bored,bored_5685.jpg,test,bored,2,2
bored_5706.jpg,train,bored,bored_5685.jpg,test,bored,2,2
bored_5867.jpg,train,bored,bored_5685.jpg,test,bored,5,2
bored_5867.jpg,train,bored,bored_6047.jpg,test,bored,1,0
bored_5867.jpg,train,bored,frustrated_9145.jpg,test,frustrated,3,2
bored_5893.jpg,train,bored,bored_5685.jpg,test,bored,5,2
bored_5893.jpg,train,bored,bored_6047.jpg,test,bored,1,0
bored_5893.jpg,train,bored,frustrated_9145.jpg,test,frustrated,3,2
bored_5899.jpg,train,bored,bored_5685.jpg,test,bored,5,2
bored_5899.jpg,train,bored,bored_6047.jpg,test,bored,1,0
bored_5899.jpg,train,bored,frustrated_9145.jpg,test,frustrated,3,2
bored_5905.jpg,train,bored,bored_5685.jpg,test,bored,5,2
bored_5905.jpg,train,bored,bored_6047.jpg,test,bored,1,0
bored_5905.jpg,train,bored,frustrated_9145.jpg,test,frustrated,3,2
bored_5914.jpg,train,bored,bored_5685.jpg,test,bored,5,2
bored_5914.jpg,train,bored,bored_6047.jpg,test,bored,1,0
bored_5914.jpg,train,bored,frustrated_9145.jpg,test,frustrated,3,2
bored_5919.jpg,train,bored,bored_5685.jpg,test,bored,4,2
bored_5919.jpg,train,bored,bored_6047.jpg,test,bored,0,0
bored_5919.jpg,train,bored,frustrated_9145.jpg,test,frustrated,4,2
bored_6005.jpg,train,bored,bored_5685.jpg,test,bored,4,2
bored_6005.jpg,train,bored,bored_6047.jpg,test,bored,0,0
bored_6005.jpg,train,bored,frustrated_9145.jpg,test,frustrated,4,2
bored_6010.jpg,train,bored,bored_5685.jpg,test,bored,4,2
bored_6010.jpg,train,bored,bored_6047.jpg,test,bored,0,0
bored_6010.jpg,train,bored,frustrated_9145.jpg,test,frustrated,4,2
bored_6016.jpg,train,bored,bored_5685.jpg,test,bored,4,2
bored_6016.jpg,train,bored,bored_6047.jpg,test,bored,0,0
bored_6016.jpg,train,bored,frustrated_9145.jpg,test,frustrated,4,2
bored_6022.jpg,train,bored,bored_5685.jpg,test,bored,4,2
bored_6022.jpg,train,bored,bored_6047.jpg,test,bored,0,0
bored_6022.jpg,train,bored,frustrated_9145.jpg,test,frustrated,4,2
bored_6027.jpg,train,bored,bored_5685.jpg,test,bored,4,2
bored_6027.jpg,train,bored,bored_6047.jpg,test,bored,0,0
bored_6027.jpg,train,bored,frustrated_9145.jpg,test,frustrated,4,2
bored_6032.jpg,train,bored,bored_5685.jpg,test,bored,4,2
bored_6032.jpg,train,bored,bored_6047.jpg,test,bored,0,0
bored_6032.jpg,train,bored,frustrated_9145.jpg,test,frustrated,4,2
bored_6037.jpg,train,bored,bored_5685.jpg,test,bored,4,2
bored_6037.jpg,train,bored,bored_6047.jpg,test,bored,0,0
bored_6037.jpg,train,bored,frustrated_9145.jpg,test,frustrated,4,2
bored_6042.jpg,train,bored,bored_5685.jpg,test,bored,4,2
bored_6042.jpg,train,bored,bored_6047.jpg,test,bored,0,0
bored_6042.jpg,train,bored,frustrated_9145.jpg,test,frustrated,4,2
bored_6080.jpg,train,bored,bored_5685.jpg,test,bored,4,2
bored_6080.jpg,train,bored,bored_6047.jpg,test,bored,0,0
bored_6080.jpg,train,bored,frustrated_9145.jpg,test,frustrated,4,2
bored_6265.jpg,train,bored,bored_6279.jpg,test,bored,0,2
bored_6265.jpg,train,bored,bored_6379.jpg,test,bored,2,4
bored_6265.jpg,train,bored,bored_6918.jpg,test,bored,1,4
bored_6265.jpg,train,bored,bored_7094.jpg,test,bored,2,2
bored_6265.jpg,train,bored,bored_7107.jpg,test,bored,2,2
bored_6271.jpg,train,bored,bored_6279.jpg,test,bored,0,0
bored_6271.jpg,train,bored,bored_6379.jpg,test,bored,2,4
bored_6271.jpg,train,bored,bored_6918.jpg,test,bored,1,4
bored_6271.jpg,train,bored,bored_7094.jpg,test,bored,2,4
bored_6271.jpg,train,bored,bored_7107.jpg,test,bored,2,4
bored_6275.jpg,train,bored,bored_6279.jpg,test,bored,0,0
bored_6275.jpg,train,bored,bored_6379.jpg,test,bored,2,4
bored_6275.jpg,train,bored,bored_6918.jpg,test,bored,1,4
bored_6275.jpg,train,bored,bored_7094.jpg,test,bored,2,4
bored_6275.jpg,train,bored,bored_7107.jpg,test,bored,2,4
bored_6294.jpg,train,bored,bored_6279.jpg,test,bored,0,0
bored_6294.jpg,train,bored,bored_6379.jpg,test,bored,2,4
bored_6294.jpg,train,bored,bored_6918.jpg,test,bored,1,4
bored_6294.jpg,train,bored,bored_7094.jpg,test,bored,2,4
bored_6294.jpg,train,bored,bored_7107.jpg,test,bored,2,4
bored_6298.jpg,train,bored,bored_6279.jpg,test,bored,0,0
bored_6298.jpg,train,bored,bored_6379.jpg,test,bored,2,4
bored_6298.jpg,train,bored,bored_6918.jpg,test,bored,1,4
bored_6298.jpg,train,bored,bored_7094.jpg,test,bored,2,4
bored_6298.jpg,train,bored,bored_7107.jpg,test,bored,2,4
bored_6302.jpg,train,bored,bored_6279.jpg,test,bored,0,0
bored_6302.jpg,train,bored,bored_6379.jpg,test,bored,2,4
bored_6302.jpg,train,bored,bored_6918.jpg,test,bored,1,4
bored_6302.jpg,train,bored,bored_7094.jpg,test,bored,2,4
bored_6302.jpg,train,bored,bored_7107.jpg,test,bored,2,4
bored_6375.jpg,train,bored,bored_6279.jpg,test,bored,3,4
bored_6375.jpg,train,bored,bored_6379.jpg,test,bored,1,0
bored_6375.jpg,train,bored,bored_7094.jpg,test,bored,1,2
bored_6375.jpg,train,bored,bored_7107.jpg,test,bored,1,2
bored_6405.jpg,train,bored,bored_6279.jpg,test,bored,2,4
bored_6405.jpg,train,bored,bored_6379.jpg,test,bored,0,0
bored_6405.jpg,train,bored,bored_7094.jpg,test,bored,0,2
bored_6405.jpg,train,bored,bored_7107.jpg,test,bored,0,2
bored_6410.jpg,train,bored,bored_6279.jpg,test,bored,2,4
bored_6410.jpg,train,bored,bored_6379.jpg,test,bored,0,0
bored_6410.jpg,train,bored,bored_7094.jpg,test,bored,0,2
bored_6410.jpg,train,bored,bored_7107.jpg,test,bored,0,2
bored_6881.jpg,train,bored,bored_6279.jpg,test,bored,2,4
bored_6881.jpg,train,bored,bored_6918.jpg,test,bored,1,0
bored_6881.jpg,train,bored,bored_7094.jpg,test,bored,4,6
bored_6881.jpg,train,bored,bored_7107.jpg,test,bored,4,6
bored_6887.jpg,train,bored,bored_6279.jpg,test,bored,1,4
bored_6887.jpg,train,bored,bored_6918.jpg,test,bored,0,0
bored_6887.jpg,train,bored,bored_7094.jpg,test,bored,3,6
bored_6887.jpg,train,bored,bored_7107.jpg,test,bored,3,6
bored_6891.jpg,train,bored,bored_6279.jpg,test,bored,1,4
bored_6891.jpg,train,bored,bored_6379.jpg,test,bored,3,6
bored_6891.jpg,train,bored,bored_6918.jpg,test,bored,0,2
bored_6891.jpg,train,bored,bored_7094.jpg,test,bored,3,4
bored_6891.jpg,train,bored,bored_7107.jpg,test,bored,3,4
bored_6895.jpg,train,bored,bored_6279.jpg,test,bored,1,4
bored_6895.jpg,train,bored,bored_6918.jpg,test,bored,0,0
bored_6895.jpg,train,bored,bored_7094.jpg,test,bored,3,6
bored_6895.jpg,train,bored,bored_7107.jpg,test,bored,3,6
bored_6902.jpg,train,bored,bored_6279.jpg,test,bored,1,4
bored_6902.jpg,train,bored,bored_6918.jpg,test,bored,0,0
bored_6902.jpg,train,bored,bored_7094.jpg,test,bored,3,6
bored_6902.jpg,train,bored,bored_7107.jpg,test,bored,3,6
bored_6919.jpg,train,bored,bored_6279.jpg,test,bored,1,4
bored_6919.jpg,train,bored,bored_6918.jpg,test,bored,0,0
bored_6919.jpg,train,bored,bored_7094.jpg,test,bored,3,6
bored_6919.jpg,train,bored,bored_7107.jpg,test,bored,3,6
bored_6920.jpg,train,bored,bored_6279.jpg,test,bored,1,4
bored_6920.jpg,train,bored,bored_6918.jpg,test,bored,0,0
bored_6920.jpg,train,bored,bored_7094.jpg,test,bored,3,6
bored_6920.jpg,train,bored,bored_7107.jpg,test,bored,3,6
bored_7026.jpg,train,bored,bored_6279.jpg,test,bored,1,2
bored_7026.jpg,train,bored,bored_6379.jpg,test,bored,1,2
bored_7026.jpg,train,bored,bored_6918.jpg,test,bored,2,6
bored_7026.jpg,train,bored,bored_7094.jpg,test,bored,1,2
bored_7026.jpg,train,bored,bored_7107.jpg,test,bored,1,2
bored_7069.jpg,train,bored,bored_6279.jpg,test,bored,2,4
bored_7069.jpg,train,bored,bored_6379.jpg,test,bored,0,2
bored_7069.jpg,train,bored,bored_6918.jpg,test,bored,3,6
bored_7069.jpg,train,bored,bored_7094.jpg,test,bored,0,0
bored_7069.jpg,train,bored,bored_7107.jpg,test,bored,0,0
bored_7078.jpg,train,bored,bored_6279.jpg,test,bored,2,4
bored_7078.jpg,train,bored,bored_6379.jpg,test,bored,0,2
bored_7078.jpg,train,bored,bored_6918.jpg,test,bored,3,6
bored_7078.jpg,train,bored,bored_7094.jpg,test,bored,0,0
bored_7078.jpg,train,bored,bored_7107.jpg,test,bored,0,0
bored_7081.jpg,train,bored,bored_6279.jpg,test,bored,2,4
bored_7081.jpg,train,bored,bored_6379.jpg,test,bored,0,2
bored_7081.jpg,train,bored,bored_6918.jpg,test,bored,3,6
bored_7081.jpg,train,bored,bored_7094.jpg,test,bored,0,0
bored_7081.jpg,train,bored,bored_7107.jpg,test,bored,0,0
bored_7097.jpg,train,bored,bored_6279.jpg,test,bored,2,4
bored_7097.jpg,train,bored,bored_6379.jpg,test,bored,0,2
bored_7097.jpg,train,bored,bored_6918.jpg,test,bored,3,6
bored_7097.jpg,train,bored,bored_7094.jpg,test,bored,0,0
bored_7097.jpg,train,bored,bored_7107.jpg,test,bored,0,0
bored_7104.jpg,train,bored,bored_6279.jpg,test,bored,2,4
bored_7104.jpg,train,bored,bored_6379.jpg,test,bored,0,2
bored_7104.jpg,train,bored,bored_6918.jpg,test,bored,3,6
bored_7104.jpg,train,bored,bored_7094.jpg,test,bored,0,0
bored_7104.jpg,train,bored,bored_7107.jpg,test,bored,0,0
bored_7110.jpg,train,bored,bored_6279.jpg,test,bored,2,4
bored_7110.jpg,train,bored,bored_6379.jpg,test,bored,0,2
bored_7110.jpg,train,bored,bored_6918.jpg,test,bored,3,6
bored_7110.jpg,train,bored,bored_7094.jpg,test,bored,0,0
bored_7110.jpg,train,bored,bored_7107.jpg,test,bored,0,0
bored_7122.jpg,train,bored,bored_6279.jpg,test,bored,2,4
bored_7122.jpg,train,bored,bored_6379.jpg,test,bored,0,2
bored_7122.jpg,train,bored,bored_6918.jpg,test,bored,3,6
bored_7122.jpg,train,bored,bored_7094.jpg,test,bored,0,0
bored_7122.jpg,train,bored,bored_7107.jpg,test,bored,0,0
bored_7126.jpg,train,bored,bored_6279.jpg,test,bored,2,4
bored_7126.jpg,train,bored,bored_6379.jpg,test,bored,0,2
bored_7126.jpg,train,bored,bored_6918.jpg,test,bored,3,6
bored_7126.jpg,train,bored,bored_7094.jpg,test,bored,0,0
bored_7126.jpg,train,bored,bored_7107.jpg,test,bored,0,0
bored_7128.jpg,train,bored,bored_6279.jpg,test,bored,2,4
bored_7128.jpg,train,bored,bored_6379.jpg,test,bored,0,2
bored_7128.jpg,train,bored,bored_6918.jpg,test,bored,3,6
bored_7128.jpg,train,bored,bored_7094.jpg,test,bored,0,0
bored_7128.jpg,train,bored,bored_7107.jpg,test,bored,0,0
bored_7131.jpg,train,bored,bored_6279.jpg,test,bored,2,4
bored_7131.jpg,train,bored,bored_6379.jpg,test,bored,0,2
bored_7131.jpg,train,bored,bored_6918.jpg,test,bored,3,6
bored_7131.jpg,train,bored,bored_7094.jpg,test,bored,0,0
bored_7131.jpg,train,bored,bored_7107.jpg,test,bored,0,0
bored_7160.jpg,train,bored,bored_6279.jpg,test,bored,2,4
bored_7160.jpg,train,bored,bored_6379.jpg,test,bored,0,2
bored_7160.jpg,train,bored,bored_6918.jpg,test,bored,3,6
bored_7160.jpg,train,bored,bored_7094.jpg,test,bored,0,0
bored_7160.jpg,train,bored,bored_7107.jpg,test,bored,0,0
bored_7164.jpg,train,bored,bored_6279.jpg,test,bored,2,4
bored_7164.jpg,train,bored,bored_6379.jpg,test,bored,0,2
bored_7164.jpg,train,bored,bored_6918.jpg,test,bored,3,6
bored_7164.jpg,train,bored,bored_7094.jpg,test,bored,0,0
bored_7164.jpg,train,bored,bored_7107.jpg,test,bored,0,0
confused_1056.jpg,train,confused,confused_1104.jpg,test,confused,1,2
confused_1056.jpg,train,confused,confused_955.jpg,test,confused,2,2
confused_1061.jpg,train,confused,confused_1104.jpg,test,confused,1,2
confused_1061.jpg,train,confused,confused_955.jpg,test,confused,2,2
confused_1063.jpg,train,confused,confused_1104.jpg,test,confused,1,2
confused_1063.jpg,train,confused,confused_955.jpg,test,confused,2,2
confused_1068.jpg,train,confused,confused_1104.jpg,test,confused,1,2
confused_1068.jpg,train,confused,confused_955.jpg,test,confused,2,2
confused_1077.jpg,train,confused,confused_1104.jpg,test,confused,2,0
confused_1077.jpg,train,confused,confused_955.jpg,test,confused,1,2
confused_1079.jpg,train,confused,confused_1104.jpg,test,confused,2,0
confused_1079.jpg,train,confused,confused_955.jpg,test,confused,1,2
confused_1083.jpg,train,confused,confused_1104.jpg,test,confused,1,0
confused_1083.jpg,train,confused,confused_955.jpg,test,confused,2,2
confused_1094.jpg,train,confused,confused_1104.jpg,test,confused,1,0
confused_1094.jpg,train,confused,confused_955.jpg,test,confused,2,2
confused_1098.jpg,train,confused,confused_1104.jpg,test,confused,1,0
confused_1098.jpg,train,confused,confused_955.jpg,test,confused,2,2
confused_1115.jpg,train,confused,confused_1104.jpg,test,confused,1,0
confused_1115.jpg,train,confused,confused_955.jpg,test,confused,2,2
confused_1118.jpg,train,confused,confused_1104.jpg,test,confused,0,0
confused_1118.jpg,train,confused,confused_955.jpg,test,confused,3,2
confused_1123.jpg,train,confused,confused_1104.jpg,test,confused,1,0
confused_1123.jpg,train,confused,confused_955.jpg,test,confused,2,2
confused_1126.jpg,train,confused,confused_1104.jpg,test,confused,0,0
confused_1126.jpg,train,confused,confused_955.jpg,test,confused,3,2
confused_1134.jpg,train,confused,confused_1104.jpg,test,confused,3,0
confused_1134.jpg,train,confused,confused_955.jpg,test,confused,2,2
confused_1138.jpg,train,confused,confused_1104.jpg,test,confused,2,0
confused_1138.jpg,train,confused,confused_955.jpg,test,confused,1,2
confused_1145.jpg,train,confused,confused_1104.jpg,test,confused,2,0
confused_1145.jpg,train,confused,confused_955.jpg,test,confused,3,2
confused_1151.jpg,train,confused,confused_1104.jpg,test,confused,3,2
confused_1151.jpg,train,confused,confused_955.jpg,test,confused,4,4
confused_1156.jpg,train,confused,confused_1104.jpg,test,confused,3,2
confused_1164.jpg,train,confused,confused_1104.jpg,test,confused,4,0
confused_1164.jpg,train,confused,confused_955.jpg,test,confused,3,2
confused_1197.jpg,train,confused,confused_1104.jpg,test,confused,2,2
confused_1197.jpg,train,confused,confused_955.jpg,test,confused,1,4
confused_1197.jpg,train,confused,engaged_683.jpg,test,engaged,2,6
confused_12264.jpg,train,confused,bored_5222.jpg,test,bored,2,4
confused_12264.jpg,train,confused,bored_5226.jpg,test,bored,3,4
confused_12264.jpg,train,confused,confused_13013.jpg,test,confused,4,4
confused_12264.jpg,train,confused,confused_13018.jpg,test,confused,4,4
confused_12264.jpg,train,confused,frustrated_8024.jpg,test,frustrated,3,4
confused_12264.jpg,train,confused,frustrated_8029.jpg,test,frustrated,3,4
confused_12264.jpg,train,confused,frustrated_8942.jpg,test,frustrated,3,6
confused_12264.jpg,train,confused,frustrated_9024.jpg,test,frustrated,3,6
confused_12264.jpg,train,confused,frustrated_9576.jpg,test,frustrated,3,6
confused_12447.jpg,train,confused,engaged_1378.jpg,test,engaged,5,6
confused_12447.jpg,train,confused,frustrated_8942.jpg,test,frustrated,3,6
confused_12818.jpg,train,confused,bored_5222.jpg,test,bored,2,2
confused_12818.jpg,train,confused,bored_5226.jpg,test,bored,1,2
confused_12818.jpg,train,confused,confused_13013.jpg,test,confused,0,2
confused_12818.jpg,train,confused,confused_13018.jpg,test,confused,0,2
confused_12818.jpg,train,confused,engaged_1806.jpg,test,engaged,3,6
confused_12818.jpg,train,confused,engaged_1860.jpg,test,engaged,3,6
confused_12818.jpg,train,confused,engaged_1916.jpg,test,engaged,3,6
confused_12818.jpg,train,confused,engaged_1925.jpg,test,engaged,3,6
confused_12818.jpg,train,confused,engaged_1982.jpg,test,engaged,3,6
confused_12818.jpg,train,confused,engaged_2048.jpg,test,engaged,3,6
confused_12818.jpg,train,confused,engaged_2073.jpg,test,engaged,4,6
confused_12818.jpg,train,confused,engaged_2081.jpg,test,engaged,4,6
confused_12818.jpg,train,confused,engaged_2092.jpg,test,engaged,4,6
confused_12818.jpg,train,confused,engaged_2106.jpg,test,engaged,4,6
confused_12818.jpg,train,confused,engaged_2111.jpg,test,engaged,4,6
confused_12818.jpg,train,confused,engaged_2116.jpg,test,engaged,4,6
confused_12818.jpg,train,confused,engaged_2125.jpg,test,engaged,4,6
confused_12818.jpg,train,confused,engaged_2156.jpg,test,engaged,4,6
confused_12818.jpg,train,confused,engaged_2181.jpg,test,engaged,4,6
confused_12818.jpg,train,confused,engaged_2191.jpg,test,engaged,4,6
confused_12818.jpg,train,confused,engaged_2198.jpg,test,engaged,4,6
confused_12818.jpg,train,confused,engaged_2203.jpg,test,engaged,4,6
confused_12818.jpg,train,confused,engaged_2214.jpg,test,engaged,4,6
confused_12818.jpg,train,confused,engaged_2216.jpg,test,engaged,4,6
confused_12818.jpg,train,confused,frustrated_8024.jpg,test,frustrated,1,2
confused_12818.jpg,train,confused,frustrated_8029.jpg,test,frustrated,1,2
confused_12818.jpg,train,confused,frustrated_8942.jpg,test,frustrated,1,6
confused_12818.jpg,train,confused,frustrated_9024.jpg,test,frustrated,1,4
confused_12818.jpg,train,confused,frustrated_9576.jpg,test,frustrated,1,4
confused_12818.jpg,train,confused,frustrated_9812.jpg,test,frustrated,5,6
confused_12876.jpg,train,confused,bored_5222.jpg,test,bored,2,0
confused_12876.jpg,train,confused,bored_5226.jpg,test,bored,1,0
confused_12876.jpg,train,confused,confused_13013.jpg,test,confused,0,0
confused_12876.jpg,train,confused,confused_13018.jpg,test,confused,0,0
confused_12876.jpg,train,confused,frustrated_8024.jpg,test,frustrated,1,0
confused_12876.jpg,train,confused,frustrated_8029.jpg,test,frustrated,1,0
confused_12876.jpg,train,confused,frustrated_8942.jpg,test,frustrated,1,4
confused_12876.jpg,train,confused,frustrated_9024.jpg,test,frustrated,1,4
confused_12876.jpg,train,confused,frustrated_9576.jpg,test,frustrated,1,4
confused_12882.jpg,train,confused,bored_5222.jpg,test,bored,2,0
confused_12882.jpg,train,confused,bored_5226.jpg,test,bored,1,0
confused_12882.jpg,train,confused,confused_13013.jpg,test,confused,0,0
confused_12882.jpg,train,confused,confused_13018.jpg,test,confused,0,0
confused_12882.jpg,train,confused,frustrated_8024.jpg,test,frustrated,1,0
confused_12882.jpg,train,confused,frustrated_8029.jpg,test,frustrated,1,0
confused_12882.jpg,train,confused,frustrated_8942.jpg,test,frustrated,1,4
confused_12882.jpg,train,confused,frustrated_9024.jpg,test,frustrated,1,4
confused_12882.jpg,train,confused,frustrated_9576.jpg,test,frustrated,1,4
confused_12887.jpg,train,confused,bored_5222.jpg,test,bored,2,0
confused_12887.jpg,train,confused,bored_5226.jpg,test,bored,1,0
confused_12887.jpg,train,confused,confused_13013.jpg,test,confused,0,0
confused_12887.jpg,train,confused,confused_13018.jpg,test,confused,0,0
confused_12887.jpg,train,confused,frustrated_8024.jpg,test,frustrated,1,0
confused_12887.jpg,train,confused,frustrated_8029.jpg,test,frustrated,1,0
confused_12887.jpg,train,confused,frustrated_8942.jpg,test,frustrated,1,4
confused_12887.jpg,train,confused,frustrated_9024.jpg,test,frustrated,1,4
confused_12887.jpg,train,confused,frustrated_9576.jpg,test,frustrated,1,4
confused_12891.jpg,train,confused,bored_5222.jpg,test,bored,2,0
confused_12891.jpg,train,confused,bored_5226.jpg,test,bored,1,0
confused_12891.jpg,train,confused,confused_13013.jpg,test,confused,0,0
confused_12891.jpg,train,confused,confused_13018.jpg,test,confused,0,0
confused_12891.jpg,train,confused,frustrated_8024.jpg,test,frustrated,1,0
confused_12891.jpg,train,confused,frustrated_8029.jpg,test,frustrated,1,0
confused_12891.jpg,train,confused,frustrated_8942.jpg,test,frustrated,1,4
confused_12891.jpg,train,confused,frustrated_9024.jpg,test,frustrated,1,4
confused_12891.jpg,train,confused,frustrated_9576.jpg,test,frustrated,1,4
confused_12896.jpg,train,confused,bored_5222.jpg,test,bored,2,0
confused_12896.jpg,train,confused,bored_5226.jpg,test,bored,1,0
confused_12896.jpg,train,confused,confused_13013.jpg,test,confused,0,0
confused_12896.jpg,train,confused,confused_13018.jpg,test,confused,0,0
confused_12896.jpg,train,confused,frustrated_8024.jpg,test,frustrated,1,0
confused_12896.jpg,train,confused,frustrated_8029.jpg,test,frustrated,1,0
confused_12896.jpg,train,confused,frustrated_8942.jpg,test,frustrated,1,4
confused_12896.jpg,train,confused,frustrated_9024.jpg,test,frustrated,1,4
confused_12896.jpg,train,confused,frustrated_9576.jpg,test,frustrated,1,4
confused_13005.jpg,train,confused,bored_5222.jpg,test,bored,2,0
confused_13005.jpg,train,confused,bored_5226.jpg,test,bored,1,0
confused_13005.jpg,train,confused,confused_13013.jpg,test,confused,0,0
confused_13005.jpg,train,confused,confused_13018.jpg,test,confused,0,0
confused_13005.jpg,train,confused,frustrated_8024.jpg,test,frustrated,1,0
confused_13005.jpg,train,confused,frustrated_8029.jpg,test,frustrated,1,0
confused_13005.jpg,train,confused,frustrated_8942.jpg,test,frustrated,1,4
confused_13005.jpg,train,confused,frustrated_9024.jpg,test,frustrated,1,4
confused_13005.jpg,train,confused,frustrated_9576.jpg,test,frustrated,1,4
confused_13009.jpg,train,confused,bored_5222.jpg,test,bored,2,0
confused_13009.jpg,train,confused,bored_5226.jpg,test,bored,1,0
confused_13009.jpg,train,confused,confused_13013.jpg,test,confused,0,0
confused_13009.jpg,train,confused,confused_13018.jpg,test,confused,0,0
confused_13009.jpg,train,confused,frustrated_8024.jpg,test,frustrated,1,0
confused_13009.jpg,train,confused,frustrated_8029.jpg,test,frustrated,1,0
confused_13009.jpg,train,confused,frustrated_8942.jpg,test,frustrated,1,4
confused_13009.jpg,train,confused,frustrated_9024.jpg,test,frustrated,1,4
confused_13009.jpg,train,confused,frustrated_9576.jpg,test,frustrated,1,4
confused_13023.jpg,train,confused,bored_5222.jpg,test,bored,2,0
confused_13023.jpg,train,confused,bored_5226.jpg,test,bored,1,0
confused_13023.jpg,train,confused,confused_13013.jpg,test,confused,0,0
confused_13023.jpg,train,confused,confused_13018.jpg,test,confused,0,0
confused_13023.jpg,train,confused,frustrated_8024.jpg,test,frustrated,1,0
confused_13023.jpg,train,confused,frustrated_8029.jpg,test,frustrated,1,0
confused_13023.jpg,train,confused,frustrated_8942.jpg,test,frustrated,1,4
confused_13023.jpg,train,confused,frustrated_9024.jpg,test,frustrated,1,4
confused_13023.jpg,train,confused,frustrated_9576.jpg,test,frustrated,1,4
confused_2859.jpg,train,confused,confused_2728.jpg,test,confused,2,4
confused_3248.jpg,train,confused,confused_3271.jpg,test,confused,2,6
confused_3252.jpg,train,confused,confused_3271.jpg,test,confused,2,6
confused_3252.jpg,train,confused,frustrated_2796.jpg,test,frustrated,3,6
confused_3252.jpg,train,confused,frustrated_2824.jpg,test,frustrated,4,6
confused_3262.jpg,train,confused,bored_2201.jpg,test,bored,2,6
confused_3262.jpg,train,confused,confused_3271.jpg,test,confused,0,2
confused_3262.jpg,train,confused,frustrated_2824.jpg,test,frustrated,2,6
confused_3266.jpg,train,confused,bored_2201.jpg,test,bored,2,6
confused_3266.jpg,train,confused,confused_3271.jpg,test,confused,0,2
confused_3266.jpg,train,confused,frustrated_2824.jpg,test,frustrated,2,6
confused_3376.jpg,train,confused,confused_4734.jpg,test,confused,2,2
confused_3376.jpg,train,confused,confused_4744.jpg,test,confused,2,4
confused_3417.jpg,train,confused,confused_4734.jpg,test,confused,1,2
confused_3417.jpg,train,confused,confused_4744.jpg,test,confused,1,4
confused_3417.jpg,train,confused,engaged_1378.jpg,test,engaged,5,6
confused_3861.jpg,train,confused,confused_4734.jpg,test,confused,2,4
confused_3861.jpg,train,confused,confused_4744.jpg,test,confused,2,6
confused_3861.jpg,train,confused,engaged_1378.jpg,test,engaged,4,6
confused_3879.jpg,train,confused,confused_4734.jpg,test,confused,1,6
confused_3879.jpg,train,confused,engaged_1378.jpg,test,engaged,3,6
confused_3883.jpg,train,confused,confused_4734.jpg,test,confused,1,6
confused_3883.jpg,train,confused,engaged_1378.jpg,test,engaged,3,6
confused_3892.jpg,train,confused,confused_4734.jpg,test,confused,1,6
confused_3892.jpg,train,confused,engaged_1378.jpg,test,engaged,3,6
confused_3897.jpg,train,confused,confused_4734.jpg,test,confused,1,4
confused_3897.jpg,train,confused,confused_4744.jpg,test,confused,1,6
confused_3897.jpg,train,confused,engaged_1378.jpg,test,engaged,3,6
confused_3975.jpg,train,confused,confused_4734.jpg,test,confused,3,6
confused_3975.jpg,train,confused,engaged_1378.jpg,test,engaged,3,6
confused_3984.jpg,train,confused,confused_4734.jpg,test,confused,2,6
confused_3984.jpg,train,confused,engaged_1378.jpg,test,engaged,2,6
confused_4055.jpg,train,confused,confused_4134.jpg,test,confused,0,2
confused_4055.jpg,train,confused,confused_4142.jpg,test,confused,0,2
confused_4055.jpg,train,confused,engaged_1806.jpg,test,engaged,3,6
confused_4055.jpg,train,confused,engaged_1860.jpg,test,engaged,3,6
confused_4055.jpg,train,confused,engaged_1916.jpg,test,engaged,3,6
confused_4055.jpg,train,confused,engaged_1925.jpg,test,engaged,3,6
confused_4055.jpg,train,confused,engaged_1982.jpg,test,engaged,3,6
confused_4055.jpg,train,confused,engaged_2048.jpg,test,engaged,3,6
confused_4055.jpg,train,confused,engaged_2073.jpg,test,engaged,4,6
confused_4055.jpg,train,confused,engaged_2081.jpg,test,engaged,4,6
confused_4055.jpg,train,confused,engaged_2092.jpg,test,engaged,4,6
confused_4055.jpg,train,confused,engaged_2106.jpg,test,engaged,4,6
confused_4055.jpg,train,confused,engaged_2111.jpg,test,engaged,4,6
confused_4055.jpg,train,confused,engaged_2116.jpg,test,engaged,4,6
confused_4055.jpg,train,confused,engaged_2125.jpg,test,engaged,4,6
confused_4055.jpg,train,confused,engaged_2156.jpg,test,engaged,4,6
confused_4055.jpg,train,confused,engaged_2181.jpg,test,engaged,4,6
confused_4055.jpg,train,confused,engaged_2191.jpg,test,engaged,4,6
confused_4055.jpg,train,confused,engaged_2198.jpg,test,engaged,4,6
confused_4055.jpg,train,confused,engaged_2203.jpg,test,engaged,4,6
confused_4055.jpg,train,confused,engaged_2214.jpg,test,engaged,4,6
confused_4055.jpg,train,confused,engaged_2216.jpg,test,engaged,4,6
confused_4055.jpg,train,confused,frustrated_9653.jpg,test,frustrated,5,6
confused_4055.jpg,train,confused,frustrated_9734.jpg,test,frustrated,4,6
confused_4055.jpg,train,confused,frustrated_9812.jpg,test,frustrated,5,6
confused_4139.jpg,train,confused,confused_4134.jpg,test,confused,0,2
confused_4139.jpg,train,confused,confused_4142.jpg,test,confused,0,0
confused_4139.jpg,train,confused,confused_4744.jpg,test,confused,5,6
confused_4139.jpg,train,confused,engaged_1806.jpg,test,engaged,3,4
confused_4139.jpg,train,confused,engaged_1860.jpg,test,engaged,3,4
confused_4139.jpg,train,confused,engaged_1916.jpg,test,engaged,3,4
confused_4139.jpg,train,confused,engaged_1925.jpg,test,engaged,3,4
confused_4139.jpg,train,confused,engaged_1982.jpg,test,engaged,3,4
confused_4139.jpg,train,confused,engaged_2048.jpg,test,engaged,3,4
confused_4139.jpg,train,confused,engaged_2073.jpg,test,engaged,4,4
confused_4139.jpg,train,confused,engaged_2081.jpg,test,engaged,4,4
confused_4139.jpg,train,confused,engaged_2092.jpg,test,engaged,4,4
confused_4139.jpg,train,confused,engaged_2106.jpg,test,engaged,4,4
confused_4139.jpg,train,confused,engaged_2111.jpg,test,engaged,4,4
confused_4139.jpg,train,confused,engaged_2116.jpg,test,engaged,4,4
confused_4139.jpg,train,confused,engaged_2125.jpg,test,engaged,4,4
confused_4139.jpg,train,confused,engaged_2156.jpg,test,engaged,4,4
confused_4139.jpg,train,confused,engaged_2181.jpg,test,engaged,4,4
confused_4139.jpg,train,confused,engaged_2191.jpg,test,engaged,4,4
confused_4139.jpg,train,confused,engaged_2198.jpg,test,engaged,4,4
confused_4139.jpg,train,confused,engaged_2203.jpg,test,engaged,4,4
confused_4139.jpg,train,confused,engaged_2214.jpg,test,engaged,4,4
confused_4139.jpg,train,confused,engaged_2216.jpg,test,engaged,4,4
confused_4139.jpg,train,confused,frustrated_9653.jpg,test,frustrated,5,6
confused_4139.jpg,train,confused,frustrated_9734.jpg,test,frustrated,4,4
confused_4139.jpg,train,confused,frustrated_9812.jpg,test,frustrated,5,4
confused_4147.jpg,train,confused,confused_4134.jpg,test,confused,0,2
confused_4147.jpg,train,confused,confused_4142.jpg,test,confused,0,0
confused_4147.jpg,train,confused,confused_4744.jpg,test,confused,5,6
confused_4147.jpg,train,confused,engaged_1806.jpg,test,engaged,3,4
confused_4147.jpg,train,confused,engaged_1860.jpg,test,engaged,3,4
confused_4147.jpg,train,confused,engaged_1916.jpg,test,engaged,3,4
confused_4147.jpg,train,confused,engaged_1925.jpg,test,engaged,3,4
confused_4147.jpg,train,confused,engaged_1982.jpg,test,engaged,3,4
confused_4147.jpg,train,confused,engaged_2048.jpg,test,engaged,3,4
confused_4147.jpg,train,confused,engaged_2073.jpg,test,engaged,4,4
confused_4147.jpg,train,confused,engaged_2081.jpg,test,engaged,4,4
confused_4147.jpg,train,confused,engaged_2092.jpg,test,engaged,4,4
confused_4147.jpg,train,confused,engaged_2106.jpg,test,engaged,4,4
confused_4147.jpg,train,confused,engaged_2111.jpg,test,engaged,4,4
confused_4147.jpg,train,confused,engaged_2116.jpg,test,engaged,4,4
confused_4147.jpg,train,confused,engaged_2125.jpg,test,engaged,4,4
confused_4147.jpg,train,confused,engaged_2156.jpg,test,engaged,4,4
confused_4147.jpg,train,confused,engaged_2181.jpg,test,engaged,4,4
confused_4147.jpg,train,confused,engaged_2191.jpg,test,engaged,4,4
confused_4147.jpg,train,confused,engaged_2198.jpg,test,engaged,4,4
confused_4147.jpg,train,confused,engaged_2203.jpg,test,engaged,4,4
confused_4147.jpg,train,confused,engaged_2214.jpg,test,engaged,4,4
confused_4147.jpg,train,confused,engaged_2216.jpg,test,engaged,4,4
confused_4147.jpg,train,confused,frustrated_9653.jpg,test,frustrated,5,6
confused_4147.jpg,train,confused,frustrated_9734.jpg,test,frustrated,4,4
confused_4147.jpg,train,confused,frustrated_9812.jpg,test,frustrated,5,4
confused_4153.jpg,train,confused,confused_4134.jpg,test,confused,0,2
confused_4153.jpg,train,confused,confused_4142.jpg,test,confused,0,0
confused_4153.jpg,train,confused,confused_4744.jpg,test,confused,5,6
confused_4153.jpg,train,confused,engaged_1806.jpg,test,engaged,3,4
confused_4153.jpg,train,confused,engaged_1860.jpg,test,engaged,3,4
confused_4153.jpg,train,confused,engaged_1916.jpg,test,engaged,3,4
confused_4153.jpg,train,confused,engaged_1925.jpg,test,engaged,3,4
confused_4153.jpg,train,confused,engaged_1982.jpg,test,engaged,3,4
confused_4153.jpg,train,confused,engaged_2048.jpg,test,engaged,3,4
confused_4153.jpg,train,confused,engaged_2073.jpg,test,engaged,4,4
confused_4153.jpg,train,confused,engaged_2081.jpg,test,engaged,4,4
confused_4153.jpg,train,confused,engaged_2092.jpg,test,engaged,4,4
confused_4153.jpg,train,confused,engaged_2106.jpg,test,engaged,4,4
confused_4153.jpg,train,confused,engaged_2111.jpg,test,engaged,4,4
confused_4153.jpg,train,confused,engaged_2116.jpg,test,engaged,4,4
confused_4153.jpg,train,confused,engaged_2125.jpg,test,engaged,4,4
confused_4153.jpg,train,confused,engaged_2156.jpg,test,engaged,4,4
confused_4153.jpg,train,confused,engaged_2181.jpg,test,engaged,4,4
confused_4153.jpg,train,confused,engaged_2191.jpg,test,engaged,4,4
confused_4153.jpg,train,confused,engaged_2198.jpg,test,engaged,4,4
confused_4153.jpg,train,confused,engaged_2203.jpg,test,engaged,4,4
confused_4153.jpg,train,confused,engaged_2214.jpg,test,engaged,4,4
confused_4153.jpg,train,confused,engaged_2216.jpg,test,engaged,4,4
confused_4153.jpg,train,confused,frustrated_9653.jpg,test,frustrated,5,6
confused_4153.jpg,train,confused,frustrated_9734.jpg,test,frustrated,4,4
confused_4153.jpg,train,confused,frustrated_9812.jpg,test,frustrated,5,4
confused_4207.jpg,train,confused,confused_4134.jpg,test,confused,4,6
confused_4207.jpg,train,confused,confused_4142.jpg,test,confused,4,6
confused_4217.jpg,train,confused,confused_4134.jpg,test,confused,4,6
confused_4217.jpg,train,confused,confused_4142.jpg,test,confused,4,4
confused_4217.jpg,train,confused,engaged_1806.jpg,test,engaged,5,6
confused_4217.jpg,train,confused,engaged_1860.jpg,test,engaged,5,6
confused_4217.jpg,train,confused,engaged_1916.jpg,test,engaged,5,6
confused_4217.jpg,train,confused,engaged_1925.jpg,test,engaged,5,6
confused_4217.jpg,train,confused,engaged_1982.jpg,test,engaged,5,6
confused_4217.jpg,train,confused,engaged_2048.jpg,test,engaged,5,6
confused_4229.jpg,train,confused,confused_4134.jpg,test,confused,4,6
confused_4229.jpg,train,confused,confused_4142.jpg,test,confused,4,4
confused_4229.jpg,train,confused,engaged_1806.jpg,test,engaged,5,6
confused_4229.jpg,train,confused,engaged_1860.jpg,test,engaged,5,6
confused_4229.jpg,train,confused,engaged_1916.jpg,test,engaged,5,6
confused_4229.jpg,train,confused,engaged_1925.jpg,test,engaged,5,6
confused_4229.jpg,train,confused,engaged_1982.jpg,test,engaged,5,6
confused_4229.jpg,train,confused,engaged_2048.jpg,test,engaged,5,6
confused_4234.jpg,train,confused,confused_4134.jpg,test,confused,3,4
confused_4234.jpg,train,confused,confused_4142.jpg,test,confused,3,2
confused_4234.jpg,train,confused,engaged_1806.jpg,test,engaged,4,6
confused_4234.jpg,train,confused,engaged_1860.jpg,test,engaged,4,6
confused_4234.jpg,train,confused,engaged_1916.jpg,test,engaged,4,6
confused_4234.jpg,train,confused,engaged_1925.jpg,test,engaged,4,6
confused_4234.jpg,train,confused,engaged_1982.jpg,test,engaged,4,6
confused_4234.jpg,train,confused,engaged_2048.jpg,test,engaged,4,6
confused_4234.jpg,train,confused,engaged_2073.jpg,test,engaged,5,6
confused_4234.jpg,train,confused,engaged_2081.jpg,test,engaged,5,6
confused_4234.jpg,train,confused,engaged_2092.jpg,test,engaged,5,6
confused_4234.jpg,train,confused,engaged_2106.jpg,test,engaged,5,6
confused_4234.jpg,train,confused,engaged_2111.jpg,test,engaged,5,6
confused_4234.jpg,train,confused,engaged_2116.jpg,test,engaged,5,6
confused_4234.jpg,train,confused,engaged_2125.jpg,test,engaged,5,6
confused_4234.jpg,train,confused,engaged_2156.jpg,test,engaged,5,6
confused_4234.jpg,train,confused,engaged_2181.jpg,test,engaged,5,6
confused_4234.jpg,train,confused,engaged_2191.jpg,test,engaged,5,6
confused_4234.jpg,train,confused,engaged_2198.jpg,test,engaged,5,6
confused_4234.jpg,train,confused,engaged_2203.jpg,test,engaged,5,6
confused_4234.jpg,train,confused,engaged_2214.jpg,test,engaged,5,6
confused_4234.jpg,train,confused,engaged_2216.jpg,test,engaged,5,6
confused_4234.jpg,train,confused,frustrated_9734.jpg,test,frustrated,5,6
confused_4239.jpg,train,confused,confused_4134.jpg,test,confused,2,2
confused_4239.jpg,train,confused,confused_4142.jpg,test,confused,2,0
confused_4239.jpg,train,confused,confused_4744.jpg,test,confused,5,6
confused_4239.jpg,train,confused,engaged_1806.jpg,test,engaged,3,4
confused_4239.jpg,train,confused,engaged_1860.jpg,test,engaged,3,4
confused_4239.jpg,train,confused,engaged_1916.jpg,test,engaged,3,4
confused_4239.jpg,train,confused,engaged_1925.jpg,test,engaged,3,4
confused_4239.jpg,train,confused,engaged_1982.jpg,test,engaged,3,4
confused_4239.jpg,train,confused,engaged_2048.jpg,test,engaged,3,4
confused_4239.jpg,train,confused,engaged_2073.jpg,test,engaged,4,4
confused_4239.jpg,train,confused,engaged_2081.jpg,test,engaged,4,4
confused_4239.jpg,train,confused,engaged_2092.jpg,test,engaged,4,4
confused_4239.jpg,train,confused,engaged_2106.jpg,test,engaged,4,4
confused_4239.jpg,train,confused,engaged_2111.jpg,test,engaged,4,4
confused_4239.jpg,train,confused,engaged_2116.jpg,test,engaged,4,4
confused_4239.jpg,train,confused,engaged_2125.jpg,test,engaged,4,4
confused_4239.jpg,train,confused,engaged_2156.jpg,test,engaged,4,4
confused_4239.jpg,train,confused,engaged_2181.jpg,test,engaged,4,4
confused_4239.jpg,train,confused,engaged_2191.jpg,test,engaged,4,4
confused_4239.jpg,train,confused,engaged_2198.jpg,test,engaged,4,4
confused_4239.jpg,train,confused,engaged_2203.jpg,test,engaged,4,4
confused_4239.jpg,train,confused,engaged_2214.jpg,test,engaged,4,4
confused_4239.jpg,train,confused,engaged_2216.jpg,test,engaged,4,4
confused_4239.jpg,train,confused,frustrated_9734.jpg,test,frustrated,4,4
confused_4239.jpg,train,confused,frustrated_9812.jpg,test,frustrated,5,4
confused_4253.jpg,train,confused,confused_4134.jpg,test,confused,1,2
confused_4253.jpg,train,confused,confused_4142.jpg,test,confused,1,0
confused_4253.jpg,train,confused,confused_4744.jpg,test,confused,4,6
confused_4253.jpg,train,confused,engaged_1806.jpg,test,engaged,2,4
confused_4253.jpg,train,confused,engaged_1860.jpg,test,engaged,2,4
confused_4253.jpg,train,confused,engaged_1916.jpg,test,engaged,2,4
confused_4253.jpg,train,confused,engaged_1925.jpg,test,engaged,2,4
confused_4253.jpg,train,confused,engaged_1982.jpg,test,engaged,2,4
confused_4253.jpg,train,confused,engaged_2048.jpg,test,engaged,2,4
confused_4253.jpg,train,confused,engaged_2073.jpg,test,engaged,3,4
confused_4253.jpg,train,confused,engaged_2081.jpg,test,engaged,3,4
confused_4253.jpg,train,confused,engaged_2092.jpg,test,engaged,3,4
confused_4253.jpg,train,confused,engaged_2106.jpg,test,engaged,3,4
confused_4253.jpg,train,confused,engaged_2111.jpg,test,engaged,3,4
confused_4253.jpg,train,confused,engaged_2116.jpg,test,engaged,3,4
confused_4253.jpg,train,confused,engaged_2125.jpg,test,engaged,3,4
confused_4253.jpg,train,confused,engaged_2156.jpg,test,engaged,3,4
confused_4253.jpg,train,confused,engaged_2181.jpg,test,engaged,3,4
confused_4253.jpg,train,confused,engaged_2191.jpg,test,engaged,3,4
confused_4253.jpg,train,confused,engaged_2198.jpg,test,engaged,3,4
confused_4253.jpg,train,confused,engaged_2203.jpg,test,engaged,3,4
confused_4253.jpg,train,confused,engaged_2214.jpg,test,engaged,3,4
confused_4253.jpg,train,confused,engaged_2216.jpg,test,engaged,3,4
confused_4253.jpg,train,confused,frustrated_9734.jpg,test,frustrated,3,4
confused_4253.jpg,train,confused,frustrated_9812.jpg,test,frustrated,4,4
confused_4347.jpg,train,confused,confused_4361.jpg,test,confused,1,0
confused_4351.jpg,train,confused,confused_4361.jpg,test,confused,0,0
confused_4356.jpg,train,confused,confused_4361.jpg,test,confused,0,0
confused_4367.jpg,train,confused,confused_4361.jpg,test,confused,0,0
confused_4371.jpg,train,confused,confused_4361.jpg,test,confused,0,0
confused_4375.jpg,train,confused,confused_4361.jpg,test,confused,0,0
confused_4414.jpg,train,confused,confused_4559.jpg,test,confused,0,2
confused_4519.jpg,train,confused,confused_4134.jpg,test,confused,5,2
confused_4519.jpg,train,confused,confused_4142.jpg,test,confused,5,2
confused_4519.jpg,train,confused,confused_4734.jpg,test,confused,2,6
confused_4519.jpg,train,confused,confused_4744.jpg,test,confused,2,4
confused_4519.jpg,train,confused,engaged_1806.jpg,test,engaged,2,4
confused_4519.jpg,train,confused,engaged_1860.jpg,test,engaged,2,4
confused_4519.jpg,train,confused,engaged_1916.jpg,test,engaged,2,4
confused_4519.jpg,train,confused,engaged_1925.jpg,test,engaged,2,4
confused_4519.jpg,train,confused,engaged_1982.jpg,test,engaged,2,4
confused_4519.jpg,train,confused,engaged_2048.jpg,test,engaged,2,4
confused_4519.jpg,train,confused,engaged_2073.jpg,test,engaged,1,4
confused_4519.jpg,train,confused,engaged_2081.jpg,test,engaged,1,4
confused_4519.jpg,train,confused,engaged_2092.jpg,test,engaged,1,4
confused_4519.jpg,train,confused,engaged_2106.jpg,test,engaged,1,4
confused_4519.jpg,train,confused,engaged_2111.jpg,test,engaged,1,4
confused_4519.jpg,train,confused,engaged_2116.jpg,test,engaged,1,4
confused_4519.jpg,train,confused,engaged_2125.jpg,test,engaged,1,4
confused_4519.jpg,train,confused,engaged_2156.jpg,test,engaged,1,4
confused_4519.jpg,train,confused,engaged_2181.jpg,test,engaged,1,4
confused_4519.jpg,train,confused,engaged_2191.jpg,test,engaged,1,4
confused_4519.jpg,train,confused,engaged_2198.jpg,test,engaged,1,4
confused_4519.jpg,train,confused,engaged_2203.jpg,test,engaged,1,4
confused_4519.jpg,train,confused,engaged_2214.jpg,test,engaged,1,4
confused_4519.jpg,train,confused,engaged_2216.jpg,test,engaged,1,4
confused_4519.jpg,train,confused,frustrated_9734.jpg,test,frustrated,1,4
confused_4519.jpg,train,confused,frustrated_9812.jpg,test,frustrated,2,6
confused_4523.jpg,train,confused,confused_4134.jpg,test,confused,5,2
confused_4523.jpg,train,confused,confused_4142.jpg,test,confused,5,2
confused_4523.jpg,train,confused,confused_4734.jpg,test,confused,2,6
confused_4523.jpg,train,confused,confused_4744.jpg,test,confused,2,4
confused_4523.jpg,train,confused,engaged_1806.jpg,test,engaged,2,4
confused_4523.jpg,train,confused,engaged_1860.jpg,test,engaged,2,4
confused_4523.jpg,train,confused,engaged_1916.jpg,test,engaged,2,4
confused_4523.jpg,train,confused,engaged_1925.jpg,test,engaged,2,4
confused_4523.jpg,train,confused,engaged_1982.jpg,test,engaged,2,4
confused_4523.jpg,train,confused,engaged_2048.jpg,test,engaged,2,4
confused_4523.jpg,train,confused,engaged_2073.jpg,test,engaged,1,4
confused_4523.jpg,train,confused,engaged_2081.jpg,test,engaged,1,4
confused_4523.jpg,train,confused,engaged_2092.jpg,test,engaged,1,4
confused_4523.jpg,train,confused,engaged_2106.jpg,test,engaged,1,4
confused_4523.jpg,train,confused,engaged_2111.jpg,test,engaged,1,4
confused_4523.jpg,train,confused,engaged_2116.jpg,test,engaged,1,4
confused_4523.jpg,train,confused,engaged_2125.jpg,test,engaged,1,4
confused_4523.jpg,train,confused,engaged_2156.jpg,test,engaged,1,4
confused_4523.jpg,train,confused,engaged_2181.jpg,test,engaged,1,4
confused_4523.jpg,train,confused,engaged_2191.jpg,test,engaged,1,4
confused_4523.jpg,train,confused,engaged_2198.jpg,test,engaged,1,4
confused_4523.jpg,train,confused,engaged_2203.jpg,test,engaged,1,4
confused_4523.jpg,train,confused,engaged_2214.jpg,test,engaged,1,4
confused_4523.jpg,train,confused,engaged_2216.jpg,test,engaged,1,4
confused_4523.jpg,train,confused,frustrated_9734.jpg,test,frustrated,1,4
confused_4523.jpg,train,confused,frustrated_9812.jpg,test,frustrated,2,6
confused_4527.jpg,train,confused,confused_4134.jpg,test,confused,5,2
confused_4527.jpg,train,confused,confused_4142.jpg,test,confused,5,2
confused_4527.jpg,train,confused,confused_4734.jpg,test,confused,2,6
confused_4527.jpg,train,confused,confused_4744.jpg,test,confused,2,4
confused_4527.jpg,train,confused,engaged_1806.jpg,test,engaged,2,4
confused_4527.jpg,train,confused,engaged_1860.jpg,test,engaged,2,4
confused_4527.jpg,train,confused,engaged_1916.jpg,test,engaged,2,4
confused_4527.jpg,train,confused,engaged_1925.jpg,test,engaged,2,4
confused_4527.jpg,train,confused,engaged_1982.jpg,test,engaged,2,4
confused_4527.jpg,train,confused,engaged_2048.jpg,test,engaged,2,4
confused_4527.jpg,train,confused,engaged_2073.jpg,test,engaged,1,4
confused_4527.jpg,train,confused,engaged_2081.jpg,test,engaged,1,4
confused_4527.jpg,train,confused,engaged_2092.jpg,test,engaged,1,4
confused_4527.jpg,train,confused,engaged_2106.jpg,test,engaged,1,4
confused_4527.jpg,train,confused,engaged_2111.jpg,test,engaged,1,4
confused_4527.jpg,train,confused,engaged_2116.jpg,test,engaged,1,4
confused_4527.jpg,train,confused,engaged_2125.jpg,test,engaged,1,4
confused_4527.jpg,train,confused,engaged_2156.jpg,test,engaged,1,4
confused_4527.jpg,train,confused,engaged_2181.jpg,test,engaged,1,4
confused_4527.jpg,train,confused,engaged_2191.jpg,test,engaged,1,4
confused_4527.jpg,train,confused,engaged_2198.jpg,test,engaged,1,4
confused_4527.jpg,train,confused,engaged_2203.jpg,test,engaged,1,4
confused_4527.jpg,train,confused,engaged_2214.jpg,test,engaged,1,4
confused_4527.jpg,train,confused,engaged_2216.jpg,test,engaged,1,4
confused_4527.jpg,train,confused,frustrated_9734.jpg,test,frustrated,1,4
confused_4527.jpg,train,confused,frustrated_9812.jpg,test,frustrated,2,6
confused_4532.jpg,train,confused,confused_4134.jpg,test,confused,5,2
confused_4532.jpg,train,confused,confused_4142.jpg,test,confused,5,2
confused_4532.jpg,train,confused,confused_4734.jpg,test,confused,2,6
confused_4532.jpg,train,confused,confused_4744.jpg,test,confused,2,4
confused_4532.jpg,train,confused,engaged_1806.jpg,test,engaged,2,4
confused_4532.jpg,train,confused,engaged_1860.jpg,test,engaged,2,4
confused_4532.jpg,train,confused,engaged_1916.jpg,test,engaged,2,4
confused_4532.jpg,train,confused,engaged_1925.jpg,test,engaged,2,4
confused_4532.jpg,train,confused,engaged_1982.jpg,test,engaged,2,4
confused_4532.jpg,train,confused,engaged_2048.jpg,test,engaged,2,4
confused_4532.jpg,train,confused,engaged_2073.jpg,test,engaged,1,4
confused_4532.jpg,train,confused,engaged_2081.jpg,test,engaged,1,4
confused_4532.jpg,train,confused,engaged_2092.jpg,test,engaged,1,4
confused_4532.jpg,train,confused,engaged_2106.jpg,test,engaged,1,4
confused_4532.jpg,train,confused,engaged_2111.jpg,test,engaged,1,4
confused_4532.jpg,train,confused,engaged_2116.jpg,test,engaged,1,4
confused_4532.jpg,train,confused,engaged_2125.jpg,test,engaged,1,4
confused_4532.jpg,train,confused,engaged_2156.jpg,test,engaged,1,4
confused_4532.jpg,train,confused,engaged_2181.jpg,test,engaged,1,4
confused_4532.jpg,train,confused,engaged_2191.jpg,test,engaged,1,4
confused_4532.jpg,train,confused,engaged_2198.jpg,test,engaged,1,4
confused_4532.jpg,train,confused,engaged_2203.jpg,test,engaged,1,4
confused_4532.jpg,train,confused,engaged_2214.jpg,test,engaged,1,4
confused_4532.jpg,train,confused,engaged_2216.jpg,test,engaged,1,4
confused_4532.jpg,train,confused,frustrated_9734.jpg,test,frustrated,1,4
confused_4532.jpg,train,confused,frustrated_9812.jpg,test,frustrated,2,6
confused_4536.jpg,train,confused,confused_4134.jpg,test,confused,5,2
confused_4536.jpg,train,confused,confused_4142.jpg,test,confused,5,2
confused_4536.jpg,train,confused,confused_4734.jpg,test,confused,2,6
confused_4536.jpg,train,confused,confused_4744.jpg,test,confused,2,4
confused_4536.jpg,train,confused,engaged_1806.jpg,test,engaged,2,4
confused_4536.jpg,train,confused,engaged_1860.jpg,test,engaged,2,4
confused_4536.jpg,train,confused,engaged_1916.jpg,test,engaged,2,4
confused_4536.jpg,train,confused,engaged_1925.jpg,test,engaged,2,4
confused_4536.jpg,train,confused,engaged_1982.jpg,test,engaged,2,4
confused_4536.jpg,train,confused,engaged_2048.jpg,test,engaged,2,4
confused_4536.jpg,train,confused,engaged_2073.jpg,test,engaged,1,4
confused_4536.jpg,train,confused,engaged_2081.jpg,test,engaged,1,4
confused_4536.jpg,train,confused,engaged_2092.jpg,test,engaged,1,4
confused_4536.jpg,train,confused,engaged_2106.jpg,test,engaged,1,4
confused_4536.jpg,train,confused,engaged_2111.jpg,test,engaged,1,4
confused_4536.jpg,train,confused,engaged_2116.jpg,test,engaged,1,4
confused_4536.jpg,train,confused,engaged_2125.jpg,test,engaged,1,4
confused_4536.jpg,train,confused,engaged_2156.jpg,test,engaged,1,4
confused_4536.jpg,train,confused,engaged_2181.jpg,test,engaged,1,4
confused_4536.jpg,train,confused,engaged_2191.jpg,test,engaged,1,4
confused_4536.jpg,train,confused,engaged_2198.jpg,test,engaged,1,4
confused_4536.jpg,train,confused,engaged_2203.jpg,test,engaged,1,4
confused_4536.jpg,train,confused,engaged_2214.jpg,test,engaged,1,4
confused_4536.jpg,train,confused,engaged_2216.jpg,test,engaged,1,4
confused_4536.jpg,train,confused,frustrated_9734.jpg,test,frustrated,1,4
confused_4536.jpg,train,confused,frustrated_9812.jpg,test,frustrated,2,6
confused_4540.jpg,train,confused,confused_4134.jpg,test,confused,5,2
confused_4540.jpg,train,confused,confused_4142.jpg,test,confused,5,2
confused_4540.jpg,train,confused,confused_4734.jpg,test,confused,2,6
confused_4540.jpg,train,confused,confused_4744.jpg,test,confused,2,4
confused_4540.jpg,train,confused,engaged_1806.jpg,test,engaged,2,4
confused_4540.jpg,train,confused,engaged_1860.jpg,test,engaged,2,4
confused_4540.jpg,train,confused,engaged_1916.jpg,test,engaged,2,4
confused_4540.jpg,train,confused,engaged_1925.jpg,test,engaged,2,4
confused_4540.jpg,train,confused,engaged_1982.jpg,test,engaged,2,4
confused_4540.jpg,train,confused,engaged_2048.jpg,test,engaged,2,4
confused_4540.jpg,train,confused,engaged_2073.jpg,test,engaged,1,4
confused_4540.jpg,train,confused,engaged_2081.jpg,test,engaged,1,4
confused_4540.jpg,train,confused,engaged_2092.jpg,test,engaged,1,4
confused_4540.jpg,train,confused,engaged_2106.jpg,test,engaged,1,4
confused_4540.jpg,train,confused,engaged_2111.jpg,test,engaged,1,4
confused_4540.jpg,train,confused,engaged_2116.jpg,test,engaged,1,4
confused_4540.jpg,train,confused,engaged_2125.jpg,test,engaged,1,4
confused_4540.jpg,train,confused,engaged_2156.jpg,test,engaged,1,4
confused_4540.jpg,train,confused,engaged_2181.jpg,test,engaged,1,4
confused_4540.jpg,train,confused,engaged_2191.jpg,test,engaged,1,4
confused_4540.jpg,train,confused,engaged_2198.jpg,test,engaged,1,4
confused_4540.jpg,train,confused,engaged_2203.jpg,test,engaged,1,4
confused_4540.jpg,train,confused,engaged_2214.jpg,test,engaged,1,4
confused_4540.jpg,train,confused,engaged_2216.jpg,test,engaged,1,4
confused_4540.jpg,train,confused,frustrated_9734.jpg,test,frustrated,1,4
confused_4540.jpg,train,confused,frustrated_9812.jpg,test,frustrated,2,6
confused_4544.jpg,train,confused,confused_4134.jpg,test,confused,5,2
confused_4544.jpg,train,confused,confused_4142.jpg,test,confused,5,2
confused_4544.jpg,train,confused,confused_4734.jpg,test,confused,2,6
confused_4544.jpg,train,confused,confused_4744.jpg,test,confused,2,4
confused_4544.jpg,train,confused,engaged_1806.jpg,test,engaged,2,4
confused_4544.jpg,train,confused,engaged_1860.jpg,test,engaged,2,4
confused_4544.jpg,train,confused,engaged_1916.jpg,test,engaged,2,4
confused_4544.jpg,train,confused,engaged_1925.jpg,test,engaged,2,4
confused_4544.jpg,train,confused,engaged_1982.jpg,test,engaged,2,4
confused_4544.jpg,train,confused,engaged_2048.jpg,test,engaged,2,4
confused_4544.jpg,train,confused,engaged_2073.jpg,test,engaged,1,4
confused_4544.jpg,train,confused,engaged_2081.jpg,test,engaged,1,4
confused_4544.jpg,train,confused,engaged_2092.jpg,test,engaged,1,4
confused_4544.jpg,train,confused,engaged_2106.jpg,test,engaged,1,4
confused_4544.jpg,train,confused,engaged_2111.jpg,test,engaged,1,4
confused_4544.jpg,train,confused,engaged_2116.jpg,test,engaged,1,4
confused_4544.jpg,train,confused,engaged_2125.jpg,test,engaged,1,4
confused_4544.jpg,train,confused,engaged_2156.jpg,test,engaged,1,4
confused_4544.jpg,train,confused,engaged_2181.jpg,test,engaged,1,4
confused_4544.jpg,train,confused,engaged_2191.jpg,test,engaged,1,4
confused_4544.jpg,train,confused,engaged_2198.jpg,test,engaged,1,4
confused_4544.jpg,train,confused,engaged_2203.jpg,test,engaged,1,4
confused_4544.jpg,train,confused,engaged_2214.jpg,test,engaged,1,4
confused_4544.jpg,train,confused,engaged_2216.jpg,test,engaged,1,4
confused_4544.jpg,train,confused,frustrated_9734.jpg,test,frustrated,1,4
confused_4544.jpg,train,confused,frustrated_9812.jpg,test,frustrated,2,6
confused_4563.jpg,train,confused,confused_4134.jpg,test,confused,5,2
confused_4563.jpg,train,confused,confused_4142.jpg,test,confused,5,2
confused_4563.jpg,train,confused,confused_4734.jpg,test,confused,2,6
confused_4563.jpg,train,confused,confused_4744.jpg,test,confused,2,4
confused_4563.jpg,train,confused,engaged_1806.jpg,test,engaged,2,4
confused_4563.jpg,train,confused,engaged_1860.jpg,test,engaged,2,4
confused_4563.jpg,train,confused,engaged_1916.jpg,test,engaged,2,4
confused_4563.jpg,train,confused,engaged_1925.jpg,test,engaged,2,4
confused_4563.jpg,train,confused,engaged_1982.jpg,test,engaged,2,4
confused_4563.jpg,train,confused,engaged_2048.jpg,test,engaged,2,4
confused_4563.jpg,train,confused,engaged_2073.jpg,test,engaged,1,4
confused_4563.jpg,train,confused,engaged_2081.jpg,test,engaged,1,4
confused_4563.jpg,train,confused,engaged_2092.jpg,test,engaged,1,4
confused_4563.jpg,train,confused,engaged_2106.jpg,test,engaged,1,4
confused_4563.jpg,train,confused,engaged_2111.jpg,test,engaged,1,4
confused_4563.jpg,train,confused,engaged_2116.jpg,test,engaged,1,4
confused_4563.jpg,train,confused,engaged_2125.jpg,test,engaged,1,4
confused_4563.jpg,train,confused,engaged_2156.jpg,test,engaged,1,4
confused_4563.jpg,train,confused,engaged_2181.jpg,test,engaged,1,4
confused_4563.jpg,train,confused,engaged_2191.jpg,test,engaged,1,4
confused_4563.jpg,train,confused,engaged_2198.jpg,test,engaged,1,4
confused_4563.jpg,train,confused,engaged_2203.jpg,test,engaged,1,4
confused_4563.jpg,train,confused,engaged_2214.jpg,test,engaged,1,4
confused_4563.jpg,train,confused,engaged_2216.jpg,test,engaged,1,4
confused_4563.jpg,train,confused,frustrated_9734.jpg,test,frustrated,1,4
confused_4563.jpg,train,confused,frustrated_9812.jpg,test,frustrated,2,6
confused_4568.jpg,train,confused,confused_4134.jpg,test,confused,5,2
confused_4568.jpg,train,confused,confused_4142.jpg,test,confused,5,2
confused_4568.jpg,train,confused,confused_4734.jpg,test,confused,2,6
confused_4568.jpg,train,confused,confused_4744.jpg,test,confused,2,4
confused_4568.jpg,train,confused,engaged_1806.jpg,test,engaged,2,4
confused_4568.jpg,train,confused,engaged_1860.jpg,test,engaged,2,4
confused_4568.jpg,train,confused,engaged_1916.jpg,test,engaged,2,4
confused_4568.jpg,train,confused,engaged_1925.jpg,test,engaged,2,4
confused_4568.jpg,train,confused,engaged_1982.jpg,test,engaged,2,4
confused_4568.jpg,train,confused,engaged_2048.jpg,test,engaged,2,4
confused_4568.jpg,train,confused,engaged_2073.jpg,test,engaged,1,4
confused_4568.jpg,train,confused,engaged_2081.jpg,test,engaged,1,4
confused_4568.jpg,train,confused,engaged_2092.jpg,test,engaged,1,4
confused_4568.jpg,train,confused,engaged_2106.jpg,test,engaged,1,4
confused_4568.jpg,train,confused,engaged_2111.jpg,test,engaged,1,4
confused_4568.jpg,train,confused,engaged_2116.jpg,test,engaged,1,4
confused_4568.jpg,train,confused,engaged_2125.jpg,test,engaged,1,4
confused_4568.jpg,train,confused,engaged_2156.jpg,test,engaged,1,4
confused_4568.jpg,train,confused,engaged_2181.jpg,test,engaged,1,4
confused_4568.jpg,train,confused,engaged_2191.jpg,test,engaged,1,4
confused_4568.jpg,train,confused,engaged_2198.jpg,test,engaged,1,4
confused_4568.jpg,train,confused,engaged_2203.jpg,test,engaged,1,4
confused_4568.jpg,train,confused,engaged_2214.jpg,test,engaged,1,4
confused_4568.jpg,train,confused,engaged_2216.jpg,test,engaged,1,4
confused_4568.jpg,train,confused,frustrated_9734.jpg,test,frustrated,1,4
confused_4568.jpg,train,confused,frustrated_9812.jpg,test,frustrated,2,6
confused_4573.jpg,train,confused,confused_4134.jpg,test,confused,5,2
confused_4573.jpg,train,confused,confused_4142.jpg,test,confused,5,2
confused_4573.jpg,train,confused,confused_4734.jpg,test,confused,2,6
confused_4573.jpg,train,confused,confused_4744.jpg,test,confused,2,4
confused_4573.jpg,train,confused,engaged_1806.jpg,test,engaged,2,4
confused_4573.jpg,train,confused,engaged_1860.jpg,test,engaged,2,4
confused_4573.jpg,train,confused,engaged_1916.jpg,test,engaged,2,4
confused_4573.jpg,train,confused,engaged_1925.jpg,test,engaged,2,4
confused_4573.jpg,train,confused,engaged_1982.jpg,test,engaged,2,4
confused_4573.jpg,train,confused,engaged_2048.jpg,test,engaged,2,4
confused_4573.jpg,train,confused,engaged_2073.jpg,test,engaged,1,4
confused_4573.jpg,train,confused,engaged_2081.jpg,test,engaged,1,4
confused_4573.jpg,train,confused,engaged_2092.jpg,test,engaged,1,4
confused_4573.jpg,train,confused,engaged_2106.jpg,test,engaged,1,4
confused_4573.jpg,train,confused,engaged_2111.jpg,test,engaged,1,4
confused_4573.jpg,train,confused,engaged_2116.jpg,test,engaged,1,4
confused_4573.jpg,train,confused,engaged_2125.jpg,test,engaged,1,4
confused_4573.jpg,train,confused,engaged_2156.jpg,test,engaged,1,4
confused_4573.jpg,train,confused,engaged_2181.jpg,test,engaged,1,4
confused_4573.jpg,train,confused,engaged_2191.jpg,test,engaged,1,4
confused_4573.jpg,train,confused,engaged_2198.jpg,test,engaged,1,4
confused_4573.jpg,train,confused,engaged_2203.jpg,test,engaged,1,4
confused_4573.jpg,train,confused,engaged_2214.jpg,test,engaged,1,4
confused_4573.jpg,train,confused,engaged_2216.jpg,test,engaged,1,4
confused_4573.jpg,train,confused,frustrated_9734.jpg,test,frustrated,1,4
confused_4573.jpg,train,confused,frustrated_9812.jpg,test,frustrated,2,6
confused_4578.jpg,train,confused,confused_4134.jpg,test,confused,5,2
confused_4578.jpg,train,confused,confused_4142.jpg,test,confused,5,2
confused_4578.jpg,train,confused,confused_4734.jpg,test,confused,2,6
confused_4578.jpg,train,confused,confused_4744.jpg,test,confused,2,4
confused_4578.jpg,train,confused,engaged_1806.jpg,test,engaged,2,4
confused_4578.jpg,train,confused,engaged_1860.jpg,test,engaged,2,4
confused_4578.jpg,train,confused,engaged_1916.jpg,test,engaged,2,4
confused_4578.jpg,train,confused,engaged_1925.jpg,test,engaged,2,4
confused_4578.jpg,train,confused,engaged_1982.jpg,test,engaged,2,4
confused_4578.jpg,train,confused,engaged_2048.jpg,test,engaged,2,4
confused_4578.jpg,train,confused,engaged_2073.jpg,test,engaged,1,4
confused_4578.jpg,train,confused,engaged_2081.jpg,test,engaged,1,4
confused_4578.jpg,train,confused,engaged_2092.jpg,test,engaged,1,4
confused_4578.jpg,train,confused,engaged_2106.jpg,test,engaged,1,4
confused_4578.jpg,train,confused,engaged_2111.jpg,test,engaged,1,4
confused_4578.jpg,train,confused,engaged_2116.jpg,test,engaged,1,4
confused_4578.jpg,train,confused,engaged_2125.jpg,test,engaged,1,4
confused_4578.jpg,train,confused,engaged_2156.jpg,test,engaged,1,4
confused_4578.jpg,train,confused,engaged_2181.jpg,test,engaged,1,4
confused_4578.jpg,train,confused,engaged_2191.jpg,test,engaged,1,4
confused_4578.jpg,train,confused,engaged_2198.jpg,test,engaged,1,4
confused_4578.jpg,train,confused,engaged_2203.jpg,test,engaged,1,4
confused_4578.jpg,train,confused,engaged_2214.jpg,test,engaged,1,4
confused_4578.jpg,train,confused,engaged_2216.jpg,test,engaged,1,4
confused_4578.jpg,train,confused,frustrated_9734.jpg,test,frustrated,1,4
confused_4578.jpg,train,confused,frustrated_9812.jpg,test,frustrated,2,6
confused_4584.jpg,train,confused,confused_4134.jpg,test,confused,5,2
confused_4584.jpg,train,confused,confused_4142.jpg,test,confused,5,2
confused_4584.jpg,train,confused,confused_4734.jpg,test,confused,2,6
confused_4584.jpg,train,confused,confused_4744.jpg,test,confused,2,4
confused_4584.jpg,train,confused,engaged_1806.jpg,test,engaged,2,4
confused_4584.jpg,train,confused,engaged_1860.jpg,test,engaged,2,4
confused_4584.jpg,train,confused,engaged_1916.jpg,test,engaged,2,4
confused_4584.jpg,train,confused,engaged_1925.jpg,test,engaged,2,4
confused_4584.jpg,train,confused,engaged_1982.jpg,test,engaged,2,4
confused_4584.jpg,train,confused,engaged_2048.jpg,test,engaged,2,4
confused_4584.jpg,train,confused,engaged_2073.jpg,test,engaged,1,4
confused_4584.jpg,train,confused,engaged_2081.jpg,test,engaged,1,4
confused_4584.jpg,train,confused,engaged_2092.jpg,test,engaged,1,4
confused_4584.jpg,train,confused,engaged_2106.jpg,test,engaged,1,4
confused_4584.jpg,train,confused,engaged_2111.jpg,test,engaged,1,4
confused_4584.jpg,train,confused,engaged_2116.jpg,test,engaged,1,4
confused_4584.jpg,train,confused,engaged_2125.jpg,test,engaged,1,4
confused_4584.jpg,train,confused,engaged_2156.jpg,test,engaged,1,4
confused_4584.jpg,train,confused,engaged_2181.jpg,test,engaged,1,4
confused_4584.jpg,train,confused,engaged_2191.jpg,test,engaged,1,4
confused_4584.jpg,train,confused,engaged_2198.jpg,test,engaged,1,4
confused_4584.jpg,train,confused,engaged_2203.jpg,test,engaged,1,4
confused_4584.jpg,train,confused,engaged_2214.jpg,test,engaged,1,4
confused_4584.jpg,train,confused,engaged_2216.jpg,test,engaged,1,4
confused_4584.jpg,train,confused,frustrated_9734.jpg,test,frustrated,1,4
confused_4584.jpg,train,confused,frustrated_9812.jpg,test,frustrated,2,6
confused_4697.jpg,train,confused,confused_4734.jpg,test,confused,1,0
confused_4697.jpg,train,confused,confused_4744.jpg,test,confused,1,2
confused_4697.jpg,train,confused,engaged_1378.jpg,test,engaged,5,6
confused_4701.jpg,train,confused,confused_4734.jpg,test,confused,0,0
confused_4701.jpg,train,confused,confused_4744.jpg,test,confused,0,2
confused_4701.jpg,train,confused,engaged_1378.jpg,test,engaged,4,6
confused_4706.jpg,train,confused,confused_4734.jpg,test,confused,1,0
confused_4706.jpg,train,confused,confused_4744.jpg,test,confused,1,2
confused_4706.jpg,train,confused,engaged_1378.jpg,test,engaged,5,6
confused_4711.jpg,train,confused,confused_4734.jpg,test,confused,1,0
confused_4711.jpg,train,confused,confused_4744.jpg,test,confused,1,2
confused_4711.jpg,train,confused,engaged_1378.jpg,test,engaged,5,6
confused_4716.jpg,train,confused,confused_4734.jpg,test,confused,1,0
confused_4716.jpg,train,confused,confused_4744.jpg,test,confused,1,2
confused_4716.jpg,train,confused,engaged_1378.jpg,test,engaged,5,6
confused_4721.jpg,train,confused,confused_4734.jpg,test,confused,1,0
confused_4721.jpg,train,confused,confused_4744.jpg,test,confused,1,2
confused_4721.jpg,train,confused,engaged_1378.jpg,test,engaged,5,6
confused_4726.jpg,train,confused,confused_4734.jpg,test,confused,0,0
confused_4726.jpg,train,confused,confused_4744.jpg,test,confused,0,2
confused_4726.jpg,train,confused,engaged_1378.jpg,test,engaged,4,6
confused_4730.jpg,train,confused,confused_4734.jpg,test,confused,1,0
confused_4730.jpg,train,confused,confused_4744.jpg,test,confused,1,2
confused_4730.jpg,train,confused,engaged_1378.jpg,test,engaged,5,6
confused_4739.jpg,train,confused,confused_4134.jpg,test,confused,5,6
confused_4739.jpg,train,confused,confused_4142.jpg,test,confused,5,6
confused_4739.jpg,train,confused,confused_4734.jpg,test,confused,0,2
confused_4739.jpg,train,confused,confused_4744.jpg,test,confused,0,0
confused_4739.jpg,train,confused,engaged_1806.jpg,test,engaged,4,6
confused_4739.jpg,train,confused,engaged_1860.jpg,test,engaged,4,6
confused_4739.jpg,train,confused,engaged_1916.jpg,test,engaged,4,6
confused_4739.jpg,train,confused,engaged_1925.jpg,test,engaged,4,6
confused_4739.jpg,train,confused,engaged_1982.jpg,test,engaged,4,6
confused_4739.jpg,train,confused,engaged_2048.jpg,test,engaged,4,6
confused_4739.jpg,train,confused,engaged_2073.jpg,test,engaged,3,6
confused_4739.jpg,train,confused,engaged_2081.jpg,test,engaged,3,6
confused_4739.jpg,train,confused,engaged_2092.jpg,test,engaged,3,6
confused_4739.jpg,train,confused,engaged_2106.jpg,test,engaged,3,6
confused_4739.jpg,train,confused,engaged_2111.jpg,test,engaged,3,6
confused_4739.jpg,train,confused,engaged_2116.jpg,test,engaged,3,6
confused_4739.jpg,train,confused,engaged_2125.jpg,test,engaged,3,6
confused_4739.jpg,train,confused,engaged_2156.jpg,test,engaged,3,6
confused_4739.jpg,train,confused,engaged_2181.jpg,test,engaged,3,6
confused_4739.jpg,train,confused,engaged_2191.jpg,test,engaged,3,6
confused_4739.jpg,train,confused,engaged_2198.jpg,test,engaged,3,6
confused_4739.jpg,train,confused,engaged_2203.jpg,test,engaged,3,6
confused_4739.jpg,train,confused,engaged_2214.jpg,test,engaged,3,6
confused_4739.jpg,train,confused,engaged_2216.jpg,test,engaged,3,6
confused_695.jpg,train,confused,engaged_419.jpg,test,engaged,0,6
confused_695.jpg,train,confused,engaged_465.jpg,test,engaged,0,6
confused_695.jpg,train,confused,engaged_683.jpg,test,engaged,5,4
confused_780.jpg,train,confused,engaged_419.jpg,test,engaged,1,2
confused_780.jpg,train,confused,engaged_465.jpg,test,engaged,1,2
confused_780.jpg,train,confused,engaged_683.jpg,test,engaged,4,4
confused_958.jpg,train,confused,confused_1104.jpg,test,confused,3,0
confused_958.jpg,train,confused,confused_955.jpg,test,confused,0,2
engaged_1083.jpg,train,engaged,engaged_1149.jpg,test,engaged,3,4
engaged_1086.jpg,train,engaged,engaged_1129.jpg,test,engaged,3,2
engaged_1091.jpg,train,engaged,engaged_1129.jpg,test,engaged,3,2
engaged_1098.jpg,train,engaged,engaged_1129.jpg,test,engaged,2,2
engaged_1106.jpg,train,engaged,engaged_1149.jpg,test,engaged,2,4
engaged_1124.jpg,train,engaged,engaged_1129.jpg,test,engaged,0,0
engaged_1160.jpg,train,engaged,engaged_1129.jpg,test,engaged,1,0
engaged_1168.jpg,train,engaged,engaged_1129.jpg,test,engaged,2,0
engaged_1200.jpg,train,engaged,engaged_1149.jpg,test,engaged,3,6
engaged_1327.jpg,train,engaged,engaged_1056.jpg,test,engaged,1,0
engaged_1327.jpg,train,engaged,engaged_1333.jpg,test,engaged,0,0
engaged_1327.jpg,train,engaged,engaged_1378.jpg,test,engaged,0,2
engaged_1327.jpg,train,engaged,engaged_752.jpg,test,engaged,2,2
engaged_1339.jpg,train,engaged,engaged_1056.jpg,test,engaged,1,0
engaged_1339.jpg,train,engaged,engaged_1333.jpg,test,engaged,0,0
engaged_1339.jpg,train,engaged,engaged_1378.jpg,test,engaged,0,2
engaged_1339.jpg,train,engaged,engaged_752.jpg,test,engaged,2,2
engaged_1377.jpg,train,engaged,confused_4734.jpg,test,confused,4,6
engaged_1377.jpg,train,engaged,engaged_1056.jpg,test,engaged,1,2
engaged_1377.jpg,train,engaged,engaged_1333.jpg,test,engaged,0,2
engaged_1377.jpg,train,engaged,engaged_1378.jpg,test,engaged,0,0
engaged_1377.jpg,train,engaged,engaged_752.jpg,test,engaged,2,4
engaged_1379.jpg,train,engaged,confused_4734.jpg,test,confused,4,6
engaged_1379.jpg,train,engaged,engaged_1056.jpg,test,engaged,1,2
engaged_1379.jpg,train,engaged,engaged_1333.jpg,test,engaged,0,2
engaged_1379.jpg,train,engaged,engaged_1378.jpg,test,engaged,0,0
engaged_1379.jpg,train,engaged,engaged_752.jpg,test,engaged,2,4
engaged_1386.jpg,train,engaged,confused_4734.jpg,test,confused,4,6
engaged_1386.jpg,train,engaged,engaged_1056.jpg,test,engaged,1,2
engaged_1386.jpg,train,engaged,engaged_1333.jpg,test,engaged,0,2
engaged_1386.jpg,train,engaged,engaged_1378.jpg,test,engaged,0,0
engaged_1386.jpg,train,engaged,engaged_752.jpg,test,engaged,2,4
engaged_1387.jpg,train,engaged,confused_4734.jpg,test,confused,4,6
engaged_1387.jpg,train,engaged,engaged_1056.jpg,test,engaged,1,2
engaged_1387.jpg,train,engaged,engaged_1333.jpg,test,engaged,0,2
engaged_1387.jpg,train,engaged,engaged_1378.jpg,test,engaged,0,0
engaged_1387.jpg,train,engaged,engaged_752.jpg,test,engaged,2,4
engaged_1388.jpg,train,engaged,confused_4734.jpg,test,confused,4,6
engaged_1388.jpg,train,engaged,engaged_1056.jpg,test,engaged,1,2
engaged_1388.jpg,train,engaged,engaged_1333.jpg,test,engaged,0,2
engaged_1388.jpg,train,engaged,engaged_1378.jpg,test,engaged,0,0
engaged_1388.jpg,train,engaged,engaged_752.jpg,test,engaged,2,4
engaged_1389.jpg,train,engaged,confused_4734.jpg,test,confused,4,6
engaged_1389.jpg,train,engaged,engaged_1056.jpg,test,engaged,1,2
engaged_1389.jpg,train,engaged,engaged_1333.jpg,test,engaged,0,2
engaged_1389.jpg,train,engaged,engaged_1378.jpg,test,engaged,0,0
engaged_1389.jpg,train,engaged,engaged_752.jpg,test,engaged,2,4
engaged_1390.jpg,train,engaged,confused_4734.jpg,test,confused,4,6
engaged_1390.jpg,train,engaged,engaged_1056.jpg,test,engaged,1,2
engaged_1390.jpg,train,engaged,engaged_1333.jpg,test,engaged,0,2
engaged_1390.jpg,train,engaged,engaged_1378.jpg,test,engaged,0,0
engaged_1390.jpg,train,engaged,engaged_752.jpg,test,engaged,2,4
engaged_1391.jpg,train,engaged,confused_4734.jpg,test,confused,4,6
engaged_1391.jpg,train,engaged,engaged_1056.jpg,test,engaged,1,2
engaged_1391.jpg,train,engaged,engaged_1333.jpg,test,engaged,0,2
engaged_1391.jpg,train,engaged,engaged_1378.jpg,test,engaged,0,0
engaged_1391.jpg,train,engaged,engaged_752.jpg,test,engaged,2,4
engaged_1392.jpg,train,engaged,confused_4734.jpg,test,confused,4,6
engaged_1392.jpg,train,engaged,engaged_1056.jpg,test,engaged,1,2
engaged_1392.jpg,train,engaged,engaged_1333.jpg,test,engaged,0,2
engaged_1392.jpg,train,engaged,engaged_1378.jpg,test,engaged,0,0
engaged_1392.jpg,train,engaged,engaged_752.jpg,test,engaged,2,4
engaged_1393.jpg,train,engaged,confused_4734.jpg,test,confused,4,6
engaged_1393.jpg,train,engaged,engaged_1056.jpg,test,engaged,1,2
engaged_1393.jpg,train,engaged,engaged_1333.jpg,test,engaged,0,2
engaged_1393.jpg,train,engaged,engaged_1378.jpg,test,engaged,0,0
engaged_1393.jpg,train,engaged,engaged_752.jpg,test,engaged,2,4
engaged_1404.jpg,train,engaged,confused_4734.jpg,test,confused,4,6
engaged_1404.jpg,train,engaged,engaged_1056.jpg,test,engaged,1,2
engaged_1404.jpg,train,engaged,engaged_1333.jpg,test,engaged,0,2
engaged_1404.jpg,train,engaged,engaged_1378.jpg,test,engaged,0,0
engaged_1404.jpg,train,engaged,engaged_752.jpg,test,engaged,2,4
engaged_1406.jpg,train,engaged,confused_4734.jpg,test,confused,4,6
engaged_1406.jpg,train,engaged,engaged_1056.jpg,test,engaged,1,2
engaged_1406.jpg,train,engaged,engaged_1333.jpg,test,engaged,0,2
engaged_1406.jpg,train,engaged,engaged_1378.jpg,test,engaged,0,0
engaged_1406.jpg,train,engaged,engaged_752.jpg,test,engaged,2,4
engaged_1407.jpg,train,engaged,confused_4734.jpg,test,confused,4,6
engaged_1407.jpg,train,engaged,engaged_1056.jpg,test,engaged,1,2
engaged_1407.jpg,train,engaged,engaged_1333.jpg,test,engaged,0,2
engaged_1407.jpg,train,engaged,engaged_1378.jpg,test,engaged,0,0
engaged_1407.jpg,train,engaged,engaged_752.jpg,test,engaged,2,4
engaged_1481.jpg,train,engaged,engaged_1699.jpg,test,engaged,3,4
engaged_1481.jpg,train,engaged,engaged_3441.jpg,test,engaged,5,6
engaged_1495.jpg,train,engaged,engaged_1699.jpg,test,engaged,3,4
engaged_1495.jpg,train,engaged,engaged_3441.jpg,test,engaged,5,6
engaged_15068.jpg,train,engaged,confused_4734.jpg,test,confused,4,6
engaged_15068.jpg,train,engaged,engaged_1056.jpg,test,engaged,1,6
engaged_15068.jpg,train,engaged,engaged_1333.jpg,test,engaged,0,6
engaged_15068.jpg,train,engaged,engaged_1378.jpg,test,engaged,0,4
engaged_15068.jpg,train,engaged,frustrated_8942.jpg,test,frustrated,2,6
engaged_1523.jpg,train,engaged,engaged_1699.jpg,test,engaged,4,2
engaged_1621.jpg,train,engaged,engaged_1699.jpg,test,engaged,2,2
engaged_1621.jpg,train,engaged,engaged_3441.jpg,test,engaged,4,4
engaged_1711.jpg,train,engaged,confused_4134.jpg,test,confused,2,4
engaged_1711.jpg,train,engaged,confused_4142.jpg,test,confused,2,2
engaged_1711.jpg,train,engaged,confused_4744.jpg,test,confused,5,6
engaged_1711.jpg,train,engaged,engaged_1806.jpg,test,engaged,1,4
engaged_1711.jpg,train,engaged,engaged_1860.jpg,test,engaged,1,4
engaged_1711.jpg,train,engaged,engaged_1916.jpg,test,engaged,1,4
engaged_1711.jpg,train,engaged,engaged_1925.jpg,test,engaged,1,4
engaged_1711.jpg,train,engaged,engaged_1982.jpg,test,engaged,1,4
engaged_1711.jpg,train,engaged,engaged_2048.jpg,test,engaged,1,4
engaged_1711.jpg,train,engaged,engaged_2073.jpg,test,engaged,2,4
engaged_1711.jpg,train,engaged,engaged_2081.jpg,test,engaged,2,4
engaged_1711.jpg,train,engaged,engaged_2092.jpg,test,engaged,2,4
engaged_1711.jpg,train,engaged,engaged_2106.jpg,test,engaged,2,4
engaged_1711.jpg,train,engaged,engaged_2111.jpg,test,engaged,2,4
engaged_1711.jpg,train,engaged,engaged_2116.jpg,test,engaged,2,4
engaged_1711.jpg,train,engaged,engaged_2125.jpg,test,engaged,2,4
engaged_1711.jpg,train,engaged,engaged_2156.jpg,test,engaged,2,4
engaged_1711.jpg,train,engaged,engaged_2181.jpg,test,engaged,2,4
engaged_1711.jpg,train,engaged,engaged_2191.jpg,test,engaged,2,4
engaged_1711.jpg,train,engaged,engaged_2198.jpg,test,engaged,2,4
engaged_1711.jpg,train,engaged,engaged_2203.jpg,test,engaged,2,4
engaged_1711.jpg,train,engaged,engaged_2214.jpg,test,engaged,2,4
engaged_1711.jpg,train,engaged,engaged_2216.jpg,test,engaged,2,4
engaged_1711.jpg,train,engaged,frustrated_9653.jpg,test,frustrated,5,6
engaged_1711.jpg,train,engaged,frustrated_9734.jpg,test,frustrated,4,6
engaged_1711.jpg,train,engaged,frustrated_9812.jpg,test,frustrated,5,6
engaged_1714.jpg,train,engaged,confused_4134.jpg,test,confused,2,4
engaged_1714.jpg,train,engaged,confused_4142.jpg,test,confused,2,2
engaged_1714.jpg,train,engaged,confused_4744.jpg,test,confused,5,6
engaged_1714.jpg,train,engaged,engaged_1806.jpg,test,engaged,1,4
engaged_1714.jpg,train,engaged,engaged_1860.jpg,test,engaged,1,4
engaged_1714.jpg,train,engaged,engaged_1916.jpg,test,engaged,1,4
engaged_1714.jpg,train,engaged,engaged_1925.jpg,test,engaged,1,4
engaged_1714.jpg,train,engaged,engaged_1982.jpg,test,engaged,1,4
engaged_1714.jpg,train,engaged,engaged_2048.jpg,test,engaged,1,4
engaged_1714.jpg,train,engaged,engaged_2073.jpg,test,engaged,2,4
engaged_1714.jpg,train,engaged,engaged_2081.jpg,test,engaged,2,4
engaged_1714.jpg,train,engaged,engaged_2092.jpg,test,engaged,2,4
engaged_1714.jpg,train,engaged,engaged_2106.jpg,test,engaged,2,4
engaged_1714.jpg,train,engaged,engaged_2111.jpg,test,engaged,2,4
engaged_1714.jpg,train,engaged,engaged_2116.jpg,test,engaged,2,4
engaged_1714.jpg,train,engaged,engaged_2125.jpg,test,engaged,2,4
engaged_1714.jpg,train,engaged,engaged_2156.jpg,test,engaged,2,4
engaged_1714.jpg,train,engaged,engaged_2181.jpg,test,engaged,2,4
engaged_1714.jpg,train,engaged,engaged_2191.jpg,test,engaged,2,4
engaged_1714.jpg,train,engaged,engaged_2198.jpg,test,engaged,2,4
engaged_1714.jpg,train,engaged,engaged_2203.jpg,test,engaged,2,4
engaged_1714.jpg,train,engaged,engaged_2214.jpg,test,engaged,2,4
engaged_1714.jpg,train,engaged,engaged_2216.jpg,test,engaged,2,4
engaged_1714.jpg,train,engaged,frustrated_9653.jpg,test,frustrated,5,6
engaged_1714.jpg,train,engaged,frustrated_9734.jpg,test,frustrated,4,6
engaged_1714.jpg,train,engaged,frustrated_9812.jpg,test,frustrated,5,6
engaged_1737.jpg,train,engaged,confused_4134.jpg,test,confused,3,4
engaged_1737.jpg,train,engaged,confused_4142.jpg,test,confused,3,2
engaged_1737.jpg,train,engaged,confused_4744.jpg,test,confused,4,6
engaged_1737.jpg,train,engaged,engaged_1806.jpg,test,engaged,0,2
engaged_1737.jpg,train,engaged,engaged_1860.jpg,test,engaged,0,2
engaged_1737.jpg,train,engaged,engaged_1916.jpg,test,engaged,0,2
engaged_1737.jpg,train,engaged,engaged_1925.jpg,test,engaged,0,2
engaged_1737.jpg,train,engaged,engaged_1982.jpg,test,engaged,0,2
engaged_1737.jpg,train,engaged,engaged_2048.jpg,test,engaged,0,2
engaged_1737.jpg,train,engaged,engaged_2073.jpg,test,engaged,1,2
engaged_1737.jpg,train,engaged,engaged_2081.jpg,test,engaged,1,2
engaged_1737.jpg,train,engaged,engaged_2092.jpg,test,engaged,1,2
engaged_1737.jpg,train,engaged,engaged_2106.jpg,test,engaged,1,2
engaged_1737.jpg,train,engaged,engaged_2111.jpg,test,engaged,1,2
engaged_1737.jpg,train,engaged,engaged_2116.jpg,test,engaged,1,2
engaged_1737.jpg,train,engaged,engaged_2125.jpg,test,engaged,1,2
engaged_1737.jpg,train,engaged,engaged_2156.jpg,test,engaged,1,2
engaged_1737.jpg,train,engaged,engaged_2181.jpg,test,engaged,1,2
engaged_1737.jpg,train,engaged,engaged_2191.jpg,test,engaged,1,2
engaged_1737.jpg,train,engaged,engaged_2198.jpg,test,engaged,1,2
engaged_1737.jpg,train,engaged,engaged_2203.jpg,test,engaged,1,2
engaged_1737.jpg,train,engaged,engaged_2214.jpg,test,engaged,1,2
engaged_1737.jpg,train,engaged,engaged_2216.jpg,test,engaged,1,2
engaged_1737.jpg,train,engaged,frustrated_9734.jpg,test,frustrated,3,6
engaged_1737.jpg,train,engaged,frustrated_9812.jpg,test,frustrated,4,6
engaged_1741.jpg,train,engaged,confused_4134.jpg,test,confused,3,6
engaged_1741.jpg,train,engaged,confused_4142.jpg,test,confused,3,4
engaged_1741.jpg,train,engaged,confused_4744.jpg,test,confused,4,6
engaged_1741.jpg,train,engaged,engaged_1806.jpg,test,engaged,0,0
engaged_1741.jpg,train,engaged,engaged_1860.jpg,test,engaged,0,0
engaged_1741.jpg,train,engaged,engaged_1916.jpg,test,engaged,0,0
engaged_1741.jpg,train,engaged,engaged_1925.jpg,test,engaged,0,0
engaged_1741.jpg,train,engaged,engaged_1982.jpg,test,engaged,0,0
engaged_1741.jpg,train,engaged,engaged_2048.jpg,test,engaged,0,0
engaged_1741.jpg,train,engaged,engaged_2073.jpg,test,engaged,1,0
engaged_1741.jpg,train,engaged,engaged_2081.jpg,test,engaged,1,0
engaged_1741.jpg,train,engaged,engaged_2092.jpg,test,engaged,1,0
engaged_1741.jpg,train,engaged,engaged_2106.jpg,test,engaged,1,0
engaged_1741.jpg,train,engaged,engaged_2111.jpg,test,engaged,1,0
engaged_1741.jpg,train,engaged,engaged_2116.jpg,test,engaged,1,0
engaged_1741.jpg,train,engaged,engaged_2125.jpg,test,engaged,1,0
engaged_1741.jpg,train,engaged,engaged_2156.jpg,test,engaged,1,0
engaged_1741.jpg,train,engaged,engaged_2181.jpg,test,engaged,1,0
engaged_1741.jpg,train,engaged,engaged_2191.jpg,test,engaged,1,0
engaged_1741.jpg,train,engaged,engaged_2198.jpg,test,engaged,1,0
engaged_1741.jpg,train,engaged,engaged_2203.jpg,test,engaged,1,0
engaged_1741.jpg,train,engaged,engaged_2214.jpg,test,engaged,1,0
engaged_1741.jpg,train,engaged,engaged_2216.jpg,test,engaged,1,0
engaged_1741.jpg,train,engaged,frustrated_9024.jpg,test,frustrated,4,6
engaged_1741.jpg,train,engaged,frustrated_9576.jpg,test,frustrated,4,6
engaged_1741.jpg,train,engaged,frustrated_9812.jpg,test,frustrated,4,6
engaged_1745.jpg,train,engaged,confused_4134.jpg,test,confused,3,6
engaged_1745.jpg,train,engaged,confused_4142.jpg,test,confused,3,4
engaged_1745.jpg,train,engaged,confused_4744.jpg,test,confused,4,6
engaged_1745.jpg,train,engaged,engaged_1806.jpg,test,engaged,0,0
engaged_1745.jpg,train,engaged,engaged_1860.jpg,test,engaged,0,0
engaged_1745.jpg,train,engaged,engaged_1916.jpg,test,engaged,0,0
engaged_1745.jpg,train,engaged,engaged_1925.jpg,test,engaged,0,0
engaged_1745.jpg,train,engaged,engaged_1982.jpg,test,engaged,0,0
engaged_1745.jpg,train,engaged,engaged_2048.jpg,test,engaged,0,0
engaged_1745.jpg,train,engaged,engaged_2073.jpg,test,engaged,1,0
engaged_1745.jpg,train,engaged,engaged_2081.jpg,test,engaged,1,0
engaged_1745.jpg,train,engaged,engaged_2092.jpg,test,engaged,1,0
engaged_1745.jpg,train,engaged,engaged_2106.jpg,test,engaged,1,0
engaged_1745.jpg,train,engaged,engaged_2111.jpg,test,engaged,1,0
engaged_1745.jpg,train,engaged,engaged_2116.jpg,test,engaged,1,0
engaged_1745.jpg,train,engaged,engaged_2125.jpg,test,engaged,1,0
engaged_1745.jpg,train,engaged,engaged_2156.jpg,test,engaged,1,0
engaged_1745.jpg,train,engaged,engaged_2181.jpg,test,engaged,1,0
engaged_1745.jpg,train,engaged,engaged_2191.jpg,test,engaged,1,0
engaged_1745.jpg,train,engaged,engaged_2198.jpg,test,engaged,1,0
engaged_1745.jpg,train,engaged,engaged_2203.jpg,test,engaged,1,0
engaged_1745.jpg,train,engaged,engaged_2214.jpg,test,engaged,1,0
engaged_1745.jpg,train,engaged,engaged_2216.jpg,test,engaged,1,0
engaged_1745.jpg,train,engaged,frustrated_9024.jpg,test,frustrated,4,6
engaged_1745.jpg,train,engaged,frustrated_9576.jpg,test,frustrated,4,6
engaged_1745.jpg,train,engaged,frustrated_9812.jpg,test,frustrated,4,6
engaged_1771.jpg,train,engaged,confused_4134.jpg,test,confused,3,6
engaged_1771.jpg,train,engaged,confused_4142.jpg,test,confused,3,4
engaged_1771.jpg,train,engaged,confused_4744.jpg,test,confused,4,6
engaged_1771.jpg,train,engaged,engaged_1806.jpg,test,engaged,0,0
engaged_1771.jpg,train,engaged,engaged_1860.jpg,test,engaged,0,0
engaged_1771.jpg,train,engaged,engaged_1916.jpg,test,engaged,0,0
engaged_1771.jpg,train,engaged,engaged_1925.jpg,test,engaged,0,0
engaged_1771.jpg,train,engaged,engaged_1982.jpg,test,engaged,0,0
engaged_1771.jpg,train,engaged,engaged_2048.jpg,test,engaged,0,0
engaged_1771.jpg,train,engaged,engaged_2073.jpg,test,engaged,1,0
engaged_1771.jpg,train,engaged,engaged_2081.jpg,test,engaged,1,0
engaged_1771.jpg,train,engaged,engaged_2092.jpg,test,engaged,1,0
engaged_1771.jpg,train,engaged,engaged_2106.jpg,test,engaged,1,0
engaged_1771.jpg,train,engaged,engaged_2111.jpg,test,engaged,1,0
engaged_1771.jpg,train,engaged,engaged_2116.jpg,test,engaged,1,0
engaged_1771.jpg,train,engaged,engaged_2125.jpg,test,engaged,1,0
engaged_1771.jpg,train,engaged,engaged_2156.jpg,test,engaged,1,0
engaged_1771.jpg,train,engaged,engaged_2181.jpg,test,engaged,1,0
engaged_1771.jpg,train,engaged,engaged_2191.jpg,test,engaged,1,0
engaged_1771.jpg,train,engaged,engaged_2198.jpg,test,engaged,1,0
engaged_1771.jpg,train,engaged,engaged_2203.jpg,test,engaged,1,0
engaged_1771.jpg,train,engaged,engaged_2214.jpg,test,engaged,1,0
engaged_1771.jpg,train,engaged,engaged_2216.jpg,test,engaged,1,0
engaged_1771.jpg,train,engaged,frustrated_9024.jpg,test,frustrated,4,6
engaged_1771.jpg,train,engaged,frustrated_9576.jpg,test,frustrated,4,6
engaged_1771.jpg,train,engaged,frustrated_9812.jpg,test,frustrated,4,6
engaged_1795.jpg,train,engaged,confused_4134.jpg,test,confused,3,6
engaged_1795.jpg,train,engaged,confused_4142.jpg,test,confused,3,4
engaged_1795.jpg,train,engaged,confused_4744.jpg,test,confused,4,6
engaged_1795.jpg,train,engaged,engaged_1806.jpg,test,engaged,0,0
engaged_1795.jpg,train,engaged,engaged_1860.jpg,test,engaged,0,0
engaged_1795.jpg,train,engaged,engaged_1916.jpg,test,engaged,0,0
engaged_1795.jpg,train,engaged,engaged_1925.jpg,test,engaged,0,0
engaged_1795.jpg,train,engaged,engaged_1982.jpg,test,engaged,0,0
engaged_1795.jpg,train,engaged,engaged_2048.jpg,test,engaged,0,0
engaged_1795.jpg,train,engaged,engaged_2073.jpg,test,engaged,1,0
engaged_1795.jpg,train,engaged,engaged_2081.jpg,test,engaged,1,0
engaged_1795.jpg,train,engaged,engaged_2092.jpg,test,engaged,1,0
engaged_1795.jpg,train,engaged,engaged_2106.jpg,test,engaged,1,0
engaged_1795.jpg,train,engaged,engaged_2111.jpg,test,engaged,1,0
engaged_1795.jpg,train,engaged,engaged_2116.jpg,test,engaged,1,0
engaged_1795.jpg,train,engaged,engaged_2125.jpg,test,engaged,1,0
engaged_1795.jpg,train,engaged,engaged_2156.jpg,test,engaged,1,0
engaged_1795.jpg,train,engaged,engaged_2181.jpg,test,engaged,1,0
engaged_1795.jpg,train,engaged,engaged_2191.jpg,test,engaged,1,0
engaged_1795.jpg,train,engaged,engaged_2198.jpg,test,engaged,1,0
engaged_1795.jpg,train,engaged,engaged_2203.jpg,test,engaged,1,0
engaged_1795.jpg,train,engaged,engaged_2214.jpg,test,engaged,1,0
engaged_1795.jpg,train,engaged,engaged_2216.jpg,test,engaged,1,0
engaged_1795.jpg,train,engaged,frustrated_9024.jpg,test,frustrated,4,6
engaged_1795.jpg,train,engaged,frustrated_9576.jpg,test,frustrated,4,6
engaged_1795.jpg,train,engaged,frustrated_9812.jpg,test,frustrated,4,6
engaged_1796.jpg,train,engaged,confused_4134.jpg,test,confused,3,6
engaged_1796.jpg,train,engaged,confused_4142.jpg,test,confused,3,4
engaged_1796.jpg,train,engaged,confused_4744.jpg,test,confused,4,6
engaged_1796.jpg,train,engaged,engaged_1806.jpg,test,engaged,0,0
engaged_1796.jpg,train,engaged,engaged_1860.jpg,test,engaged,0,0
engaged_1796.jpg,train,engaged,engaged_1916.jpg,test,engaged,0,0
engaged_1796.jpg,train,engaged,engaged_1925.jpg,test,engaged,0,0
engaged_1796.jpg,train,engaged,engaged_1982.jpg,test,engaged,0,0
engaged_1796.jpg,train,engaged,engaged_2048.jpg,test,engaged,0,0
engaged_1796.jpg,train,engaged,engaged_2073.jpg,test,engaged,1,0
engaged_1796.jpg,train,engaged,engaged_2081.jpg,test,engaged,1,0
engaged_1796.jpg,train,engaged,engaged_2092.jpg,test,engaged,1,0
engaged_1796.jpg,train,engaged,engaged_2106.jpg,test,engaged,1,0
engaged_1796.jpg,train,engaged,engaged_2111.jpg,test,engaged,1,0
engaged_1796.jpg,train,engaged,engaged_2116.jpg,test,engaged,1,0
engaged_1796.jpg,train,engaged,engaged_2125.jpg,test,engaged,1,0
engaged_1796.jpg,train,engaged,engaged_2156.jpg,test,engaged,1,0
engaged_1796.jpg,train,engaged,engaged_2181.jpg,test,engaged,1,0
engaged_1796.jpg,train,engaged,engaged_2191.jpg,test,engaged,1,0
engaged_1796.jpg,train,engaged,engaged_2198.jpg,test,engaged,1,0
engaged_1796.jpg,train,engaged,engaged_2203.jpg,test,engaged,1,0
engaged_1796.jpg,train,engaged,engaged_2214.jpg,test,engaged,1,0
engaged_1796.jpg,train,engaged,engaged_2216.jpg,test,engaged,1,0
engaged_1796.jpg,train,engaged,frustrated_9024.jpg,test,frustrated,4,6
engaged_1796.jpg,train,engaged,frustrated_9576.jpg,test,frustrated,4,6
engaged_1796.jpg,train,engaged,frustrated_9812.jpg,test,frustrated,4,6
engaged_1802.jpg,train,engaged,confused_4134.jpg,test,confused,3,6
engaged_1802.jpg,train,engaged,confused_4142.jpg,test,confused,3,4
engaged_1802.jpg,train,engaged,confused_4744.jpg,test,confused,4,6
engaged_1802.jpg,train,engaged,engaged_1806.jpg,test,engaged,0,0
engaged_1802.jpg,train,engaged,engaged_1860.jpg,test,engaged,0,0
engaged_1802.jpg,train,engaged,engaged_1916.jpg,test,engaged,0,0
engaged_1802.jpg,train,engaged,engaged_1925.jpg,test,engaged,0,0
engaged_1802.jpg,train,engaged,engaged_1982.jpg,test,engaged,0,0
engaged_1802.jpg,train,engaged,engaged_2048.jpg,test,engaged,0,0
engaged_1802.jpg,train,engaged,engaged_2073.jpg,test,engaged,1,0
engaged_1802.jpg,train,engaged,engaged_2081.jpg,test,engaged,1,0
engaged_1802.jpg,train,engaged,engaged_2092.jpg,test,engaged,1,0
engaged_1802.jpg,train,engaged,engaged_2106.jpg,test,engaged,1,0
engaged_1802.jpg,train,engaged,engaged_2111.jpg,test,engaged,1,0
engaged_1802.jpg,train,engaged,engaged_2116.jpg,test,engaged,1,0
engaged_1802.jpg,train,engaged,engaged_2125.jpg,test,engaged,1,0
engaged_1802.jpg,train,engaged,engaged_2156.jpg,test,engaged,1,0
engaged_1802.jpg,train,engaged,engaged_2181.jpg,test,engaged,1,0
engaged_1802.jpg,train,engaged,engaged_2191.jpg,test,engaged,1,0
engaged_1802.jpg,train,engaged,engaged_2198.jpg,test,engaged,1,0
engaged_1802.jpg,train,engaged,engaged_2203.jpg,test,engaged,1,0
engaged_1802.jpg,train,engaged,engaged_2214.jpg,test,engaged,1,0
engaged_1802.jpg,train,engaged,engaged_2216.jpg,test,engaged,1,0
engaged_1802.jpg,train,engaged,frustrated_9024.jpg,test,frustrated,4,6
engaged_1802.jpg,train,engaged,frustrated_9576.jpg,test,frustrated,4,6
engaged_1802.jpg,train,engaged,frustrated_9812.jpg,test,frustrated,4,6
engaged_1803.jpg,train,engaged,confused_4134.jpg,test,confused,3,6
engaged_1803.jpg,train,engaged,confused_4142.jpg,test,confused,3,4
engaged_1803.jpg,train,engaged,confused_4744.jpg,test,confused,4,6
engaged_1803.jpg,train,engaged,engaged_1806.jpg,test,engaged,0,0
engaged_1803.jpg,train,engaged,engaged_1860.jpg,test,engaged,0,0
engaged_1803.jpg,train,engaged,engaged_1916.jpg,test,engaged,0,0
engaged_1803.jpg,train,engaged,engaged_1925.jpg,test,engaged,0,0
engaged_1803.jpg,train,engaged,engaged_1982.jpg,test,engaged,0,0
engaged_1803.jpg,train,engaged,engaged_2048.jpg,test,engaged,0,0
engaged_1803.jpg,train,engaged,engaged_2073.jpg,test,engaged,1,0
engaged_1803.jpg,train,engaged,engaged_2081.jpg,test,engaged,1,0
engaged_1803.jpg,train,engaged,engaged_2092.jpg,test,engaged,1,0
engaged_1803.jpg,train,engaged,engaged_2106.jpg,test,engaged,1,0
engaged_1803.jpg,train,engaged,engaged_2111.jpg,test,engaged,1,0
engaged_1803.jpg,train,engaged,engaged_2116.jpg,test,engaged,1,0
engaged_1803.jpg,train,engaged,engaged_2125.jpg,test,engaged,1,0
engaged_1803.jpg,train,engaged,engaged_2156.jpg,test,engaged,1,0
engaged_1803.jpg,train,engaged,engaged_2181.jpg,test,engaged,1,0
engaged_1803.jpg,train,engaged,engaged_2191.jpg,test,engaged,1,0
engaged_1803.jpg,train,engaged,engaged_2198.jpg,test,engaged,1,0
engaged_1803.jpg,train,engaged,engaged_2203.jpg,test,engaged,1,0
engaged_1803.jpg,train,engaged,engaged_2214.jpg,test,engaged,1,0
engaged_1803.jpg,train,engaged,engaged_2216.jpg,test,engaged,1,0
engaged_1803.jpg,train,engaged,frustrated_9024.jpg,test,frustrated,4,6
engaged_1803.jpg,train,engaged,frustrated_9576.jpg,test,frustrated,4,6
engaged_1803.jpg,train,engaged,frustrated_9812.jpg,test,frustrated,4,6
engaged_1804.jpg,train,engaged,confused_4134.jpg,test,confused,3,6
engaged_1804.jpg,train,engaged,confused_4142.jpg,test,confused,3,4
engaged_1804.jpg,train,engaged,confused_4744.jpg,test,confused,4,6
engaged_1804.jpg,train,engaged,engaged_1806.jpg,test,engaged,0,0
engaged_1804.jpg,train,engaged,engaged_1860.jpg,test,engaged,0,0
engaged_1804.jpg,train,engaged,engaged_1916.jpg,test,engaged,0,0
engaged_1804.jpg,train,engaged,engaged_1925.jpg,test,engaged,0,0
engaged_1804.jpg,train,engaged,engaged_1982.jpg,test,engaged,0,0
engaged_1804.jpg,train,engaged,engaged_2048.jpg,test,engaged,0,0
engaged_1804.jpg,train,engaged,engaged_2073.jpg,test,engaged,1,0
engaged_1804.jpg,train,engaged,engaged_2081.jpg,test,engaged,1,0
engaged_1804.jpg,train,engaged,engaged_2092.jpg,test,engaged,1,0
engaged_1804.jpg,train,engaged,engaged_2106.jpg,test,engaged,1,0
engaged_1804.jpg,train,engaged,engaged_2111.jpg,test,engaged,1,0
engaged_1804.jpg,train,engaged,engaged_2116.jpg,test,engaged,1,0
engaged_1804.jpg,train,engaged,engaged_2125.jpg,test,engaged,1,0
engaged_1804.jpg,train,engaged,engaged_2156.jpg,test,engaged,1,0
engaged_1804.jpg,train,engaged,engaged_2181.jpg,test,engaged,1,0
engaged_1804.jpg,train,engaged,engaged_2191.jpg,test,engaged,1,0
engaged_1804.jpg,train,engaged,engaged_2198.jpg,test,engaged,1,0
engaged_1804.jpg,train,engaged,engaged_2203.jpg,test,engaged,1,0
engaged_1804.jpg,train,engaged,engaged_2214.jpg,test,engaged,1,0
engaged_1804.jpg,train,engaged,engaged_2216.jpg,test,engaged,1,0
engaged_1804.jpg,train,engaged,frustrated_9024.jpg,test,frustrated,4,6
engaged_1804.jpg,train,engaged,frustrated_9576.jpg,test,frustrated,4,6
engaged_1804.jpg,train,engaged,frustrated_9812.jpg,test,frustrated,4,6
engaged_1805.jpg,train,engaged,confused_4134.jpg,test,confused,3,6
engaged_1805.jpg,train,engaged,confused_4142.jpg,test,confused,3,4
engaged_1805.jpg,train,engaged,confused_4744.jpg,test,confused,4,6
engaged_1805.jpg,train,engaged,engaged_1806.jpg,test,engaged,0,0
engaged_1805.jpg,train,engaged,engaged_1860.jpg,test,engaged,0,0
engaged_1805.jpg,train,engaged,engaged_1916.jpg,test,engaged,0,0
engaged_1805.jpg,train,engaged,engaged_1925.jpg,test,engaged,0,0
engaged_1805.jpg,train,engaged,engaged_1982.jpg,test,engaged,0,0
engaged_1805.jpg,train,engaged,engaged_2048.jpg,test,engaged,0,0
engaged_1805.jpg,train,engaged,engaged_2073.jpg,test,engaged,1,0
engaged_1805.jpg,train,engaged,engaged_2081.jpg,test,engaged,1,0
engaged_1805.jpg,train,engaged,engaged_2092.jpg,test,engaged,1,0
engaged_1805.jpg,train,engaged,engaged_2106.jpg,test,engaged,1,0
engaged_1805.jpg,train,engaged,engaged_2111.jpg,test,engaged,1,0
engaged_1805.jpg,train,engaged,engaged_2116.jpg,test,engaged,1,0
engaged_1805.jpg,train,engaged,engaged_2125.jpg,test,engaged,1,0
engaged_1805.jpg,train,engaged,engaged_2156.jpg,test,engaged,1,0
engaged_1805.jpg,train,engaged,engaged_2181.jpg,test,engaged,1,0
engaged_1805.jpg,train,engaged,engaged_2191.jpg,test,engaged,1,0
engaged_1805.jpg,train,engaged,engaged_2198.jpg,test,engaged,1,0
engaged_1805.jpg,train,engaged,engaged_2203.jpg,test,engaged,1,0
engaged_1805.jpg,train,engaged,engaged_2214.jpg,test,engaged,1,0
engaged_1805.jpg,train,engaged,engaged_2216.jpg,test,engaged,1,0
engaged_1805.jpg,train,engaged,frustrated_9024.jpg,test,frustrated,4,6
engaged_1805.jpg,train,engaged,frustrated_9576.jpg,test,frustrated,4,6
engaged_1805.jpg,train,engaged,frustrated_9812.jpg,test,frustrated,4,6
engaged_1807.jpg,train,engaged,confused_4134.jpg,test,confused,3,6
engaged_1807.jpg,train,engaged,confused_4142.jpg,test,confused,3,4
engaged_1807.jpg,train,engaged,confused_4744.jpg,test,confused,4,6
engaged_1807.jpg,train,engaged,engaged_1806.jpg,test,engaged,0,0
engaged_1807.jpg,train,engaged,engaged_1860.jpg,test,engaged,0,0
engaged_1807.jpg,train,engaged,engaged_1916.jpg,test,engaged,0,0
engaged_1807.jpg,train,engaged,engaged_1925.jpg,test,engaged,0,0
engaged_1807.jpg,train,engaged,engaged_1982.jpg,test,engaged,0,0
engaged_1807.jpg,train,engaged,engaged_2048.jpg,test,engaged,0,0
engaged_1807.jpg,train,engaged,engaged_2073.jpg,test,engaged,1,0
engaged_1807.jpg,train,engaged,engaged_2081.jpg,test,engaged,1,0
engaged_1807.jpg,train,engaged,engaged_2092.jpg,test,engaged,1,0
engaged_1807.jpg,train,engaged,engaged_2106.jpg,test,engaged,1,0
engaged_1807.jpg,train,engaged,engaged_2111.jpg,test,engaged,1,0
engaged_1807.jpg,train,engaged,engaged_2116.jpg,test,engaged,1,0
engaged_1807.jpg,train,engaged,engaged_2125.jpg,test,engaged,1,0
engaged_1807.jpg,train,engaged,engaged_2156.jpg,test,engaged,1,0
engaged_1807.jpg,train,engaged,engaged_2181.jpg,test,engaged,1,0
engaged_1807.jpg,train,engaged,engaged_2191.jpg,test,engaged,1,0
engaged_1807.jpg,train,engaged,engaged_2198.jpg,test,engaged,1,0
engaged_1807.jpg,train,engaged,engaged_2203.jpg,test,engaged,1,0
engaged_1807.jpg,train,engaged,engaged_2214.jpg,test,engaged,1,0
engaged_1807.jpg,train,engaged,engaged_2216.jpg,test,engaged,1,0
engaged_1807.jpg,train,engaged,frustrated_9024.jpg,test,frustrated,4,6
engaged_1807.jpg,train,engaged,frustrated_9576.jpg,test,frustrated,4,6
engaged_1807.jpg,train,engaged,frustrated_9812.jpg,test,frustrated,4,6
engaged_1808.jpg,train,engaged,confused_4134.jpg,test,confused,3,6
engaged_1808.jpg,train,engaged,confused_4142.jpg,test,confused,3,4
engaged_1808.jpg,train,engaged,confused_4744.jpg,test,confused,4,6
engaged_1808.jpg,train,engaged,engaged_1806.jpg,test,engaged,0,0
engaged_1808.jpg,train,engaged,engaged_1860.jpg,test,engaged,0,0
engaged_1808.jpg,train,engaged,engaged_1916.jpg,test,engaged,0,0
engaged_1808.jpg,train,engaged,engaged_1925.jpg,test,engaged,0,0
engaged_1808.jpg,train,engaged,engaged_1982.jpg,test,engaged,0,0
engaged_1808.jpg,train,engaged,engaged_2048.jpg,test,engaged,0,0
engaged_1808.jpg,train,engaged,engaged_2073.jpg,test,engaged,1,0
engaged_1808.jpg,train,engaged,engaged_2081.jpg,test,engaged,1,0
engaged_1808.jpg,train,engaged,engaged_2092.jpg,test,engaged,1,0
engaged_1808.jpg,train,engaged,engaged_2106.jpg,test,engaged,1,0
engaged_1808.jpg,train,engaged,engaged_2111.jpg,test,engaged,1,0
engaged_1808.jpg,train,engaged,engaged_2116.jpg,test,engaged,1,0
engaged_1808.jpg,train,engaged,engaged_2125.jpg,test,engaged,1,0
engaged_1808.jpg,train,engaged,engaged_2156.jpg,test,engaged,1,0
engaged_1808.jpg,train,engaged,engaged_2181.jpg,test,engaged,1,0
engaged_1808.jpg,train,engaged,engaged_2191.jpg,test,engaged,1,0
engaged_1808.jpg,train,engaged,engaged_2198.jpg,test,engaged,1,0
engaged_1808.jpg,train,engaged,engaged_2203.jpg,test,engaged,1,0
engaged_1808.jpg,train,engaged,engaged_2214.jpg,test,engaged,1,0
engaged_1808.jpg,train,engaged,engaged_2216.jpg,test,engaged,1,0
engaged_1808.jpg,train,engaged,frustrated_9024.jpg,test,frustrated,4,6
engaged_1808.jpg,train,engaged,frustrated_9576.jpg,test,frustrated,4,6
engaged_1808.jpg,train,engaged,frustrated_9812.jpg,test,frustrated,4,6
engaged_1809.jpg,train,engaged,confused_4134.jpg,test,confused,3,6
engaged_1809.jpg,train,engaged,confused_4142.jpg,test,confused,3,4
engaged_1809.jpg,train,engaged,confused_4744.jpg,test,confused,4,6
engaged_1809.jpg,train,engaged,engaged_1806.jpg,test,engaged,0,0
engaged_1809.jpg,train,engaged,engaged_1860.jpg,test,engaged,0,0
engaged_1809.jpg,train,engaged,engaged_1916.jpg,test,engaged,0,0
engaged_1809.jpg,train,engaged,engaged_1925.jpg,test,engaged,0,0
engaged_1809.jpg,train,engaged,engaged_1982.jpg,test,engaged,0,0
engaged_1809.jpg,train,engaged,engaged_2048.jpg,test,engaged,0,0
engaged_1809.jpg,train,engaged,engaged_2073.jpg,test,engaged,1,0
engaged_1809.jpg,train,engaged,engaged_2081.jpg,test,engaged,1,0
engaged_1809.jpg,train,engaged,engaged_2092.jpg,test,engaged,1,0
engaged_1809.jpg,train,engaged,engaged_2106.jpg,test,engaged,1,0
engaged_1809.jpg,train,engaged,engaged_2111.jpg,test,engaged,1,0
engaged_1809.jpg,train,engaged,engaged_2116.jpg,test,engaged,1,0
engaged_1809.jpg,train,engaged,engaged_2125.jpg,test,engaged,1,0
engaged_1809.jpg,train,engaged,engaged_2156.jpg,test,engaged,1,0
engaged_1809.jpg,train,engaged,engaged_2181.jpg,test,engaged,1,0
engaged_1809.jpg,train,engaged,engaged_2191.jpg,test,engaged,1,0
engaged_1809.jpg,train,engaged,engaged_2198.jpg,test,engaged,1,0
engaged_1809.jpg,train,engaged,engaged_2203.jpg,test,engaged,1,0
engaged_1809.jpg,train,engaged,engaged_2214.jpg,test,engaged,1,0
engaged_1809.jpg,train,engaged,engaged_2216.jpg,test,engaged,1,0
engaged_1809.jpg,train,engaged,frustrated_9024.jpg,test,frustrated,4,6
engaged_1809.jpg,train,engaged,frustrated_9576.jpg,test,frustrated,4,6
engaged_1809.jpg,train,engaged,frustrated_9812.jpg,test,frustrated,4,6
engaged_1810.jpg,train,engaged,confused_4134.jpg,test,confused,3,6
engaged_1810.jpg,train,engaged,confused_4142.jpg,test,confused,3,4
engaged_1810.jpg,train,engaged,confused_4744.jpg,test,confused,4,6
engaged_1810.jpg,train,engaged,engaged_1806.jpg,test,engaged,0,0
engaged_1810.jpg,train,engaged,engaged_1860.jpg,test,engaged,0,0
engaged_1810.jpg,train,engaged,engaged_1916.jpg,test,engaged,0,0
engaged_1810.jpg,train,engaged,engaged_1925.jpg,test,engaged,0,0
engaged_1810.jpg,train,engaged,engaged_1982.jpg,test,engaged,0,0
engaged_1810.jpg,train,engaged,engaged_2048.jpg,test,engaged,0,0
engaged_1810.jpg,train,engaged,engaged_2073.jpg,test,engaged,1,0
engaged_1810.jpg,train,engaged,engaged_2081.jpg,test,engaged,1,0
engaged_1810.jpg,train,engaged,engaged_2092.jpg,test,engaged,1,0
engaged_1810.jpg,train,engaged,engaged_2106.jpg,test,engaged,1,0
engaged_1810.jpg,train,engaged,engaged_2111.jpg,test,engaged,1,0
engaged_1810.jpg,train,engaged,engaged_2116.jpg,test,engaged,1,0
engaged_1810.jpg,train,engaged,engaged_2125.jpg,test,engaged,1,0
engaged_1810.jpg,train,engaged,engaged_2156.jpg,test,engaged,1,0
engaged_1810.jpg,train,engaged,engaged_2181.jpg,test,engaged,1,0
engaged_1810.jpg,train,engaged,engaged_2191.jpg,test,engaged,1,0
engaged_1810.jpg,train,engaged,engaged_2198.jpg,test,engaged,1,0
engaged_1810.jpg,train,engaged,engaged_2203.jpg,test,engaged,1,0
engaged_1810.jpg,train,engaged,engaged_2214.jpg,test,engaged,1,0
engaged_1810.jpg,train,engaged,engaged_2216.jpg,test,engaged,1,0
engaged_1810.jpg,train,engaged,frustrated_9024.jpg,test,frustrated,4,6
engaged_1810.jpg,train,engaged,frustrated_9576.jpg,test,frustrated,4,6
engaged_1810.jpg,train,engaged,frustrated_9812.jpg,test,frustrated,4,6
engaged_1817.jpg,train,engaged,confused_4134.jpg,test,confused,3,6
engaged_1817.jpg,train,engaged,confused_4142.jpg,test,confused,3,4
engaged_1817.jpg,train,engaged,confused_4744.jpg,test,confused,4,6
engaged_1817.jpg,train,engaged,engaged_1806.jpg,test,engaged,0,0
engaged_1817.jpg,train,engaged,engaged_1860.jpg,test,engaged,0,0
engaged_1817.jpg,train,engaged,engaged_1916.jpg,test,engaged,0,0
engaged_1817.jpg,train,engaged,engaged_1925.jpg,test,engaged,0,0
engaged_1817.jpg,train,engaged,engaged_1982.jpg,test,engaged,0,0
engaged_1817.jpg,train,engaged,engaged_2048.jpg,test,engaged,0,0
engaged_1817.jpg,train,engaged,engaged_2073.jpg,test,engaged,1,0
engaged_1817.jpg,train,engaged,engaged_2081.jpg,test,engaged,1,0
engaged_1817.jpg,train,engaged,engaged_2092.jpg,test,engaged,1,0
engaged_1817.jpg,train,engaged,engaged_2106.jpg,test,engaged,1,0
engaged_1817.jpg,train,engaged,engaged_2111.jpg,test,engaged,1,0
engaged_1817.jpg,train,engaged,engaged_2116.jpg,test,engaged,1,0
engaged_1817.jpg,train,engaged,engaged_2125.jpg,test,engaged,1,0
engaged_1817.jpg,train,engaged,engaged_2156.jpg,test,engaged,1,0
engaged_1817.jpg,train,engaged,engaged_2181.jpg,test,engaged,1,0
engaged_1817.jpg,train,engaged,engaged_2191.jpg,test,engaged,1,0
engaged_1817.jpg,train,engaged,engaged_2198.jpg,test,engaged,1,0
engaged_1817.jpg,train,engaged,engaged_2203.jpg,test,engaged,1,0
engaged_1817.jpg,train,engaged,engaged_2214.jpg,test,engaged,1,0
engaged_1817.jpg,train,engaged,engaged_2216.jpg,test,engaged,1,0
engaged_1817.jpg,train,engaged,frustrated_9024.jpg,test,frustrated,4,6
engaged_1817.jpg,train,engaged,frustrated_9576.jpg,test,frustrated,4,6
engaged_1817.jpg,train,engaged,frustrated_9812.jpg,test,frustrated,4,6
engaged_1852.jpg,train,engaged,confused_4134.jpg,test,confused,4,6
engaged_1852.jpg,train,engaged,confused_4142.jpg,test,confused,4,4
engaged_1852.jpg,train,engaged,confused_4744.jpg,test,confused,3,6
engaged_1852.jpg,train,engaged,engaged_1806.jpg,test,engaged,1,0
engaged_1852.jpg,train,engaged,engaged_1860.jpg,test,engaged,1,0
engaged_1852.jpg,train,engaged,engaged_1916.jpg,test,engaged,1,0
engaged_1852.jpg,train,engaged,engaged_1925.jpg,test,engaged,1,0
engaged_1852.jpg,train,engaged,engaged_1982.jpg,test,engaged,1,0
engaged_1852.jpg,train,engaged,engaged_2048.jpg,test,engaged,1,0
engaged_1852.jpg,train,engaged,engaged_2073.jpg,test,engaged,0,0
engaged_1852.jpg,train,engaged,engaged_2081.jpg,test,engaged,0,0
engaged_1852.jpg,train,engaged,engaged_2092.jpg,test,engaged,0,0
engaged_1852.jpg,train,engaged,engaged_2106.jpg,test,engaged,0,0
engaged_1852.jpg,train,engaged,engaged_2111.jpg,test,engaged,0,0
engaged_1852.jpg,train,engaged,engaged_2116.jpg,test,engaged,0,0
engaged_1852.jpg,train,engaged,engaged_2125.jpg,test,engaged,0,0
engaged_1852.jpg,train,engaged,engaged_2156.jpg,test,engaged,0,0
engaged_1852.jpg,train,engaged,engaged_2181.jpg,test,engaged,0,0
engaged_1852.jpg,train,engaged,engaged_2191.jpg,test,engaged,0,0
engaged_1852.jpg,train,engaged,engaged_2198.jpg,test,engaged,0,0
engaged_1852.jpg,train,engaged,engaged_2203.jpg,test,engaged,0,0
engaged_1852.jpg,train,engaged,engaged_2214.jpg,test,engaged,0,0
engaged_1852.jpg,train,engaged,engaged_2216.jpg,test,engaged,0,0
engaged_1852.jpg,train,engaged,frustrated_9024.jpg,test,frustrated,3,6
engaged_1852.jpg,train,engaged,frustrated_9576.jpg,test,frustrated,3,6
engaged_1852.jpg,train,engaged,frustrated_9812.jpg,test,frustrated,3,6
engaged_1853.jpg,train,engaged,confused_4134.jpg,test,confused,4,6
engaged_1853.jpg,train,engaged,confused_4142.jpg,test,confused,4,4
engaged_1853.jpg,train,engaged,confused_4744.jpg,test,confused,3,6
engaged_1853.jpg,train,engaged,engaged_1806.jpg,test,engaged,1,0
engaged_1853.jpg,train,engaged,engaged_1860.jpg,test,engaged,1,0
engaged_1853.jpg,train,engaged,engaged_1916.jpg,test,engaged,1,0
engaged_1853.jpg,train,engaged,engaged_1925.jpg,test,engaged,1,0
engaged_1853.jpg,train,engaged,engaged_1982.jpg,test,engaged,1,0
engaged_1853.jpg,train,engaged,engaged_2048.jpg,test,engaged,1,0
engaged_1853.jpg,train,engaged,engaged_2073.jpg,test,engaged,0,0
engaged_1853.jpg,train,engaged,engaged_2081.jpg,test,engaged,0,0
engaged_1853.jpg,train,engaged,engaged_2092.jpg,test,engaged,0,0
engaged_1853.jpg,train,engaged,engaged_2106.jpg,test,engaged,0,0
engaged_1853.jpg,train,engaged,engaged_2111.jpg,test,engaged,0,0
engaged_1853.jpg,train,engaged,engaged_2116.jpg,test,engaged,0,0
engaged_1853.jpg,train,engaged,engaged_2125.jpg,test,engaged,0,0
engaged_1853.jpg,train,engaged,engaged_2156.jpg,test,engaged,0,0
engaged_1853.jpg,train,engaged,engaged_2181.jpg,test,engaged,0,0
engaged_1853.jpg,train,engaged,engaged_2191.jpg,test,engaged,0,0
engaged_1853.jpg,train,engaged,engaged_2198.jpg,test,engaged,0,0
engaged_1853.jpg,train,engaged,engaged_2203.jpg,test,engaged,0,0
engaged_1853.jpg,train,engaged,engaged_2214.jpg,test,engaged,0,0
engaged_1853.jpg,train,engaged,engaged_2216.jpg,test,engaged,0,0
engaged_1853.jpg,train,engaged,frustrated_9024.jpg,test,frustrated,3,6
engaged_1853.jpg,train,engaged,frustrated_9576.jpg,test,frustrated,3,6
engaged_1853.jpg,train,engaged,frustrated_9812.jpg,test,frustrated,3,6
engaged_1854.jpg,train,engaged,confused_4134.jpg,test,confused,3,6
engaged_1854.jpg,train,engaged,confused_4142.jpg,test,confused,3,4
engaged_1854.jpg,train,engaged,confused_4744.jpg,test,confused,4,6
engaged_1854.jpg,train,engaged,engaged_1806.jpg,test,engaged,0,0
engaged_1854.jpg,train,engaged,engaged_1860.jpg,test,engaged,0,0
engaged_1854.jpg,train,engaged,engaged_1916.jpg,test,engaged,0,0
engaged_1854.jpg,train,engaged,engaged_1925.jpg,test,engaged,0,0
engaged_1854.jpg,train,engaged,engaged_1982.jpg,test,engaged,0,0
engaged_1854.jpg,train,engaged,engaged_2048.jpg,test,engaged,0,0
engaged_1854.jpg,train,engaged,engaged_2073.jpg,test,engaged,1,0
engaged_1854.jpg,train,engaged,engaged_2081.jpg,test,engaged,1,0
engaged_1854.jpg,train,engaged,engaged_2092.jpg,test,engaged,1,0
engaged_1854.jpg,train,engaged,engaged_2106.jpg,test,engaged,1,0
engaged_1854.jpg,train,engaged,engaged_2111.jpg,test,engaged,1,0
engaged_1854.jpg,train,engaged,engaged_2116.jpg,test,engaged,1,0
engaged_1854.jpg,train,engaged,engaged_2125.jpg,test,engaged,1,0
engaged_1854.jpg,train,engaged,engaged_2156.jpg,test,engaged,1,0
engaged_1854.jpg,train,engaged,engaged_2181.jpg,test,engaged,1,0
engaged_1854.jpg,train,engaged,engaged_2191.jpg,test,engaged,1,0
engaged_1854.jpg,train,engaged,engaged_2198.jpg,test,engaged,1,0
engaged_1854.jpg,train,engaged,engaged_2203.jpg,test,engaged,1,0
engaged_1854.jpg,train,engaged,engaged_2214.jpg,test,engaged,1,0
engaged_1854.jpg,train,engaged,engaged_2216.jpg,test,engaged,1,0
engaged_1854.jpg,train,engaged,frustrated_9024.jpg,test,frustrated,4,6
engaged_1854.jpg,train,engaged,frustrated_9576.jpg,test,frustrated,4,6
engaged_1854.jpg,train,engaged,frustrated_9812.jpg,test,frustrated,4,6
engaged_1858.jpg,train,engaged,confused_4134.jpg,test,confused,3,6
engaged_1858.jpg,train,engaged,confused_4142.jpg,test,confused,3,4
engaged_1858.jpg,train,engaged,confused_4744.jpg,test,confused,4,6
engaged_1858.jpg,train,engaged,engaged_1806.jpg,test,engaged,0,0
engaged_1858.jpg,train,engaged,engaged_1860.jpg,test,engaged,0,0
engaged_1858.jpg,train,engaged,engaged_1916.jpg,test,engaged,0,0
engaged_1858.jpg,train,engaged,engaged_1925.jpg,test,engaged,0,0
engaged_1858.jpg,train,engaged,engaged_1982.jpg,test,engaged,0,0
engaged_1858.jpg,train,engaged,engaged_2048.jpg,test,engaged,0,0
engaged_1858.jpg,train,engaged,engaged_2073.jpg,test,engaged,1,0
engaged_1858.jpg,train,engaged,engaged_2081.jpg,test,engaged,1,0
engaged_1858.jpg,train,engaged,engaged_2092.jpg,test,engaged,1,0
engaged_1858.jpg,train,engaged,engaged_2106.jpg,test,engaged,1,0
engaged_1858.jpg,train,engaged,engaged_2111.jpg,test,engaged,1,0
engaged_1858.jpg,train,engaged,engaged_2116.jpg,test,engaged,1,0
engaged_1858.jpg,train,engaged,engaged_2125.jpg,test,engaged,1,0
engaged_1858.jpg,train,engaged,engaged_2156.jpg,test,engaged,1,0
engaged_1858.jpg,train,engaged,engaged_2181.jpg,test,engaged,1,0
engaged_1858.jpg,train,engaged,engaged_2191.jpg,test,engaged,1,0
engaged_1858.jpg,train,engaged,engaged_2198.jpg,test,engaged,1,0
engaged_1858.jpg,train,engaged,engaged_2203.jpg,test,engaged,1,0
engaged_1858.jpg,train,engaged,engaged_2214.jpg,test,engaged,1,0
engaged_1858.jpg,train,engaged,engaged_2216.jpg,test,engaged,1,0
engaged_1858.jpg,train,engaged,frustrated_9024.jpg,test,frustrated,4,6
engaged_1858.jpg,train,engaged,frustrated_9576.jpg,test,frustrated,4,6
engaged_1858.jpg,train,engaged,frustrated_9812.jpg,test,frustrated,4,6
engaged_1859.jpg,train,engaged,confused_4134.jpg,test,confused,3,6
engaged_1859.jpg,train,engaged,confused_4142.jpg,test,confused,3,4
engaged_1859.jpg,train,engaged,confused_4744.jpg,test,confused,4,6
engaged_1859.jpg,train,engaged,engaged_1806.jpg,test,engaged,0,0
engaged_1859.jpg,train,engaged,engaged_1860.jpg,test,engaged,0,0
engaged_1859.jpg,train,engaged,engaged_1916.jpg,test,engaged,0,0
engaged_1859.jpg,train,engaged,engaged_1925.jpg,test,engaged,0,0
engaged_1859.jpg,train,engaged,engaged_1982.jpg,test,engaged,0,0
engaged_1859.jpg,train,engaged,engaged_2048.jpg,test,engaged,0,0
engaged_1859.jpg,train,engaged,engaged_2073.jpg,test,engaged,1,0
engaged_1859.jpg,train,engaged,engaged_2081.jpg,test,engaged,1,0
engaged_1859.jpg,train,engaged,engaged_2092.jpg,test,engaged,1,0
engaged_1859.jpg,train,engaged,engaged_2106.jpg,test,engaged,1,0
engaged_1859.jpg,train,engaged,engaged_2111.jpg,test,engaged,1,0
engaged_1859.jpg,train,engaged,engaged_2116.jpg,test,engaged,1,0
engaged_1859.jpg,train,engaged,engaged_2125.jpg,test,engaged,1,0
engaged_1859.jpg,train,engaged,engaged_2156.jpg,test,engaged,1,0
engaged_1859.jpg,train,engaged,engaged_2181.jpg,test,engaged,1,0
engaged_1859.jpg,train,engaged,engaged_2191.jpg,test,engaged,1,0
engaged_1859.jpg,train,engaged,engaged_2198.jpg,test,engaged,1,0
engaged_1859.jpg,train,engaged,engaged_2203.jpg,test,engaged,1,0
engaged_1859.jpg,train,engaged,engaged_2214.jpg,test,engaged,1,0
engaged_1859.jpg,train,engaged,engaged_2216.jpg,test,engaged,1,0
engaged_1859.jpg,train,engaged,frustrated_9024.jpg,test,frustrated,4,6
engaged_1859.jpg,train,engaged,frustrated_9576.jpg,test,frustrated,4,6
engaged_1859.jpg,train,engaged,frustrated_9812.jpg,test,frustrated,4,6
engaged_1866.jpg,train,engaged,confused_4134.jpg,test,confused,3,6
engaged_1866.jpg,train,engaged,confused_4142.jpg,test,confused,3,4
engaged_1866.jpg,train,engaged,confused_4744.jpg,test,confused,4,6
engaged_1866.jpg,train,engaged,engaged_1806.jpg,test,engaged,0,0
engaged_1866.jpg,train,engaged,engaged_1860.jpg,test,engaged,0,0
engaged_1866.jpg,train,engaged,engaged_1916.jpg,test,engaged,0,0
engaged_1866.jpg,train,engaged,engaged_1925.jpg,test,engaged,0,0
engaged_1866.jpg,train,engaged,engaged_1982.jpg,test,engaged,0,0
engaged_1866.jpg,train,engaged,engaged_2048.jpg,test,engaged,0,0
engaged_1866.jpg,train,engaged,engaged_2073.jpg,test,engaged,1,0
engaged_1866.jpg,train,engaged,engaged_2081.jpg,test,engaged,1,0
engaged_1866.jpg,train,engaged,engaged_2092.jpg,test,engaged,1,0
engaged_1866.jpg,train,engaged,engaged_2106.jpg,test,engaged,1,0
engaged_1866.jpg,train,engaged,engaged_2111.jpg,test,engaged,1,0
engaged_1866.jpg,train,engaged,engaged_2116.jpg,test,engaged,1,0
engaged_1866.jpg,train,engaged,engaged_2125.jpg,test,engaged,1,0
engaged_1866.jpg,train,engaged,engaged_2156.jpg,test,engaged,1,0
engaged_1866.jpg,train,engaged,engaged_2181.jpg,test,engaged,1,0
engaged_1866.jpg,train,engaged,engaged_2191.jpg,test,engaged,1,0
engaged_1866.jpg,train,engaged,engaged_2198.jpg,test,engaged,1,0
engaged_1866.jpg,train,engaged,engaged_2203.jpg,test,engaged,1,0
engaged_1866.jpg,train,engaged,engaged_2214.jpg,test,engaged,1,0
engaged_1866.jpg,train,engaged,engaged_2216.jpg,test,engaged,1,0
engaged_1866.jpg,train,engaged,frustrated_9024.jpg,test,frustrated,4,6
engaged_1866.jpg,train,engaged,frustrated_9576.jpg,test,frustrated,4,6
engaged_1866.jpg,train,engaged,frustrated_9812.jpg,test,frustrated,4,6
engaged_1868.jpg,train,engaged,confused_4134.jpg,test,confused,3,6
engaged_1868.jpg,train,engaged,confused_4142.jpg,test,confused,3,4
engaged_1868.jpg,train,engaged,confused_4744.jpg,test,confused,4,6
engaged_1868.jpg,train,engaged,engaged_1806.jpg,test,engaged,0,0
engaged_1868.jpg,train,engaged,engaged_1860.jpg,test,engaged,0,0
engaged_1868.jpg,train,engaged,engaged_1916.jpg,test,engaged,0,0
engaged_1868.jpg,train,engaged,engaged_1925.jpg,test,engaged,0,0
engaged_1868.jpg,train,engaged,engaged_1982.jpg,test,engaged,0,0
engaged_1868.jpg,train,engaged,engaged_2048.jpg,test,engaged,0,0
engaged_1868.jpg,train,engaged,engaged_2073.jpg,test,engaged,1,0
engaged_1868.jpg,train,engaged,engaged_2081.jpg,test,engaged,1,0
engaged_1868.jpg,train,engaged,engaged_2092.jpg,test,engaged,1,0
engaged_1868.jpg,train,engaged,engaged_2106.jpg,test,engaged,1,0
engaged_1868.jpg,train,engaged,engaged_2111.jpg,test,engaged,1,0
engaged_1868.jpg,train,engaged,engaged_2116.jpg,test,engaged,1,0
engaged_1868.jpg,train,engaged,engaged_2125.jpg,test,engaged,1,0
engaged_1868.jpg,train,engaged,engaged_2156.jpg,test,engaged,1,0
engaged_1868.jpg,train,engaged,engaged_2181.jpg,test,engaged,1,0
engaged_1868.jpg,train,engaged,engaged_2191.jpg,test,engaged,1,0
engaged_1868.jpg,train,engaged,engaged_2198.jpg,test,engaged,1,0
engaged_1868.jpg,train,engaged,engaged_2203.jpg,test,engaged,1,0
engaged_1868.jpg,train,engaged,engaged_2214.jpg,test,engaged,1,0
engaged_1868.jpg,train,engaged,engaged_2216.jpg,test,engaged,1,0
engaged_1868.jpg,train,engaged,frustrated_9024.jpg,test,frustrated,4,6
engaged_1868.jpg,train,engaged,frustrated_9576.jpg,test,frustrated,4,6
engaged_1868.jpg,train,engaged,frustrated_9812.jpg,test,frustrated,4,6
engaged_1869.jpg,train,engaged,confused_4134.jpg,test,confused,3,6
engaged_1869.jpg,train,engaged,confused_4142.jpg,test,confused,3,4
engaged_1869.jpg,train,engaged,confused_4744.jpg,test,confused,4,6
engaged_1869.jpg,train,engaged,engaged_1806.jpg,test,engaged,0,0
engaged_1869.jpg,train,engaged,engaged_1860.jpg,test,engaged,0,0
engaged_1869.jpg,train,engaged,engaged_1916.jpg,test,engaged,0,0
engaged_1869.jpg,train,engaged,engaged_1925.jpg,test,engaged,0,0
engaged_1869.jpg,train,engaged,engaged_1982.jpg,test,engaged,0,0
engaged_1869.jpg,train,engaged,engaged_2048.jpg,test,engaged,0,0
engaged_1869.jpg,train,engaged,engaged_2073.jpg,test,engaged,1,0
engaged_1869.jpg,train,engaged,engaged_2081.jpg,test,engaged,1,0
engaged_1869.jpg,train,engaged,engaged_2092.jpg,test,engaged,1,0
engaged_1869.jpg,train,engaged,engaged_2106.jpg,test,engaged,1,0
engaged_1869.jpg,train,engaged,engaged_2111.jpg,test,engaged,1,0
engaged_1869.jpg,train,engaged,engaged_2116.jpg,test,engaged,1,0
engaged_1869.jpg,train,engaged,engaged_2125.jpg,test,engaged,1,0
engaged_1869.jpg,train,engaged,engaged_2156.jpg,test,engaged,1,0
engaged_1869.jpg,train,engaged,engaged_2181.jpg,test,engaged,1,0
engaged_1869.jpg,train,engaged,engaged_2191.jpg,test,engaged,1,0
engaged_1869.jpg,train,engaged,engaged_2198.jpg,test,engaged,1,0
engaged_1869.jpg,train,engaged,engaged_2203.jpg,test,engaged,1,0
engaged_1869.jpg,train,engaged,engaged_2214.jpg,test,engaged,1,0
engaged_1869.jpg,train,engaged,engaged_2216.jpg,test,engaged,1,0
engaged_1869.jpg,train,engaged,frustrated_9024.jpg,test,frustrated,4,6
engaged_1869.jpg,train,engaged,frustrated_9576.jpg,test,frustrated,4,6
engaged_1869.jpg,train,engaged,frustrated_9812.jpg,test,frustrated,4,6
engaged_1900.jpg,train,engaged,confused_4134.jpg,test,confused,3,6
engaged_1900.jpg,train,engaged,confused_4142.jpg,test,confused,3,4
engaged_1900.jpg,train,engaged,confused_4744.jpg,test,confused,4,6
engaged_1900.jpg,train,engaged,engaged_1806.jpg,test,engaged,0,0
engaged_1900.jpg,train,engaged,engaged_1860.jpg,test,engaged,0,0
engaged_1900.jpg,train,engaged,engaged_1916.jpg,test,engaged,0,0
engaged_1900.jpg,train,engaged,engaged_1925.jpg,test,engaged,0,0
engaged_1900.jpg,train,engaged,engaged_1982.jpg,test,engaged,0,0
engaged_1900.jpg,train,engaged,engaged_2048.jpg,test,engaged,0,0
engaged_1900.jpg,train,engaged,engaged_2073.jpg,test,engaged,1,0
engaged_1900.jpg,train,engaged,engaged_2081.jpg,test,engaged,1,0
engaged_1900.jpg,train,engaged,engaged_2092.jpg,test,engaged,1,0
engaged_1900.jpg,train,engaged,engaged_2106.jpg,test,engaged,1,0
engaged_1900.jpg,train,engaged,engaged_2111.jpg,test,engaged,1,0
engaged_1900.jpg,train,engaged,engaged_2116.jpg,test,engaged,1,0
engaged_1900.jpg,train,engaged,engaged_2125.jpg,test,engaged,1,0
engaged_1900.jpg,train,engaged,engaged_2156.jpg,test,engaged,1,0
engaged_1900.jpg,train,engaged,engaged_2181.jpg,test,engaged,1,0
engaged_1900.jpg,train,engaged,engaged_2191.jpg,test,engaged,1,0
engaged_1900.jpg,train,engaged,engaged_2198.jpg,test,engaged,1,0
engaged_1900.jpg,train,engaged,engaged_2203.jpg,test,engaged,1,0
engaged_1900.jpg,train,engaged,engaged_2214.jpg,test,engaged,1,0
engaged_1900.jpg,train,engaged,engaged_2216.jpg,test,engaged,1,0
engaged_1900.jpg,train,engaged,frustrated_9024.jpg,test,frustrated,4,6
engaged_1900.jpg,train,engaged,frustrated_9576.jpg,test,frustrated,4,6
engaged_1900.jpg,train,engaged,frustrated_9812.jpg,test,frustrated,4,6
engaged_1923.jpg,train,engaged,confused_4134.jpg,test,confused,3,6
engaged_1923.jpg,train,engaged,confused_4142.jpg,test,confused,3,4
engaged_1923.jpg,train,engaged,confused_4744.jpg,test,confused,4,6
engaged_1923.jpg,train,engaged,engaged_1806.jpg,test,engaged,0,0
engaged_1923.jpg,train,engaged,engaged_1860.jpg,test,engaged,0,0
engaged_1923.jpg,train,engaged,engaged_1916.jpg,test,engaged,0,0
engaged_1923.jpg,train,engaged,engaged_1925.jpg,test,engaged,0,0
engaged_1923.jpg,train,engaged,engaged_1982.jpg,test,engaged,0,0
engaged_1923.jpg,train,engaged,engaged_2048.jpg,test,engaged,0,0
engaged_1923.jpg,train,engaged,engaged_2073.jpg,test,engaged,1,0
engaged_1923.jpg,train,engaged,engaged_2081.jpg,test,engaged,1,0
engaged_1923.jpg,train,engaged,engaged_2092.jpg,test,engaged,1,0
engaged_1923.jpg,train,engaged,engaged_2106.jpg,test,engaged,1,0
engaged_1923.jpg,train,engaged,engaged_2111.jpg,test,engaged,1,0
engaged_1923.jpg,train,engaged,engaged_2116.jpg,test,engaged,1,0
engaged_1923.jpg,train,engaged,engaged_2125.jpg,test,engaged,1,0
engaged_1923.jpg,train,engaged,engaged_2156.jpg,test,engaged,1,0
engaged_1923.jpg,train,engaged,engaged_2181.jpg,test,engaged,1,0
engaged_1923.jpg,train,engaged,engaged_2191.jpg,test,engaged,1,0
engaged_1923.jpg,train,engaged,engaged_2198.jpg,test,engaged,1,0
engaged_1923.jpg,train,engaged,engaged_2203.jpg,test,engaged,1,0
engaged_1923.jpg,train,engaged,engaged_2214.jpg,test,engaged,1,0
engaged_1923.jpg,train,engaged,engaged_2216.jpg,test,engaged,1,0
engaged_1923.jpg,train,engaged,frustrated_9024.jpg,test,frustrated,4,6
engaged_1923.jpg,train,engaged,frustrated_9576.jpg,test,frustrated,4,6
engaged_1923.jpg,train,engaged,frustrated_9812.jpg,test,frustrated,4,6
engaged_1924.jpg,train,engaged,confused_4134.jpg,test,confused,3,6
engaged_1924.jpg,train,engaged,confused_4142.jpg,test,confused,3,4
engaged_1924.jpg,train,engaged,confused_4744.jpg,test,confused,4,6
engaged_1924.jpg,train,engaged,engaged_1806.jpg,test,engaged,0,0
engaged_1924.jpg,train,engaged,engaged_1860.jpg,test,engaged,0,0
engaged_1924.jpg,train,engaged,engaged_1916.jpg,test,engaged,0,0
engaged_1924.jpg,train,engaged,engaged_1925.jpg,test,engaged,0,0
engaged_1924.jpg,train,engaged,engaged_1982.jpg,test,engaged,0,0
engaged_1924.jpg,train,engaged,engaged_2048.jpg,test,engaged,0,0
engaged_1924.jpg,train,engaged,engaged_2073.jpg,test,engaged,1,0
engaged_1924.jpg,train,engaged,engaged_2081.jpg,test,engaged,1,0
engaged_1924.jpg,train,engaged,engaged_2092.jpg,test,engaged,1,0
engaged_1924.jpg,train,engaged,engaged_2106.jpg,test,engaged,1,0
engaged_1924.jpg,train,engaged,engaged_2111.jpg,test,engaged,1,0
engaged_1924.jpg,train,engaged,engaged_2116.jpg,test,engaged,1,0
engaged_1924.jpg,train,engaged,engaged_2125.jpg,test,engaged,1,0
engaged_1924.jpg,train,engaged,engaged_2156.jpg,test,engaged,1,0
engaged_1924.jpg,train,engaged,engaged_2181.jpg,test,engaged,1,0
engaged_1924.jpg,train,engaged,engaged_2191.jpg,test,engaged,1,0
engaged_1924.jpg,train,engaged,engaged_2198.jpg,test,engaged,1,0
engaged_1924.jpg,train,engaged,engaged_2203.jpg,test,engaged,1,0
engaged_1924.jpg,train,engaged,engaged_2214.jpg,test,engaged,1,0
engaged_1924.jpg,train,engaged,engaged_2216.jpg,test,engaged,1,0
engaged_1924.jpg,train,engaged,frustrated_9024.jpg,test,frustrated,4,6
engaged_1924.jpg,train,engaged,frustrated_9576.jpg,test,frustrated,4,6
engaged_1924.jpg,train,engaged,frustrated_9812.jpg,test,frustrated,4,6
engaged_1933.jpg,train,engaged,confused_4134.jpg,test,confused,3,6
engaged_1933.jpg,train,engaged,confused_4142.jpg,test,confused,3,4
engaged_1933.jpg,train,engaged,confused_4744.jpg,test,confused,4,6
engaged_1933.jpg,train,engaged,engaged_1806.jpg,test,engaged,0,0
engaged_1933.jpg,train,engaged,engaged_1860.jpg,test,engaged,0,0
engaged_1933.jpg,train,engaged,engaged_1916.jpg,test,engaged,0,0
engaged_1933.jpg,train,engaged,engaged_1925.jpg,test,engaged,0,0
engaged_1933.jpg,train,engaged,engaged_1982.jpg,test,engaged,0,0
engaged_1933.jpg,train,engaged,engaged_2048.jpg,test,engaged,0,0
engaged_1933.jpg,train,engaged,engaged_2073.jpg,test,engaged,1,0
engaged_1933.jpg,train,engaged,engaged_2081.jpg,test,engaged,1,0
engaged_1933.jpg,train,engaged,engaged_2092.jpg,test,engaged,1,0
engaged_1933.jpg,train,engaged,engaged_2106.jpg,test,engaged,1,0
engaged_1933.jpg,train,engaged,engaged_2111.jpg,test,engaged,1,0
engaged_1933.jpg,train,engaged,engaged_2116.jpg,test,engaged,1,0
engaged_1933.jpg,train,engaged,engaged_2125.jpg,test,engaged,1,0
engaged_1933.jpg,train,engaged,engaged_2156.jpg,test,engaged,1,0
engaged_1933.jpg,train,engaged,engaged_2181.jpg,test,engaged,1,0
engaged_1933.jpg,train,engaged,engaged_2191.jpg,test,engaged,1,0
engaged_1933.jpg,train,engaged,engaged_2198.jpg,test,engaged,1,0
engaged_1933.jpg,train,engaged,engaged_2203.jpg,test,engaged,1,0
engaged_1933.jpg,train,engaged,engaged_2214.jpg,test,engaged,1,0
engaged_1933.jpg,train,engaged,engaged_2216.jpg,test,engaged,1,0
engaged_1933.jpg,train,engaged,frustrated_9024.jpg,test,frustrated,4,6
engaged_1933.jpg,train,engaged,frustrated_9576.jpg,test,frustrated,4,6
engaged_1933.jpg,train,engaged,frustrated_9812.jpg,test,frustrated,4,6
engaged_1934.jpg,train,engaged,confused_4134.jpg,test,confused,3,6
engaged_1934.jpg,train,engaged,confused_4142.jpg,test,confused,3,4
engaged_1934.jpg,train,engaged,confused_4744.jpg,test,confused,4,6
engaged_1934.jpg,train,engaged,engaged_1806.jpg,test,engaged,0,0
engaged_1934.jpg,train,engaged,engaged_1860.jpg,test,engaged,0,0
engaged_1934.jpg,train,engaged,engaged_1916.jpg,test,engaged,0,0
engaged_1934.jpg,train,engaged,engaged_1925.jpg,test,engaged,0,0
engaged_1934.jpg,train,engaged,engaged_1982.jpg,test,engaged,0,0
engaged_1934.jpg,train,engaged,engaged_2048.jpg,test,engaged,0,0
engaged_1934.jpg,train,engaged,engaged_2073.jpg,test,engaged,1,0
engaged_1934.jpg,train,engaged,engaged_2081.jpg,test,engaged,1,0
engaged_1934.jpg,train,engaged,engaged_2092.jpg,test,engaged,1,0
engaged_1934.jpg,train,engaged,engaged_2106.jpg,test,engaged,1,0
engaged_1934.jpg,train,engaged,engaged_2111.jpg,test,engaged,1,0
engaged_1934.jpg,train,engaged,engaged_2116.jpg,test,engaged,1,0
engaged_1934.jpg,train,engaged,engaged_2125.jpg,test,engaged,1,0
engaged_1934.jpg,train,engaged,engaged_2156.jpg,test,engaged,1,0
engaged_1934.jpg,train,engaged,engaged_2181.jpg,test,engaged,1,0
engaged_1934.jpg,train,engaged,engaged_2191.jpg,test,engaged,1,0
engaged_1934.jpg,train,engaged,engaged_2198.jpg,test,engaged,1,0
engaged_1934.jpg,train,engaged,engaged_2203.jpg,test,engaged,1,0
engaged_1934.jpg,train,engaged,engaged_2214.jpg,test,engaged,1,0
engaged_1934.jpg,train,engaged,engaged_2216.jpg,test,engaged,1,0
engaged_1934.jpg,train,engaged,frustrated_9024.jpg,test,frustrated,4,6
engaged_1934.jpg,train,engaged,frustrated_9576.jpg,test,frustrated,4,6
engaged_1934.jpg,train,engaged,frustrated_9812.jpg,test,frustrated,4,6
engaged_1956.jpg,train,engaged,confused_4134.jpg,test,confused,3,6
engaged_1956.jpg,train,engaged,confused_4142.jpg,test,confused,3,4
engaged_1956.jpg,train,engaged,confused_4744.jpg,test,confused,4,6
engaged_1956.jpg,train,engaged,engaged_1806.jpg,test,engaged,0,0
engaged_1956.jpg,train,engaged,engaged_1860.jpg,test,engaged,0,0
engaged_1956.jpg,train,engaged,engaged_1916.jpg,test,engaged,0,0
engaged_1956.jpg,train,engaged,engaged_1925.jpg,test,engaged,0,0
engaged_1956.jpg,train,engaged,engaged_1982.jpg,test,engaged,0,0
engaged_1956.jpg,train,engaged,engaged_2048.jpg,test,engaged,0,0
engaged_1956.jpg,train,engaged,engaged_2073.jpg,test,engaged,1,0
engaged_1956.jpg,train,engaged,engaged_2081.jpg,test,engaged,1,0
engaged_1956.jpg,train,engaged,engaged_2092.jpg,test,engaged,1,0
engaged_1956.jpg,train,engaged,engaged_2106.jpg,test,engaged,1,0
engaged_1956.jpg,train,engaged,engaged_2111.jpg,test,engaged,1,0
engaged_1956.jpg,train,engaged,engaged_2116.jpg,test,engaged,1,0
engaged_1956.jpg,train,engaged,engaged_2125.jpg,test,engaged,1,0
engaged_1956.jpg,train,engaged,engaged_2156.jpg,test,engaged,1,0
engaged_1956.jpg,train,engaged,engaged_2181.jpg,test,engaged,1,0
engaged_1956.jpg,train,engaged,engaged_2191.jpg,test,engaged,1,0
engaged_1956.jpg,train,engaged,engaged_2198.jpg,test,engaged,1,0
engaged_1956.jpg,train,engaged,engaged_2203.jpg,test,engaged,1,0
engaged_1956.jpg,train,engaged,engaged_2214.jpg,test,engaged,1,0
engaged_1956.jpg,train,engaged,engaged_2216.jpg,test,engaged,1,0
engaged_1956.jpg,train,engaged,frustrated_9024.jpg,test,frustrated,4,6
engaged_1956.jpg,train,engaged,frustrated_9576.jpg,test,frustrated,4,6
engaged_1956.jpg,train,engaged,frustrated_9812.jpg,test,frustrated,4,6
engaged_1957.jpg,train,engaged,confused_4134.jpg,test,confused,3,6
engaged_1957.jpg,train,engaged,confused_4142.jpg,test,confused,3,4
engaged_1957.jpg,train,engaged,confused_4744.jpg,test,confused,4,6
engaged_1957.jpg,train,engaged,engaged_1806.jpg,test,engaged,0,0
engaged_1957.jpg,train,engaged,engaged_1860.jpg,test,engaged,0,0
engaged_1957.jpg,train,engaged,engaged_1916.jpg,test,engaged,0,0
engaged_1957.jpg,train,engaged,engaged_1925.jpg,test,engaged,0,0
engaged_1957.jpg,train,engaged,engaged_1982.jpg,test,engaged,0,0
engaged_1957.jpg,train,engaged,engaged_2048.jpg,test,engaged,0,0
engaged_1957.jpg,train,engaged,engaged_2073.jpg,test,engaged,1,0
engaged_1957.jpg,train,engaged,engaged_2081.jpg,test,engaged,1,0
engaged_1957.jpg,train,engaged,engaged_2092.jpg,test,engaged,1,0
engaged_1957.jpg,train,engaged,engaged_2106.jpg,test,engaged,1,0
engaged_1957.jpg,train,engaged,engaged_2111.jpg,test,engaged,1,0
engaged_1957.jpg,train,engaged,engaged_2116.jpg,test,engaged,1,0
engaged_1957.jpg,train,engaged,engaged_2125.jpg,test,engaged,1,0
engaged_1957.jpg,train,engaged,engaged_2156.jpg,test,engaged,1,0
engaged_1957.jpg,train,engaged,engaged_2181.jpg,test,engaged,1,0
engaged_1957.jpg,train,engaged,engaged_2191.jpg,test,engaged,1,0
engaged_1957.jpg,train,engaged,engaged_2198.jpg,test,engaged,1,0
engaged_1957.jpg,train,engaged,engaged_2203.jpg,test,engaged,1,0
engaged_1957.jpg,train,engaged,engaged_2214.jpg,test,engaged,1,0
engaged_1957.jpg,train,engaged,engaged_2216.jpg,test,engaged,1,0
engaged_1957.jpg,train,engaged,frustrated_9024.jpg,test,frustrated,4,6
engaged_1957.jpg,train,engaged,frustrated_9576.jpg,test,frustrated,4,6
engaged_1957.jpg,train,engaged,frustrated_9812.jpg,test,frustrated,4,6
engaged_1983.jpg,train,engaged,confused_4134.jpg,test,confused,3,6
engaged_1983.jpg,train,engaged,confused_4142.jpg,test,confused,3,4
engaged_1983.jpg,train,engaged,confused_4744.jpg,test,confused,4,6
engaged_1983.jpg,train,engaged,engaged_1806.jpg,test,engaged,0,0
engaged_1983.jpg,train,engaged,engaged_1860.jpg,test,engaged,0,0
engaged_1983.jpg,train,engaged,engaged_1916.jpg,test,engaged,0,0
engaged_1983.jpg,train,engaged,engaged_1925.jpg,test,engaged,0,0
engaged_1983.jpg,train,engaged,engaged_1982.jpg,test,engaged,0,0
engaged_1983.jpg,train,engaged,engaged_2048.jpg,test,engaged,0,0
engaged_1983.jpg,train,engaged,engaged_2073.jpg,test,engaged,1,0
engaged_1983.jpg,train,engaged,engaged_2081.jpg,test,engaged,1,0
engaged_1983.jpg,train,engaged,engaged_2092.jpg,test,engaged,1,0
engaged_1983.jpg,train,engaged,engaged_2106.jpg,test,engaged,1,0
engaged_1983.jpg,train,engaged,engaged_2111.jpg,test,engaged,1,0
engaged_1983.jpg,train,engaged,engaged_2116.jpg,test,engaged,1,0
engaged_1983.jpg,train,engaged,engaged_2125.jpg,test,engaged,1,0
engaged_1983.jpg,train,engaged,engaged_2156.jpg,test,engaged,1,0
engaged_1983.jpg,train,engaged,engaged_2181.jpg,test,engaged,1,0
engaged_1983.jpg,train,engaged,engaged_2191.jpg,test,engaged,1,0
engaged_1983.jpg,train,engaged,engaged_2198.jpg,test,engaged,1,0
engaged_1983.jpg,train,engaged,engaged_2203.jpg,test,engaged,1,0
engaged_1983.jpg,train,engaged,engaged_2214.jpg,test,engaged,1,0
engaged_1983.jpg,train,engaged,engaged_2216.jpg,test,engaged,1,0
engaged_1983.jpg,train,engaged,frustrated_9024.jpg,test,frustrated,4,6
engaged_1983.jpg,train,engaged,frustrated_9576.jpg,test,frustrated,4,6
engaged_1983.jpg,train,engaged,frustrated_9812.jpg,test,frustrated,4,6
engaged_1993.jpg,train,engaged,confused_4134.jpg,test,confused,3,6
engaged_1993.jpg,train,engaged,confused_4142.jpg,test,confused,3,4
engaged_1993.jpg,train,engaged,confused_4744.jpg,test,confused,4,6
engaged_1993.jpg,train,engaged,engaged_1806.jpg,test,engaged,0,0
engaged_1993.jpg,train,engaged,engaged_1860.jpg,test,engaged,0,0
engaged_1993.jpg,train,engaged,engaged_1916.jpg,test,engaged,0,0
engaged_1993.jpg,train,engaged,engaged_1925.jpg,test,engaged,0,0
engaged_1993.jpg,train,engaged,engaged_1982.jpg,test,engaged,0,0
engaged_1993.jpg,train,engaged,engaged_2048.jpg,test,engaged,0,0
engaged_1993.jpg,train,engaged,engaged_2073.jpg,test,engaged,1,0
engaged_1993.jpg,train,engaged,engaged_2081.jpg,test,engaged,1,0
engaged_1993.jpg,train,engaged,engaged_2092.jpg,test,engaged,1,0
engaged_1993.jpg,train,engaged,engaged_2106.jpg,test,engaged,1,0
engaged_1993.jpg,train,engaged,engaged_2111.jpg,test,engaged,1,0
engaged_1993.jpg,train,engaged,engaged_2116.jpg,test,engaged,1,0
engaged_1993.jpg,train,engaged,engaged_2125.jpg,test,engaged,1,0
engaged_1993.jpg,train,engaged,engaged_2156.jpg,test,engaged,1,0
engaged_1993.jpg,train,engaged,engaged_2181.jpg,test,engaged,1,0
engaged_1993.jpg,train,engaged,engaged_2191.jpg,test,engaged,1,0
engaged_1993.jpg,train,engaged,engaged_2198.jpg,test,engaged,1,0
engaged_1993.jpg,train,engaged,engaged_2203.jpg,test,engaged,1,0
engaged_1993.jpg,train,engaged,engaged_2214.jpg,test,engaged,1,0
engaged_1993.jpg,train,engaged,engaged_2216.jpg,test,engaged,1,0
engaged_1993.jpg,train,engaged,frustrated_9024.jpg,test,frustrated,4,6
engaged_1993.jpg,train,engaged,frustrated_9576.jpg,test,frustrated,4,6
engaged_1993.jpg,train,engaged,frustrated_9812.jpg,test,frustrated,4,6
engaged_1994.jpg,train,engaged,confused_4134.jpg,test,confused,3,6
engaged_1994.jpg,train,engaged,confused_4142.jpg,test,confused,3,4
engaged_1994.jpg,train,engaged,confused_4744.jpg,test,confused,4,6
engaged_1994.jpg,train,engaged,engaged_1806.jpg,test,engaged,0,0
engaged_1994.jpg,train,engaged,engaged_1860.jpg,test,engaged,0,0
engaged_1994.jpg,train,engaged,engaged_1916.jpg,test,engaged,0,0
engaged_1994.jpg,train,engaged,engaged_1925.jpg,test,engaged,0,0
engaged_1994.jpg,train,engaged,engaged_1982.jpg,test,engaged,0,0
engaged_1994.jpg,train,engaged,engaged_2048.jpg,test,engaged,0,0
engaged_1994.jpg,train,engaged,engaged_2073.jpg,test,engaged,1,0
engaged_1994.jpg,train,engaged,engaged_2081.jpg,test,engaged,1,0
engaged_1994.jpg,train,engaged,engaged_2092.jpg,test,engaged,1,0
engaged_1994.jpg,train,engaged,engaged_2106.jpg,test,engaged,1,0
engaged_1994.jpg,train,engaged,engaged_2111.jpg,test,engaged,1,0
engaged_1994.jpg,train,engaged,engaged_2116.jpg,test,engaged,1,0
engaged_1994.jpg,train,engaged,engaged_2125.jpg,test,engaged,1,0
engaged_1994.jpg,train,engaged,engaged_2156.jpg,test,engaged,1,0
engaged_1994.jpg,train,engaged,engaged_2181.jpg,test,engaged,1,0
engaged_1994.jpg,train,engaged,engaged_2191.jpg,test,engaged,1,0
engaged_1994.jpg,train,engaged,engaged_2198.jpg,test,engaged,1,0
engaged_1994.jpg,train,engaged,engaged_2203.jpg,test,engaged,1,0
engaged_1994.jpg,train,engaged,engaged_2214.jpg,test,engaged,1,0
engaged_1994.jpg,train,engaged,engaged_2216.jpg,test,engaged,1,0
engaged_1994.jpg,train,engaged,frustrated_9024.jpg,test,frustrated,4,6
engaged_1994.jpg,train,engaged,frustrated_9576.jpg,test,frustrated,4,6
engaged_1994.jpg,train,engaged,frustrated_9812.jpg,test,frustrated,4,6
engaged_2000.jpg,train,engaged,confused_4134.jpg,test,confused,3,6
engaged_2000.jpg,train,engaged,confused_4142.jpg,test,confused,3,4
engaged_2000.jpg,train,engaged,confused_4744.jpg,test,confused,4,6
engaged_2000.jpg,train,engaged,engaged_1806.jpg,test,engaged,0,0
engaged_2000.jpg,train,engaged,engaged_1860.jpg,test,engaged,0,0
engaged_2000.jpg,train,engaged,engaged_1916.jpg,test,engaged,0,0
engaged_2000.jpg,train,engaged,engaged_1925.jpg,test,engaged,0,0
engaged_2000.jpg,train,engaged,engaged_1982.jpg,test,engaged,0,0
engaged_2000.jpg,train,engaged,engaged_2048.jpg,test,engaged,0,0
engaged_2000.jpg,train,engaged,engaged_2073.jpg,test,engaged,1,0
engaged_2000.jpg,train,engaged,engaged_2081.jpg,test,engaged,1,0
engaged_2000.jpg,train,engaged,engaged_2092.jpg,test,engaged,1,0
engaged_2000.jpg,train,engaged,engaged_2106.jpg,test,engaged,1,0
engaged_2000.jpg,train,engaged,engaged_2111.jpg,test,engaged,1,0
engaged_2000.jpg,train,engaged,engaged_2116.jpg,test,engaged,1,0
engaged_2000.jpg,train,engaged,engaged_2125.jpg,test,engaged,1,0
engaged_2000.jpg,train,engaged,engaged_2156.jpg,test,engaged,1,0
engaged_2000.jpg,train,engaged,engaged_2181.jpg,test,engaged,1,0
engaged_2000.jpg,train,engaged,engaged_2191.jpg,test,engaged,1,0
engaged_2000.jpg,train,engaged,engaged_2198.jpg,test,engaged,1,0
engaged_2000.jpg,train,engaged,engaged_2203.jpg,test,engaged,1,0
engaged_2000.jpg,train,engaged,engaged_2214.jpg,test,engaged,1,0
engaged_2000.jpg,train,engaged,engaged_2216.jpg,test,engaged,1,0
engaged_2000.jpg,train,engaged,frustrated_9024.jpg,test,frustrated,4,6
engaged_2000.jpg,train,engaged,frustrated_9576.jpg,test,frustrated,4,6
engaged_2000.jpg,train,engaged,frustrated_9812.jpg,test,frustrated,4,6
engaged_2046.jpg,train,engaged,confused_4134.jpg,test,confused,3,6
engaged_2046.jpg,train,engaged,confused_4142.jpg,test,confused,3,4
engaged_2046.jpg,train,engaged,confused_4744.jpg,test,confused,4,6
engaged_2046.jpg,train,engaged,engaged_1806.jpg,test,engaged,0,0
engaged_2046.jpg,train,engaged,engaged_1860.jpg,test,engaged,0,0
engaged_2046.jpg,train,engaged,engaged_1916.jpg,test,engaged,0,0
engaged_2046.jpg,train,engaged,engaged_1925.jpg,test,engaged,0,0
engaged_2046.jpg,train,engaged,engaged_1982.jpg,test,engaged,0,0
engaged_2046.jpg,train,engaged,engaged_2048.jpg,test,engaged,0,0
engaged_2046.jpg,train,engaged,engaged_2073.jpg,test,engaged,1,0
engaged_2046.jpg,train,engaged,engaged_2081.jpg,test,engaged,1,0
engaged_2046.jpg,train,engaged,engaged_2092.jpg,test,engaged,1,0
engaged_2046.jpg,train,engaged,engaged_2106.jpg,test,engaged,1,0
engaged_2046.jpg,train,engaged,engaged_2111.jpg,test,engaged,1,0
engaged_2046.jpg,train,engaged,engaged_2116.jpg,test,engaged,1,0
engaged_2046.jpg,train,engaged,engaged_2125.jpg,test,engaged,1,0
engaged_2046.jpg,train,engaged,engaged_2156.jpg,test,engaged,1,0
engaged_2046.jpg,train,engaged,engaged_2181.jpg,test,engaged,1,0
engaged_2046.jpg,train,engaged,engaged_2191.jpg,test,engaged,1,0
engaged_2046.jpg,train,engaged,engaged_2198.jpg,test,engaged,1,0
engaged_2046.jpg,train,engaged,engaged_2203.jpg,test,engaged,1,0
engaged_2046.jpg,train,engaged,engaged_2214.jpg,test,engaged,1,0
engaged_2046.jpg,train,engaged,engaged_2216.jpg,test,engaged,1,0
engaged_2046.jpg,train,engaged,frustrated_9024.jpg,test,frustrated,4,6
engaged_2046.jpg,train,engaged,frustrated_9576.jpg,test,frustrated,4,6
engaged_2046.jpg,train,engaged,frustrated_9812.jpg,test,frustrated,4,6
engaged_2049.jpg,train,engaged,confused_4134.jpg,test,confused,3,6
engaged_2049.jpg,train,engaged,confused_4142.jpg,test,confused,3,4
engaged_2049.jpg,train,engaged,confused_4744.jpg,test,confused,4,6
engaged_2049.jpg,train,engaged,engaged_1806.jpg,test,engaged,0,0
engaged_2049.jpg,train,engaged,engaged_1860.jpg,test,engaged,0,0
engaged_2049.jpg,train,engaged,engaged_1916.jpg,test,engaged,0,0
engaged_2049.jpg,train,engaged,engaged_1925.jpg,test,engaged,0,0
engaged_2049.jpg,train,engaged,engaged_1982.jpg,test,engaged,0,0
engaged_2049.jpg,train,engaged,engaged_2048.jpg,test,engaged,0,0
engaged_2049.jpg,train,engaged,engaged_2073.jpg,test,engaged,1,0
engaged_2049.jpg,train,engaged,engaged_2081.jpg,test,engaged,1,0
engaged_2049.jpg,train,engaged,engaged_2092.jpg,test,engaged,1,0
engaged_2049.jpg,train,engaged,engaged_2106.jpg,test,engaged,1,0
engaged_2049.jpg,train,engaged,engaged_2111.jpg,test,engaged,1,0
engaged_2049.jpg,train,engaged,engaged_2116.jpg,test,engaged,1,0
engaged_2049.jpg,train,engaged,engaged_2125.jpg,test,engaged,1,0
engaged_2049.jpg,train,engaged,engaged_2156.jpg,test,engaged,1,0
engaged_2049.jpg,train,engaged,engaged_2181.jpg,test,engaged,1,0
engaged_2049.jpg,train,engaged,engaged_2191.jpg,test,engaged,1,0
engaged_2049.jpg,train,engaged,engaged_2198.jpg,test,engaged,1,0
engaged_2049.jpg,train,engaged,engaged_2203.jpg,test,engaged,1,0
engaged_2049.jpg,train,engaged,engaged_2214.jpg,test,engaged,1,0
engaged_2049.jpg,train,engaged,engaged_2216.jpg,test,engaged,1,0
engaged_2049.jpg,train,engaged,frustrated_9024.jpg,test,frustrated,4,6
engaged_2049.jpg,train,engaged,frustrated_9576.jpg,test,frustrated,4,6
engaged_2049.jpg,train,engaged,frustrated_9812.jpg,test,frustrated,4,6
engaged_2068.jpg,train,engaged,confused_4134.jpg,test,confused,3,6
engaged_2068.jpg,train,engaged,confused_4142.jpg,test,confused,3,4
engaged_2068.jpg,train,engaged,confused_4744.jpg,test,confused,4,6
engaged_2068.jpg,train,engaged,engaged_1806.jpg,test,engaged,0,0
engaged_2068.jpg,train,engaged,engaged_1860.jpg,test,engaged,0,0
engaged_2068.jpg,train,engaged,engaged_1916.jpg,test,engaged,0,0
engaged_2068.jpg,train,engaged,engaged_1925.jpg,test,engaged,0,0
engaged_2068.jpg,train,engaged,engaged_1982.jpg,test,engaged,0,0
engaged_2068.jpg,train,engaged,engaged_2048.jpg,test,engaged,0,0
engaged_2068.jpg,train,engaged,engaged_2073.jpg,test,engaged,1,0
engaged_2068.jpg,train,engaged,engaged_2081.jpg,test,engaged,1,0
engaged_2068.jpg,train,engaged,engaged_2092.jpg,test,engaged,1,0
engaged_2068.jpg,train,engaged,engaged_2106.jpg,test,engaged,1,0
engaged_2068.jpg,train,engaged,engaged_2111.jpg,test,engaged,1,0
engaged_2068.jpg,train,engaged,engaged_2116.jpg,test,engaged,1,0
engaged_2068.jpg,train,engaged,engaged_2125.jpg,test,engaged,1,0
engaged_2068.jpg,train,engaged,engaged_2156.jpg,test,engaged,1,0
engaged_2068.jpg,train,engaged,engaged_2181.jpg,test,engaged,1,0
engaged_2068.jpg,train,engaged,engaged_2191.jpg,test,engaged,1,0
engaged_2068.jpg,train,engaged,engaged_2198.jpg,test,engaged,1,0
engaged_2068.jpg,train,engaged,engaged_2203.jpg,test,engaged,1,0
engaged_2068.jpg,train,engaged,engaged_2214.jpg,test,engaged,1,0
engaged_2068.jpg,train,engaged,engaged_2216.jpg,test,engaged,1,0
engaged_2068.jpg,train,engaged,frustrated_9024.jpg,test,frustrated,4,6
engaged_2068.jpg,train,engaged,frustrated_9576.jpg,test,frustrated,4,6
engaged_2068.jpg,train,engaged,frustrated_9812.jpg,test,frustrated,4,6
engaged_2069.jpg,train,engaged,confused_4134.jpg,test,confused,4,6
engaged_2069.jpg,train,engaged,confused_4142.jpg,test,confused,4,4
engaged_2069.jpg,train,engaged,confused_4744.jpg,test,confused,3,6
engaged_2069.jpg,train,engaged,engaged_1806.jpg,test,engaged,1,0
engaged_2069.jpg,train,engaged,engaged_1860.jpg,test,engaged,1,0
engaged_2069.jpg,train,engaged,engaged_1916.jpg,test,engaged,1,0
engaged_2069.jpg,train,engaged,engaged_1925.jpg,test,engaged,1,0
engaged_2069.jpg,train,engaged,engaged_1982.jpg,test,engaged,1,0
engaged_2069.jpg,train,engaged,engaged_2048.jpg,test,engaged,1,0
engaged_2069.jpg,train,engaged,engaged_2073.jpg,test,engaged,0,0
engaged_2069.jpg,train,engaged,engaged_2081.jpg,test,engaged,0,0
engaged_2069.jpg,train,engaged,engaged_2092.jpg,test,engaged,0,0
engaged_2069.jpg,train,engaged,engaged_2106.jpg,test,engaged,0,0
engaged_2069.jpg,train,engaged,engaged_2111.jpg,test,engaged,0,0
engaged_2069.jpg,train,engaged,engaged_2116.jpg,test,engaged,0,0
engaged_2069.jpg,train,engaged,engaged_2125.jpg,test,engaged,0,0
engaged_2069.jpg,train,engaged,engaged_2156.jpg,test,engaged,0,0
engaged_2069.jpg,train,engaged,engaged_2181.jpg,test,engaged,0,0
engaged_2069.jpg,train,engaged,engaged_2191.jpg,test,engaged,0,0
engaged_2069.jpg,train,engaged,engaged_2198.jpg,test,engaged,0,0
engaged_2069.jpg,train,engaged,engaged_2203.jpg,test,engaged,0,0
engaged_2069.jpg,train,engaged,engaged_2214.jpg,test,engaged,0,0
engaged_2069.jpg,train,engaged,engaged_2216.jpg,test,engaged,0,0
engaged_2069.jpg,train,engaged,frustrated_9024.jpg,test,frustrated,3,6
engaged_2069.jpg,train,engaged,frustrated_9576.jpg,test,frustrated,3,6
engaged_2069.jpg,train,engaged,frustrated_9812.jpg,test,frustrated,3,6
engaged_2070.jpg,train,engaged,confused_4134.jpg,test,confused,4,6
engaged_2070.jpg,train,engaged,confused_4142.jpg,test,confused,4,4
engaged_2070.jpg,train,engaged,confused_4744.jpg,test,confused,3,6
engaged_2070.jpg,train,engaged,engaged_1806.jpg,test,engaged,1,0
engaged_2070.jpg,train,engaged,engaged_1860.jpg,test,engaged,1,0
engaged_2070.jpg,train,engaged,engaged_1916.jpg,test,engaged,1,0
engaged_2070.jpg,train,engaged,engaged_1925.jpg,test,engaged,1,0
engaged_2070.jpg,train,engaged,engaged_1982.jpg,test,engaged,1,0
engaged_2070.jpg,train,engaged,engaged_2048.jpg,test,engaged,1,0
engaged_2070.jpg,train,engaged,engaged_2073.jpg,test,engaged,0,0
engaged_2070.jpg,train,engaged,engaged_2081.jpg,test,engaged,0,0
engaged_2070.jpg,train,engaged,engaged_2092.jpg,test,engaged,0,0
engaged_2070.jpg,train,engaged,engaged_2106.jpg,test,engaged,0,0
engaged_2070.jpg,train,engaged,engaged_2111.jpg,test,engaged,0,0
engaged_2070.jpg,train,engaged,engaged_2116.jpg,test,engaged,0,0
engaged_2070.jpg,train,engaged,engaged_2125.jpg,test,engaged,0,0
engaged_2070.jpg,train,engaged,engaged_2156.jpg,test,engaged,0,0
engaged_2070.jpg,train,engaged,engaged_2181.jpg,test,engaged,0,0
engaged_2070.jpg,train,engaged,engaged_2191.jpg,test,engaged,0,0
engaged_2070.jpg,train,engaged,engaged_2198.jpg,test,engaged,0,0
engaged_2070.jpg,train,engaged,engaged_2203.jpg,test,engaged,0,0
engaged_2070.jpg,train,engaged,engaged_2214.jpg,test,engaged,0,0
engaged_2070.jpg,train,engaged,engaged_2216.jpg,test,engaged,0,0
engaged_2070.jpg,train,engaged,frustrated_9024.jpg,test,frustrated,3,6
engaged_2070.jpg,train,engaged,frustrated_9576.jpg,test,frustrated,3,6
engaged_2070.jpg,train,engaged,frustrated_9812.jpg,test,frustrated,3,6
engaged_2074.jpg,train,engaged,confused_4134.jpg,test,confused,4,6
engaged_2074.jpg,train,engaged,confused_4142.jpg,test,confused,4,4
engaged_2074.jpg,train,engaged,confused_4744.jpg,test,confused,3,6
engaged_2074.jpg,train,engaged,engaged_1806.jpg,test,engaged,1,0
engaged_2074.jpg,train,engaged,engaged_1860.jpg,test,engaged,1,0
engaged_2074.jpg,train,engaged,engaged_1916.jpg,test,engaged,1,0
engaged_2074.jpg,train,engaged,engaged_1925.jpg,test,engaged,1,0
engaged_2074.jpg,train,engaged,engaged_1982.jpg,test,engaged,1,0
engaged_2074.jpg,train,engaged,engaged_2048.jpg,test,engaged,1,0
engaged_2074.jpg,train,engaged,engaged_2073.jpg,test,engaged,0,0
engaged_2074.jpg,train,engaged,engaged_2081.jpg,test,engaged,0,0
engaged_2074.jpg,train,engaged,engaged_2092.jpg,test,engaged,0,0
engaged_2074.jpg,train,engaged,engaged_2106.jpg,test,engaged,0,0
engaged_2074.jpg,train,engaged,engaged_2111.jpg,test,engaged,0,0
engaged_2074.jpg,train,engaged,engaged_2116.jpg,test,engaged,0,0
engaged_2074.jpg,train,engaged,engaged_2125.jpg,test,engaged,0,0
engaged_2074.jpg,train,engaged,engaged_2156.jpg,test,engaged,0,0
engaged_2074.jpg,train,engaged,engaged_2181.jpg,test,engaged,0,0
engaged_2074.jpg,train,engaged,engaged_2191.jpg,test,engaged,0,0
engaged_2074.jpg,train,engaged,engaged_2198.jpg,test,engaged,0,0
engaged_2074.jpg,train,engaged,engaged_2203.jpg,test,engaged,0,0
engaged_2074.jpg,train,engaged,engaged_2214.jpg,test,engaged,0,0
engaged_2074.jpg,train,engaged,engaged_2216.jpg,test,engaged,0,0
engaged_2074.jpg,train,engaged,frustrated_9024.jpg,test,frustrated,3,6
engaged_2074.jpg,train,engaged,frustrated_9576.jpg,test,frustrated,3,6
engaged_2074.jpg,train,engaged,frustrated_9812.jpg,test,frustrated,3,6
engaged_2075.jpg,train,engaged,confused_4134.jpg,test,confused,4,6
engaged_2075.jpg,train,engaged,confused_4142.jpg,test,confused,4,4
engaged_2075.jpg,train,engaged,confused_4744.jpg,test,confused,3,6
engaged_2075.jpg,train,engaged,engaged_1806.jpg,test,engaged,1,0
engaged_2075.jpg,train,engaged,engaged_1860.jpg,test,engaged,1,0
engaged_2075.jpg,train,engaged,engaged_1916.jpg,test,engaged,1,0
engaged_2075.jpg,train,engaged,engaged_1925.jpg,test,engaged,1,0
engaged_2075.jpg,train,engaged,engaged_1982.jpg,test,engaged,1,0
engaged_2075.jpg,train,engaged,engaged_2048.jpg,test,engaged,1,0
engaged_2075.jpg,train,engaged,engaged_2073.jpg,test,engaged,0,0
engaged_2075.jpg,train,engaged,engaged_2081.jpg,test,engaged,0,0
engaged_2075.jpg,train,engaged,engaged_2092.jpg,test,engaged,0,0
engaged_2075.jpg,train,engaged,engaged_2106.jpg,test,engaged,0,0
engaged_2075.jpg,train,engaged,engaged_2111.jpg,test,engaged,0,0
engaged_2075.jpg,train,engaged,engaged_2116.jpg,test,engaged,0,0
engaged_2075.jpg,train,engaged,engaged_2125.jpg,test,engaged,0,0
engaged_2075.jpg,train,engaged,engaged_2156.jpg,test,engaged,0,0
engaged_2075.jpg,train,engaged,engaged_2181.jpg,test,engaged,0,0
engaged_2075.jpg,train,engaged,engaged_2191.jpg,test,engaged,0,0
engaged_2075.jpg,train,engaged,engaged_2198.jpg,test,engaged,0,0
engaged_2075.jpg,train,engaged,engaged_2203.jpg,test,engaged,0,0
engaged_2075.jpg,train,engaged,engaged_2214.jpg,test,engaged,0,0
engaged_2075.jpg,train,engaged,engaged_2216.jpg,test,engaged,0,0
engaged_2075.jpg,train,engaged,frustrated_9024.jpg,test,frustrated,3,6
engaged_2075.jpg,train,engaged,frustrated_9576.jpg,test,frustrated,3,6
engaged_2075.jpg,train,engaged,frustrated_9812.jpg,test,frustrated,3,6
engaged_2076.jpg,train,engaged,confused_4134.jpg,test,confused,4,6
engaged_2076.jpg,train,engaged,confused_4142.jpg,test,confused,4,4
engaged_2076.jpg,train,engaged,confused_4744.jpg,test,confused,3,6
engaged_2076.jpg,train,engaged,engaged_1806.jpg,test,engaged,1,0
engaged_2076.jpg,train,engaged,engaged_1860.jpg,test,engaged,1,0
engaged_2076.jpg,train,engaged,engaged_1916.jpg,test,engaged,1,0
engaged_2076.jpg,train,engaged,engaged_1925.jpg,test,engaged,1,0
engaged_2076.jpg,train,engaged,engaged_1982.jpg,test,engaged,1,0
engaged_2076.jpg,train,engaged,engaged_2048.jpg,test,engaged,1,0
engaged_2076.jpg,train,engaged,engaged_2073.jpg,test,engaged,0,0
engaged_2076.jpg,train,engaged,engaged_2081.jpg,test,engaged,0,0
engaged_2076.jpg,train,engaged,engaged_2092.jpg,test,engaged,0,0
engaged_2076.jpg,train,engaged,engaged_2106.jpg,test,engaged,0,0
engaged_2076.jpg,train,engaged,engaged_2111.jpg,test,engaged,0,0
engaged_2076.jpg,train,engaged,engaged_2116.jpg,test,engaged,0,0
engaged_2076.jpg,train,engaged,engaged_2125.jpg,test,engaged,0,0
engaged_2076.jpg,train,engaged,engaged_2156.jpg,test,engaged,0,0
engaged_2076.jpg,train,engaged,engaged_2181.jpg,test,engaged,0,0
engaged_2076.jpg,train,engaged,engaged_2191.jpg,test,engaged,0,0
engaged_2076.jpg,train,engaged,engaged_2198.jpg,test,engaged,0,0
engaged_2076.jpg,train,engaged,engaged_2203.jpg,test,engaged,0,0
engaged_2076.jpg,train,engaged,engaged_2214.jpg,test,engaged,0,0
engaged_2076.jpg,train,engaged,engaged_2216.jpg,test,engaged,0,0
engaged_2076.jpg,train,engaged,frustrated_9024.jpg,test,frustrated,3,6
engaged_2076.jpg,train,engaged,frustrated_9576.jpg,test,frustrated,3,6
engaged_2076.jpg,train,engaged,frustrated_9812.jpg,test,frustrated,3,6
engaged_2093.jpg,train,engaged,confused_4134.jpg,test,confused,4,6
engaged_2093.jpg,train,engaged,confused_4142.jpg,test,confused,4,4
engaged_2093.jpg,train,engaged,confused_4744.jpg,test,confused,3,6
engaged_2093.jpg,train,engaged,engaged_1806.jpg,test,engaged,1,0
engaged_2093.jpg,train,engaged,engaged_1860.jpg,test,engaged,1,0
engaged_2093.jpg,train,engaged,engaged_1916.jpg,test,engaged,1,0
engaged_2093.jpg,train,engaged,engaged_1925.jpg,test,engaged,1,0
engaged_2093.jpg,train,engaged,engaged_1982.jpg,test,engaged,1,0
engaged_2093.jpg,train,engaged,engaged_2048.jpg,test,engaged,1,0
engaged_2093.jpg,train,engaged,engaged_2073.jpg,test,engaged,0,0
engaged_2093.jpg,train,engaged,engaged_2081.jpg,test,engaged,0,0
engaged_2093.jpg,train,engaged,engaged_2092.jpg,test,engaged,0,0
engaged_2093.jpg,train,engaged,engaged_2106.jpg,test,engaged,0,0
engaged_2093.jpg,train,engaged,engaged_2111.jpg,test,engaged,0,0
engaged_2093.jpg,train,engaged,engaged_2116.jpg,test,engaged,0,0
engaged_2093.jpg,train,engaged,engaged_2125.jpg,test,engaged,0,0
engaged_2093.jpg,train,engaged,engaged_2156.jpg,test,engaged,0,0
engaged_2093.jpg,train,engaged,engaged_2181.jpg,test,engaged,0,0
engaged_2093.jpg,train,engaged,engaged_2191.jpg,test,engaged,0,0
engaged_2093.jpg,train,engaged,engaged_2198.jpg,test,engaged,0,0
engaged_2093.jpg,train,engaged,engaged_2203.jpg,test,engaged,0,0
engaged_2093.jpg,train,engaged,engaged_2214.jpg,test,engaged,0,0
engaged_2093.jpg,train,engaged,engaged_2216.jpg,test,engaged,0,0
engaged_2093.jpg,train,engaged,frustrated_9024.jpg,test,frustrated,3,6
engaged_2093.jpg,train,engaged,frustrated_9576.jpg,test,frustrated,3,6
engaged_2093.jpg,train,engaged,frustrated_9812.jpg,test,frustrated,3,6
engaged_2097.jpg,train,engaged,confused_4134.jpg,test,confused,4,6
engaged_2097.jpg,train,engaged,confused_4142.jpg,test,confused,4,4
engaged_2097.jpg,train,engaged,confused_4744.jpg,test,confused,3,6
engaged_2097.jpg,train,engaged,engaged_1806.jpg,test,engaged,1,0
engaged_2097.jpg,train,engaged,engaged_1860.jpg,test,engaged,1,0
engaged_2097.jpg,train,engaged,engaged_1916.jpg,test,engaged,1,0
engaged_2097.jpg,train,engaged,engaged_1925.jpg,test,engaged,1,0
engaged_2097.jpg,train,engaged,engaged_1982.jpg,test,engaged,1,0
engaged_2097.jpg,train,engaged,engaged_2048.jpg,test,engaged,1,0
engaged_2097.jpg,train,engaged,engaged_2073.jpg,test,engaged,0,0
engaged_2097.jpg,train,engaged,engaged_2081.jpg,test,engaged,0,0
engaged_2097.jpg,train,engaged,engaged_2092.jpg,test,engaged,0,0
engaged_2097.jpg,train,engaged,engaged_2106.jpg,test,engaged,0,0
engaged_2097.jpg,train,engaged,engaged_2111.jpg,test,engaged,0,0
engaged_2097.jpg,train,engaged,engaged_2116.jpg,test,engaged,0,0
engaged_2097.jpg,train,engaged,engaged_2125.jpg,test,engaged,0,0
engaged_2097.jpg,train,engaged,engaged_2156.jpg,test,engaged,0,0
engaged_2097.jpg,train,engaged,engaged_2181.jpg,test,engaged,0,0
engaged_2097.jpg,train,engaged,engaged_2191.jpg,test,engaged,0,0
engaged_2097.jpg,train,engaged,engaged_2198.jpg,test,engaged,0,0
engaged_2097.jpg,train,engaged,engaged_2203.jpg,test,engaged,0,0
engaged_2097.jpg,train,engaged,engaged_2214.jpg,test,engaged,0,0
engaged_2097.jpg,train,engaged,engaged_2216.jpg,test,engaged,0,0
engaged_2097.jpg,train,engaged,frustrated_9024.jpg,test,frustrated,3,6
engaged_2097.jpg,train,engaged,frustrated_9576.jpg,test,frustrated,3,6
engaged_2097.jpg,train,engaged,frustrated_9812.jpg,test,frustrated,3,6
engaged_2098.jpg,train,engaged,confused_4134.jpg,test,confused,4,6
engaged_2098.jpg,train,engaged,confused_4142.jpg,test,confused,4,4
engaged_2098.jpg,train,engaged,confused_4744.jpg,test,confused,3,6
engaged_2098.jpg,train,engaged,engaged_1806.jpg,test,engaged,1,0
engaged_2098.jpg,train,engaged,engaged_1860.jpg,test,engaged,1,0
engaged_2098.jpg,train,engaged,engaged_1916.jpg,test,engaged,1,0
engaged_2098.jpg,train,engaged,engaged_1925.jpg,test,engaged,1,0
engaged_2098.jpg,train,engaged,engaged_1982.jpg,test,engaged,1,0
engaged_2098.jpg,train,engaged,engaged_2048.jpg,test,engaged,1,0
engaged_2098.jpg,train,engaged,engaged_2073.jpg,test,engaged,0,0
engaged_2098.jpg,train,engaged,engaged_2081.jpg,test,engaged,0,0
engaged_2098.jpg,train,engaged,engaged_2092.jpg,test,engaged,0,0
engaged_2098.jpg,train,engaged,engaged_2106.jpg,test,engaged,0,0
engaged_2098.jpg,train,engaged,engaged_2111.jpg,test,engaged,0,0
engaged_2098.jpg,train,engaged,engaged_2116.jpg,test,engaged,0,0
engaged_2098.jpg,train,engaged,engaged_2125.jpg,test,engaged,0,0
engaged_2098.jpg,train,engaged,engaged_2156.jpg,test,engaged,0,0
engaged_2098.jpg,train,engaged,engaged_2181.jpg,test,engaged,0,0
engaged_2098.jpg,train,engaged,engaged_2191.jpg,test,engaged,0,0
engaged_2098.jpg,train,engaged,engaged_2198.jpg,test,engaged,0,0
engaged_2098.jpg,train,engaged,engaged_2203.jpg,test,engaged,0,0
engaged_2098.jpg,train,engaged,engaged_2214.jpg,test,engaged,0,0
engaged_2098.jpg,train,engaged,engaged_2216.jpg,test,engaged,0,0
engaged_2098.jpg,train,engaged,frustrated_9024.jpg,test,frustrated,3,6
engaged_2098.jpg,train,engaged,frustrated_9576.jpg,test,frustrated,3,6
engaged_2098.jpg,train,engaged,frustrated_9812.jpg,test,frustrated,3,6
engaged_2102.jpg,train,engaged,confused_4134.jpg,test,confused,4,6
engaged_2102.jpg,train,engaged,confused_4142.jpg,test,confused,4,4
engaged_2102.jpg,train,engaged,confused_4744.jpg,test,confused,3,6
engaged_2102.jpg,train,engaged,engaged_1806.jpg,test,engaged,1,0
engaged_2102.jpg,train,engaged,engaged_1860.jpg,test,engaged,1,0
engaged_2102.jpg,train,engaged,engaged_1916.jpg,test,engaged,1,0
engaged_2102.jpg,train,engaged,engaged_1925.jpg,test,engaged,1,0
engaged_2102.jpg,train,engaged,engaged_1982.jpg,test,engaged,1,0
engaged_2102.jpg,train,engaged,engaged_2048.jpg,test,engaged,1,0
engaged_2102.jpg,train,engaged,engaged_2073.jpg,test,engaged,0,0
engaged_2102.jpg,train,engaged,engaged_2081.jpg,test,engaged,0,0
engaged_2102.jpg,train,engaged,engaged_2092.jpg,test,engaged,0,0
engaged_2102.jpg,train,engaged,engaged_2106.jpg,test,engaged,0,0
engaged_2102.jpg,train,engaged,engaged_2111.jpg,test,engaged,0,0
engaged_2102.jpg,train,engaged,engaged_2116.jpg,test,engaged,0,0
engaged_2102.jpg,train,engaged,engaged_2125.jpg,test,engaged,0,0
engaged_2102.jpg,train,engaged,engaged_2156.jpg,test,engaged,0,0
engaged_2102.jpg,train,engaged,engaged_2181.jpg,test,engaged,0,0
engaged_2102.jpg,train,engaged,engaged_2191.jpg,test,engaged,0,0
engaged_2102.jpg,train,engaged,engaged_2198.jpg,test,engaged,0,0
engaged_2102.jpg,train,engaged,engaged_2203.jpg,test,engaged,0,0
engaged_2102.jpg,train,engaged,engaged_2214.jpg,test,engaged,0,0
engaged_2102.jpg,train,engaged,engaged_2216.jpg,test,engaged,0,0
engaged_2102.jpg,train,engaged,frustrated_9024.jpg,test,frustrated,3,6
engaged_2102.jpg,train,engaged,frustrated_9576.jpg,test,frustrated,3,6
engaged_2102.jpg,train,engaged,frustrated_9812.jpg,test,frustrated,3,6
engaged_2107.jpg,train,engaged,confused_4134.jpg,test,confused,4,6
engaged_2107.jpg,train,engaged,confused_4142.jpg,test,confused,4,4
engaged_2107.jpg,train,engaged,confused_4744.jpg,test,confused,3,6
engaged_2107.jpg,train,engaged,engaged_1806.jpg,test,engaged,1,0
engaged_2107.jpg,train,engaged,engaged_1860.jpg,test,engaged,1,0
engaged_2107.jpg,train,engaged,engaged_1916.jpg,test,engaged,1,0
engaged_2107.jpg,train,engaged,engaged_1925.jpg,test,engaged,1,0
engaged_2107.jpg,train,engaged,engaged_1982.jpg,test,engaged,1,0
engaged_2107.jpg,train,engaged,engaged_2048.jpg,test,engaged,1,0
engaged_2107.jpg,train,engaged,engaged_2073.jpg,test,engaged,0,0
engaged_2107.jpg,train,engaged,engaged_2081.jpg,test,engaged,0,0
engaged_2107.jpg,train,engaged,engaged_2092.jpg,test,engaged,0,0
engaged_2107.jpg,train,engaged,engaged_2106.jpg,test,engaged,0,0
engaged_2107.jpg,train,engaged,engaged_2111.jpg,test,engaged,0,0
engaged_2107.jpg,train,engaged,engaged_2116.jpg,test,engaged,0,0
engaged_2107.jpg,train,engaged,engaged_2125.jpg,test,engaged,0,0
engaged_2107.jpg,train,engaged,engaged_2156.jpg,test,engaged,0,0
engaged_2107.jpg,train,engaged,engaged_2181.jpg,test,engaged,0,0
engaged_2107.jpg,train,engaged,engaged_2191.jpg,test,engaged,0,0
engaged_2107.jpg,train,engaged,engaged_2198.jpg,test,engaged,0,0
engaged_2107.jpg,train,engaged,engaged_2203.jpg,test,engaged,0,0
engaged_2107.jpg,train,engaged,engaged_2214.jpg,test,engaged,0,0
engaged_2107.jpg,train,engaged,engaged_2216.jpg,test,engaged,0,0
engaged_2107.jpg,train,engaged,frustrated_9024.jpg,test,frustrated,3,6
engaged_2107.jpg,train,engaged,frustrated_9576.jpg,test,frustrated,3,6
engaged_2107.jpg,train,engaged,frustrated_9812.jpg,test,frustrated,3,6
engaged_2117.jpg,train,engaged,confused_4134.jpg,test,confused,4,6
engaged_2117.jpg,train,engaged,confused_4142.jpg,test,confused,4,4
engaged_2117.jpg,train,engaged,confused_4744.jpg,test,confused,3,6
engaged_2117.jpg,train,engaged,engaged_1806.jpg,test,engaged,1,0
engaged_2117.jpg,train,engaged,engaged_1860.jpg,test,engaged,1,0
engaged_2117.jpg,train,engaged,engaged_1916.jpg,test,engaged,1,0
engaged_2117.jpg,train,engaged,engaged_1925.jpg,test,engaged,1,0
engaged_2117.jpg,train,engaged,engaged_1982.jpg,test,engaged,1,0
engaged_2117.jpg,train,engaged,engaged_2048.jpg,test,engaged,1,0
engaged_2117.jpg,train,engaged,engaged_2073.jpg,test,engaged,0,0
engaged_2117.jpg,train,engaged,engaged_2081.jpg,test,engaged,0,0
engaged_2117.jpg,train,engaged,engaged_2092.jpg,test,engaged,0,0
engaged_2117.jpg,train,engaged,engaged_2106.jpg,test,engaged,0,0
engaged_2117.jpg,train,engaged,engaged_2111.jpg,test,engaged,0,0
engaged_2117.jpg,train,engaged,engaged_2116.jpg,test,engaged,0,0
engaged_2117.jpg,train,engaged,engaged_2125.jpg,test,engaged,0,0
engaged_2117.jpg,train,engaged,engaged_2156.jpg,test,engaged,0,0
engaged_2117.jpg,train,engaged,engaged_2181.jpg,test,engaged,0,0
engaged_2117.jpg,train,engaged,engaged_2191.jpg,test,engaged,0,0
engaged_2117.jpg,train,engaged,engaged_2198.jpg,test,engaged,0,0
engaged_2117.jpg,train,engaged,engaged_2203.jpg,test,engaged,0,0
engaged_2117.jpg,train,engaged,engaged_2214.jpg,test,engaged,0,0
engaged_2117.jpg,train,engaged,engaged_2216.jpg,test,engaged,0,0
engaged_2117.jpg,train,engaged,frustrated_9024.jpg,test,frustrated,3,6
engaged_2117.jpg,train,engaged,frustrated_9576.jpg,test,frustrated,3,6
engaged_2117.jpg,train,engaged,frustrated_9812.jpg,test,frustrated,3,6
engaged_2118.jpg,train,engaged,confused_4134.jpg,test,confused,4,6
engaged_2118.jpg,train,engaged,confused_4142.jpg,test,confused,4,4
engaged_2118.jpg,train,engaged,confused_4744.jpg,test,confused,3,6
engaged_2118.jpg,train,engaged,engaged_1806.jpg,test,engaged,1,0
engaged_2118.jpg,train,engaged,engaged_1860.jpg,test,engaged,1,0
engaged_2118.jpg,train,engaged,engaged_1916.jpg,test,engaged,1,0
engaged_2118.jpg,train,engaged,engaged_1925.jpg,test,engaged,1,0
engaged_2118.jpg,train,engaged,engaged_1982.jpg,test,engaged,1,0
engaged_2118.jpg,train,engaged,engaged_2048.jpg,test,engaged,1,0
engaged_2118.jpg,train,engaged,engaged_2073.jpg,test,engaged,0,0
engaged_2118.jpg,train,engaged,engaged_2081.jpg,test,engaged,0,0
engaged_2118.jpg,train,engaged,engaged_2092.jpg,test,engaged,0,0
engaged_2118.jpg,train,engaged,engaged_2106.jpg,test,engaged,0,0
engaged_2118.jpg,train,engaged,engaged_2111.jpg,test,engaged,0,0
engaged_2118.jpg,train,engaged,engaged_2116.jpg,test,engaged,0,0
engaged_2118.jpg,train,engaged,engaged_2125.jpg,test,engaged,0,0
engaged_2118.jpg,train,engaged,engaged_2156.jpg,test,engaged,0,0
engaged_2118.jpg,train,engaged,engaged_2181.jpg,test,engaged,0,0
engaged_2118.jpg,train,engaged,engaged_2191.jpg,test,engaged,0,0
engaged_2118.jpg,train,engaged,engaged_2198.jpg,test,engaged,0,0
engaged_2118.jpg,train,engaged,engaged_2203.jpg,test,engaged,0,0
engaged_2118.jpg,train,engaged,engaged_2214.jpg,test,engaged,0,0
engaged_2118.jpg,train,engaged,engaged_2216.jpg,test,engaged,0,0
engaged_2118.jpg,train,engaged,frustrated_9024.jpg,test,frustrated,3,6
engaged_2118.jpg,train,engaged,frustrated_9576.jpg,test,frustrated,3,6
engaged_2118.jpg,train,engaged,frustrated_9812.jpg,test,frustrated,3,6
engaged_2119.jpg,train,engaged,confused_4134.jpg,test,confused,4,6
engaged_2119.jpg,train,engaged,confused_4142.jpg,test,confused,4,4
engaged_2119.jpg,train,engaged,confused_4744.jpg,test,confused,3,6
engaged_2119.jpg,train,engaged,engaged_1806.jpg,test,engaged,1,0
engaged_2119.jpg,train,engaged,engaged_1860.jpg,test,engaged,1,0
engaged_2119.jpg,train,engaged,engaged_1916.jpg,test,engaged,1,0
engaged_2119.jpg,train,engaged,engaged_1925.jpg,test,engaged,1,0
engaged_2119.jpg,train,engaged,engaged_1982.jpg,test,engaged,1,0
engaged_2119.jpg,train,engaged,engaged_2048.jpg,test,engaged,1,0
engaged_2119.jpg,train,engaged,engaged_2073.jpg,test,engaged,0,0
engaged_2119.jpg,train,engaged,engaged_2081.jpg,test,engaged,0,0
engaged_2119.jpg,train,engaged,engaged_2092.jpg,test,engaged,0,0
engaged_2119.jpg,train,engaged,engaged_2106.jpg,test,engaged,0,0
engaged_2119.jpg,train,engaged,engaged_2111.jpg,test,engaged,0,0
engaged_2119.jpg,train,engaged,engaged_2116.jpg,test,engaged,0,0
engaged_2119.jpg,train,engaged,engaged_2125.jpg,test,engaged,0,0
engaged_2119.jpg,train,engaged,engaged_2156.jpg,test,engaged,0,0
engaged_2119.jpg,train,engaged,engaged_2181.jpg,test,engaged,0,0
engaged_2119.jpg,train,engaged,engaged_2191.jpg,test,engaged,0,0
engaged_2119.jpg,train,engaged,engaged_2198.jpg,test,engaged,0,0
engaged_2119.jpg,train,engaged,engaged_2203.jpg,test,engaged,0,0
engaged_2119.jpg,train,engaged,engaged_2214.jpg,test,engaged,0,0
engaged_2119.jpg,train,engaged,engaged_2216.jpg,test,engaged,0,0
engaged_2119.jpg,train,engaged,frustrated_9024.jpg,test,frustrated,3,6
engaged_2119.jpg,train,engaged,frustrated_9576.jpg,test,frustrated,3,6
engaged_2119.jpg,train,engaged,frustrated_9812.jpg,test,frustrated,3,6
engaged_2120.jpg,train,engaged,confused_4134.jpg,test,confused,4,6
engaged_2120.jpg,train,engaged,confused_4142.jpg,test,confused,4,4
engaged_2120.jpg,train,engaged,confused_4744.jpg,test,confused,3,6
engaged_2120.jpg,train,engaged,engaged_1806.jpg,test,engaged,1,0
engaged_2120.jpg,train,engaged,engaged_1860.jpg,test,engaged,1,0
engaged_2120.jpg,train,engaged,engaged_1916.jpg,test,engaged,1,0
engaged_2120.jpg,train,engaged,engaged_1925.jpg,test,engaged,1,0
engaged_2120.jpg,train,engaged,engaged_1982.jpg,test,engaged,1,0
engaged_2120.jpg,train,engaged,engaged_2048.jpg,test,engaged,1,0
engaged_2120.jpg,train,engaged,engaged_2073.jpg,test,engaged,0,0
engaged_2120.jpg,train,engaged,engaged_2081.jpg,test,engaged,0,0
engaged_2120.jpg,train,engaged,engaged_2092.jpg,test,engaged,0,0
engaged_2120.jpg,train,engaged,engaged_2106.jpg,test,engaged,0,0
engaged_2120.jpg,train,engaged,engaged_2111.jpg,test,engaged,0,0
engaged_2120.jpg,train,engaged,engaged_2116.jpg,test,engaged,0,0
engaged_2120.jpg,train,engaged,engaged_2125.jpg,test,engaged,0,0
engaged_2120.jpg,train,engaged,engaged_2156.jpg,test,engaged,0,0
engaged_2120.jpg,train,engaged,engaged_2181.jpg,test,engaged,0,0
engaged_2120.jpg,train,engaged,engaged_2191.jpg,test,engaged,0,0
engaged_2120.jpg,train,engaged,engaged_2198.jpg,test,engaged,0,0
engaged_2120.jpg,train,engaged,engaged_2203.jpg,test,engaged,0,0
engaged_2120.jpg,train,engaged,engaged_2214.jpg,test,engaged,0,0
engaged_2120.jpg,train,engaged,engaged_2216.jpg,test,engaged,0,0
engaged_2120.jpg,train,engaged,frustrated_9024.jpg,test,frustrated,3,6
engaged_2120.jpg,train,engaged,frustrated_9576.jpg,test,frustrated,3,6
engaged_2120.jpg,train,engaged,frustrated_9812.jpg,test,frustrated,3,6
engaged_2123.jpg,train,engaged,confused_4134.jpg,test,confused,4,6
engaged_2123.jpg,train,engaged,confused_4142.jpg,test,confused,4,4
engaged_2123.jpg,train,engaged,confused_4744.jpg,test,confused,3,6
engaged_2123.jpg,train,engaged,engaged_1806.jpg,test,engaged,1,0
engaged_2123.jpg,train,engaged,engaged_1860.jpg,test,engaged,1,0
engaged_2123.jpg,train,engaged,engaged_1916.jpg,test,engaged,1,0
engaged_2123.jpg,train,engaged,engaged_1925.jpg,test,engaged,1,0
engaged_2123.jpg,train,engaged,engaged_1982.jpg,test,engaged,1,0
engaged_2123.jpg,train,engaged,engaged_2048.jpg,test,engaged,1,0
engaged_2123.jpg,train,engaged,engaged_2073.jpg,test,engaged,0,0
engaged_2123.jpg,train,engaged,engaged_2081.jpg,test,engaged,0,0
engaged_2123.jpg,train,engaged,engaged_2092.jpg,test,engaged,0,0
engaged_2123.jpg,train,engaged,engaged_2106.jpg,test,engaged,0,0
engaged_2123.jpg,train,engaged,engaged_2111.jpg,test,engaged,0,0
engaged_2123.jpg,train,engaged,engaged_2116.jpg,test,engaged,0,0
engaged_2123.jpg,train,engaged,engaged_2125.jpg,test,engaged,0,0
engaged_2123.jpg,train,engaged,engaged_2156.jpg,test,engaged,0,0
engaged_2123.jpg,train,engaged,engaged_2181.jpg,test,engaged,0,0
engaged_2123.jpg,train,engaged,engaged_2191.jpg,test,engaged,0,0
engaged_2123.jpg,train,engaged,engaged_2198.jpg,test,engaged,0,0
engaged_2123.jpg,train,engaged,engaged_2203.jpg,test,engaged,0,0
engaged_2123.jpg,train,engaged,engaged_2214.jpg,test,engaged,0,0
engaged_2123.jpg,train,engaged,engaged_2216.jpg,test,engaged,0,0
engaged_2123.jpg,train,engaged,frustrated_9024.jpg,test,frustrated,3,6
engaged_2123.jpg,train,engaged,frustrated_9576.jpg,test,frustrated,3,6
engaged_2123.jpg,train,engaged,frustrated_9812.jpg,test,frustrated,3,6
engaged_2124.jpg,train,engaged,confused_4134.jpg,test,confused,4,6
engaged_2124.jpg,train,engaged,confused_4142.jpg,test,confused,4,4
engaged_2124.jpg,train,engaged,confused_4744.jpg,test,confused,3,6
engaged_2124.jpg,train,engaged,engaged_1806.jpg,test,engaged,1,0
engaged_2124.jpg,train,engaged,engaged_1860.jpg,test,engaged,1,0
engaged_2124.jpg,train,engaged,engaged_1916.jpg,test,engaged,1,0
engaged_2124.jpg,train,engaged,engaged_1925.jpg,test,engaged,1,0
engaged_2124.jpg,train,engaged,engaged_1982.jpg,test,engaged,1,0
engaged_2124.jpg,train,engaged,engaged_2048.jpg,test,engaged,1,0
engaged_2124.jpg,train,engaged,engaged_2073.jpg,test,engaged,0,0
engaged_2124.jpg,train,engaged,engaged_2081.jpg,test,engaged,0,0
engaged_2124.jpg,train,engaged,engaged_2092.jpg,test,engaged,0,0
engaged_2124.jpg,train,engaged,engaged_2106.jpg,test,engaged,0,0
engaged_2124.jpg,train,engaged,engaged_2111.jpg,test,engaged,0,0
engaged_2124.jpg,train,engaged,engaged_2116.jpg,test,engaged,0,0
engaged_2124.jpg,train,engaged,engaged_2125.jpg,test,engaged,0,0
engaged_2124.jpg,train,engaged,engaged_2156.jpg,test,engaged,0,0
engaged_2124.jpg,train,engaged,engaged_2181.jpg,test,engaged,0,0
engaged_2124.jpg,train,engaged,engaged_2191.jpg,test,engaged,0,0
engaged_2124.jpg,train,engaged,engaged_2198.jpg,test,engaged,0,0
engaged_2124.jpg,train,engaged,engaged_2203.jpg,test,engaged,0,0
engaged_2124.jpg,train,engaged,engaged_2214.jpg,test,engaged,0,0
engaged_2124.jpg,train,engaged,engaged_2216.jpg,test,engaged,0,0
engaged_2124.jpg,train,engaged,frustrated_9024.jpg,test,frustrated,3,6
engaged_2124.jpg,train,engaged,frustrated_9576.jpg,test,frustrated,3,6
engaged_2124.jpg,train,engaged,frustrated_9812.jpg,test,frustrated,3,6
engaged_2126.jpg,train,engaged,confused_4134.jpg,test,confused,4,6
engaged_2126.jpg,train,engaged,confused_4142.jpg,test,confused,4,4
engaged_2126.jpg,train,engaged,confused_4744.jpg,test,confused,3,6
engaged_2126.jpg,train,engaged,engaged_1806.jpg,test,engaged,1,0
engaged_2126.jpg,train,engaged,engaged_1860.jpg,test,engaged,1,0
engaged_2126.jpg,train,engaged,engaged_1916.jpg,test,engaged,1,0
engaged_2126.jpg,train,engaged,engaged_1925.jpg,test,engaged,1,0
engaged_2126.jpg,train,engaged,engaged_1982.jpg,test,engaged,1,0
engaged_2126.jpg,train,engaged,engaged_2048.jpg,test,engaged,1,0
engaged_2126.jpg,train,engaged,engaged_2073.jpg,test,engaged,0,0
engaged_2126.jpg,train,engaged,engaged_2081.jpg,test,engaged,0,0
engaged_2126.jpg,train,engaged,engaged_2092.jpg,test,engaged,0,0
engaged_2126.jpg,train,engaged,engaged_2106.jpg,test,engaged,0,0
engaged_2126.jpg,train,engaged,engaged_2111.jpg,test,engaged,0,0
engaged_2126.jpg,train,engaged,engaged_2116.jpg,test,engaged,0,0
engaged_2126.jpg,train,engaged,engaged_2125.jpg,test,engaged,0,0
engaged_2126.jpg,train,engaged,engaged_2156.jpg,test,engaged,0,0
engaged_2126.jpg,train,engaged,engaged_2181.jpg,test,engaged,0,0
engaged_2126.jpg,train,engaged,engaged_2191.jpg,test,engaged,0,0
engaged_2126.jpg,train,engaged,engaged_2198.jpg,test,engaged,0,0
engaged_2126.jpg,train,engaged,engaged_2203.jpg,test,engaged,0,0
engaged_2126.jpg,train,engaged,engaged_2214.jpg,test,engaged,0,0
engaged_2126.jpg,train,engaged,engaged_2216.jpg,test,engaged,0,0
engaged_2126.jpg,train,engaged,frustrated_9024.jpg,test,frustrated,3,6
engaged_2126.jpg,train,engaged,frustrated_9576.jpg,test,frustrated,3,6
engaged_2126.jpg,train,engaged,frustrated_9812.jpg,test,frustrated,3,6
engaged_2134.jpg,train,engaged,confused_4134.jpg,test,confused,4,6
engaged_2134.jpg,train,engaged,confused_4142.jpg,test,confused,4,4
engaged_2134.jpg,train,engaged,confused_4744.jpg,test,confused,3,6
engaged_2134.jpg,train,engaged,engaged_1806.jpg,test,engaged,1,0
engaged_2134.jpg,train,engaged,engaged_1860.jpg,test,engaged,1,0
engaged_2134.jpg,train,engaged,engaged_1916.jpg,test,engaged,1,0
engaged_2134.jpg,train,engaged,engaged_1925.jpg,test,engaged,1,0
engaged_2134.jpg,train,engaged,engaged_1982.jpg,test,engaged,1,0
engaged_2134.jpg,train,engaged,engaged_2048.jpg,test,engaged,1,0
engaged_2134.jpg,train,engaged,engaged_2073.jpg,test,engaged,0,0
engaged_2134.jpg,train,engaged,engaged_2081.jpg,test,engaged,0,0
engaged_2134.jpg,train,engaged,engaged_2092.jpg,test,engaged,0,0
engaged_2134.jpg,train,engaged,engaged_2106.jpg,test,engaged,0,0
engaged_2134.jpg,train,engaged,engaged_2111.jpg,test,engaged,0,0
engaged_2134.jpg,train,engaged,engaged_2116.jpg,test,engaged,0,0
engaged_2134.jpg,train,engaged,engaged_2125.jpg,test,engaged,0,0
engaged_2134.jpg,train,engaged,engaged_2156.jpg,test,engaged,0,0
engaged_2134.jpg,train,engaged,engaged_2181.jpg,test,engaged,0,0
engaged_2134.jpg,train,engaged,engaged_2191.jpg,test,engaged,0,0
engaged_2134.jpg,train,engaged,engaged_2198.jpg,test,engaged,0,0
engaged_2134.jpg,train,engaged,engaged_2203.jpg,test,engaged,0,0
engaged_2134.jpg,train,engaged,engaged_2214.jpg,test,engaged,0,0
engaged_2134.jpg,train,engaged,engaged_2216.jpg,test,engaged,0,0
engaged_2134.jpg,train,engaged,frustrated_9024.jpg,test,frustrated,3,6
engaged_2134.jpg,train,engaged,frustrated_9576.jpg,test,frustrated,3,6
engaged_2134.jpg,train,engaged,frustrated_9812.jpg,test,frustrated,3,6
engaged_2135.jpg,train,engaged,confused_4134.jpg,test,confused,4,6
engaged_2135.jpg,train,engaged,confused_4142.jpg,test,confused,4,4
engaged_2135.jpg,train,engaged,confused_4744.jpg,test,confused,3,6
engaged_2135.jpg,train,engaged,engaged_1806.jpg,test,engaged,1,0
engaged_2135.jpg,train,engaged,engaged_1860.jpg,test,engaged,1,0
engaged_2135.jpg,train,engaged,engaged_1916.jpg,test,engaged,1,0
engaged_2135.jpg,train,engaged,engaged_1925.jpg,test,engaged,1,0
engaged_2135.jpg,train,engaged,engaged_1982.jpg,test,engaged,1,0
engaged_2135.jpg,train,engaged,engaged_2048.jpg,test,engaged,1,0
engaged_2135.jpg,train,engaged,engaged_2073.jpg,test,engaged,0,0
engaged_2135.jpg,train,engaged,engaged_2081.jpg,test,engaged,0,0
engaged_2135.jpg,train,engaged,engaged_2092.jpg,test,engaged,0,0
engaged_2135.jpg,train,engaged,engaged_2106.jpg,test,engaged,0,0
engaged_2135.jpg,train,engaged,engaged_2111.jpg,test,engaged,0,0
engaged_2135.jpg,train,engaged,engaged_2116.jpg,test,engaged,0,0
engaged_2135.jpg,train,engaged,engaged_2125.jpg,test,engaged,0,0
engaged_2135.jpg,train,engaged,engaged_2156.jpg,test,engaged,0,0
engaged_2135.jpg,train,engaged,engaged_2181.jpg,test,engaged,0,0
engaged_2135.jpg,train,engaged,engaged_2191.jpg,test,engaged,0,0
engaged_2135.jpg,train,engaged,engaged_2198.jpg,test,engaged,0,0
engaged_2135.jpg,train,engaged,engaged_2203.jpg,test,engaged,0,0
engaged_2135.jpg,train,engaged,engaged_2214.jpg,test,engaged,0,0
engaged_2135.jpg,train,engaged,engaged_2216.jpg,test,engaged,0,0
engaged_2135.jpg,train,engaged,frustrated_9024.jpg,test,frustrated,3,6
engaged_2135.jpg,train,engaged,frustrated_9576.jpg,test,frustrated,3,6
engaged_2135.jpg,train,engaged,frustrated_9812.jpg,test,frustrated,3,6
engaged_2137.jpg,train,engaged,confused_4134.jpg,test,confused,4,6
engaged_2137.jpg,train,engaged,confused_4142.jpg,test,confused,4,4
engaged_2137.jpg,train,engaged,confused_4744.jpg,test,confused,3,6
engaged_2137.jpg,train,engaged,engaged_1806.jpg,test,engaged,1,0
engaged_2137.jpg,train,engaged,engaged_1860.jpg,test,engaged,1,0
engaged_2137.jpg,train,engaged,engaged_1916.jpg,test,engaged,1,0
engaged_2137.jpg,train,engaged,engaged_1925.jpg,test,engaged,1,0
engaged_2137.jpg,train,engaged,engaged_1982.jpg,test,engaged,1,0
engaged_2137.jpg,train,engaged,engaged_2048.jpg,test,engaged,1,0
engaged_2137.jpg,train,engaged,engaged_2073.jpg,test,engaged,0,0
engaged_2137.jpg,train,engaged,engaged_2081.jpg,test,engaged,0,0
engaged_2137.jpg,train,engaged,engaged_2092.jpg,test,engaged,0,0
engaged_2137.jpg,train,engaged,engaged_2106.jpg,test,engaged,0,0
engaged_2137.jpg,train,engaged,engaged_2111.jpg,test,engaged,0,0
engaged_2137.jpg,train,engaged,engaged_2116.jpg,test,engaged,0,0
engaged_2137.jpg,train,engaged,engaged_2125.jpg,test,engaged,0,0
engaged_2137.jpg,train,engaged,engaged_2156.jpg,test,engaged,0,0
engaged_2137.jpg,train,engaged,engaged_2181.jpg,test,engaged,0,0
engaged_2137.jpg,train,engaged,engaged_2191.jpg,test,engaged,0,0
engaged_2137.jpg,train,engaged,engaged_2198.jpg,test,engaged,0,0
engaged_2137.jpg,train,engaged,engaged_2203.jpg,test,engaged,0,0
engaged_2137.jpg,train,engaged,engaged_2214.jpg,test,engaged,0,0
engaged_2137.jpg,train,engaged,engaged_2216.jpg,test,engaged,0,0
engaged_2137.jpg,train,engaged,frustrated_9024.jpg,test,frustrated,3,6
engaged_2137.jpg,train,engaged,frustrated_9576.jpg,test,frustrated,3,6
engaged_2137.jpg,train,engaged,frustrated_9812.jpg,test,frustrated,3,6
engaged_2145.jpg,train,engaged,confused_4134.jpg,test,confused,4,6
engaged_2145.jpg,train,engaged,confused_4142.jpg,test,confused,4,4
engaged_2145.jpg,train,engaged,confused_4744.jpg,test,confused,3,6
engaged_2145.jpg,train,engaged,engaged_1806.jpg,test,engaged,1,0
engaged_2145.jpg,train,engaged,engaged_1860.jpg,test,engaged,1,0
engaged_2145.jpg,train,engaged,engaged_1916.jpg,test,engaged,1,0
engaged_2145.jpg,train,engaged,engaged_1925.jpg,test,engaged,1,0
engaged_2145.jpg,train,engaged,engaged_1982.jpg,test,engaged,1,0
engaged_2145.jpg,train,engaged,engaged_2048.jpg,test,engaged,1,0
engaged_2145.jpg,train,engaged,engaged_2073.jpg,test,engaged,0,0
engaged_2145.jpg,train,engaged,engaged_2081.jpg,test,engaged,0,0
engaged_2145.jpg,train,engaged,engaged_2092.jpg,test,engaged,0,0
engaged_2145.jpg,train,engaged,engaged_2106.jpg,test,engaged,0,0
engaged_2145.jpg,train,engaged,engaged_2111.jpg,test,engaged,0,0
engaged_2145.jpg,train,engaged,engaged_2116.jpg,test,engaged,0,0
engaged_2145.jpg,train,engaged,engaged_2125.jpg,test,engaged,0,0
engaged_2145.jpg,train,engaged,engaged_2156.jpg,test,engaged,0,0
engaged_2145.jpg,train,engaged,engaged_2181.jpg,test,engaged,0,0
engaged_2145.jpg,train,engaged,engaged_2191.jpg,test,engaged,0,0
engaged_2145.jpg,train,engaged,engaged_2198.jpg,test,engaged,0,0
engaged_2145.jpg,train,engaged,engaged_2203.jpg,test,engaged,0,0
engaged_2145.jpg,train,engaged,engaged_2214.jpg,test,engaged,0,0
engaged_2145.jpg,train,engaged,engaged_2216.jpg,test,engaged,0,0
engaged_2145.jpg,train,engaged,frustrated_9024.jpg,test,frustrated,3,6
engaged_2145.jpg,train,engaged,frustrated_9576.jpg,test,frustrated,3,6
engaged_2145.jpg,train,engaged,frustrated_9812.jpg,test,frustrated,3,6
engaged_2146.jpg,train,engaged,confused_4134.jpg,test,confused,4,6
engaged_2146.jpg,train,engaged,confused_4142.jpg,test,confused,4,4
engaged_2146.jpg,train,engaged,confused_4744.jpg,test,confused,3,6
engaged_2146.jpg,train,engaged,engaged_1806.jpg,test,engaged,1,0
engaged_2146.jpg,train,engaged,engaged_1860.jpg,test,engaged,1,0
engaged_2146.jpg,train,engaged,engaged_1916.jpg,test,engaged,1,0
engaged_2146.jpg,train,engaged,engaged_1925.jpg,test,engaged,1,0
engaged_2146.jpg,train,engaged,engaged_1982.jpg,test,engaged,1,0
engaged_2146.jpg,train,engaged,engaged_2048.jpg,test,engaged,1,0
engaged_2146.jpg,train,engaged,engaged_2073.jpg,test,engaged,0,0
engaged_2146.jpg,train,engaged,engaged_2081.jpg,test,engaged,0,0
engaged_2146.jpg,train,engaged,engaged_2092.jpg,test,engaged,0,0
engaged_2146.jpg,train,engaged,engaged_2106.jpg,test,engaged,0,0
engaged_2146.jpg,train,engaged,engaged_2111.jpg,test,engaged,0,0
engaged_2146.jpg,train,engaged,engaged_2116.jpg,test,engaged,0,0
engaged_2146.jpg,train,engaged,engaged_2125.jpg,test,engaged,0,0
engaged_2146.jpg,train,engaged,engaged_2156.jpg,test,engaged,0,0
engaged_2146.jpg,train,engaged,engaged_2181.jpg,test,engaged,0,0
engaged_2146.jpg,train,engaged,engaged_2191.jpg,test,engaged,0,0
engaged_2146.jpg,train,engaged,engaged_2198.jpg,test,engaged,0,0
engaged_2146.jpg,train,engaged,engaged_2203.jpg,test,engaged,0,0
engaged_2146.jpg,train,engaged,engaged_2214.jpg,test,engaged,0,0
engaged_2146.jpg,train,engaged,engaged_2216.jpg,test,engaged,0,0
engaged_2146.jpg,train,engaged,frustrated_9024.jpg,test,frustrated,3,6
engaged_2146.jpg,train,engaged,frustrated_9576.jpg,test,frustrated,3,6
engaged_2146.jpg,train,engaged,frustrated_9812.jpg,test,frustrated,3,6
engaged_2148.jpg,train,engaged,confused_4134.jpg,test,confused,4,6
engaged_2148.jpg,train,engaged,confused_4142.jpg,test,confused,4,4
engaged_2148.jpg,train,engaged,confused_4744.jpg,test,confused,3,6
engaged_2148.jpg,train,engaged,engaged_1806.jpg,test,engaged,1,0
engaged_2148.jpg,train,engaged,engaged_1860.jpg,test,engaged,1,0
engaged_2148.jpg,train,engaged,engaged_1916.jpg,test,engaged,1,0
engaged_2148.jpg,train,engaged,engaged_1925.jpg,test,engaged,1,0
engaged_2148.jpg,train,engaged,engaged_1982.jpg,test,engaged,1,0
engaged_2148.jpg,train,engaged,engaged_2048.jpg,test,engaged,1,0
engaged_2148.jpg,train,engaged,engaged_2073.jpg,test,engaged,0,0
engaged_2148.jpg,train,engaged,engaged_2081.jpg,test,engaged,0,0
engaged_2148.jpg,train,engaged,engaged_2092.jpg,test,engaged,0,0
engaged_2148.jpg,train,engaged,engaged_2106.jpg,test,engaged,0,0
engaged_2148.jpg,train,engaged,engaged_2111.jpg,test,engaged,0,0
engaged_2148.jpg,train,engaged,engaged_2116.jpg,test,engaged,0,0
engaged_2148.jpg,train,engaged,engaged_2125.jpg,test,engaged,0,0
engaged_2148.jpg,train,engaged,engaged_2156.jpg,test,engaged,0,0
engaged_2148.jpg,train,engaged,engaged_2181.jpg,test,engaged,0,0
engaged_2148.jpg,train,engaged,engaged_2191.jpg,test,engaged,0,0
engaged_2148.jpg,train,engaged,engaged_2198.jpg,test,engaged,0,0
engaged_2148.jpg,train,engaged,engaged_2203.jpg,test,engaged,0,0
engaged_2148.jpg,train,engaged,engaged_2214.jpg,test,engaged,0,0
engaged_2148.jpg,train,engaged,engaged_2216.jpg,test,engaged,0,0
engaged_2148.jpg,train,engaged,frustrated_9024.jpg,test,frustrated,3,6
engaged_2148.jpg,train,engaged,frustrated_9576.jpg,test,frustrated,3,6
engaged_2148.jpg,train,engaged,frustrated_9812.jpg,test,frustrated,3,6
engaged_2149.jpg,train,engaged,confused_4134.jpg,test,confused,4,6
engaged_2149.jpg,train,engaged,confused_4142.jpg,test,confused,4,4
engaged_2149.jpg,train,engaged,confused_4744.jpg,test,confused,3,6
engaged_2149.jpg,train,engaged,engaged_1806.jpg,test,engaged,1,0
engaged_2149.jpg,train,engaged,engaged_1860.jpg,test,engaged,1,0
engaged_2149.jpg,train,engaged,engaged_1916.jpg,test,engaged,1,0
engaged_2149.jpg,train,engaged,engaged_1925.jpg,test,engaged,1,0
engaged_2149.jpg,train,engaged,engaged_1982.jpg,test,engaged,1,0
engaged_2149.jpg,train,engaged,engaged_2048.jpg,test,engaged,1,0
engaged_2149.jpg,train,engaged,engaged_2073.jpg,test,engaged,0,0
engaged_2149.jpg,train,engaged,engaged_2081.jpg,test,engaged,0,0
engaged_2149.jpg,train,engaged,engaged_2092.jpg,test,engaged,0,0
engaged_2149.jpg,train,engaged,engaged_2106.jpg,test,engaged,0,0
engaged_2149.jpg,train,engaged,engaged_2111.jpg,test,engaged,0,0
engaged_2149.jpg,train,engaged,engaged_2116.jpg,test,engaged,0,0
engaged_2149.jpg,train,engaged,engaged_2125.jpg,test,engaged,0,0
engaged_2149.jpg,train,engaged,engaged_2156.jpg,test,engaged,0,0
engaged_2149.jpg,train,engaged,engaged_2181.jpg,test,engaged,0,0
engaged_2149.jpg,train,engaged,engaged_2191.jpg,test,engaged,0,0
engaged_2149.jpg,train,engaged,engaged_2198.jpg,test,engaged,0,0
engaged_2149.jpg,train,engaged,engaged_2203.jpg,test,engaged,0,0
engaged_2149.jpg,train,engaged,engaged_2214.jpg,test,engaged,0,0
engaged_2149.jpg,train,engaged,engaged_2216.jpg,test,engaged,0,0
engaged_2149.jpg,train,engaged,frustrated_9024.jpg,test,frustrated,3,6
engaged_2149.jpg,train,engaged,frustrated_9576.jpg,test,frustrated,3,6
engaged_2149.jpg,train,engaged,frustrated_9812.jpg,test,frustrated,3,6
engaged_2150.jpg,train,engaged,confused_4134.jpg,test,confused,4,6
engaged_2150.jpg,train,engaged,confused_4142.jpg,test,confused,4,4
engaged_2150.jpg,train,engaged,confused_4744.jpg,test,confused,3,6
engaged_2150.jpg,train,engaged,engaged_1806.jpg,test,engaged,1,0
engaged_2150.jpg,train,engaged,engaged_1860.jpg,test,engaged,1,0
engaged_2150.jpg,train,engaged,engaged_1916.jpg,test,engaged,1,0
engaged_2150.jpg,train,engaged,engaged_1925.jpg,test,engaged,1,0
engaged_2150.jpg,train,engaged,engaged_1982.jpg,test,engaged,1,0
engaged_2150.jpg,train,engaged,engaged_2048.jpg,test,engaged,1,0
engaged_2150.jpg,train,engaged,engaged_2073.jpg,test,engaged,0,0
engaged_2150.jpg,train,engaged,engaged_2081.jpg,test,engaged,0,0
engaged_2150.jpg,train,engaged,engaged_2092.jpg,test,engaged,0,0
engaged_2150.jpg,train,engaged,engaged_2106.jpg,test,engaged,0,0
engaged_2150.jpg,train,engaged,engaged_2111.jpg,test,engaged,0,0
engaged_2150.jpg,train,engaged,engaged_2116.jpg,test,engaged,0,0
engaged_2150.jpg,train,engaged,engaged_2125.jpg,test,engaged,0,0
engaged_2150.jpg,train,engaged,engaged_2156.jpg,test,engaged,0,0
engaged_2150.jpg,train,engaged,engaged_2181.jpg,test,engaged,0,0
engaged_2150.jpg,train,engaged,engaged_2191.jpg,test,engaged,0,0
engaged_2150.jpg,train,engaged,engaged_2198.jpg,test,engaged,0,0
engaged_2150.jpg,train,engaged,engaged_2203.jpg,test,engaged,0,0
engaged_2150.jpg,train,engaged,engaged_2214.jpg,test,engaged,0,0
engaged_2150.jpg,train,engaged,engaged_2216.jpg,test,engaged,0,0
engaged_2150.jpg,train,engaged,frustrated_9024.jpg,test,frustrated,3,6
engaged_2150.jpg,train,engaged,frustrated_9576.jpg,test,frustrated,3,6
engaged_2150.jpg,train,engaged,frustrated_9812.jpg,test,frustrated,3,6
engaged_2155.jpg,train,engaged,confused_4134.jpg,test,confused,4,6
engaged_2155.jpg,train,engaged,confused_4142.jpg,test,confused,4,4
engaged_2155.jpg,train,engaged,confused_4744.jpg,test,confused,3,6
engaged_2155.jpg,train,engaged,engaged_1806.jpg,test,engaged,1,0
engaged_2155.jpg,train,engaged,engaged_1860.jpg,test,engaged,1,0
engaged_2155.jpg,train,engaged,engaged_1916.jpg,test,engaged,1,0
engaged_2155.jpg,train,engaged,engaged_1925.jpg,test,engaged,1,0
engaged_2155.jpg,train,engaged,engaged_1982.jpg,test,engaged,1,0
engaged_2155.jpg,train,engaged,engaged_2048.jpg,test,engaged,1,0
engaged_2155.jpg,train,engaged,engaged_2073.jpg,test,engaged,0,0
engaged_2155.jpg,train,engaged,engaged_2081.jpg,test,engaged,0,0
engaged_2155.jpg,train,engaged,engaged_2092.jpg,test,engaged,0,0
engaged_2155.jpg,train,engaged,engaged_2106.jpg,test,engaged,0,0
engaged_2155.jpg,train,engaged,engaged_2111.jpg,test,engaged,0,0
engaged_2155.jpg,train,engaged,engaged_2116.jpg,test,engaged,0,0
engaged_2155.jpg,train,engaged,engaged_2125.jpg,test,engaged,0,0
engaged_2155.jpg,train,engaged,engaged_2156.jpg,test,engaged,0,0
engaged_2155.jpg,train,engaged,engaged_2181.jpg,test,engaged,0,0
engaged_2155.jpg,train,engaged,engaged_2191.jpg,test,engaged,0,0
engaged_2155.jpg,train,engaged,engaged_2198.jpg,test,engaged,0,0
engaged_2155.jpg,train,engaged,engaged_2203.jpg,test,engaged,0,0
engaged_2155.jpg,train,engaged,engaged_2214.jpg,test,engaged,0,0
engaged_2155.jpg,train,engaged,engaged_2216.jpg,test,engaged,0,0
engaged_2155.jpg,train,engaged,frustrated_9024.jpg,test,frustrated,3,6
engaged_2155.jpg,train,engaged,frustrated_9576.jpg,test,frustrated,3,6
engaged_2155.jpg,train,engaged,frustrated_9812.jpg,test,frustrated,3,6
engaged_2157.jpg,train,engaged,confused_4134.jpg,test,confused,4,6
engaged_2157.jpg,train,engaged,confused_4142.jpg,test,confused,4,4
engaged_2157.jpg,train,engaged,confused_4744.jpg,test,confused,3,6
engaged_2157.jpg,train,engaged,engaged_1806.jpg,test,engaged,1,0
engaged_2157.jpg,train,engaged,engaged_1860.jpg,test,engaged,1,0
engaged_2157.jpg,train,engaged,engaged_1916.jpg,test,engaged,1,0
engaged_2157.jpg,train,engaged,engaged_1925.jpg,test,engaged,1,0
engaged_2157.jpg,train,engaged,engaged_1982.jpg,test,engaged,1,0
engaged_2157.jpg,train,engaged,engaged_2048.jpg,test,engaged,1,0
engaged_2157.jpg,train,engaged,engaged_2073.jpg,test,engaged,0,0
engaged_2157.jpg,train,engaged,engaged_2081.jpg,test,engaged,0,0
engaged_2157.jpg,train,engaged,engaged_2092.jpg,test,engaged,0,0
engaged_2157.jpg,train,engaged,engaged_2106.jpg,test,engaged,0,0
engaged_2157.jpg,train,engaged,engaged_2111.jpg,test,engaged,0,0
engaged_2157.jpg,train,engaged,engaged_2116.jpg,test,engaged,0,0
engaged_2157.jpg,train,engaged,engaged_2125.jpg,test,engaged,0,0
engaged_2157.jpg,train,engaged,engaged_2156.jpg,test,engaged,0,0
engaged_2157.jpg,train,engaged,engaged_2181.jpg,test,engaged,0,0
engaged_2157.jpg,train,engaged,engaged_2191.jpg,test,engaged,0,0
engaged_2157.jpg,train,engaged,engaged_2198.jpg,test,engaged,0,0
engaged_2157.jpg,train,engaged,engaged_2203.jpg,test,engaged,0,0
engaged_2157.jpg,train,engaged,engaged_2214.jpg,test,engaged,0,0
engaged_2157.jpg,train,engaged,engaged_2216.jpg,test,engaged,0,0
engaged_2157.jpg,train,engaged,frustrated_9024.jpg,test,frustrated,3,6
engaged_2157.jpg,train,engaged,frustrated_9576.jpg,test,frustrated,3,6
engaged_2157.jpg,train,engaged,frustrated_9812.jpg,test,frustrated,3,6
engaged_2158.jpg,train,engaged,confused_4134.jpg,test,confused,4,6
engaged_2158.jpg,train,engaged,confused_4142.jpg,test,confused,4,4
engaged_2158.jpg,train,engaged,confused_4744.jpg,test,confused,3,6
engaged_2158.jpg,train,engaged,engaged_1806.jpg,test,engaged,1,0
engaged_2158.jpg,train,engaged,engaged_1860.jpg,test,engaged,1,0
engaged_2158.jpg,train,engaged,engaged_1916.jpg,test,engaged,1,0
engaged_2158.jpg,train,engaged,engaged_1925.jpg,test,engaged,1,0
engaged_2158.jpg,train,engaged,engaged_1982.jpg,test,engaged,1,0
engaged_2158.jpg,train,engaged,engaged_2048.jpg,test,engaged,1,0
engaged_2158.jpg,train,engaged,engaged_2073.jpg,test,engaged,0,0
engaged_2158.jpg,train,engaged,engaged_2081.jpg,test,engaged,0,0
engaged_2158.jpg,train,engaged,engaged_2092.jpg,test,engaged,0,0
engaged_2158.jpg,train,engaged,engaged_2106.jpg,test,engaged,0,0
engaged_2158.jpg,train,engaged,engaged_2111.jpg,test,engaged,0,0
engaged_2158.jpg,train,engaged,engaged_2116.jpg,test,engaged,0,0
engaged_2158.jpg,train,engaged,engaged_2125.jpg,test,engaged,0,0
engaged_2158.jpg,train,engaged,engaged_2156.jpg,test,engaged,0,0
engaged_2158.jpg,train,engaged,engaged_2181.jpg,test,engaged,0,0
engaged_2158.jpg,train,engaged,engaged_2191.jpg,test,engaged,0,0
engaged_2158.jpg,train,engaged,engaged_2198.jpg,test,engaged,0,0
engaged_2158.jpg,train,engaged,engaged_2203.jpg,test,engaged,0,0
engaged_2158.jpg,train,engaged,engaged_2214.jpg,test,engaged,0,0
engaged_2158.jpg,train,engaged,engaged_2216.jpg,test,engaged,0,0
engaged_2158.jpg,train,engaged,frustrated_9024.jpg,test,frustrated,3,6
engaged_2158.jpg,train,engaged,frustrated_9576.jpg,test,frustrated,3,6
engaged_2158.jpg,train,engaged,frustrated_9812.jpg,test,frustrated,3,6
engaged_2159.jpg,train,engaged,confused_4134.jpg,test,confused,4,6
engaged_2159.jpg,train,engaged,confused_4142.jpg,test,confused,4,4
engaged_2159.jpg,train,engaged,confused_4744.jpg,test,confused,3,6
engaged_2159.jpg,train,engaged,engaged_1806.jpg,test,engaged,1,0
engaged_2159.jpg,train,engaged,engaged_1860.jpg,test,engaged,1,0
engaged_2159.jpg,train,engaged,engaged_1916.jpg,test,engaged,1,0
engaged_2159.jpg,train,engaged,engaged_1925.jpg,test,engaged,1,0
engaged_2159.jpg,train,engaged,engaged_1982.jpg,test,engaged,1,0
engaged_2159.jpg,train,engaged,engaged_2048.jpg,test,engaged,1,0
engaged_2159.jpg,train,engaged,engaged_2073.jpg,test,engaged,0,0
engaged_2159.jpg,train,engaged,engaged_2081.jpg,test,engaged,0,0
engaged_2159.jpg,train,engaged,engaged_2092.jpg,test,engaged,0,0
engaged_2159.jpg,train,engaged,engaged_2106.jpg,test,engaged,0,0
engaged_2159.jpg,train,engaged,engaged_2111.jpg,test,engaged,0,0
engaged_2159.jpg,train,engaged,engaged_2116.jpg,test,engaged,0,0
engaged_2159.jpg,train,engaged,engaged_2125.jpg,test,engaged,0,0
engaged_2159.jpg,train,engaged,engaged_2156.jpg,test,engaged,0,0
engaged_2159.jpg,train,engaged,engaged_2181.jpg,test,engaged,0,0
engaged_2159.jpg,train,engaged,engaged_2191.jpg,test,engaged,0,0
engaged_2159.jpg,train,engaged,engaged_2198.jpg,test,engaged,0,0
engaged_2159.jpg,train,engaged,engaged_2203.jpg,test,engaged,0,0
engaged_2159.jpg,train,engaged,engaged_2214.jpg,test,engaged,0,0
engaged_2159.jpg,train,engaged,engaged_2216.jpg,test,engaged,0,0
engaged_2159.jpg,train,engaged,frustrated_9024.jpg,test,frustrated,3,6
engaged_2159.jpg,train,engaged,frustrated_9576.jpg,test,frustrated,3,6
engaged_2159.jpg,train,engaged,frustrated_9812.jpg,test,frustrated,3,6
engaged_216.jpg,train,engaged,engaged_144.jpg,test,engaged,2,2
engaged_216.jpg,train,engaged,engaged_212.jpg,test,engaged,1,0
engaged_2160.jpg,train,engaged,confused_4134.jpg,test,confused,4,6
engaged_2160.jpg,train,engaged,confused_4142.jpg,test,confused,4,4
engaged_2160.jpg,train,engaged,confused_4744.jpg,test,confused,3,6
engaged_2160.jpg,train,engaged,engaged_1806.jpg,test,engaged,1,0
engaged_2160.jpg,train,engaged,engaged_1860.jpg,test,engaged,1,0
engaged_2160.jpg,train,engaged,engaged_1916.jpg,test,engaged,1,0
engaged_2160.jpg,train,engaged,engaged_1925.jpg,test,engaged,1,0
engaged_2160.jpg,train,engaged,engaged_1982.jpg,test,engaged,1,0
engaged_2160.jpg,train,engaged,engaged_2048.jpg,test,engaged,1,0
engaged_2160.jpg,train,engaged,engaged_2073.jpg,test,engaged,0,0
engaged_2160.jpg,train,engaged,engaged_2081.jpg,test,engaged,0,0
engaged_2160.jpg,train,engaged,engaged_2092.jpg,test,engaged,0,0
engaged_2160.jpg,train,engaged,engaged_2106.jpg,test,engaged,0,0
engaged_2160.jpg,train,engaged,engaged_2111.jpg,test,engaged,0,0
engaged_2160.jpg,train,engaged,engaged_2116.jpg,test,engaged,0,0
engaged_2160.jpg,train,engaged,engaged_2125.jpg,test,engaged,0,0
engaged_2160.jpg,train,engaged,engaged_2156.jpg,test,engaged,0,0
engaged_2160.jpg,train,engaged,engaged_2181.jpg,test,engaged,0,0
engaged_2160.jpg,train,engaged,engaged_2191.jpg,test,engaged,0,0
engaged_2160.jpg,train,engaged,engaged_2198.jpg,test,engaged,0,0
engaged_2160.jpg,train,engaged,engaged_2203.jpg,test,engaged,0,0
engaged_2160.jpg,train,engaged,engaged_2214.jpg,test,engaged,0,0
engaged_2160.jpg,train,engaged,engaged_2216.jpg,test,engaged,0,0
engaged_2160.jpg,train,engaged,frustrated_9024.jpg,test,frustrated,3,6
engaged_2160.jpg,train,engaged,frustrated_9576.jpg,test,frustrated,3,6
engaged_2160.jpg,train,engaged,frustrated_9812.jpg,test,frustrated,3,6
engaged_2163.jpg,train,engaged,confused_4134.jpg,test,confused,4,6
engaged_2163.jpg,train,engaged,confused_4142.jpg,test,confused,4,4
engaged_2163.jpg,train,engaged,confused_4744.jpg,test,confused,3,6
engaged_2163.jpg,train,engaged,engaged_1806.jpg,test,engaged,1,0
engaged_2163.jpg,train,engaged,engaged_1860.jpg,test,engaged,1,0
engaged_2163.jpg,train,engaged,engaged_1916.jpg,test,engaged,1,0
engaged_2163.jpg,train,engaged,engaged_1925.jpg,test,engaged,1,0
engaged_2163.jpg,train,engaged,engaged_1982.jpg,test,engaged,1,0
engaged_2163.jpg,train,engaged,engaged_2048.jpg,test,engaged,1,0
engaged_2163.jpg,train,engaged,engaged_2073.jpg,test,engaged,0,0
engaged_2163.jpg,train,engaged,engaged_2081.jpg,test,engaged,0,0
engaged_2163.jpg,train,engaged,engaged_2092.jpg,test,engaged,0,0
engaged_2163.jpg,train,engaged,engaged_2106.jpg,test,engaged,0,0
engaged_2163.jpg,train,engaged,engaged_2111.jpg,test,engaged,0,0
engaged_2163.jpg,train,engaged,engaged_2116.jpg,test,engaged,0,0
engaged_2163.jpg,train,engaged,engaged_2125.jpg,test,engaged,0,0
engaged_2163.jpg,train,engaged,engaged_2156.jpg,test,engaged,0,0
engaged_2163.jpg,train,engaged,engaged_2181.jpg,test,engaged,0,0
engaged_2163.jpg,train,engaged,engaged_2191.jpg,test,engaged,0,0
engaged_2163.jpg,train,engaged,engaged_2198.jpg,test,engaged,0,0
engaged_2163.jpg,train,engaged,engaged_2203.jpg,test,engaged,0,0
engaged_2163.jpg,train,engaged,engaged_2214.jpg,test,engaged,0,0
engaged_2163.jpg,train,engaged,engaged_2216.jpg,test,engaged,0,0
engaged_2163.jpg,train,engaged,frustrated_9024.jpg,test,frustrated,3,6
engaged_2163.jpg,train,engaged,frustrated_9576.jpg,test,frustrated,3,6
engaged_2163.jpg,train,engaged,frustrated_9812.jpg,test,frustrated,3,6
engaged_2164.jpg,train,engaged,confused_4134.jpg,test,confused,4,6
engaged_2164.jpg,train,engaged,confused_4142.jpg,test,confused,4,4
engaged_2164.jpg,train,engaged,confused_4744.jpg,test,confused,3,6
engaged_2164.jpg,train,engaged,engaged_1806.jpg,test,engaged,1,0
engaged_2164.jpg,train,engaged,engaged_1860.jpg,test,engaged,1,0
engaged_2164.jpg,train,engaged,engaged_1916.jpg,test,engaged,1,0
engaged_2164.jpg,train,engaged,engaged_1925.jpg,test,engaged,1,0
engaged_2164.jpg,train,engaged,engaged_1982.jpg,test,engaged,1,0
engaged_2164.jpg,train,engaged,engaged_2048.jpg,test,engaged,1,0
engaged_2164.jpg,train,engaged,engaged_2073.jpg,test,engaged,0,0
engaged_2164.jpg,train,engaged,engaged_2081.jpg,test,engaged,0,0
engaged_2164.jpg,train,engaged,engaged_2092.jpg,test,engaged,0,0
engaged_2164.jpg,train,engaged,engaged_2106.jpg,test,engaged,0,0
engaged_2164.jpg,train,engaged,engaged_2111.jpg,test,engaged,0,0
engaged_2164.jpg,train,engaged,engaged_2116.jpg,test,engaged,0,0
engaged_2164.jpg,train,engaged,engaged_2125.jpg,test,engaged,0,0
engaged_2164.jpg,train,engaged,engaged_2156.jpg,test,engaged,0,0
engaged_2164.jpg,train,engaged,engaged_2181.jpg,test,engaged,0,0
engaged_2164.jpg,train,engaged,engaged_2191.jpg,test,engaged,0,0
engaged_2164.jpg,train,engaged,engaged_2198.jpg,test,engaged,0,0
engaged_2164.jpg,train,engaged,engaged_2203.jpg,test,engaged,0,0
engaged_2164.jpg,train,engaged,engaged_2214.jpg,test,engaged,0,0
engaged_2164.jpg,train,engaged,engaged_2216.jpg,test,engaged,0,0
engaged_2164.jpg,train,engaged,frustrated_9024.jpg,test,frustrated,3,6
engaged_2164.jpg,train,engaged,frustrated_9576.jpg,test,frustrated,3,6
engaged_2164.jpg,train,engaged,frustrated_9812.jpg,test,frustrated,3,6
engaged_2165.jpg,train,engaged,confused_4134.jpg,test,confused,4,6
engaged_2165.jpg,train,engaged,confused_4142.jpg,test,confused,4,4
engaged_2165.jpg,train,engaged,confused_4744.jpg,test,confused,3,6
engaged_2165.jpg,train,engaged,engaged_1806.jpg,test,engaged,1,0
engaged_2165.jpg,train,engaged,engaged_1860.jpg,test,engaged,1,0
engaged_2165.jpg,train,engaged,engaged_1916.jpg,test,engaged,1,0
engaged_2165.jpg,train,engaged,engaged_1925.jpg,test,engaged,1,0
engaged_2165.jpg,train,engaged,engaged_1982.jpg,test,engaged,1,0
engaged_2165.jpg,train,engaged,engaged_2048.jpg,test,engaged,1,0
engaged_2165.jpg,train,engaged,engaged_2073.jpg,test,engaged,0,0
engaged_2165.jpg,train,engaged,engaged_2081.jpg,test,engaged,0,0
engaged_2165.jpg,train,engaged,engaged_2092.jpg,test,engaged,0,0
engaged_2165.jpg,train,engaged,engaged_2106.jpg,test,engaged,0,0
engaged_2165.jpg,train,engaged,engaged_2111.jpg,test,engaged,0,0
engaged_2165.jpg,train,engaged,engaged_2116.jpg,test,engaged,0,0
engaged_2165.jpg,train,engaged,engaged_2125.jpg,test,engaged,0,0
engaged_2165.jpg,train,engaged,engaged_2156.jpg,test,engaged,0,0
engaged_2165.jpg,train,engaged,engaged_2181.jpg,test,engaged,0,0
engaged_2165.jpg,train,engaged,engaged_2191.jpg,test,engaged,0,0
engaged_2165.jpg,train,engaged,engaged_2198.jpg,test,engaged,0,0
engaged_2165.jpg,train,engaged,engaged_2203.jpg,test,engaged,0,0
engaged_2165.jpg,train,engaged,engaged_2214.jpg,test,engaged,0,0
engaged_2165.jpg,train,engaged,engaged_2216.jpg,test,engaged,0,0
engaged_2165.jpg,train,engaged,frustrated_9024.jpg,test,frustrated,3,6
engaged_2165.jpg,train,engaged,frustrated_9576.jpg,test,frustrated,3,6
engaged_2165.jpg,train,engaged,frustrated_9812.jpg,test,frustrated,3,6
engaged_2170.jpg,train,engaged,confused_4134.jpg,test,confused,4,6
engaged_2170.jpg,train,engaged,confused_4142.jpg,test,confused,4,4
engaged_2170.jpg,train,engaged,confused_4744.jpg,test,confused,3,6
engaged_2170.jpg,train,engaged,engaged_1806.jpg,test,engaged,1,0
engaged_2170.jpg,train,engaged,engaged_1860.jpg,test,engaged,1,0
engaged_2170.jpg,train,engaged,engaged_1916.jpg,test,engaged,1,0
engaged_2170.jpg,train,engaged,engaged_1925.jpg,test,engaged,1,0
engaged_2170.jpg,train,engaged,engaged_1982.jpg,test,engaged,1,0
engaged_2170.jpg,train,engaged,engaged_2048.jpg,test,engaged,1,0
engaged_2170.jpg,train,engaged,engaged_2073.jpg,test,engaged,0,0
engaged_2170.jpg,train,engaged,engaged_2081.jpg,test,engaged,0,0
engaged_2170.jpg,train,engaged,engaged_2092.jpg,test,engaged,0,0
engaged_2170.jpg,train,engaged,engaged_2106.jpg,test,engaged,0,0
engaged_2170.jpg,train,engaged,engaged_2111.jpg,test,engaged,0,0
engaged_2170.jpg,train,engaged,engaged_2116.jpg,test,engaged,0,0
engaged_2170.jpg,train,engaged,engaged_2125.jpg,test,engaged,0,0
engaged_2170.jpg,train,engaged,engaged_2156.jpg,test,engaged,0,0
engaged_2170.jpg,train,engaged,engaged_2181.jpg,test,engaged,0,0
engaged_2170.jpg,train,engaged,engaged_2191.jpg,test,engaged,0,0
engaged_2170.jpg,train,engaged,engaged_2198.jpg,test,engaged,0,0
engaged_2170.jpg,train,engaged,engaged_2203.jpg,test,engaged,0,0
engaged_2170.jpg,train,engaged,engaged_2214.jpg,test,engaged,0,0
engaged_2170.jpg,train,engaged,engaged_2216.jpg,test,engaged,0,0
engaged_2170.jpg,train,engaged,frustrated_9024.jpg,test,frustrated,3,6
engaged_2170.jpg,train,engaged,frustrated_9576.jpg,test,frustrated,3,6
engaged_2170.jpg,train,engaged,frustrated_9812.jpg,test,frustrated,3,6
engaged_2171.jpg,train,engaged,confused_4134.jpg,test,confused,4,6
engaged_2171.jpg,train,engaged,confused_4142.jpg,test,confused,4,4
engaged_2171.jpg,train,engaged,confused_4744.jpg,test,confused,3,6
engaged_2171.jpg,train,engaged,engaged_1806.jpg,test,engaged,1,0
engaged_2171.jpg,train,engaged,engaged_1860.jpg,test,engaged,1,0
engaged_2171.jpg,train,engaged,engaged_1916.jpg,test,engaged,1,0
engaged_2171.jpg,train,engaged,engaged_1925.jpg,test,engaged,1,0
engaged_2171.jpg,train,engaged,engaged_1982.jpg,test,engaged,1,0
engaged_2171.jpg,train,engaged,engaged_2048.jpg,test,engaged,1,0
engaged_2171.jpg,train,engaged,engaged_2073.jpg,test,engaged,0,0
engaged_2171.jpg,train,engaged,engaged_2081.jpg,test,engaged,0,0
engaged_2171.jpg,train,engaged,engaged_2092.jpg,test,engaged,0,0
engaged_2171.jpg,train,engaged,engaged_2106.jpg,test,engaged,0,0
engaged_2171.jpg,train,engaged,engaged_2111.jpg,test,engaged,0,0
engaged_2171.jpg,train,engaged,engaged_2116.jpg,test,engaged,0,0
engaged_2171.jpg,train,engaged,engaged_2125.jpg,test,engaged,0,0
engaged_2171.jpg,train,engaged,engaged_2156.jpg,test,engaged,0,0
engaged_2171.jpg,train,engaged,engaged_2181.jpg,test,engaged,0,0
engaged_2171.jpg,train,engaged,engaged_2191.jpg,test,engaged,0,0
engaged_2171.jpg,train,engaged,engaged_2198.jpg,test,engaged,0,0
engaged_2171.jpg,train,engaged,engaged_2203.jpg,test,engaged,0,0
engaged_2171.jpg,train,engaged,engaged_2214.jpg,test,engaged,0,0
engaged_2171.jpg,train,engaged,engaged_2216.jpg,test,engaged,0,0
engaged_2171.jpg,train,engaged,frustrated_9024.jpg,test,frustrated,3,6
engaged_2171.jpg,train,engaged,frustrated_9576.jpg,test,frustrated,3,6
engaged_2171.jpg,train,engaged,frustrated_9812.jpg,test,frustrated,3,6
engaged_2173.jpg,train,engaged,confused_4134.jpg,test,confused,4,6
engaged_2173.jpg,train,engaged,confused_4142.jpg,test,confused,4,4
engaged_2173.jpg,train,engaged,confused_4744.jpg,test,confused,3,6
engaged_2173.jpg,train,engaged,engaged_1806.jpg,test,engaged,1,0
engaged_2173.jpg,train,engaged,engaged_1860.jpg,test,engaged,1,0
engaged_2173.jpg,train,engaged,engaged_1916.jpg,test,engaged,1,0
engaged_2173.jpg,train,engaged,engaged_1925.jpg,test,engaged,1,0
engaged_2173.jpg,train,engaged,engaged_1982.jpg,test,engaged,1,0
engaged_2173.jpg,train,engaged,engaged_2048.jpg,test,engaged,1,0
engaged_2173.jpg,train,engaged,engaged_2073.jpg,test,engaged,0,0
engaged_2173.jpg,train,engaged,engaged_2081.jpg,test,engaged,0,0
engaged_2173.jpg,train,engaged,engaged_2092.jpg,test,engaged,0,0
engaged_2173.jpg,train,engaged,engaged_2106.jpg,test,engaged,0,0
engaged_2173.jpg,train,engaged,engaged_2111.jpg,test,engaged,0,0
engaged_2173.jpg,train,engaged,engaged_2116.jpg,test,engaged,0,0
engaged_2173.jpg,train,engaged,engaged_2125.jpg,test,engaged,0,0
engaged_2173.jpg,train,engaged,engaged_2156.jpg,test,engaged,0,0
engaged_2173.jpg,train,engaged,engaged_2181.jpg,test,engaged,0,0
engaged_2173.jpg,train,engaged,engaged_2191.jpg,test,engaged,0,0
engaged_2173.jpg,train,engaged,engaged_2198.jpg,test,engaged,0,0
engaged_2173.jpg,train,engaged,engaged_2203.jpg,test,engaged,0,0
engaged_2173.jpg,train,engaged,engaged_2214.jpg,test,engaged,0,0
engaged_2173.jpg,train,engaged,engaged_2216.jpg,test,engaged,0,0
engaged_2173.jpg,train,engaged,frustrated_9024.jpg,test,frustrated,3,6
engaged_2173.jpg,train,engaged,frustrated_9576.jpg,test,frustrated,3,6
engaged_2173.jpg,train,engaged,frustrated_9812.jpg,test,frustrated,3,6
engaged_2174.jpg,train,engaged,confused_4134.jpg,test,confused,4,6
engaged_2174.jpg,train,engaged,confused_4142.jpg,test,confused,4,4
engaged_2174.jpg,train,engaged,confused_4744.jpg,test,confused,3,6
engaged_2174.jpg,train,engaged,engaged_1806.jpg,test,engaged,1,0
engaged_2174.jpg,train,engaged,engaged_1860.jpg,test,engaged,1,0
engaged_2174.jpg,train,engaged,engaged_1916.jpg,test,engaged,1,0
engaged_2174.jpg,train,engaged,engaged_1925.jpg,test,engaged,1,0
engaged_2174.jpg,train,engaged,engaged_1982.jpg,test,engaged,1,0
engaged_2174.jpg,train,engaged,engaged_2048.jpg,test,engaged,1,0
engaged_2174.jpg,train,engaged,engaged_2073.jpg,test,engaged,0,0
engaged_2174.jpg,train,engaged,engaged_2081.jpg,test,engaged,0,0
engaged_2174.jpg,train,engaged,engaged_2092.jpg,test,engaged,0,0
engaged_2174.jpg,train,engaged,engaged_2106.jpg,test,engaged,0,0
engaged_2174.jpg,train,engaged,engaged_2111.jpg,test,engaged,0,0
engaged_2174.jpg,train,engaged,engaged_2116.jpg,test,engaged,0,0
engaged_2174.jpg,train,engaged,engaged_2125.jpg,test,engaged,0,0
engaged_2174.jpg,train,engaged,engaged_2156.jpg,test,engaged,0,0
engaged_2174.jpg,train,engaged,engaged_2181.jpg,test,engaged,0,0
engaged_2174.jpg,train,engaged,engaged_2191.jpg,test,engaged,0,0
engaged_2174.jpg,train,engaged,engaged_2198.jpg,test,engaged,0,0
engaged_2174.jpg,train,engaged,engaged_2203.jpg,test,engaged,0,0
engaged_2174.jpg,train,engaged,engaged_2214.jpg,test,engaged,0,0
engaged_2174.jpg,train,engaged,engaged_2216.jpg,test,engaged,0,0
engaged_2174.jpg,train,engaged,frustrated_9024.jpg,test,frustrated,3,6
engaged_2174.jpg,train,engaged,frustrated_9576.jpg,test,frustrated,3,6
engaged_2174.jpg,train,engaged,frustrated_9812.jpg,test,frustrated,3,6
engaged_2175.jpg,train,engaged,confused_4134.jpg,test,confused,4,6
engaged_2175.jpg,train,engaged,confused_4142.jpg,test,confused,4,4
engaged_2175.jpg,train,engaged,confused_4744.jpg,test,confused,3,6
engaged_2175.jpg,train,engaged,engaged_1806.jpg,test,engaged,1,0
engaged_2175.jpg,train,engaged,engaged_1860.jpg,test,engaged,1,0
engaged_2175.jpg,train,engaged,engaged_1916.jpg,test,engaged,1,0
engaged_2175.jpg,train,engaged,engaged_1925.jpg,test,engaged,1,0
engaged_2175.jpg,train,engaged,engaged_1982.jpg,test,engaged,1,0
engaged_2175.jpg,train,engaged,engaged_2048.jpg,test,engaged,1,0
engaged_2175.jpg,train,engaged,engaged_2073.jpg,test,engaged,0,0
engaged_2175.jpg,train,engaged,engaged_2081.jpg,test,engaged,0,0
engaged_2175.jpg,train,engaged,engaged_2092.jpg,test,engaged,0,0
engaged_2175.jpg,train,engaged,engaged_2106.jpg,test,engaged,0,0
engaged_2175.jpg,train,engaged,engaged_2111.jpg,test,engaged,0,0
engaged_2175.jpg,train,engaged,engaged_2116.jpg,test,engaged,0,0
engaged_2175.jpg,train,engaged,engaged_2125.jpg,test,engaged,0,0
engaged_2175.jpg,train,engaged,engaged_2156.jpg,test,engaged,0,0
engaged_2175.jpg,train,engaged,engaged_2181.jpg,test,engaged,0,0
engaged_2175.jpg,train,engaged,engaged_2191.jpg,test,engaged,0,0
engaged_2175.jpg,train,engaged,engaged_2198.jpg,test,engaged,0,0
engaged_2175.jpg,train,engaged,engaged_2203.jpg,test,engaged,0,0
engaged_2175.jpg,train,engaged,engaged_2214.jpg,test,engaged,0,0
engaged_2175.jpg,train,engaged,engaged_2216.jpg,test,engaged,0,0
engaged_2175.jpg,train,engaged,frustrated_9024.jpg,test,frustrated,3,6
engaged_2175.jpg,train,engaged,frustrated_9576.jpg,test,frustrated,3,6
engaged_2175.jpg,train,engaged,frustrated_9812.jpg,test,frustrated,3,6
engaged_2180.jpg,train,engaged,confused_4134.jpg,test,confused,4,6
engaged_2180.jpg,train,engaged,confused_4142.jpg,test,confused,4,4
engaged_2180.jpg,train,engaged,confused_4744.jpg,test,confused,3,6
engaged_2180.jpg,train,engaged,engaged_1806.jpg,test,engaged,1,0
engaged_2180.jpg,train,engaged,engaged_1860.jpg,test,engaged,1,0
engaged_2180.jpg,train,engaged,engaged_1916.jpg,test,engaged,1,0
engaged_2180.jpg,train,engaged,engaged_1925.jpg,test,engaged,1,0
engaged_2180.jpg,train,engaged,engaged_1982.jpg,test,engaged,1,0
engaged_2180.jpg,train,engaged,engaged_2048.jpg,test,engaged,1,0
engaged_2180.jpg,train,engaged,engaged_2073.jpg,test,engaged,0,0
engaged_2180.jpg,train,engaged,engaged_2081.jpg,test,engaged,0,0
engaged_2180.jpg,train,engaged,engaged_2092.jpg,test,engaged,0,0
engaged_2180.jpg,train,engaged,engaged_2106.jpg,test,engaged,0,0
engaged_2180.jpg,train,engaged,engaged_2111.jpg,test,engaged,0,0
engaged_2180.jpg,train,engaged,engaged_2116.jpg,test,engaged,0,0
engaged_2180.jpg,train,engaged,engaged_2125.jpg,test,engaged,0,0
engaged_2180.jpg,train,engaged,engaged_2156.jpg,test,engaged,0,0
engaged_2180.jpg,train,engaged,engaged_2181.jpg,test,engaged,0,0
engaged_2180.jpg,train,engaged,engaged_2191.jpg,test,engaged,0,0
engaged_2180.jpg,train,engaged,engaged_2198.jpg,test,engaged,0,0
engaged_2180.jpg,train,engaged,engaged_2203.jpg,test,engaged,0,0
engaged_2180.jpg,train,engaged,engaged_2214.jpg,test,engaged,0,0
engaged_2180.jpg,train,engaged,engaged_2216.jpg,test,engaged,0,0
engaged_2180.jpg,train,engaged,frustrated_9024.jpg,test,frustrated,3,6
engaged_2180.jpg,train,engaged,frustrated_9576.jpg,test,frustrated,3,6
engaged_2180.jpg,train,engaged,frustrated_9812.jpg,test,frustrated,3,6
engaged_2182.jpg,train,engaged,confused_4134.jpg,test,confused,4,6
engaged_2182.jpg,train,engaged,confused_4142.jpg,test,confused,4,4
engaged_2182.jpg,train,engaged,confused_4744.jpg,test,confused,3,6
engaged_2182.jpg,train,engaged,engaged_1806.jpg,test,engaged,1,0
engaged_2182.jpg,train,engaged,engaged_1860.jpg,test,engaged,1,0
engaged_2182.jpg,train,engaged,engaged_1916.jpg,test,engaged,1,0
engaged_2182.jpg,train,engaged,engaged_1925.jpg,test,engaged,1,0
engaged_2182.jpg,train,engaged,engaged_1982.jpg,test,engaged,1,0
engaged_2182.jpg,train,engaged,engaged_2048.jpg,test,engaged,1,0
engaged_2182.jpg,train,engaged,engaged_2073.jpg,test,engaged,0,0
engaged_2182.jpg,train,engaged,engaged_2081.jpg,test,engaged,0,0
engaged_2182.jpg,train,engaged,engaged_2092.jpg,test,engaged,0,0
engaged_2182.jpg,train,engaged,engaged_2106.jpg,test,engaged,0,0
engaged_2182.jpg,train,engaged,engaged_2111.jpg,test,engaged,0,0
engaged_2182.jpg,train,engaged,engaged_2116.jpg,test,engaged,0,0
engaged_2182.jpg,train,engaged,engaged_2125.jpg,test,engaged,0,0
engaged_2182.jpg,train,engaged,engaged_2156.jpg,test,engaged,0,0
engaged_2182.jpg,train,engaged,engaged_2181.jpg,test,engaged,0,0
engaged_2182.jpg,train,engaged,engaged_2191.jpg,test,engaged,0,0
engaged_2182.jpg,train,engaged,engaged_2198.jpg,test,engaged,0,0
engaged_2182.jpg,train,engaged,engaged_2203.jpg,test,engaged,0,0
engaged_2182.jpg,train,engaged,engaged_2214.jpg,test,engaged,0,0
engaged_2182.jpg,train,engaged,engaged_2216.jpg,test,engaged,0,0
engaged_2182.jpg,train,engaged,frustrated_9024.jpg,test,frustrated,3,6
engaged_2182.jpg,train,engaged,frustrated_9576.jpg,test,frustrated,3,6
engaged_2182.jpg,train,engaged,frustrated_9812.jpg,test,frustrated,3,6
engaged_2183.jpg,train,engaged,confused_4134.jpg,test,confused,4,6
engaged_2183.jpg,train,engaged,confused_4142.jpg,test,confused,4,4
engaged_2183.jpg,train,engaged,confused_4744.jpg,test,confused,3,6
engaged_2183.jpg,train,engaged,engaged_1806.jpg,test,engaged,1,0
engaged_2183.jpg,train,engaged,engaged_1860.jpg,test,engaged,1,0
engaged_2183.jpg,train,engaged,engaged_1916.jpg,test,engaged,1,0
engaged_2183.jpg,train,engaged,engaged_1925.jpg,test,engaged,1,0
engaged_2183.jpg,train,engaged,engaged_1982.jpg,test,engaged,1,0
engaged_2183.jpg,train,engaged,engaged_2048.jpg,test,engaged,1,0
engaged_2183.jpg,train,engaged,engaged_2073.jpg,test,engaged,0,0
engaged_2183.jpg,train,engaged,engaged_2081.jpg,test,engaged,0,0
engaged_2183.jpg,train,engaged,engaged_2092.jpg,test,engaged,0,0
engaged_2183.jpg,train,engaged,engaged_2106.jpg,test,engaged,0,0
engaged_2183.jpg,train,engaged,engaged_2111.jpg,test,engaged,0,0
engaged_2183.jpg,train,engaged,engaged_2116.jpg,test,engaged,0,0
engaged_2183.jpg,train,engaged,engaged_2125.jpg,test,engaged,0,0
engaged_2183.jpg,train,engaged,engaged_2156.jpg,test,engaged,0,0
engaged_2183.jpg,train,engaged,engaged_2181.jpg,test,engaged,0,0
engaged_2183.jpg,train,engaged,engaged_2191.jpg,test,engaged,0,0
engaged_2183.jpg,train,engaged,engaged_2198.jpg,test,engaged,0,0
engaged_2183.jpg,train,engaged,engaged_2203.jpg,test,engaged,0,0
engaged_2183.jpg,train,engaged,engaged_2214.jpg,test,engaged,0,0
engaged_2183.jpg,train,engaged,engaged_2216.jpg,test,engaged,0,0
engaged_2183.jpg,train,engaged,frustrated_9024.jpg,test,frustrated,3,6
engaged_2183.jpg,train,engaged,frustrated_9576.jpg,test,frustrated,3,6
engaged_2183.jpg,train,engaged,frustrated_9812.jpg,test,frustrated,3,6
engaged_2184.jpg,train,engaged,confused_4134.jpg,test,confused,4,6
engaged_2184.jpg,train,engaged,confused_4142.jpg,test,confused,4,4
engaged_2184.jpg,train,engaged,confused_4744.jpg,test,confused,3,6
engaged_2184.jpg,train,engaged,engaged_1806.jpg,test,engaged,1,0
engaged_2184.jpg,train,engaged,engaged_1860.jpg,test,engaged,1,0
engaged_2184.jpg,train,engaged,engaged_1916.jpg,test,engaged,1,0
engaged_2184.jpg,train,engaged,engaged_1925.jpg,test,engaged,1,0
engaged_2184.jpg,train,engaged,engaged_1982.jpg,test,engaged,1,0
engaged_2184.jpg,train,engaged,engaged_2048.jpg,test,engaged,1,0
engaged_2184.jpg,train,engaged,engaged_2073.jpg,test,engaged,0,0
engaged_2184.jpg,train,engaged,engaged_2081.jpg,test,engaged,0,0
engaged_2184.jpg,train,engaged,engaged_2092.jpg,test,engaged,0,0
engaged_2184.jpg,train,engaged,engaged_2106.jpg,test,engaged,0,0
engaged_2184.jpg,train,engaged,engaged_2111.jpg,test,engaged,0,0
engaged_2184.jpg,train,engaged,engaged_2116.jpg,test,engaged,0,0
engaged_2184.jpg,train,engaged,engaged_2125.jpg,test,engaged,0,0
engaged_2184.jpg,train,engaged,engaged_2156.jpg,test,engaged,0,0
engaged_2184.jpg,train,engaged,engaged_2181.jpg,test,engaged,0,0
engaged_2184.jpg,train,engaged,engaged_2191.jpg,test,engaged,0,0
engaged_2184.jpg,train,engaged,engaged_2198.jpg,test,engaged,0,0
engaged_2184.jpg,train,engaged,engaged_2203.jpg,test,engaged,0,0
engaged_2184.jpg,train,engaged,engaged_2214.jpg,test,engaged,0,0
engaged_2184.jpg,train,engaged,engaged_2216.jpg,test,engaged,0,0
engaged_2184.jpg,train,engaged,frustrated_9024.jpg,test,frustrated,3,6
engaged_2184.jpg,train,engaged,frustrated_9576.jpg,test,frustrated,3,6
engaged_2184.jpg,train,engaged,frustrated_9812.jpg,test,frustrated,3,6
engaged_2185.jpg,train,engaged,confused_4134.jpg,test,confused,4,6
engaged_2185.jpg,train,engaged,confused_4142.jpg,test,confused,4,4
engaged_2185.jpg,train,engaged,confused_4744.jpg,test,confused,3,6
engaged_2185.jpg,train,engaged,engaged_1806.jpg,test,engaged,1,0
engaged_2185.jpg,train,engaged,engaged_1860.jpg,test,engaged,1,0
engaged_2185.jpg,train,engaged,engaged_1916.jpg,test,engaged,1,0
engaged_2185.jpg,train,engaged,engaged_1925.jpg,test,engaged,1,0
engaged_2185.jpg,train,engaged,engaged_1982.jpg,test,engaged,1,0
engaged_2185.jpg,train,engaged,engaged_2048.jpg,test,engaged,1,0
engaged_2185.jpg,train,engaged,engaged_2073.jpg,test,engaged,0,0
engaged_2185.jpg,train,engaged,engaged_2081.jpg,test,engaged,0,0
engaged_2185.jpg,train,engaged,engaged_2092.jpg,test,engaged,0,0
engaged_2185.jpg,train,engaged,engaged_2106.jpg,test,engaged,0,0
engaged_2185.jpg,train,engaged,engaged_2111.jpg,test,engaged,0,0
engaged_2185.jpg,train,engaged,engaged_2116.jpg,test,engaged,0,0
engaged_2185.jpg,train,engaged,engaged_2125.jpg,test,engaged,0,0
engaged_2185.jpg,train,engaged,engaged_2156.jpg,test,engaged,0,0
engaged_2185.jpg,train,engaged,engaged_2181.jpg,test,engaged,0,0
engaged_2185.jpg,train,engaged,engaged_2191.jpg,test,engaged,0,0
engaged_2185.jpg,train,engaged,engaged_2198.jpg,test,engaged,0,0
engaged_2185.jpg,train,engaged,engaged_2203.jpg,test,engaged,0,0
engaged_2185.jpg,train,engaged,engaged_2214.jpg,test,engaged,0,0
engaged_2185.jpg,train,engaged,engaged_2216.jpg,test,engaged,0,0
engaged_2185.jpg,train,engaged,frustrated_9024.jpg,test,frustrated,3,6
engaged_2185.jpg,train,engaged,frustrated_9576.jpg,test,frustrated,3,6
engaged_2185.jpg,train,engaged,frustrated_9812.jpg,test,frustrated,3,6
engaged_2187.jpg,train,engaged,confused_4134.jpg,test,confused,4,6
engaged_2187.jpg,train,engaged,confused_4142.jpg,test,confused,4,4
engaged_2187.jpg,train,engaged,confused_4744.jpg,test,confused,3,6
engaged_2187.jpg,train,engaged,engaged_1806.jpg,test,engaged,1,0
engaged_2187.jpg,train,engaged,engaged_1860.jpg,test,engaged,1,0
engaged_2187.jpg,train,engaged,engaged_1916.jpg,test,engaged,1,0
engaged_2187.jpg,train,engaged,engaged_1925.jpg,test,engaged,1,0
engaged_2187.jpg,train,engaged,engaged_1982.jpg,test,engaged,1,0
engaged_2187.jpg,train,engaged,engaged_2048.jpg,test,engaged,1,0
engaged_2187.jpg,train,engaged,engaged_2073.jpg,test,engaged,0,0
engaged_2187.jpg,train,engaged,engaged_2081.jpg,test,engaged,0,0
engaged_2187.jpg,train,engaged,engaged_2092.jpg,test,engaged,0,0
engaged_2187.jpg,train,engaged,engaged_2106.jpg,test,engaged,0,0
engaged_2187.jpg,train,engaged,engaged_2111.jpg,test,engaged,0,0
engaged_2187.jpg,train,engaged,engaged_2116.jpg,test,engaged,0,0
engaged_2187.jpg,train,engaged,engaged_2125.jpg,test,engaged,0,0
engaged_2187.jpg,train,engaged,engaged_2156.jpg,test,engaged,0,0
engaged_2187.jpg,train,engaged,engaged_2181.jpg,test,engaged,0,0
engaged_2187.jpg,train,engaged,engaged_2191.jpg,test,engaged,0,0
engaged_2187.jpg,train,engaged,engaged_2198.jpg,test,engaged,0,0
engaged_2187.jpg,train,engaged,engaged_2203.jpg,test,engaged,0,0
engaged_2187.jpg,train,engaged,engaged_2214.jpg,test,engaged,0,0
engaged_2187.jpg,train,engaged,engaged_2216.jpg,test,engaged,0,0
engaged_2187.jpg,train,engaged,frustrated_9024.jpg,test,frustrated,3,6
engaged_2187.jpg,train,engaged,frustrated_9576.jpg,test,frustrated,3,6
engaged_2187.jpg,train,engaged,frustrated_9812.jpg,test,frustrated,3,6
engaged_2188.jpg,train,engaged,confused_4134.jpg,test,confused,4,6
engaged_2188.jpg,train,engaged,confused_4142.jpg,test,confused,4,4
engaged_2188.jpg,train,engaged,confused_4744.jpg,test,confused,3,6
engaged_2188.jpg,train,engaged,engaged_1806.jpg,test,engaged,1,0
engaged_2188.jpg,train,engaged,engaged_1860.jpg,test,engaged,1,0
engaged_2188.jpg,train,engaged,engaged_1916.jpg,test,engaged,1,0
engaged_2188.jpg,train,engaged,engaged_1925.jpg,test,engaged,1,0
engaged_2188.jpg,train,engaged,engaged_1982.jpg,test,engaged,1,0
engaged_2188.jpg,train,engaged,engaged_2048.jpg,test,engaged,1,0
engaged_2188.jpg,train,engaged,engaged_2073.jpg,test,engaged,0,0
engaged_2188.jpg,train,engaged,engaged_2081.jpg,test,engaged,0,0
engaged_2188.jpg,train,engaged,engaged_2092.jpg,test,engaged,0,0
engaged_2188.jpg,train,engaged,engaged_2106.jpg,test,engaged,0,0
engaged_2188.jpg,train,engaged,engaged_2111.jpg,test,engaged,0,0
engaged_2188.jpg,train,engaged,engaged_2116.jpg,test,engaged,0,0
engaged_2188.jpg,train,engaged,engaged_2125.jpg,test,engaged,0,0
engaged_2188.jpg,train,engaged,engaged_2156.jpg,test,engaged,0,0
engaged_2188.jpg,train,engaged,engaged_2181.jpg,test,engaged,0,0
engaged_2188.jpg,train,engaged,engaged_2191.jpg,test,engaged,0,0
engaged_2188.jpg,train,engaged,engaged_2198.jpg,test,engaged,0,0
engaged_2188.jpg,train,engaged,engaged_2203.jpg,test,engaged,0,0
engaged_2188.jpg,train,engaged,engaged_2214.jpg,test,engaged,0,0
engaged_2188.jpg,train,engaged,engaged_2216.jpg,test,engaged,0,0
engaged_2188.jpg,train,engaged,frustrated_9024.jpg,test,frustrated,3,6
engaged_2188.jpg,train,engaged,frustrated_9576.jpg,test,frustrated,3,6
engaged_2188.jpg,train,engaged,frustrated_9812.jpg,test,frustrated,3,6
engaged_2189.jpg,train,engaged,confused_4134.jpg,test,confused,4,6
engaged_2189.jpg,train,engaged,confused_4142.jpg,test,confused,4,4
engaged_2189.jpg,train,engaged,confused_4744.jpg,test,confused,3,6
engaged_2189.jpg,train,engaged,engaged_1806.jpg,test,engaged,1,0
engaged_2189.jpg,train,engaged,engaged_1860.jpg,test,engaged,1,0
engaged_2189.jpg,train,engaged,engaged_1916.jpg,test,engaged,1,0
engaged_2189.jpg,train,engaged,engaged_1925.jpg,test,engaged,1,0
engaged_2189.jpg,train,engaged,engaged_1982.jpg,test,engaged,1,0
engaged_2189.jpg,train,engaged,engaged_2048.jpg,test,engaged,1,0
engaged_2189.jpg,train,engaged,engaged_2073.jpg,test,engaged,0,0
engaged_2189.jpg,train,engaged,engaged_2081.jpg,test,engaged,0,0
engaged_2189.jpg,train,engaged,engaged_2092.jpg,test,engaged,0,0
engaged_2189.jpg,train,engaged,engaged_2106.jpg,test,engaged,0,0
engaged_2189.jpg,train,engaged,engaged_2111.jpg,test,engaged,0,0
engaged_2189.jpg,train,engaged,engaged_2116.jpg,test,engaged,0,0
engaged_2189.jpg,train,engaged,engaged_2125.jpg,test,engaged,0,0
engaged_2189.jpg,train,engaged,engaged_2156.jpg,test,engaged,0,0
engaged_2189.jpg,train,engaged,engaged_2181.jpg,test,engaged,0,0
engaged_2189.jpg,train,engaged,engaged_2191.jpg,test,engaged,0,0
engaged_2189.jpg,train,engaged,engaged_2198.jpg,test,engaged,0,0
engaged_2189.jpg,train,engaged,engaged_2203.jpg,test,engaged,0,0
engaged_2189.jpg,train,engaged,engaged_2214.jpg,test,engaged,0,0
engaged_2189.jpg,train,engaged,engaged_2216.jpg,test,engaged,0,0
engaged_2189.jpg,train,engaged,frustrated_9024.jpg,test,frustrated,3,6
engaged_2189.jpg,train,engaged,frustrated_9576.jpg,test,frustrated,3,6
engaged_2189.jpg,train,engaged,frustrated_9812.jpg,test,frustrated,3,6
engaged_2190.jpg,train,engaged,confused_4134.jpg,test,confused,4,6
engaged_2190.jpg,train,engaged,confused_4142.jpg,test,confused,4,4
engaged_2190.jpg,train,engaged,confused_4744.jpg,test,confused,3,6
engaged_2190.jpg,train,engaged,engaged_1806.jpg,test,engaged,1,0
engaged_2190.jpg,train,engaged,engaged_1860.jpg,test,engaged,1,0
engaged_2190.jpg,train,engaged,engaged_1916.jpg,test,engaged,1,0
engaged_2190.jpg,train,engaged,engaged_1925.jpg,test,engaged,1,0
engaged_2190.jpg,train,engaged,engaged_1982.jpg,test,engaged,1,0
engaged_2190.jpg,train,engaged,engaged_2048.jpg,test,engaged,1,0
engaged_2190.jpg,train,engaged,engaged_2073.jpg,test,engaged,0,0
engaged_2190.jpg,train,engaged,engaged_2081.jpg,test,engaged,0,0
engaged_2190.jpg,train,engaged,engaged_2092.jpg,test,engaged,0,0
engaged_2190.jpg,train,engaged,engaged_2106.jpg,test,engaged,0,0
engaged_2190.jpg,train,engaged,engaged_2111.jpg,test,engaged,0,0
engaged_2190.jpg,train,engaged,engaged_2116.jpg,test,engaged,0,0
engaged_2190.jpg,train,engaged,engaged_2125.jpg,test,engaged,0,0
engaged_2190.jpg,train,engaged,engaged_2156.jpg,test,engaged,0,0
engaged_2190.jpg,train,engaged,engaged_2181.jpg,test,engaged,0,0
engaged_2190.jpg,train,engaged,engaged_2191.jpg,test,engaged,0,0
engaged_2190.jpg,train,engaged,engaged_2198.jpg,test,engaged,0,0
engaged_2190.jpg,train,engaged,engaged_2203.jpg,test,engaged,0,0
engaged_2190.jpg,train,engaged,engaged_2214.jpg,test,engaged,0,0
engaged_2190.jpg,train,engaged,engaged_2216.jpg,test,engaged,0,0
engaged_2190.jpg,train,engaged,frustrated_9024.jpg,test,frustrated,3,6
engaged_2190.jpg,train,engaged,frustrated_9576.jpg,test,frustrated,3,6
engaged_2190.jpg,train,engaged,frustrated_9812.jpg,test,frustrated,3,6
engaged_2192.jpg,train,engaged,confused_4134.jpg,test,confused,4,6
engaged_2192.jpg,train,engaged,confused_4142.jpg,test,confused,4,4
engaged_2192.jpg,train,engaged,confused_4744.jpg,test,confused,3,6
engaged_2192.jpg,train,engaged,engaged_1806.jpg,test,engaged,1,0
engaged_2192.jpg,train,engaged,engaged_1860.jpg,test,engaged,1,0
engaged_2192.jpg,train,engaged,engaged_1916.jpg,test,engaged,1,0
engaged_2192.jpg,train,engaged,engaged_1925.jpg,test,engaged,1,0
engaged_2192.jpg,train,engaged,engaged_1982.jpg,test,engaged,1,0
engaged_2192.jpg,train,engaged,engaged_2048.jpg,test,engaged,1,0
engaged_2192.jpg,train,engaged,engaged_2073.jpg,test,engaged,0,0
engaged_2192.jpg,train,engaged,engaged_2081.jpg,test,engaged,0,0
engaged_2192.jpg,train,engaged,engaged_2092.jpg,test,engaged,0,0
engaged_2192.jpg,train,engaged,engaged_2106.jpg,test,engaged,0,0
engaged_2192.jpg,train,engaged,engaged_2111.jpg,test,engaged,0,0
engaged_2192.jpg,train,engaged,engaged_2116.jpg,test,engaged,0,0
engaged_2192.jpg,train,engaged,engaged_2125.jpg,test,engaged,0,0
engaged_2192.jpg,train,engaged,engaged_2156.jpg,test,engaged,0,0
engaged_2192.jpg,train,engaged,engaged_2181.jpg,test,engaged,0,0
engaged_2192.jpg,train,engaged,engaged_2191.jpg,test,engaged,0,0
engaged_2192.jpg,train,engaged,engaged_2198.jpg,test,engaged,0,0
engaged_2192.jpg,train,engaged,engaged_2203.jpg,test,engaged,0,0
engaged_2192.jpg,train,engaged,engaged_2214.jpg,test,engaged,0,0
engaged_2192.jpg,train,engaged,engaged_2216.jpg,test,engaged,0,0
engaged_2192.jpg,train,engaged,frustrated_9024.jpg,test,frustrated,3,6
engaged_2192.jpg,train,engaged,frustrated_9576.jpg,test,frustrated,3,6
engaged_2192.jpg,train,engaged,frustrated_9812.jpg,test,frustrated,3,6
engaged_2194.jpg,train,engaged,confused_4134.jpg,test,confused,4,6
engaged_2194.jpg,train,engaged,confused_4142.jpg,test,confused,4,4
engaged_2194.jpg,train,engaged,confused_4744.jpg,test,confused,3,6
engaged_2194.jpg,train,engaged,engaged_1806.jpg,test,engaged,1,0
engaged_2194.jpg,train,engaged,engaged_1860.jpg,test,engaged,1,0
engaged_2194.jpg,train,engaged,engaged_1916.jpg,test,engaged,1,0
engaged_2194.jpg,train,engaged,engaged_1925.jpg,test,engaged,1,0
engaged_2194.jpg,train,engaged,engaged_1982.jpg,test,engaged,1,0
engaged_2194.jpg,train,engaged,engaged_2048.jpg,test,engaged,1,0
engaged_2194.jpg,train,engaged,engaged_2073.jpg,test,engaged,0,0
engaged_2194.jpg,train,engaged,engaged_2081.jpg,test,engaged,0,0
engaged_2194.jpg,train,engaged,engaged_2092.jpg,test,engaged,0,0
engaged_2194.jpg,train,engaged,engaged_2106.jpg,test,engaged,0,0
engaged_2194.jpg,train,engaged,engaged_2111.jpg,test,engaged,0,0
engaged_2194.jpg,train,engaged,engaged_2116.jpg,test,engaged,0,0
engaged_2194.jpg,train,engaged,engaged_2125.jpg,test,engaged,0,0
engaged_2194.jpg,train,engaged,engaged_2156.jpg,test,engaged,0,0
engaged_2194.jpg,train,engaged,engaged_2181.jpg,test,engaged,0,0
engaged_2194.jpg,train,engaged,engaged_2191.jpg,test,engaged,0,0
engaged_2194.jpg,train,engaged,engaged_2198.jpg,test,engaged,0,0
engaged_2194.jpg,train,engaged,engaged_2203.jpg,test,engaged,0,0
engaged_2194.jpg,train,engaged,engaged_2214.jpg,test,engaged,0,0
engaged_2194.jpg,train,engaged,engaged_2216.jpg,test,engaged,0,0
engaged_2194.jpg,train,engaged,frustrated_9024.jpg,test,frustrated,3,6
engaged_2194.jpg,train,engaged,frustrated_9576.jpg,test,frustrated,3,6
engaged_2194.jpg,train,engaged,frustrated_9812.jpg,test,frustrated,3,6
engaged_2199.jpg,train,engaged,confused_4134.jpg,test,confused,4,6
engaged_2199.jpg,train,engaged,confused_4142.jpg,test,confused,4,4
engaged_2199.jpg,train,engaged,confused_4744.jpg,test,confused,3,6
engaged_2199.jpg,train,engaged,engaged_1806.jpg,test,engaged,1,0
engaged_2199.jpg,train,engaged,engaged_1860.jpg,test,engaged,1,0
engaged_2199.jpg,train,engaged,engaged_1916.jpg,test,engaged,1,0
engaged_2199.jpg,train,engaged,engaged_1925.jpg,test,engaged,1,0
engaged_2199.jpg,train,engaged,engaged_1982.jpg,test,engaged,1,0
engaged_2199.jpg,train,engaged,engaged_2048.jpg,test,engaged,1,0
engaged_2199.jpg,train,engaged,engaged_2073.jpg,test,engaged,0,0
engaged_2199.jpg,train,engaged,engaged_2081.jpg,test,engaged,0,0
engaged_2199.jpg,train,engaged,engaged_2092.jpg,test,engaged,0,0
engaged_2199.jpg,train,engaged,engaged_2106.jpg,test,engaged,0,0
engaged_2199.jpg,train,engaged,engaged_2111.jpg,test,engaged,0,0
engaged_2199.jpg,train,engaged,engaged_2116.jpg,test,engaged,0,0
engaged_2199.jpg,train,engaged,engaged_2125.jpg,test,engaged,0,0
engaged_2199.jpg,train,engaged,engaged_2156.jpg,test,engaged,0,0
engaged_2199.jpg,train,engaged,engaged_2181.jpg,test,engaged,0,0
engaged_2199.jpg,train,engaged,engaged_2191.jpg,test,engaged,0,0
engaged_2199.jpg,train,engaged,engaged_2198.jpg,test,engaged,0,0
engaged_2199.jpg,train,engaged,engaged_2203.jpg,test,engaged,0,0
engaged_2199.jpg,train,engaged,engaged_2214.jpg,test,engaged,0,0
engaged_2199.jpg,train,engaged,engaged_2216.jpg,test,engaged,0,0
engaged_2199.jpg,train,engaged,frustrated_9024.jpg,test,frustrated,3,6
engaged_2199.jpg,train,engaged,frustrated_9576.jpg,test,frustrated,3,6
engaged_2199.jpg,train,engaged,frustrated_9812.jpg,test,frustrated,3,6
engaged_2200.jpg,train,engaged,confused_4134.jpg,test,confused,4,6
engaged_2200.jpg,train,engaged,confused_4142.jpg,test,confused,4,4
engaged_2200.jpg,train,engaged,confused_4744.jpg,test,confused,3,6
engaged_2200.jpg,train,engaged,engaged_1806.jpg,test,engaged,1,0
engaged_2200.jpg,train,engaged,engaged_1860.jpg,test,engaged,1,0
engaged_2200.jpg,train,engaged,engaged_1916.jpg,test,engaged,1,0
engaged_2200.jpg,train,engaged,engaged_1925.jpg,test,engaged,1,0
engaged_2200.jpg,train,engaged,engaged_1982.jpg,test,engaged,1,0
engaged_2200.jpg,train,engaged,engaged_2048.jpg,test,engaged,1,0
engaged_2200.jpg,train,engaged,engaged_2073.jpg,test,engaged,0,0
engaged_2200.jpg,train,engaged,engaged_2081.jpg,test,engaged,0,0
engaged_2200.jpg,train,engaged,engaged_2092.jpg,test,engaged,0,0
engaged_2200.jpg,train,engaged,engaged_2106.jpg,test,engaged,0,0
engaged_2200.jpg,train,engaged,engaged_2111.jpg,test,engaged,0,0
engaged_2200.jpg,train,engaged,engaged_2116.jpg,test,engaged,0,0
engaged_2200.jpg,train,engaged,engaged_2125.jpg,test,engaged,0,0
engaged_2200.jpg,train,engaged,engaged_2156.jpg,test,engaged,0,0
engaged_2200.jpg,train,engaged,engaged_2181.jpg,test,engaged,0,0
engaged_2200.jpg,train,engaged,engaged_2191.jpg,test,engaged,0,0
engaged_2200.jpg,train,engaged,engaged_2198.jpg,test,engaged,0,0
engaged_2200.jpg,train,engaged,engaged_2203.jpg,test,engaged,0,0
engaged_2200.jpg,train,engaged,engaged_2214.jpg,test,engaged,0,0
engaged_2200.jpg,train,engaged,engaged_2216.jpg,test,engaged,0,0
engaged_2200.jpg,train,engaged,frustrated_9024.jpg,test,frustrated,3,6
engaged_2200.jpg,train,engaged,frustrated_9576.jpg,test,frustrated,3,6
engaged_2200.jpg,train,engaged,frustrated_9812.jpg,test,frustrated,3,6
engaged_2201.jpg,train,engaged,confused_4134.jpg,test,confused,4,6
engaged_2201.jpg,train,engaged,confused_4142.jpg,test,confused,4,4
engaged_2201.jpg,train,engaged,confused_4744.jpg,test,confused,3,6
engaged_2201.jpg,train,engaged,engaged_1806.jpg,test,engaged,1,0
engaged_2201.jpg,train,engaged,engaged_1860.jpg,test,engaged,1,0
engaged_2201.jpg,train,engaged,engaged_1916.jpg,test,engaged,1,0
engaged_2201.jpg,train,engaged,engaged_1925.jpg,test,engaged,1,0
engaged_2201.jpg,train,engaged,engaged_1982.jpg,test,engaged,1,0
engaged_2201.jpg,train,engaged,engaged_2048.jpg,test,engaged,1,0
engaged_2201.jpg,train,engaged,engaged_2073.jpg,test,engaged,0,0
engaged_2201.jpg,train,engaged,engaged_2081.jpg,test,engaged,0,0
engaged_2201.jpg,train,engaged,engaged_2092.jpg,test,engaged,0,0
engaged_2201.jpg,train,engaged,engaged_2106.jpg,test,engaged,0,0
engaged_2201.jpg,train,engaged,engaged_2111.jpg,test,engaged,0,0
engaged_2201.jpg,train,engaged,engaged_2116.jpg,test,engaged,0,0
engaged_2201.jpg,train,engaged,engaged_2125.jpg,test,engaged,0,0
engaged_2201.jpg,train,engaged,engaged_2156.jpg,test,engaged,0,0
engaged_2201.jpg,train,engaged,engaged_2181.jpg,test,engaged,0,0
engaged_2201.jpg,train,engaged,engaged_2191.jpg,test,engaged,0,0
engaged_2201.jpg,train,engaged,engaged_2198.jpg,test,engaged,0,0
engaged_2201.jpg,train,engaged,engaged_2203.jpg,test,engaged,0,0
engaged_2201.jpg,train,engaged,engaged_2214.jpg,test,engaged,0,0
engaged_2201.jpg,train,engaged,engaged_2216.jpg,test,engaged,0,0
engaged_2201.jpg,train,engaged,frustrated_9024.jpg,test,frustrated,3,6
engaged_2201.jpg,train,engaged,frustrated_9576.jpg,test,frustrated,3,6
engaged_2201.jpg,train,engaged,frustrated_9812.jpg,test,frustrated,3,6
engaged_2202.jpg,train,engaged,confused_4134.jpg,test,confused,4,6
engaged_2202.jpg,train,engaged,confused_4142.jpg,test,confused,4,4
engaged_2202.jpg,train,engaged,confused_4744.jpg,test,confused,3,6
engaged_2202.jpg,train,engaged,engaged_1806.jpg,test,engaged,1,0
engaged_2202.jpg,train,engaged,engaged_1860.jpg,test,engaged,1,0
engaged_2202.jpg,train,engaged,engaged_1916.jpg,test,engaged,1,0
engaged_2202.jpg,train,engaged,engaged_1925.jpg,test,engaged,1,0
engaged_2202.jpg,train,engaged,engaged_1982.jpg,test,engaged,1,0
engaged_2202.jpg,train,engaged,engaged_2048.jpg,test,engaged,1,0
engaged_2202.jpg,train,engaged,engaged_2073.jpg,test,engaged,0,0
engaged_2202.jpg,train,engaged,engaged_2081.jpg,test,engaged,0,0
engaged_2202.jpg,train,engaged,engaged_2092.jpg,test,engaged,0,0
engaged_2202.jpg,train,engaged,engaged_2106.jpg,test,engaged,0,0
engaged_2202.jpg,train,engaged,engaged_2111.jpg,test,engaged,0,0
engaged_2202.jpg,train,engaged,engaged_2116.jpg,test,engaged,0,0
engaged_2202.jpg,train,engaged,engaged_2125.jpg,test,engaged,0,0
engaged_2202.jpg,train,engaged,engaged_2156.jpg,test,engaged,0,0
engaged_2202.jpg,train,engaged,engaged_2181.jpg,test,engaged,0,0
engaged_2202.jpg,train,engaged,engaged_2191.jpg,test,engaged,0,0
engaged_2202.jpg,train,engaged,engaged_2198.jpg,test,engaged,0,0
engaged_2202.jpg,train,engaged,engaged_2203.jpg,test,engaged,0,0
engaged_2202.jpg,train,engaged,engaged_2214.jpg,test,engaged,0,0
engaged_2202.jpg,train,engaged,engaged_2216.jpg,test,engaged,0,0
engaged_2202.jpg,train,engaged,frustrated_9024.jpg,test,frustrated,3,6
engaged_2202.jpg,train,engaged,frustrated_9576.jpg,test,frustrated,3,6
engaged_2202.jpg,train,engaged,frustrated_9812.jpg,test,frustrated,3,6
engaged_2204.jpg,train,engaged,confused_4134.jpg,test,confused,4,6
engaged_2204.jpg,train,engaged,confused_4142.jpg,test,confused,4,4
engaged_2204.jpg,train,engaged,confused_4744.jpg,test,confused,3,6
engaged_2204.jpg,train,engaged,engaged_1806.jpg,test,engaged,1,0
engaged_2204.jpg,train,engaged,engaged_1860.jpg,test,engaged,1,0
engaged_2204.jpg,train,engaged,engaged_1916.jpg,test,engaged,1,0
engaged_2204.jpg,train,engaged,engaged_1925.jpg,test,engaged,1,0
engaged_2204.jpg,train,engaged,engaged_1982.jpg,test,engaged,1,0
engaged_2204.jpg,train,engaged,engaged_2048.jpg,test,engaged,1,0
engaged_2204.jpg,train,engaged,engaged_2073.jpg,test,engaged,0,0
engaged_2204.jpg,train,engaged,engaged_2081.jpg,test,engaged,0,0
engaged_2204.jpg,train,engaged,engaged_2092.jpg,test,engaged,0,0
engaged_2204.jpg,train,engaged,engaged_2106.jpg,test,engaged,0,0
engaged_2204.jpg,train,engaged,engaged_2111.jpg,test,engaged,0,0
engaged_2204.jpg,train,engaged,engaged_2116.jpg,test,engaged,0,0
engaged_2204.jpg,train,engaged,engaged_2125.jpg,test,engaged,0,0
engaged_2204.jpg,train,engaged,engaged_2156.jpg,test,engaged,0,0
engaged_2204.jpg,train,engaged,engaged_2181.jpg,test,engaged,0,0
engaged_2204.jpg,train,engaged,engaged_2191.jpg,test,engaged,0,0
engaged_2204.jpg,train,engaged,engaged_2198.jpg,test,engaged,0,0
engaged_2204.jpg,train,engaged,engaged_2203.jpg,test,engaged,0,0
engaged_2204.jpg,train,engaged,engaged_2214.jpg,test,engaged,0,0
engaged_2204.jpg,train,engaged,engaged_2216.jpg,test,engaged,0,0
engaged_2204.jpg,train,engaged,frustrated_9024.jpg,test,frustrated,3,6
engaged_2204.jpg,train,engaged,frustrated_9576.jpg,test,frustrated,3,6
engaged_2204.jpg,train,engaged,frustrated_9812.jpg,test,frustrated,3,6
engaged_2210.jpg,train,engaged,confused_4134.jpg,test,confused,4,6
engaged_2210.jpg,train,engaged,confused_4142.jpg,test,confused,4,4
engaged_2210.jpg,train,engaged,confused_4744.jpg,test,confused,3,6
engaged_2210.jpg,train,engaged,engaged_1806.jpg,test,engaged,1,0
engaged_2210.jpg,train,engaged,engaged_1860.jpg,test,engaged,1,0
engaged_2210.jpg,train,engaged,engaged_1916.jpg,test,engaged,1,0
engaged_2210.jpg,train,engaged,engaged_1925.jpg,test,engaged,1,0
engaged_2210.jpg,train,engaged,engaged_1982.jpg,test,engaged,1,0
engaged_2210.jpg,train,engaged,engaged_2048.jpg,test,engaged,1,0
engaged_2210.jpg,train,engaged,engaged_2073.jpg,test,engaged,0,0
engaged_2210.jpg,train,engaged,engaged_2081.jpg,test,engaged,0,0
engaged_2210.jpg,train,engaged,engaged_2092.jpg,test,engaged,0,0
engaged_2210.jpg,train,engaged,engaged_2106.jpg,test,engaged,0,0
engaged_2210.jpg,train,engaged,engaged_2111.jpg,test,engaged,0,0
engaged_2210.jpg,train,engaged,engaged_2116.jpg,test,engaged,0,0
engaged_2210.jpg,train,engaged,engaged_2125.jpg,test,engaged,0,0
engaged_2210.jpg,train,engaged,engaged_2156.jpg,test,engaged,0,0
engaged_2210.jpg,train,engaged,engaged_2181.jpg,test,engaged,0,0
engaged_2210.jpg,train,engaged,engaged_2191.jpg,test,engaged,0,0
engaged_2210.jpg,train,engaged,engaged_2198.jpg,test,engaged,0,0
engaged_2210.jpg,train,engaged,engaged_2203.jpg,test,engaged,0,0
engaged_2210.jpg,train,engaged,engaged_2214.jpg,test,engaged,0,0
engaged_2210.jpg,train,engaged,engaged_2216.jpg,test,engaged,0,0
engaged_2210.jpg,train,engaged,frustrated_9024.jpg,test,frustrated,3,6
engaged_2210.jpg,train,engaged,frustrated_9576.jpg,test,frustrated,3,6
engaged_2210.jpg,train,engaged,frustrated_9812.jpg,test,frustrated,3,6
engaged_2211.jpg,train,engaged,confused_4134.jpg,test,confused,4,6
engaged_2211.jpg,train,engaged,confused_4142.jpg,test,confused,4,4
engaged_2211.jpg,train,engaged,confused_4744.jpg,test,confused,3,6
engaged_2211.jpg,train,engaged,engaged_1806.jpg,test,engaged,1,0
engaged_2211.jpg,train,engaged,engaged_1860.jpg,test,engaged,1,0
engaged_2211.jpg,train,engaged,engaged_1916.jpg,test,engaged,1,0
engaged_2211.jpg,train,engaged,engaged_1925.jpg,test,engaged,1,0
engaged_2211.jpg,train,engaged,engaged_1982.jpg,test,engaged,1,0
engaged_2211.jpg,train,engaged,engaged_2048.jpg,test,engaged,1,0
engaged_2211.jpg,train,engaged,engaged_2073.jpg,test,engaged,0,0
engaged_2211.jpg,train,engaged,engaged_2081.jpg,test,engaged,0,0
engaged_2211.jpg,train,engaged,engaged_2092.jpg,test,engaged,0,0
engaged_2211.jpg,train,engaged,engaged_2106.jpg,test,engaged,0,0
engaged_2211.jpg,train,engaged,engaged_2111.jpg,test,engaged,0,0
engaged_2211.jpg,train,engaged,engaged_2116.jpg,test,engaged,0,0
engaged_2211.jpg,train,engaged,engaged_2125.jpg,test,engaged,0,0
engaged_2211.jpg,train,engaged,engaged_2156.jpg,test,engaged,0,0
engaged_2211.jpg,train,engaged,engaged_2181.jpg,test,engaged,0,0
engaged_2211.jpg,train,engaged,engaged_2191.jpg,test,engaged,0,0
engaged_2211.jpg,train,engaged,engaged_2198.jpg,test,engaged,0,0
engaged_2211.jpg,train,engaged,engaged_2203.jpg,test,engaged,0,0
engaged_2211.jpg,train,engaged,engaged_2214.jpg,test,engaged,0,0
engaged_2211.jpg,train,engaged,engaged_2216.jpg,test,engaged,0,0
engaged_2211.jpg,train,engaged,frustrated_9024.jpg,test,frustrated,3,6
engaged_2211.jpg,train,engaged,frustrated_9576.jpg,test,frustrated,3,6
engaged_2211.jpg,train,engaged,frustrated_9812.jpg,test,frustrated,3,6
engaged_2212.jpg,train,engaged,confused_4134.jpg,test,confused,4,6
engaged_2212.jpg,train,engaged,confused_4142.jpg,test,confused,4,4
engaged_2212.jpg,train,engaged,confused_4744.jpg,test,confused,3,6
engaged_2212.jpg,train,engaged,engaged_1806.jpg,test,engaged,1,0
engaged_2212.jpg,train,engaged,engaged_1860.jpg,test,engaged,1,0
engaged_2212.jpg,train,engaged,engaged_1916.jpg,test,engaged,1,0
engaged_2212.jpg,train,engaged,engaged_1925.jpg,test,engaged,1,0
engaged_2212.jpg,train,engaged,engaged_1982.jpg,test,engaged,1,0
engaged_2212.jpg,train,engaged,engaged_2048.jpg,test,engaged,1,0
engaged_2212.jpg,train,engaged,engaged_2073.jpg,test,engaged,0,0
engaged_2212.jpg,train,engaged,engaged_2081.jpg,test,engaged,0,0
engaged_2212.jpg,train,engaged,engaged_2092.jpg,test,engaged,0,0
engaged_2212.jpg,train,engaged,engaged_2106.jpg,test,engaged,0,0
engaged_2212.jpg,train,engaged,engaged_2111.jpg,test,engaged,0,0
engaged_2212.jpg,train,engaged,engaged_2116.jpg,test,engaged,0,0
engaged_2212.jpg,train,engaged,engaged_2125.jpg,test,engaged,0,0
engaged_2212.jpg,train,engaged,engaged_2156.jpg,test,engaged,0,0
engaged_2212.jpg,train,engaged,engaged_2181.jpg,test,engaged,0,0
engaged_2212.jpg,train,engaged,engaged_2191.jpg,test,engaged,0,0
engaged_2212.jpg,train,engaged,engaged_2198.jpg,test,engaged,0,0
engaged_2212.jpg,train,engaged,engaged_2203.jpg,test,engaged,0,0
engaged_2212.jpg,train,engaged,engaged_2214.jpg,test,engaged,0,0
engaged_2212.jpg,train,engaged,engaged_2216.jpg,test,engaged,0,0
engaged_2212.jpg,train,engaged,frustrated_9024.jpg,test,frustrated,3,6
engaged_2212.jpg,train,engaged,frustrated_9576.jpg,test,frustrated,3,6
engaged_2212.jpg,train,engaged,frustrated_9812.jpg,test,frustrated,3,6
engaged_2215.jpg,train,engaged,confused_4134.jpg,test,confused,4,6
engaged_2215.jpg,train,engaged,confused_4142.jpg,test,confused,4,4
engaged_2215.jpg,train,engaged,confused_4744.jpg,test,confused,3,6
engaged_2215.jpg,train,engaged,engaged_1806.jpg,test,engaged,1,0
engaged_2215.jpg,train,engaged,engaged_1860.jpg,test,engaged,1,0
engaged_2215.jpg,train,engaged,engaged_1916.jpg,test,engaged,1,0
engaged_2215.jpg,train,engaged,engaged_1925.jpg,test,engaged,1,0
engaged_2215.jpg,train,engaged,engaged_1982.jpg,test,engaged,1,0
engaged_2215.jpg,train,engaged,engaged_2048.jpg,test,engaged,1,0
engaged_2215.jpg,train,engaged,engaged_2073.jpg,test,engaged,0,0
engaged_2215.jpg,train,engaged,engaged_2081.jpg,test,engaged,0,0
engaged_2215.jpg,train,engaged,engaged_2092.jpg,test,engaged,0,0
engaged_2215.jpg,train,engaged,engaged_2106.jpg,test,engaged,0,0
engaged_2215.jpg,train,engaged,engaged_2111.jpg,test,engaged,0,0
engaged_2215.jpg,train,engaged,engaged_2116.jpg,test,engaged,0,0
engaged_2215.jpg,train,engaged,engaged_2125.jpg,test,engaged,0,0
engaged_2215.jpg,train,engaged,engaged_2156.jpg,test,engaged,0,0
engaged_2215.jpg,train,engaged,engaged_2181.jpg,test,engaged,0,0
engaged_2215.jpg,train,engaged,engaged_2191.jpg,test,engaged,0,0
engaged_2215.jpg,train,engaged,engaged_2198.jpg,test,engaged,0,0
engaged_2215.jpg,train,engaged,engaged_2203.jpg,test,engaged,0,0
engaged_2215.jpg,train,engaged,engaged_2214.jpg,test,engaged,0,0
engaged_2215.jpg,train,engaged,engaged_2216.jpg,test,engaged,0,0
engaged_2215.jpg,train,engaged,frustrated_9024.jpg,test,frustrated,3,6
engaged_2215.jpg,train,engaged,frustrated_9576.jpg,test,frustrated,3,6
engaged_2215.jpg,train,engaged,frustrated_9812.jpg,test,frustrated,3,6
engaged_2537.jpg,train,engaged,confused_2728.jpg,test,confused,3,6
engaged_2559.jpg,train,engaged,confused_2728.jpg,test,confused,2,4
engaged_2594.jpg,train,engaged,confused_2728.jpg,test,confused,2,4
engaged_3416.jpg,train,engaged,engaged_1699.jpg,test,engaged,2,4
engaged_3416.jpg,train,engaged,engaged_3441.jpg,test,engaged,0,0
engaged_357.jpg,train,engaged,engaged_419.jpg,test,engaged,0,0
engaged_357.jpg,train,engaged,engaged_465.jpg,test,engaged,0,2
engaged_357.jpg,train,engaged,engaged_683.jpg,test,engaged,5,4
engaged_362.jpg,train,engaged,engaged_144.jpg,test,engaged,2,2
engaged_362.jpg,train,engaged,engaged_212.jpg,test,engaged,3,2
engaged_372.jpg,train,engaged,engaged_419.jpg,test,engaged,0,0
engaged_372.jpg,train,engaged,engaged_465.jpg,test,engaged,0,2
engaged_372.jpg,train,engaged,engaged_683.jpg,test,engaged,5,4
engaged_375.jpg,train,engaged,engaged_419.jpg,test,engaged,0,0
engaged_375.jpg,train,engaged,engaged_465.jpg,test,engaged,0,2
engaged_375.jpg,train,engaged,engaged_683.jpg,test,engaged,5,4
engaged_379.jpg,train,engaged,engaged_419.jpg,test,engaged,0,0
engaged_379.jpg,train,engaged,engaged_465.jpg,test,engaged,0,2
engaged_379.jpg,train,engaged,engaged_683.jpg,test,engaged,5,4
engaged_382.jpg,train,engaged,engaged_419.jpg,test,engaged,0,0
engaged_382.jpg,train,engaged,engaged_465.jpg,test,engaged,0,2
engaged_382.jpg,train,engaged,engaged_683.jpg,test,engaged,5,4
engaged_423.jpg,train,engaged,engaged_419.jpg,test,engaged,0,0
engaged_423.jpg,train,engaged,engaged_465.jpg,test,engaged,0,2
engaged_423.jpg,train,engaged,engaged_683.jpg,test,engaged,5,4
engaged_453.jpg,train,engaged,engaged_419.jpg,test,engaged,0,2
engaged_453.jpg,train,engaged,engaged_465.jpg,test,engaged,0,0
engaged_453.jpg,train,engaged,engaged_683.jpg,test,engaged,5,4
engaged_455.jpg,train,engaged,engaged_419.jpg,test,engaged,0,2
engaged_455.jpg,train,engaged,engaged_465.jpg,test,engaged,0,0
engaged_455.jpg,train,engaged,engaged_683.jpg,test,engaged,5,4
engaged_457.jpg,train,engaged,engaged_419.jpg,test,engaged,0,2
engaged_457.jpg,train,engaged,engaged_465.jpg,test,engaged,0,0
engaged_457.jpg,train,engaged,engaged_683.jpg,test,engaged,5,4
engaged_458.jpg,train,engaged,engaged_419.jpg,test,engaged,0,2
engaged_458.jpg,train,engaged,engaged_465.jpg,test,engaged,0,0
engaged_458.jpg,train,engaged,engaged_683.jpg,test,engaged,5,4
engaged_459.jpg,train,engaged,engaged_419.jpg,test,engaged,0,2
engaged_459.jpg,train,engaged,engaged_465.jpg,test,engaged,0,0
engaged_459.jpg,train,engaged,engaged_683.jpg,test,engaged,5,4
engaged_460.jpg,train,engaged,engaged_419.jpg,test,engaged,0,2
engaged_460.jpg,train,engaged,engaged_465.jpg,test,engaged,0,0
engaged_460.jpg,train,engaged,engaged_683.jpg,test,engaged,5,4
engaged_462.jpg,train,engaged,engaged_419.jpg,test,engaged,0,2
engaged_462.jpg,train,engaged,engaged_465.jpg,test,engaged,0,0
engaged_462.jpg,train,engaged,engaged_683.jpg,test,engaged,5,4
engaged_463.jpg,train,engaged,engaged_419.jpg,test,engaged,0,2
engaged_463.jpg,train,engaged,engaged_465.jpg,test,engaged,0,0
engaged_463.jpg,train,engaged,engaged_683.jpg,test,engaged,5,4
engaged_464.jpg,train,engaged,engaged_419.jpg,test,engaged,0,2
engaged_464.jpg,train,engaged,engaged_465.jpg,test,engaged,0,0
engaged_464.jpg,train,engaged,engaged_683.jpg,test,engaged,5,4
engaged_493.jpg,train,engaged,engaged_539.jpg,test,engaged,2,2
engaged_497.jpg,train,engaged,engaged_539.jpg,test,engaged,2,2
engaged_508.jpg,train,engaged,engaged_419.jpg,test,engaged,0,0
engaged_508.jpg,train,engaged,engaged_465.jpg,test,engaged,0,2
engaged_508.jpg,train,engaged,engaged_683.jpg,test,engaged,5,4
engaged_510.jpg,train,engaged,engaged_419.jpg,test,engaged,0,0
engaged_510.jpg,train,engaged,engaged_465.jpg,test,engaged,0,2
engaged_510.jpg,train,engaged,engaged_683.jpg,test,engaged,5,4
engaged_543.jpg,train,engaged,engaged_539.jpg,test,engaged,1,0
engaged_579.jpg,train,engaged,engaged_683.jpg,test,engaged,2,4
engaged_582.jpg,train,engaged,engaged_683.jpg,test,engaged,2,4
engaged_585.jpg,train,engaged,engaged_539.jpg,test,engaged,0,0
engaged_589.jpg,train,engaged,engaged_683.jpg,test,engaged,2,6
engaged_592.jpg,train,engaged,engaged_683.jpg,test,engaged,2,6
engaged_615.jpg,train,engaged,engaged_683.jpg,test,engaged,2,4
engaged_622.jpg,train,engaged,engaged_683.jpg,test,engaged,2,6
engaged_625.jpg,train,engaged,engaged_683.jpg,test,engaged,2,6
engaged_643.jpg,train,engaged,engaged_683.jpg,test,engaged,2,6
engaged_643.jpg,train,engaged,frustrated_2824.jpg,test,frustrated,3,6
engaged_650.jpg,train,engaged,engaged_654.jpg,test,engaged,4,0
engaged_658.jpg,train,engaged,engaged_654.jpg,test,engaged,2,2
engaged_667.jpg,train,engaged,engaged_654.jpg,test,engaged,4,0
engaged_671.jpg,train,engaged,frustrated_2824.jpg,test,frustrated,2,6
engaged_675.jpg,train,engaged,engaged_683.jpg,test,engaged,3,6
engaged_679.jpg,train,engaged,engaged_683.jpg,test,engaged,2,2
engaged_686.jpg,train,engaged,engaged_419.jpg,test,engaged,3,2
engaged_686.jpg,train,engaged,engaged_465.jpg,test,engaged,3,2
engaged_686.jpg,train,engaged,engaged_683.jpg,test,engaged,2,2
engaged_690.jpg,train,engaged,engaged_419.jpg,test,engaged,4,4
engaged_690.jpg,train,engaged,engaged_465.jpg,test,engaged,4,4
engaged_690.jpg,train,engaged,engaged_683.jpg,test,engaged,5,4
engaged_911.jpg,train,engaged,engaged_1056.jpg,test,engaged,3,0
engaged_911.jpg,train,engaged,engaged_1333.jpg,test,engaged,2,0
engaged_911.jpg,train,engaged,engaged_1378.jpg,test,engaged,2,2
engaged_911.jpg,train,engaged,engaged_752.jpg,test,engaged,0,2
frustrated_14527.jpg,train,frustrated,frustrated_14536.jpg,test,frustrated,0,0
frustrated_14531.jpg,train,frustrated,frustrated_14536.jpg,test,frustrated,0,0
frustrated_14541.jpg,train,frustrated,frustrated_14536.jpg,test,frustrated,1,0
frustrated_14545.jpg,train,frustrated,frustrated_14536.jpg,test,frustrated,0,0
frustrated_2542.jpg,train,frustrated,frustrated_2824.jpg,test,frustrated,0,6
frustrated_2545.jpg,train,frustrated,frustrated_2824.jpg,test,frustrated,0,6
frustrated_2549.jpg,train,frustrated,frustrated_2824.jpg,test,frustrated,0,6
frustrated_2553.jpg,train,frustrated,confused_3271.jpg,test,confused,2,6
frustrated_2553.jpg,train,frustrated,frustrated_2796.jpg,test,frustrated,5,6
frustrated_2553.jpg,train,frustrated,frustrated_2824.jpg,test,frustrated,0,4
frustrated_2563.jpg,train,frustrated,frustrated_2540.jpg,test,frustrated,2,4
frustrated_2655.jpg,train,frustrated,engaged_419.jpg,test,engaged,5,6
frustrated_2655.jpg,train,frustrated,engaged_465.jpg,test,engaged,5,4
frustrated_2655.jpg,train,frustrated,engaged_683.jpg,test,engaged,2,6
frustrated_2660.jpg,train,frustrated,engaged_419.jpg,test,engaged,5,6
frustrated_2660.jpg,train,frustrated,engaged_465.jpg,test,engaged,5,4
frustrated_2660.jpg,train,frustrated,engaged_683.jpg,test,engaged,2,6
frustrated_2665.jpg,train,frustrated,engaged_419.jpg,test,engaged,5,6
frustrated_2665.jpg,train,frustrated,engaged_465.jpg,test,engaged,5,4
frustrated_2665.jpg,train,frustrated,engaged_683.jpg,test,engaged,2,6
frustrated_2670.jpg,train,frustrated,engaged_419.jpg,test,engaged,5,6
frustrated_2670.jpg,train,frustrated,engaged_465.jpg,test,engaged,5,6
frustrated_2709.jpg,train,frustrated,engaged_419.jpg,test,engaged,5,6
frustrated_2709.jpg,train,frustrated,engaged_465.jpg,test,engaged,5,6
frustrated_2709.jpg,train,frustrated,frustrated_2824.jpg,test,frustrated,3,6
frustrated_2713.jpg,train,frustrated,engaged_419.jpg,test,engaged,5,6
frustrated_2713.jpg,train,frustrated,engaged_465.jpg,test,engaged,5,6
frustrated_2713.jpg,train,frustrated,frustrated_2824.jpg,test,frustrated,3,6
frustrated_2718.jpg,train,frustrated,engaged_419.jpg,test,engaged,5,6
frustrated_2718.jpg,train,frustrated,engaged_465.jpg,test,engaged,5,6
frustrated_2718.jpg,train,frustrated,frustrated_2824.jpg,test,frustrated,3,6
frustrated_2799.jpg,train,frustrated,frustrated_2796.jpg,test,frustrated,0,6
frustrated_2803.jpg,train,frustrated,engaged_683.jpg,test,engaged,2,6
frustrated_2803.jpg,train,frustrated,frustrated_2824.jpg,test,frustrated,3,6
frustrated_2811.jpg,train,frustrated,frustrated_2824.jpg,test,frustrated,4,6
frustrated_2829.jpg,train,frustrated,frustrated_2824.jpg,test,frustrated,1,4
frustrated_2833.jpg,train,frustrated,frustrated_2824.jpg,test,frustrated,1,6
frustrated_2837.jpg,train,frustrated,frustrated_2824.jpg,test,frustrated,1,4
frustrated_2843.jpg,train,frustrated,frustrated_2824.jpg,test,frustrated,0,4
frustrated_2846.jpg,train,frustrated,frustrated_2824.jpg,test,frustrated,0,6
frustrated_2851.jpg,train,frustrated,frustrated_2824.jpg,test,frustrated,0,6
frustrated_2857.jpg,train,frustrated,frustrated_2824.jpg,test,frustrated,0,0
frustrated_2893.jpg,train,frustrated,frustrated_2890.jpg,test,frustrated,0,0
frustrated_2893.jpg,train,frustrated,frustrated_2946.jpg,test,frustrated,4,4
frustrated_2893.jpg,train,frustrated,frustrated_3111.jpg,test,frustrated,2,6
frustrated_2902.jpg,train,frustrated,frustrated_2890.jpg,test,frustrated,1,0
frustrated_2902.jpg,train,frustrated,frustrated_2946.jpg,test,frustrated,5,4
frustrated_2902.jpg,train,frustrated,frustrated_3111.jpg,test,frustrated,3,6
frustrated_2906.jpg,train,frustrated,frustrated_2890.jpg,test,frustrated,1,0
frustrated_2906.jpg,train,frustrated,frustrated_2946.jpg,test,frustrated,5,4
frustrated_2906.jpg,train,frustrated,frustrated_3111.jpg,test,frustrated,3,6
frustrated_2909.jpg,train,frustrated,frustrated_2890.jpg,test,frustrated,1,0
frustrated_2909.jpg,train,frustrated,frustrated_2946.jpg,test,frustrated,5,4
frustrated_2909.jpg,train,frustrated,frustrated_3111.jpg,test,frustrated,3,6
frustrated_2911.jpg,train,frustrated,frustrated_2890.jpg,test,frustrated,0,0
frustrated_2911.jpg,train,frustrated,frustrated_2946.jpg,test,frustrated,4,4
frustrated_2911.jpg,train,frustrated,frustrated_3111.jpg,test,frustrated,2,6
frustrated_2925.jpg,train,frustrated,frustrated_2890.jpg,test,frustrated,0,0
frustrated_2925.jpg,train,frustrated,frustrated_2946.jpg,test,frustrated,4,4
frustrated_2925.jpg,train,frustrated,frustrated_3111.jpg,test,frustrated,2,6
frustrated_2926.jpg,train,frustrated,frustrated_2890.jpg,test,frustrated,0,0
frustrated_2926.jpg,train,frustrated,frustrated_2946.jpg,test,frustrated,4,4
frustrated_2926.jpg,train,frustrated,frustrated_3111.jpg,test,frustrated,2,6
frustrated_2928.jpg,train,frustrated,frustrated_2890.jpg,test,frustrated,0,0
frustrated_2928.jpg,train,frustrated,frustrated_2946.jpg,test,frustrated,4,4
frustrated_2928.jpg,train,frustrated,frustrated_3111.jpg,test,frustrated,2,6
frustrated_2930.jpg,train,frustrated,frustrated_2890.jpg,test,frustrated,0,0
frustrated_2930.jpg,train,frustrated,frustrated_2946.jpg,test,frustrated,4,4
frustrated_2930.jpg,train,frustrated,frustrated_3111.jpg,test,frustrated,2,6
frustrated_2949.jpg,train,frustrated,frustrated_2946.jpg,test,frustrated,2,2
frustrated_2949.jpg,train,frustrated,frustrated_3111.jpg,test,frustrated,4,4
frustrated_2956.jpg,train,frustrated,frustrated_2946.jpg,test,frustrated,2,4
frustrated_2956.jpg,train,frustrated,frustrated_3111.jpg,test,frustrated,4,6
frustrated_2964.jpg,train,frustrated,frustrated_2946.jpg,test,frustrated,2,4
frustrated_2964.jpg,train,frustrated,frustrated_3111.jpg,test,frustrated,4,6
frustrated_2967.jpg,train,frustrated,frustrated_2946.jpg,test,frustrated,2,4
frustrated_2967.jpg,train,frustrated,frustrated_3111.jpg,test,frustrated,4,6
frustrated_2970.jpg,train,frustrated,frustrated_2946.jpg,test,frustrated,2,4
frustrated_2970.jpg,train,frustrated,frustrated_3111.jpg,test,frustrated,4,6
frustrated_2974.jpg,train,frustrated,frustrated_2946.jpg,test,frustrated,2,4
frustrated_2974.jpg,train,frustrated,frustrated_3111.jpg,test,frustrated,4,6
frustrated_2979.jpg,train,frustrated,frustrated_2890.jpg,test,frustrated,5,6
frustrated_2979.jpg,train,frustrated,frustrated_2946.jpg,test,frustrated,3,4
frustrated_2979.jpg,train,frustrated,frustrated_3111.jpg,test,frustrated,3,6
frustrated_2985.jpg,train,frustrated,frustrated_2890.jpg,test,frustrated,3,4
frustrated_2985.jpg,train,frustrated,frustrated_2946.jpg,test,frustrated,1,2
frustrated_2985.jpg,train,frustrated,frustrated_3111.jpg,test,frustrated,1,4
frustrated_2996.jpg,train,frustrated,frustrated_2890.jpg,test,frustrated,3,4
frustrated_2996.jpg,train,frustrated,frustrated_2946.jpg,test,frustrated,1,0
frustrated_2996.jpg,train,frustrated,frustrated_3111.jpg,test,frustrated,1,2
frustrated_3002.jpg,train,frustrated,frustrated_2890.jpg,test,frustrated,3,4
frustrated_3002.jpg,train,frustrated,frustrated_2946.jpg,test,frustrated,1,0
frustrated_3002.jpg,train,frustrated,frustrated_3111.jpg,test,frustrated,1,2
frustrated_3005.jpg,train,frustrated,frustrated_2890.jpg,test,frustrated,3,6
frustrated_3005.jpg,train,frustrated,frustrated_2946.jpg,test,frustrated,1,2
frustrated_3005.jpg,train,frustrated,frustrated_3111.jpg,test,frustrated,1,4
frustrated_3021.jpg,train,frustrated,frustrated_2890.jpg,test,frustrated,3,4
frustrated_3021.jpg,train,frustrated,frustrated_2946.jpg,test,frustrated,1,2
frustrated_3021.jpg,train,frustrated,frustrated_3111.jpg,test,frustrated,1,4
frustrated_3023.jpg,train,frustrated,frustrated_2890.jpg,test,frustrated,4,4
frustrated_3023.jpg,train,frustrated,frustrated_2946.jpg,test,frustrated,2,0
frustrated_3023.jpg,train,frustrated,frustrated_3111.jpg,test,frustrated,2,2
frustrated_3069.jpg,train,frustrated,frustrated_2890.jpg,test,frustrated,2,4
frustrated_3069.jpg,train,frustrated,frustrated_2946.jpg,test,frustrated,2,0
frustrated_3069.jpg,train,frustrated,frustrated_3111.jpg,test,frustrated,0,2
frustrated_3076.jpg,train,frustrated,frustrated_2890.jpg,test,frustrated,2,4
frustrated_3076.jpg,train,frustrated,frustrated_2946.jpg,test,frustrated,2,2
frustrated_3076.jpg,train,frustrated,frustrated_3111.jpg,test,frustrated,0,2
frustrated_3082.jpg,train,frustrated,frustrated_2890.jpg,test,frustrated,2,4
frustrated_3082.jpg,train,frustrated,frustrated_2946.jpg,test,frustrated,2,0
frustrated_3082.jpg,train,frustrated,frustrated_3111.jpg,test,frustrated,0,2
frustrated_3084.jpg,train,frustrated,frustrated_2890.jpg,test,frustrated,2,4
frustrated_3084.jpg,train,frustrated,frustrated_2946.jpg,test,frustrated,2,2
frustrated_3084.jpg,train,frustrated,frustrated_3111.jpg,test,frustrated,0,2
frustrated_3094.jpg,train,frustrated,frustrated_2890.jpg,test,frustrated,2,4
frustrated_3094.jpg,train,frustrated,frustrated_2946.jpg,test,frustrated,2,2
frustrated_3094.jpg,train,frustrated,frustrated_3111.jpg,test,frustrated,0,2
frustrated_3100.jpg,train,frustrated,frustrated_2890.jpg,test,frustrated,2,4
frustrated_3100.jpg,train,frustrated,frustrated_2946.jpg,test,frustrated,2,2
frustrated_3100.jpg,train,frustrated,frustrated_3111.jpg,test,frustrated,0,2
frustrated_3102.jpg,train,frustrated,frustrated_2890.jpg,test,frustrated,2,6
frustrated_3102.jpg,train,frustrated,frustrated_2946.jpg,test,frustrated,2,2
frustrated_3102.jpg,train,frustrated,frustrated_3111.jpg,test,frustrated,0,0
frustrated_3106.jpg,train,frustrated,frustrated_2890.jpg,test,frustrated,2,6
frustrated_3106.jpg,train,frustrated,frustrated_2946.jpg,test,frustrated,2,2
frustrated_3106.jpg,train,frustrated,frustrated_3111.jpg,test,frustrated,0,0
frustrated_3115.jpg,train,frustrated,frustrated_2890.jpg,test,frustrated,2,6
frustrated_3115.jpg,train,frustrated,frustrated_2946.jpg,test,frustrated,2,2
frustrated_3115.jpg,train,frustrated,frustrated_3111.jpg,test,frustrated,0,0
frustrated_3119.jpg,train,frustrated,frustrated_2946.jpg,test,frustrated,2,4
frustrated_3119.jpg,train,frustrated,frustrated_3111.jpg,test,frustrated,0,2
frustrated_3122.jpg,train,frustrated,frustrated_2946.jpg,test,frustrated,2,6
frustrated_3122.jpg,train,frustrated,frustrated_3111.jpg,test,frustrated,0,4
frustrated_3122.jpg,train,frustrated,frustrated_3159.jpg,test,frustrated,1,6
frustrated_3138.jpg,train,frustrated,frustrated_2946.jpg,test,frustrated,2,6
frustrated_3138.jpg,train,frustrated,frustrated_3111.jpg,test,frustrated,0,4
frustrated_3138.jpg,train,frustrated,frustrated_3159.jpg,test,frustrated,1,4
frustrated_3150.jpg,train,frustrated,frustrated_3159.jpg,test,frustrated,0,2
frustrated_3155.jpg,train,frustrated,frustrated_3111.jpg,test,frustrated,1,6
frustrated_3155.jpg,train,frustrated,frustrated_3159.jpg,test,frustrated,0,2
frustrated_8033.jpg,train,frustrated,bored_5222.jpg,test,bored,1,0
frustrated_8033.jpg,train,frustrated,bored_5226.jpg,test,bored,0,0
frustrated_8033.jpg,train,frustrated,confused_13013.jpg,test,confused,1,0
frustrated_8033.jpg,train,frustrated,confused_13018.jpg,test,confused,1,0
frustrated_8033.jpg,train,frustrated,frustrated_8024.jpg,test,frustrated,0,0
frustrated_8033.jpg,train,frustrated,frustrated_8029.jpg,test,frustrated,0,0
frustrated_8033.jpg,train,frustrated,frustrated_8942.jpg,test,frustrated,0,4
frustrated_8033.jpg,train,frustrated,frustrated_9024.jpg,test,frustrated,0,4
frustrated_8033.jpg,train,frustrated,frustrated_9576.jpg,test,frustrated,0,4
frustrated_8036.jpg,train,frustrated,bored_5222.jpg,test,bored,1,0
frustrated_8036.jpg,train,frustrated,bored_5226.jpg,test,bored,0,0
frustrated_8036.jpg,train,frustrated,confused_13013.jpg,test,confused,1,0
frustrated_8036.jpg,train,frustrated,confused_13018.jpg,test,confused,1,0
frustrated_8036.jpg,train,frustrated,frustrated_8024.jpg,test,frustrated,0,0
frustrated_8036.jpg,train,frustrated,frustrated_8029.jpg,test,frustrated,0,0
frustrated_8036.jpg,train,frustrated,frustrated_8942.jpg,test,frustrated,0,4
frustrated_8036.jpg,train,frustrated,frustrated_9024.jpg,test,frustrated,0,4
frustrated_8036.jpg,train,frustrated,frustrated_9576.jpg,test,frustrated,0,4
frustrated_8449.jpg,train,frustrated,bored_6047.jpg,test,bored,4,0
frustrated_8449.jpg,train,frustrated,frustrated_9145.jpg,test,frustrated,2,2
frustrated_8456.jpg,train,frustrated,bored_6047.jpg,test,bored,4,0
frustrated_8456.jpg,train,frustrated,frustrated_9145.jpg,test,frustrated,2,2
frustrated_8462.jpg,train,frustrated,bored_6047.jpg,test,bored,4,2
frustrated_8462.jpg,train,frustrated,frustrated_9145.jpg,test,frustrated,2,2
frustrated_8472.jpg,train,frustrated,bored_6047.jpg,test,bored,4,2
frustrated_8472.jpg,train,frustrated,frustrated_9145.jpg,test,frustrated,2,2
frustrated_8643.jpg,train,frustrated,bored_6047.jpg,test,bored,4,0
frustrated_8643.jpg,train,frustrated,frustrated_9145.jpg,test,frustrated,2,2
frustrated_8648.jpg,train,frustrated,bored_6047.jpg,test,bored,4,2
frustrated_8648.jpg,train,frustrated,frustrated_9145.jpg,test,frustrated,2,2
frustrated_8653.jpg,train,frustrated,bored_6047.jpg,test,bored,4,2
frustrated_8653.jpg,train,frustrated,frustrated_9145.jpg,test,frustrated,2,0
frustrated_8658.jpg,train,frustrated,bored_6047.jpg,test,bored,5,2
frustrated_8658.jpg,train,frustrated,frustrated_9145.jpg,test,frustrated,1,0
frustrated_8667.jpg,train,frustrated,bored_6047.jpg,test,bored,4,2
frustrated_8667.jpg,train,frustrated,frustrated_9145.jpg,test,frustrated,2,2
frustrated_8672.jpg,train,frustrated,bored_6047.jpg,test,bored,5,2
frustrated_8672.jpg,train,frustrated,frustrated_9145.jpg,test,frustrated,1,2
frustrated_8677.jpg,train,frustrated,bored_6047.jpg,test,bored,5,2
frustrated_8677.jpg,train,frustrated,frustrated_9145.jpg,test,frustrated,1,0
frustrated_8681.jpg,train,frustrated,bored_6047.jpg,test,bored,5,2
frustrated_8681.jpg,train,frustrated,frustrated_9145.jpg,test,frustrated,1,0
frustrated_8685.jpg,train,frustrated,bored_6047.jpg,test,bored,5,2
frustrated_8685.jpg,train,frustrated,frustrated_9145.jpg,test,frustrated,1,0
frustrated_8690.jpg,train,frustrated,bored_6047.jpg,test,bored,5,2
frustrated_8690.jpg,train,frustrated,frustrated_9145.jpg,test,frustrated,1,0
frustrated_8761.jpg,train,frustrated,bored_6047.jpg,test,bored,5,2
frustrated_8761.jpg,train,frustrated,frustrated_9145.jpg,test,frustrated,1,0
frustrated_8766.jpg,train,frustrated,bored_6047.jpg,test,bored,5,2
frustrated_8766.jpg,train,frustrated,frustrated_9145.jpg,test,frustrated,1,0
frustrated_8781.jpg,train,frustrated,bored_6047.jpg,test,bored,5,2
frustrated_8781.jpg,train,frustrated,frustrated_9145.jpg,test,frustrated,1,0
frustrated_8786.jpg,train,frustrated,bored_6047.jpg,test,bored,5,2
frustrated_8786.jpg,train,frustrated,frustrated_9145.jpg,test,frustrated,1,0
frustrated_8936.jpg,train,frustrated,bored_5222.jpg,test,bored,1,6
frustrated_8936.jpg,train,frustrated,bored_5226.jpg,test,bored,0,6
frustrated_8936.jpg,train,frustrated,confused_13013.jpg,test,confused,1,6
frustrated_8936.jpg,train,frustrated,confused_13018.jpg,test,confused,1,6
frustrated_8936.jpg,train,frustrated,frustrated_8024.jpg,test,frustrated,0,6
frustrated_8936.jpg,train,frustrated,frustrated_8029.jpg,test,frustrated,0,6
frustrated_8936.jpg,train,frustrated,frustrated_8942.jpg,test,frustrated,0,2
frustrated_8936.jpg,train,frustrated,frustrated_9024.jpg,test,frustrated,0,4
frustrated_8936.jpg,train,frustrated,frustrated_9576.jpg,test,frustrated,0,4
frustrated_8946.jpg,train,frustrated,bored_5222.jpg,test,bored,1,4
frustrated_8946.jpg,train,frustrated,bored_5226.jpg,test,bored,0,4
frustrated_8946.jpg,train,frustrated,confused_13013.jpg,test,confused,1,4
frustrated_8946.jpg,train,frustrated,confused_13018.jpg,test,confused,1,4
frustrated_8946.jpg,train,frustrated,frustrated_8024.jpg,test,frustrated,0,4
frustrated_8946.jpg,train,frustrated,frustrated_8029.jpg,test,frustrated,0,4
frustrated_8946.jpg,train,frustrated,frustrated_8942.jpg,test,frustrated,0,0
frustrated_8946.jpg,train,frustrated,frustrated_9024.jpg,test,frustrated,0,2
frustrated_8946.jpg,train,frustrated,frustrated_9576.jpg,test,frustrated,0,2
frustrated_9014.jpg,train,frustrated,bored_5222.jpg,test,bored,1,4
frustrated_9014.jpg,train,frustrated,bored_5226.jpg,test,bored,0,4
frustrated_9014.jpg,train,frustrated,confused_13013.jpg,test,confused,1,4
frustrated_9014.jpg,train,frustrated,confused_13018.jpg,test,confused,1,4
frustrated_9014.jpg,train,frustrated,engaged_1806.jpg,test,engaged,4,6
frustrated_9014.jpg,train,frustrated,engaged_1860.jpg,test,engaged,4,6
frustrated_9014.jpg,train,frustrated,engaged_1916.jpg,test,engaged,4,6
frustrated_9014.jpg,train,frustrated,engaged_1925.jpg,test,engaged,4,6
frustrated_9014.jpg,train,frustrated,engaged_1982.jpg,test,engaged,4,6
frustrated_9014.jpg,train,frustrated,engaged_2048.jpg,test,engaged,4,6
frustrated_9014.jpg,train,frustrated,engaged_2073.jpg,test,engaged,3,6
frustrated_9014.jpg,train,frustrated,engaged_2081.jpg,test,engaged,3,6
frustrated_9014.jpg,train,frustrated,engaged_2092.jpg,test,engaged,3,6
frustrated_9014.jpg,train,frustrated,engaged_2106.jpg,test,engaged,3,6
frustrated_9014.jpg,train,frustrated,engaged_2111.jpg,test,engaged,3,6
frustrated_9014.jpg,train,frustrated,engaged_2116.jpg,test,engaged,3,6
frustrated_9014.jpg,train,frustrated,engaged_2125.jpg,test,engaged,3,6
frustrated_9014.jpg,train,frustrated,engaged_2156.jpg,test,engaged,3,6
frustrated_9014.jpg,train,frustrated,engaged_2181.jpg,test,engaged,3,6
frustrated_9014.jpg,train,frustrated,engaged_2191.jpg,test,engaged,3,6
frustrated_9014.jpg,train,frustrated,engaged_2198.jpg,test,engaged,3,6
frustrated_9014.jpg,train,frustrated,engaged_2203.jpg,test,engaged,3,6
frustrated_9014.jpg,train,frustrated,engaged_2214.jpg,test,engaged,3,6
frustrated_9014.jpg,train,frustrated,engaged_2216.jpg,test,engaged,3,6
frustrated_9014.jpg,train,frustrated,frustrated_8024.jpg,test,frustrated,0,4
frustrated_9014.jpg,train,frustrated,frustrated_8029.jpg,test,frustrated,0,4
frustrated_9014.jpg,train,frustrated,frustrated_8942.jpg,test,frustrated,0,2
frustrated_9014.jpg,train,frustrated,frustrated_9024.jpg,test,frustrated,0,0
frustrated_9014.jpg,train,frustrated,frustrated_9576.jpg,test,frustrated,0,0
frustrated_9019.jpg,train,frustrated,bored_5222.jpg,test,bored,1,4
frustrated_9019.jpg,train,frustrated,bored_5226.jpg,test,bored,0,4
frustrated_9019.jpg,train,frustrated,confused_13013.jpg,test,confused,1,4
frustrated_9019.jpg,train,frustrated,confused_13018.jpg,test,confused,1,4
frustrated_9019.jpg,train,frustrated,engaged_1806.jpg,test,engaged,4,6
frustrated_9019.jpg,train,frustrated,engaged_1860.jpg,test,engaged,4,6
frustrated_9019.jpg,train,frustrated,engaged_1916.jpg,test,engaged,4,6
frustrated_9019.jpg,train,frustrated,engaged_1925.jpg,test,engaged,4,6
frustrated_9019.jpg,train,frustrated,engaged_1982.jpg,test,engaged,4,6
frustrated_9019.jpg,train,frustrated,engaged_2048.jpg,test,engaged,4,6
frustrated_9019.jpg,train,frustrated,engaged_2073.jpg,test,engaged,3,6
frustrated_9019.jpg,train,frustrated,engaged_2081.jpg,test,engaged,3,6
frustrated_9019.jpg,train,frustrated,engaged_2092.jpg,test,engaged,3,6
frustrated_9019.jpg,train,frustrated,engaged_2106.jpg,test,engaged,3,6
frustrated_9019.jpg,train,frustrated,engaged_2111.jpg,test,engaged,3,6
frustrated_9019.jpg,train,frustrated,engaged_2116.jpg,test,engaged,3,6
frustrated_9019.jpg,train,frustrated,engaged_2125.jpg,test,engaged,3,6
frustrated_9019.jpg,train,frustrated,engaged_2156.jpg,test,engaged,3,6
frustrated_9019.jpg,train,frustrated,engaged_2181.jpg,test,engaged,3,6
frustrated_9019.jpg,train,frustrated,engaged_2191.jpg,test,engaged,3,6
frustrated_9019.jpg,train,frustrated,engaged_2198.jpg,test,engaged,3,6
frustrated_9019.jpg,train,frustrated,engaged_2203.jpg,test,engaged,3,6
frustrated_9019.jpg,train,frustrated,engaged_2214.jpg,test,engaged,3,6
frustrated_9019.jpg,train,frustrated,engaged_2216.jpg,test,engaged,3,6
frustrated_9019.jpg,train,frustrated,frustrated_8024.jpg,test,frustrated,0,4
frustrated_9019.jpg,train,frustrated,frustrated_8029.jpg,test,frustrated,0,4
frustrated_9019.jpg,train,frustrated,frustrated_8942.jpg,test,frustrated,0,2
frustrated_9019.jpg,train,frustrated,frustrated_9024.jpg,test,frustrated,0,0
frustrated_9019.jpg,train,frustrated,frustrated_9576.jpg,test,frustrated,0,0
frustrated_9029.jpg,train,frustrated,bored_5222.jpg,test,bored,1,4
frustrated_9029.jpg,train,frustrated,bored_5226.jpg,test,bored,0,4
frustrated_9029.jpg,train,frustrated,confused_13013.jpg,test,confused,1,4
frustrated_9029.jpg,train,frustrated,confused_13018.jpg,test,confused,1,4
frustrated_9029.jpg,train,frustrated,engaged_1806.jpg,test,engaged,4,6
frustrated_9029.jpg,train,frustrated,engaged_1860.jpg,test,engaged,4,6
frustrated_9029.jpg,train,frustrated,engaged_1916.jpg,test,engaged,4,6
frustrated_9029.jpg,train,frustrated,engaged_1925.jpg,test,engaged,4,6
frustrated_9029.jpg,train,frustrated,engaged_1982.jpg,test,engaged,4,6
frustrated_9029.jpg,train,frustrated,engaged_2048.jpg,test,engaged,4,6
frustrated_9029.jpg,train,frustrated,engaged_2073.jpg,test,engaged,3,6
frustrated_9029.jpg,train,frustrated,engaged_2081.jpg,test,engaged,3,6
frustrated_9029.jpg,train,frustrated,engaged_2092.jpg,test,engaged,3,6
frustrated_9029.jpg,train,frustrated,engaged_2106.jpg,test,engaged,3,6
frustrated_9029.jpg,train,frustrated,engaged_2111.jpg,test,engaged,3,6
frustrated_9029.jpg,train,frustrated,engaged_2116.jpg,test,engaged,3,6
frustrated_9029.jpg,train,frustrated,engaged_2125.jpg,test,engaged,3,6
frustrated_9029.jpg,train,frustrated,engaged_2156.jpg,test,engaged,3,6
frustrated_9029.jpg,train,frustrated,engaged_2181.jpg,test,engaged,3,6
frustrated_9029.jpg,train,frustrated,engaged_2191.jpg,test,engaged,3,6
frustrated_9029.jpg,train,frustrated,engaged_2198.jpg,test,engaged,3,6
frustrated_9029.jpg,train,frustrated,engaged_2203.jpg,test,engaged,3,6
frustrated_9029.jpg,train,frustrated,engaged_2214.jpg,test,engaged,3,6
frustrated_9029.jpg,train,frustrated,engaged_2216.jpg,test,engaged,3,6
frustrated_9029.jpg,train,frustrated,frustrated_8024.jpg,test,frustrated,0,4
frustrated_9029.jpg,train,frustrated,frustrated_8029.jpg,test,frustrated,0,4
frustrated_9029.jpg,train,frustrated,frustrated_8942.jpg,test,frustrated,0,2
frustrated_9029.jpg,train,frustrated,frustrated_9024.jpg,test,frustrated,0,0
frustrated_9029.jpg,train,frustrated,frustrated_9576.jpg,test,frustrated,0,0
frustrated_9033.jpg,train,frustrated,bored_5222.jpg,test,bored,1,4
frustrated_9033.jpg,train,frustrated,bored_5226.jpg,test,bored,0,4
frustrated_9033.jpg,train,frustrated,confused_13013.jpg,test,confused,1,4
frustrated_9033.jpg,train,frustrated,confused_13018.jpg,test,confused,1,4
frustrated_9033.jpg,train,frustrated,engaged_1806.jpg,test,engaged,4,6
frustrated_9033.jpg,train,frustrated,engaged_1860.jpg,test,engaged,4,6
frustrated_9033.jpg,train,frustrated,engaged_1916.jpg,test,engaged,4,6
frustrated_9033.jpg,train,frustrated,engaged_1925.jpg,test,engaged,4,6
frustrated_9033.jpg,train,frustrated,engaged_1982.jpg,test,engaged,4,6
frustrated_9033.jpg,train,frustrated,engaged_2048.jpg,test,engaged,4,6
frustrated_9033.jpg,train,frustrated,engaged_2073.jpg,test,engaged,3,6
frustrated_9033.jpg,train,frustrated,engaged_2081.jpg,test,engaged,3,6
frustrated_9033.jpg,train,frustrated,engaged_2092.jpg,test,engaged,3,6
frustrated_9033.jpg,train,frustrated,engaged_2106.jpg,test,engaged,3,6
frustrated_9033.jpg,train,frustrated,engaged_2111.jpg,test,engaged,3,6
frustrated_9033.jpg,train,frustrated,engaged_2116.jpg,test,engaged,3,6
frustrated_9033.jpg,train,frustrated,engaged_2125.jpg,test,engaged,3,6
frustrated_9033.jpg,train,frustrated,engaged_2156.jpg,test,engaged,3,6
frustrated_9033.jpg,train,frustrated,engaged_2181.jpg,test,engaged,3,6
frustrated_9033.jpg,train,frustrated,engaged_2191.jpg,test,engaged,3,6
frustrated_9033.jpg,train,frustrated,engaged_2198.jpg,test,engaged,3,6
frustrated_9033.jpg,train,frustrated,engaged_2203.jpg,test,engaged,3,6
frustrated_9033.jpg,train,frustrated,engaged_2214.jpg,test,engaged,3,6
frustrated_9033.jpg,train,frustrated,engaged_2216.jpg,test,engaged,3,6
frustrated_9033.jpg,train,frustrated,frustrated_8024.jpg,test,frustrated,0,4
frustrated_9033.jpg,train,frustrated,frustrated_8029.jpg,test,frustrated,0,4
frustrated_9033.jpg,train,frustrated,frustrated_8942.jpg,test,frustrated,0,2
frustrated_9033.jpg,train,frustrated,frustrated_9024.jpg,test,frustrated,0,0
frustrated_9033.jpg,train,frustrated,frustrated_9576.jpg,test,frustrated,0,0
frustrated_9115.jpg,train,frustrated,bored_6047.jpg,test,bored,4,2
frustrated_9115.jpg,train,frustrated,frustrated_9145.jpg,test,frustrated,0,0
frustrated_9121.jpg,train,frustrated,bored_6047.jpg,test,bored,4,2
frustrated_9121.jpg,train,frustrated,frustrated_9145.jpg,test,frustrated,0,0
frustrated_9127.jpg,train,frustrated,bored_6047.jpg,test,bored,4,2
frustrated_9127.jpg,train,frustrated,frustrated_9145.jpg,test,frustrated,0,0
frustrated_9138.jpg,train,frustrated,bored_6047.jpg,test,bored,4,2
frustrated_9138.jpg,train,frustrated,frustrated_9145.jpg,test,frustrated,0,0
frustrated_9363.jpg,train,frustrated,bored_5222.jpg,test,bored,4,6
frustrated_9363.jpg,train,frustrated,bored_5226.jpg,test,bored,3,6
frustrated_9363.jpg,train,frustrated,confused_13013.jpg,test,confused,2,6
frustrated_9363.jpg,train,frustrated,confused_13018.jpg,test,confused,2,6
frustrated_9363.jpg,train,frustrated,engaged_1806.jpg,test,engaged,5,6
frustrated_9363.jpg,train,frustrated,engaged_1860.jpg,test,engaged,5,6
frustrated_9363.jpg,train,frustrated,engaged_1916.jpg,test,engaged,5,6
frustrated_9363.jpg,train,frustrated,engaged_1925.jpg,test,engaged,5,6
frustrated_9363.jpg,train,frustrated,engaged_1982.jpg,test,engaged,5,6
frustrated_9363.jpg,train,frustrated,engaged_2048.jpg,test,engaged,5,6
frustrated_9363.jpg,train,frustrated,frustrated_8024.jpg,test,frustrated,3,6
frustrated_9363.jpg,train,frustrated,frustrated_8029.jpg,test,frustrated,3,6
frustrated_9363.jpg,train,frustrated,frustrated_9024.jpg,test,frustrated,3,6
frustrated_9363.jpg,train,frustrated,frustrated_9576.jpg,test,frustrated,3,6
frustrated_9363.jpg,train,frustrated,frustrated_9653.jpg,test,frustrated,3,6
frustrated_9363.jpg,train,frustrated,frustrated_9812.jpg,test,frustrated,5,6
frustrated_9369.jpg,train,frustrated,bored_5222.jpg,test,bored,3,6
frustrated_9369.jpg,train,frustrated,bored_5226.jpg,test,bored,2,6
frustrated_9369.jpg,train,frustrated,confused_13013.jpg,test,confused,1,6
frustrated_9369.jpg,train,frustrated,confused_13018.jpg,test,confused,1,6
frustrated_9369.jpg,train,frustrated,engaged_1806.jpg,test,engaged,4,6
frustrated_9369.jpg,train,frustrated,engaged_1860.jpg,test,engaged,4,6
frustrated_9369.jpg,train,frustrated,engaged_1916.jpg,test,engaged,4,6
frustrated_9369.jpg,train,frustrated,engaged_1925.jpg,test,engaged,4,6
frustrated_9369.jpg,train,frustrated,engaged_1982.jpg,test,engaged,4,6
frustrated_9369.jpg,train,frustrated,engaged_2048.jpg,test,engaged,4,6
frustrated_9369.jpg,train,frustrated,engaged_2073.jpg,test,engaged,5,6
frustrated_9369.jpg,train,frustrated,engaged_2081.jpg,test,engaged,5,6
frustrated_9369.jpg,train,frustrated,engaged_2092.jpg,test,engaged,5,6
frustrated_9369.jpg,train,frustrated,engaged_2106.jpg,test,engaged,5,6
frustrated_9369.jpg,train,frustrated,engaged_2111.jpg,test,engaged,5,6
frustrated_9369.jpg,train,frustrated,engaged_2116.jpg,test,engaged,5,6
frustrated_9369.jpg,train,frustrated,engaged_2125.jpg,test,engaged,5,6
frustrated_9369.jpg,train,frustrated,engaged_2156.jpg,test,engaged,5,6
frustrated_9369.jpg,train,frustrated,engaged_2181.jpg,test,engaged,5,6
frustrated_9369.jpg,train,frustrated,engaged_2191.jpg,test,engaged,5,6
frustrated_9369.jpg,train,frustrated,engaged_2198.jpg,test,engaged,5,6
frustrated_9369.jpg,train,frustrated,engaged_2203.jpg,test,engaged,5,6
frustrated_9369.jpg,train,frustrated,engaged_2214.jpg,test,engaged,5,6
frustrated_9369.jpg,train,frustrated,engaged_2216.jpg,test,engaged,5,6
frustrated_9369.jpg,train,frustrated,frustrated_8024.jpg,test,frustrated,2,6
frustrated_9369.jpg,train,frustrated,frustrated_8029.jpg,test,frustrated,2,6
frustrated_9369.jpg,train,frustrated,frustrated_9024.jpg,test,frustrated,2,6
frustrated_9369.jpg,train,frustrated,frustrated_9576.jpg,test,frustrated,2,6
frustrated_9369.jpg,train,frustrated,frustrated_9653.jpg,test,frustrated,4,6
frustrated_9374.jpg,train,frustrated,bored_5222.jpg,test,bored,4,6
frustrated_9374.jpg,train,frustrated,bored_5226.jpg,test,bored,3,6
frustrated_9374.jpg,train,frustrated,confused_13013.jpg,test,confused,2,6
frustrated_9374.jpg,train,frustrated,confused_13018.jpg,test,confused,2,6
frustrated_9374.jpg,train,frustrated,engaged_1806.jpg,test,engaged,5,6
frustrated_9374.jpg,train,frustrated,engaged_1860.jpg,test,engaged,5,6
frustrated_9374.jpg,train,frustrated,engaged_1916.jpg,test,engaged,5,6
frustrated_9374.jpg,train,frustrated,engaged_1925.jpg,test,engaged,5,6
frustrated_9374.jpg,train,frustrated,engaged_1982.jpg,test,engaged,5,6
frustrated_9374.jpg,train,frustrated,engaged_2048.jpg,test,engaged,5,6
frustrated_9374.jpg,train,frustrated,frustrated_8024.jpg,test,frustrated,3,6
frustrated_9374.jpg,train,frustrated,frustrated_8029.jpg,test,frustrated,3,6
frustrated_9374.jpg,train,frustrated,frustrated_9024.jpg,test,frustrated,3,6
frustrated_9374.jpg,train,frustrated,frustrated_9576.jpg,test,frustrated,3,6
frustrated_9374.jpg,train,frustrated,frustrated_9653.jpg,test,frustrated,3,6
frustrated_9374.jpg,train,frustrated,frustrated_9812.jpg,test,frustrated,5,6
frustrated_9402.jpg,train,frustrated,bored_5222.jpg,test,bored,4,6
frustrated_9402.jpg,train,frustrated,bored_5226.jpg,test,bored,3,6
frustrated_9402.jpg,train,frustrated,confused_13013.jpg,test,confused,2,6
frustrated_9402.jpg,train,frustrated,confused_13018.jpg,test,confused,2,6
frustrated_9402.jpg,train,frustrated,engaged_1806.jpg,test,engaged,5,6
frustrated_9402.jpg,train,frustrated,engaged_1860.jpg,test,engaged,5,6
frustrated_9402.jpg,train,frustrated,engaged_1916.jpg,test,engaged,5,6
frustrated_9402.jpg,train,frustrated,engaged_1925.jpg,test,engaged,5,6
frustrated_9402.jpg,train,frustrated,engaged_1982.jpg,test,engaged,5,6
frustrated_9402.jpg,train,frustrated,engaged_2048.jpg,test,engaged,5,6
frustrated_9402.jpg,train,frustrated,frustrated_8024.jpg,test,frustrated,3,6
frustrated_9402.jpg,train,frustrated,frustrated_8029.jpg,test,frustrated,3,6
frustrated_9402.jpg,train,frustrated,frustrated_9024.jpg,test,frustrated,3,6
frustrated_9402.jpg,train,frustrated,frustrated_9576.jpg,test,frustrated,3,6
frustrated_9402.jpg,train,frustrated,frustrated_9653.jpg,test,frustrated,3,6
frustrated_9402.jpg,train,frustrated,frustrated_9812.jpg,test,frustrated,5,6
frustrated_9407.jpg,train,frustrated,bored_5222.jpg,test,bored,4,6
frustrated_9407.jpg,train,frustrated,bored_5226.jpg,test,bored,3,6
frustrated_9407.jpg,train,frustrated,confused_13013.jpg,test,confused,2,6
frustrated_9407.jpg,train,frustrated,confused_13018.jpg,test,confused,2,6
frustrated_9407.jpg,train,frustrated,engaged_1806.jpg,test,engaged,5,6
frustrated_9407.jpg,train,frustrated,engaged_1860.jpg,test,engaged,5,6
frustrated_9407.jpg,train,frustrated,engaged_1916.jpg,test,engaged,5,6
frustrated_9407.jpg,train,frustrated,engaged_1925.jpg,test,engaged,5,6
frustrated_9407.jpg,train,frustrated,engaged_1982.jpg,test,engaged,5,6
frustrated_9407.jpg,train,frustrated,engaged_2048.jpg,test,engaged,5,6
frustrated_9407.jpg,train,frustrated,frustrated_8024.jpg,test,frustrated,3,6
frustrated_9407.jpg,train,frustrated,frustrated_8029.jpg,test,frustrated,3,6
frustrated_9407.jpg,train,frustrated,frustrated_9024.jpg,test,frustrated,3,6
frustrated_9407.jpg,train,frustrated,frustrated_9576.jpg,test,frustrated,3,6
frustrated_9407.jpg,train,frustrated,frustrated_9653.jpg,test,frustrated,3,6
frustrated_9407.jpg,train,frustrated,frustrated_9812.jpg,test,frustrated,5,6
frustrated_9550.jpg,train,frustrated,bored_5222.jpg,test,bored,2,4
frustrated_9550.jpg,train,frustrated,bored_5226.jpg,test,bored,1,4
frustrated_9550.jpg,train,frustrated,confused_13013.jpg,test,confused,2,4
frustrated_9550.jpg,train,frustrated,confused_13018.jpg,test,confused,2,4
frustrated_9550.jpg,train,frustrated,engaged_1806.jpg,test,engaged,5,6
frustrated_9550.jpg,train,frustrated,engaged_1860.jpg,test,engaged,5,6
frustrated_9550.jpg,train,frustrated,engaged_1916.jpg,test,engaged,5,6
frustrated_9550.jpg,train,frustrated,engaged_1925.jpg,test,engaged,5,6
frustrated_9550.jpg,train,frustrated,engaged_1982.jpg,test,engaged,5,6
frustrated_9550.jpg,train,frustrated,engaged_2048.jpg,test,engaged,5,6
frustrated_9550.jpg,train,frustrated,engaged_2073.jpg,test,engaged,4,6
frustrated_9550.jpg,train,frustrated,engaged_2081.jpg,test,engaged,4,6
frustrated_9550.jpg,train,frustrated,engaged_2092.jpg,test,engaged,4,6
frustrated_9550.jpg,train,frustrated,engaged_2106.jpg,test,engaged,4,6
frustrated_9550.jpg,train,frustrated,engaged_2111.jpg,test,engaged,4,6
frustrated_9550.jpg,train,frustrated,engaged_2116.jpg,test,engaged,4,6
frustrated_9550.jpg,train,frustrated,engaged_2125.jpg,test,engaged,4,6
frustrated_9550.jpg,train,frustrated,engaged_2156.jpg,test,engaged,4,6
frustrated_9550.jpg,train,frustrated,engaged_2181.jpg,test,engaged,4,6
frustrated_9550.jpg,train,frustrated,engaged_2191.jpg,test,engaged,4,6
frustrated_9550.jpg,train,frustrated,engaged_2198.jpg,test,engaged,4,6
frustrated_9550.jpg,train,frustrated,engaged_2203.jpg,test,engaged,4,6
frustrated_9550.jpg,train,frustrated,engaged_2214.jpg,test,engaged,4,6
frustrated_9550.jpg,train,frustrated,engaged_2216.jpg,test,engaged,4,6
frustrated_9550.jpg,train,frustrated,frustrated_8024.jpg,test,frustrated,1,4
frustrated_9550.jpg,train,frustrated,frustrated_8029.jpg,test,frustrated,1,4
frustrated_9550.jpg,train,frustrated,frustrated_8942.jpg,test,frustrated,1,2
frustrated_9550.jpg,train,frustrated,frustrated_9024.jpg,test,frustrated,1,0
frustrated_9550.jpg,train,frustrated,frustrated_9576.jpg,test,frustrated,1,0
frustrated_9555.jpg,train,frustrated,bored_5222.jpg,test,bored,1,4
frustrated_9555.jpg,train,frustrated,bored_5226.jpg,test,bored,0,4
frustrated_9555.jpg,train,frustrated,confused_13013.jpg,test,confused,1,4
frustrated_9555.jpg,train,frustrated,confused_13018.jpg,test,confused,1,4
frustrated_9555.jpg,train,frustrated,engaged_1806.jpg,test,engaged,4,6
frustrated_9555.jpg,train,frustrated,engaged_1860.jpg,test,engaged,4,6
frustrated_9555.jpg,train,frustrated,engaged_1916.jpg,test,engaged,4,6
frustrated_9555.jpg,train,frustrated,engaged_1925.jpg,test,engaged,4,6
frustrated_9555.jpg,train,frustrated,engaged_1982.jpg,test,engaged,4,6
frustrated_9555.jpg,train,frustrated,engaged_2048.jpg,test,engaged,4,6
frustrated_9555.jpg,train,frustrated,engaged_2073.jpg,test,engaged,3,6
frustrated_9555.jpg,train,frustrated,engaged_2081.jpg,test,engaged,3,6
frustrated_9555.jpg,train,frustrated,engaged_2092.jpg,test,engaged,3,6
frustrated_9555.jpg,train,frustrated,engaged_2106.jpg,test,engaged,3,6
frustrated_9555.jpg,train,frustrated,engaged_2111.jpg,test,engaged,3,6
frustrated_9555.jpg,train,frustrated,engaged_2116.jpg,test,engaged,3,6
frustrated_9555.jpg,train,frustrated,engaged_2125.jpg,test,engaged,3,6
frustrated_9555.jpg,train,frustrated,engaged_2156.jpg,test,engaged,3,6
frustrated_9555.jpg,train,frustrated,engaged_2181.jpg,test,engaged,3,6
frustrated_9555.jpg,train,frustrated,engaged_2191.jpg,test,engaged,3,6
frustrated_9555.jpg,train,frustrated,engaged_2198.jpg,test,engaged,3,6
frustrated_9555.jpg,train,frustrated,engaged_2203.jpg,test,engaged,3,6
frustrated_9555.jpg,train,frustrated,engaged_2214.jpg,test,engaged,3,6
frustrated_9555.jpg,train,frustrated,engaged_2216.jpg,test,engaged,3,6
frustrated_9555.jpg,train,frustrated,frustrated_8024.jpg,test,frustrated,0,4
frustrated_9555.jpg,train,frustrated,frustrated_8029.jpg,test,frustrated,0,4
frustrated_9555.jpg,train,frustrated,frustrated_8942.jpg,test,frustrated,0,2
frustrated_9555.jpg,train,frustrated,frustrated_9024.jpg,test,frustrated,0,0
frustrated_9555.jpg,train,frustrated,frustrated_9576.jpg,test,frustrated,0,0
frustrated_9561.jpg,train,frustrated,bored_5222.jpg,test,bored,1,6
frustrated_9561.jpg,train,frustrated,bored_5226.jpg,test,bored,0,6
frustrated_9561.jpg,train,frustrated,confused_13013.jpg,test,confused,1,6
frustrated_9561.jpg,train,frustrated,confused_13018.jpg,test,confused,1,6
frustrated_9561.jpg,train,frustrated,frustrated_8024.jpg,test,frustrated,0,6
frustrated_9561.jpg,train,frustrated,frustrated_8029.jpg,test,frustrated,0,6
frustrated_9561.jpg,train,frustrated,frustrated_8942.jpg,test,frustrated,0,2
frustrated_9561.jpg,train,frustrated,frustrated_9024.jpg,test,frustrated,0,2
frustrated_9561.jpg,train,frustrated,frustrated_9576.jpg,test,frustrated,0,2
frustrated_9565.jpg,train,frustrated,bored_5222.jpg,test,bored,1,4
frustrated_9565.jpg,train,frustrated,bored_5226.jpg,test,bored,0,4
frustrated_9565.jpg,train,frustrated,confused_13013.jpg,test,confused,1,4
frustrated_9565.jpg,train,frustrated,confused_13018.jpg,test,confused,1,4
frustrated_9565.jpg,train,frustrated,engaged_1806.jpg,test,engaged,4,6
frustrated_9565.jpg,train,frustrated,engaged_1860.jpg,test,engaged,4,6
frustrated_9565.jpg,train,frustrated,engaged_1916.jpg,test,engaged,4,6
frustrated_9565.jpg,train,frustrated,engaged_1925.jpg,test,engaged,4,6
frustrated_9565.jpg,train,frustrated,engaged_1982.jpg,test,engaged,4,6
frustrated_9565.jpg,train,frustrated,engaged_2048.jpg,test,engaged,4,6
frustrated_9565.jpg,train,frustrated,engaged_2073.jpg,test,engaged,3,6
frustrated_9565.jpg,train,frustrated,engaged_2081.jpg,test,engaged,3,6
frustrated_9565.jpg,train,frustrated,engaged_2092.jpg,test,engaged,3,6
frustrated_9565.jpg,train,frustrated,engaged_2106.jpg,test,engaged,3,6
frustrated_9565.jpg,train,frustrated,engaged_2111.jpg,test,engaged,3,6
frustrated_9565.jpg,train,frustrated,engaged_2116.jpg,test,engaged,3,6
frustrated_9565.jpg,train,frustrated,engaged_2125.jpg,test,engaged,3,6
frustrated_9565.jpg,train,frustrated,engaged_2156.jpg,test,engaged,3,6
frustrated_9565.jpg,train,frustrated,engaged_2181.jpg,test,engaged,3,6
frustrated_9565.jpg,train,frustrated,engaged_2191.jpg,test,engaged,3,6
frustrated_9565.jpg,train,frustrated,engaged_2198.jpg,test,engaged,3,6
frustrated_9565.jpg,train,frustrated,engaged_2203.jpg,test,engaged,3,6
frustrated_9565.jpg,train,frustrated,engaged_2214.jpg,test,engaged,3,6
frustrated_9565.jpg,train,frustrated,engaged_2216.jpg,test,engaged,3,6
frustrated_9565.jpg,train,frustrated,frustrated_8024.jpg,test,frustrated,0,4
frustrated_9565.jpg,train,frustrated,frustrated_8029.jpg,test,frustrated,0,4
frustrated_9565.jpg,train,frustrated,frustrated_8942.jpg,test,frustrated,0,2
frustrated_9565.jpg,train,frustrated,frustrated_9024.jpg,test,frustrated,0,0
frustrated_9565.jpg,train,frustrated,frustrated_9576.jpg,test,frustrated,0,0
frustrated_9570.jpg,train,frustrated,bored_5222.jpg,test,bored,1,4
frustrated_9570.jpg,train,frustrated,bored_5226.jpg,test,bored,0,4
frustrated_9570.jpg,train,frustrated,confused_13013.jpg,test,confused,1,4
frustrated_9570.jpg,train,frustrated,confused_13018.jpg,test,confused,1,4
frustrated_9570.jpg,train,frustrated,engaged_1806.jpg,test,engaged,4,6
frustrated_9570.jpg,train,frustrated,engaged_1860.jpg,test,engaged,4,6
frustrated_9570.jpg,train,frustrated,engaged_1916.jpg,test,engaged,4,6
frustrated_9570.jpg,train,frustrated,engaged_1925.jpg,test,engaged,4,6
frustrated_9570.jpg,train,frustrated,engaged_1982.jpg,test,engaged,4,6
frustrated_9570.jpg,train,frustrated,engaged_2048.jpg,test,engaged,4,6
frustrated_9570.jpg,train,frustrated,engaged_2073.jpg,test,engaged,3,6
frustrated_9570.jpg,train,frustrated,engaged_2081.jpg,test,engaged,3,6
frustrated_9570.jpg,train,frustrated,engaged_2092.jpg,test,engaged,3,6
frustrated_9570.jpg,train,frustrated,engaged_2106.jpg,test,engaged,3,6
frustrated_9570.jpg,train,frustrated,engaged_2111.jpg,test,engaged,3,6
frustrated_9570.jpg,train,frustrated,engaged_2116.jpg,test,engaged,3,6
frustrated_9570.jpg,train,frustrated,engaged_2125.jpg,test,engaged,3,6
frustrated_9570.jpg,train,frustrated,engaged_2156.jpg,test,engaged,3,6
frustrated_9570.jpg,train,frustrated,engaged_2181.jpg,test,engaged,3,6
frustrated_9570.jpg,train,frustrated,engaged_2191.jpg,test,engaged,3,6
frustrated_9570.jpg,train,frustrated,engaged_2198.jpg,test,engaged,3,6
frustrated_9570.jpg,train,frustrated,engaged_2203.jpg,test,engaged,3,6
frustrated_9570.jpg,train,frustrated,engaged_2214.jpg,test,engaged,3,6
frustrated_9570.jpg,train,frustrated,engaged_2216.jpg,test,engaged,3,6
frustrated_9570.jpg,train,frustrated,frustrated_8024.jpg,test,frustrated,0,4
frustrated_9570.jpg,train,frustrated,frustrated_8029.jpg,test,frustrated,0,4
frustrated_9570.jpg,train,frustrated,frustrated_8942.jpg,test,frustrated,0,2
frustrated_9570.jpg,train,frustrated,frustrated_9024.jpg,test,frustrated,0,0
frustrated_9570.jpg,train,frustrated,frustrated_9576.jpg,test,frustrated,0,0
frustrated_9657.jpg,train,frustrated,confused_4134.jpg,test,confused,5,6
frustrated_9657.jpg,train,frustrated,confused_4142.jpg,test,confused,5,6
frustrated_9657.jpg,train,frustrated,frustrated_9653.jpg,test,frustrated,0,0
frustrated_9657.jpg,train,frustrated,frustrated_9734.jpg,test,frustrated,5,6
frustrated_9664.jpg,train,frustrated,confused_4134.jpg,test,confused,5,6
frustrated_9664.jpg,train,frustrated,confused_4142.jpg,test,confused,5,6
frustrated_9664.jpg,train,frustrated,frustrated_9653.jpg,test,frustrated,0,0
frustrated_9664.jpg,train,frustrated,frustrated_9734.jpg,test,frustrated,5,6
frustrated_9724.jpg,train,frustrated,confused_4134.jpg,test,confused,4,4
frustrated_9724.jpg,train,frustrated,confused_4142.jpg,test,confused,4,4
frustrated_9724.jpg,train,frustrated,frustrated_9653.jpg,test,frustrated,5,6
frustrated_9724.jpg,train,frustrated,frustrated_9734.jpg,test,frustrated,0,0
frustrated_9724.jpg,train,frustrated,frustrated_9812.jpg,test,frustrated,1,2
frustrated_9729.jpg,train,frustrated,confused_4134.jpg,test,confused,4,4
frustrated_9729.jpg,train,frustrated,confused_4142.jpg,test,confused,4,4
frustrated_9729.jpg,train,frustrated,frustrated_9653.jpg,test,frustrated,5,6
frustrated_9729.jpg,train,frustrated,frustrated_9734.jpg,test,frustrated,0,0
frustrated_9729.jpg,train,frustrated,frustrated_9812.jpg,test,frustrated,1,2
frustrated_9730.jpg,train,frustrated,frustrated_9604.jpg,test,frustrated,1,6
frustrated_9776.jpg,train,frustrated,confused_4134.jpg,test,confused,5,6
frustrated_9776.jpg,train,frustrated,confused_4142.jpg,test,confused,5,4
frustrated_9776.jpg,train,frustrated,engaged_1806.jpg,test,engaged,4,6
frustrated_9776.jpg,train,frustrated,engaged_1860.jpg,test,engaged,4,6
frustrated_9776.jpg,train,frustrated,engaged_1916.jpg,test,engaged,4,6
frustrated_9776.jpg,train,frustrated,engaged_1925.jpg,test,engaged,4,6
frustrated_9776.jpg,train,frustrated,engaged_1982.jpg,test,engaged,4,6
frustrated_9776.jpg,train,frustrated,engaged_2048.jpg,test,engaged,4,6
frustrated_9776.jpg,train,frustrated,engaged_2073.jpg,test,engaged,3,6
frustrated_9776.jpg,train,frustrated,engaged_2081.jpg,test,engaged,3,6
frustrated_9776.jpg,train,frustrated,engaged_2092.jpg,test,engaged,3,6
frustrated_9776.jpg,train,frustrated,engaged_2106.jpg,test,engaged,3,6
frustrated_9776.jpg,train,frustrated,engaged_2111.jpg,test,engaged,3,6
frustrated_9776.jpg,train,frustrated,engaged_2116.jpg,test,engaged,3,6
frustrated_9776.jpg,train,frustrated,engaged_2125.jpg,test,engaged,3,6
frustrated_9776.jpg,train,frustrated,engaged_2156.jpg,test,engaged,3,6
frustrated_9776.jpg,train,frustrated,engaged_2181.jpg,test,engaged,3,6
frustrated_9776.jpg,train,frustrated,engaged_2191.jpg,test,engaged,3,6
frustrated_9776.jpg,train,frustrated,engaged_2198.jpg,test,engaged,3,6
frustrated_9776.jpg,train,frustrated,engaged_2203.jpg,test,engaged,3,6
frustrated_9776.jpg,train,frustrated,engaged_2214.jpg,test,engaged,3,6
frustrated_9776.jpg,train,frustrated,engaged_2216.jpg,test,engaged,3,6
frustrated_9776.jpg,train,frustrated,frustrated_9734.jpg,test,frustrated,1,2
frustrated_9776.jpg,train,frustrated,frustrated_9812.jpg,test,frustrated,0,0
frustrated_9782.jpg,train,frustrated,confused_4134.jpg,test,confused,5,6
frustrated_9782.jpg,train,frustrated,confused_4142.jpg,test,confused,5,4
frustrated_9782.jpg,train,frustrated,engaged_1806.jpg,test,engaged,4,6
frustrated_9782.jpg,train,frustrated,engaged_1860.jpg,test,engaged,4,6
frustrated_9782.jpg,train,frustrated,engaged_1916.jpg,test,engaged,4,6
frustrated_9782.jpg,train,frustrated,engaged_1925.jpg,test,engaged,4,6
frustrated_9782.jpg,train,frustrated,engaged_1982.jpg,test,engaged,4,6
frustrated_9782.jpg,train,frustrated,engaged_2048.jpg,test,engaged,4,6
frustrated_9782.jpg,train,frustrated,engaged_2073.jpg,test,engaged,3,6
frustrated_9782.jpg,train,frustrated,engaged_2081.jpg,test,engaged,3,6
frustrated_9782.jpg,train,frustrated,engaged_2092.jpg,test,engaged,3,6
frustrated_9782.jpg,train,frustrated,engaged_2106.jpg,test,engaged,3,6
frustrated_9782.jpg,train,frustrated,engaged_2111.jpg,test,engaged,3,6
frustrated_9782.jpg,train,frustrated,engaged_2116.jpg,test,engaged,3,6
frustrated_9782.jpg,train,frustrated,engaged_2125.jpg,test,engaged,3,6
frustrated_9782.jpg,train,frustrated,engaged_2156.jpg,test,engaged,3,6
frustrated_9782.jpg,train,frustrated,engaged_2181.jpg,test,engaged,3,6
frustrated_9782.jpg,train,frustrated,engaged_2191.jpg,test,engaged,3,6
frustrated_9782.jpg,train,frustrated,engaged_2198.jpg,test,engaged,3,6
frustrated_9782.jpg,train,frustrated,engaged_2203.jpg,test,engaged,3,6
frustrated_9782.jpg,train,frustrated,engaged_2214.jpg,test,engaged,3,6
frustrated_9782.jpg,train,frustrated,engaged_2216.jpg,test,engaged,3,6
frustrated_9782.jpg,train,frustrated,frustrated_9734.jpg,test,frustrated,1,2
frustrated_9782.jpg,train,frustrated,frustrated_9812.jpg,test,frustrated,0,0
bigdata_bored_engaged_aksan_50_1773299656187_000_jpg.rf.76deb964c8d4ce0fbc2572aa7a0c922c.jpg,train,bored,bigdata_bored_engaged_aksan_50_1773299657014_008_jpg.rf.6b94288f95cb4a7b2528abb99511eec1.jpg,val,bored,1,2
bigdata_bored_engaged_aksan_50_1773299656187_001_jpg.rf.1a92d3626a58e7c958d6ceb74af9a9c8.jpg,train,bored,bigdata_bored_engaged_aksan_50_1773299657014_008_jpg.rf.6b94288f95cb4a7b2528abb99511eec1.jpg,val,bored,1,2
bigdata_bored_engaged_aksan_50_1773299656187_002_jpg.rf.41a8999ef946b19b9a7fc651def15057.jpg,train,bored,bigdata_bored_engaged_aksan_50_1773299657014_008_jpg.rf.6b94288f95cb4a7b2528abb99511eec1.jpg,val,bored,1,2
bigdata_bored_engaged_aksan_50_1773299656187_004_jpg.rf.b63937d094e51efd21110663c579e9ca.jpg,train,bored,bigdata_bored_engaged_aksan_50_1773299657014_008_jpg.rf.6b94288f95cb4a7b2528abb99511eec1.jpg,val,bored,1,2
bigdata_bored_engaged_aksan_50_1773299657013_005_jpg.rf.c49d42fd97e03dfbda5a47730b275ea6.jpg,train,bored,bigdata_bored_engaged_aksan_50_1773299657014_008_jpg.rf.6b94288f95cb4a7b2528abb99511eec1.jpg,val,bored,1,2
bigdata_bored_engaged_aksan_50_1773299657014_006_jpg.rf.ecfe30fd9c8af54ff0c81e3635597630.jpg,train,bored,bigdata_bored_engaged_aksan_50_1773299657014_008_jpg.rf.6b94288f95cb4a7b2528abb99511eec1.jpg,val,bored,0,2
bigdata_bored_engaged_aksan_50_1773299657014_007_jpg.rf.21630569bfb63155b70f6a88e4e0ca38.jpg,train,bored,bigdata_bored_engaged_aksan_50_1773299657014_008_jpg.rf.6b94288f95cb4a7b2528abb99511eec1.jpg,val,bored,0,2
bigdata_bored_engaged_aksan_50_1773299657014_009_jpg.rf.8d1746255038f23d338e8848b210653f.jpg,train,bored,bigdata_bored_engaged_aksan_50_1773299657014_008_jpg.rf.6b94288f95cb4a7b2528abb99511eec1.jpg,val,bored,1,2
bigdata_bored_engaged_aksan_50_1773299657617_010_jpg.rf.c118475abb38fac1be2a3d3f9e8fd8ed.jpg,train,bored,bigdata_bored_engaged_aksan_50_1773299657014_008_jpg.rf.6b94288f95cb4a7b2528abb99511eec1.jpg,val,bored,3,2
bigdata_bored_engaged_aksan_50_1773299657617_011_jpg.rf.e67df58d8fbf15c5e32b2646f677f763.jpg,train,bored,bigdata_bored_engaged_aksan_50_1773299657014_008_jpg.rf.6b94288f95cb4a7b2528abb99511eec1.jpg,val,bored,5,4
bigdata_bored_engaged_aksan_50_1773299657617_012_jpg.rf.be163418b1707bb5fb12b8a0918edf73.jpg,train,bored,bigdata_bored_engaged_aksan_50_1773299657014_008_jpg.rf.6b94288f95cb4a7b2528abb99511eec1.jpg,val,bored,3,4
bigdata_bored_engaged_aksan_50_1773299657618_013_jpg.rf.98458d259287e231fe9a20b33114ce0a.jpg,train,bored,bigdata_bored_engaged_aksan_50_1773299657014_008_jpg.rf.6b94288f95cb4a7b2528abb99511eec1.jpg,val,bored,2,2
bigdata_bored_engaged_aksan_50_1773299657618_014_jpg.rf.5e835fdcc120e663ad22fd9bb0344739.jpg,train,bored,bigdata_bored_engaged_aksan_50_1773299657014_008_jpg.rf.6b94288f95cb4a7b2528abb99511eec1.jpg,val,bored,2,2
bigdata_bored_engaged_aksan_50_1773299658160_016_jpg.rf.ea32d34acdc3414abe5f655d5d0b4edc.jpg,train,bored,bigdata_bored_engaged_aksan_50_1773299657014_008_jpg.rf.6b94288f95cb4a7b2528abb99511eec1.jpg,val,bored,2,2
bigdata_bored_engaged_aksan_50_1773299658160_018_jpg.rf.013dc48e1e6d5343f0ca2c30d29aa6e4.jpg,train,bored,bigdata_bored_engaged_aksan_50_1773299657014_008_jpg.rf.6b94288f95cb4a7b2528abb99511eec1.jpg,val,bored,4,4
bigdata_bored_engaged_aksan_50_1773299658160_019_jpg.rf.d4414c866dd79f55240d54800525bd53.jpg,train,bored,bigdata_bored_engaged_aksan_50_1773299657014_008_jpg.rf.6b94288f95cb4a7b2528abb99511eec1.jpg,val,bored,4,4
bigdata_bored_engaged_aksan_50_1773299658704_020_jpg.rf.d5a2de0c6e5ee34eeb0ab564ed003aa6.jpg,train,bored,bigdata_bored_engaged_aksan_50_1773299657014_008_jpg.rf.6b94288f95cb4a7b2528abb99511eec1.jpg,val,bored,3,4
bigdata_bored_engaged_aksan_50_1773299658704_023_jpg.rf.6b38a5e39cc51e24568bf7f5290baf80.jpg,train,bored,bigdata_bored_engaged_aksan_50_1773299657014_008_jpg.rf.6b94288f95cb4a7b2528abb99511eec1.jpg,val,bored,4,2
bigdata_bored_engaged_ansyah_08_1774442989963_001_jpg.rf.c61611505b9bd1f85787e3166afad911.jpg,train,bored,bigdata_bored_engaged_ansyah_08_1774442990994_006_jpg.rf.9bf3ff2fa5fc3c61ee89baec7d65cefe.jpg,val,bored,4,0
bigdata_bored_engaged_ansyah_08_1774442989963_001_jpg.rf.c61611505b9bd1f85787e3166afad911.jpg,train,bored,bigdata_bored_engaged_ansyah_08_1774442990994_007_jpg.rf.a0282594112e0a7cf2dd18000494336d.jpg,val,bored,4,0
bigdata_bored_engaged_ansyah_08_1774442989963_001_jpg.rf.c61611505b9bd1f85787e3166afad911.jpg,train,bored,bigdata_bored_engaged_ansyah_08_1774442991608_011_jpg.rf.2528f51244a9e742f5afbb53090bfefd.jpg,val,bored,4,2
bigdata_bored_engaged_ansyah_08_1774442989963_001_jpg.rf.c61611505b9bd1f85787e3166afad911.jpg,train,bored,bigdata_bored_engaged_ansyah_08_1774442992774_022_jpg.rf.bc2bb9067e93fc034766c21a00bfcfe3.jpg,val,bored,4,2
bigdata_bored_engaged_ansyah_08_1774442989963_001_jpg.rf.c61611505b9bd1f85787e3166afad911.jpg,train,bored,bigdata_bored_engaged_ansyah_08_1774442992774_023_jpg.rf.10c06ea0057843e6ca9549e95ed55c81.jpg,val,bored,3,2
bigdata_bored_engaged_ansyah_08_1774442989963_002_jpg.rf.853b0334cb4876973c88421055972b4e.jpg,train,bored,bigdata_bored_engaged_ansyah_08_1774442990994_006_jpg.rf.9bf3ff2fa5fc3c61ee89baec7d65cefe.jpg,val,bored,4,0
bigdata_bored_engaged_ansyah_08_1774442989963_002_jpg.rf.853b0334cb4876973c88421055972b4e.jpg,train,bored,bigdata_bored_engaged_ansyah_08_1774442990994_007_jpg.rf.a0282594112e0a7cf2dd18000494336d.jpg,val,bored,4,0
bigdata_bored_engaged_ansyah_08_1774442989963_002_jpg.rf.853b0334cb4876973c88421055972b4e.jpg,train,bored,bigdata_bored_engaged_ansyah_08_1774442991608_011_jpg.rf.2528f51244a9e742f5afbb53090bfefd.jpg,val,bored,4,2
bigdata_bored_engaged_ansyah_08_1774442989963_002_jpg.rf.853b0334cb4876973c88421055972b4e.jpg,train,bored,bigdata_bored_engaged_ansyah_08_1774442992774_022_jpg.rf.bc2bb9067e93fc034766c21a00bfcfe3.jpg,val,bored,4,2
bigdata_bored_engaged_ansyah_08_1774442989963_002_jpg.rf.853b0334cb4876973c88421055972b4e.jpg,train,bored,bigdata_bored_engaged_ansyah_08_1774442992774_023_jpg.rf.10c06ea0057843e6ca9549e95ed55c81.jpg,val,bored,3,2
bigdata_bored_engaged_ansyah_08_1774442989963_003_jpg.rf.237ef4186f4ac8f0613f3c714b47d1bf.jpg,train,bored,bigdata_bored_engaged_ansyah_08_1774442990994_006_jpg.rf.9bf3ff2fa5fc3c61ee89baec7d65cefe.jpg,val,bored,3,0
bigdata_bored_engaged_ansyah_08_1774442989963_003_jpg.rf.237ef4186f4ac8f0613f3c714b47d1bf.jpg,train,bored,bigdata_bored_engaged_ansyah_08_1774442990994_007_jpg.rf.a0282594112e0a7cf2dd18000494336d.jpg,val,bored,3,0
bigdata_bored_engaged_ansyah_08_1774442989963_003_jpg.rf.237ef4186f4ac8f0613f3c714b47d1bf.jpg,train,bored,bigdata_bored_engaged_ansyah_08_1774442991608_011_jpg.rf.2528f51244a9e742f5afbb53090bfefd.jpg,val,bored,3,2
bigdata_bored_engaged_ansyah_08_1774442989963_003_jpg.rf.237ef4186f4ac8f0613f3c714b47d1bf.jpg,train,bored,bigdata_bored_engaged_ansyah_08_1774442992774_022_jpg.rf.bc2bb9067e93fc034766c21a00bfcfe3.jpg,val,bored,5,2
bigdata_bored_engaged_ansyah_08_1774442989963_003_jpg.rf.237ef4186f4ac8f0613f3c714b47d1bf.jpg,train,bored,bigdata_bored_engaged_ansyah_08_1774442992774_023_jpg.rf.10c06ea0057843e6ca9549e95ed55c81.jpg,val,bored,4,2
bigdata_bored_engaged_ansyah_08_1774442989963_004_jpg.rf.989891dd7b734a2949a789aa8ce898b2.jpg,train,bored,bigdata_bored_engaged_ansyah_08_1774442990994_006_jpg.rf.9bf3ff2fa5fc3c61ee89baec7d65cefe.jpg,val,bored,1,0
bigdata_bored_engaged_ansyah_08_1774442989963_004_jpg.rf.989891dd7b734a2949a789aa8ce898b2.jpg,train,bored,bigdata_bored_engaged_ansyah_08_1774442990994_007_jpg.rf.a0282594112e0a7cf2dd18000494336d.jpg,val,bored,1,0
bigdata_bored_engaged_ansyah_08_1774442989963_004_jpg.rf.989891dd7b734a2949a789aa8ce898b2.jpg,train,bored,bigdata_bored_engaged_ansyah_08_1774442991608_011_jpg.rf.2528f51244a9e742f5afbb53090bfefd.jpg,val,bored,3,2
bigdata_bored_engaged_ansyah_08_1774442989963_004_jpg.rf.989891dd7b734a2949a789aa8ce898b2.jpg,train,bored,bigdata_bored_engaged_ansyah_08_1774442992774_022_jpg.rf.bc2bb9067e93fc034766c21a00bfcfe3.jpg,val,bored,5,2
bigdata_bored_engaged_ansyah_08_1774442989963_004_jpg.rf.989891dd7b734a2949a789aa8ce898b2.jpg,train,bored,bigdata_bored_engaged_ansyah_08_1774442992774_023_jpg.rf.10c06ea0057843e6ca9549e95ed55c81.jpg,val,bored,4,2
bigdata_bored_engaged_ansyah_08_1774442990994_005_jpg.rf.491c06ab68a9b4aaae833d1ed88cb374.jpg,train,bored,bigdata_bored_engaged_ansyah_08_1774442990994_006_jpg.rf.9bf3ff2fa5fc3c61ee89baec7d65cefe.jpg,val,bored,1,0
bigdata_bored_engaged_ansyah_08_1774442990994_005_jpg.rf.491c06ab68a9b4aaae833d1ed88cb374.jpg,train,bored,bigdata_bored_engaged_ansyah_08_1774442990994_007_jpg.rf.a0282594112e0a7cf2dd18000494336d.jpg,val,bored,3,0
bigdata_bored_engaged_ansyah_08_1774442990994_005_jpg.rf.491c06ab68a9b4aaae833d1ed88cb374.jpg,train,bored,bigdata_bored_engaged_ansyah_08_1774442991608_011_jpg.rf.2528f51244a9e742f5afbb53090bfefd.jpg,val,bored,3,2
bigdata_bored_engaged_ansyah_08_1774442990994_005_jpg.rf.491c06ab68a9b4aaae833d1ed88cb374.jpg,train,bored,bigdata_bored_engaged_ansyah_08_1774442992774_022_jpg.rf.bc2bb9067e93fc034766c21a00bfcfe3.jpg,val,bored,3,2
bigdata_bored_engaged_ansyah_08_1774442990994_005_jpg.rf.491c06ab68a9b4aaae833d1ed88cb374.jpg,train,bored,bigdata_bored_engaged_ansyah_08_1774442992774_023_jpg.rf.10c06ea0057843e6ca9549e95ed55c81.jpg,val,bored,2,2
bigdata_bored_engaged_ansyah_08_1774442990994_008_jpg.rf.dab7819dd89f1b03710fe3b7f06251aa.jpg,train,bored,bigdata_bored_engaged_ansyah_08_1774442990994_006_jpg.rf.9bf3ff2fa5fc3c61ee89baec7d65cefe.jpg,val,bored,5,2
bigdata_bored_engaged_ansyah_08_1774442990994_008_jpg.rf.dab7819dd89f1b03710fe3b7f06251aa.jpg,train,bored,bigdata_bored_engaged_ansyah_08_1774442990994_007_jpg.rf.a0282594112e0a7cf2dd18000494336d.jpg,val,bored,3,2
bigdata_bored_engaged_ansyah_08_1774442990994_008_jpg.rf.dab7819dd89f1b03710fe3b7f06251aa.jpg,train,bored,bigdata_bored_engaged_ansyah_08_1774442991608_011_jpg.rf.2528f51244a9e742f5afbb53090bfefd.jpg,val,bored,1,2
bigdata_bored_engaged_ansyah_08_1774442990994_008_jpg.rf.dab7819dd89f1b03710fe3b7f06251aa.jpg,train,bored,bigdata_bored_engaged_ansyah_08_1774442992774_022_jpg.rf.bc2bb9067e93fc034766c21a00bfcfe3.jpg,val,bored,3,2
bigdata_bored_engaged_ansyah_08_1774442990994_008_jpg.rf.dab7819dd89f1b03710fe3b7f06251aa.jpg,train,bored,bigdata_bored_engaged_ansyah_08_1774442992774_023_jpg.rf.10c06ea0057843e6ca9549e95ed55c81.jpg,val,bored,4,2
bigdata_bored_engaged_ansyah_08_1774442990994_009_jpg.rf.b1456769968ad3f7a79b105cc7ad426f.jpg,train,bored,bigdata_bored_engaged_ansyah_08_1774442990994_006_jpg.rf.9bf3ff2fa5fc3c61ee89baec7d65cefe.jpg,val,bored,3,2
bigdata_bored_engaged_ansyah_08_1774442990994_009_jpg.rf.b1456769968ad3f7a79b105cc7ad426f.jpg,train,bored,bigdata_bored_engaged_ansyah_08_1774442990994_007_jpg.rf.a0282594112e0a7cf2dd18000494336d.jpg,val,bored,1,2
bigdata_bored_engaged_ansyah_08_1774442990994_009_jpg.rf.b1456769968ad3f7a79b105cc7ad426f.jpg,train,bored,bigdata_bored_engaged_ansyah_08_1774442991608_011_jpg.rf.2528f51244a9e742f5afbb53090bfefd.jpg,val,bored,1,2
bigdata_bored_engaged_ansyah_08_1774442990994_009_jpg.rf.b1456769968ad3f7a79b105cc7ad426f.jpg,train,bored,bigdata_bored_engaged_ansyah_08_1774442992774_022_jpg.rf.bc2bb9067e93fc034766c21a00bfcfe3.jpg,val,bored,3,2
bigdata_bored_engaged_ansyah_08_1774442990994_009_jpg.rf.b1456769968ad3f7a79b105cc7ad426f.jpg,train,bored,bigdata_bored_engaged_ansyah_08_1774442992774_023_jpg.rf.10c06ea0057843e6ca9549e95ed55c81.jpg,val,bored,2,2
bigdata_bored_engaged_ansyah_08_1774442991608_010_jpg.rf.6f4052ccc68bea9ea6ff55505b53a548.jpg,train,bored,bigdata_bored_engaged_ansyah_08_1774442990994_006_jpg.rf.9bf3ff2fa5fc3c61ee89baec7d65cefe.jpg,val,bored,2,2
bigdata_bored_engaged_ansyah_08_1774442991608_010_jpg.rf.6f4052ccc68bea9ea6ff55505b53a548.jpg,train,bored,bigdata_bored_engaged_ansyah_08_1774442990994_007_jpg.rf.a0282594112e0a7cf2dd18000494336d.jpg,val,bored,2,2
bigdata_bored_engaged_ansyah_08_1774442991608_010_jpg.rf.6f4052ccc68bea9ea6ff55505b53a548.jpg,train,bored,bigdata_bored_engaged_ansyah_08_1774442991608_011_jpg.rf.2528f51244a9e742f5afbb53090bfefd.jpg,val,bored,4,2
bigdata_bored_engaged_ansyah_08_1774442991608_010_jpg.rf.6f4052ccc68bea9ea6ff55505b53a548.jpg,train,bored,bigdata_bored_engaged_ansyah_08_1774442992774_022_jpg.rf.bc2bb9067e93fc034766c21a00bfcfe3.jpg,val,bored,4,2
bigdata_bored_engaged_ansyah_08_1774442991608_010_jpg.rf.6f4052ccc68bea9ea6ff55505b53a548.jpg,train,bored,bigdata_bored_engaged_ansyah_08_1774442992774_023_jpg.rf.10c06ea0057843e6ca9549e95ed55c81.jpg,val,bored,3,2
bigdata_bored_engaged_ansyah_08_1774442991608_012_jpg.rf.267823147e69e7bc005fe1eab622c546.jpg,train,bored,bigdata_bored_engaged_ansyah_08_1774442990994_006_jpg.rf.9bf3ff2fa5fc3c61ee89baec7d65cefe.jpg,val,bored,1,2
bigdata_bored_engaged_ansyah_08_1774442991608_012_jpg.rf.267823147e69e7bc005fe1eab622c546.jpg,train,bored,bigdata_bored_engaged_ansyah_08_1774442990994_007_jpg.rf.a0282594112e0a7cf2dd18000494336d.jpg,val,bored,1,2
bigdata_bored_engaged_ansyah_08_1774442991608_012_jpg.rf.267823147e69e7bc005fe1eab622c546.jpg,train,bored,bigdata_bored_engaged_ansyah_08_1774442991608_011_jpg.rf.2528f51244a9e742f5afbb53090bfefd.jpg,val,bored,3,0
bigdata_bored_engaged_ansyah_08_1774442991608_012_jpg.rf.267823147e69e7bc005fe1eab622c546.jpg,train,bored,bigdata_bored_engaged_ansyah_08_1774442992774_022_jpg.rf.bc2bb9067e93fc034766c21a00bfcfe3.jpg,val,bored,3,0
bigdata_bored_engaged_ansyah_08_1774442991608_012_jpg.rf.267823147e69e7bc005fe1eab622c546.jpg,train,bored,bigdata_bored_engaged_ansyah_08_1774442992774_023_jpg.rf.10c06ea0057843e6ca9549e95ed55c81.jpg,val,bored,2,0
bigdata_bored_engaged_ansyah_08_1774442991608_013_jpg.rf.719f5586536602db15172c3fc4da63ad.jpg,train,bored,bigdata_bored_engaged_ansyah_08_1774442990994_006_jpg.rf.9bf3ff2fa5fc3c61ee89baec7d65cefe.jpg,val,bored,5,2
bigdata_bored_engaged_ansyah_08_1774442991608_013_jpg.rf.719f5586536602db15172c3fc4da63ad.jpg,train,bored,bigdata_bored_engaged_ansyah_08_1774442990994_007_jpg.rf.a0282594112e0a7cf2dd18000494336d.jpg,val,bored,3,2
bigdata_bored_engaged_ansyah_08_1774442991608_013_jpg.rf.719f5586536602db15172c3fc4da63ad.jpg,train,bored,bigdata_bored_engaged_ansyah_08_1774442991608_011_jpg.rf.2528f51244a9e742f5afbb53090bfefd.jpg,val,bored,1,0
bigdata_bored_engaged_ansyah_08_1774442991608_013_jpg.rf.719f5586536602db15172c3fc4da63ad.jpg,train,bored,bigdata_bored_engaged_ansyah_08_1774442992774_022_jpg.rf.bc2bb9067e93fc034766c21a00bfcfe3.jpg,val,bored,1,0
bigdata_bored_engaged_ansyah_08_1774442991608_013_jpg.rf.719f5586536602db15172c3fc4da63ad.jpg,train,bored,bigdata_bored_engaged_ansyah_08_1774442992774_023_jpg.rf.10c06ea0057843e6ca9549e95ed55c81.jpg,val,bored,2,0
bigdata_bored_engaged_ansyah_08_1774442991608_014_jpg.rf.ddf3a360822d80c5866ac3aaa07c5c53.jpg,train,bored,bigdata_bored_engaged_ansyah_08_1774442990994_006_jpg.rf.9bf3ff2fa5fc3c61ee89baec7d65cefe.jpg,val,bored,4,2
bigdata_bored_engaged_ansyah_08_1774442991608_014_jpg.rf.ddf3a360822d80c5866ac3aaa07c5c53.jpg,train,bored,bigdata_bored_engaged_ansyah_08_1774442990994_007_jpg.rf.a0282594112e0a7cf2dd18000494336d.jpg,val,bored,4,2
bigdata_bored_engaged_ansyah_08_1774442991608_014_jpg.rf.ddf3a360822d80c5866ac3aaa07c5c53.jpg,train,bored,bigdata_bored_engaged_ansyah_08_1774442991608_011_jpg.rf.2528f51244a9e742f5afbb53090bfefd.jpg,val,bored,2,2
bigdata_bored_engaged_ansyah_08_1774442991608_014_jpg.rf.ddf3a360822d80c5866ac3aaa07c5c53.jpg,train,bored,bigdata_bored_engaged_ansyah_08_1774442992774_022_jpg.rf.bc2bb9067e93fc034766c21a00bfcfe3.jpg,val,bored,0,2
bigdata_bored_engaged_ansyah_08_1774442991608_014_jpg.rf.ddf3a360822d80c5866ac3aaa07c5c53.jpg,train,bored,bigdata_bored_engaged_ansyah_08_1774442992774_023_jpg.rf.10c06ea0057843e6ca9549e95ed55c81.jpg,val,bored,1,2
bigdata_bored_engaged_ansyah_08_1774442992290_015_jpg.rf.3ba757d0178854101260f4d357afaf23.jpg,train,bored,bigdata_bored_engaged_ansyah_08_1774442990994_006_jpg.rf.9bf3ff2fa5fc3c61ee89baec7d65cefe.jpg,val,bored,3,2
bigdata_bored_engaged_ansyah_08_1774442992290_015_jpg.rf.3ba757d0178854101260f4d357afaf23.jpg,train,bored,bigdata_bored_engaged_ansyah_08_1774442990994_007_jpg.rf.a0282594112e0a7cf2dd18000494336d.jpg,val,bored,3,2
bigdata_bored_engaged_ansyah_08_1774442992290_015_jpg.rf.3ba757d0178854101260f4d357afaf23.jpg,train,bored,bigdata_bored_engaged_ansyah_08_1774442991608_011_jpg.rf.2528f51244a9e742f5afbb53090bfefd.jpg,val,bored,3,0
bigdata_bored_engaged_ansyah_08_1774442992290_015_jpg.rf.3ba757d0178854101260f4d357afaf23.jpg,train,bored,bigdata_bored_engaged_ansyah_08_1774442992774_022_jpg.rf.bc2bb9067e93fc034766c21a00bfcfe3.jpg,val,bored,1,0
bigdata_bored_engaged_ansyah_08_1774442992290_015_jpg.rf.3ba757d0178854101260f4d357afaf23.jpg,train,bored,bigdata_bored_engaged_ansyah_08_1774442992774_023_jpg.rf.10c06ea0057843e6ca9549e95ed55c81.jpg,val,bored,0,0
bigdata_bored_engaged_ansyah_08_1774442992290_016_jpg.rf.06167b60e93613997cd41cb250493060.jpg,train,bored,bigdata_bored_engaged_ansyah_08_1774442990994_006_jpg.rf.9bf3ff2fa5fc3c61ee89baec7d65cefe.jpg,val,bored,4,2
bigdata_bored_engaged_ansyah_08_1774442992290_016_jpg.rf.06167b60e93613997cd41cb250493060.jpg,train,bored,bigdata_bored_engaged_ansyah_08_1774442990994_007_jpg.rf.a0282594112e0a7cf2dd18000494336d.jpg,val,bored,2,2
bigdata_bored_engaged_ansyah_08_1774442992290_016_jpg.rf.06167b60e93613997cd41cb250493060.jpg,train,bored,bigdata_bored_engaged_ansyah_08_1774442991608_011_jpg.rf.2528f51244a9e742f5afbb53090bfefd.jpg,val,bored,0,2
bigdata_bored_engaged_ansyah_08_1774442992290_016_jpg.rf.06167b60e93613997cd41cb250493060.jpg,train,bored,bigdata_bored_engaged_ansyah_08_1774442992774_022_jpg.rf.bc2bb9067e93fc034766c21a00bfcfe3.jpg,val,bored,2,2
bigdata_bored_engaged_ansyah_08_1774442992290_016_jpg.rf.06167b60e93613997cd41cb250493060.jpg,train,bored,bigdata_bored_engaged_ansyah_08_1774442992774_023_jpg.rf.10c06ea0057843e6ca9549e95ed55c81.jpg,val,bored,3,2
bigdata_bored_engaged_ansyah_08_1774442992290_017_jpg.rf.89fa4455b9eccb0136b2b2060cdcdbb4.jpg,train,bored,bigdata_bored_engaged_ansyah_08_1774442990994_006_jpg.rf.9bf3ff2fa5fc3c61ee89baec7d65cefe.jpg,val,bored,2,2
bigdata_bored_engaged_ansyah_08_1774442992290_017_jpg.rf.89fa4455b9eccb0136b2b2060cdcdbb4.jpg,train,bored,bigdata_bored_engaged_ansyah_08_1774442990994_007_jpg.rf.a0282594112e0a7cf2dd18000494336d.jpg,val,bored,0,2
bigdata_bored_engaged_ansyah_08_1774442992290_017_jpg.rf.89fa4455b9eccb0136b2b2060cdcdbb4.jpg,train,bored,bigdata_bored_engaged_ansyah_08_1774442991608_011_jpg.rf.2528f51244a9e742f5afbb53090bfefd.jpg,val,bored,2,2
bigdata_bored_engaged_ansyah_08_1774442992290_017_jpg.rf.89fa4455b9eccb0136b2b2060cdcdbb4.jpg,train,bored,bigdata_bored_engaged_ansyah_08_1774442992774_022_jpg.rf.bc2bb9067e93fc034766c21a00bfcfe3.jpg,val,bored,4,2
bigdata_bored_engaged_ansyah_08_1774442992290_017_jpg.rf.89fa4455b9eccb0136b2b2060cdcdbb4.jpg,train,bored,bigdata_bored_engaged_ansyah_08_1774442992774_023_jpg.rf.10c06ea0057843e6ca9549e95ed55c81.jpg,val,bored,3,2
bigdata_bored_engaged_ansyah_08_1774442992290_018_jpg.rf.48b5808cdf17d1f2cc0a289b468e3d10.jpg,train,bored,bigdata_bored_engaged_ansyah_08_1774442990994_006_jpg.rf.9bf3ff2fa5fc3c61ee89baec7d65cefe.jpg,val,bored,3,2
bigdata_bored_engaged_ansyah_08_1774442992290_018_jpg.rf.48b5808cdf17d1f2cc0a289b468e3d10.jpg,train,bored,bigdata_bored_engaged_ansyah_08_1774442990994_007_jpg.rf.a0282594112e0a7cf2dd18000494336d.jpg,val,bored,1,2
bigdata_bored_engaged_ansyah_08_1774442992290_018_jpg.rf.48b5808cdf17d1f2cc0a289b468e3d10.jpg,train,bored,bigdata_bored_engaged_ansyah_08_1774442991608_011_jpg.rf.2528f51244a9e742f5afbb53090bfefd.jpg,val,bored,1,2
bigdata_bored_engaged_ansyah_08_1774442992290_018_jpg.rf.48b5808cdf17d1f2cc0a289b468e3d10.jpg,train,bored,bigdata_bored_engaged_ansyah_08_1774442992774_022_jpg.rf.bc2bb9067e93fc034766c21a00bfcfe3.jpg,val,bored,3,2
bigdata_bored_engaged_ansyah_08_1774442992290_018_jpg.rf.48b5808cdf17d1f2cc0a289b468e3d10.jpg,train,bored,bigdata_bored_engaged_ansyah_08_1774442992774_023_jpg.rf.10c06ea0057843e6ca9549e95ed55c81.jpg,val,bored,4,2
bigdata_bored_engaged_ansyah_08_1774442992290_019_jpg.rf.2781e7163fd436f9c6e0ae277e131b89.jpg,train,bored,bigdata_bored_engaged_ansyah_08_1774442990994_006_jpg.rf.9bf3ff2fa5fc3c61ee89baec7d65cefe.jpg,val,bored,4,2
bigdata_bored_engaged_ansyah_08_1774442992290_019_jpg.rf.2781e7163fd436f9c6e0ae277e131b89.jpg,train,bored,bigdata_bored_engaged_ansyah_08_1774442990994_007_jpg.rf.a0282594112e0a7cf2dd18000494336d.jpg,val,bored,2,2
bigdata_bored_engaged_ansyah_08_1774442992290_019_jpg.rf.2781e7163fd436f9c6e0ae277e131b89.jpg,train,bored,bigdata_bored_engaged_ansyah_08_1774442991608_011_jpg.rf.2528f51244a9e742f5afbb53090bfefd.jpg,val,bored,2,2
bigdata_bored_engaged_ansyah_08_1774442992290_019_jpg.rf.2781e7163fd436f9c6e0ae277e131b89.jpg,train,bored,bigdata_bored_engaged_ansyah_08_1774442992774_022_jpg.rf.bc2bb9067e93fc034766c21a00bfcfe3.jpg,val,bored,2,2
bigdata_bored_engaged_ansyah_08_1774442992290_019_jpg.rf.2781e7163fd436f9c6e0ae277e131b89.jpg,train,bored,bigdata_bored_engaged_ansyah_08_1774442992774_023_jpg.rf.10c06ea0057843e6ca9549e95ed55c81.jpg,val,bored,1,2
bigdata_bored_engaged_ansyah_08_1774442992774_020_jpg.rf.06cecb7bec37d72145d8c581bc96023b.jpg,train,bored,bigdata_bored_engaged_ansyah_08_1774442990994_006_jpg.rf.9bf3ff2fa5fc3c61ee89baec7d65cefe.jpg,val,bored,4,2
bigdata_bored_engaged_ansyah_08_1774442992774_020_jpg.rf.06cecb7bec37d72145d8c581bc96023b.jpg,train,bored,bigdata_bored_engaged_ansyah_08_1774442990994_007_jpg.rf.a0282594112e0a7cf2dd18000494336d.jpg,val,bored,4,2
bigdata_bored_engaged_ansyah_08_1774442992774_020_jpg.rf.06cecb7bec37d72145d8c581bc96023b.jpg,train,bored,bigdata_bored_engaged_ansyah_08_1774442991608_011_jpg.rf.2528f51244a9e742f5afbb53090bfefd.jpg,val,bored,2,2
bigdata_bored_engaged_ansyah_08_1774442992774_020_jpg.rf.06cecb7bec37d72145d8c581bc96023b.jpg,train,bored,bigdata_bored_engaged_ansyah_08_1774442992774_022_jpg.rf.bc2bb9067e93fc034766c21a00bfcfe3.jpg,val,bored,0,2
bigdata_bored_engaged_ansyah_08_1774442992774_020_jpg.rf.06cecb7bec37d72145d8c581bc96023b.jpg,train,bored,bigdata_bored_engaged_ansyah_08_1774442992774_023_jpg.rf.10c06ea0057843e6ca9549e95ed55c81.jpg,val,bored,1,2
bigdata_bored_engaged_ansyah_08_1774442992774_021_jpg.rf.3932ee4d2493a70d7c774f83efceed33.jpg,train,bored,bigdata_bored_engaged_ansyah_08_1774442990994_006_jpg.rf.9bf3ff2fa5fc3c61ee89baec7d65cefe.jpg,val,bored,2,2
bigdata_bored_engaged_ansyah_08_1774442992774_021_jpg.rf.3932ee4d2493a70d7c774f83efceed33.jpg,train,bored,bigdata_bored_engaged_ansyah_08_1774442990994_007_jpg.rf.a0282594112e0a7cf2dd18000494336d.jpg,val,bored,2,2
bigdata_bored_engaged_ansyah_08_1774442992774_021_jpg.rf.3932ee4d2493a70d7c774f83efceed33.jpg,train,bored,bigdata_bored_engaged_ansyah_08_1774442991608_011_jpg.rf.2528f51244a9e742f5afbb53090bfefd.jpg,val,bored,2,0
bigdata_bored_engaged_ansyah_08_1774442992774_021_jpg.rf.3932ee4d2493a70d7c774f83efceed33.jpg,train,bored,bigdata_bored_engaged_ansyah_08_1774442992774_022_jpg.rf.bc2bb9067e93fc034766c21a00bfcfe3.jpg,val,bored,2,0
bigdata_bored_engaged_ansyah_08_1774442992774_021_jpg.rf.3932ee4d2493a70d7c774f83efceed33.jpg,train,bored,bigdata_bored_engaged_ansyah_08_1774442992774_023_jpg.rf.10c06ea0057843e6ca9549e95ed55c81.jpg,val,bored,1,0
bigdata_bored_engaged_ardiansyah_26_1774441955582_000_jpg.rf.61aac073a65034d2ada9c37dec642107.jpg,train,bored,bigdata_bored_engaged_ardiansyah_26_1774441955583_003_jpg.rf.3d18f55bf69273b34f5cae54f5be7061.jpg,val,bored,3,2
bigdata_bored_engaged_ardiansyah_26_1774441955582_000_jpg.rf.61aac073a65034d2ada9c37dec642107.jpg,train,bored,bigdata_bored_engaged_ardiansyah_26_1774441957290_012_jpg.rf.0096f72515c6cf894a641fc9124db463.jpg,val,bored,4,2
bigdata_bored_engaged_ardiansyah_26_1774441955582_000_jpg.rf.61aac073a65034d2ada9c37dec642107.jpg,train,bored,bigdata_bored_engaged_ardiansyah_26_1774441958093_015_jpg.rf.e052ffb5c77260800fb363ca149520ae.jpg,val,bored,3,2
bigdata_bored_engaged_ardiansyah_26_1774441955582_000_jpg.rf.61aac073a65034d2ada9c37dec642107.jpg,train,bored,bigdata_bored_engaged_ardiansyah_26_1774441958093_019_jpg.rf.d8257ccec73373ac0e347944beaa34b4.jpg,val,bored,5,4
bigdata_bored_engaged_ardiansyah_26_1774441955582_001_jpg.rf.3c132875e28e42590546effcdec01096.jpg,train,bored,bigdata_bored_engaged_ardiansyah_26_1774441955583_003_jpg.rf.3d18f55bf69273b34f5cae54f5be7061.jpg,val,bored,2,2
bigdata_bored_engaged_ardiansyah_26_1774441955582_001_jpg.rf.3c132875e28e42590546effcdec01096.jpg,train,bored,bigdata_bored_engaged_ardiansyah_26_1774441957290_012_jpg.rf.0096f72515c6cf894a641fc9124db463.jpg,val,bored,1,2
bigdata_bored_engaged_ardiansyah_26_1774441955582_001_jpg.rf.3c132875e28e42590546effcdec01096.jpg,train,bored,bigdata_bored_engaged_ardiansyah_26_1774441958093_015_jpg.rf.e052ffb5c77260800fb363ca149520ae.jpg,val,bored,2,2
bigdata_bored_engaged_ardiansyah_26_1774441955582_001_jpg.rf.3c132875e28e42590546effcdec01096.jpg,train,bored,bigdata_bored_engaged_ardiansyah_26_1774441958093_019_jpg.rf.d8257ccec73373ac0e347944beaa34b4.jpg,val,bored,4,4
bigdata_bored_engaged_ardiansyah_26_1774441955582_002_jpg.rf.d89f86ad56609513b11809cb9057efd0.jpg,train,bored,bigdata_bored_engaged_ardiansyah_26_1774441955583_003_jpg.rf.3d18f55bf69273b34f5cae54f5be7061.jpg,val,bored,2,2
bigdata_bored_engaged_ardiansyah_26_1774441955582_002_jpg.rf.d89f86ad56609513b11809cb9057efd0.jpg,train,bored,bigdata_bored_engaged_ardiansyah_26_1774441957290_012_jpg.rf.0096f72515c6cf894a641fc9124db463.jpg,val,bored,1,2
bigdata_bored_engaged_ardiansyah_26_1774441955582_002_jpg.rf.d89f86ad56609513b11809cb9057efd0.jpg,train,bored,bigdata_bored_engaged_ardiansyah_26_1774441958093_015_jpg.rf.e052ffb5c77260800fb363ca149520ae.jpg,val,bored,2,2
bigdata_bored_engaged_ardiansyah_26_1774441955582_002_jpg.rf.d89f86ad56609513b11809cb9057efd0.jpg,train,bored,bigdata_bored_engaged_ardiansyah_26_1774441958093_019_jpg.rf.d8257ccec73373ac0e347944beaa34b4.jpg,val,bored,4,4
bigdata_bored_engaged_ardiansyah_26_1774441955583_004_jpg.rf.8d04192ebe136e0b630278728e3a1949.jpg,train,bored,bigdata_bored_engaged_ardiansyah_26_1774441955583_003_jpg.rf.3d18f55bf69273b34f5cae54f5be7061.jpg,val,bored,2,2
bigdata_bored_engaged_ardiansyah_26_1774441955583_004_jpg.rf.8d04192ebe136e0b630278728e3a1949.jpg,train,bored,bigdata_bored_engaged_ardiansyah_26_1774441957290_012_jpg.rf.0096f72515c6cf894a641fc9124db463.jpg,val,bored,3,2
bigdata_bored_engaged_ardiansyah_26_1774441955583_004_jpg.rf.8d04192ebe136e0b630278728e3a1949.jpg,train,bored,bigdata_bored_engaged_ardiansyah_26_1774441958093_015_jpg.rf.e052ffb5c77260800fb363ca149520ae.jpg,val,bored,2,2
bigdata_bored_engaged_ardiansyah_26_1774441955583_004_jpg.rf.8d04192ebe136e0b630278728e3a1949.jpg,train,bored,bigdata_bored_engaged_ardiansyah_26_1774441958093_019_jpg.rf.d8257ccec73373ac0e347944beaa34b4.jpg,val,bored,4,2
bigdata_bored_engaged_ardiansyah_26_1774441956742_005_jpg.rf.b8cf03de9d3fb13f90c1563b1c88aeef.jpg,train,bored,bigdata_bored_engaged_ardiansyah_26_1774441957290_012_jpg.rf.0096f72515c6cf894a641fc9124db463.jpg,val,bored,3,4
bigdata_bored_engaged_ardiansyah_26_1774441956742_005_jpg.rf.b8cf03de9d3fb13f90c1563b1c88aeef.jpg,train,bored,bigdata_bored_engaged_ardiansyah_26_1774441958093_015_jpg.rf.e052ffb5c77260800fb363ca149520ae.jpg,val,bored,2,4
bigdata_bored_engaged_ardiansyah_26_1774441956742_005_jpg.rf.b8cf03de9d3fb13f90c1563b1c88aeef.jpg,train,bored,bigdata_bored_engaged_ardiansyah_26_1774441958093_019_jpg.rf.d8257ccec73373ac0e347944beaa34b4.jpg,val,bored,2,2
bigdata_bored_engaged_ardiansyah_26_1774441956742_006_jpg.rf.03b167b86d866eb1639dbd0bd18f1f46.jpg,train,bored,bigdata_bored_engaged_ardiansyah_26_1774441957290_012_jpg.rf.0096f72515c6cf894a641fc9124db463.jpg,val,bored,5,4
bigdata_bored_engaged_ardiansyah_26_1774441956742_006_jpg.rf.03b167b86d866eb1639dbd0bd18f1f46.jpg,train,bored,bigdata_bored_engaged_ardiansyah_26_1774441958093_015_jpg.rf.e052ffb5c77260800fb363ca149520ae.jpg,val,bored,4,4
bigdata_bored_engaged_ardiansyah_26_1774441956742_006_jpg.rf.03b167b86d866eb1639dbd0bd18f1f46.jpg,train,bored,bigdata_bored_engaged_ardiansyah_26_1774441958093_019_jpg.rf.d8257ccec73373ac0e347944beaa34b4.jpg,val,bored,2,2
bigdata_bored_engaged_ardiansyah_26_1774441956742_007_jpg.rf.faa8fa705f91d6d21419b50bd57d4fc8.jpg,train,bored,bigdata_bored_engaged_ardiansyah_26_1774441955583_003_jpg.rf.3d18f55bf69273b34f5cae54f5be7061.jpg,val,bored,5,4
bigdata_bored_engaged_ardiansyah_26_1774441956742_007_jpg.rf.faa8fa705f91d6d21419b50bd57d4fc8.jpg,train,bored,bigdata_bored_engaged_ardiansyah_26_1774441957290_012_jpg.rf.0096f72515c6cf894a641fc9124db463.jpg,val,bored,2,4
bigdata_bored_engaged_ardiansyah_26_1774441956742_007_jpg.rf.faa8fa705f91d6d21419b50bd57d4fc8.jpg,train,bored,bigdata_bored_engaged_ardiansyah_26_1774441958093_015_jpg.rf.e052ffb5c77260800fb363ca149520ae.jpg,val,bored,3,4
bigdata_bored_engaged_ardiansyah_26_1774441956742_007_jpg.rf.faa8fa705f91d6d21419b50bd57d4fc8.jpg,train,bored,bigdata_bored_engaged_ardiansyah_26_1774441958093_019_jpg.rf.d8257ccec73373ac0e347944beaa34b4.jpg,val,bored,3,2
bigdata_bored_engaged_ardiansyah_26_1774441956742_009_jpg.rf.9f2f5981fe237a9b2df13e00224695f5.jpg,train,bored,bigdata_bored_engaged_ardiansyah_26_1774441955583_003_jpg.rf.3d18f55bf69273b34f5cae54f5be7061.jpg,val,bored,4,0
bigdata_bored_engaged_ardiansyah_26_1774441956742_009_jpg.rf.9f2f5981fe237a9b2df13e00224695f5.jpg,train,bored,bigdata_bored_engaged_ardiansyah_26_1774441957290_012_jpg.rf.0096f72515c6cf894a641fc9124db463.jpg,val,bored,3,0
bigdata_bored_engaged_ardiansyah_26_1774441956742_009_jpg.rf.9f2f5981fe237a9b2df13e00224695f5.jpg,train,bored,bigdata_bored_engaged_ardiansyah_26_1774441958093_015_jpg.rf.e052ffb5c77260800fb363ca149520ae.jpg,val,bored,2,0
bigdata_bored_engaged_ardiansyah_26_1774441956742_009_jpg.rf.9f2f5981fe237a9b2df13e00224695f5.jpg,train,bored,bigdata_bored_engaged_ardiansyah_26_1774441958093_019_jpg.rf.d8257ccec73373ac0e347944beaa34b4.jpg,val,bored,4,2
bigdata_bored_engaged_ardiansyah_26_1774441957290_010_jpg.rf.212fc39f623fd38d34cca3bbe2dbd9ce.jpg,train,bored,bigdata_bored_engaged_ardiansyah_26_1774441955583_003_jpg.rf.3d18f55bf69273b34f5cae54f5be7061.jpg,val,bored,3,0
bigdata_bored_engaged_ardiansyah_26_1774441957290_010_jpg.rf.212fc39f623fd38d34cca3bbe2dbd9ce.jpg,train,bored,bigdata_bored_engaged_ardiansyah_26_1774441957290_012_jpg.rf.0096f72515c6cf894a641fc9124db463.jpg,val,bored,4,0
bigdata_bored_engaged_ardiansyah_26_1774441957290_010_jpg.rf.212fc39f623fd38d34cca3bbe2dbd9ce.jpg,train,bored,bigdata_bored_engaged_ardiansyah_26_1774441958093_015_jpg.rf.e052ffb5c77260800fb363ca149520ae.jpg,val,bored,3,0
bigdata_bored_engaged_ardiansyah_26_1774441957290_010_jpg.rf.212fc39f623fd38d34cca3bbe2dbd9ce.jpg,train,bored,bigdata_bored_engaged_ardiansyah_26_1774441958093_019_jpg.rf.d8257ccec73373ac0e347944beaa34b4.jpg,val,bored,3,2
bigdata_bored_engaged_ardiansyah_26_1774441957290_013_jpg.rf.fe9f4af462b06d03c19bf99eadff69a1.jpg,train,bored,bigdata_bored_engaged_ardiansyah_26_1774441955583_003_jpg.rf.3d18f55bf69273b34f5cae54f5be7061.jpg,val,bored,3,0
bigdata_bored_engaged_ardiansyah_26_1774441957290_013_jpg.rf.fe9f4af462b06d03c19bf99eadff69a1.jpg,train,bored,bigdata_bored_engaged_ardiansyah_26_1774441957290_012_jpg.rf.0096f72515c6cf894a641fc9124db463.jpg,val,bored,2,0
bigdata_bored_engaged_ardiansyah_26_1774441957290_013_jpg.rf.fe9f4af462b06d03c19bf99eadff69a1.jpg,train,bored,bigdata_bored_engaged_ardiansyah_26_1774441958093_015_jpg.rf.e052ffb5c77260800fb363ca149520ae.jpg,val,bored,1,0
bigdata_bored_engaged_ardiansyah_26_1774441957290_013_jpg.rf.fe9f4af462b06d03c19bf99eadff69a1.jpg,train,bored,bigdata_bored_engaged_ardiansyah_26_1774441958093_019_jpg.rf.d8257ccec73373ac0e347944beaa34b4.jpg,val,bored,3,2
bigdata_bored_engaged_ardiansyah_26_1774441957290_014_jpg.rf.1a878403d9b7a74d6b00df0241474f83.jpg,train,bored,bigdata_bored_engaged_ardiansyah_26_1774441955583_003_jpg.rf.3d18f55bf69273b34f5cae54f5be7061.jpg,val,bored,5,2
bigdata_bored_engaged_ardiansyah_26_1774441957290_014_jpg.rf.1a878403d9b7a74d6b00df0241474f83.jpg,train,bored,bigdata_bored_engaged_ardiansyah_26_1774441957290_012_jpg.rf.0096f72515c6cf894a641fc9124db463.jpg,val,bored,2,2
bigdata_bored_engaged_ardiansyah_26_1774441957290_014_jpg.rf.1a878403d9b7a74d6b00df0241474f83.jpg,train,bored,bigdata_bored_engaged_ardiansyah_26_1774441958093_015_jpg.rf.e052ffb5c77260800fb363ca149520ae.jpg,val,bored,1,2
bigdata_bored_engaged_ardiansyah_26_1774441957290_014_jpg.rf.1a878403d9b7a74d6b00df0241474f83.jpg,train,bored,bigdata_bored_engaged_ardiansyah_26_1774441958093_019_jpg.rf.d8257ccec73373ac0e347944beaa34b4.jpg,val,bored,3,2
bigdata_bored_engaged_ardiansyah_26_1774441958093_016_jpg.rf.4eb24f7031e9691d04e87e614d4a6abb.jpg,train,bored,bigdata_bored_engaged_ardiansyah_26_1774441955583_003_jpg.rf.3d18f55bf69273b34f5cae54f5be7061.jpg,val,bored,5,0
bigdata_bored_engaged_ardiansyah_26_1774441958093_016_jpg.rf.4eb24f7031e9691d04e87e614d4a6abb.jpg,train,bored,bigdata_bored_engaged_ardiansyah_26_1774441957290_012_jpg.rf.0096f72515c6cf894a641fc9124db463.jpg,val,bored,2,0
bigdata_bored_engaged_ardiansyah_26_1774441958093_016_jpg.rf.4eb24f7031e9691d04e87e614d4a6abb.jpg,train,bored,bigdata_bored_engaged_ardiansyah_26_1774441958093_015_jpg.rf.e052ffb5c77260800fb363ca149520ae.jpg,val,bored,3,0
bigdata_bored_engaged_ardiansyah_26_1774441958093_016_jpg.rf.4eb24f7031e9691d04e87e614d4a6abb.jpg,train,bored,bigdata_bored_engaged_ardiansyah_26_1774441958093_019_jpg.rf.d8257ccec73373ac0e347944beaa34b4.jpg,val,bored,3,2
bigdata_bored_engaged_ardiansyah_26_1774441958093_017_jpg.rf.c997f5fcaa9a2f97d3e14c74248ba63c.jpg,train,bored,bigdata_bored_engaged_ardiansyah_26_1774441955583_003_jpg.rf.3d18f55bf69273b34f5cae54f5be7061.jpg,val,bored,4,2
bigdata_bored_engaged_ardiansyah_26_1774441958093_017_jpg.rf.c997f5fcaa9a2f97d3e14c74248ba63c.jpg,train,bored,bigdata_bored_engaged_ardiansyah_26_1774441957290_012_jpg.rf.0096f72515c6cf894a641fc9124db463.jpg,val,bored,3,2
bigdata_bored_engaged_ardiansyah_26_1774441958093_017_jpg.rf.c997f5fcaa9a2f97d3e14c74248ba63c.jpg,train,bored,bigdata_bored_engaged_ardiansyah_26_1774441958093_015_jpg.rf.e052ffb5c77260800fb363ca149520ae.jpg,val,bored,4,2
bigdata_bored_engaged_ardiansyah_26_1774441958093_017_jpg.rf.c997f5fcaa9a2f97d3e14c74248ba63c.jpg,train,bored,bigdata_bored_engaged_ardiansyah_26_1774441958093_019_jpg.rf.d8257ccec73373ac0e347944beaa34b4.jpg,val,bored,4,4
bigdata_bored_engaged_ardiansyah_26_1774441958093_018_jpg.rf.cc7d13d2e97d4d63c76ae1571fb279fe.jpg,train,bored,bigdata_bored_engaged_ardiansyah_26_1774441955583_003_jpg.rf.3d18f55bf69273b34f5cae54f5be7061.jpg,val,bored,5,4
bigdata_bored_engaged_ardiansyah_26_1774441958093_018_jpg.rf.cc7d13d2e97d4d63c76ae1571fb279fe.jpg,train,bored,bigdata_bored_engaged_ardiansyah_26_1774441957290_012_jpg.rf.0096f72515c6cf894a641fc9124db463.jpg,val,bored,4,4
bigdata_bored_engaged_ardiansyah_26_1774441958093_018_jpg.rf.cc7d13d2e97d4d63c76ae1571fb279fe.jpg,train,bored,bigdata_bored_engaged_ardiansyah_26_1774441958093_015_jpg.rf.e052ffb5c77260800fb363ca149520ae.jpg,val,bored,5,4
bigdata_bored_engaged_arya_31_1773299393143_000_jpg.rf.d8de80e6652eb74ee16fafdd515e76fa.jpg,train,bored,bigdata_bored_engaged_arya_31_1773299394519_009_jpg.rf.b00310c25849086e808b479da9711743.jpg,val,bored,1,4
bigdata_bored_engaged_arya_31_1773299393144_001_jpg.rf.bfb0021ffefede09c403eff9e5906b62.jpg,train,bored,bigdata_bored_engaged_arya_31_1773299394519_009_jpg.rf.b00310c25849086e808b479da9711743.jpg,val,bored,1,6
bigdata_bored_engaged_arya_31_1773299393144_003_jpg.rf.19480fce94d36c987b407bfb569df2b1.jpg,train,bored,bigdata_bored_engaged_arya_31_1773299394519_009_jpg.rf.b00310c25849086e808b479da9711743.jpg,val,bored,0,4
bigdata_bored_engaged_arya_31_1773299393144_004_jpg.rf.364a7baf7e4298d39434d3978571b9a8.jpg,train,bored,bigdata_bored_engaged_arya_31_1773299394519_009_jpg.rf.b00310c25849086e808b479da9711743.jpg,val,bored,0,4
bigdata_bored_engaged_arya_31_1773299394518_005_jpg.rf.f40e402ff91f0255751cb0af00fe0c14.jpg,train,bored,bigdata_bored_engaged_arya_31_1773299394519_009_jpg.rf.b00310c25849086e808b479da9711743.jpg,val,bored,0,4
bigdata_bored_engaged_arya_31_1773299394518_006_jpg.rf.6040eef5b8f5965ea1208a0b40a31b68.jpg,train,bored,bigdata_bored_engaged_arya_31_1773299394519_009_jpg.rf.b00310c25849086e808b479da9711743.jpg,val,bored,0,2
bigdata_bored_engaged_arya_31_1773299394519_007_jpg.rf.e06bbd3b871f08e0a6a4927c1387f823.jpg,train,bored,bigdata_bored_engaged_arya_31_1773299394519_009_jpg.rf.b00310c25849086e808b479da9711743.jpg,val,bored,0,0
bigdata_bored_engaged_arya_31_1773299394519_008_jpg.rf.e4571cad31dd3951dd9e2f79daa70435.jpg,train,bored,bigdata_bored_engaged_arya_31_1773299394519_009_jpg.rf.b00310c25849086e808b479da9711743.jpg,val,bored,0,0
bigdata_bored_engaged_arya_31_1773299395365_010_jpg.rf.841d25b372358b540cc5dabf005e13ed.jpg,train,bored,bigdata_bored_engaged_arya_31_1773299394519_009_jpg.rf.b00310c25849086e808b479da9711743.jpg,val,bored,0,0
bigdata_bored_engaged_arya_31_1773299395366_011_jpg.rf.4ab95752f174b42c416b85ebc8156ada.jpg,train,bored,bigdata_bored_engaged_arya_31_1773299394519_009_jpg.rf.b00310c25849086e808b479da9711743.jpg,val,bored,0,0
bigdata_bored_engaged_arya_31_1773299395366_012_jpg.rf.dd653018910d7d0acdaac3b47ca3b3e3.jpg,train,bored,bigdata_bored_engaged_arya_31_1773299394519_009_jpg.rf.b00310c25849086e808b479da9711743.jpg,val,bored,0,0
bigdata_bored_engaged_arya_31_1773299395366_013_jpg.rf.6538afb035afcb54c3e1dfc13d3469e4.jpg,train,bored,bigdata_bored_engaged_arya_31_1773299394519_009_jpg.rf.b00310c25849086e808b479da9711743.jpg,val,bored,0,2
bigdata_bored_engaged_arya_31_1773299395366_014_jpg.rf.d23bd7a1c6baafc388fdb32c811d6d91.jpg,train,bored,bigdata_bored_engaged_arya_31_1773299394519_009_jpg.rf.b00310c25849086e808b479da9711743.jpg,val,bored,0,6
bigdata_bored_engaged_arya_31_1773299395953_015_jpg.rf.ac5a2d238575c904f87fb96e9a8de28e.jpg,train,bored,bigdata_bored_engaged_arya_31_1773299394519_009_jpg.rf.b00310c25849086e808b479da9711743.jpg,val,bored,1,6
bigdata_bored_engaged_arya_31_1773299395953_018_jpg.rf.e8fe615500382f7a95ad31b7ae278874.jpg,train,bored,bigdata_bored_engaged_arya_31_1773299394519_009_jpg.rf.b00310c25849086e808b479da9711743.jpg,val,bored,1,2
bigdata_bored_engaged_arya_31_1773299395953_019_jpg.rf.dbdb29aab32dfc82f670b0b220952aa9.jpg,train,bored,bigdata_bored_engaged_arya_31_1773299394519_009_jpg.rf.b00310c25849086e808b479da9711743.jpg,val,bored,1,4
bigdata_bored_engaged_arya_31_1773299396737_020_jpg.rf.3a0457e33c168ddf9aab4ddb63dff96a.jpg,train,bored,bigdata_bored_engaged_arya_31_1773299394519_009_jpg.rf.b00310c25849086e808b479da9711743.jpg,val,bored,1,4
bigdata_bored_engaged_arya_31_1773299396737_021_jpg.rf.56f07ba92e1ec494f1976d21631f08aa.jpg,train,bored,bigdata_bored_engaged_arya_31_1773299394519_009_jpg.rf.b00310c25849086e808b479da9711743.jpg,val,bored,1,2
bigdata_bored_engaged_arya_31_1773299396737_022_jpg.rf.cedadb4148710b48220c96b5f529db80.jpg,train,bored,bigdata_bored_engaged_arya_31_1773299394519_009_jpg.rf.b00310c25849086e808b479da9711743.jpg,val,bored,1,6
bigdata_bored_engaged_arya_31_1773299396737_023_jpg.rf.5e86395f240a7c25a527d9d787e05435.jpg,train,bored,bigdata_bored_engaged_arya_31_1773299394519_009_jpg.rf.b00310c25849086e808b479da9711743.jpg,val,bored,1,6
bigdata_bored_engaged_iann_62_1774442872429_000_jpg.rf.c216fa286d38743673a8a4a1ffb57948.jpg,train,bored,bigdata_bored_engaged_iann_62_1774442874007_010_jpg.rf.2519c1e9bac188d7c410e451a8726350.jpg,val,bored,4,2
bigdata_bored_engaged_iann_62_1774442872430_001_jpg.rf.8e5355792125ae0e3bb44a665997f5b2.jpg,train,bored,bigdata_bored_engaged_iann_62_1774442874007_010_jpg.rf.2519c1e9bac188d7c410e451a8726350.jpg,val,bored,2,2
bigdata_bored_engaged_iann_62_1774442872430_002_jpg.rf.5d60a824c0712a829ab708dde7ec3877.jpg,train,bored,bigdata_bored_engaged_iann_62_1774442874007_010_jpg.rf.2519c1e9bac188d7c410e451a8726350.jpg,val,bored,3,2
bigdata_bored_engaged_iann_62_1774442872430_003_jpg.rf.1647e649cac1bd4ba2538edfeabd9a75.jpg,train,bored,bigdata_bored_engaged_iann_62_1774442874007_010_jpg.rf.2519c1e9bac188d7c410e451a8726350.jpg,val,bored,1,2
bigdata_bored_engaged_iann_62_1774442872430_004_jpg.rf.bd7123a9800541a3f62ff3b97f6367ee.jpg,train,bored,bigdata_bored_engaged_iann_62_1774442874007_010_jpg.rf.2519c1e9bac188d7c410e451a8726350.jpg,val,bored,0,2
bigdata_bored_engaged_iann_62_1774442872994_006_jpg.rf.7f6e3f10e8ebeccabd471716c0681ab7.jpg,train,bored,bigdata_bored_engaged_iann_62_1774442874007_010_jpg.rf.2519c1e9bac188d7c410e451a8726350.jpg,val,bored,1,2
bigdata_bored_engaged_iann_62_1774442872994_008_jpg.rf.dc4f6b6d3f6462d4390d4a3ccbc0185e.jpg,train,bored,bigdata_bored_engaged_iann_62_1774442874007_010_jpg.rf.2519c1e9bac188d7c410e451a8726350.jpg,val,bored,1,2
bigdata_bored_engaged_iann_62_1774442872994_009_jpg.rf.bcd8c20129d6cfcb4a868e9e8c62f5ff.jpg,train,bored,bigdata_bored_engaged_iann_62_1774442874007_010_jpg.rf.2519c1e9bac188d7c410e451a8726350.jpg,val,bored,2,2
bigdata_bored_engaged_iann_62_1774442874007_011_jpg.rf.60fdf528cc6d0cbb2295e07fa9515eaa.jpg,train,bored,bigdata_bored_engaged_iann_62_1774442874007_010_jpg.rf.2519c1e9bac188d7c410e451a8726350.jpg,val,bored,2,0
bigdata_bored_engaged_iann_62_1774442874007_012_jpg.rf.1cf7164cc0f99e613e8ece39da611d70.jpg,train,bored,bigdata_bored_engaged_iann_62_1774442874007_010_jpg.rf.2519c1e9bac188d7c410e451a8726350.jpg,val,bored,3,2
bigdata_bored_engaged_iann_62_1774442874007_013_jpg.rf.bcff2e066b642a5e070cb8b8ade02aef.jpg,train,bored,bigdata_bored_engaged_iann_62_1774442874007_010_jpg.rf.2519c1e9bac188d7c410e451a8726350.jpg,val,bored,2,2
bigdata_bored_engaged_maguru_36_1774443973512_000_jpg.rf.ac77d22247d09a30982a73196c49e8e4.jpg,train,bored,bigdata_bored_engaged_maguru_36_1774443974067_005_jpg.rf.0b99ba9261e096a248387cf5fe7637a0.jpg,val,bored,5,4
bigdata_bored_engaged_maguru_36_1774443973512_000_jpg.rf.ac77d22247d09a30982a73196c49e8e4.jpg,train,bored,bigdata_bored_engaged_maguru_36_1774443975200_018_jpg.rf.1c7e2b0c889d4571986e34e5ee3b0a61.jpg,val,bored,3,6
bigdata_bored_engaged_maguru_36_1774443973512_001_jpg.rf.2697106490841676abe33cfd73fb5fd5.jpg,train,bored,bigdata_bored_engaged_maguru_36_1774443974067_005_jpg.rf.0b99ba9261e096a248387cf5fe7637a0.jpg,val,bored,4,2
bigdata_bored_engaged_maguru_36_1774443973512_001_jpg.rf.2697106490841676abe33cfd73fb5fd5.jpg,train,bored,bigdata_bored_engaged_maguru_36_1774443975200_018_jpg.rf.1c7e2b0c889d4571986e34e5ee3b0a61.jpg,val,bored,4,4
bigdata_bored_engaged_maguru_36_1774443973512_002_jpg.rf.53ad0b98be5bed001031d5930a46fad5.jpg,train,bored,bigdata_bored_engaged_maguru_36_1774443974067_005_jpg.rf.0b99ba9261e096a248387cf5fe7637a0.jpg,val,bored,2,2
bigdata_bored_engaged_maguru_36_1774443973512_002_jpg.rf.53ad0b98be5bed001031d5930a46fad5.jpg,train,bored,bigdata_bored_engaged_maguru_36_1774443975200_018_jpg.rf.1c7e2b0c889d4571986e34e5ee3b0a61.jpg,val,bored,4,4
bigdata_bored_engaged_maguru_36_1774443973512_003_jpg.rf.2407480611bec03520e00b7838af20f7.jpg,train,bored,bigdata_bored_engaged_maguru_36_1774443974067_005_jpg.rf.0b99ba9261e096a248387cf5fe7637a0.jpg,val,bored,1,2
bigdata_bored_engaged_maguru_36_1774443973512_003_jpg.rf.2407480611bec03520e00b7838af20f7.jpg,train,bored,bigdata_bored_engaged_maguru_36_1774443975200_018_jpg.rf.1c7e2b0c889d4571986e34e5ee3b0a61.jpg,val,bored,3,2
bigdata_bored_engaged_maguru_36_1774443973512_004_jpg.rf.6e3b66f8efa7f419ca072cafb5798405.jpg,train,bored,bigdata_bored_engaged_maguru_36_1774443974067_005_jpg.rf.0b99ba9261e096a248387cf5fe7637a0.jpg,val,bored,2,0
bigdata_bored_engaged_maguru_36_1774443973512_004_jpg.rf.6e3b66f8efa7f419ca072cafb5798405.jpg,train,bored,bigdata_bored_engaged_maguru_36_1774443975200_018_jpg.rf.1c7e2b0c889d4571986e34e5ee3b0a61.jpg,val,bored,2,2
bigdata_bored_engaged_maguru_36_1774443974067_006_jpg.rf.cb317dfc7336732842d3a113fc2bc20d.jpg,train,bored,bigdata_bored_engaged_maguru_36_1774443974067_005_jpg.rf.0b99ba9261e096a248387cf5fe7637a0.jpg,val,bored,2,0
bigdata_bored_engaged_maguru_36_1774443974067_006_jpg.rf.cb317dfc7336732842d3a113fc2bc20d.jpg,train,bored,bigdata_bored_engaged_maguru_36_1774443975200_018_jpg.rf.1c7e2b0c889d4571986e34e5ee3b0a61.jpg,val,bored,0,2
bigdata_bored_engaged_maguru_36_1774443974068_007_jpg.rf.2e6486f21ebdfc3c7dc2ae0bca9c0d3a.jpg,train,bored,bigdata_bored_engaged_maguru_36_1774443974067_005_jpg.rf.0b99ba9261e096a248387cf5fe7637a0.jpg,val,bored,1,2
bigdata_bored_engaged_maguru_36_1774443974068_007_jpg.rf.2e6486f21ebdfc3c7dc2ae0bca9c0d3a.jpg,train,bored,bigdata_bored_engaged_maguru_36_1774443975200_018_jpg.rf.1c7e2b0c889d4571986e34e5ee3b0a61.jpg,val,bored,1,0
bigdata_bored_engaged_maguru_36_1774443974068_008_jpg.rf.2da16c57d686bdd83a41943dc2c2a363.jpg,train,bored,bigdata_bored_engaged_maguru_36_1774443974067_005_jpg.rf.0b99ba9261e096a248387cf5fe7637a0.jpg,val,bored,1,2
bigdata_bored_engaged_maguru_36_1774443974068_008_jpg.rf.2da16c57d686bdd83a41943dc2c2a363.jpg,train,bored,bigdata_bored_engaged_maguru_36_1774443975200_018_jpg.rf.1c7e2b0c889d4571986e34e5ee3b0a61.jpg,val,bored,1,0
bigdata_bored_engaged_maguru_36_1774443974068_009_jpg.rf.368a1832ada5ed214ff140c036bac64f.jpg,train,bored,bigdata_bored_engaged_maguru_36_1774443974067_005_jpg.rf.0b99ba9261e096a248387cf5fe7637a0.jpg,val,bored,1,2
bigdata_bored_engaged_maguru_36_1774443974068_009_jpg.rf.368a1832ada5ed214ff140c036bac64f.jpg,train,bored,bigdata_bored_engaged_maguru_36_1774443975200_018_jpg.rf.1c7e2b0c889d4571986e34e5ee3b0a61.jpg,val,bored,1,0
bigdata_bored_engaged_maguru_36_1774443974602_011_jpg.rf.c9659a8dce46d049521637ac96ca6e89.jpg,train,bored,bigdata_bored_engaged_maguru_36_1774443974067_005_jpg.rf.0b99ba9261e096a248387cf5fe7637a0.jpg,val,bored,1,2
bigdata_bored_engaged_maguru_36_1774443974602_011_jpg.rf.c9659a8dce46d049521637ac96ca6e89.jpg,train,bored,bigdata_bored_engaged_maguru_36_1774443975200_018_jpg.rf.1c7e2b0c889d4571986e34e5ee3b0a61.jpg,val,bored,1,0
bigdata_bored_engaged_maguru_36_1774443974602_012_jpg.rf.edc744867b4c5a69f8b83123173d794f.jpg,train,bored,bigdata_bored_engaged_maguru_36_1774443974067_005_jpg.rf.0b99ba9261e096a248387cf5fe7637a0.jpg,val,bored,1,2
bigdata_bored_engaged_maguru_36_1774443974602_012_jpg.rf.edc744867b4c5a69f8b83123173d794f.jpg,train,bored,bigdata_bored_engaged_maguru_36_1774443975200_018_jpg.rf.1c7e2b0c889d4571986e34e5ee3b0a61.jpg,val,bored,1,0
bigdata_bored_engaged_maguru_36_1774443974602_014_jpg.rf.4f1a22ea4170803d7a64176ec2b3fa3f.jpg,train,bored,bigdata_bored_engaged_maguru_36_1774443974067_005_jpg.rf.0b99ba9261e096a248387cf5fe7637a0.jpg,val,bored,2,0
bigdata_bored_engaged_maguru_36_1774443974602_014_jpg.rf.4f1a22ea4170803d7a64176ec2b3fa3f.jpg,train,bored,bigdata_bored_engaged_maguru_36_1774443975200_018_jpg.rf.1c7e2b0c889d4571986e34e5ee3b0a61.jpg,val,bored,0,2
bigdata_bored_engaged_maguru_36_1774443975200_015_jpg.rf.7e356b21ed336c16a86e1afbfc650389.jpg,train,bored,bigdata_bored_engaged_maguru_36_1774443974067_005_jpg.rf.0b99ba9261e096a248387cf5fe7637a0.jpg,val,bored,2,0
bigdata_bored_engaged_maguru_36_1774443975200_015_jpg.rf.7e356b21ed336c16a86e1afbfc650389.jpg,train,bored,bigdata_bored_engaged_maguru_36_1774443975200_018_jpg.rf.1c7e2b0c889d4571986e34e5ee3b0a61.jpg,val,bored,0,2
bigdata_bored_engaged_maguru_36_1774443975200_016_jpg.rf.b67d39e284edbf97f9f784e7891d8a59.jpg,train,bored,bigdata_bored_engaged_maguru_36_1774443974067_005_jpg.rf.0b99ba9261e096a248387cf5fe7637a0.jpg,val,bored,2,0
bigdata_bored_engaged_maguru_36_1774443975200_016_jpg.rf.b67d39e284edbf97f9f784e7891d8a59.jpg,train,bored,bigdata_bored_engaged_maguru_36_1774443975200_018_jpg.rf.1c7e2b0c889d4571986e34e5ee3b0a61.jpg,val,bored,0,2
bigdata_bored_engaged_maguru_36_1774443975200_017_jpg.rf.afdefc1b02abed80018b66e37659c515.jpg,train,bored,bigdata_bored_engaged_maguru_36_1774443974067_005_jpg.rf.0b99ba9261e096a248387cf5fe7637a0.jpg,val,bored,1,0
bigdata_bored_engaged_maguru_36_1774443975200_017_jpg.rf.afdefc1b02abed80018b66e37659c515.jpg,train,bored,bigdata_bored_engaged_maguru_36_1774443975200_018_jpg.rf.1c7e2b0c889d4571986e34e5ee3b0a61.jpg,val,bored,1,2
bigdata_bored_engaged_maguru_36_1774443975200_019_jpg.rf.d2c3fa57694fb6c24794f00eef8ace15.jpg,train,bored,bigdata_bored_engaged_maguru_36_1774443974067_005_jpg.rf.0b99ba9261e096a248387cf5fe7637a0.jpg,val,bored,1,2
bigdata_bored_engaged_maguru_36_1774443975200_019_jpg.rf.d2c3fa57694fb6c24794f00eef8ace15.jpg,train,bored,bigdata_bored_engaged_maguru_36_1774443975200_018_jpg.rf.1c7e2b0c889d4571986e34e5ee3b0a61.jpg,val,bored,1,0
bigdata_bored_engaged_maguru_36_1774443975780_020_jpg.rf.6bab2792294eb20cb22b1f35c1f2643c.jpg,train,bored,bigdata_bored_engaged_maguru_36_1774443974067_005_jpg.rf.0b99ba9261e096a248387cf5fe7637a0.jpg,val,bored,1,2
bigdata_bored_engaged_maguru_36_1774443975780_020_jpg.rf.6bab2792294eb20cb22b1f35c1f2643c.jpg,train,bored,bigdata_bored_engaged_maguru_36_1774443975200_018_jpg.rf.1c7e2b0c889d4571986e34e5ee3b0a61.jpg,val,bored,1,0
bigdata_bored_engaged_maguru_36_1774443975781_021_jpg.rf.09e2529084abd0f19d89aad944beeb9a.jpg,train,bored,bigdata_bored_engaged_maguru_36_1774443974067_005_jpg.rf.0b99ba9261e096a248387cf5fe7637a0.jpg,val,bored,0,2
bigdata_bored_engaged_maguru_36_1774443975781_021_jpg.rf.09e2529084abd0f19d89aad944beeb9a.jpg,train,bored,bigdata_bored_engaged_maguru_36_1774443975200_018_jpg.rf.1c7e2b0c889d4571986e34e5ee3b0a61.jpg,val,bored,2,0
bigdata_bored_engaged_nabielrafi_73_1773300505375_001_jpg.rf.ed886629f77ec58ffe32dabfc598339e.jpg,train,bored,bigdata_bored_engaged_nabielrafi_73_1773300505375_003_jpg.rf.3d04dc29dee1e340976b35970d2a586b.jpg,val,bored,0,2
bigdata_bored_engaged_nabielrafi_73_1773300505375_004_jpg.rf.25f26699bf6a2627adff4c356c0c301b.jpg,train,bored,bigdata_bored_engaged_nabielrafi_73_1773300505375_003_jpg.rf.3d04dc29dee1e340976b35970d2a586b.jpg,val,bored,3,6
bigdata_bored_engaged_nabielrafi_73_1773300507126_007_jpg.rf.7b5c71af237a88dc3a14a11a043bee05.jpg,train,bored,bigdata_bored_engaged_nabielrafi_73_1773300507126_006_jpg.rf.d0a5482d861e7445d44c78b1c0fad6c3.jpg,val,bored,0,2
bigdata_bored_engaged_nabielrafi_73_1773300507126_008_jpg.rf.8e116fdc5600ceae02ac57a12a3aaf96.jpg,train,bored,bigdata_bored_engaged_nabielrafi_73_1773300507126_006_jpg.rf.d0a5482d861e7445d44c78b1c0fad6c3.jpg,val,bored,4,4
bigdata_bored_engaged_nian_74_1774481802149_002_jpg.rf.d3089180d7b1eb00f9f03f642eb82954.jpg,train,bored,bigdata_bored_engaged_nian_74_1774481802149_003_jpg.rf.532d39af1dc829a2318c1ccfe47f6325.jpg,val,bored,4,6
bigdata_bored_engaged_nian_74_1774481802149_002_jpg.rf.d3089180d7b1eb00f9f03f642eb82954.jpg,train,bored,bigdata_bored_engaged_nian_74_1774481802149_004_jpg.rf.dfc843c391f9435b524ce7daf55c5db1.jpg,val,bored,3,6
bigdata_bored_engaged_nian_74_1774481802826_005_jpg.rf.6cc523db2b485c21021e0a892ff994b4.jpg,train,bored,bigdata_bored_engaged_nian_74_1774481802149_003_jpg.rf.532d39af1dc829a2318c1ccfe47f6325.jpg,val,bored,3,0
bigdata_bored_engaged_nian_74_1774481802826_005_jpg.rf.6cc523db2b485c21021e0a892ff994b4.jpg,train,bored,bigdata_bored_engaged_nian_74_1774481802149_004_jpg.rf.dfc843c391f9435b524ce7daf55c5db1.jpg,val,bored,2,0
bigdata_bored_engaged_nian_74_1774481802826_005_jpg.rf.6cc523db2b485c21021e0a892ff994b4.jpg,train,bored,bigdata_bored_engaged_nian_74_1774481804049_017_jpg.rf.451a5dbcc9dd8996353d4d1157934b3a.jpg,val,bored,0,2
bigdata_bored_engaged_nian_74_1774481802826_005_jpg.rf.6cc523db2b485c21021e0a892ff994b4.jpg,train,bored,bigdata_bored_engaged_nian_74_1774481804049_019_jpg.rf.1047dfc4b4c6b38e3b7f03153cd82891.jpg,val,bored,0,2
bigdata_bored_engaged_nian_74_1774481802826_006_jpg.rf.432d3cacff5fcb59ff5617619b4a0fad.jpg,train,bored,bigdata_bored_engaged_nian_74_1774481802149_003_jpg.rf.532d39af1dc829a2318c1ccfe47f6325.jpg,val,bored,3,0
bigdata_bored_engaged_nian_74_1774481802826_006_jpg.rf.432d3cacff5fcb59ff5617619b4a0fad.jpg,train,bored,bigdata_bored_engaged_nian_74_1774481802149_004_jpg.rf.dfc843c391f9435b524ce7daf55c5db1.jpg,val,bored,2,0
bigdata_bored_engaged_nian_74_1774481802826_006_jpg.rf.432d3cacff5fcb59ff5617619b4a0fad.jpg,train,bored,bigdata_bored_engaged_nian_74_1774481804049_017_jpg.rf.451a5dbcc9dd8996353d4d1157934b3a.jpg,val,bored,0,2
bigdata_bored_engaged_nian_74_1774481802826_006_jpg.rf.432d3cacff5fcb59ff5617619b4a0fad.jpg,train,bored,bigdata_bored_engaged_nian_74_1774481804049_019_jpg.rf.1047dfc4b4c6b38e3b7f03153cd82891.jpg,val,bored,0,2
bigdata_bored_engaged_nian_74_1774481802826_007_jpg.rf.30406ee5a4ed26ca62f45f38437b3a5c.jpg,train,bored,bigdata_bored_engaged_nian_74_1774481802149_003_jpg.rf.532d39af1dc829a2318c1ccfe47f6325.jpg,val,bored,3,0
bigdata_bored_engaged_nian_74_1774481802826_007_jpg.rf.30406ee5a4ed26ca62f45f38437b3a5c.jpg,train,bored,bigdata_bored_engaged_nian_74_1774481802149_004_jpg.rf.dfc843c391f9435b524ce7daf55c5db1.jpg,val,bored,2,0
bigdata_bored_engaged_nian_74_1774481802826_007_jpg.rf.30406ee5a4ed26ca62f45f38437b3a5c.jpg,train,bored,bigdata_bored_engaged_nian_74_1774481804049_017_jpg.rf.451a5dbcc9dd8996353d4d1157934b3a.jpg,val,bored,0,2
bigdata_bored_engaged_nian_74_1774481802826_007_jpg.rf.30406ee5a4ed26ca62f45f38437b3a5c.jpg,train,bored,bigdata_bored_engaged_nian_74_1774481804049_019_jpg.rf.1047dfc4b4c6b38e3b7f03153cd82891.jpg,val,bored,0,2
bigdata_bored_engaged_nian_74_1774481802826_009_jpg.rf.911f22ad1bf9ecde73ef0c927c3f029c.jpg,train,bored,bigdata_bored_engaged_nian_74_1774481802149_003_jpg.rf.532d39af1dc829a2318c1ccfe47f6325.jpg,val,bored,3,0
bigdata_bored_engaged_nian_74_1774481802826_009_jpg.rf.911f22ad1bf9ecde73ef0c927c3f029c.jpg,train,bored,bigdata_bored_engaged_nian_74_1774481802149_004_jpg.rf.dfc843c391f9435b524ce7daf55c5db1.jpg,val,bored,2,0
bigdata_bored_engaged_nian_74_1774481802826_009_jpg.rf.911f22ad1bf9ecde73ef0c927c3f029c.jpg,train,bored,bigdata_bored_engaged_nian_74_1774481804049_017_jpg.rf.451a5dbcc9dd8996353d4d1157934b3a.jpg,val,bored,0,2
bigdata_bored_engaged_nian_74_1774481802826_009_jpg.rf.911f22ad1bf9ecde73ef0c927c3f029c.jpg,train,bored,bigdata_bored_engaged_nian_74_1774481804049_019_jpg.rf.1047dfc4b4c6b38e3b7f03153cd82891.jpg,val,bored,0,2
bigdata_bored_engaged_nian_74_1774481803462_011_jpg.rf.5d2c3c70a13a8024b761362f032bc365.jpg,train,bored,bigdata_bored_engaged_nian_74_1774481802149_003_jpg.rf.532d39af1dc829a2318c1ccfe47f6325.jpg,val,bored,3,2
bigdata_bored_engaged_nian_74_1774481803462_011_jpg.rf.5d2c3c70a13a8024b761362f032bc365.jpg,train,bored,bigdata_bored_engaged_nian_74_1774481802149_004_jpg.rf.dfc843c391f9435b524ce7daf55c5db1.jpg,val,bored,2,2
bigdata_bored_engaged_nian_74_1774481803462_011_jpg.rf.5d2c3c70a13a8024b761362f032bc365.jpg,train,bored,bigdata_bored_engaged_nian_74_1774481804049_017_jpg.rf.451a5dbcc9dd8996353d4d1157934b3a.jpg,val,bored,0,0
bigdata_bored_engaged_nian_74_1774481803462_011_jpg.rf.5d2c3c70a13a8024b761362f032bc365.jpg,train,bored,bigdata_bored_engaged_nian_74_1774481804049_019_jpg.rf.1047dfc4b4c6b38e3b7f03153cd82891.jpg,val,bored,0,0
bigdata_bored_engaged_nian_74_1774481803462_012_jpg.rf.ed18361331e2ae70e8bbe5d8dcc9df27.jpg,train,bored,bigdata_bored_engaged_nian_74_1774481802149_003_jpg.rf.532d39af1dc829a2318c1ccfe47f6325.jpg,val,bored,3,2
bigdata_bored_engaged_nian_74_1774481803462_012_jpg.rf.ed18361331e2ae70e8bbe5d8dcc9df27.jpg,train,bored,bigdata_bored_engaged_nian_74_1774481802149_004_jpg.rf.dfc843c391f9435b524ce7daf55c5db1.jpg,val,bored,2,2
bigdata_bored_engaged_nian_74_1774481803462_012_jpg.rf.ed18361331e2ae70e8bbe5d8dcc9df27.jpg,train,bored,bigdata_bored_engaged_nian_74_1774481804049_017_jpg.rf.451a5dbcc9dd8996353d4d1157934b3a.jpg,val,bored,0,2
bigdata_bored_engaged_nian_74_1774481803462_012_jpg.rf.ed18361331e2ae70e8bbe5d8dcc9df27.jpg,train,bored,bigdata_bored_engaged_nian_74_1774481804049_019_jpg.rf.1047dfc4b4c6b38e3b7f03153cd82891.jpg,val,bored,0,2
bigdata_bored_engaged_nian_74_1774481803462_013_jpg.rf.bac4196edb0a5526e044d95140452425.jpg,train,bored,bigdata_bored_engaged_nian_74_1774481802149_003_jpg.rf.532d39af1dc829a2318c1ccfe47f6325.jpg,val,bored,3,2
bigdata_bored_engaged_nian_74_1774481803462_013_jpg.rf.bac4196edb0a5526e044d95140452425.jpg,train,bored,bigdata_bored_engaged_nian_74_1774481802149_004_jpg.rf.dfc843c391f9435b524ce7daf55c5db1.jpg,val,bored,2,2
bigdata_bored_engaged_nian_74_1774481803462_013_jpg.rf.bac4196edb0a5526e044d95140452425.jpg,train,bored,bigdata_bored_engaged_nian_74_1774481804049_017_jpg.rf.451a5dbcc9dd8996353d4d1157934b3a.jpg,val,bored,0,2
bigdata_bored_engaged_nian_74_1774481803462_013_jpg.rf.bac4196edb0a5526e044d95140452425.jpg,train,bored,bigdata_bored_engaged_nian_74_1774481804049_019_jpg.rf.1047dfc4b4c6b38e3b7f03153cd82891.jpg,val,bored,0,2
bigdata_bored_engaged_nian_74_1774481803462_014_jpg.rf.48fd67b3fbcb6f2e0bff9f06bbd28224.jpg,train,bored,bigdata_bored_engaged_nian_74_1774481802149_003_jpg.rf.532d39af1dc829a2318c1ccfe47f6325.jpg,val,bored,4,0
bigdata_bored_engaged_nian_74_1774481803462_014_jpg.rf.48fd67b3fbcb6f2e0bff9f06bbd28224.jpg,train,bored,bigdata_bored_engaged_nian_74_1774481802149_004_jpg.rf.dfc843c391f9435b524ce7daf55c5db1.jpg,val,bored,3,0
bigdata_bored_engaged_nian_74_1774481803462_014_jpg.rf.48fd67b3fbcb6f2e0bff9f06bbd28224.jpg,train,bored,bigdata_bored_engaged_nian_74_1774481804049_017_jpg.rf.451a5dbcc9dd8996353d4d1157934b3a.jpg,val,bored,1,2
bigdata_bored_engaged_nian_74_1774481803462_014_jpg.rf.48fd67b3fbcb6f2e0bff9f06bbd28224.jpg,train,bored,bigdata_bored_engaged_nian_74_1774481804049_019_jpg.rf.1047dfc4b4c6b38e3b7f03153cd82891.jpg,val,bored,1,2
bigdata_bored_engaged_nian_74_1774481804049_015_jpg.rf.f88cc9d1c13536955d7a5d63bd554ed1.jpg,train,bored,bigdata_bored_engaged_nian_74_1774481802149_003_jpg.rf.532d39af1dc829a2318c1ccfe47f6325.jpg,val,bored,4,0
bigdata_bored_engaged_nian_74_1774481804049_015_jpg.rf.f88cc9d1c13536955d7a5d63bd554ed1.jpg,train,bored,bigdata_bored_engaged_nian_74_1774481802149_004_jpg.rf.dfc843c391f9435b524ce7daf55c5db1.jpg,val,bored,3,0
bigdata_bored_engaged_nian_74_1774481804049_015_jpg.rf.f88cc9d1c13536955d7a5d63bd554ed1.jpg,train,bored,bigdata_bored_engaged_nian_74_1774481804049_017_jpg.rf.451a5dbcc9dd8996353d4d1157934b3a.jpg,val,bored,1,2
bigdata_bored_engaged_nian_74_1774481804049_015_jpg.rf.f88cc9d1c13536955d7a5d63bd554ed1.jpg,train,bored,bigdata_bored_engaged_nian_74_1774481804049_019_jpg.rf.1047dfc4b4c6b38e3b7f03153cd82891.jpg,val,bored,1,2
bigdata_bored_engaged_nian_74_1774481804049_016_jpg.rf.ab8be19fc9ac921777853cd83ee051fb.jpg,train,bored,bigdata_bored_engaged_nian_74_1774481802149_003_jpg.rf.532d39af1dc829a2318c1ccfe47f6325.jpg,val,bored,4,0
bigdata_bored_engaged_nian_74_1774481804049_016_jpg.rf.ab8be19fc9ac921777853cd83ee051fb.jpg,train,bored,bigdata_bored_engaged_nian_74_1774481802149_004_jpg.rf.dfc843c391f9435b524ce7daf55c5db1.jpg,val,bored,3,0
bigdata_bored_engaged_nian_74_1774481804049_016_jpg.rf.ab8be19fc9ac921777853cd83ee051fb.jpg,train,bored,bigdata_bored_engaged_nian_74_1774481804049_017_jpg.rf.451a5dbcc9dd8996353d4d1157934b3a.jpg,val,bored,1,2
bigdata_bored_engaged_nian_74_1774481804049_016_jpg.rf.ab8be19fc9ac921777853cd83ee051fb.jpg,train,bored,bigdata_bored_engaged_nian_74_1774481804049_019_jpg.rf.1047dfc4b4c6b38e3b7f03153cd82891.jpg,val,bored,1,2
bigdata_bored_engaged_nian_74_1774481804049_018_jpg.rf.268f52e2676afc3c7662bc213c0fe01a.jpg,train,bored,bigdata_bored_engaged_nian_74_1774481802149_003_jpg.rf.532d39af1dc829a2318c1ccfe47f6325.jpg,val,bored,3,2
bigdata_bored_engaged_nian_74_1774481804049_018_jpg.rf.268f52e2676afc3c7662bc213c0fe01a.jpg,train,bored,bigdata_bored_engaged_nian_74_1774481802149_004_jpg.rf.dfc843c391f9435b524ce7daf55c5db1.jpg,val,bored,2,2
bigdata_bored_engaged_nian_74_1774481804049_018_jpg.rf.268f52e2676afc3c7662bc213c0fe01a.jpg,train,bored,bigdata_bored_engaged_nian_74_1774481804049_017_jpg.rf.451a5dbcc9dd8996353d4d1157934b3a.jpg,val,bored,0,0
bigdata_bored_engaged_nian_74_1774481804049_018_jpg.rf.268f52e2676afc3c7662bc213c0fe01a.jpg,train,bored,bigdata_bored_engaged_nian_74_1774481804049_019_jpg.rf.1047dfc4b4c6b38e3b7f03153cd82891.jpg,val,bored,0,0
bigdata_bored_engaged_nian_74_1774481804534_020_jpg.rf.16d4edd81e2335073ee3e34e28fe34fe.jpg,train,bored,bigdata_bored_engaged_nian_74_1774481802149_003_jpg.rf.532d39af1dc829a2318c1ccfe47f6325.jpg,val,bored,3,2
bigdata_bored_engaged_nian_74_1774481804534_020_jpg.rf.16d4edd81e2335073ee3e34e28fe34fe.jpg,train,bored,bigdata_bored_engaged_nian_74_1774481802149_004_jpg.rf.dfc843c391f9435b524ce7daf55c5db1.jpg,val,bored,2,2
bigdata_bored_engaged_nian_74_1774481804534_020_jpg.rf.16d4edd81e2335073ee3e34e28fe34fe.jpg,train,bored,bigdata_bored_engaged_nian_74_1774481804049_017_jpg.rf.451a5dbcc9dd8996353d4d1157934b3a.jpg,val,bored,0,0
bigdata_bored_engaged_nian_74_1774481804534_020_jpg.rf.16d4edd81e2335073ee3e34e28fe34fe.jpg,train,bored,bigdata_bored_engaged_nian_74_1774481804049_019_jpg.rf.1047dfc4b4c6b38e3b7f03153cd82891.jpg,val,bored,0,0
bigdata_bored_engaged_nian_74_1774481804534_021_jpg.rf.e9a69746b6d8de3f238c61e964cafa4f.jpg,train,bored,bigdata_bored_engaged_nian_74_1774481802149_003_jpg.rf.532d39af1dc829a2318c1ccfe47f6325.jpg,val,bored,3,2
bigdata_bored_engaged_nian_74_1774481804534_021_jpg.rf.e9a69746b6d8de3f238c61e964cafa4f.jpg,train,bored,bigdata_bored_engaged_nian_74_1774481802149_004_jpg.rf.dfc843c391f9435b524ce7daf55c5db1.jpg,val,bored,2,2
bigdata_bored_engaged_nian_74_1774481804534_021_jpg.rf.e9a69746b6d8de3f238c61e964cafa4f.jpg,train,bored,bigdata_bored_engaged_nian_74_1774481804049_017_jpg.rf.451a5dbcc9dd8996353d4d1157934b3a.jpg,val,bored,0,0
bigdata_bored_engaged_nian_74_1774481804534_021_jpg.rf.e9a69746b6d8de3f238c61e964cafa4f.jpg,train,bored,bigdata_bored_engaged_nian_74_1774481804049_019_jpg.rf.1047dfc4b4c6b38e3b7f03153cd82891.jpg,val,bored,0,0
bigdata_bored_engaged_nian_74_1774481804534_022_jpg.rf.e84927ff0e19e3f34260ad8a89a4144c.jpg,train,bored,bigdata_bored_engaged_nian_74_1774481802149_003_jpg.rf.532d39af1dc829a2318c1ccfe47f6325.jpg,val,bored,3,2
bigdata_bored_engaged_nian_74_1774481804534_022_jpg.rf.e84927ff0e19e3f34260ad8a89a4144c.jpg,train,bored,bigdata_bored_engaged_nian_74_1774481802149_004_jpg.rf.dfc843c391f9435b524ce7daf55c5db1.jpg,val,bored,2,2
bigdata_bored_engaged_nian_74_1774481804534_022_jpg.rf.e84927ff0e19e3f34260ad8a89a4144c.jpg,train,bored,bigdata_bored_engaged_nian_74_1774481804049_017_jpg.rf.451a5dbcc9dd8996353d4d1157934b3a.jpg,val,bored,0,0
bigdata_bored_engaged_nian_74_1774481804534_022_jpg.rf.e84927ff0e19e3f34260ad8a89a4144c.jpg,train,bored,bigdata_bored_engaged_nian_74_1774481804049_019_jpg.rf.1047dfc4b4c6b38e3b7f03153cd82891.jpg,val,bored,0,0
bigdata_bored_engaged_nian_74_1774481804534_023_jpg.rf.a18a243fba81d3ea9278e9fcd10e900f.jpg,train,bored,bigdata_bored_engaged_nian_74_1774481802149_003_jpg.rf.532d39af1dc829a2318c1ccfe47f6325.jpg,val,bored,3,2
bigdata_bored_engaged_nian_74_1774481804534_023_jpg.rf.a18a243fba81d3ea9278e9fcd10e900f.jpg,train,bored,bigdata_bored_engaged_nian_74_1774481802149_004_jpg.rf.dfc843c391f9435b524ce7daf55c5db1.jpg,val,bored,2,2
bigdata_bored_engaged_nian_74_1774481804534_023_jpg.rf.a18a243fba81d3ea9278e9fcd10e900f.jpg,train,bored,bigdata_bored_engaged_nian_74_1774481804049_017_jpg.rf.451a5dbcc9dd8996353d4d1157934b3a.jpg,val,bored,0,0
bigdata_bored_engaged_nian_74_1774481804534_023_jpg.rf.a18a243fba81d3ea9278e9fcd10e900f.jpg,train,bored,bigdata_bored_engaged_nian_74_1774481804049_019_jpg.rf.1047dfc4b4c6b38e3b7f03153cd82891.jpg,val,bored,0,0
bigdata_bored_engaged_rahyan_94_1773299522010_001_jpg.rf.eaac92b08d433285ad82a5a869f0420e.jpg,train,bored,bigdata_bored_engaged_rahyan_94_1773299522010_002_jpg.rf.230bf3a3d0c99c1fcb44573c0a5bc1d2.jpg,val,bored,3,2
bigdata_bored_engaged_rahyan_94_1773299522010_003_jpg.rf.c5b6248d8b57d98df9d450bcc1dae839.jpg,train,bored,bigdata_bored_engaged_rahyan_94_1773299522010_002_jpg.rf.230bf3a3d0c99c1fcb44573c0a5bc1d2.jpg,val,bored,3,6
bigdata_bored_engaged_rahyan_94_1773299522010_004_jpg.rf.4940cb18fdd16c6d316bc05ab7ec10e6.jpg,train,bored,bigdata_bored_engaged_rahyan_94_1773299522010_002_jpg.rf.230bf3a3d0c99c1fcb44573c0a5bc1d2.jpg,val,bored,2,6
bigdata_bored_engaged_rahyan_94_1773299522879_005_jpg.rf.a3c09e72183a37dccf6e5e5ad1cd1476.jpg,train,bored,bigdata_bored_engaged_rahyan_94_1773299522010_002_jpg.rf.230bf3a3d0c99c1fcb44573c0a5bc1d2.jpg,val,bored,2,6
bigdata_bored_engaged_rahyan_94_1773299522879_006_jpg.rf.d466eda83905b6e12a62e2ba1e70f784.jpg,train,bored,bigdata_bored_engaged_rahyan_94_1773299522010_002_jpg.rf.230bf3a3d0c99c1fcb44573c0a5bc1d2.jpg,val,bored,3,6
bigdata_bored_engaged_sultanbudi_44_1773299447453_000_jpg.rf.b31d2b1712460dfa34b5b73cd55386d8.jpg,train,bored,bigdata_bored_engaged_sultanbudi_44_1773299448092_009_jpg.rf.5c2f6f124826d938947a5deaaf52e993.jpg,val,bored,2,2
bigdata_bored_engaged_sultanbudi_44_1773299447453_000_jpg.rf.b31d2b1712460dfa34b5b73cd55386d8.jpg,train,bored,bigdata_bored_engaged_sultanbudi_44_1773299449096_016_jpg.rf.4125f263cb89be68674665b5777b18e2.jpg,val,bored,1,4
bigdata_bored_engaged_sultanbudi_44_1773299447453_000_jpg.rf.b31d2b1712460dfa34b5b73cd55386d8.jpg,train,bored,bigdata_bored_engaged_sultanbudi_44_1773299449621_021_jpg.rf.6272d33f73d73d7c0c0a5857eed826e5.jpg,val,bored,1,4
bigdata_bored_engaged_sultanbudi_44_1773299447453_000_jpg.rf.b31d2b1712460dfa34b5b73cd55386d8.jpg,train,bored,bigdata_bored_engaged_sultanbudi_44_1773299449621_022_jpg.rf.d11c6654f1cbeaac2d79f16c08b9f3d1.jpg,val,bored,2,4
bigdata_bored_engaged_sultanbudi_44_1773299447453_001_jpg.rf.045f03667f024e03e0693a941e6c2a2c.jpg,train,bored,bigdata_bored_engaged_sultanbudi_44_1773299448092_009_jpg.rf.5c2f6f124826d938947a5deaaf52e993.jpg,val,bored,2,2
bigdata_bored_engaged_sultanbudi_44_1773299447453_001_jpg.rf.045f03667f024e03e0693a941e6c2a2c.jpg,train,bored,bigdata_bored_engaged_sultanbudi_44_1773299449096_016_jpg.rf.4125f263cb89be68674665b5777b18e2.jpg,val,bored,1,4
bigdata_bored_engaged_sultanbudi_44_1773299447453_001_jpg.rf.045f03667f024e03e0693a941e6c2a2c.jpg,train,bored,bigdata_bored_engaged_sultanbudi_44_1773299449621_021_jpg.rf.6272d33f73d73d7c0c0a5857eed826e5.jpg,val,bored,1,4
bigdata_bored_engaged_sultanbudi_44_1773299447453_001_jpg.rf.045f03667f024e03e0693a941e6c2a2c.jpg,train,bored,bigdata_bored_engaged_sultanbudi_44_1773299449621_022_jpg.rf.d11c6654f1cbeaac2d79f16c08b9f3d1.jpg,val,bored,2,4
bigdata_bored_engaged_sultanbudi_44_1773299447454_003_jpg.rf.1b7c57b675e15610927fc966d042f17c.jpg,train,bored,bigdata_bored_engaged_sultanbudi_44_1773299448092_009_jpg.rf.5c2f6f124826d938947a5deaaf52e993.jpg,val,bored,2,2
bigdata_bored_engaged_sultanbudi_44_1773299447454_003_jpg.rf.1b7c57b675e15610927fc966d042f17c.jpg,train,bored,bigdata_bored_engaged_sultanbudi_44_1773299449096_016_jpg.rf.4125f263cb89be68674665b5777b18e2.jpg,val,bored,1,4
bigdata_bored_engaged_sultanbudi_44_1773299447454_003_jpg.rf.1b7c57b675e15610927fc966d042f17c.jpg,train,bored,bigdata_bored_engaged_sultanbudi_44_1773299449621_021_jpg.rf.6272d33f73d73d7c0c0a5857eed826e5.jpg,val,bored,1,6
bigdata_bored_engaged_sultanbudi_44_1773299447454_003_jpg.rf.1b7c57b675e15610927fc966d042f17c.jpg,train,bored,bigdata_bored_engaged_sultanbudi_44_1773299449621_022_jpg.rf.d11c6654f1cbeaac2d79f16c08b9f3d1.jpg,val,bored,2,6
bigdata_bored_engaged_sultanbudi_44_1773299447454_004_jpg.rf.504b8ef22343e2b31e7e5f8c57227c25.jpg,train,bored,bigdata_bored_engaged_sultanbudi_44_1773299448092_009_jpg.rf.5c2f6f124826d938947a5deaaf52e993.jpg,val,bored,2,0
bigdata_bored_engaged_sultanbudi_44_1773299447454_004_jpg.rf.504b8ef22343e2b31e7e5f8c57227c25.jpg,train,bored,bigdata_bored_engaged_sultanbudi_44_1773299449096_016_jpg.rf.4125f263cb89be68674665b5777b18e2.jpg,val,bored,1,4
bigdata_bored_engaged_sultanbudi_44_1773299447454_004_jpg.rf.504b8ef22343e2b31e7e5f8c57227c25.jpg,train,bored,bigdata_bored_engaged_sultanbudi_44_1773299449096_019_jpg.rf.b2a75984b9bb1e49610d55177adc5636.jpg,val,bored,0,6
bigdata_bored_engaged_sultanbudi_44_1773299447454_004_jpg.rf.504b8ef22343e2b31e7e5f8c57227c25.jpg,train,bored,bigdata_bored_engaged_sultanbudi_44_1773299449621_021_jpg.rf.6272d33f73d73d7c0c0a5857eed826e5.jpg,val,bored,1,6
bigdata_bored_engaged_sultanbudi_44_1773299447454_004_jpg.rf.504b8ef22343e2b31e7e5f8c57227c25.jpg,train,bored,bigdata_bored_engaged_sultanbudi_44_1773299449621_022_jpg.rf.d11c6654f1cbeaac2d79f16c08b9f3d1.jpg,val,bored,2,6
bigdata_bored_engaged_sultanbudi_44_1773299448092_006_jpg.rf.b028bd34ee74c1560924cebed69b482c.jpg,train,bored,bigdata_bored_engaged_sultanbudi_44_1773299448092_009_jpg.rf.5c2f6f124826d938947a5deaaf52e993.jpg,val,bored,3,2
bigdata_bored_engaged_sultanbudi_44_1773299448092_006_jpg.rf.b028bd34ee74c1560924cebed69b482c.jpg,train,bored,bigdata_bored_engaged_sultanbudi_44_1773299449096_016_jpg.rf.4125f263cb89be68674665b5777b18e2.jpg,val,bored,2,6
bigdata_bored_engaged_sultanbudi_44_1773299448092_006_jpg.rf.b028bd34ee74c1560924cebed69b482c.jpg,train,bored,bigdata_bored_engaged_sultanbudi_44_1773299449096_019_jpg.rf.b2a75984b9bb1e49610d55177adc5636.jpg,val,bored,1,6
bigdata_bored_engaged_sultanbudi_44_1773299448092_007_jpg.rf.374192f02628156efdab998ad7d5aebc.jpg,train,bored,bigdata_bored_engaged_sultanbudi_44_1773299448092_009_jpg.rf.5c2f6f124826d938947a5deaaf52e993.jpg,val,bored,2,0
bigdata_bored_engaged_sultanbudi_44_1773299448092_007_jpg.rf.374192f02628156efdab998ad7d5aebc.jpg,train,bored,bigdata_bored_engaged_sultanbudi_44_1773299449096_016_jpg.rf.4125f263cb89be68674665b5777b18e2.jpg,val,bored,1,4
bigdata_bored_engaged_sultanbudi_44_1773299448092_007_jpg.rf.374192f02628156efdab998ad7d5aebc.jpg,train,bored,bigdata_bored_engaged_sultanbudi_44_1773299449096_019_jpg.rf.b2a75984b9bb1e49610d55177adc5636.jpg,val,bored,0,6
bigdata_bored_engaged_sultanbudi_44_1773299448092_007_jpg.rf.374192f02628156efdab998ad7d5aebc.jpg,train,bored,bigdata_bored_engaged_sultanbudi_44_1773299449621_021_jpg.rf.6272d33f73d73d7c0c0a5857eed826e5.jpg,val,bored,1,6
bigdata_bored_engaged_sultanbudi_44_1773299448092_007_jpg.rf.374192f02628156efdab998ad7d5aebc.jpg,train,bored,bigdata_bored_engaged_sultanbudi_44_1773299449621_022_jpg.rf.d11c6654f1cbeaac2d79f16c08b9f3d1.jpg,val,bored,2,6
bigdata_bored_engaged_sultanbudi_44_1773299448092_008_jpg.rf.d4d6cd0a5957e155f7f4a883488c3253.jpg,train,bored,bigdata_bored_engaged_sultanbudi_44_1773299448092_009_jpg.rf.5c2f6f124826d938947a5deaaf52e993.jpg,val,bored,1,0
bigdata_bored_engaged_sultanbudi_44_1773299448092_008_jpg.rf.d4d6cd0a5957e155f7f4a883488c3253.jpg,train,bored,bigdata_bored_engaged_sultanbudi_44_1773299449096_016_jpg.rf.4125f263cb89be68674665b5777b18e2.jpg,val,bored,0,4
bigdata_bored_engaged_sultanbudi_44_1773299448092_008_jpg.rf.d4d6cd0a5957e155f7f4a883488c3253.jpg,train,bored,bigdata_bored_engaged_sultanbudi_44_1773299449096_019_jpg.rf.b2a75984b9bb1e49610d55177adc5636.jpg,val,bored,1,6
bigdata_bored_engaged_sultanbudi_44_1773299448092_008_jpg.rf.d4d6cd0a5957e155f7f4a883488c3253.jpg,train,bored,bigdata_bored_engaged_sultanbudi_44_1773299449621_021_jpg.rf.6272d33f73d73d7c0c0a5857eed826e5.jpg,val,bored,2,6
bigdata_bored_engaged_sultanbudi_44_1773299448092_008_jpg.rf.d4d6cd0a5957e155f7f4a883488c3253.jpg,train,bored,bigdata_bored_engaged_sultanbudi_44_1773299449621_022_jpg.rf.d11c6654f1cbeaac2d79f16c08b9f3d1.jpg,val,bored,3,6
bigdata_bored_engaged_sultanbudi_44_1773299448572_010_jpg.rf.84f97917c2fede2c9f7b2f90b169fb61.jpg,train,bored,bigdata_bored_engaged_sultanbudi_44_1773299448092_009_jpg.rf.5c2f6f124826d938947a5deaaf52e993.jpg,val,bored,0,0
bigdata_bored_engaged_sultanbudi_44_1773299448572_010_jpg.rf.84f97917c2fede2c9f7b2f90b169fb61.jpg,train,bored,bigdata_bored_engaged_sultanbudi_44_1773299449096_016_jpg.rf.4125f263cb89be68674665b5777b18e2.jpg,val,bored,1,4
bigdata_bored_engaged_sultanbudi_44_1773299448572_010_jpg.rf.84f97917c2fede2c9f7b2f90b169fb61.jpg,train,bored,bigdata_bored_engaged_sultanbudi_44_1773299449096_019_jpg.rf.b2a75984b9bb1e49610d55177adc5636.jpg,val,bored,2,6
bigdata_bored_engaged_sultanbudi_44_1773299448572_010_jpg.rf.84f97917c2fede2c9f7b2f90b169fb61.jpg,train,bored,bigdata_bored_engaged_sultanbudi_44_1773299449621_021_jpg.rf.6272d33f73d73d7c0c0a5857eed826e5.jpg,val,bored,3,6
bigdata_bored_engaged_sultanbudi_44_1773299448572_010_jpg.rf.84f97917c2fede2c9f7b2f90b169fb61.jpg,train,bored,bigdata_bored_engaged_sultanbudi_44_1773299449621_022_jpg.rf.d11c6654f1cbeaac2d79f16c08b9f3d1.jpg,val,bored,2,6
bigdata_bored_engaged_sultanbudi_44_1773299448572_011_jpg.rf.9c7e84f0a941c6672d25d8ef0f73a5cc.jpg,train,bored,bigdata_bored_engaged_sultanbudi_44_1773299448092_009_jpg.rf.5c2f6f124826d938947a5deaaf52e993.jpg,val,bored,1,0
bigdata_bored_engaged_sultanbudi_44_1773299448572_011_jpg.rf.9c7e84f0a941c6672d25d8ef0f73a5cc.jpg,train,bored,bigdata_bored_engaged_sultanbudi_44_1773299449096_016_jpg.rf.4125f263cb89be68674665b5777b18e2.jpg,val,bored,0,4
bigdata_bored_engaged_sultanbudi_44_1773299448572_011_jpg.rf.9c7e84f0a941c6672d25d8ef0f73a5cc.jpg,train,bored,bigdata_bored_engaged_sultanbudi_44_1773299449096_019_jpg.rf.b2a75984b9bb1e49610d55177adc5636.jpg,val,bored,1,6
bigdata_bored_engaged_sultanbudi_44_1773299448572_011_jpg.rf.9c7e84f0a941c6672d25d8ef0f73a5cc.jpg,train,bored,bigdata_bored_engaged_sultanbudi_44_1773299449621_021_jpg.rf.6272d33f73d73d7c0c0a5857eed826e5.jpg,val,bored,2,6
bigdata_bored_engaged_sultanbudi_44_1773299448572_011_jpg.rf.9c7e84f0a941c6672d25d8ef0f73a5cc.jpg,train,bored,bigdata_bored_engaged_sultanbudi_44_1773299449621_022_jpg.rf.d11c6654f1cbeaac2d79f16c08b9f3d1.jpg,val,bored,3,6
bigdata_bored_engaged_sultanbudi_44_1773299448572_012_jpg.rf.cf83252557ac0359df8ee7b1fea72267.jpg,train,bored,bigdata_bored_engaged_sultanbudi_44_1773299448092_009_jpg.rf.5c2f6f124826d938947a5deaaf52e993.jpg,val,bored,1,2
bigdata_bored_engaged_sultanbudi_44_1773299448572_012_jpg.rf.cf83252557ac0359df8ee7b1fea72267.jpg,train,bored,bigdata_bored_engaged_sultanbudi_44_1773299449096_016_jpg.rf.4125f263cb89be68674665b5777b18e2.jpg,val,bored,0,2
bigdata_bored_engaged_sultanbudi_44_1773299448572_012_jpg.rf.cf83252557ac0359df8ee7b1fea72267.jpg,train,bored,bigdata_bored_engaged_sultanbudi_44_1773299449096_019_jpg.rf.b2a75984b9bb1e49610d55177adc5636.jpg,val,bored,1,4
bigdata_bored_engaged_sultanbudi_44_1773299448572_012_jpg.rf.cf83252557ac0359df8ee7b1fea72267.jpg,train,bored,bigdata_bored_engaged_sultanbudi_44_1773299449621_021_jpg.rf.6272d33f73d73d7c0c0a5857eed826e5.jpg,val,bored,2,4
bigdata_bored_engaged_sultanbudi_44_1773299448572_012_jpg.rf.cf83252557ac0359df8ee7b1fea72267.jpg,train,bored,bigdata_bored_engaged_sultanbudi_44_1773299449621_022_jpg.rf.d11c6654f1cbeaac2d79f16c08b9f3d1.jpg,val,bored,3,4
bigdata_bored_engaged_sultanbudi_44_1773299448572_013_jpg.rf.ed8f13003d607417d20dc355535134e9.jpg,train,bored,bigdata_bored_engaged_sultanbudi_44_1773299448092_009_jpg.rf.5c2f6f124826d938947a5deaaf52e993.jpg,val,bored,1,4
bigdata_bored_engaged_sultanbudi_44_1773299448572_013_jpg.rf.ed8f13003d607417d20dc355535134e9.jpg,train,bored,bigdata_bored_engaged_sultanbudi_44_1773299449096_016_jpg.rf.4125f263cb89be68674665b5777b18e2.jpg,val,bored,0,0
bigdata_bored_engaged_sultanbudi_44_1773299448572_013_jpg.rf.ed8f13003d607417d20dc355535134e9.jpg,train,bored,bigdata_bored_engaged_sultanbudi_44_1773299449096_019_jpg.rf.b2a75984b9bb1e49610d55177adc5636.jpg,val,bored,1,6
bigdata_bored_engaged_sultanbudi_44_1773299448572_013_jpg.rf.ed8f13003d607417d20dc355535134e9.jpg,train,bored,bigdata_bored_engaged_sultanbudi_44_1773299449621_021_jpg.rf.6272d33f73d73d7c0c0a5857eed826e5.jpg,val,bored,2,4
bigdata_bored_engaged_sultanbudi_44_1773299448572_013_jpg.rf.ed8f13003d607417d20dc355535134e9.jpg,train,bored,bigdata_bored_engaged_sultanbudi_44_1773299449621_022_jpg.rf.d11c6654f1cbeaac2d79f16c08b9f3d1.jpg,val,bored,3,4
bigdata_bored_engaged_sultanbudi_44_1773299448572_014_jpg.rf.c187e1ac713338e1035f0a0f9604125c.jpg,train,bored,bigdata_bored_engaged_sultanbudi_44_1773299448092_009_jpg.rf.5c2f6f124826d938947a5deaaf52e993.jpg,val,bored,1,4
bigdata_bored_engaged_sultanbudi_44_1773299448572_014_jpg.rf.c187e1ac713338e1035f0a0f9604125c.jpg,train,bored,bigdata_bored_engaged_sultanbudi_44_1773299449096_016_jpg.rf.4125f263cb89be68674665b5777b18e2.jpg,val,bored,0,0
bigdata_bored_engaged_sultanbudi_44_1773299448572_014_jpg.rf.c187e1ac713338e1035f0a0f9604125c.jpg,train,bored,bigdata_bored_engaged_sultanbudi_44_1773299449096_019_jpg.rf.b2a75984b9bb1e49610d55177adc5636.jpg,val,bored,1,6
bigdata_bored_engaged_sultanbudi_44_1773299448572_014_jpg.rf.c187e1ac713338e1035f0a0f9604125c.jpg,train,bored,bigdata_bored_engaged_sultanbudi_44_1773299449621_021_jpg.rf.6272d33f73d73d7c0c0a5857eed826e5.jpg,val,bored,2,4
bigdata_bored_engaged_sultanbudi_44_1773299448572_014_jpg.rf.c187e1ac713338e1035f0a0f9604125c.jpg,train,bored,bigdata_bored_engaged_sultanbudi_44_1773299449621_022_jpg.rf.d11c6654f1cbeaac2d79f16c08b9f3d1.jpg,val,bored,3,4
bigdata_bored_engaged_sultanbudi_44_1773299449095_015_jpg.rf.85b7a36010639c12bc8a1b5681b11497.jpg,train,bored,bigdata_bored_engaged_sultanbudi_44_1773299448092_009_jpg.rf.5c2f6f124826d938947a5deaaf52e993.jpg,val,bored,1,4
bigdata_bored_engaged_sultanbudi_44_1773299449095_015_jpg.rf.85b7a36010639c12bc8a1b5681b11497.jpg,train,bored,bigdata_bored_engaged_sultanbudi_44_1773299449096_016_jpg.rf.4125f263cb89be68674665b5777b18e2.jpg,val,bored,0,0
bigdata_bored_engaged_sultanbudi_44_1773299449095_015_jpg.rf.85b7a36010639c12bc8a1b5681b11497.jpg,train,bored,bigdata_bored_engaged_sultanbudi_44_1773299449096_019_jpg.rf.b2a75984b9bb1e49610d55177adc5636.jpg,val,bored,1,6
bigdata_bored_engaged_sultanbudi_44_1773299449095_015_jpg.rf.85b7a36010639c12bc8a1b5681b11497.jpg,train,bored,bigdata_bored_engaged_sultanbudi_44_1773299449621_021_jpg.rf.6272d33f73d73d7c0c0a5857eed826e5.jpg,val,bored,2,4
bigdata_bored_engaged_sultanbudi_44_1773299449095_015_jpg.rf.85b7a36010639c12bc8a1b5681b11497.jpg,train,bored,bigdata_bored_engaged_sultanbudi_44_1773299449621_022_jpg.rf.d11c6654f1cbeaac2d79f16c08b9f3d1.jpg,val,bored,3,4
bigdata_bored_engaged_sultanbudi_44_1773299449096_018_jpg.rf.a84209827ec103c3b08da4d992fea7eb.jpg,train,bored,bigdata_bored_engaged_sultanbudi_44_1773299448092_009_jpg.rf.5c2f6f124826d938947a5deaaf52e993.jpg,val,bored,2,6
bigdata_bored_engaged_sultanbudi_44_1773299449096_018_jpg.rf.a84209827ec103c3b08da4d992fea7eb.jpg,train,bored,bigdata_bored_engaged_sultanbudi_44_1773299449096_016_jpg.rf.4125f263cb89be68674665b5777b18e2.jpg,val,bored,3,6
bigdata_bored_engaged_sultanbudi_44_1773299449096_018_jpg.rf.a84209827ec103c3b08da4d992fea7eb.jpg,train,bored,bigdata_bored_engaged_sultanbudi_44_1773299449096_019_jpg.rf.b2a75984b9bb1e49610d55177adc5636.jpg,val,bored,2,4
bigdata_bored_engaged_sultanbudi_44_1773299449096_018_jpg.rf.a84209827ec103c3b08da4d992fea7eb.jpg,train,bored,bigdata_bored_engaged_sultanbudi_44_1773299449621_021_jpg.rf.6272d33f73d73d7c0c0a5857eed826e5.jpg,val,bored,1,6
bigdata_bored_engaged_sultanbudi_44_1773299449096_018_jpg.rf.a84209827ec103c3b08da4d992fea7eb.jpg,train,bored,bigdata_bored_engaged_sultanbudi_44_1773299449621_022_jpg.rf.d11c6654f1cbeaac2d79f16c08b9f3d1.jpg,val,bored,0,6
bigdata_bored_engaged_sultanbudi_44_1773299449621_020_jpg.rf.60e6cace7c9182612f0b7134eecb28a8.jpg,train,bored,bigdata_bored_engaged_sultanbudi_44_1773299449096_016_jpg.rf.4125f263cb89be68674665b5777b18e2.jpg,val,bored,2,6
bigdata_bored_engaged_sultanbudi_44_1773299449621_020_jpg.rf.60e6cace7c9182612f0b7134eecb28a8.jpg,train,bored,bigdata_bored_engaged_sultanbudi_44_1773299449096_019_jpg.rf.b2a75984b9bb1e49610d55177adc5636.jpg,val,bored,1,2
bigdata_bored_engaged_sultanbudi_44_1773299449621_020_jpg.rf.60e6cace7c9182612f0b7134eecb28a8.jpg,train,bored,bigdata_bored_engaged_sultanbudi_44_1773299449621_021_jpg.rf.6272d33f73d73d7c0c0a5857eed826e5.jpg,val,bored,0,2
bigdata_bored_engaged_sultanbudi_44_1773299449621_020_jpg.rf.60e6cace7c9182612f0b7134eecb28a8.jpg,train,bored,bigdata_bored_engaged_sultanbudi_44_1773299449621_022_jpg.rf.d11c6654f1cbeaac2d79f16c08b9f3d1.jpg,val,bored,1,2
bigdata_bored_engaged_sultanbudi_44_1773299449621_023_jpg.rf.978223ae4e299e51e61709b869ff75ef.jpg,train,bored,bigdata_bored_engaged_sultanbudi_44_1773299448092_009_jpg.rf.5c2f6f124826d938947a5deaaf52e993.jpg,val,bored,2,4
bigdata_bored_engaged_sultanbudi_44_1773299449621_023_jpg.rf.978223ae4e299e51e61709b869ff75ef.jpg,train,bored,bigdata_bored_engaged_sultanbudi_44_1773299449096_016_jpg.rf.4125f263cb89be68674665b5777b18e2.jpg,val,bored,3,4
bigdata_bored_engaged_sultanbudi_44_1773299449621_023_jpg.rf.978223ae4e299e51e61709b869ff75ef.jpg,train,bored,bigdata_bored_engaged_sultanbudi_44_1773299449096_019_jpg.rf.b2a75984b9bb1e49610d55177adc5636.jpg,val,bored,2,6
bigdata_bored_engaged_sultanbudi_44_1773299449621_023_jpg.rf.978223ae4e299e51e61709b869ff75ef.jpg,train,bored,bigdata_bored_engaged_sultanbudi_44_1773299449621_021_jpg.rf.6272d33f73d73d7c0c0a5857eed826e5.jpg,val,bored,1,2
bigdata_bored_engaged_sultanbudi_44_1773299449621_023_jpg.rf.978223ae4e299e51e61709b869ff75ef.jpg,train,bored,bigdata_bored_engaged_sultanbudi_44_1773299449621_022_jpg.rf.d11c6654f1cbeaac2d79f16c08b9f3d1.jpg,val,bored,0,2
bigdata_confused_engaged_ansyah_08_1774442973916_000_jpg.rf.427916aef0806e5db3a644238d46a645.jpg,train,confused,bigdata_confused_engaged_ansyah_08_1774442973916_001_jpg.rf.39fdb7df09ac62904589fc3c424e59ec.jpg,val,confused,5,6
bigdata_confused_engaged_ansyah_08_1774442973917_002_jpg.rf.0fe61032eca1336190fbfeec191b762e.jpg,train,confused,bigdata_confused_engaged_ansyah_08_1774442973916_001_jpg.rf.39fdb7df09ac62904589fc3c424e59ec.jpg,val,confused,2,4
bigdata_confused_engaged_ansyah_08_1774442973917_002_jpg.rf.0fe61032eca1336190fbfeec191b762e.jpg,train,confused,bigdata_confused_engaged_ansyah_08_1774442973917_004_jpg.rf.88df2b90e46588d41098ef5e1d603cfd.jpg,val,confused,3,2
bigdata_confused_engaged_ansyah_08_1774442973917_002_jpg.rf.0fe61032eca1336190fbfeec191b762e.jpg,train,confused,bigdata_confused_engaged_ansyah_08_1774442975110_014_jpg.rf.c93b6d07aa52ec063b726306444d70f4.jpg,val,confused,3,6
bigdata_confused_engaged_ansyah_08_1774442973917_003_jpg.rf.4f1197f602a7e116694c564954c2ba59.jpg,train,confused,bigdata_confused_engaged_ansyah_08_1774442973916_001_jpg.rf.39fdb7df09ac62904589fc3c424e59ec.jpg,val,confused,2,6
bigdata_confused_engaged_ansyah_08_1774442973917_003_jpg.rf.4f1197f602a7e116694c564954c2ba59.jpg,train,confused,bigdata_confused_engaged_ansyah_08_1774442973917_004_jpg.rf.88df2b90e46588d41098ef5e1d603cfd.jpg,val,confused,1,2
bigdata_confused_engaged_ansyah_08_1774442974547_009_jpg.rf.218678022b794b17e429dfd343be6087.jpg,train,confused,bigdata_confused_engaged_ansyah_08_1774442973916_001_jpg.rf.39fdb7df09ac62904589fc3c424e59ec.jpg,val,confused,4,6
bigdata_confused_engaged_ansyah_08_1774442974547_009_jpg.rf.218678022b794b17e429dfd343be6087.jpg,train,confused,bigdata_confused_engaged_ansyah_08_1774442973917_004_jpg.rf.88df2b90e46588d41098ef5e1d603cfd.jpg,val,confused,5,6
bigdata_confused_engaged_ansyah_08_1774442974547_009_jpg.rf.218678022b794b17e429dfd343be6087.jpg,train,confused,bigdata_confused_engaged_ansyah_08_1774442975109_010_jpg.rf.d00e59d992e11eb5b3688b03e7e94023.jpg,val,confused,1,4
bigdata_confused_engaged_ansyah_08_1774442974547_009_jpg.rf.218678022b794b17e429dfd343be6087.jpg,train,confused,bigdata_confused_engaged_ansyah_08_1774442975110_012_jpg.rf.b14fcc69394c1033f1ed001bca6d78c5.jpg,val,confused,0,6
bigdata_confused_engaged_ansyah_08_1774442974547_009_jpg.rf.218678022b794b17e429dfd343be6087.jpg,train,confused,bigdata_confused_engaged_ansyah_08_1774442975110_014_jpg.rf.c93b6d07aa52ec063b726306444d70f4.jpg,val,confused,3,6
bigdata_confused_engaged_ansyah_08_1774442975110_011_jpg.rf.c897e097807c24810134fbee535af383.jpg,train,confused,bigdata_confused_engaged_ansyah_08_1774442975109_010_jpg.rf.d00e59d992e11eb5b3688b03e7e94023.jpg,val,confused,2,2
bigdata_confused_engaged_ansyah_08_1774442975110_011_jpg.rf.c897e097807c24810134fbee535af383.jpg,train,confused,bigdata_confused_engaged_ansyah_08_1774442975110_012_jpg.rf.b14fcc69394c1033f1ed001bca6d78c5.jpg,val,confused,1,0
bigdata_confused_engaged_ansyah_08_1774442975879_018_jpg.rf.926a734aae873e2f3c5523d27dbb9b55.jpg,train,confused,bigdata_confused_engaged_ansyah_08_1774442975879_017_jpg.rf.60e6a7cbbed8ce561bf4b10f13d226f9.jpg,val,confused,1,0
bigdata_confused_engaged_ansyah_08_1774442975879_019_jpg.rf.5577bb434f43a2fd8d1655ca354f2e97.jpg,train,confused,bigdata_confused_engaged_ansyah_08_1774442975879_017_jpg.rf.60e6a7cbbed8ce561bf4b10f13d226f9.jpg,val,confused,2,2
bigdata_confused_engaged_ansyah_08_1774442976497_020_jpg.rf.142878c1d69e548d2b516e68c9010a08.jpg,train,confused,bigdata_confused_engaged_ansyah_08_1774442975879_017_jpg.rf.60e6a7cbbed8ce561bf4b10f13d226f9.jpg,val,confused,2,2
bigdata_confused_engaged_ardiansyah_26_1774441939484_003_jpg.rf.6ae0566921a25720164ddb39e3d0da49.jpg,train,confused,bigdata_engaged_ardiansyah_26_1774441903830_016_jpg.rf.a26207e126117ebca8824a7dbe65ef87.jpg,val,engaged,4,6
bigdata_confused_engaged_ardiansyah_26_1774441940665_005_jpg.rf.1020476d43d3f13c133e4011fd182f05.jpg,train,confused,bigdata_engaged_ardiansyah_26_1774441903830_016_jpg.rf.a26207e126117ebca8824a7dbe65ef87.jpg,val,engaged,5,6
bigdata_confused_engaged_ardiansyah_26_1774441940665_008_jpg.rf.60a8bad34cec3c99a0aa82045c84226d.jpg,train,confused,bigdata_confused_engaged_ardiansyah_26_1774441941599_011_jpg.rf.fb7610596eac12a2af9ee978f6f7d3cd.jpg,val,confused,1,4
bigdata_confused_engaged_ardiansyah_26_1774441940666_009_jpg.rf.d991e02d6486d0ba041e863f3ef87eef.jpg,train,confused,bigdata_confused_engaged_ardiansyah_26_1774441941599_011_jpg.rf.fb7610596eac12a2af9ee978f6f7d3cd.jpg,val,confused,2,2
bigdata_confused_engaged_ardiansyah_26_1774441941599_010_jpg.rf.1a52b0efd9857a9878d62e2fe770ddc1.jpg,train,confused,bigdata_confused_engaged_ardiansyah_26_1774441941599_011_jpg.rf.fb7610596eac12a2af9ee978f6f7d3cd.jpg,val,confused,4,2
bigdata_confused_engaged_ardiansyah_26_1774441941599_012_jpg.rf.3dafdd0ab71e734d5b89762f54e3f21c.jpg,train,confused,bigdata_confused_engaged_ardiansyah_26_1774441941599_011_jpg.rf.fb7610596eac12a2af9ee978f6f7d3cd.jpg,val,confused,2,2
bigdata_confused_engaged_ardiansyah_26_1774441943128_021_jpg.rf.8f4598bbf2e3d23101bdd9a1f2ae3be1.jpg,train,confused,bigdata_confused_engaged_ardiansyah_26_1774441941599_011_jpg.rf.fb7610596eac12a2af9ee978f6f7d3cd.jpg,val,confused,5,6
bigdata_confused_engaged_arya_31_1773299347954_001_jpg.rf.e59630e3aa7ebd1e046b60a29882c993.jpg,train,confused,bigdata_confused_engaged_arya_31_1773299347954_000_jpg.rf.5412fbe8232e3555c01d15ed09703896.jpg,val,confused,0,0
bigdata_confused_engaged_arya_31_1773299347954_001_jpg.rf.e59630e3aa7ebd1e046b60a29882c993.jpg,train,confused,bigdata_confused_engaged_arya_31_1773299349324_013_jpg.rf.350cdd2c8870275afb4d83bfcf34d26b.jpg,val,confused,3,6
bigdata_confused_engaged_arya_31_1773299347954_002_jpg.rf.3f9437b44803cc9ab079d6564b974017.jpg,train,confused,bigdata_confused_engaged_arya_31_1773299347954_000_jpg.rf.5412fbe8232e3555c01d15ed09703896.jpg,val,confused,0,2
bigdata_confused_engaged_arya_31_1773299347954_002_jpg.rf.3f9437b44803cc9ab079d6564b974017.jpg,train,confused,bigdata_confused_engaged_arya_31_1773299349324_013_jpg.rf.350cdd2c8870275afb4d83bfcf34d26b.jpg,val,confused,3,6
bigdata_confused_engaged_arya_31_1773299347955_003_jpg.rf.b1e69be3fb314e0d40c0142b115fedea.jpg,train,confused,bigdata_confused_engaged_arya_31_1773299347954_000_jpg.rf.5412fbe8232e3555c01d15ed09703896.jpg,val,confused,0,2
bigdata_confused_engaged_arya_31_1773299347955_003_jpg.rf.b1e69be3fb314e0d40c0142b115fedea.jpg,train,confused,bigdata_confused_engaged_arya_31_1773299349324_013_jpg.rf.350cdd2c8870275afb4d83bfcf34d26b.jpg,val,confused,3,6
bigdata_confused_engaged_arya_31_1773299347955_004_jpg.rf.902240327d5908508c498ef28e842894.jpg,train,confused,bigdata_confused_engaged_arya_31_1773299347954_000_jpg.rf.5412fbe8232e3555c01d15ed09703896.jpg,val,confused,0,2
bigdata_confused_engaged_arya_31_1773299347955_004_jpg.rf.902240327d5908508c498ef28e842894.jpg,train,confused,bigdata_confused_engaged_arya_31_1773299349324_013_jpg.rf.350cdd2c8870275afb4d83bfcf34d26b.jpg,val,confused,3,6
bigdata_confused_engaged_arya_31_1773299348638_005_jpg.rf.388aa35b930cbb6f5ab6512a0a0612eb.jpg,train,confused,bigdata_confused_engaged_arya_31_1773299347954_000_jpg.rf.5412fbe8232e3555c01d15ed09703896.jpg,val,confused,0,2
bigdata_confused_engaged_arya_31_1773299348638_005_jpg.rf.388aa35b930cbb6f5ab6512a0a0612eb.jpg,train,confused,bigdata_confused_engaged_arya_31_1773299349324_013_jpg.rf.350cdd2c8870275afb4d83bfcf34d26b.jpg,val,confused,3,6
bigdata_confused_engaged_arya_31_1773299348638_008_jpg.rf.ab1fcbdffc95d9671a35aa5931054485.jpg,train,confused,bigdata_confused_engaged_arya_31_1773299347954_000_jpg.rf.5412fbe8232e3555c01d15ed09703896.jpg,val,confused,2,2
bigdata_confused_engaged_arya_31_1773299348638_008_jpg.rf.ab1fcbdffc95d9671a35aa5931054485.jpg,train,confused,bigdata_confused_engaged_arya_31_1773299349324_013_jpg.rf.350cdd2c8870275afb4d83bfcf34d26b.jpg,val,confused,3,6
bigdata_confused_engaged_arya_31_1773299348638_008_jpg.rf.ab1fcbdffc95d9671a35aa5931054485.jpg,train,confused,bigdata_confused_engaged_arya_31_1773299350773_022_jpg.rf.0a2be411cd1d4cb47cc3a3e307e715a8.jpg,val,confused,5,4
bigdata_confused_engaged_arya_31_1773299348638_009_jpg.rf.4ba1dbdb1d613e1067f203d66d94d0c7.jpg,train,confused,bigdata_confused_engaged_arya_31_1773299347954_000_jpg.rf.5412fbe8232e3555c01d15ed09703896.jpg,val,confused,2,4
bigdata_confused_engaged_arya_31_1773299348638_009_jpg.rf.4ba1dbdb1d613e1067f203d66d94d0c7.jpg,train,confused,bigdata_confused_engaged_arya_31_1773299349324_013_jpg.rf.350cdd2c8870275afb4d83bfcf34d26b.jpg,val,confused,1,6
bigdata_confused_engaged_arya_31_1773299348638_009_jpg.rf.4ba1dbdb1d613e1067f203d66d94d0c7.jpg,train,confused,bigdata_confused_engaged_arya_31_1773299350773_022_jpg.rf.0a2be411cd1d4cb47cc3a3e307e715a8.jpg,val,confused,5,6
bigdata_confused_engaged_arya_31_1773299349324_010_jpg.rf.3594a5249f98ef3c648c4f2bb772f18d.jpg,train,confused,bigdata_confused_engaged_arya_31_1773299347954_000_jpg.rf.5412fbe8232e3555c01d15ed09703896.jpg,val,confused,2,2
bigdata_confused_engaged_arya_31_1773299349324_010_jpg.rf.3594a5249f98ef3c648c4f2bb772f18d.jpg,train,confused,bigdata_confused_engaged_arya_31_1773299349324_013_jpg.rf.350cdd2c8870275afb4d83bfcf34d26b.jpg,val,confused,1,6
bigdata_confused_engaged_arya_31_1773299349324_010_jpg.rf.3594a5249f98ef3c648c4f2bb772f18d.jpg,train,confused,bigdata_confused_engaged_arya_31_1773299350773_022_jpg.rf.0a2be411cd1d4cb47cc3a3e307e715a8.jpg,val,confused,5,4
bigdata_confused_engaged_arya_31_1773299349324_011_jpg.rf.574677265eafda95af2efbb3b7cc75a9.jpg,train,confused,bigdata_confused_engaged_arya_31_1773299347954_000_jpg.rf.5412fbe8232e3555c01d15ed09703896.jpg,val,confused,2,4
bigdata_confused_engaged_arya_31_1773299349324_011_jpg.rf.574677265eafda95af2efbb3b7cc75a9.jpg,train,confused,bigdata_confused_engaged_arya_31_1773299349324_013_jpg.rf.350cdd2c8870275afb4d83bfcf34d26b.jpg,val,confused,1,4
bigdata_confused_engaged_arya_31_1773299349324_011_jpg.rf.574677265eafda95af2efbb3b7cc75a9.jpg,train,confused,bigdata_confused_engaged_arya_31_1773299349327_014_jpg.rf.d1d29c2f60b840b2ee7a8f5c19778666.jpg,val,confused,1,4
bigdata_confused_engaged_arya_31_1773299349324_011_jpg.rf.574677265eafda95af2efbb3b7cc75a9.jpg,train,confused,bigdata_confused_engaged_arya_31_1773299350773_022_jpg.rf.0a2be411cd1d4cb47cc3a3e307e715a8.jpg,val,confused,5,6
bigdata_confused_engaged_arya_31_1773299349324_012_jpg.rf.76573a5ba9a332e3326eaf1298c0e3cf.jpg,train,confused,bigdata_confused_engaged_arya_31_1773299347954_000_jpg.rf.5412fbe8232e3555c01d15ed09703896.jpg,val,confused,3,6
bigdata_confused_engaged_arya_31_1773299349324_012_jpg.rf.76573a5ba9a332e3326eaf1298c0e3cf.jpg,train,confused,bigdata_confused_engaged_arya_31_1773299349324_013_jpg.rf.350cdd2c8870275afb4d83bfcf34d26b.jpg,val,confused,0,0
bigdata_confused_engaged_arya_31_1773299349324_012_jpg.rf.76573a5ba9a332e3326eaf1298c0e3cf.jpg,train,confused,bigdata_confused_engaged_arya_31_1773299349327_014_jpg.rf.d1d29c2f60b840b2ee7a8f5c19778666.jpg,val,confused,0,4
bigdata_confused_engaged_arya_31_1773299349997_015_jpg.rf.d69914740dd0c1998e1232596af79250.jpg,train,confused,bigdata_confused_engaged_arya_31_1773299347954_000_jpg.rf.5412fbe8232e3555c01d15ed09703896.jpg,val,confused,2,4
bigdata_confused_engaged_arya_31_1773299349997_015_jpg.rf.d69914740dd0c1998e1232596af79250.jpg,train,confused,bigdata_confused_engaged_arya_31_1773299349324_013_jpg.rf.350cdd2c8870275afb4d83bfcf34d26b.jpg,val,confused,1,4
bigdata_confused_engaged_arya_31_1773299349997_015_jpg.rf.d69914740dd0c1998e1232596af79250.jpg,train,confused,bigdata_confused_engaged_arya_31_1773299349327_014_jpg.rf.d1d29c2f60b840b2ee7a8f5c19778666.jpg,val,confused,1,4
bigdata_confused_engaged_arya_31_1773299349997_015_jpg.rf.d69914740dd0c1998e1232596af79250.jpg,train,confused,bigdata_confused_engaged_arya_31_1773299350773_022_jpg.rf.0a2be411cd1d4cb47cc3a3e307e715a8.jpg,val,confused,5,6
bigdata_confused_engaged_arya_31_1773299349998_017_jpg.rf.9720a75bbb188054e557f00d55102a91.jpg,train,confused,bigdata_confused_engaged_arya_31_1773299347954_000_jpg.rf.5412fbe8232e3555c01d15ed09703896.jpg,val,confused,2,2
bigdata_confused_engaged_arya_31_1773299349998_017_jpg.rf.9720a75bbb188054e557f00d55102a91.jpg,train,confused,bigdata_confused_engaged_arya_31_1773299349324_013_jpg.rf.350cdd2c8870275afb4d83bfcf34d26b.jpg,val,confused,1,6
bigdata_confused_engaged_arya_31_1773299349998_017_jpg.rf.9720a75bbb188054e557f00d55102a91.jpg,train,confused,bigdata_confused_engaged_arya_31_1773299350773_022_jpg.rf.0a2be411cd1d4cb47cc3a3e307e715a8.jpg,val,confused,5,6
bigdata_confused_engaged_arya_31_1773299349998_018_jpg.rf.a2d4cc2a6242d8c235512d520602795c.jpg,train,confused,bigdata_confused_engaged_arya_31_1773299347954_000_jpg.rf.5412fbe8232e3555c01d15ed09703896.jpg,val,confused,3,6
bigdata_confused_engaged_arya_31_1773299349998_018_jpg.rf.a2d4cc2a6242d8c235512d520602795c.jpg,train,confused,bigdata_confused_engaged_arya_31_1773299349324_013_jpg.rf.350cdd2c8870275afb4d83bfcf34d26b.jpg,val,confused,2,6
bigdata_confused_engaged_arya_31_1773299349998_018_jpg.rf.a2d4cc2a6242d8c235512d520602795c.jpg,train,confused,bigdata_confused_engaged_arya_31_1773299349327_014_jpg.rf.d1d29c2f60b840b2ee7a8f5c19778666.jpg,val,confused,2,4
bigdata_confused_engaged_arya_31_1773299349998_018_jpg.rf.a2d4cc2a6242d8c235512d520602795c.jpg,train,confused,bigdata_confused_engaged_arya_31_1773299350773_022_jpg.rf.0a2be411cd1d4cb47cc3a3e307e715a8.jpg,val,confused,4,4
bigdata_confused_engaged_arya_31_1773299350773_023_jpg.rf.bf75ff80683bf56121b0d6de73fa2b81.jpg,train,confused,bigdata_confused_engaged_arya_31_1773299350773_022_jpg.rf.0a2be411cd1d4cb47cc3a3e307e715a8.jpg,val,confused,1,0
bigdata_confused_engaged_iann_62_1774442856926_011_jpg.rf.be70620c96f0ea8d90f1dc9b60ac7fc6.jpg,train,confused,bigdata_confused_engaged_iann_62_1774442856927_012_jpg.rf.e28d35db8f8d11d2fa423c55d3f05f29.jpg,val,confused,3,2
bigdata_confused_engaged_iann_62_1774442856927_014_jpg.rf.05e7e46e20c51849fc77e358c262745c.jpg,train,confused,bigdata_confused_engaged_iann_62_1774442856927_012_jpg.rf.e28d35db8f8d11d2fa423c55d3f05f29.jpg,val,confused,4,4
bigdata_confused_engaged_iann_62_1774442857561_016_jpg.rf.fa395f6d0270ab3b5fca11b8e35915e9.jpg,train,confused,bigdata_confused_engaged_iann_62_1774442856927_012_jpg.rf.e28d35db8f8d11d2fa423c55d3f05f29.jpg,val,confused,4,6
bigdata_confused_engaged_iann_62_1774442857561_017_jpg.rf.94f872b6fc9a86c4b0193d52490248a1.jpg,train,confused,bigdata_confused_engaged_iann_62_1774442856927_012_jpg.rf.e28d35db8f8d11d2fa423c55d3f05f29.jpg,val,confused,4,6
bigdata_confused_engaged_iann_62_1774442857561_018_jpg.rf.3b157aeac622baed338a97b75e4b4860.jpg,train,confused,bigdata_confused_engaged_iann_62_1774442856927_012_jpg.rf.e28d35db8f8d11d2fa423c55d3f05f29.jpg,val,confused,5,6
bigdata_confused_engaged_iann_62_1774442858227_021_jpg.rf.4eb76f7391de912a63d878a2731af834.jpg,train,confused,bigdata_confused_engaged_iann_62_1774442858227_020_jpg.rf.4c8af5c16eec883abf1ff92fe2b19368.jpg,val,confused,3,4
bigdata_confused_engaged_iann_62_1774442858227_022_jpg.rf.56198118cbcdd4d022b67843de734936.jpg,train,confused,bigdata_confused_engaged_iann_62_1774442858227_020_jpg.rf.4c8af5c16eec883abf1ff92fe2b19368.jpg,val,confused,4,2
bigdata_confused_engaged_maguru_36_1774443959143_007_jpg.rf.ae15478e9cc833d0a3cdfee68ed78889.jpg,train,confused,bigdata_confused_engaged_maguru_36_1774443959615_014_jpg.rf.58a45bc370906063ba49296f59363de3.jpg,val,confused,2,2
bigdata_confused_engaged_maguru_36_1774443959143_007_jpg.rf.ae15478e9cc833d0a3cdfee68ed78889.jpg,train,confused,bigdata_confused_engaged_maguru_36_1774443960140_016_jpg.rf.7174fe9a918c6cea2f56cac45bd9891d.jpg,val,confused,2,2
bigdata_confused_engaged_maguru_36_1774443959143_007_jpg.rf.ae15478e9cc833d0a3cdfee68ed78889.jpg,train,confused,bigdata_confused_engaged_maguru_36_1774443960615_023_jpg.rf.966bed84fe5821834d44ea68241e45cd.jpg,val,confused,2,2
bigdata_confused_engaged_maguru_36_1774443959143_008_jpg.rf.950ef6453836a89cbf102edfae09afc9.jpg,train,confused,bigdata_confused_engaged_maguru_36_1774443959615_014_jpg.rf.58a45bc370906063ba49296f59363de3.jpg,val,confused,1,0
bigdata_confused_engaged_maguru_36_1774443959143_008_jpg.rf.950ef6453836a89cbf102edfae09afc9.jpg,train,confused,bigdata_confused_engaged_maguru_36_1774443960140_016_jpg.rf.7174fe9a918c6cea2f56cac45bd9891d.jpg,val,confused,1,0
bigdata_confused_engaged_maguru_36_1774443959143_008_jpg.rf.950ef6453836a89cbf102edfae09afc9.jpg,train,confused,bigdata_confused_engaged_maguru_36_1774443960615_023_jpg.rf.966bed84fe5821834d44ea68241e45cd.jpg,val,confused,3,2
bigdata_confused_engaged_maguru_36_1774443959143_009_jpg.rf.f16d61012d5e86ec3acb0926f5eeffc1.jpg,train,confused,bigdata_confused_engaged_maguru_36_1774443959615_014_jpg.rf.58a45bc370906063ba49296f59363de3.jpg,val,confused,2,2
bigdata_confused_engaged_maguru_36_1774443959143_009_jpg.rf.f16d61012d5e86ec3acb0926f5eeffc1.jpg,train,confused,bigdata_confused_engaged_maguru_36_1774443960140_016_jpg.rf.7174fe9a918c6cea2f56cac45bd9891d.jpg,val,confused,2,2
bigdata_confused_engaged_maguru_36_1774443959143_009_jpg.rf.f16d61012d5e86ec3acb0926f5eeffc1.jpg,train,confused,bigdata_confused_engaged_maguru_36_1774443960615_023_jpg.rf.966bed84fe5821834d44ea68241e45cd.jpg,val,confused,2,4
bigdata_confused_engaged_maguru_36_1774443959615_011_jpg.rf.e61abdc605e117d2b3561615953c479e.jpg,train,confused,bigdata_confused_engaged_maguru_36_1774443959615_014_jpg.rf.58a45bc370906063ba49296f59363de3.jpg,val,confused,1,6
bigdata_confused_engaged_maguru_36_1774443959615_011_jpg.rf.e61abdc605e117d2b3561615953c479e.jpg,train,confused,bigdata_confused_engaged_maguru_36_1774443960140_016_jpg.rf.7174fe9a918c6cea2f56cac45bd9891d.jpg,val,confused,1,6
bigdata_confused_engaged_maguru_36_1774443959615_011_jpg.rf.e61abdc605e117d2b3561615953c479e.jpg,train,confused,bigdata_confused_engaged_maguru_36_1774443960615_023_jpg.rf.966bed84fe5821834d44ea68241e45cd.jpg,val,confused,3,6
bigdata_confused_engaged_maguru_36_1774443959615_012_jpg.rf.308ceb75b9f17dab537e67756174486f.jpg,train,confused,bigdata_confused_engaged_maguru_36_1774443959615_014_jpg.rf.58a45bc370906063ba49296f59363de3.jpg,val,confused,1,4
bigdata_confused_engaged_maguru_36_1774443959615_012_jpg.rf.308ceb75b9f17dab537e67756174486f.jpg,train,confused,bigdata_confused_engaged_maguru_36_1774443960140_016_jpg.rf.7174fe9a918c6cea2f56cac45bd9891d.jpg,val,confused,1,4
bigdata_confused_engaged_maguru_36_1774443959615_012_jpg.rf.308ceb75b9f17dab537e67756174486f.jpg,train,confused,bigdata_confused_engaged_maguru_36_1774443960615_023_jpg.rf.966bed84fe5821834d44ea68241e45cd.jpg,val,confused,3,4
bigdata_confused_engaged_maguru_36_1774443959615_013_jpg.rf.5a32437d38d97736489393f1ab5dc8bb.jpg,train,confused,bigdata_confused_engaged_maguru_36_1774443959615_014_jpg.rf.58a45bc370906063ba49296f59363de3.jpg,val,confused,1,2
bigdata_confused_engaged_maguru_36_1774443959615_013_jpg.rf.5a32437d38d97736489393f1ab5dc8bb.jpg,train,confused,bigdata_confused_engaged_maguru_36_1774443960140_016_jpg.rf.7174fe9a918c6cea2f56cac45bd9891d.jpg,val,confused,1,2
bigdata_confused_engaged_maguru_36_1774443959615_013_jpg.rf.5a32437d38d97736489393f1ab5dc8bb.jpg,train,confused,bigdata_confused_engaged_maguru_36_1774443960615_023_jpg.rf.966bed84fe5821834d44ea68241e45cd.jpg,val,confused,3,4
bigdata_confused_engaged_maguru_36_1774443960140_017_jpg.rf.1a38e46692622471adc97cacaed8c4b3.jpg,train,confused,bigdata_confused_engaged_maguru_36_1774443959615_014_jpg.rf.58a45bc370906063ba49296f59363de3.jpg,val,confused,1,0
bigdata_confused_engaged_maguru_36_1774443960140_017_jpg.rf.1a38e46692622471adc97cacaed8c4b3.jpg,train,confused,bigdata_confused_engaged_maguru_36_1774443960140_016_jpg.rf.7174fe9a918c6cea2f56cac45bd9891d.jpg,val,confused,1,0
bigdata_confused_engaged_maguru_36_1774443960140_017_jpg.rf.1a38e46692622471adc97cacaed8c4b3.jpg,train,confused,bigdata_confused_engaged_maguru_36_1774443960615_023_jpg.rf.966bed84fe5821834d44ea68241e45cd.jpg,val,confused,3,2
bigdata_confused_engaged_maguru_36_1774443960140_018_jpg.rf.5aade07798d5157c202c831175b6d6dc.jpg,train,confused,bigdata_confused_engaged_maguru_36_1774443959615_014_jpg.rf.58a45bc370906063ba49296f59363de3.jpg,val,confused,1,2
bigdata_confused_engaged_maguru_36_1774443960140_018_jpg.rf.5aade07798d5157c202c831175b6d6dc.jpg,train,confused,bigdata_confused_engaged_maguru_36_1774443960140_016_jpg.rf.7174fe9a918c6cea2f56cac45bd9891d.jpg,val,confused,1,2
bigdata_confused_engaged_maguru_36_1774443960140_018_jpg.rf.5aade07798d5157c202c831175b6d6dc.jpg,train,confused,bigdata_confused_engaged_maguru_36_1774443960615_023_jpg.rf.966bed84fe5821834d44ea68241e45cd.jpg,val,confused,3,2
bigdata_confused_engaged_maguru_36_1774443960140_019_jpg.rf.d66aac6c5a967a89ab27390d005fee95.jpg,train,confused,bigdata_confused_engaged_maguru_36_1774443959615_014_jpg.rf.58a45bc370906063ba49296f59363de3.jpg,val,confused,2,2
bigdata_confused_engaged_maguru_36_1774443960140_019_jpg.rf.d66aac6c5a967a89ab27390d005fee95.jpg,train,confused,bigdata_confused_engaged_maguru_36_1774443960140_016_jpg.rf.7174fe9a918c6cea2f56cac45bd9891d.jpg,val,confused,2,2
bigdata_confused_engaged_maguru_36_1774443960140_019_jpg.rf.d66aac6c5a967a89ab27390d005fee95.jpg,train,confused,bigdata_confused_engaged_maguru_36_1774443960615_023_jpg.rf.966bed84fe5821834d44ea68241e45cd.jpg,val,confused,4,2
bigdata_confused_engaged_maguru_36_1774443960614_020_jpg.rf.778ec33a1140b9e4c11765355699057b.jpg,train,confused,bigdata_confused_engaged_maguru_36_1774443959615_014_jpg.rf.58a45bc370906063ba49296f59363de3.jpg,val,confused,4,2
bigdata_confused_engaged_maguru_36_1774443960614_020_jpg.rf.778ec33a1140b9e4c11765355699057b.jpg,train,confused,bigdata_confused_engaged_maguru_36_1774443960140_016_jpg.rf.7174fe9a918c6cea2f56cac45bd9891d.jpg,val,confused,4,2
bigdata_confused_engaged_maguru_36_1774443960614_020_jpg.rf.778ec33a1140b9e4c11765355699057b.jpg,train,confused,bigdata_confused_engaged_maguru_36_1774443960615_023_jpg.rf.966bed84fe5821834d44ea68241e45cd.jpg,val,confused,2,2
bigdata_confused_engaged_maguru_36_1774443960615_021_jpg.rf.dceee8cb9cdeab5403a4d3ad8d98b313.jpg,train,confused,bigdata_confused_engaged_maguru_36_1774443959615_014_jpg.rf.58a45bc370906063ba49296f59363de3.jpg,val,confused,3,2
bigdata_confused_engaged_maguru_36_1774443960615_021_jpg.rf.dceee8cb9cdeab5403a4d3ad8d98b313.jpg,train,confused,bigdata_confused_engaged_maguru_36_1774443960140_016_jpg.rf.7174fe9a918c6cea2f56cac45bd9891d.jpg,val,confused,3,2
bigdata_confused_engaged_maguru_36_1774443960615_021_jpg.rf.dceee8cb9cdeab5403a4d3ad8d98b313.jpg,train,confused,bigdata_confused_engaged_maguru_36_1774443960615_023_jpg.rf.966bed84fe5821834d44ea68241e45cd.jpg,val,confused,1,0
bigdata_confused_engaged_maguru_36_1774443960615_022_jpg.rf.05240c5313501b2fd3d62b42e8280b03.jpg,train,confused,bigdata_confused_engaged_maguru_36_1774443960615_023_jpg.rf.966bed84fe5821834d44ea68241e45cd.jpg,val,confused,2,0
bigdata_confused_engaged_muhdaryadn_00_1773299186669_001_jpg.rf.da0385c290e1d0852f9cf558c833f73c.jpg,train,confused,bigdata_confused_engaged_muhdaryadn_00_1773299186669_000_jpg.rf.afd987fb4098eef58df05afe0660426f.jpg,val,confused,1,0
bigdata_confused_engaged_muhdaryadn_00_1773299186669_002_jpg.rf.06c403791338c94ab0de23afa26b62e1.jpg,train,confused,bigdata_confused_engaged_muhdaryadn_00_1773299186669_000_jpg.rf.afd987fb4098eef58df05afe0660426f.jpg,val,confused,1,0
bigdata_confused_engaged_muhdaryadn_00_1773299186669_003_jpg.rf.d5c30066e0d5be215e2365e6e6ecc7cf.jpg,train,confused,bigdata_confused_engaged_muhdaryadn_00_1773299186669_000_jpg.rf.afd987fb4098eef58df05afe0660426f.jpg,val,confused,1,0
bigdata_confused_engaged_muhdaryadn_00_1773299186669_004_jpg.rf.5e6aacf17602b3d318fb5afac68a1336.jpg,train,confused,bigdata_confused_engaged_muhdaryadn_00_1773299186669_000_jpg.rf.afd987fb4098eef58df05afe0660426f.jpg,val,confused,1,2
bigdata_confused_engaged_muhdaryadn_00_1773299189907_005_jpg.rf.5acc1748943db254a93e949591424ae5.jpg,train,confused,bigdata_confused_engaged_muhdaryadn_00_1773299186669_000_jpg.rf.afd987fb4098eef58df05afe0660426f.jpg,val,confused,1,2
bigdata_confused_engaged_muhdaryadn_00_1773299189909_006_jpg.rf.54b0a259920cd5a52631c979986d11f0.jpg,train,confused,bigdata_confused_engaged_muhdaryadn_00_1773299186669_000_jpg.rf.afd987fb4098eef58df05afe0660426f.jpg,val,confused,1,4
bigdata_confused_engaged_muhdaryadn_00_1773299189909_007_jpg.rf.3535e241108b8543ac69fcd9a8ff2c03.jpg,train,confused,bigdata_confused_engaged_muhdaryadn_00_1773299186669_000_jpg.rf.afd987fb4098eef58df05afe0660426f.jpg,val,confused,1,6
bigdata_confused_engaged_muhdaryadn_00_1773299189909_008_jpg.rf.9d05ada706c16368ee14fb87fcf5b9b9.jpg,train,confused,bigdata_confused_engaged_muhdaryadn_00_1773299186669_000_jpg.rf.afd987fb4098eef58df05afe0660426f.jpg,val,confused,1,6
bigdata_confused_engaged_muhdaryadn_00_1773299189909_009_jpg.rf.a7da4c32e0de679c4fd7b92c88a5f656.jpg,train,confused,bigdata_confused_engaged_muhdaryadn_00_1773299186669_000_jpg.rf.afd987fb4098eef58df05afe0660426f.jpg,val,confused,1,6
bigdata_confused_engaged_muhdaryadn_00_1773299192509_010_jpg.rf.0796940219033ece0d6689585f73a57a.jpg,train,confused,bigdata_confused_engaged_muhdaryadn_00_1773299186669_000_jpg.rf.afd987fb4098eef58df05afe0660426f.jpg,val,confused,1,6
bigdata_confused_engaged_muhdaryadn_00_1773299192509_011_jpg.rf.c5a4420d139b9bee0fe711b8e16120d4.jpg,train,confused,bigdata_confused_engaged_muhdaryadn_00_1773299186669_000_jpg.rf.afd987fb4098eef58df05afe0660426f.jpg,val,confused,1,6
bigdata_confused_engaged_muhdaryadn_00_1773299192510_012_jpg.rf.f150c1d17a3b8ee782b8bfa1850497ca.jpg,train,confused,bigdata_confused_engaged_muhdaryadn_00_1773299186669_000_jpg.rf.afd987fb4098eef58df05afe0660426f.jpg,val,confused,1,4
bigdata_confused_engaged_muhdaryadn_00_1773299192510_013_jpg.rf.d9e8eb62df07c7dc278bdaf127960b0a.jpg,train,confused,bigdata_confused_engaged_muhdaryadn_00_1773299186669_000_jpg.rf.afd987fb4098eef58df05afe0660426f.jpg,val,confused,1,4
bigdata_confused_engaged_muhdaryadn_00_1773299192510_014_jpg.rf.4e896d323f2ff905b992e0fc377f1982.jpg,train,confused,bigdata_confused_engaged_muhdaryadn_00_1773299186669_000_jpg.rf.afd987fb4098eef58df05afe0660426f.jpg,val,confused,1,4
bigdata_confused_engaged_muhdaryadn_00_1773299194344_015_jpg.rf.9091706f11818b0c3c022d3e46a02d46.jpg,train,confused,bigdata_confused_engaged_muhdaryadn_00_1773299186669_000_jpg.rf.afd987fb4098eef58df05afe0660426f.jpg,val,confused,1,4
bigdata_confused_engaged_muhdaryadn_00_1773299194345_017_jpg.rf.4328d9e49e4169cc624d96cdd2bade30.jpg,train,confused,bigdata_confused_engaged_muhdaryadn_00_1773299186669_000_jpg.rf.afd987fb4098eef58df05afe0660426f.jpg,val,confused,1,4
bigdata_confused_engaged_muhdaryadn_00_1773299194345_018_jpg.rf.03fad168c289f97fb037ae66b58d06ed.jpg,train,confused,bigdata_confused_engaged_muhdaryadn_00_1773299186669_000_jpg.rf.afd987fb4098eef58df05afe0660426f.jpg,val,confused,1,4
bigdata_confused_engaged_muhdaryadn_00_1773299194345_019_jpg.rf.e5d8f9c68d718e0a038fe946d3e660a0.jpg,train,confused,bigdata_confused_engaged_muhdaryadn_00_1773299186669_000_jpg.rf.afd987fb4098eef58df05afe0660426f.jpg,val,confused,1,2
bigdata_confused_engaged_muhdaryadn_00_1773299196116_021_jpg.rf.fc92e575ac2844058423b9302037fc44.jpg,train,confused,bigdata_confused_engaged_muhdaryadn_00_1773299186669_000_jpg.rf.afd987fb4098eef58df05afe0660426f.jpg,val,confused,2,4
bigdata_confused_engaged_muhdaryadn_00_1773299196116_022_jpg.rf.196817a4c6ada858265359b0288f450f.jpg,train,confused,bigdata_confused_engaged_muhdaryadn_00_1773299186669_000_jpg.rf.afd987fb4098eef58df05afe0660426f.jpg,val,confused,2,4
bigdata_confused_engaged_muhdaryadn_00_1773299196116_023_jpg.rf.a2a54eb733b36c4efb59d50177053292.jpg,train,confused,bigdata_confused_engaged_muhdaryadn_00_1773299186669_000_jpg.rf.afd987fb4098eef58df05afe0660426f.jpg,val,confused,2,4
bigdata_confused_engaged_nabielrafi_73_1773300486946_000_jpg.rf.36d05ab5ca0b78b3a190853114182470.jpg,train,confused,bigdata_confused_engaged_nabielrafi_73_1773300486946_002_jpg.rf.c56d96f174596914d109c41108e7b7a0.jpg,val,confused,4,4
bigdata_confused_engaged_nabielrafi_73_1773300486946_000_jpg.rf.36d05ab5ca0b78b3a190853114182470.jpg,train,confused,bigdata_confused_engaged_nabielrafi_73_1773300489014_012_jpg.rf.834a2dd0627314dfbdcc9f3dff936b11.jpg,val,confused,5,6
bigdata_confused_engaged_nabielrafi_73_1773300486946_000_jpg.rf.36d05ab5ca0b78b3a190853114182470.jpg,train,confused,bigdata_confused_engaged_nabielrafi_73_1773300489697_019_jpg.rf.9d01eea07ca6a50b56b643d4d84298a0.jpg,val,confused,2,4
bigdata_confused_engaged_nabielrafi_73_1773300486946_001_jpg.rf.671e20d352a3db91a71017a34ded7f40.jpg,train,confused,bigdata_confused_engaged_nabielrafi_73_1773300486946_002_jpg.rf.c56d96f174596914d109c41108e7b7a0.jpg,val,confused,5,4
bigdata_confused_engaged_nabielrafi_73_1773300486946_001_jpg.rf.671e20d352a3db91a71017a34ded7f40.jpg,train,confused,bigdata_confused_engaged_nabielrafi_73_1773300489697_019_jpg.rf.9d01eea07ca6a50b56b643d4d84298a0.jpg,val,confused,5,4
bigdata_confused_engaged_nabielrafi_73_1773300486946_003_jpg.rf.b342a3c197faaa3f90f0b0fd198bab6d.jpg,train,confused,bigdata_confused_engaged_nabielrafi_73_1773300486946_002_jpg.rf.c56d96f174596914d109c41108e7b7a0.jpg,val,confused,5,4
bigdata_confused_engaged_nabielrafi_73_1773300486946_003_jpg.rf.b342a3c197faaa3f90f0b0fd198bab6d.jpg,train,confused,bigdata_confused_engaged_nabielrafi_73_1773300489697_019_jpg.rf.9d01eea07ca6a50b56b643d4d84298a0.jpg,val,confused,5,6
bigdata_confused_engaged_nabielrafi_73_1773300486946_004_jpg.rf.033d29ccb01aaede6dd114503ec79188.jpg,train,confused,bigdata_confused_engaged_nabielrafi_73_1773300486946_002_jpg.rf.c56d96f174596914d109c41108e7b7a0.jpg,val,confused,3,6
bigdata_confused_engaged_nabielrafi_73_1773300487959_009_jpg.rf.0dc1cb7b68528ba0b32452cdc19f163b.jpg,train,confused,bigdata_confused_engaged_nabielrafi_73_1773300489697_019_jpg.rf.9d01eea07ca6a50b56b643d4d84298a0.jpg,val,confused,4,6
bigdata_confused_engaged_nabielrafi_73_1773300490373_021_jpg.rf.6831bf62081e326e01100542a5449293.jpg,train,confused,bigdata_bored_engaged_nabielrafi_73_1773300507126_006_jpg.rf.d0a5482d861e7445d44c78b1c0fad6c3.jpg,val,bored,5,6
bigdata_confused_engaged_nabielrafi_73_1773300490373_022_jpg.rf.ce3ebe4db3a46ae1aebd3ea20b5940aa.jpg,train,confused,bigdata_confused_engaged_nabielrafi_73_1773300489697_019_jpg.rf.9d01eea07ca6a50b56b643d4d84298a0.jpg,val,confused,5,6
bigdata_confused_engaged_nabielrafi_73_1773300490373_023_jpg.rf.d6b185a7a4a1d21bed1a6e850379bdb5.jpg,train,confused,bigdata_confused_engaged_nabielrafi_73_1773300489697_019_jpg.rf.9d01eea07ca6a50b56b643d4d84298a0.jpg,val,confused,5,4
bigdata_confused_engaged_nian_74_1774481787071_001_jpg.rf.5031bd0afe2e078bc2ffcaa51355f0a3.jpg,train,confused,bigdata_confused_engaged_nian_74_1774481787589_008_jpg.rf.ce2c4c0b702a222a67780449825935a3.jpg,val,confused,5,4
bigdata_confused_engaged_nian_74_1774481787071_002_jpg.rf.9d97afad4dc9cc43bfe99746e5f1ce93.jpg,train,confused,bigdata_confused_engaged_nian_74_1774481787589_008_jpg.rf.ce2c4c0b702a222a67780449825935a3.jpg,val,confused,5,4
bigdata_confused_engaged_nian_74_1774481787071_003_jpg.rf.511aa6b127c552063b0f01b101f4d357.jpg,train,confused,bigdata_confused_engaged_nian_74_1774481787589_008_jpg.rf.ce2c4c0b702a222a67780449825935a3.jpg,val,confused,3,2
bigdata_confused_engaged_nian_74_1774481787589_006_jpg.rf.267b3e3c02d92fa01d1686bb0304ea86.jpg,train,confused,bigdata_confused_engaged_nian_74_1774481787589_008_jpg.rf.ce2c4c0b702a222a67780449825935a3.jpg,val,confused,1,2
bigdata_confused_engaged_nian_74_1774481787589_007_jpg.rf.fd80c5e752dc4c4e43d9346ea8cd8f38.jpg,train,confused,bigdata_confused_engaged_nian_74_1774481787589_008_jpg.rf.ce2c4c0b702a222a67780449825935a3.jpg,val,confused,2,0
bigdata_confused_engaged_nian_74_1774481787589_009_jpg.rf.a03506e5a0f89ad5b0fa25a652c85790.jpg,train,confused,bigdata_confused_engaged_nian_74_1774481787589_008_jpg.rf.ce2c4c0b702a222a67780449825935a3.jpg,val,confused,3,2
bigdata_confused_engaged_nian_74_1774481788145_010_jpg.rf.50b843e614231abcb77027c09fcdb51d.jpg,train,confused,bigdata_confused_engaged_nian_74_1774481787589_008_jpg.rf.ce2c4c0b702a222a67780449825935a3.jpg,val,confused,3,4
bigdata_confused_engaged_nian_74_1774481788145_012_jpg.rf.31c669d29b45886e7d50f20147b5ea4b.jpg,train,confused,bigdata_confused_engaged_nian_74_1774481787589_008_jpg.rf.ce2c4c0b702a222a67780449825935a3.jpg,val,confused,3,4
bigdata_confused_engaged_nian_74_1774481788145_014_jpg.rf.340b96ee95a41e6cbffa6699c4778b45.jpg,train,confused,bigdata_confused_engaged_nian_74_1774481787589_008_jpg.rf.ce2c4c0b702a222a67780449825935a3.jpg,val,confused,5,4
bigdata_confused_engaged_nian_74_1774481788667_015_jpg.rf.968a8f3dfb83f0e10395996ca0336eb8.jpg,train,confused,bigdata_confused_engaged_nian_74_1774481787589_008_jpg.rf.ce2c4c0b702a222a67780449825935a3.jpg,val,confused,5,4
bigdata_confused_engaged_nian_74_1774481788667_016_jpg.rf.0e7c124c586416bf7dcf57bc437516e9.jpg,train,confused,bigdata_confused_engaged_nian_74_1774481787589_008_jpg.rf.ce2c4c0b702a222a67780449825935a3.jpg,val,confused,4,4
bigdata_confused_engaged_nian_74_1774481789153_022_jpg.rf.20170729b24387edba5178649813d8b1.jpg,train,confused,bigdata_confused_engaged_nian_74_1774481787589_008_jpg.rf.ce2c4c0b702a222a67780449825935a3.jpg,val,confused,5,6
bigdata_confused_engaged_rahyan_94_1773299503686_001_jpg.rf.55aa2dbf628d65cc6cfced57dd09dc9f.jpg,train,confused,bigdata_confused_engaged_rahyan_94_1773299505013_014_jpg.rf.16a541f8c5228d25db6aeb5a1d33f782.jpg,val,confused,5,4
bigdata_confused_engaged_rahyan_94_1773299503686_002_jpg.rf.17f952def5796a510c73e6ac3e33d886.jpg,train,confused,bigdata_confused_engaged_rahyan_94_1773299505013_014_jpg.rf.16a541f8c5228d25db6aeb5a1d33f782.jpg,val,confused,5,4
bigdata_confused_engaged_rahyan_94_1773299504378_005_jpg.rf.e568f974a12d63ab920e1ad72c9e5b71.jpg,train,confused,bigdata_confused_engaged_rahyan_94_1773299505013_014_jpg.rf.16a541f8c5228d25db6aeb5a1d33f782.jpg,val,confused,5,4
bigdata_confused_engaged_rahyan_94_1773299504378_006_jpg.rf.b287a3da4cabaf554d90d8c639a24452.jpg,train,confused,bigdata_confused_engaged_rahyan_94_1773299505013_014_jpg.rf.16a541f8c5228d25db6aeb5a1d33f782.jpg,val,confused,5,6
bigdata_confused_engaged_rahyan_94_1773299505013_012_jpg.rf.201b5e2cffad247a63d5f09ae05459bf.jpg,train,confused,bigdata_confused_engaged_rahyan_94_1773299505013_014_jpg.rf.16a541f8c5228d25db6aeb5a1d33f782.jpg,val,confused,2,4
bigdata_confused_engaged_rahyan_94_1773299505013_013_jpg.rf.a5d1811d5642af51b58f50c9c7e79c18.jpg,train,confused,bigdata_confused_engaged_rahyan_94_1773299505013_014_jpg.rf.16a541f8c5228d25db6aeb5a1d33f782.jpg,val,confused,0,4
bigdata_confused_engaged_rahyan_94_1773299505703_015_jpg.rf.2699f5190b38f1ac514344765683b93b.jpg,train,confused,bigdata_confused_engaged_rahyan_94_1773299505013_014_jpg.rf.16a541f8c5228d25db6aeb5a1d33f782.jpg,val,confused,0,0
bigdata_confused_engaged_rahyan_94_1773299505704_016_jpg.rf.858f17083b3d5a9e970f07686c2b88e4.jpg,train,confused,bigdata_confused_engaged_rahyan_94_1773299505013_014_jpg.rf.16a541f8c5228d25db6aeb5a1d33f782.jpg,val,confused,3,0
bigdata_confused_engaged_rahyan_94_1773299505704_017_jpg.rf.5930e0e63fb8d88a5a86d03cf1fc112d.jpg,train,confused,bigdata_confused_engaged_rahyan_94_1773299505013_014_jpg.rf.16a541f8c5228d25db6aeb5a1d33f782.jpg,val,confused,4,0
bigdata_confused_engaged_rahyan_94_1773299505704_018_jpg.rf.a4d793ac9a5f9bb2f47cc9fd2dd024a1.jpg,train,confused,bigdata_confused_engaged_rahyan_94_1773299505013_014_jpg.rf.16a541f8c5228d25db6aeb5a1d33f782.jpg,val,confused,2,0
bigdata_confused_engaged_rahyan_94_1773299505704_019_jpg.rf.f2cbc4b1c6ee3b464cd463ac3d362380.jpg,train,confused,bigdata_confused_engaged_rahyan_94_1773299505013_014_jpg.rf.16a541f8c5228d25db6aeb5a1d33f782.jpg,val,confused,4,2
bigdata_confused_engaged_rahyan_94_1773299506316_020_jpg.rf.911769795037efcdce09a46c14e14bb1.jpg,train,confused,bigdata_confused_engaged_rahyan_94_1773299505013_014_jpg.rf.16a541f8c5228d25db6aeb5a1d33f782.jpg,val,confused,4,4
bigdata_confused_engaged_rahyan_94_1773299506317_023_jpg.rf.feaeba8d1f09ff9e5253a988735fffb0.jpg,train,confused,bigdata_confused_engaged_rahyan_94_1773299505013_014_jpg.rf.16a541f8c5228d25db6aeb5a1d33f782.jpg,val,confused,4,4
bigdata_confused_engaged_sultanbudi_44_1773299426185_000_jpg.rf.9d44c1f5a234a7c51c0e59606cceb4f1.jpg,train,confused,bigdata_confused_engaged_sultanbudi_44_1773299426186_002_jpg.rf.6ee6d24763e8b8036d0a48802f9e2907.jpg,val,confused,4,6
bigdata_confused_engaged_sultanbudi_44_1773299426186_001_jpg.rf.0e15d9bf25f25b698e6620b419e1a129.jpg,train,confused,bigdata_confused_engaged_sultanbudi_44_1773299426186_002_jpg.rf.6ee6d24763e8b8036d0a48802f9e2907.jpg,val,confused,1,2
bigdata_engaged_aksan_50_1773299595088_000_jpg.rf.99d591a0afa6fc843fdea7d63859f828.jpg,train,engaged,bigdata_engaged_aksan_50_1773299596392_007_jpg.rf.97e7e692bf47af9401d5dd873805dae3.jpg,val,engaged,1,6
bigdata_engaged_aksan_50_1773299595088_000_jpg.rf.99d591a0afa6fc843fdea7d63859f828.jpg,train,engaged,bigdata_engaged_aksan_50_1773299597324_011_jpg.rf.5a3e4ad75fdd124f170603be7666c516.jpg,val,engaged,2,4
bigdata_engaged_aksan_50_1773299595089_001_jpg.rf.13bfdedf2feebe69a527e7b796ad713e.jpg,train,engaged,bigdata_engaged_aksan_50_1773299597324_011_jpg.rf.5a3e4ad75fdd124f170603be7666c516.jpg,val,engaged,3,6
bigdata_engaged_aksan_50_1773299595089_002_jpg.rf.3c1fc523e2b12207f7bc8bb71c31bf96.jpg,train,engaged,bigdata_engaged_aksan_50_1773299596392_007_jpg.rf.97e7e692bf47af9401d5dd873805dae3.jpg,val,engaged,4,6
bigdata_engaged_aksan_50_1773299595089_002_jpg.rf.3c1fc523e2b12207f7bc8bb71c31bf96.jpg,train,engaged,bigdata_engaged_aksan_50_1773299597324_011_jpg.rf.5a3e4ad75fdd124f170603be7666c516.jpg,val,engaged,5,6
bigdata_engaged_aksan_50_1773299596388_005_jpg.rf.42df5e76376a22e7b3fed837e1063510.jpg,train,engaged,bigdata_engaged_aksan_50_1773299596392_007_jpg.rf.97e7e692bf47af9401d5dd873805dae3.jpg,val,engaged,3,6
bigdata_engaged_aksan_50_1773299596388_005_jpg.rf.42df5e76376a22e7b3fed837e1063510.jpg,train,engaged,bigdata_engaged_aksan_50_1773299597324_011_jpg.rf.5a3e4ad75fdd124f170603be7666c516.jpg,val,engaged,4,4
bigdata_engaged_aksan_50_1773299596392_006_jpg.rf.2d3e67d7009fd18c12b18b84d46289ad.jpg,train,engaged,bigdata_engaged_aksan_50_1773299596392_007_jpg.rf.97e7e692bf47af9401d5dd873805dae3.jpg,val,engaged,2,2
bigdata_engaged_aksan_50_1773299596392_006_jpg.rf.2d3e67d7009fd18c12b18b84d46289ad.jpg,train,engaged,bigdata_engaged_aksan_50_1773299597324_011_jpg.rf.5a3e4ad75fdd124f170603be7666c516.jpg,val,engaged,3,4
bigdata_engaged_aksan_50_1773299596392_008_jpg.rf.f493415fe476dedf1f4ec437402640eb.jpg,train,engaged,bigdata_engaged_aksan_50_1773299596392_007_jpg.rf.97e7e692bf47af9401d5dd873805dae3.jpg,val,engaged,1,2
bigdata_engaged_aksan_50_1773299596392_008_jpg.rf.f493415fe476dedf1f4ec437402640eb.jpg,train,engaged,bigdata_engaged_aksan_50_1773299597324_011_jpg.rf.5a3e4ad75fdd124f170603be7666c516.jpg,val,engaged,0,2
bigdata_engaged_aksan_50_1773299596393_009_jpg.rf.e0d0377b7d5aa2825f8b79274b2fe38c.jpg,train,engaged,bigdata_engaged_aksan_50_1773299596392_007_jpg.rf.97e7e692bf47af9401d5dd873805dae3.jpg,val,engaged,0,4
bigdata_engaged_aksan_50_1773299596393_009_jpg.rf.e0d0377b7d5aa2825f8b79274b2fe38c.jpg,train,engaged,bigdata_engaged_aksan_50_1773299597324_011_jpg.rf.5a3e4ad75fdd124f170603be7666c516.jpg,val,engaged,1,4
bigdata_engaged_aksan_50_1773299597324_010_jpg.rf.ee7b327d4bb76f7030c8503137bc2d35.jpg,train,engaged,bigdata_engaged_aksan_50_1773299596392_007_jpg.rf.97e7e692bf47af9401d5dd873805dae3.jpg,val,engaged,1,4
bigdata_engaged_aksan_50_1773299597324_010_jpg.rf.ee7b327d4bb76f7030c8503137bc2d35.jpg,train,engaged,bigdata_engaged_aksan_50_1773299597324_011_jpg.rf.5a3e4ad75fdd124f170603be7666c516.jpg,val,engaged,0,4
bigdata_engaged_aksan_50_1773299597324_012_jpg.rf.e25d0c4a83d3472e3f6c1af74e79f4c4.jpg,train,engaged,bigdata_engaged_aksan_50_1773299596392_007_jpg.rf.97e7e692bf47af9401d5dd873805dae3.jpg,val,engaged,3,4
bigdata_engaged_aksan_50_1773299597324_012_jpg.rf.e25d0c4a83d3472e3f6c1af74e79f4c4.jpg,train,engaged,bigdata_engaged_aksan_50_1773299597324_011_jpg.rf.5a3e4ad75fdd124f170603be7666c516.jpg,val,engaged,2,0
bigdata_engaged_aksan_50_1773299597324_013_jpg.rf.0c508146be595e14db0361f237dc1764.jpg,train,engaged,bigdata_engaged_aksan_50_1773299596392_007_jpg.rf.97e7e692bf47af9401d5dd873805dae3.jpg,val,engaged,2,6
bigdata_engaged_aksan_50_1773299597324_013_jpg.rf.0c508146be595e14db0361f237dc1764.jpg,train,engaged,bigdata_engaged_aksan_50_1773299597324_011_jpg.rf.5a3e4ad75fdd124f170603be7666c516.jpg,val,engaged,1,2
bigdata_engaged_aksan_50_1773299597324_014_jpg.rf.74fc993d32f680ed09281ca64b88770e.jpg,train,engaged,bigdata_engaged_aksan_50_1773299596392_007_jpg.rf.97e7e692bf47af9401d5dd873805dae3.jpg,val,engaged,2,4
bigdata_engaged_aksan_50_1773299597324_014_jpg.rf.74fc993d32f680ed09281ca64b88770e.jpg,train,engaged,bigdata_engaged_aksan_50_1773299597324_011_jpg.rf.5a3e4ad75fdd124f170603be7666c516.jpg,val,engaged,1,2
bigdata_engaged_aksan_50_1773299598115_016_jpg.rf.108dba4fa5a5a9a977e53b6a9619c872.jpg,train,engaged,bigdata_engaged_aksan_50_1773299596392_007_jpg.rf.97e7e692bf47af9401d5dd873805dae3.jpg,val,engaged,2,4
bigdata_engaged_aksan_50_1773299598115_016_jpg.rf.108dba4fa5a5a9a977e53b6a9619c872.jpg,train,engaged,bigdata_engaged_aksan_50_1773299597324_011_jpg.rf.5a3e4ad75fdd124f170603be7666c516.jpg,val,engaged,1,2
bigdata_engaged_aksan_50_1773299598115_018_jpg.rf.7041970cca9265060863ac86626e6aae.jpg,train,engaged,bigdata_engaged_aksan_50_1773299596392_007_jpg.rf.97e7e692bf47af9401d5dd873805dae3.jpg,val,engaged,2,6
bigdata_engaged_aksan_50_1773299598115_018_jpg.rf.7041970cca9265060863ac86626e6aae.jpg,train,engaged,bigdata_engaged_aksan_50_1773299597324_011_jpg.rf.5a3e4ad75fdd124f170603be7666c516.jpg,val,engaged,1,4
bigdata_engaged_aksan_50_1773299598115_019_jpg.rf.cd1a6e210fcaefdc93290531a8a62d83.jpg,train,engaged,bigdata_engaged_aksan_50_1773299596392_007_jpg.rf.97e7e692bf47af9401d5dd873805dae3.jpg,val,engaged,2,6
bigdata_engaged_aksan_50_1773299598115_019_jpg.rf.cd1a6e210fcaefdc93290531a8a62d83.jpg,train,engaged,bigdata_engaged_aksan_50_1773299597324_011_jpg.rf.5a3e4ad75fdd124f170603be7666c516.jpg,val,engaged,1,4
bigdata_engaged_aksan_50_1773299598680_020_jpg.rf.ad98b806c2e297d8c3ec28969a8d1c45.jpg,train,engaged,bigdata_engaged_aksan_50_1773299596392_007_jpg.rf.97e7e692bf47af9401d5dd873805dae3.jpg,val,engaged,2,6
bigdata_engaged_aksan_50_1773299598680_020_jpg.rf.ad98b806c2e297d8c3ec28969a8d1c45.jpg,train,engaged,bigdata_engaged_aksan_50_1773299597324_011_jpg.rf.5a3e4ad75fdd124f170603be7666c516.jpg,val,engaged,1,4
bigdata_engaged_aksan_50_1773299598680_022_jpg.rf.1d7c53e11449154200fcb40586b3a359.jpg,train,engaged,bigdata_engaged_aksan_50_1773299596392_007_jpg.rf.97e7e692bf47af9401d5dd873805dae3.jpg,val,engaged,1,6
bigdata_engaged_aksan_50_1773299598680_022_jpg.rf.1d7c53e11449154200fcb40586b3a359.jpg,train,engaged,bigdata_engaged_aksan_50_1773299597324_011_jpg.rf.5a3e4ad75fdd124f170603be7666c516.jpg,val,engaged,0,4
bigdata_engaged_aksan_50_1773299598680_023_jpg.rf.83b6f5e20e560fba6d22d918f6fd35ff.jpg,train,engaged,bigdata_engaged_aksan_50_1773299596392_007_jpg.rf.97e7e692bf47af9401d5dd873805dae3.jpg,val,engaged,1,6
bigdata_engaged_aksan_50_1773299598680_023_jpg.rf.83b6f5e20e560fba6d22d918f6fd35ff.jpg,train,engaged,bigdata_engaged_aksan_50_1773299597324_011_jpg.rf.5a3e4ad75fdd124f170603be7666c516.jpg,val,engaged,0,4
bigdata_engaged_ansyah_08_1774442956783_006_jpg.rf.cb548534b56590f42dab8aca0fb09b20.jpg,train,engaged,bigdata_engaged_ansyah_08_1774442956782_005_jpg.rf.4e500710d389879906b8cb682463fe0a.jpg,val,engaged,4,4
bigdata_engaged_ardiansyah_26_1774441900583_001_jpg.rf.999c7e909a150dca75a63a09cccf0bb2.jpg,train,engaged,bigdata_engaged_ardiansyah_26_1774441903830_015_jpg.rf.7e01cf471712bb016da98fa8d4d59335.jpg,val,engaged,4,4
bigdata_engaged_ardiansyah_26_1774441900583_002_jpg.rf.3f5d18f89691ecf79e1a97d444cbb257.jpg,train,engaged,bigdata_engaged_ardiansyah_26_1774441903830_015_jpg.rf.7e01cf471712bb016da98fa8d4d59335.jpg,val,engaged,5,4
bigdata_engaged_ardiansyah_26_1774441900583_003_jpg.rf.19a8e4366f75d28162da72765923584a.jpg,train,engaged,bigdata_engaged_ardiansyah_26_1774441903830_015_jpg.rf.7e01cf471712bb016da98fa8d4d59335.jpg,val,engaged,5,4
bigdata_engaged_ardiansyah_26_1774441900583_004_jpg.rf.6be96397ae693c9a67981ad46b13bb56.jpg,train,engaged,bigdata_engaged_ardiansyah_26_1774441903830_015_jpg.rf.7e01cf471712bb016da98fa8d4d59335.jpg,val,engaged,3,6
bigdata_engaged_ardiansyah_26_1774441903111_011_jpg.rf.c9cd83a263021dbeee17b9fe858c4042.jpg,train,engaged,bigdata_engaged_ardiansyah_26_1774441903830_015_jpg.rf.7e01cf471712bb016da98fa8d4d59335.jpg,val,engaged,5,4
bigdata_engaged_ardiansyah_26_1774441903111_011_jpg.rf.c9cd83a263021dbeee17b9fe858c4042.jpg,train,engaged,bigdata_engaged_ardiansyah_26_1774441903830_016_jpg.rf.a26207e126117ebca8824a7dbe65ef87.jpg,val,engaged,5,4
bigdata_engaged_ardiansyah_26_1774441903111_012_jpg.rf.25a7ca18a2685904e467211810c21592.jpg,train,engaged,bigdata_engaged_ardiansyah_26_1774441903830_015_jpg.rf.7e01cf471712bb016da98fa8d4d59335.jpg,val,engaged,2,6
bigdata_engaged_ardiansyah_26_1774441903111_013_jpg.rf.ec03ec36b205a16be6d7cae951d6270b.jpg,train,engaged,bigdata_engaged_ardiansyah_26_1774441903830_015_jpg.rf.7e01cf471712bb016da98fa8d4d59335.jpg,val,engaged,5,4
bigdata_engaged_ardiansyah_26_1774441903831_018_jpg.rf.8c8a3daaf75296fe6f72b74588328b73.jpg,train,engaged,bigdata_engaged_ardiansyah_26_1774441903830_015_jpg.rf.7e01cf471712bb016da98fa8d4d59335.jpg,val,engaged,5,6
bigdata_engaged_ardiansyah_26_1774441904952_020_jpg.rf.3e7b2402483c3e547429168ccd6dba4f.jpg,train,engaged,bigdata_engaged_ardiansyah_26_1774441904953_021_jpg.rf.f5a694a51c1218f54749bd2a5c8a92e9.jpg,val,engaged,3,2
bigdata_engaged_ardiansyah_26_1774441904952_020_jpg.rf.3e7b2402483c3e547429168ccd6dba4f.jpg,train,engaged,bigdata_engaged_ardiansyah_26_1774441904953_022_jpg.rf.df7ca715b3fdbc28b64f8ca59ff91126.jpg,val,engaged,2,2
bigdata_engaged_arya_31_1773299330039_009_jpg.rf.51ec6c3c35ddd521cb56861e85ab04e3.jpg,train,engaged,bigdata_confused_engaged_arya_31_1773299349324_013_jpg.rf.350cdd2c8870275afb4d83bfcf34d26b.jpg,val,confused,5,6
bigdata_engaged_arya_31_1773299330847_010_jpg.rf.b45f40c8cfc06780499efdfea9cd8455.jpg,train,engaged,bigdata_confused_engaged_arya_31_1773299349324_013_jpg.rf.350cdd2c8870275afb4d83bfcf34d26b.jpg,val,confused,5,6
bigdata_engaged_arya_31_1773299330848_012_jpg.rf.391d4b7ddb0d06978b007a1ad880e344.jpg,train,engaged,bigdata_confused_engaged_arya_31_1773299349324_013_jpg.rf.350cdd2c8870275afb4d83bfcf34d26b.jpg,val,confused,5,4
bigdata_engaged_arya_31_1773299330848_012_jpg.rf.391d4b7ddb0d06978b007a1ad880e344.jpg,train,engaged,bigdata_confused_engaged_arya_31_1773299349327_014_jpg.rf.d1d29c2f60b840b2ee7a8f5c19778666.jpg,val,confused,5,6
bigdata_engaged_arya_31_1773299330848_013_jpg.rf.6f3e17a67583418a1989d639c991d37f.jpg,train,engaged,bigdata_confused_engaged_arya_31_1773299349324_013_jpg.rf.350cdd2c8870275afb4d83bfcf34d26b.jpg,val,confused,5,6
bigdata_engaged_arya_31_1773299330848_014_jpg.rf.2e98a677a07768d3e73c410d510e3bc0.jpg,train,engaged,bigdata_confused_engaged_arya_31_1773299347954_000_jpg.rf.5412fbe8232e3555c01d15ed09703896.jpg,val,confused,2,6
bigdata_engaged_arya_31_1773299330848_014_jpg.rf.2e98a677a07768d3e73c410d510e3bc0.jpg,train,engaged,bigdata_confused_engaged_arya_31_1773299349324_013_jpg.rf.350cdd2c8870275afb4d83bfcf34d26b.jpg,val,confused,5,6
bigdata_engaged_arya_31_1773299330848_014_jpg.rf.2e98a677a07768d3e73c410d510e3bc0.jpg,train,engaged,bigdata_confused_engaged_arya_31_1773299349327_014_jpg.rf.d1d29c2f60b840b2ee7a8f5c19778666.jpg,val,confused,5,6
bigdata_engaged_arya_31_1773299331568_015_jpg.rf.740017ad722801551829c575c02f5c33.jpg,train,engaged,bigdata_confused_engaged_arya_31_1773299349324_013_jpg.rf.350cdd2c8870275afb4d83bfcf34d26b.jpg,val,confused,5,6
bigdata_engaged_arya_31_1773299331568_016_jpg.rf.1ccfd057e52ff3a15fe4872d07460027.jpg,train,engaged,bigdata_confused_engaged_arya_31_1773299349324_013_jpg.rf.350cdd2c8870275afb4d83bfcf34d26b.jpg,val,confused,4,6
bigdata_engaged_arya_31_1773299331568_017_jpg.rf.aa83aa2962a05aa9c750920660225afa.jpg,train,engaged,bigdata_confused_engaged_arya_31_1773299349324_013_jpg.rf.350cdd2c8870275afb4d83bfcf34d26b.jpg,val,confused,5,6
bigdata_engaged_arya_31_1773299331568_018_jpg.rf.57552e5456003b2b31e5f0e16e820add.jpg,train,engaged,bigdata_confused_engaged_arya_31_1773299349324_013_jpg.rf.350cdd2c8870275afb4d83bfcf34d26b.jpg,val,confused,5,6
bigdata_engaged_arya_31_1773299331568_019_jpg.rf.be600d00e5637879b41c1da8cabb8e40.jpg,train,engaged,bigdata_confused_engaged_arya_31_1773299349324_013_jpg.rf.350cdd2c8870275afb4d83bfcf34d26b.jpg,val,confused,5,4
bigdata_engaged_arya_31_1773299331568_019_jpg.rf.be600d00e5637879b41c1da8cabb8e40.jpg,train,engaged,bigdata_confused_engaged_arya_31_1773299349327_014_jpg.rf.d1d29c2f60b840b2ee7a8f5c19778666.jpg,val,confused,5,6
bigdata_engaged_arya_31_1773299332500_020_jpg.rf.b9ace042daa77a90cb2fd89809f38be3.jpg,train,engaged,bigdata_confused_engaged_arya_31_1773299349324_013_jpg.rf.350cdd2c8870275afb4d83bfcf34d26b.jpg,val,confused,5,6
bigdata_engaged_arya_31_1773299332500_021_jpg.rf.e1f3ba012fe2784f954d0158137694da.jpg,train,engaged,bigdata_confused_engaged_arya_31_1773299349324_013_jpg.rf.350cdd2c8870275afb4d83bfcf34d26b.jpg,val,confused,5,6
bigdata_engaged_arya_31_1773299332500_022_jpg.rf.a919015c6628878cae2b67cc96ed2b2f.jpg,train,engaged,bigdata_confused_engaged_arya_31_1773299349324_013_jpg.rf.350cdd2c8870275afb4d83bfcf34d26b.jpg,val,confused,5,6
bigdata_engaged_arya_31_1773299332501_023_jpg.rf.ab68c77e574b7b3bc3448f629958a0b7.jpg,train,engaged,bigdata_confused_engaged_arya_31_1773299349324_013_jpg.rf.350cdd2c8870275afb4d83bfcf34d26b.jpg,val,confused,4,6
bigdata_engaged_maguru_36_1774443944410_005_jpg.rf.e262c855ad6e0ab69e9340130a33cf91.jpg,train,engaged,bigdata_engaged_maguru_36_1774443944411_008_jpg.rf.9b6e2bf493fa6982de81e33b52a86142.jpg,val,engaged,3,6
bigdata_engaged_maguru_36_1774443944410_007_jpg.rf.5085a31240093494c2621617c5ed5e19.jpg,train,engaged,bigdata_engaged_maguru_36_1774443944411_008_jpg.rf.9b6e2bf493fa6982de81e33b52a86142.jpg,val,engaged,2,4
bigdata_engaged_maguru_36_1774443944411_009_jpg.rf.5371a5e084782095601c920971f6979e.jpg,train,engaged,bigdata_engaged_maguru_36_1774443944411_008_jpg.rf.9b6e2bf493fa6982de81e33b52a86142.jpg,val,engaged,5,2
bigdata_engaged_maguru_36_1774443944853_010_jpg.rf.2efa074f257525d9e1846c51dcae66f3.jpg,train,engaged,bigdata_engaged_maguru_36_1774443944411_008_jpg.rf.9b6e2bf493fa6982de81e33b52a86142.jpg,val,engaged,4,6
bigdata_engaged_maguru_36_1774443944853_013_jpg.rf.c9cd0cba20fcef4898da7f617b9efad5.jpg,train,engaged,bigdata_engaged_maguru_36_1774443944411_008_jpg.rf.9b6e2bf493fa6982de81e33b52a86142.jpg,val,engaged,2,4
bigdata_engaged_maguru_36_1774443945784_020_jpg.rf.ecc5a641e1f88b16c0170f6258b4060c.jpg,train,engaged,bigdata_engaged_maguru_36_1774443944411_008_jpg.rf.9b6e2bf493fa6982de81e33b52a86142.jpg,val,engaged,3,4
bigdata_engaged_maguru_36_1774443945784_020_jpg.rf.ecc5a641e1f88b16c0170f6258b4060c.jpg,train,engaged,bigdata_engaged_maguru_36_1774443945269_019_jpg.rf.9d4dc24c167e117ab4ded1d82f6438b8.jpg,val,engaged,1,0
bigdata_engaged_maguru_36_1774443945785_021_jpg.rf.4465ec3f46e12f38c6852a7ead3d3776.jpg,train,engaged,bigdata_engaged_maguru_36_1774443944411_008_jpg.rf.9b6e2bf493fa6982de81e33b52a86142.jpg,val,engaged,2,4
bigdata_engaged_maguru_36_1774443945785_021_jpg.rf.4465ec3f46e12f38c6852a7ead3d3776.jpg,train,engaged,bigdata_engaged_maguru_36_1774443945269_019_jpg.rf.9d4dc24c167e117ab4ded1d82f6438b8.jpg,val,engaged,2,4
bigdata_engaged_maguru_36_1774443945785_022_jpg.rf.bfffb8cd447344bc10e9f8a73e14dde0.jpg,train,engaged,bigdata_engaged_maguru_36_1774443944411_008_jpg.rf.9b6e2bf493fa6982de81e33b52a86142.jpg,val,engaged,1,4
bigdata_engaged_maguru_36_1774443945785_022_jpg.rf.bfffb8cd447344bc10e9f8a73e14dde0.jpg,train,engaged,bigdata_engaged_maguru_36_1774443945269_019_jpg.rf.9d4dc24c167e117ab4ded1d82f6438b8.jpg,val,engaged,3,4
bigdata_engaged_maguru_36_1774443945785_023_jpg.rf.bc34d4b43c515119f944d792b6c790e9.jpg,train,engaged,bigdata_engaged_maguru_36_1774443944411_008_jpg.rf.9b6e2bf493fa6982de81e33b52a86142.jpg,val,engaged,1,4
bigdata_engaged_maguru_36_1774443945785_023_jpg.rf.bc34d4b43c515119f944d792b6c790e9.jpg,train,engaged,bigdata_engaged_maguru_36_1774443945269_019_jpg.rf.9d4dc24c167e117ab4ded1d82f6438b8.jpg,val,engaged,3,2
bigdata_engaged_nabielrafi_73_1773300457316_001_jpg.rf.a7ef5db987d7ce78c472ee7405ab00de.jpg,train,engaged,bigdata_engaged_nabielrafi_73_1773300457316_000_jpg.rf.95c2919d09925c59298883f637aafbc6.jpg,val,engaged,2,0
bigdata_engaged_nabielrafi_73_1773300457316_001_jpg.rf.a7ef5db987d7ce78c472ee7405ab00de.jpg,train,engaged,bigdata_engaged_nabielrafi_73_1773300461552_007_jpg.rf.eab84fba2f4f8f170ffb846955c8c079.jpg,val,engaged,3,0
bigdata_engaged_nabielrafi_73_1773300457316_001_jpg.rf.a7ef5db987d7ce78c472ee7405ab00de.jpg,train,engaged,bigdata_engaged_nabielrafi_73_1773300464562_018_jpg.rf.cc8519493e022e83c6efc3a567088cce.jpg,val,engaged,5,4
bigdata_engaged_nabielrafi_73_1773300457317_002_jpg.rf.0da49b868198da8af592172dac8b6283.jpg,train,engaged,bigdata_engaged_nabielrafi_73_1773300457316_000_jpg.rf.95c2919d09925c59298883f637aafbc6.jpg,val,engaged,5,2
bigdata_engaged_nabielrafi_73_1773300457317_002_jpg.rf.0da49b868198da8af592172dac8b6283.jpg,train,engaged,bigdata_engaged_nabielrafi_73_1773300461552_007_jpg.rf.eab84fba2f4f8f170ffb846955c8c079.jpg,val,engaged,2,2
bigdata_engaged_nabielrafi_73_1773300457317_002_jpg.rf.0da49b868198da8af592172dac8b6283.jpg,train,engaged,bigdata_engaged_nabielrafi_73_1773300464562_018_jpg.rf.cc8519493e022e83c6efc3a567088cce.jpg,val,engaged,4,4
bigdata_engaged_nabielrafi_73_1773300457317_003_jpg.rf.5e7b485fad27cce24c769bba78149b1c.jpg,train,engaged,bigdata_engaged_nabielrafi_73_1773300457316_000_jpg.rf.95c2919d09925c59298883f637aafbc6.jpg,val,engaged,5,2
bigdata_engaged_nabielrafi_73_1773300457317_003_jpg.rf.5e7b485fad27cce24c769bba78149b1c.jpg,train,engaged,bigdata_engaged_nabielrafi_73_1773300461552_007_jpg.rf.eab84fba2f4f8f170ffb846955c8c079.jpg,val,engaged,2,2
bigdata_engaged_nabielrafi_73_1773300457317_003_jpg.rf.5e7b485fad27cce24c769bba78149b1c.jpg,train,engaged,bigdata_engaged_nabielrafi_73_1773300464562_018_jpg.rf.cc8519493e022e83c6efc3a567088cce.jpg,val,engaged,4,2
bigdata_engaged_nabielrafi_73_1773300457317_004_jpg.rf.82f759d85f6899be3733810a722f1806.jpg,train,engaged,bigdata_engaged_nabielrafi_73_1773300457316_000_jpg.rf.95c2919d09925c59298883f637aafbc6.jpg,val,engaged,4,2
bigdata_engaged_nabielrafi_73_1773300457317_004_jpg.rf.82f759d85f6899be3733810a722f1806.jpg,train,engaged,bigdata_engaged_nabielrafi_73_1773300461552_007_jpg.rf.eab84fba2f4f8f170ffb846955c8c079.jpg,val,engaged,1,2
bigdata_engaged_nabielrafi_73_1773300457317_004_jpg.rf.82f759d85f6899be3733810a722f1806.jpg,train,engaged,bigdata_engaged_nabielrafi_73_1773300464562_018_jpg.rf.cc8519493e022e83c6efc3a567088cce.jpg,val,engaged,3,2
bigdata_engaged_nabielrafi_73_1773300461552_005_jpg.rf.cf6ca49b36dbbf7cb3df19f9a2c13dd9.jpg,train,engaged,bigdata_engaged_nabielrafi_73_1773300457316_000_jpg.rf.95c2919d09925c59298883f637aafbc6.jpg,val,engaged,4,2
bigdata_engaged_nabielrafi_73_1773300461552_005_jpg.rf.cf6ca49b36dbbf7cb3df19f9a2c13dd9.jpg,train,engaged,bigdata_engaged_nabielrafi_73_1773300461552_007_jpg.rf.eab84fba2f4f8f170ffb846955c8c079.jpg,val,engaged,1,2
bigdata_engaged_nabielrafi_73_1773300461552_005_jpg.rf.cf6ca49b36dbbf7cb3df19f9a2c13dd9.jpg,train,engaged,bigdata_engaged_nabielrafi_73_1773300464562_018_jpg.rf.cc8519493e022e83c6efc3a567088cce.jpg,val,engaged,3,2
bigdata_engaged_nabielrafi_73_1773300461552_006_jpg.rf.7df31369f3dc91cf334772e5717e217f.jpg,train,engaged,bigdata_engaged_nabielrafi_73_1773300457316_000_jpg.rf.95c2919d09925c59298883f637aafbc6.jpg,val,engaged,5,2
bigdata_engaged_nabielrafi_73_1773300461552_006_jpg.rf.7df31369f3dc91cf334772e5717e217f.jpg,train,engaged,bigdata_engaged_nabielrafi_73_1773300461552_007_jpg.rf.eab84fba2f4f8f170ffb846955c8c079.jpg,val,engaged,2,2
bigdata_engaged_nabielrafi_73_1773300461552_006_jpg.rf.7df31369f3dc91cf334772e5717e217f.jpg,train,engaged,bigdata_engaged_nabielrafi_73_1773300464562_018_jpg.rf.cc8519493e022e83c6efc3a567088cce.jpg,val,engaged,4,2
bigdata_engaged_nabielrafi_73_1773300461552_008_jpg.rf.d6f308479ff8acc786d9447c305ef3ee.jpg,train,engaged,bigdata_engaged_nabielrafi_73_1773300457316_000_jpg.rf.95c2919d09925c59298883f637aafbc6.jpg,val,engaged,3,0
bigdata_engaged_nabielrafi_73_1773300461552_008_jpg.rf.d6f308479ff8acc786d9447c305ef3ee.jpg,train,engaged,bigdata_engaged_nabielrafi_73_1773300461552_007_jpg.rf.eab84fba2f4f8f170ffb846955c8c079.jpg,val,engaged,2,0
bigdata_engaged_nabielrafi_73_1773300461552_008_jpg.rf.d6f308479ff8acc786d9447c305ef3ee.jpg,train,engaged,bigdata_engaged_nabielrafi_73_1773300464562_018_jpg.rf.cc8519493e022e83c6efc3a567088cce.jpg,val,engaged,2,4
bigdata_engaged_nabielrafi_73_1773300461552_009_jpg.rf.12f21ae42ea50f2603d64cedd4ca2e8e.jpg,train,engaged,bigdata_engaged_nabielrafi_73_1773300457316_000_jpg.rf.95c2919d09925c59298883f637aafbc6.jpg,val,engaged,3,2
bigdata_engaged_nabielrafi_73_1773300461552_009_jpg.rf.12f21ae42ea50f2603d64cedd4ca2e8e.jpg,train,engaged,bigdata_engaged_nabielrafi_73_1773300461552_007_jpg.rf.eab84fba2f4f8f170ffb846955c8c079.jpg,val,engaged,2,2
bigdata_engaged_nabielrafi_73_1773300461552_009_jpg.rf.12f21ae42ea50f2603d64cedd4ca2e8e.jpg,train,engaged,bigdata_engaged_nabielrafi_73_1773300464562_018_jpg.rf.cc8519493e022e83c6efc3a567088cce.jpg,val,engaged,2,2
bigdata_engaged_nabielrafi_73_1773300462761_010_jpg.rf.f970fa12cba8cdd38ddf75059a9ea82d.jpg,train,engaged,bigdata_engaged_nabielrafi_73_1773300457316_000_jpg.rf.95c2919d09925c59298883f637aafbc6.jpg,val,engaged,5,2
bigdata_engaged_nabielrafi_73_1773300462761_010_jpg.rf.f970fa12cba8cdd38ddf75059a9ea82d.jpg,train,engaged,bigdata_engaged_nabielrafi_73_1773300461552_007_jpg.rf.eab84fba2f4f8f170ffb846955c8c079.jpg,val,engaged,2,2
bigdata_engaged_nabielrafi_73_1773300462761_010_jpg.rf.f970fa12cba8cdd38ddf75059a9ea82d.jpg,train,engaged,bigdata_engaged_nabielrafi_73_1773300464562_018_jpg.rf.cc8519493e022e83c6efc3a567088cce.jpg,val,engaged,4,2
bigdata_engaged_nabielrafi_73_1773300462761_011_jpg.rf.4e35d7bd1f42d77e8cc8a63f819ca050.jpg,train,engaged,bigdata_engaged_nabielrafi_73_1773300461552_007_jpg.rf.eab84fba2f4f8f170ffb846955c8c079.jpg,val,engaged,2,2
bigdata_engaged_nabielrafi_73_1773300462761_011_jpg.rf.4e35d7bd1f42d77e8cc8a63f819ca050.jpg,train,engaged,bigdata_engaged_nabielrafi_73_1773300464562_018_jpg.rf.cc8519493e022e83c6efc3a567088cce.jpg,val,engaged,4,2
bigdata_engaged_nabielrafi_73_1773300462761_013_jpg.rf.6e5214b77cc75a1067ed68e1d9c1b1ad.jpg,train,engaged,bigdata_engaged_nabielrafi_73_1773300461552_007_jpg.rf.eab84fba2f4f8f170ffb846955c8c079.jpg,val,engaged,1,2
bigdata_engaged_nabielrafi_73_1773300462761_013_jpg.rf.6e5214b77cc75a1067ed68e1d9c1b1ad.jpg,train,engaged,bigdata_engaged_nabielrafi_73_1773300464562_018_jpg.rf.cc8519493e022e83c6efc3a567088cce.jpg,val,engaged,3,2
bigdata_engaged_nabielrafi_73_1773300462761_014_jpg.rf.58b8d7c79c907058f14fd5702ba488ef.jpg,train,engaged,bigdata_engaged_nabielrafi_73_1773300461552_007_jpg.rf.eab84fba2f4f8f170ffb846955c8c079.jpg,val,engaged,3,2
bigdata_engaged_nabielrafi_73_1773300462761_014_jpg.rf.58b8d7c79c907058f14fd5702ba488ef.jpg,train,engaged,bigdata_engaged_nabielrafi_73_1773300464562_018_jpg.rf.cc8519493e022e83c6efc3a567088cce.jpg,val,engaged,5,2
bigdata_engaged_nabielrafi_73_1773300464562_015_jpg.rf.7856b201dbec76fd3e08aac86aa2ed32.jpg,train,engaged,bigdata_engaged_nabielrafi_73_1773300461552_007_jpg.rf.eab84fba2f4f8f170ffb846955c8c079.jpg,val,engaged,4,2
bigdata_engaged_nabielrafi_73_1773300464562_015_jpg.rf.7856b201dbec76fd3e08aac86aa2ed32.jpg,train,engaged,bigdata_engaged_nabielrafi_73_1773300464562_018_jpg.rf.cc8519493e022e83c6efc3a567088cce.jpg,val,engaged,4,2
bigdata_engaged_nabielrafi_73_1773300464562_016_jpg.rf.eb6c9c721e721ae73f2467ddb66904d9.jpg,train,engaged,bigdata_engaged_nabielrafi_73_1773300461552_007_jpg.rf.eab84fba2f4f8f170ffb846955c8c079.jpg,val,engaged,4,2
bigdata_engaged_nabielrafi_73_1773300464562_016_jpg.rf.eb6c9c721e721ae73f2467ddb66904d9.jpg,train,engaged,bigdata_engaged_nabielrafi_73_1773300464562_018_jpg.rf.cc8519493e022e83c6efc3a567088cce.jpg,val,engaged,4,2
bigdata_engaged_nabielrafi_73_1773300464562_017_jpg.rf.67f5bbfa3b44ab3ccd228dfb898325b8.jpg,train,engaged,bigdata_engaged_nabielrafi_73_1773300457316_000_jpg.rf.95c2919d09925c59298883f637aafbc6.jpg,val,engaged,5,4
bigdata_engaged_nabielrafi_73_1773300464562_017_jpg.rf.67f5bbfa3b44ab3ccd228dfb898325b8.jpg,train,engaged,bigdata_engaged_nabielrafi_73_1773300461552_007_jpg.rf.eab84fba2f4f8f170ffb846955c8c079.jpg,val,engaged,2,4
bigdata_engaged_nabielrafi_73_1773300464562_017_jpg.rf.67f5bbfa3b44ab3ccd228dfb898325b8.jpg,train,engaged,bigdata_engaged_nabielrafi_73_1773300464562_018_jpg.rf.cc8519493e022e83c6efc3a567088cce.jpg,val,engaged,2,0
bigdata_engaged_nabielrafi_73_1773300464562_019_jpg.rf.bb5cd3541da01a4c47ff858db1e9f7e6.jpg,train,engaged,bigdata_engaged_nabielrafi_73_1773300461552_007_jpg.rf.eab84fba2f4f8f170ffb846955c8c079.jpg,val,engaged,5,6
bigdata_engaged_nabielrafi_73_1773300464562_019_jpg.rf.bb5cd3541da01a4c47ff858db1e9f7e6.jpg,train,engaged,bigdata_engaged_nabielrafi_73_1773300464562_018_jpg.rf.cc8519493e022e83c6efc3a567088cce.jpg,val,engaged,5,4
bigdata_engaged_nabielrafi_73_1773300465783_020_jpg.rf.76b44039893005814e194809a82a0f47.jpg,train,engaged,bigdata_engaged_nabielrafi_73_1773300464562_018_jpg.rf.cc8519493e022e83c6efc3a567088cce.jpg,val,engaged,5,6
bigdata_engaged_nabielrafi_73_1773300465783_021_jpg.rf.a145626cdc3367d204b831b7f946c595.jpg,train,engaged,bigdata_engaged_nabielrafi_73_1773300461552_007_jpg.rf.eab84fba2f4f8f170ffb846955c8c079.jpg,val,engaged,5,6
bigdata_engaged_nabielrafi_73_1773300465783_021_jpg.rf.a145626cdc3367d204b831b7f946c595.jpg,train,engaged,bigdata_engaged_nabielrafi_73_1773300464562_018_jpg.rf.cc8519493e022e83c6efc3a567088cce.jpg,val,engaged,5,4
bigdata_engaged_nabielrafi_73_1773300465783_022_jpg.rf.b52c9e4e694d1599604f849486b24489.jpg,train,engaged,bigdata_engaged_nabielrafi_73_1773300461552_007_jpg.rf.eab84fba2f4f8f170ffb846955c8c079.jpg,val,engaged,3,4
bigdata_engaged_nabielrafi_73_1773300465783_022_jpg.rf.b52c9e4e694d1599604f849486b24489.jpg,train,engaged,bigdata_engaged_nabielrafi_73_1773300464562_018_jpg.rf.cc8519493e022e83c6efc3a567088cce.jpg,val,engaged,5,0
bigdata_engaged_nabielrafi_73_1773300465783_023_jpg.rf.389279d79c6779feb0d757d86c199ac3.jpg,train,engaged,bigdata_engaged_nabielrafi_73_1773300461552_007_jpg.rf.eab84fba2f4f8f170ffb846955c8c079.jpg,val,engaged,3,4
bigdata_engaged_nabielrafi_73_1773300465783_023_jpg.rf.389279d79c6779feb0d757d86c199ac3.jpg,train,engaged,bigdata_engaged_nabielrafi_73_1773300464562_018_jpg.rf.cc8519493e022e83c6efc3a567088cce.jpg,val,engaged,5,2
bigdata_engaged_nian_74_1774481765996_003_jpg.rf.c0edf83412a4a973bd4cdfb2df2eb7a9.jpg,train,engaged,bigdata_engaged_nian_74_1774481768295_017_jpg.rf.9411a4031783b2e183fb57a6f47c9b26.jpg,val,engaged,5,6
bigdata_engaged_nian_74_1774481765996_004_jpg.rf.9b7f1cfbb4f0d8b14c0c3bf2048cc266.jpg,train,engaged,bigdata_engaged_nian_74_1774481767290_007_jpg.rf.0c6dd64bceb631441040a841e35120a6.jpg,val,engaged,4,6
bigdata_engaged_nian_74_1774481765996_004_jpg.rf.9b7f1cfbb4f0d8b14c0c3bf2048cc266.jpg,train,engaged,bigdata_engaged_nian_74_1774481768295_017_jpg.rf.9411a4031783b2e183fb57a6f47c9b26.jpg,val,engaged,2,4
bigdata_engaged_nian_74_1774481767290_005_jpg.rf.5af85181f7d2ec59cead72e6ec8efef9.jpg,train,engaged,bigdata_engaged_nian_74_1774481767290_007_jpg.rf.0c6dd64bceb631441040a841e35120a6.jpg,val,engaged,0,2
bigdata_engaged_nian_74_1774481767290_006_jpg.rf.e6101e0bbad4d3b74fc3e267d2e15950.jpg,train,engaged,bigdata_engaged_nian_74_1774481767290_007_jpg.rf.0c6dd64bceb631441040a841e35120a6.jpg,val,engaged,1,0
bigdata_engaged_nian_74_1774481767856_010_jpg.rf.3d20e89c34c32d08c4d8eea9948d7b47.jpg,train,engaged,bigdata_engaged_nian_74_1774481767290_007_jpg.rf.0c6dd64bceb631441040a841e35120a6.jpg,val,engaged,1,0
bigdata_engaged_nian_74_1774481767856_010_jpg.rf.3d20e89c34c32d08c4d8eea9948d7b47.jpg,train,engaged,bigdata_engaged_nian_74_1774481768295_017_jpg.rf.9411a4031783b2e183fb57a6f47c9b26.jpg,val,engaged,5,6
bigdata_engaged_nian_74_1774481767856_011_jpg.rf.8d221668bf9e3384cd7bbb2ea3815877.jpg,train,engaged,bigdata_engaged_nian_74_1774481767290_007_jpg.rf.0c6dd64bceb631441040a841e35120a6.jpg,val,engaged,2,0
bigdata_engaged_nian_74_1774481767856_011_jpg.rf.8d221668bf9e3384cd7bbb2ea3815877.jpg,train,engaged,bigdata_engaged_nian_74_1774481768295_017_jpg.rf.9411a4031783b2e183fb57a6f47c9b26.jpg,val,engaged,4,6
bigdata_engaged_nian_74_1774481767856_012_jpg.rf.662544c48362aa980c7a39b6374c45d6.jpg,train,engaged,bigdata_engaged_nian_74_1774481767290_007_jpg.rf.0c6dd64bceb631441040a841e35120a6.jpg,val,engaged,2,2
bigdata_engaged_nian_74_1774481767856_012_jpg.rf.662544c48362aa980c7a39b6374c45d6.jpg,train,engaged,bigdata_engaged_nian_74_1774481768295_017_jpg.rf.9411a4031783b2e183fb57a6f47c9b26.jpg,val,engaged,4,4
bigdata_engaged_nian_74_1774481767856_013_jpg.rf.da509311bcc61a0d47e574a8efdff8bc.jpg,train,engaged,bigdata_engaged_nian_74_1774481767290_007_jpg.rf.0c6dd64bceb631441040a841e35120a6.jpg,val,engaged,2,2
bigdata_engaged_nian_74_1774481767856_013_jpg.rf.da509311bcc61a0d47e574a8efdff8bc.jpg,train,engaged,bigdata_engaged_nian_74_1774481768295_017_jpg.rf.9411a4031783b2e183fb57a6f47c9b26.jpg,val,engaged,4,4
bigdata_engaged_nian_74_1774481767856_014_jpg.rf.be3ff74ffda20626c71099cc3379e390.jpg,train,engaged,bigdata_engaged_nian_74_1774481767290_007_jpg.rf.0c6dd64bceb631441040a841e35120a6.jpg,val,engaged,2,2
bigdata_engaged_nian_74_1774481767856_014_jpg.rf.be3ff74ffda20626c71099cc3379e390.jpg,train,engaged,bigdata_engaged_nian_74_1774481768295_017_jpg.rf.9411a4031783b2e183fb57a6f47c9b26.jpg,val,engaged,4,4
bigdata_engaged_nian_74_1774481768295_016_jpg.rf.dbae149c4a7548f42a7f9317746a201b.jpg,train,engaged,bigdata_engaged_nian_74_1774481767290_007_jpg.rf.0c6dd64bceb631441040a841e35120a6.jpg,val,engaged,2,2
bigdata_engaged_nian_74_1774481768295_016_jpg.rf.dbae149c4a7548f42a7f9317746a201b.jpg,train,engaged,bigdata_engaged_nian_74_1774481768295_017_jpg.rf.9411a4031783b2e183fb57a6f47c9b26.jpg,val,engaged,4,4
bigdata_engaged_nian_74_1774481768295_018_jpg.rf.70931fb34f43c79cd1c3cb2a661c9f1c.jpg,train,engaged,bigdata_engaged_nian_74_1774481768295_017_jpg.rf.9411a4031783b2e183fb57a6f47c9b26.jpg,val,engaged,2,2
bigdata_engaged_nian_74_1774481768295_019_jpg.rf.e314cf48accbffbf66326de627530031.jpg,train,engaged,bigdata_engaged_nian_74_1774481768295_017_jpg.rf.9411a4031783b2e183fb57a6f47c9b26.jpg,val,engaged,0,2
bigdata_engaged_nian_74_1774481768694_020_jpg.rf.45f048387a80ae087680d1ac63705256.jpg,train,engaged,bigdata_engaged_nian_74_1774481768295_017_jpg.rf.9411a4031783b2e183fb57a6f47c9b26.jpg,val,engaged,1,2
bigdata_engaged_nian_74_1774481768694_022_jpg.rf.34175d7fe47b54d693890b11aeedfddf.jpg,train,engaged,bigdata_engaged_nian_74_1774481768295_017_jpg.rf.9411a4031783b2e183fb57a6f47c9b26.jpg,val,engaged,2,4
bigdata_engaged_rahyan_94_1773299471183_000_jpg.rf.e6285cb818318c1930840105eda5c8a1.jpg,train,engaged,bigdata_engaged_rahyan_94_1773299472478_007_jpg.rf.739277d03fe61b90cbe8ac80ce31ea15.jpg,val,engaged,1,2
bigdata_engaged_rahyan_94_1773299471183_000_jpg.rf.e6285cb818318c1930840105eda5c8a1.jpg,train,engaged,bigdata_engaged_rahyan_94_1773299473169_012_jpg.rf.f10c375b5c92971bc69ef50b9bf1fd0a.jpg,val,engaged,2,0
bigdata_engaged_rahyan_94_1773299471183_001_jpg.rf.806e6ae5df88bb35cb70c44185263e1a.jpg,train,engaged,bigdata_engaged_rahyan_94_1773299472478_007_jpg.rf.739277d03fe61b90cbe8ac80ce31ea15.jpg,val,engaged,1,2
bigdata_engaged_rahyan_94_1773299471183_001_jpg.rf.806e6ae5df88bb35cb70c44185263e1a.jpg,train,engaged,bigdata_engaged_rahyan_94_1773299473169_012_jpg.rf.f10c375b5c92971bc69ef50b9bf1fd0a.jpg,val,engaged,2,0
bigdata_engaged_rahyan_94_1773299471183_002_jpg.rf.7bb382c62b9541befc3341d6acbe67d4.jpg,train,engaged,bigdata_engaged_rahyan_94_1773299472478_007_jpg.rf.739277d03fe61b90cbe8ac80ce31ea15.jpg,val,engaged,0,2
bigdata_engaged_rahyan_94_1773299471183_002_jpg.rf.7bb382c62b9541befc3341d6acbe67d4.jpg,train,engaged,bigdata_engaged_rahyan_94_1773299473169_012_jpg.rf.f10c375b5c92971bc69ef50b9bf1fd0a.jpg,val,engaged,1,0
bigdata_engaged_rahyan_94_1773299471183_003_jpg.rf.5686dc6d954880d7af29421e13403f69.jpg,train,engaged,bigdata_engaged_rahyan_94_1773299472478_007_jpg.rf.739277d03fe61b90cbe8ac80ce31ea15.jpg,val,engaged,2,2
bigdata_engaged_rahyan_94_1773299471183_003_jpg.rf.5686dc6d954880d7af29421e13403f69.jpg,train,engaged,bigdata_engaged_rahyan_94_1773299473169_012_jpg.rf.f10c375b5c92971bc69ef50b9bf1fd0a.jpg,val,engaged,3,0
bigdata_engaged_rahyan_94_1773299472478_005_jpg.rf.7d511e2ee1f16d94a436ec877939564f.jpg,train,engaged,bigdata_engaged_rahyan_94_1773299472478_007_jpg.rf.739277d03fe61b90cbe8ac80ce31ea15.jpg,val,engaged,0,2
bigdata_engaged_rahyan_94_1773299472478_005_jpg.rf.7d511e2ee1f16d94a436ec877939564f.jpg,train,engaged,bigdata_engaged_rahyan_94_1773299473169_012_jpg.rf.f10c375b5c92971bc69ef50b9bf1fd0a.jpg,val,engaged,1,0
bigdata_engaged_rahyan_94_1773299472478_006_jpg.rf.8548c2e5c174a72fdf6d3e2dbe8f0209.jpg,train,engaged,bigdata_engaged_rahyan_94_1773299472478_007_jpg.rf.739277d03fe61b90cbe8ac80ce31ea15.jpg,val,engaged,0,2
bigdata_engaged_rahyan_94_1773299472478_006_jpg.rf.8548c2e5c174a72fdf6d3e2dbe8f0209.jpg,train,engaged,bigdata_engaged_rahyan_94_1773299473169_012_jpg.rf.f10c375b5c92971bc69ef50b9bf1fd0a.jpg,val,engaged,1,0
bigdata_engaged_rahyan_94_1773299472478_008_jpg.rf.4eef931d8e91fe637a777c5a8e42c6f5.jpg,train,engaged,bigdata_engaged_rahyan_94_1773299472478_007_jpg.rf.739277d03fe61b90cbe8ac80ce31ea15.jpg,val,engaged,1,0
bigdata_engaged_rahyan_94_1773299472478_008_jpg.rf.4eef931d8e91fe637a777c5a8e42c6f5.jpg,train,engaged,bigdata_engaged_rahyan_94_1773299473169_012_jpg.rf.f10c375b5c92971bc69ef50b9bf1fd0a.jpg,val,engaged,2,2
bigdata_engaged_rahyan_94_1773299473169_010_jpg.rf.8719aa1915d333cbb3ab37271a796126.jpg,train,engaged,bigdata_engaged_rahyan_94_1773299472478_007_jpg.rf.739277d03fe61b90cbe8ac80ce31ea15.jpg,val,engaged,0,0
bigdata_engaged_rahyan_94_1773299473169_010_jpg.rf.8719aa1915d333cbb3ab37271a796126.jpg,train,engaged,bigdata_engaged_rahyan_94_1773299473169_012_jpg.rf.f10c375b5c92971bc69ef50b9bf1fd0a.jpg,val,engaged,1,2
bigdata_engaged_rahyan_94_1773299473686_015_jpg.rf.94d66fd3d40c9c273f3b1d6892b72b39.jpg,train,engaged,bigdata_engaged_rahyan_94_1773299472478_007_jpg.rf.739277d03fe61b90cbe8ac80ce31ea15.jpg,val,engaged,1,2
bigdata_engaged_rahyan_94_1773299473686_015_jpg.rf.94d66fd3d40c9c273f3b1d6892b72b39.jpg,train,engaged,bigdata_engaged_rahyan_94_1773299473169_012_jpg.rf.f10c375b5c92971bc69ef50b9bf1fd0a.jpg,val,engaged,2,0
bigdata_engaged_rahyan_94_1773299473686_016_jpg.rf.1083fb1660d3b3c0d23526e14b78c1ce.jpg,train,engaged,bigdata_engaged_rahyan_94_1773299472478_007_jpg.rf.739277d03fe61b90cbe8ac80ce31ea15.jpg,val,engaged,1,2
bigdata_engaged_rahyan_94_1773299473686_016_jpg.rf.1083fb1660d3b3c0d23526e14b78c1ce.jpg,train,engaged,bigdata_engaged_rahyan_94_1773299473169_012_jpg.rf.f10c375b5c92971bc69ef50b9bf1fd0a.jpg,val,engaged,2,0
bigdata_engaged_rahyan_94_1773299473686_017_jpg.rf.cc1774ce73cbc1168cab0f4d8ae7ca54.jpg,train,engaged,bigdata_engaged_rahyan_94_1773299472478_007_jpg.rf.739277d03fe61b90cbe8ac80ce31ea15.jpg,val,engaged,1,4
bigdata_engaged_rahyan_94_1773299473686_017_jpg.rf.cc1774ce73cbc1168cab0f4d8ae7ca54.jpg,train,engaged,bigdata_engaged_rahyan_94_1773299473169_012_jpg.rf.f10c375b5c92971bc69ef50b9bf1fd0a.jpg,val,engaged,2,2
bigdata_engaged_rahyan_94_1773299473686_018_jpg.rf.ba7a2f907ae663b3bfa9e9cfd5fac542.jpg,train,engaged,bigdata_engaged_rahyan_94_1773299472478_007_jpg.rf.739277d03fe61b90cbe8ac80ce31ea15.jpg,val,engaged,1,2
bigdata_engaged_rahyan_94_1773299473686_018_jpg.rf.ba7a2f907ae663b3bfa9e9cfd5fac542.jpg,train,engaged,bigdata_engaged_rahyan_94_1773299473169_012_jpg.rf.f10c375b5c92971bc69ef50b9bf1fd0a.jpg,val,engaged,2,0
bigdata_engaged_rahyan_94_1773299473686_019_jpg.rf.3b393146d9cdc77a7d38a7fe0091b491.jpg,train,engaged,bigdata_engaged_rahyan_94_1773299472478_007_jpg.rf.739277d03fe61b90cbe8ac80ce31ea15.jpg,val,engaged,2,2
bigdata_engaged_rahyan_94_1773299473686_019_jpg.rf.3b393146d9cdc77a7d38a7fe0091b491.jpg,train,engaged,bigdata_engaged_rahyan_94_1773299473169_012_jpg.rf.f10c375b5c92971bc69ef50b9bf1fd0a.jpg,val,engaged,3,0
bigdata_engaged_rahyan_94_1773299474289_020_jpg.rf.8d5f85154f61f6c18eefaaec7f01db32.jpg,train,engaged,bigdata_engaged_rahyan_94_1773299472478_007_jpg.rf.739277d03fe61b90cbe8ac80ce31ea15.jpg,val,engaged,2,4
bigdata_engaged_rahyan_94_1773299474289_020_jpg.rf.8d5f85154f61f6c18eefaaec7f01db32.jpg,train,engaged,bigdata_engaged_rahyan_94_1773299473169_012_jpg.rf.f10c375b5c92971bc69ef50b9bf1fd0a.jpg,val,engaged,3,2
bigdata_engaged_rahyan_94_1773299474290_021_jpg.rf.84b1bc6e94e6f7bc702baca445930f25.jpg,train,engaged,bigdata_engaged_rahyan_94_1773299472478_007_jpg.rf.739277d03fe61b90cbe8ac80ce31ea15.jpg,val,engaged,3,4
bigdata_engaged_rahyan_94_1773299474290_021_jpg.rf.84b1bc6e94e6f7bc702baca445930f25.jpg,train,engaged,bigdata_engaged_rahyan_94_1773299473169_012_jpg.rf.f10c375b5c92971bc69ef50b9bf1fd0a.jpg,val,engaged,4,2
bigdata_engaged_rahyan_94_1773299474290_022_jpg.rf.1f179bd9b76bd4ded2d649afebe8c379.jpg,train,engaged,bigdata_engaged_rahyan_94_1773299472478_007_jpg.rf.739277d03fe61b90cbe8ac80ce31ea15.jpg,val,engaged,3,4
bigdata_engaged_rahyan_94_1773299474290_022_jpg.rf.1f179bd9b76bd4ded2d649afebe8c379.jpg,train,engaged,bigdata_engaged_rahyan_94_1773299473169_012_jpg.rf.f10c375b5c92971bc69ef50b9bf1fd0a.jpg,val,engaged,4,2
bigdata_engaged_rahyan_94_1773299474290_023_jpg.rf.b875d4c014a18672adec97293eeec260.jpg,train,engaged,bigdata_engaged_rahyan_94_1773299472478_007_jpg.rf.739277d03fe61b90cbe8ac80ce31ea15.jpg,val,engaged,3,4
bigdata_engaged_rahyan_94_1773299474290_023_jpg.rf.b875d4c014a18672adec97293eeec260.jpg,train,engaged,bigdata_engaged_rahyan_94_1773299473169_012_jpg.rf.f10c375b5c92971bc69ef50b9bf1fd0a.jpg,val,engaged,4,2
bigdata_engaged_sultanbudi_44_1773299406816_000_jpg.rf.91a46adbb2b05d67609ecd097d63c988.jpg,train,engaged,bigdata_engaged_sultanbudi_44_1773299406819_001_jpg.rf.0f59441d2dbfc8db302611d59e97b3e8.jpg,val,engaged,4,4
bigdata_engaged_sultanbudi_44_1773299406819_003_jpg.rf.463ec51ea7a3a4e0641a502775e4c20a.jpg,train,engaged,bigdata_engaged_sultanbudi_44_1773299406819_001_jpg.rf.0f59441d2dbfc8db302611d59e97b3e8.jpg,val,engaged,3,2
bigdata_engaged_sultanbudi_44_1773299406819_004_jpg.rf.41d8d2b418c95b213fc736198d4efec5.jpg,train,engaged,bigdata_engaged_sultanbudi_44_1773299406819_001_jpg.rf.0f59441d2dbfc8db302611d59e97b3e8.jpg,val,engaged,2,4
bigdata_engaged_sultanbudi_44_1773299406819_004_jpg.rf.41d8d2b418c95b213fc736198d4efec5.jpg,train,engaged,bigdata_engaged_sultanbudi_44_1773299407671_008_jpg.rf.686c7a0d2c38ebc9aad684f135487ca5.jpg,val,engaged,5,6
bigdata_engaged_sultanbudi_44_1773299407671_006_jpg.rf.f36a43b4cab6a284ea6112fc79573128.jpg,train,engaged,bigdata_engaged_sultanbudi_44_1773299406819_001_jpg.rf.0f59441d2dbfc8db302611d59e97b3e8.jpg,val,engaged,4,4
bigdata_engaged_sultanbudi_44_1773299407671_006_jpg.rf.f36a43b4cab6a284ea6112fc79573128.jpg,train,engaged,bigdata_engaged_sultanbudi_44_1773299407671_008_jpg.rf.686c7a0d2c38ebc9aad684f135487ca5.jpg,val,engaged,1,4
bigdata_engaged_sultanbudi_44_1773299407671_007_jpg.rf.e125d6562d8f6ce11a247506bfbc7c8e.jpg,train,engaged,bigdata_engaged_sultanbudi_44_1773299406819_001_jpg.rf.0f59441d2dbfc8db302611d59e97b3e8.jpg,val,engaged,5,4
bigdata_engaged_sultanbudi_44_1773299407671_007_jpg.rf.e125d6562d8f6ce11a247506bfbc7c8e.jpg,train,engaged,bigdata_engaged_sultanbudi_44_1773299407671_008_jpg.rf.686c7a0d2c38ebc9aad684f135487ca5.jpg,val,engaged,0,4
bigdata_engaged_sultanbudi_44_1773299407671_009_jpg.rf.d55346ffeb99536f89b088da406b8259.jpg,train,engaged,bigdata_engaged_sultanbudi_44_1773299407671_008_jpg.rf.686c7a0d2c38ebc9aad684f135487ca5.jpg,val,engaged,5,2
bigdata_engaged_sultanbudi_44_1773299408148_014_jpg.rf.3dbb71b1c4a062f49586f65bfe00278a.jpg,train,engaged,bigdata_engaged_sultanbudi_44_1773299409453_021_jpg.rf.11f9bbc1e6c61bbefa13ae6edac7f4ca.jpg,val,engaged,3,6
bigdata_engaged_sultanbudi_44_1773299408561_015_jpg.rf.5ad232f986943528f2b16f2d9a12d52b.jpg,train,engaged,bigdata_engaged_sultanbudi_44_1773299409453_021_jpg.rf.11f9bbc1e6c61bbefa13ae6edac7f4ca.jpg,val,engaged,4,6
bigdata_engaged_sultanbudi_44_1773299408562_016_jpg.rf.b758188c8a09e7bcd25e33117fa704e3.jpg,train,engaged,bigdata_engaged_sultanbudi_44_1773299409453_021_jpg.rf.11f9bbc1e6c61bbefa13ae6edac7f4ca.jpg,val,engaged,3,4
bigdata_engaged_sultanbudi_44_1773299408562_017_jpg.rf.f42bf6364f9678dcec9ea8bff66c8231.jpg,train,engaged,bigdata_engaged_sultanbudi_44_1773299409453_021_jpg.rf.11f9bbc1e6c61bbefa13ae6edac7f4ca.jpg,val,engaged,4,4
bigdata_engaged_sultanbudi_44_1773299408562_018_jpg.rf.242baa279245b15dd3447dea49394403.jpg,train,engaged,bigdata_engaged_sultanbudi_44_1773299409453_021_jpg.rf.11f9bbc1e6c61bbefa13ae6edac7f4ca.jpg,val,engaged,3,4
bigdata_engaged_sultanbudi_44_1773299408563_019_jpg.rf.476458b60b930c572ba2f5b7f78f0e0e.jpg,train,engaged,bigdata_engaged_sultanbudi_44_1773299409453_021_jpg.rf.11f9bbc1e6c61bbefa13ae6edac7f4ca.jpg,val,engaged,3,4
bigdata_engaged_sultanbudi_44_1773299409453_022_jpg.rf.12bf53d95621974583339820b0f6a147.jpg,train,engaged,bigdata_engaged_sultanbudi_44_1773299409453_021_jpg.rf.11f9bbc1e6c61bbefa13ae6edac7f4ca.jpg,val,engaged,2,4
bigdata_engaged_sultanbudi_44_1773299409453_023_jpg.rf.09e2dbbd2efc8a23f33b8049152cc4c7.jpg,train,engaged,bigdata_engaged_sultanbudi_44_1773299409453_021_jpg.rf.11f9bbc1e6c61bbefa13ae6edac7f4ca.jpg,val,engaged,3,4
bigdata_frustrated_engaged_aksan_50_1773299673752_008_jpg.rf.6dee259c169f7a69d0d58f11ff6a64ec.jpg,train,frustrated,bigdata_frustrated_engaged_aksan_50_1773299673752_009_jpg.rf.5b1c497cea24d78d6a1137de3cc73e44.jpg,val,frustrated,4,4
bigdata_frustrated_engaged_aksan_50_1773299674644_010_jpg.rf.7933136b18890a7a7cc44a5d0beae3e8.jpg,train,frustrated,bigdata_frustrated_engaged_aksan_50_1773299674644_011_jpg.rf.6b0478f3468f0b3f6e58aecee793dd42.jpg,val,frustrated,4,4
bigdata_frustrated_engaged_aksan_50_1773299676125_019_jpg.rf.b6e4d2e34360df95d3dd6a29d585a5b2.jpg,train,frustrated,bigdata_frustrated_engaged_aksan_50_1773299676125_017_jpg.rf.d87826e7ed56bfc7039ce93a45b3f483.jpg,val,frustrated,2,6
bigdata_frustrated_engaged_ansyah_08_1774443006203_005_jpg.rf.b4da86f29dfa7a2d3e71db72f8e6f28c.jpg,train,frustrated,bigdata_frustrated_engaged_ansyah_08_1774443005524_004_jpg.rf.6a2827f059ba1a4f9d66d239ef98e79a.jpg,val,frustrated,1,4
bigdata_frustrated_engaged_ansyah_08_1774443006204_006_jpg.rf.cf678e79c1747e3868fb9a5827437f40.jpg,train,frustrated,bigdata_frustrated_engaged_ansyah_08_1774443005524_004_jpg.rf.6a2827f059ba1a4f9d66d239ef98e79a.jpg,val,frustrated,1,4
bigdata_frustrated_engaged_ansyah_08_1774443007460_016_jpg.rf.c07be5aba81f7677a5790b7fa9d29e47.jpg,train,frustrated,bigdata_frustrated_engaged_ansyah_08_1774443007459_015_jpg.rf.6b11f3e9874dd09b21113407d9af8984.jpg,val,frustrated,3,2
bigdata_frustrated_engaged_ansyah_08_1774443007460_017_jpg.rf.1c5d36574f9c7a97e10fd205bb456ae1.jpg,train,frustrated,bigdata_frustrated_engaged_ansyah_08_1774443007459_015_jpg.rf.6b11f3e9874dd09b21113407d9af8984.jpg,val,frustrated,4,2
bigdata_frustrated_engaged_ansyah_08_1774443007460_018_jpg.rf.de71201865629ce06f5c56165792d455.jpg,train,frustrated,bigdata_frustrated_engaged_ansyah_08_1774443007459_015_jpg.rf.6b11f3e9874dd09b21113407d9af8984.jpg,val,frustrated,3,0
bigdata_frustrated_engaged_ardiansyah_26_1774441975337_022_jpg.rf.1cdb935064ec7c7f403cdeaba1347813.jpg,train,frustrated,bigdata_frustrated_engaged_ardiansyah_26_1774441975337_023_jpg.rf.88a5451702ffbb52912576f6412e85be.jpg,val,frustrated,2,6
bigdata_frustrated_engaged_arya_31_1773299421945_000_jpg.rf.ab0a7d912dab002568bdc6c07510a8a8.jpg,train,frustrated,bigdata_frustrated_engaged_arya_31_1773299421946_003_jpg.rf.3d1fede39135e7909d61b9817488f5bd.jpg,val,frustrated,1,4
bigdata_frustrated_engaged_arya_31_1773299421946_001_jpg.rf.378e3f757f5ad6a41a5ee8ca923c8544.jpg,train,frustrated,bigdata_frustrated_engaged_arya_31_1773299421946_003_jpg.rf.3d1fede39135e7909d61b9817488f5bd.jpg,val,frustrated,0,4
bigdata_frustrated_engaged_arya_31_1773299422645_007_jpg.rf.73a3d45cb53e94a30c4d73fc2470ab07.jpg,train,frustrated,bigdata_frustrated_engaged_arya_31_1773299422645_006_jpg.rf.4c010902d4aa7db0b720e173ea03b3b4.jpg,val,frustrated,2,6
bigdata_frustrated_engaged_arya_31_1773299422645_007_jpg.rf.73a3d45cb53e94a30c4d73fc2470ab07.jpg,train,frustrated,bigdata_frustrated_engaged_arya_31_1773299423419_014_jpg.rf.4a3c7ee023257dda1e221706c49a270c.jpg,val,frustrated,4,6
bigdata_frustrated_engaged_arya_31_1773299422646_008_jpg.rf.328df76bf96d2e7dc4dd1c8441104424.jpg,train,frustrated,bigdata_frustrated_engaged_arya_31_1773299423419_014_jpg.rf.4a3c7ee023257dda1e221706c49a270c.jpg,val,frustrated,2,4
bigdata_frustrated_engaged_arya_31_1773299422646_009_jpg.rf.d0af1378da631bd45053ef784d795eec.jpg,train,frustrated,bigdata_frustrated_engaged_arya_31_1773299424204_019_jpg.rf.13331a54fe2e08224adda5205fe28573.jpg,val,frustrated,3,6
bigdata_frustrated_engaged_arya_31_1773299424203_015_jpg.rf.3570232a4756f0e87b424b1baf80bd3b.jpg,train,frustrated,bigdata_frustrated_engaged_arya_31_1773299423419_014_jpg.rf.4a3c7ee023257dda1e221706c49a270c.jpg,val,frustrated,1,4
bigdata_frustrated_engaged_arya_31_1773299424204_016_jpg.rf.f6881f57f79fd2b5a92ee176930c7109.jpg,train,frustrated,bigdata_frustrated_engaged_arya_31_1773299423419_014_jpg.rf.4a3c7ee023257dda1e221706c49a270c.jpg,val,frustrated,4,6
bigdata_frustrated_engaged_arya_31_1773299424204_017_jpg.rf.ab0842c9464b13787ee1188dea2c221c.jpg,train,frustrated,bigdata_frustrated_engaged_arya_31_1773299423419_014_jpg.rf.4a3c7ee023257dda1e221706c49a270c.jpg,val,frustrated,4,6
bigdata_frustrated_engaged_arya_31_1773299424204_018_jpg.rf.67ff8b4ab66fa7e5294a32f661d37df1.jpg,train,frustrated,bigdata_frustrated_engaged_arya_31_1773299423419_014_jpg.rf.4a3c7ee023257dda1e221706c49a270c.jpg,val,frustrated,1,4
bigdata_frustrated_engaged_arya_31_1773299424204_018_jpg.rf.67ff8b4ab66fa7e5294a32f661d37df1.jpg,train,frustrated,bigdata_frustrated_engaged_arya_31_1773299424204_019_jpg.rf.13331a54fe2e08224adda5205fe28573.jpg,val,frustrated,2,6
bigdata_frustrated_engaged_arya_31_1773299424985_020_jpg.rf.3a7dbc4a05e67306a07cfbf81db42b59.jpg,train,frustrated,bigdata_frustrated_engaged_arya_31_1773299424204_019_jpg.rf.13331a54fe2e08224adda5205fe28573.jpg,val,frustrated,4,4
bigdata_frustrated_engaged_arya_31_1773299424985_021_jpg.rf.c415da050ec87816cf9c3c941d8c42dc.jpg,train,frustrated,bigdata_frustrated_engaged_arya_31_1773299424204_019_jpg.rf.13331a54fe2e08224adda5205fe28573.jpg,val,frustrated,4,6
bigdata_frustrated_engaged_iann_62_1774442888909_001_jpg.rf.2552dc940534009c15ab3e2dcb7376cc.jpg,train,frustrated,bigdata_frustrated_engaged_iann_62_1774442888909_003_jpg.rf.7c7f3121c47bb82c56301f83b46301bb.jpg,val,frustrated,1,0
bigdata_frustrated_engaged_iann_62_1774442888909_002_jpg.rf.3ef7920d370123355cf3a6197a240cdd.jpg,train,frustrated,bigdata_frustrated_engaged_iann_62_1774442888909_003_jpg.rf.7c7f3121c47bb82c56301f83b46301bb.jpg,val,frustrated,3,0
bigdata_frustrated_engaged_iann_62_1774442889988_005_jpg.rf.800d3b6fea54b9ee468473677fd0c5e9.jpg,train,frustrated,bigdata_frustrated_engaged_iann_62_1774442888909_003_jpg.rf.7c7f3121c47bb82c56301f83b46301bb.jpg,val,frustrated,3,2
bigdata_frustrated_engaged_iann_62_1774442890440_010_jpg.rf.75ef2773ac70f151ce7200730b81e25e.jpg,train,frustrated,bigdata_frustrated_engaged_iann_62_1774442888909_003_jpg.rf.7c7f3121c47bb82c56301f83b46301bb.jpg,val,frustrated,4,6
bigdata_frustrated_engaged_nabielrafi_73_1773300532223_003_jpg.rf.7c8ad2c272ee60d92e22a6e6b73cfb31.jpg,train,frustrated,bigdata_frustrated_engaged_nabielrafi_73_1773300532855_005_jpg.rf.0a45e809ab70e25614250cdd514028c5.jpg,val,frustrated,5,6
bigdata_frustrated_engaged_nabielrafi_73_1773300532223_003_jpg.rf.7c8ad2c272ee60d92e22a6e6b73cfb31.jpg,train,frustrated,bigdata_frustrated_engaged_nabielrafi_73_1773300533687_011_jpg.rf.c1cd367ab6bd36ed2fa5e82ac3362c8d.jpg,val,frustrated,5,6
bigdata_frustrated_engaged_nabielrafi_73_1773300532223_004_jpg.rf.4f66e7bd7e9a8fa2338052d7fefe3301.jpg,train,frustrated,bigdata_frustrated_engaged_nabielrafi_73_1773300532855_005_jpg.rf.0a45e809ab70e25614250cdd514028c5.jpg,val,frustrated,0,6
bigdata_frustrated_engaged_nabielrafi_73_1773300532856_006_jpg.rf.167b987b0dbf7ebcb5809d54d2f2600f.jpg,train,frustrated,bigdata_frustrated_engaged_nabielrafi_73_1773300532855_005_jpg.rf.0a45e809ab70e25614250cdd514028c5.jpg,val,frustrated,4,4
bigdata_frustrated_engaged_nabielrafi_73_1773300532856_006_jpg.rf.167b987b0dbf7ebcb5809d54d2f2600f.jpg,train,frustrated,bigdata_frustrated_engaged_nabielrafi_73_1773300533687_012_jpg.rf.f3508b10a82ecca8c1ec7da42f8d7732.jpg,val,frustrated,4,6
bigdata_frustrated_engaged_nabielrafi_73_1773300532856_008_jpg.rf.2d2e966bb74bcfe180bd40975e1f275c.jpg,train,frustrated,bigdata_frustrated_engaged_nabielrafi_73_1773300533687_012_jpg.rf.f3508b10a82ecca8c1ec7da42f8d7732.jpg,val,frustrated,4,4
bigdata_frustrated_engaged_nabielrafi_73_1773300532856_008_jpg.rf.2d2e966bb74bcfe180bd40975e1f275c.jpg,train,frustrated,bigdata_frustrated_engaged_nabielrafi_73_1773300533687_014_jpg.rf.8894e8594d59589fa700946905f86d04.jpg,val,frustrated,2,6
bigdata_frustrated_engaged_nabielrafi_73_1773300532856_009_jpg.rf.113d78767a92a7303cb2ca5cb3dcd5c9.jpg,train,frustrated,bigdata_frustrated_engaged_nabielrafi_73_1773300533687_011_jpg.rf.c1cd367ab6bd36ed2fa5e82ac3362c8d.jpg,val,frustrated,4,4
bigdata_frustrated_engaged_nabielrafi_73_1773300532856_009_jpg.rf.113d78767a92a7303cb2ca5cb3dcd5c9.jpg,train,frustrated,bigdata_frustrated_engaged_nabielrafi_73_1773300533687_014_jpg.rf.8894e8594d59589fa700946905f86d04.jpg,val,frustrated,4,6
bigdata_frustrated_engaged_nabielrafi_73_1773300533687_010_jpg.rf.9d53b6b7fe8f7c3bcb38c96482fa81ae.jpg,train,frustrated,bigdata_frustrated_engaged_nabielrafi_73_1773300533687_011_jpg.rf.c1cd367ab6bd36ed2fa5e82ac3362c8d.jpg,val,frustrated,3,2
bigdata_frustrated_engaged_nabielrafi_73_1773300533687_010_jpg.rf.9d53b6b7fe8f7c3bcb38c96482fa81ae.jpg,train,frustrated,bigdata_frustrated_engaged_nabielrafi_73_1773300533687_012_jpg.rf.f3508b10a82ecca8c1ec7da42f8d7732.jpg,val,frustrated,5,4
bigdata_frustrated_engaged_nabielrafi_73_1773300533687_010_jpg.rf.9d53b6b7fe8f7c3bcb38c96482fa81ae.jpg,train,frustrated,bigdata_frustrated_engaged_nabielrafi_73_1773300533687_014_jpg.rf.8894e8594d59589fa700946905f86d04.jpg,val,frustrated,3,6
bigdata_frustrated_engaged_nabielrafi_73_1773300533687_013_jpg.rf.2e9858cb2900afe4736e0f897b2f162d.jpg,train,frustrated,bigdata_frustrated_engaged_nabielrafi_73_1773300532855_005_jpg.rf.0a45e809ab70e25614250cdd514028c5.jpg,val,frustrated,5,6
bigdata_frustrated_engaged_nabielrafi_73_1773300533687_013_jpg.rf.2e9858cb2900afe4736e0f897b2f162d.jpg,train,frustrated,bigdata_frustrated_engaged_nabielrafi_73_1773300533687_011_jpg.rf.c1cd367ab6bd36ed2fa5e82ac3362c8d.jpg,val,frustrated,5,2
bigdata_frustrated_engaged_nabielrafi_73_1773300533687_013_jpg.rf.2e9858cb2900afe4736e0f897b2f162d.jpg,train,frustrated,bigdata_frustrated_engaged_nabielrafi_73_1773300533687_012_jpg.rf.f3508b10a82ecca8c1ec7da42f8d7732.jpg,val,frustrated,1,2
bigdata_frustrated_engaged_nabielrafi_73_1773300533687_013_jpg.rf.2e9858cb2900afe4736e0f897b2f162d.jpg,train,frustrated,bigdata_frustrated_engaged_nabielrafi_73_1773300533687_014_jpg.rf.8894e8594d59589fa700946905f86d04.jpg,val,frustrated,3,4
bigdata_frustrated_engaged_nabielrafi_73_1773300534287_015_jpg.rf.3af756d8aa36ee109ef52d036d8f5dff.jpg,train,frustrated,bigdata_frustrated_engaged_nabielrafi_73_1773300533687_011_jpg.rf.c1cd367ab6bd36ed2fa5e82ac3362c8d.jpg,val,frustrated,3,4
bigdata_frustrated_engaged_nabielrafi_73_1773300534287_015_jpg.rf.3af756d8aa36ee109ef52d036d8f5dff.jpg,train,frustrated,bigdata_frustrated_engaged_nabielrafi_73_1773300533687_012_jpg.rf.f3508b10a82ecca8c1ec7da42f8d7732.jpg,val,frustrated,3,2
bigdata_frustrated_engaged_nabielrafi_73_1773300534287_015_jpg.rf.3af756d8aa36ee109ef52d036d8f5dff.jpg,train,frustrated,bigdata_frustrated_engaged_nabielrafi_73_1773300533687_014_jpg.rf.8894e8594d59589fa700946905f86d04.jpg,val,frustrated,3,2
bigdata_frustrated_engaged_nabielrafi_73_1773300534287_016_jpg.rf.387cb247dcc07ffd01c2dde0e25d95b2.jpg,train,frustrated,bigdata_frustrated_engaged_nabielrafi_73_1773300533687_011_jpg.rf.c1cd367ab6bd36ed2fa5e82ac3362c8d.jpg,val,frustrated,4,6
bigdata_frustrated_engaged_nian_74_1774481817279_000_jpg.rf.ddad193415719a68d481dc3b644558e6.jpg,train,frustrated,bigdata_frustrated_engaged_nian_74_1774481818291_009_jpg.rf.daa819a1f6f8632ba6cf2b8c2e744bf9.jpg,val,frustrated,5,6
bigdata_frustrated_engaged_nian_74_1774481817279_001_jpg.rf.8acbdd2ec829ea21b301092fbee60646.jpg,train,frustrated,bigdata_frustrated_engaged_nian_74_1774481818291_009_jpg.rf.daa819a1f6f8632ba6cf2b8c2e744bf9.jpg,val,frustrated,5,6
bigdata_frustrated_engaged_nian_74_1774481817279_002_jpg.rf.b2e0dcdd5029b74a3bd2c928d7f4976f.jpg,train,frustrated,bigdata_frustrated_engaged_nian_74_1774481818291_009_jpg.rf.daa819a1f6f8632ba6cf2b8c2e744bf9.jpg,val,frustrated,4,6
bigdata_frustrated_engaged_nian_74_1774481817279_003_jpg.rf.cf1754bcbe5f72fa00a9495e94e5a543.jpg,train,frustrated,bigdata_frustrated_engaged_nian_74_1774481818291_009_jpg.rf.daa819a1f6f8632ba6cf2b8c2e744bf9.jpg,val,frustrated,3,4
bigdata_frustrated_engaged_nian_74_1774481817279_003_jpg.rf.cf1754bcbe5f72fa00a9495e94e5a543.jpg,train,frustrated,bigdata_frustrated_engaged_nian_74_1774481818873_011_jpg.rf.2876a1d80450fd8c94a9b89dff4d82cc.jpg,val,frustrated,3,6
bigdata_frustrated_engaged_nian_74_1774481817279_003_jpg.rf.cf1754bcbe5f72fa00a9495e94e5a543.jpg,train,frustrated,bigdata_frustrated_engaged_nian_74_1774481818873_012_jpg.rf.f1680de49c83c94375537358b792b8e2.jpg,val,frustrated,4,6
bigdata_frustrated_engaged_nian_74_1774481817279_004_jpg.rf.80df9eb2af64ae5f457edf2b5636272b.jpg,train,frustrated,bigdata_frustrated_engaged_nian_74_1774481818291_009_jpg.rf.daa819a1f6f8632ba6cf2b8c2e744bf9.jpg,val,frustrated,3,0
bigdata_frustrated_engaged_nian_74_1774481817279_004_jpg.rf.80df9eb2af64ae5f457edf2b5636272b.jpg,train,frustrated,bigdata_frustrated_engaged_nian_74_1774481818873_011_jpg.rf.2876a1d80450fd8c94a9b89dff4d82cc.jpg,val,frustrated,1,2
bigdata_frustrated_engaged_nian_74_1774481817279_004_jpg.rf.80df9eb2af64ae5f457edf2b5636272b.jpg,train,frustrated,bigdata_frustrated_engaged_nian_74_1774481818873_012_jpg.rf.f1680de49c83c94375537358b792b8e2.jpg,val,frustrated,2,6
bigdata_frustrated_engaged_nian_74_1774481818291_005_jpg.rf.2285a75fcc0a71b5f6f255c3983390cc.jpg,train,frustrated,bigdata_frustrated_engaged_nian_74_1774481818291_009_jpg.rf.daa819a1f6f8632ba6cf2b8c2e744bf9.jpg,val,frustrated,2,0
bigdata_frustrated_engaged_nian_74_1774481818291_005_jpg.rf.2285a75fcc0a71b5f6f255c3983390cc.jpg,train,frustrated,bigdata_frustrated_engaged_nian_74_1774481818873_011_jpg.rf.2876a1d80450fd8c94a9b89dff4d82cc.jpg,val,frustrated,4,2
bigdata_frustrated_engaged_nian_74_1774481818291_005_jpg.rf.2285a75fcc0a71b5f6f255c3983390cc.jpg,train,frustrated,bigdata_frustrated_engaged_nian_74_1774481818873_012_jpg.rf.f1680de49c83c94375537358b792b8e2.jpg,val,frustrated,5,6
bigdata_frustrated_engaged_nian_74_1774481818291_007_jpg.rf.510402817a00f5136e84dd51c6c50358.jpg,train,frustrated,bigdata_frustrated_engaged_nian_74_1774481818291_009_jpg.rf.daa819a1f6f8632ba6cf2b8c2e744bf9.jpg,val,frustrated,1,0
bigdata_frustrated_engaged_nian_74_1774481818291_007_jpg.rf.510402817a00f5136e84dd51c6c50358.jpg,train,frustrated,bigdata_frustrated_engaged_nian_74_1774481818873_011_jpg.rf.2876a1d80450fd8c94a9b89dff4d82cc.jpg,val,frustrated,3,2
bigdata_frustrated_engaged_nian_74_1774481818291_007_jpg.rf.510402817a00f5136e84dd51c6c50358.jpg,train,frustrated,bigdata_frustrated_engaged_nian_74_1774481818873_012_jpg.rf.f1680de49c83c94375537358b792b8e2.jpg,val,frustrated,4,6
bigdata_frustrated_engaged_nian_74_1774481818291_008_jpg.rf.e6b3fbb973b016efa5e5069736fa9674.jpg,train,frustrated,bigdata_frustrated_engaged_nian_74_1774481818291_009_jpg.rf.daa819a1f6f8632ba6cf2b8c2e744bf9.jpg,val,frustrated,0,0
bigdata_frustrated_engaged_nian_74_1774481818291_008_jpg.rf.e6b3fbb973b016efa5e5069736fa9674.jpg,train,frustrated,bigdata_frustrated_engaged_nian_74_1774481818873_011_jpg.rf.2876a1d80450fd8c94a9b89dff4d82cc.jpg,val,frustrated,2,2
bigdata_frustrated_engaged_nian_74_1774481818291_008_jpg.rf.e6b3fbb973b016efa5e5069736fa9674.jpg,train,frustrated,bigdata_frustrated_engaged_nian_74_1774481818873_012_jpg.rf.f1680de49c83c94375537358b792b8e2.jpg,val,frustrated,3,6
bigdata_frustrated_engaged_nian_74_1774481818873_010_jpg.rf.570e79f1df92848741eaa32e4c2b7ab1.jpg,train,frustrated,bigdata_frustrated_engaged_nian_74_1774481818291_009_jpg.rf.daa819a1f6f8632ba6cf2b8c2e744bf9.jpg,val,frustrated,1,2
bigdata_frustrated_engaged_nian_74_1774481818873_010_jpg.rf.570e79f1df92848741eaa32e4c2b7ab1.jpg,train,frustrated,bigdata_frustrated_engaged_nian_74_1774481818873_011_jpg.rf.2876a1d80450fd8c94a9b89dff4d82cc.jpg,val,frustrated,3,0
bigdata_frustrated_engaged_nian_74_1774481818873_010_jpg.rf.570e79f1df92848741eaa32e4c2b7ab1.jpg,train,frustrated,bigdata_frustrated_engaged_nian_74_1774481818873_012_jpg.rf.f1680de49c83c94375537358b792b8e2.jpg,val,frustrated,4,4
bigdata_frustrated_engaged_nian_74_1774481818873_013_jpg.rf.5343e2675f37435cda128489787939fc.jpg,train,frustrated,bigdata_frustrated_engaged_nian_74_1774481818291_009_jpg.rf.daa819a1f6f8632ba6cf2b8c2e744bf9.jpg,val,frustrated,2,6
bigdata_frustrated_engaged_nian_74_1774481818873_013_jpg.rf.5343e2675f37435cda128489787939fc.jpg,train,frustrated,bigdata_frustrated_engaged_nian_74_1774481818873_011_jpg.rf.2876a1d80450fd8c94a9b89dff4d82cc.jpg,val,frustrated,2,4
bigdata_frustrated_engaged_nian_74_1774481818873_013_jpg.rf.5343e2675f37435cda128489787939fc.jpg,train,frustrated,bigdata_frustrated_engaged_nian_74_1774481818873_012_jpg.rf.f1680de49c83c94375537358b792b8e2.jpg,val,frustrated,1,0
bigdata_frustrated_engaged_nian_74_1774481818873_014_jpg.rf.1a446fce93f2a293ea21f046b0d4e4b8.jpg,train,frustrated,bigdata_frustrated_engaged_nian_74_1774481818291_009_jpg.rf.daa819a1f6f8632ba6cf2b8c2e744bf9.jpg,val,frustrated,2,2
bigdata_frustrated_engaged_nian_74_1774481818873_014_jpg.rf.1a446fce93f2a293ea21f046b0d4e4b8.jpg,train,frustrated,bigdata_frustrated_engaged_nian_74_1774481818873_011_jpg.rf.2876a1d80450fd8c94a9b89dff4d82cc.jpg,val,frustrated,0,0
bigdata_frustrated_engaged_nian_74_1774481818873_014_jpg.rf.1a446fce93f2a293ea21f046b0d4e4b8.jpg,train,frustrated,bigdata_frustrated_engaged_nian_74_1774481818873_012_jpg.rf.f1680de49c83c94375537358b792b8e2.jpg,val,frustrated,1,4
bigdata_frustrated_engaged_nian_74_1774481819305_015_jpg.rf.7d7d6da4baf03b808e6efcf2a02de43c.jpg,train,frustrated,bigdata_frustrated_engaged_nian_74_1774481818291_009_jpg.rf.daa819a1f6f8632ba6cf2b8c2e744bf9.jpg,val,frustrated,2,4
bigdata_frustrated_engaged_nian_74_1774481819305_015_jpg.rf.7d7d6da4baf03b808e6efcf2a02de43c.jpg,train,frustrated,bigdata_frustrated_engaged_nian_74_1774481818873_011_jpg.rf.2876a1d80450fd8c94a9b89dff4d82cc.jpg,val,frustrated,0,2
bigdata_frustrated_engaged_nian_74_1774481819305_015_jpg.rf.7d7d6da4baf03b808e6efcf2a02de43c.jpg,train,frustrated,bigdata_frustrated_engaged_nian_74_1774481818873_012_jpg.rf.f1680de49c83c94375537358b792b8e2.jpg,val,frustrated,1,2
bigdata_frustrated_engaged_nian_74_1774481819305_016_jpg.rf.e1ed5c3be1105faf9ecd10f5766c7fdc.jpg,train,frustrated,bigdata_frustrated_engaged_nian_74_1774481818291_009_jpg.rf.daa819a1f6f8632ba6cf2b8c2e744bf9.jpg,val,frustrated,2,2
bigdata_frustrated_engaged_nian_74_1774481819305_016_jpg.rf.e1ed5c3be1105faf9ecd10f5766c7fdc.jpg,train,frustrated,bigdata_frustrated_engaged_nian_74_1774481818873_011_jpg.rf.2876a1d80450fd8c94a9b89dff4d82cc.jpg,val,frustrated,0,0
bigdata_frustrated_engaged_nian_74_1774481819305_016_jpg.rf.e1ed5c3be1105faf9ecd10f5766c7fdc.jpg,train,frustrated,bigdata_frustrated_engaged_nian_74_1774481818873_012_jpg.rf.f1680de49c83c94375537358b792b8e2.jpg,val,frustrated,1,4
bigdata_frustrated_engaged_nian_74_1774481819305_017_jpg.rf.d87b6aa485b1bb2ab8f96ece9cd8a1d7.jpg,train,frustrated,bigdata_frustrated_engaged_nian_74_1774481818291_009_jpg.rf.daa819a1f6f8632ba6cf2b8c2e744bf9.jpg,val,frustrated,2,2
bigdata_frustrated_engaged_nian_74_1774481819305_017_jpg.rf.d87b6aa485b1bb2ab8f96ece9cd8a1d7.jpg,train,frustrated,bigdata_frustrated_engaged_nian_74_1774481818873_011_jpg.rf.2876a1d80450fd8c94a9b89dff4d82cc.jpg,val,frustrated,0,0
bigdata_frustrated_engaged_nian_74_1774481819305_017_jpg.rf.d87b6aa485b1bb2ab8f96ece9cd8a1d7.jpg,train,frustrated,bigdata_frustrated_engaged_nian_74_1774481818873_012_jpg.rf.f1680de49c83c94375537358b792b8e2.jpg,val,frustrated,1,4
bigdata_frustrated_engaged_nian_74_1774481819305_018_jpg.rf.8f1374d17a9760cb4271616cf528a3a7.jpg,train,frustrated,bigdata_frustrated_engaged_nian_74_1774481818291_009_jpg.rf.daa819a1f6f8632ba6cf2b8c2e744bf9.jpg,val,frustrated,2,2
bigdata_frustrated_engaged_nian_74_1774481819305_018_jpg.rf.8f1374d17a9760cb4271616cf528a3a7.jpg,train,frustrated,bigdata_frustrated_engaged_nian_74_1774481818873_011_jpg.rf.2876a1d80450fd8c94a9b89dff4d82cc.jpg,val,frustrated,0,0
bigdata_frustrated_engaged_nian_74_1774481819305_018_jpg.rf.8f1374d17a9760cb4271616cf528a3a7.jpg,train,frustrated,bigdata_frustrated_engaged_nian_74_1774481818873_012_jpg.rf.f1680de49c83c94375537358b792b8e2.jpg,val,frustrated,1,4
bigdata_frustrated_engaged_nian_74_1774481819305_019_jpg.rf.e4dcd208065335a50f03a2c2148fc680.jpg,train,frustrated,bigdata_frustrated_engaged_nian_74_1774481818291_009_jpg.rf.daa819a1f6f8632ba6cf2b8c2e744bf9.jpg,val,frustrated,1,2
bigdata_frustrated_engaged_nian_74_1774481819305_019_jpg.rf.e4dcd208065335a50f03a2c2148fc680.jpg,train,frustrated,bigdata_frustrated_engaged_nian_74_1774481818873_011_jpg.rf.2876a1d80450fd8c94a9b89dff4d82cc.jpg,val,frustrated,1,0
bigdata_frustrated_engaged_nian_74_1774481819305_019_jpg.rf.e4dcd208065335a50f03a2c2148fc680.jpg,train,frustrated,bigdata_frustrated_engaged_nian_74_1774481818873_012_jpg.rf.f1680de49c83c94375537358b792b8e2.jpg,val,frustrated,2,4
bigdata_frustrated_engaged_nian_74_1774481819731_021_jpg.rf.d6da84e987b7df036ffdf16519e2ff52.jpg,train,frustrated,bigdata_frustrated_engaged_nian_74_1774481818291_009_jpg.rf.daa819a1f6f8632ba6cf2b8c2e744bf9.jpg,val,frustrated,1,2
bigdata_frustrated_engaged_nian_74_1774481819731_021_jpg.rf.d6da84e987b7df036ffdf16519e2ff52.jpg,train,frustrated,bigdata_frustrated_engaged_nian_74_1774481818873_011_jpg.rf.2876a1d80450fd8c94a9b89dff4d82cc.jpg,val,frustrated,1,0
bigdata_frustrated_engaged_nian_74_1774481819731_021_jpg.rf.d6da84e987b7df036ffdf16519e2ff52.jpg,train,frustrated,bigdata_frustrated_engaged_nian_74_1774481818873_012_jpg.rf.f1680de49c83c94375537358b792b8e2.jpg,val,frustrated,2,4
bigdata_frustrated_engaged_nian_74_1774481819731_022_jpg.rf.0a24ec3b1121c460b100f0266259ca64.jpg,train,frustrated,bigdata_frustrated_engaged_nian_74_1774481818291_009_jpg.rf.daa819a1f6f8632ba6cf2b8c2e744bf9.jpg,val,frustrated,1,2
bigdata_frustrated_engaged_nian_74_1774481819731_022_jpg.rf.0a24ec3b1121c460b100f0266259ca64.jpg,train,frustrated,bigdata_frustrated_engaged_nian_74_1774481818873_011_jpg.rf.2876a1d80450fd8c94a9b89dff4d82cc.jpg,val,frustrated,1,0
bigdata_frustrated_engaged_nian_74_1774481819731_022_jpg.rf.0a24ec3b1121c460b100f0266259ca64.jpg,train,frustrated,bigdata_frustrated_engaged_nian_74_1774481818873_012_jpg.rf.f1680de49c83c94375537358b792b8e2.jpg,val,frustrated,2,4
bigdata_frustrated_engaged_nian_74_1774481819731_023_jpg.rf.25fd48838e96303149e60c288be427dc.jpg,train,frustrated,bigdata_frustrated_engaged_nian_74_1774481818291_009_jpg.rf.daa819a1f6f8632ba6cf2b8c2e744bf9.jpg,val,frustrated,1,2
bigdata_frustrated_engaged_nian_74_1774481819731_023_jpg.rf.25fd48838e96303149e60c288be427dc.jpg,train,frustrated,bigdata_frustrated_engaged_nian_74_1774481818873_011_jpg.rf.2876a1d80450fd8c94a9b89dff4d82cc.jpg,val,frustrated,1,0
bigdata_frustrated_engaged_nian_74_1774481819731_023_jpg.rf.25fd48838e96303149e60c288be427dc.jpg,train,frustrated,bigdata_frustrated_engaged_nian_74_1774481818873_012_jpg.rf.f1680de49c83c94375537358b792b8e2.jpg,val,frustrated,2,4
bigdata_frustrated_engaged_rahyan_94_1773299541318_013_jpg.rf.1ecf6899abda923e9a10aaf8f82cce97.jpg,train,frustrated,bigdata_frustrated_engaged_rahyan_94_1773299541318_014_jpg.rf.991d2fe987f3e5ce7414e0c13dd9f218.jpg,val,frustrated,2,6
bigdata_frustrated_engaged_rahyan_94_1773299542064_017_jpg.rf.cec3f3ecc0401725d6010f5f3d67baca.jpg,train,frustrated,bigdata_frustrated_engaged_rahyan_94_1773299541318_012_jpg.rf.3ff2fee46b30751b34dd1fd9436dc4d9.jpg,val,frustrated,3,6
bigdata_frustrated_engaged_rahyan_94_1773299542064_017_jpg.rf.cec3f3ecc0401725d6010f5f3d67baca.jpg,train,frustrated,bigdata_frustrated_engaged_rahyan_94_1773299542064_016_jpg.rf.eda8fbb920915a72e7a9140bfd5324c8.jpg,val,frustrated,0,4
bigdata_frustrated_engaged_rahyan_94_1773299542064_018_jpg.rf.9e7ca7ced2eadef9ef32ac197f64c21f.jpg,train,frustrated,bigdata_frustrated_engaged_rahyan_94_1773299541318_012_jpg.rf.3ff2fee46b30751b34dd1fd9436dc4d9.jpg,val,frustrated,4,6
bigdata_frustrated_engaged_rahyan_94_1773299542064_018_jpg.rf.9e7ca7ced2eadef9ef32ac197f64c21f.jpg,train,frustrated,bigdata_frustrated_engaged_rahyan_94_1773299541318_014_jpg.rf.991d2fe987f3e5ce7414e0c13dd9f218.jpg,val,frustrated,4,6
bigdata_frustrated_engaged_rahyan_94_1773299542064_018_jpg.rf.9e7ca7ced2eadef9ef32ac197f64c21f.jpg,train,frustrated,bigdata_frustrated_engaged_rahyan_94_1773299542064_016_jpg.rf.eda8fbb920915a72e7a9140bfd5324c8.jpg,val,frustrated,1,4
bigdata_frustrated_engaged_rahyan_94_1773299542754_020_jpg.rf.3cf0018b9dac72358c809652b0535ee7.jpg,train,frustrated,bigdata_frustrated_engaged_rahyan_94_1773299542064_016_jpg.rf.eda8fbb920915a72e7a9140bfd5324c8.jpg,val,frustrated,3,6
bigdata_frustrated_engaged_sultanbudi_44_1773299492609_003_jpg.rf.e92bf458ccc35dcca2a89e933f6c90a1.jpg,train,frustrated,bigdata_frustrated_engaged_sultanbudi_44_1773299494792_005_jpg.rf.eae0c6eb85169a076040c0e577411f6b.jpg,val,frustrated,4,6
bigdata_frustrated_engaged_sultanbudi_44_1773299492609_004_jpg.rf.301219e80da95a0e463052703f788587.jpg,train,frustrated,bigdata_frustrated_engaged_sultanbudi_44_1773299494792_005_jpg.rf.eae0c6eb85169a076040c0e577411f6b.jpg,val,frustrated,1,2
bigdata_frustrated_engaged_sultanbudi_44_1773299494792_007_jpg.rf.ce70cdf2c1efa2f27feea624e77e2775.jpg,train,frustrated,bigdata_frustrated_engaged_sultanbudi_44_1773299494792_005_jpg.rf.eae0c6eb85169a076040c0e577411f6b.jpg,val,frustrated,1,0
bigdata_frustrated_engaged_sultanbudi_44_1773299494792_008_jpg.rf.3208098d6fb65b5755ef3f378191ee69.jpg,train,frustrated,bigdata_frustrated_engaged_sultanbudi_44_1773299494792_005_jpg.rf.eae0c6eb85169a076040c0e577411f6b.jpg,val,frustrated,0,2
bigdata_frustrated_engaged_sultanbudi_44_1773299494793_009_jpg.rf.a74d2671a0c05ce17c9f6a788a2aea3c.jpg,train,frustrated,bigdata_frustrated_engaged_sultanbudi_44_1773299494792_005_jpg.rf.eae0c6eb85169a076040c0e577411f6b.jpg,val,frustrated,1,6
bored_1676.jpg,train,bored,confused_3231.jpg,val,confused,1,6
bored_1755.jpg,train,bored,confused_3231.jpg,val,confused,4,6
bored_1789.jpg,train,bored,confused_3231.jpg,val,confused,2,4
bored_1950.jpg,train,bored,frustrated_3073.jpg,val,frustrated,5,6
bored_1950.jpg,train,bored,frustrated_3097.jpg,val,frustrated,5,6
bored_2157.jpg,train,bored,engaged_412.jpg,val,engaged,4,6
bored_2157.jpg,train,bored,engaged_430.jpg,val,engaged,4,6
bored_3311.jpg,train,bored,frustrated_3525.jpg,val,frustrated,0,6
bored_4372.jpg,train,bored,bored_4491.jpg,val,bored,1,4
bored_4455.jpg,train,bored,bored_4491.jpg,val,bored,0,0
bored_4458.jpg,train,bored,bored_4491.jpg,val,bored,0,0
bored_4461.jpg,train,bored,bored_4491.jpg,val,bored,0,0
bored_4463.jpg,train,bored,bored_4491.jpg,val,bored,0,0
bored_4505.jpg,train,bored,bored_4491.jpg,val,bored,0,0
bored_4509.jpg,train,bored,bored_4491.jpg,val,bored,0,0
bored_4515.jpg,train,bored,bored_4491.jpg,val,bored,1,0
bored_4520.jpg,train,bored,bored_4491.jpg,val,bored,4,6
bored_4749.jpg,train,bored,bored_4782.jpg,val,engaged,3,2
bored_4749.jpg,train,bored,bored_4839.jpg,val,bored,2,2
bored_4817.jpg,train,bored,bored_4782.jpg,val,engaged,3,2
bored_4817.jpg,train,bored,bored_4839.jpg,val,bored,2,4
bored_5123.jpg,train,bored,bored_5193.jpg,val,bored,1,0
bored_5123.jpg,train,bored,confused_12902.jpg,val,confused,2,0
bored_5123.jpg,train,bored,frustrated_8926.jpg,val,frustrated,1,6
bored_5123.jpg,train,bored,frustrated_8932.jpg,val,frustrated,1,6
bored_5123.jpg,train,bored,frustrated_9411.jpg,val,frustrated,4,6
bored_5123.jpg,train,bored,frustrated_9580.jpg,val,frustrated,2,4
bored_5166.jpg,train,bored,bored_5193.jpg,val,bored,0,0
bored_5166.jpg,train,bored,confused_12902.jpg,val,confused,1,0
bored_5166.jpg,train,bored,frustrated_8926.jpg,val,frustrated,0,6
bored_5166.jpg,train,bored,frustrated_8932.jpg,val,frustrated,0,6
bored_5166.jpg,train,bored,frustrated_9411.jpg,val,frustrated,3,6
bored_5166.jpg,train,bored,frustrated_9580.jpg,val,frustrated,1,4
bored_5171.jpg,train,bored,bored_5193.jpg,val,bored,0,0
bored_5171.jpg,train,bored,confused_12902.jpg,val,confused,1,0
bored_5171.jpg,train,bored,frustrated_8926.jpg,val,frustrated,0,6
bored_5171.jpg,train,bored,frustrated_8932.jpg,val,frustrated,0,6
bored_5171.jpg,train,bored,frustrated_9411.jpg,val,frustrated,3,6
bored_5171.jpg,train,bored,frustrated_9580.jpg,val,frustrated,1,4
bored_5177.jpg,train,bored,bored_5193.jpg,val,bored,0,0
bored_5177.jpg,train,bored,confused_12902.jpg,val,confused,1,0
bored_5177.jpg,train,bored,frustrated_8926.jpg,val,frustrated,0,6
bored_5177.jpg,train,bored,frustrated_8932.jpg,val,frustrated,0,6
bored_5177.jpg,train,bored,frustrated_9411.jpg,val,frustrated,3,6
bored_5177.jpg,train,bored,frustrated_9580.jpg,val,frustrated,1,4
bored_5182.jpg,train,bored,bored_5193.jpg,val,bored,0,0
bored_5182.jpg,train,bored,confused_12902.jpg,val,confused,1,0
bored_5182.jpg,train,bored,frustrated_8926.jpg,val,frustrated,0,6
bored_5182.jpg,train,bored,frustrated_8932.jpg,val,frustrated,0,6
bored_5182.jpg,train,bored,frustrated_9411.jpg,val,frustrated,3,6
bored_5182.jpg,train,bored,frustrated_9580.jpg,val,frustrated,1,4
bored_5188.jpg,train,bored,bored_5193.jpg,val,bored,0,0
bored_5188.jpg,train,bored,confused_12902.jpg,val,confused,1,0
bored_5188.jpg,train,bored,frustrated_8926.jpg,val,frustrated,0,6
bored_5188.jpg,train,bored,frustrated_8932.jpg,val,frustrated,0,6
bored_5188.jpg,train,bored,frustrated_9411.jpg,val,frustrated,3,6
bored_5188.jpg,train,bored,frustrated_9580.jpg,val,frustrated,1,4
bored_5197.jpg,train,bored,bored_5193.jpg,val,bored,0,0
bored_5197.jpg,train,bored,confused_12902.jpg,val,confused,1,0
bored_5197.jpg,train,bored,frustrated_8926.jpg,val,frustrated,0,6
bored_5197.jpg,train,bored,frustrated_8932.jpg,val,frustrated,0,6
bored_5197.jpg,train,bored,frustrated_9411.jpg,val,frustrated,3,6
bored_5197.jpg,train,bored,frustrated_9580.jpg,val,frustrated,1,4
bored_5202.jpg,train,bored,bored_5193.jpg,val,bored,0,0
bored_5202.jpg,train,bored,confused_12902.jpg,val,confused,1,0
bored_5202.jpg,train,bored,frustrated_8926.jpg,val,frustrated,0,6
bored_5202.jpg,train,bored,frustrated_8932.jpg,val,frustrated,0,6
bored_5202.jpg,train,bored,frustrated_9411.jpg,val,frustrated,3,6
bored_5202.jpg,train,bored,frustrated_9580.jpg,val,frustrated,1,4
bored_5207.jpg,train,bored,bored_5193.jpg,val,bored,0,0
bored_5207.jpg,train,bored,confused_12902.jpg,val,confused,1,0
bored_5207.jpg,train,bored,frustrated_8926.jpg,val,frustrated,0,6
bored_5207.jpg,train,bored,frustrated_8932.jpg,val,frustrated,0,6
bored_5207.jpg,train,bored,frustrated_9411.jpg,val,frustrated,3,6
bored_5207.jpg,train,bored,frustrated_9580.jpg,val,frustrated,1,4
bored_5212.jpg,train,bored,bored_5193.jpg,val,bored,1,0
bored_5212.jpg,train,bored,confused_12902.jpg,val,confused,2,0
bored_5212.jpg,train,bored,frustrated_8926.jpg,val,frustrated,1,6
bored_5212.jpg,train,bored,frustrated_8932.jpg,val,frustrated,1,6
bored_5212.jpg,train,bored,frustrated_9411.jpg,val,frustrated,4,6
bored_5212.jpg,train,bored,frustrated_9580.jpg,val,frustrated,2,4
bored_5217.jpg,train,bored,bored_5193.jpg,val,bored,0,0
bored_5217.jpg,train,bored,confused_12902.jpg,val,confused,1,0
bored_5217.jpg,train,bored,frustrated_8926.jpg,val,frustrated,0,6
bored_5217.jpg,train,bored,frustrated_8932.jpg,val,frustrated,0,6
bored_5217.jpg,train,bored,frustrated_9411.jpg,val,frustrated,3,6
bored_5217.jpg,train,bored,frustrated_9580.jpg,val,frustrated,1,4
bored_5543.jpg,train,bored,bored_5193.jpg,val,bored,0,2
bored_5543.jpg,train,bored,confused_12902.jpg,val,confused,1,2
bored_5543.jpg,train,bored,engaged_15057.jpg,val,engaged,2,6
bored_5543.jpg,train,bored,frustrated_8926.jpg,val,frustrated,0,6
bored_5543.jpg,train,bored,frustrated_8932.jpg,val,frustrated,0,6
bored_5543.jpg,train,bored,frustrated_9411.jpg,val,frustrated,3,6
bored_5543.jpg,train,bored,frustrated_9580.jpg,val,frustrated,1,4
bored_5553.jpg,train,bored,bored_5193.jpg,val,bored,0,2
bored_5553.jpg,train,bored,confused_12902.jpg,val,confused,1,2
bored_5553.jpg,train,bored,engaged_15057.jpg,val,engaged,2,6
bored_5553.jpg,train,bored,frustrated_8926.jpg,val,frustrated,0,6
bored_5553.jpg,train,bored,frustrated_8932.jpg,val,frustrated,0,6
bored_5553.jpg,train,bored,frustrated_9411.jpg,val,frustrated,3,6
bored_5553.jpg,train,bored,frustrated_9580.jpg,val,frustrated,1,4
bored_5596.jpg,train,bored,bored_5193.jpg,val,bored,0,2
bored_5596.jpg,train,bored,confused_12902.jpg,val,confused,1,2
bored_5596.jpg,train,bored,engaged_15057.jpg,val,engaged,2,6
bored_5596.jpg,train,bored,frustrated_8926.jpg,val,frustrated,0,6
bored_5596.jpg,train,bored,frustrated_8932.jpg,val,frustrated,0,6
bored_5596.jpg,train,bored,frustrated_9411.jpg,val,frustrated,3,6
bored_5596.jpg,train,bored,frustrated_9580.jpg,val,frustrated,1,4
bored_5606.jpg,train,bored,bored_5193.jpg,val,bored,0,2
bored_5606.jpg,train,bored,confused_12902.jpg,val,confused,1,2
bored_5606.jpg,train,bored,engaged_15057.jpg,val,engaged,2,6
bored_5606.jpg,train,bored,frustrated_8926.jpg,val,frustrated,0,6
bored_5606.jpg,train,bored,frustrated_8932.jpg,val,frustrated,0,6
bored_5606.jpg,train,bored,frustrated_9411.jpg,val,frustrated,3,6
bored_5606.jpg,train,bored,frustrated_9580.jpg,val,frustrated,1,4
bored_5700.jpg,train,bored,bored_5695.jpg,val,bored,0,0
bored_5706.jpg,train,bored,bored_5695.jpg,val,bored,0,0
bored_5867.jpg,train,bored,bored_5910.jpg,val,bored,0,0
bored_5867.jpg,train,bored,frustrated_9133.jpg,val,frustrated,3,2
bored_5893.jpg,train,bored,bored_5910.jpg,val,bored,0,0
bored_5893.jpg,train,bored,frustrated_9133.jpg,val,frustrated,3,2
bored_5899.jpg,train,bored,bored_5910.jpg,val,bored,0,0
bored_5899.jpg,train,bored,frustrated_9133.jpg,val,frustrated,3,2
bored_5905.jpg,train,bored,bored_5910.jpg,val,bored,0,0
bored_5905.jpg,train,bored,frustrated_9133.jpg,val,frustrated,3,2
bored_5914.jpg,train,bored,bored_5910.jpg,val,bored,0,0
bored_5914.jpg,train,bored,frustrated_9133.jpg,val,frustrated,3,2
bored_5919.jpg,train,bored,bored_5910.jpg,val,bored,1,0
bored_5919.jpg,train,bored,frustrated_9133.jpg,val,frustrated,4,2
bored_6005.jpg,train,bored,bored_5910.jpg,val,bored,1,0
bored_6005.jpg,train,bored,frustrated_9133.jpg,val,frustrated,4,2
bored_6010.jpg,train,bored,bored_5910.jpg,val,bored,1,0
bored_6010.jpg,train,bored,frustrated_9133.jpg,val,frustrated,4,2
bored_6016.jpg,train,bored,bored_5910.jpg,val,bored,1,0
bored_6016.jpg,train,bored,frustrated_9133.jpg,val,frustrated,4,2
bored_6022.jpg,train,bored,bored_5910.jpg,val,bored,1,0
bored_6022.jpg,train,bored,frustrated_9133.jpg,val,frustrated,4,2
bored_6027.jpg,train,bored,bored_5910.jpg,val,bored,1,0
bored_6027.jpg,train,bored,frustrated_9133.jpg,val,frustrated,4,2
bored_6032.jpg,train,bored,bored_5910.jpg,val,bored,1,0
bored_6032.jpg,train,bored,frustrated_9133.jpg,val,frustrated,4,2
bored_6037.jpg,train,bored,bored_5910.jpg,val,bored,1,0
bored_6037.jpg,train,bored,frustrated_9133.jpg,val,frustrated,4,2
bored_6042.jpg,train,bored,bored_5910.jpg,val,bored,1,0
bored_6042.jpg,train,bored,frustrated_9133.jpg,val,frustrated,4,2
bored_6080.jpg,train,bored,bored_5910.jpg,val,bored,1,0
bored_6080.jpg,train,bored,frustrated_9133.jpg,val,frustrated,4,2
bored_6265.jpg,train,bored,bored_6290.jpg,val,bored,0,2
bored_6265.jpg,train,bored,bored_7035.jpg,val,bored,3,2
bored_6265.jpg,train,bored,bored_7074.jpg,val,bored,2,2
bored_6265.jpg,train,bored,bored_7114.jpg,val,bored,2,2
bored_6271.jpg,train,bored,bored_6290.jpg,val,bored,0,0
bored_6271.jpg,train,bored,bored_7035.jpg,val,bored,3,4
bored_6271.jpg,train,bored,bored_7074.jpg,val,bored,2,4
bored_6271.jpg,train,bored,bored_7114.jpg,val,bored,2,4
bored_6275.jpg,train,bored,bored_6290.jpg,val,bored,0,0
bored_6275.jpg,train,bored,bored_7035.jpg,val,bored,3,4
bored_6275.jpg,train,bored,bored_7074.jpg,val,bored,2,4
bored_6275.jpg,train,bored,bored_7114.jpg,val,bored,2,4
bored_6294.jpg,train,bored,bored_6290.jpg,val,bored,0,0
bored_6294.jpg,train,bored,bored_7035.jpg,val,bored,3,4
bored_6294.jpg,train,bored,bored_7074.jpg,val,bored,2,4
bored_6294.jpg,train,bored,bored_7114.jpg,val,bored,2,4
bored_6298.jpg,train,bored,bored_6290.jpg,val,bored,0,0
bored_6298.jpg,train,bored,bored_7035.jpg,val,bored,3,4
bored_6298.jpg,train,bored,bored_7074.jpg,val,bored,2,4
bored_6298.jpg,train,bored,bored_7114.jpg,val,bored,2,4
bored_6302.jpg,train,bored,bored_6290.jpg,val,bored,0,0
bored_6302.jpg,train,bored,bored_7035.jpg,val,bored,3,4
bored_6302.jpg,train,bored,bored_7074.jpg,val,bored,2,4
bored_6302.jpg,train,bored,bored_7114.jpg,val,bored,2,4
bored_6375.jpg,train,bored,bored_6290.jpg,val,bored,3,4
bored_6375.jpg,train,bored,bored_7035.jpg,val,bored,0,2
bored_6375.jpg,train,bored,bored_7074.jpg,val,bored,1,2
bored_6375.jpg,train,bored,bored_7114.jpg,val,bored,1,2
bored_6405.jpg,train,bored,bored_6290.jpg,val,bored,2,4
bored_6405.jpg,train,bored,bored_7035.jpg,val,bored,1,2
bored_6405.jpg,train,bored,bored_7074.jpg,val,bored,0,2
bored_6405.jpg,train,bored,bored_7114.jpg,val,bored,0,2
bored_6410.jpg,train,bored,bored_6290.jpg,val,bored,2,4
bored_6410.jpg,train,bored,bored_7035.jpg,val,bored,1,2
bored_6410.jpg,train,bored,bored_7074.jpg,val,bored,0,2
bored_6410.jpg,train,bored,bored_7114.jpg,val,bored,0,2
bored_6881.jpg,train,bored,bored_6290.jpg,val,bored,2,4
bored_6881.jpg,train,bored,bored_7035.jpg,val,bored,5,6
bored_6881.jpg,train,bored,bored_7074.jpg,val,bored,4,6
bored_6881.jpg,train,bored,bored_7114.jpg,val,bored,4,6
bored_6887.jpg,train,bored,bored_6290.jpg,val,bored,1,4
bored_6887.jpg,train,bored,bored_7035.jpg,val,bored,4,6
bored_6887.jpg,train,bored,bored_7074.jpg,val,bored,3,6
bored_6887.jpg,train,bored,bored_7114.jpg,val,bored,3,6
bored_6891.jpg,train,bored,bored_6290.jpg,val,bored,1,4
bored_6891.jpg,train,bored,bored_7035.jpg,val,bored,4,4
bored_6891.jpg,train,bored,bored_7074.jpg,val,bored,3,4
bored_6891.jpg,train,bored,bored_7114.jpg,val,bored,3,4
bored_6895.jpg,train,bored,bored_6290.jpg,val,bored,1,4
bored_6895.jpg,train,bored,bored_7035.jpg,val,bored,4,6
bored_6895.jpg,train,bored,bored_7074.jpg,val,bored,3,6
bored_6895.jpg,train,bored,bored_7114.jpg,val,bored,3,6
bored_6902.jpg,train,bored,bored_6290.jpg,val,bored,1,4
bored_6902.jpg,train,bored,bored_7035.jpg,val,bored,4,6
bored_6902.jpg,train,bored,bored_7074.jpg,val,bored,3,6
bored_6902.jpg,train,bored,bored_7114.jpg,val,bored,3,6
bored_6919.jpg,train,bored,bored_6290.jpg,val,bored,1,4
bored_6919.jpg,train,bored,bored_7035.jpg,val,bored,4,6
bored_6919.jpg,train,bored,bored_7074.jpg,val,bored,3,6
bored_6919.jpg,train,bored,bored_7114.jpg,val,bored,3,6
bored_6920.jpg,train,bored,bored_6290.jpg,val,bored,1,4
bored_6920.jpg,train,bored,bored_7035.jpg,val,bored,4,6
bored_6920.jpg,train,bored,bored_7074.jpg,val,bored,3,6
bored_6920.jpg,train,bored,bored_7114.jpg,val,bored,3,6
bored_7026.jpg,train,bored,bored_6290.jpg,val,bored,1,2
bored_7026.jpg,train,bored,bored_7035.jpg,val,bored,2,2
bored_7026.jpg,train,bored,bored_7074.jpg,val,bored,1,2
bored_7026.jpg,train,bored,bored_7114.jpg,val,bored,1,2
bored_7069.jpg,train,bored,bored_6290.jpg,val,bored,2,4
bored_7069.jpg,train,bored,bored_7035.jpg,val,bored,1,0
bored_7069.jpg,train,bored,bored_7074.jpg,val,bored,0,0
bored_7069.jpg,train,bored,bored_7114.jpg,val,bored,0,0
bored_7078.jpg,train,bored,bored_6290.jpg,val,bored,2,4
bored_7078.jpg,train,bored,bored_7035.jpg,val,bored,1,0
bored_7078.jpg,train,bored,bored_7074.jpg,val,bored,0,0
bored_7078.jpg,train,bored,bored_7114.jpg,val,bored,0,0
bored_7081.jpg,train,bored,bored_6290.jpg,val,bored,2,4
bored_7081.jpg,train,bored,bored_7035.jpg,val,bored,1,0
bored_7081.jpg,train,bored,bored_7074.jpg,val,bored,0,0
bored_7081.jpg,train,bored,bored_7114.jpg,val,bored,0,0
bored_7097.jpg,train,bored,bored_6290.jpg,val,bored,2,4
bored_7097.jpg,train,bored,bored_7035.jpg,val,bored,1,0
bored_7097.jpg,train,bored,bored_7074.jpg,val,bored,0,0
bored_7097.jpg,train,bored,bored_7114.jpg,val,bored,0,0
bored_7104.jpg,train,bored,bored_6290.jpg,val,bored,2,4
bored_7104.jpg,train,bored,bored_7035.jpg,val,bored,1,0
bored_7104.jpg,train,bored,bored_7074.jpg,val,bored,0,0
bored_7104.jpg,train,bored,bored_7114.jpg,val,bored,0,0
bored_7110.jpg,train,bored,bored_6290.jpg,val,bored,2,4
bored_7110.jpg,train,bored,bored_7035.jpg,val,bored,1,0
bored_7110.jpg,train,bored,bored_7074.jpg,val,bored,0,0
bored_7110.jpg,train,bored,bored_7114.jpg,val,bored,0,0
bored_7122.jpg,train,bored,bored_6290.jpg,val,bored,2,4
bored_7122.jpg,train,bored,bored_7035.jpg,val,bored,1,0
bored_7122.jpg,train,bored,bored_7074.jpg,val,bored,0,0
bored_7122.jpg,train,bored,bored_7114.jpg,val,bored,0,0
bored_7126.jpg,train,bored,bored_6290.jpg,val,bored,2,4
bored_7126.jpg,train,bored,bored_7035.jpg,val,bored,1,0
bored_7126.jpg,train,bored,bored_7074.jpg,val,bored,0,0
bored_7126.jpg,train,bored,bored_7114.jpg,val,bored,0,0
bored_7128.jpg,train,bored,bored_6290.jpg,val,bored,2,4
bored_7128.jpg,train,bored,bored_7035.jpg,val,bored,1,0
bored_7128.jpg,train,bored,bored_7074.jpg,val,bored,0,0
bored_7128.jpg,train,bored,bored_7114.jpg,val,bored,0,0
bored_7131.jpg,train,bored,bored_6290.jpg,val,bored,2,4
bored_7131.jpg,train,bored,bored_7035.jpg,val,bored,1,0
bored_7131.jpg,train,bored,bored_7074.jpg,val,bored,0,0
bored_7131.jpg,train,bored,bored_7114.jpg,val,bored,0,0
bored_7160.jpg,train,bored,bored_6290.jpg,val,bored,2,4
bored_7160.jpg,train,bored,bored_7035.jpg,val,bored,1,0
bored_7160.jpg,train,bored,bored_7074.jpg,val,bored,0,0
bored_7160.jpg,train,bored,bored_7114.jpg,val,bored,0,0
bored_7164.jpg,train,bored,bored_6290.jpg,val,bored,2,4
bored_7164.jpg,train,bored,bored_7035.jpg,val,bored,1,0
bored_7164.jpg,train,bored,bored_7074.jpg,val,bored,0,0
bored_7164.jpg,train,bored,bored_7114.jpg,val,bored,0,0
confused_12264.jpg,train,confused,bored_5193.jpg,val,bored,3,4
confused_12264.jpg,train,confused,confused_12902.jpg,val,confused,4,4
confused_12264.jpg,train,confused,engaged_15057.jpg,val,engaged,5,6
confused_12264.jpg,train,confused,frustrated_8926.jpg,val,frustrated,3,6
confused_12264.jpg,train,confused,frustrated_8932.jpg,val,frustrated,3,6
confused_12264.jpg,train,confused,frustrated_9580.jpg,val,frustrated,2,6
confused_12447.jpg,train,confused,engaged_1376.jpg,val,engaged,5,6
confused_12447.jpg,train,confused,engaged_1405.jpg,val,engaged,5,6
confused_12447.jpg,train,confused,engaged_15057.jpg,val,engaged,5,4
confused_12447.jpg,train,confused,frustrated_8926.jpg,val,frustrated,3,6
confused_12447.jpg,train,confused,frustrated_8932.jpg,val,frustrated,3,6
confused_12818.jpg,train,confused,bored_5193.jpg,val,bored,1,2
confused_12818.jpg,train,confused,confused_12902.jpg,val,confused,0,2
confused_12818.jpg,train,confused,engaged_1775.jpg,val,engaged,3,6
confused_12818.jpg,train,confused,engaged_1779.jpg,val,engaged,3,6
confused_12818.jpg,train,confused,engaged_1836.jpg,val,engaged,4,6
confused_12818.jpg,train,confused,engaged_1867.jpg,val,engaged,3,6
confused_12818.jpg,train,confused,engaged_1979.jpg,val,engaged,3,6
confused_12818.jpg,train,confused,engaged_2045.jpg,val,engaged,3,6
confused_12818.jpg,train,confused,engaged_2079.jpg,val,engaged,4,6
confused_12818.jpg,train,confused,engaged_2080.jpg,val,engaged,4,6
confused_12818.jpg,train,confused,engaged_2086.jpg,val,engaged,4,6
confused_12818.jpg,train,confused,engaged_2096.jpg,val,engaged,4,6
confused_12818.jpg,train,confused,engaged_2103.jpg,val,engaged,4,6
confused_12818.jpg,train,confused,engaged_2121.jpg,val,engaged,4,6
confused_12818.jpg,train,confused,engaged_2136.jpg,val,engaged,4,6
confused_12818.jpg,train,confused,engaged_2166.jpg,val,engaged,4,6
confused_12818.jpg,train,confused,engaged_2172.jpg,val,engaged,4,6
confused_12818.jpg,train,confused,engaged_2213.jpg,val,engaged,4,6
confused_12818.jpg,train,confused,frustrated_9411.jpg,val,frustrated,2,4
confused_12818.jpg,train,confused,frustrated_9580.jpg,val,frustrated,2,4
confused_12818.jpg,train,confused,frustrated_9798.jpg,val,frustrated,5,6
confused_12876.jpg,train,confused,bored_5193.jpg,val,bored,1,0
confused_12876.jpg,train,confused,confused_12902.jpg,val,confused,0,0
confused_12876.jpg,train,confused,frustrated_8926.jpg,val,frustrated,1,6
confused_12876.jpg,train,confused,frustrated_8932.jpg,val,frustrated,1,6
confused_12876.jpg,train,confused,frustrated_9411.jpg,val,frustrated,2,6
confused_12876.jpg,train,confused,frustrated_9580.jpg,val,frustrated,2,4
confused_12882.jpg,train,confused,bored_5193.jpg,val,bored,1,0
confused_12882.jpg,train,confused,confused_12902.jpg,val,confused,0,0
confused_12882.jpg,train,confused,frustrated_8926.jpg,val,frustrated,1,6
confused_12882.jpg,train,confused,frustrated_8932.jpg,val,frustrated,1,6
confused_12882.jpg,train,confused,frustrated_9411.jpg,val,frustrated,2,6
confused_12882.jpg,train,confused,frustrated_9580.jpg,val,frustrated,2,4
confused_12887.jpg,train,confused,bored_5193.jpg,val,bored,1,0
confused_12887.jpg,train,confused,confused_12902.jpg,val,confused,0,0
confused_12887.jpg,train,confused,frustrated_8926.jpg,val,frustrated,1,6
confused_12887.jpg,train,confused,frustrated_8932.jpg,val,frustrated,1,6
confused_12887.jpg,train,confused,frustrated_9411.jpg,val,frustrated,2,6
confused_12887.jpg,train,confused,frustrated_9580.jpg,val,frustrated,2,4
confused_12891.jpg,train,confused,bored_5193.jpg,val,bored,1,0
confused_12891.jpg,train,confused,confused_12902.jpg,val,confused,0,0
confused_12891.jpg,train,confused,frustrated_8926.jpg,val,frustrated,1,6
confused_12891.jpg,train,confused,frustrated_8932.jpg,val,frustrated,1,6
confused_12891.jpg,train,confused,frustrated_9411.jpg,val,frustrated,2,6
confused_12891.jpg,train,confused,frustrated_9580.jpg,val,frustrated,2,4
confused_12896.jpg,train,confused,bored_5193.jpg,val,bored,1,0
confused_12896.jpg,train,confused,confused_12902.jpg,val,confused,0,0
confused_12896.jpg,train,confused,frustrated_8926.jpg,val,frustrated,1,6
confused_12896.jpg,train,confused,frustrated_8932.jpg,val,frustrated,1,6
confused_12896.jpg,train,confused,frustrated_9411.jpg,val,frustrated,2,6
confused_12896.jpg,train,confused,frustrated_9580.jpg,val,frustrated,2,4
confused_13005.jpg,train,confused,bored_5193.jpg,val,bored,1,0
confused_13005.jpg,train,confused,confused_12902.jpg,val,confused,0,0
confused_13005.jpg,train,confused,frustrated_8926.jpg,val,frustrated,1,6
confused_13005.jpg,train,confused,frustrated_8932.jpg,val,frustrated,1,6
confused_13005.jpg,train,confused,frustrated_9411.jpg,val,frustrated,2,6
confused_13005.jpg,train,confused,frustrated_9580.jpg,val,frustrated,2,4
confused_13009.jpg,train,confused,bored_5193.jpg,val,bored,1,0
confused_13009.jpg,train,confused,confused_12902.jpg,val,confused,0,0
confused_13009.jpg,train,confused,frustrated_8926.jpg,val,frustrated,1,6
confused_13009.jpg,train,confused,frustrated_8932.jpg,val,frustrated,1,6
confused_13009.jpg,train,confused,frustrated_9411.jpg,val,frustrated,2,6
confused_13009.jpg,train,confused,frustrated_9580.jpg,val,frustrated,2,4
confused_13023.jpg,train,confused,bored_5193.jpg,val,bored,1,0
confused_13023.jpg,train,confused,confused_12902.jpg,val,confused,0,0
confused_13023.jpg,train,confused,frustrated_8926.jpg,val,frustrated,1,6
confused_13023.jpg,train,confused,frustrated_8932.jpg,val,frustrated,1,6
confused_13023.jpg,train,confused,frustrated_9411.jpg,val,frustrated,2,6
confused_13023.jpg,train,confused,frustrated_9580.jpg,val,frustrated,2,4
confused_2859.jpg,train,confused,frustrated_3525.jpg,val,frustrated,1,6
confused_3216.jpg,train,confused,confused_3231.jpg,val,confused,0,2
confused_3216.jpg,train,confused,frustrated_2807.jpg,val,frustrated,2,6
confused_3218.jpg,train,confused,confused_3231.jpg,val,confused,0,2
confused_3218.jpg,train,confused,frustrated_2807.jpg,val,frustrated,2,6
confused_3227.jpg,train,confused,confused_3231.jpg,val,confused,0,0
confused_3227.jpg,train,confused,frustrated_2807.jpg,val,frustrated,2,6
confused_3235.jpg,train,confused,confused_3231.jpg,val,confused,0,2
confused_3235.jpg,train,confused,frustrated_2807.jpg,val,frustrated,2,6
confused_3239.jpg,train,confused,confused_3231.jpg,val,confused,0,0
confused_3239.jpg,train,confused,frustrated_2807.jpg,val,frustrated,2,6
confused_3243.jpg,train,confused,confused_3231.jpg,val,confused,0,0
confused_3243.jpg,train,confused,frustrated_2807.jpg,val,frustrated,2,6
confused_3248.jpg,train,confused,confused_3231.jpg,val,confused,0,2
confused_3248.jpg,train,confused,frustrated_2807.jpg,val,frustrated,2,6
confused_3252.jpg,train,confused,confused_3231.jpg,val,confused,0,4
confused_3262.jpg,train,confused,confused_3231.jpg,val,confused,2,6
confused_3266.jpg,train,confused,confused_3231.jpg,val,confused,2,6
confused_3376.jpg,train,confused,confused_3887.jpg,val,confused,3,4
confused_3417.jpg,train,confused,confused_3887.jpg,val,confused,2,4
confused_3417.jpg,train,confused,engaged_1376.jpg,val,engaged,5,6
confused_3417.jpg,train,confused,engaged_1405.jpg,val,engaged,5,6
confused_3417.jpg,train,confused,engaged_15057.jpg,val,engaged,5,6
confused_3861.jpg,train,confused,confused_3887.jpg,val,confused,1,2
confused_3861.jpg,train,confused,engaged_1376.jpg,val,engaged,4,6
confused_3861.jpg,train,confused,engaged_1405.jpg,val,engaged,4,6
confused_3861.jpg,train,confused,engaged_15057.jpg,val,engaged,4,6
confused_3879.jpg,train,confused,confused_3887.jpg,val,confused,0,0
confused_3879.jpg,train,confused,engaged_1376.jpg,val,engaged,3,6
confused_3879.jpg,train,confused,engaged_1405.jpg,val,engaged,3,6
confused_3879.jpg,train,confused,engaged_15057.jpg,val,engaged,3,6
confused_3883.jpg,train,confused,confused_3887.jpg,val,confused,0,0
confused_3883.jpg,train,confused,engaged_1376.jpg,val,engaged,3,6
confused_3883.jpg,train,confused,engaged_1405.jpg,val,engaged,3,6
confused_3883.jpg,train,confused,engaged_15057.jpg,val,engaged,3,6
confused_3892.jpg,train,confused,confused_3887.jpg,val,confused,0,0
confused_3892.jpg,train,confused,engaged_1376.jpg,val,engaged,3,6
confused_3892.jpg,train,confused,engaged_1405.jpg,val,engaged,3,6
confused_3892.jpg,train,confused,engaged_15057.jpg,val,engaged,3,6
confused_3897.jpg,train,confused,confused_3887.jpg,val,confused,0,2
confused_3897.jpg,train,confused,engaged_1376.jpg,val,engaged,3,6
confused_3897.jpg,train,confused,engaged_1405.jpg,val,engaged,3,6
confused_3897.jpg,train,confused,engaged_15057.jpg,val,engaged,3,6
confused_3975.jpg,train,confused,confused_3887.jpg,val,confused,2,0
confused_3975.jpg,train,confused,engaged_1376.jpg,val,engaged,3,6
confused_3975.jpg,train,confused,engaged_1405.jpg,val,engaged,3,6
confused_3975.jpg,train,confused,engaged_15057.jpg,val,engaged,3,6
confused_3984.jpg,train,confused,confused_3887.jpg,val,confused,1,0
confused_3984.jpg,train,confused,engaged_1376.jpg,val,engaged,2,6
confused_3984.jpg,train,confused,engaged_1405.jpg,val,engaged,2,6
confused_3984.jpg,train,confused,engaged_15057.jpg,val,engaged,2,6
confused_402.jpg,train,confused,frustrated_678.jpg,val,frustrated,4,6
confused_4055.jpg,train,confused,confused_4212.jpg,val,confused,4,6
confused_4055.jpg,train,confused,engaged_1775.jpg,val,engaged,3,6
confused_4055.jpg,train,confused,engaged_1779.jpg,val,engaged,3,6
confused_4055.jpg,train,confused,engaged_1836.jpg,val,engaged,4,6
confused_4055.jpg,train,confused,engaged_1867.jpg,val,engaged,3,6
confused_4055.jpg,train,confused,engaged_1979.jpg,val,engaged,3,6
confused_4055.jpg,train,confused,engaged_2045.jpg,val,engaged,3,6
confused_4055.jpg,train,confused,engaged_2079.jpg,val,engaged,4,6
confused_4055.jpg,train,confused,engaged_2080.jpg,val,engaged,4,6
confused_4055.jpg,train,confused,engaged_2086.jpg,val,engaged,4,6
confused_4055.jpg,train,confused,engaged_2096.jpg,val,engaged,4,6
confused_4055.jpg,train,confused,engaged_2103.jpg,val,engaged,4,6
confused_4055.jpg,train,confused,engaged_2121.jpg,val,engaged,4,6
confused_4055.jpg,train,confused,engaged_2136.jpg,val,engaged,4,6
confused_4055.jpg,train,confused,engaged_2166.jpg,val,engaged,4,6
confused_4055.jpg,train,confused,engaged_2172.jpg,val,engaged,4,6
confused_4055.jpg,train,confused,engaged_2213.jpg,val,engaged,4,6
confused_4055.jpg,train,confused,frustrated_9798.jpg,val,frustrated,5,6
confused_4139.jpg,train,confused,confused_4212.jpg,val,confused,4,4
confused_4139.jpg,train,confused,engaged_1775.jpg,val,engaged,3,4
confused_4139.jpg,train,confused,engaged_1779.jpg,val,engaged,3,4
confused_4139.jpg,train,confused,engaged_1836.jpg,val,engaged,4,4
confused_4139.jpg,train,confused,engaged_1867.jpg,val,engaged,3,4
confused_4139.jpg,train,confused,engaged_1979.jpg,val,engaged,3,4
confused_4139.jpg,train,confused,engaged_2045.jpg,val,engaged,3,4
confused_4139.jpg,train,confused,engaged_2079.jpg,val,engaged,4,4
confused_4139.jpg,train,confused,engaged_2080.jpg,val,engaged,4,4
confused_4139.jpg,train,confused,engaged_2086.jpg,val,engaged,4,4
confused_4139.jpg,train,confused,engaged_2096.jpg,val,engaged,4,4
confused_4139.jpg,train,confused,engaged_2103.jpg,val,engaged,4,4
confused_4139.jpg,train,confused,engaged_2121.jpg,val,engaged,4,4
confused_4139.jpg,train,confused,engaged_2136.jpg,val,engaged,4,4
confused_4139.jpg,train,confused,engaged_2166.jpg,val,engaged,4,4
confused_4139.jpg,train,confused,engaged_2172.jpg,val,engaged,4,4
confused_4139.jpg,train,confused,engaged_2213.jpg,val,engaged,4,4
confused_4139.jpg,train,confused,frustrated_9798.jpg,val,frustrated,5,4
confused_4147.jpg,train,confused,confused_4212.jpg,val,confused,4,4
confused_4147.jpg,train,confused,engaged_1775.jpg,val,engaged,3,4
confused_4147.jpg,train,confused,engaged_1779.jpg,val,engaged,3,4
confused_4147.jpg,train,confused,engaged_1836.jpg,val,engaged,4,4
confused_4147.jpg,train,confused,engaged_1867.jpg,val,engaged,3,4
confused_4147.jpg,train,confused,engaged_1979.jpg,val,engaged,3,4
confused_4147.jpg,train,confused,engaged_2045.jpg,val,engaged,3,4
confused_4147.jpg,train,confused,engaged_2079.jpg,val,engaged,4,4
confused_4147.jpg,train,confused,engaged_2080.jpg,val,engaged,4,4
confused_4147.jpg,train,confused,engaged_2086.jpg,val,engaged,4,4
confused_4147.jpg,train,confused,engaged_2096.jpg,val,engaged,4,4
confused_4147.jpg,train,confused,engaged_2103.jpg,val,engaged,4,4
confused_4147.jpg,train,confused,engaged_2121.jpg,val,engaged,4,4
confused_4147.jpg,train,confused,engaged_2136.jpg,val,engaged,4,4
confused_4147.jpg,train,confused,engaged_2166.jpg,val,engaged,4,4
confused_4147.jpg,train,confused,engaged_2172.jpg,val,engaged,4,4
confused_4147.jpg,train,confused,engaged_2213.jpg,val,engaged,4,4
confused_4147.jpg,train,confused,frustrated_9798.jpg,val,frustrated,5,4
confused_4153.jpg,train,confused,confused_4212.jpg,val,confused,4,4
confused_4153.jpg,train,confused,engaged_1775.jpg,val,engaged,3,4
confused_4153.jpg,train,confused,engaged_1779.jpg,val,engaged,3,4
confused_4153.jpg,train,confused,engaged_1836.jpg,val,engaged,4,4
confused_4153.jpg,train,confused,engaged_1867.jpg,val,engaged,3,4
confused_4153.jpg,train,confused,engaged_1979.jpg,val,engaged,3,4
confused_4153.jpg,train,confused,engaged_2045.jpg,val,engaged,3,4
confused_4153.jpg,train,confused,engaged_2079.jpg,val,engaged,4,4
confused_4153.jpg,train,confused,engaged_2080.jpg,val,engaged,4,4
confused_4153.jpg,train,confused,engaged_2086.jpg,val,engaged,4,4
confused_4153.jpg,train,confused,engaged_2096.jpg,val,engaged,4,4
confused_4153.jpg,train,confused,engaged_2103.jpg,val,engaged,4,4
confused_4153.jpg,train,confused,engaged_2121.jpg,val,engaged,4,4
confused_4153.jpg,train,confused,engaged_2136.jpg,val,engaged,4,4
confused_4153.jpg,train,confused,engaged_2166.jpg,val,engaged,4,4
confused_4153.jpg,train,confused,engaged_2172.jpg,val,engaged,4,4
confused_4153.jpg,train,confused,engaged_2213.jpg,val,engaged,4,4
confused_4153.jpg,train,confused,frustrated_9798.jpg,val,frustrated,5,4
confused_4207.jpg,train,confused,confused_4212.jpg,val,confused,0,2
confused_4217.jpg,train,confused,confused_4212.jpg,val,confused,0,0
confused_4217.jpg,train,confused,engaged_1775.jpg,val,engaged,5,6
confused_4217.jpg,train,confused,engaged_1779.jpg,val,engaged,5,6
confused_4217.jpg,train,confused,engaged_1867.jpg,val,engaged,5,6
confused_4217.jpg,train,confused,engaged_1979.jpg,val,engaged,5,6
confused_4217.jpg,train,confused,engaged_2045.jpg,val,engaged,5,6
confused_4229.jpg,train,confused,confused_4212.jpg,val,confused,0,0
confused_4229.jpg,train,confused,engaged_1775.jpg,val,engaged,5,6
confused_4229.jpg,train,confused,engaged_1779.jpg,val,engaged,5,6
confused_4229.jpg,train,confused,engaged_1867.jpg,val,engaged,5,6
confused_4229.jpg,train,confused,engaged_1979.jpg,val,engaged,5,6
confused_4229.jpg,train,confused,engaged_2045.jpg,val,engaged,5,6
confused_4234.jpg,train,confused,confused_4212.jpg,val,confused,1,2
confused_4234.jpg,train,confused,engaged_1775.jpg,val,engaged,4,6
confused_4234.jpg,train,confused,engaged_1779.jpg,val,engaged,4,6
confused_4234.jpg,train,confused,engaged_1836.jpg,val,engaged,5,6
confused_4234.jpg,train,confused,engaged_1867.jpg,val,engaged,4,6
confused_4234.jpg,train,confused,engaged_1979.jpg,val,engaged,4,6
confused_4234.jpg,train,confused,engaged_2045.jpg,val,engaged,4,6
confused_4234.jpg,train,confused,engaged_2079.jpg,val,engaged,5,6
confused_4234.jpg,train,confused,engaged_2080.jpg,val,engaged,5,6
confused_4234.jpg,train,confused,engaged_2086.jpg,val,engaged,5,6
confused_4234.jpg,train,confused,engaged_2096.jpg,val,engaged,5,6
confused_4234.jpg,train,confused,engaged_2103.jpg,val,engaged,5,6
confused_4234.jpg,train,confused,engaged_2121.jpg,val,engaged,5,6
confused_4234.jpg,train,confused,engaged_2136.jpg,val,engaged,5,6
confused_4234.jpg,train,confused,engaged_2166.jpg,val,engaged,5,6
confused_4234.jpg,train,confused,engaged_2172.jpg,val,engaged,5,6
confused_4234.jpg,train,confused,engaged_2213.jpg,val,engaged,5,6
confused_4239.jpg,train,confused,confused_4212.jpg,val,confused,2,4
confused_4239.jpg,train,confused,engaged_1775.jpg,val,engaged,3,4
confused_4239.jpg,train,confused,engaged_1779.jpg,val,engaged,3,4
confused_4239.jpg,train,confused,engaged_1836.jpg,val,engaged,4,4
confused_4239.jpg,train,confused,engaged_1867.jpg,val,engaged,3,4
confused_4239.jpg,train,confused,engaged_1979.jpg,val,engaged,3,4
confused_4239.jpg,train,confused,engaged_2045.jpg,val,engaged,3,4
confused_4239.jpg,train,confused,engaged_2079.jpg,val,engaged,4,4
confused_4239.jpg,train,confused,engaged_2080.jpg,val,engaged,4,4
confused_4239.jpg,train,confused,engaged_2086.jpg,val,engaged,4,4
confused_4239.jpg,train,confused,engaged_2096.jpg,val,engaged,4,4
confused_4239.jpg,train,confused,engaged_2103.jpg,val,engaged,4,4
confused_4239.jpg,train,confused,engaged_2121.jpg,val,engaged,4,4
confused_4239.jpg,train,confused,engaged_2136.jpg,val,engaged,4,4
confused_4239.jpg,train,confused,engaged_2166.jpg,val,engaged,4,4
confused_4239.jpg,train,confused,engaged_2172.jpg,val,engaged,4,4
confused_4239.jpg,train,confused,engaged_2213.jpg,val,engaged,4,4
confused_4239.jpg,train,confused,frustrated_9798.jpg,val,frustrated,5,4
confused_4253.jpg,train,confused,confused_4212.jpg,val,confused,3,4
confused_4253.jpg,train,confused,engaged_1775.jpg,val,engaged,2,4
confused_4253.jpg,train,confused,engaged_1779.jpg,val,engaged,2,4
confused_4253.jpg,train,confused,engaged_1836.jpg,val,engaged,3,4
confused_4253.jpg,train,confused,engaged_1867.jpg,val,engaged,2,4
confused_4253.jpg,train,confused,engaged_1979.jpg,val,engaged,2,4
confused_4253.jpg,train,confused,engaged_2045.jpg,val,engaged,2,4
confused_4253.jpg,train,confused,engaged_2079.jpg,val,engaged,3,4
confused_4253.jpg,train,confused,engaged_2080.jpg,val,engaged,3,4
confused_4253.jpg,train,confused,engaged_2086.jpg,val,engaged,3,4
confused_4253.jpg,train,confused,engaged_2096.jpg,val,engaged,3,4
confused_4253.jpg,train,confused,engaged_2103.jpg,val,engaged,3,4
confused_4253.jpg,train,confused,engaged_2121.jpg,val,engaged,3,4
confused_4253.jpg,train,confused,engaged_2136.jpg,val,engaged,3,4
confused_4253.jpg,train,confused,engaged_2166.jpg,val,engaged,3,4
confused_4253.jpg,train,confused,engaged_2172.jpg,val,engaged,3,4
confused_4253.jpg,train,confused,engaged_2213.jpg,val,engaged,3,4
confused_4253.jpg,train,confused,frustrated_9798.jpg,val,frustrated,4,4
confused_4414.jpg,train,confused,bored_4782.jpg,val,engaged,4,2
confused_4414.jpg,train,confused,bored_4839.jpg,val,bored,3,4
confused_4519.jpg,train,confused,engaged_1775.jpg,val,engaged,2,4
confused_4519.jpg,train,confused,engaged_1779.jpg,val,engaged,2,4
confused_4519.jpg,train,confused,engaged_1836.jpg,val,engaged,1,4
confused_4519.jpg,train,confused,engaged_1867.jpg,val,engaged,2,4
confused_4519.jpg,train,confused,engaged_1979.jpg,val,engaged,2,4
confused_4519.jpg,train,confused,engaged_2045.jpg,val,engaged,2,4
confused_4519.jpg,train,confused,engaged_2079.jpg,val,engaged,1,4
confused_4519.jpg,train,confused,engaged_2080.jpg,val,engaged,1,4
confused_4519.jpg,train,confused,engaged_2086.jpg,val,engaged,1,4
confused_4519.jpg,train,confused,engaged_2096.jpg,val,engaged,1,4
confused_4519.jpg,train,confused,engaged_2103.jpg,val,engaged,1,4
confused_4519.jpg,train,confused,engaged_2121.jpg,val,engaged,1,4
confused_4519.jpg,train,confused,engaged_2136.jpg,val,engaged,1,4
confused_4519.jpg,train,confused,engaged_2166.jpg,val,engaged,1,4
confused_4519.jpg,train,confused,engaged_2172.jpg,val,engaged,1,4
confused_4519.jpg,train,confused,engaged_2213.jpg,val,engaged,1,4
confused_4519.jpg,train,confused,frustrated_9411.jpg,val,frustrated,5,6
confused_4519.jpg,train,confused,frustrated_9798.jpg,val,frustrated,2,6
confused_4523.jpg,train,confused,engaged_1775.jpg,val,engaged,2,4
confused_4523.jpg,train,confused,engaged_1779.jpg,val,engaged,2,4
confused_4523.jpg,train,confused,engaged_1836.jpg,val,engaged,1,4
confused_4523.jpg,train,confused,engaged_1867.jpg,val,engaged,2,4
confused_4523.jpg,train,confused,engaged_1979.jpg,val,engaged,2,4
confused_4523.jpg,train,confused,engaged_2045.jpg,val,engaged,2,4
confused_4523.jpg,train,confused,engaged_2079.jpg,val,engaged,1,4
confused_4523.jpg,train,confused,engaged_2080.jpg,val,engaged,1,4
confused_4523.jpg,train,confused,engaged_2086.jpg,val,engaged,1,4
confused_4523.jpg,train,confused,engaged_2096.jpg,val,engaged,1,4
confused_4523.jpg,train,confused,engaged_2103.jpg,val,engaged,1,4
confused_4523.jpg,train,confused,engaged_2121.jpg,val,engaged,1,4
confused_4523.jpg,train,confused,engaged_2136.jpg,val,engaged,1,4
confused_4523.jpg,train,confused,engaged_2166.jpg,val,engaged,1,4
confused_4523.jpg,train,confused,engaged_2172.jpg,val,engaged,1,4
confused_4523.jpg,train,confused,engaged_2213.jpg,val,engaged,1,4
confused_4523.jpg,train,confused,frustrated_9411.jpg,val,frustrated,5,6
confused_4523.jpg,train,confused,frustrated_9798.jpg,val,frustrated,2,6
confused_4527.jpg,train,confused,engaged_1775.jpg,val,engaged,2,4
confused_4527.jpg,train,confused,engaged_1779.jpg,val,engaged,2,4
confused_4527.jpg,train,confused,engaged_1836.jpg,val,engaged,1,4
confused_4527.jpg,train,confused,engaged_1867.jpg,val,engaged,2,4
confused_4527.jpg,train,confused,engaged_1979.jpg,val,engaged,2,4
confused_4527.jpg,train,confused,engaged_2045.jpg,val,engaged,2,4
confused_4527.jpg,train,confused,engaged_2079.jpg,val,engaged,1,4
confused_4527.jpg,train,confused,engaged_2080.jpg,val,engaged,1,4
confused_4527.jpg,train,confused,engaged_2086.jpg,val,engaged,1,4
confused_4527.jpg,train,confused,engaged_2096.jpg,val,engaged,1,4
confused_4527.jpg,train,confused,engaged_2103.jpg,val,engaged,1,4
confused_4527.jpg,train,confused,engaged_2121.jpg,val,engaged,1,4
confused_4527.jpg,train,confused,engaged_2136.jpg,val,engaged,1,4
confused_4527.jpg,train,confused,engaged_2166.jpg,val,engaged,1,4
confused_4527.jpg,train,confused,engaged_2172.jpg,val,engaged,1,4
confused_4527.jpg,train,confused,engaged_2213.jpg,val,engaged,1,4
confused_4527.jpg,train,confused,frustrated_9411.jpg,val,frustrated,5,6
confused_4527.jpg,train,confused,frustrated_9798.jpg,val,frustrated,2,6
confused_4532.jpg,train,confused,engaged_1775.jpg,val,engaged,2,4
confused_4532.jpg,train,confused,engaged_1779.jpg,val,engaged,2,4
confused_4532.jpg,train,confused,engaged_1836.jpg,val,engaged,1,4
confused_4532.jpg,train,confused,engaged_1867.jpg,val,engaged,2,4
confused_4532.jpg,train,confused,engaged_1979.jpg,val,engaged,2,4
confused_4532.jpg,train,confused,engaged_2045.jpg,val,engaged,2,4
confused_4532.jpg,train,confused,engaged_2079.jpg,val,engaged,1,4
confused_4532.jpg,train,confused,engaged_2080.jpg,val,engaged,1,4
confused_4532.jpg,train,confused,engaged_2086.jpg,val,engaged,1,4
confused_4532.jpg,train,confused,engaged_2096.jpg,val,engaged,1,4
confused_4532.jpg,train,confused,engaged_2103.jpg,val,engaged,1,4
confused_4532.jpg,train,confused,engaged_2121.jpg,val,engaged,1,4
confused_4532.jpg,train,confused,engaged_2136.jpg,val,engaged,1,4
confused_4532.jpg,train,confused,engaged_2166.jpg,val,engaged,1,4
confused_4532.jpg,train,confused,engaged_2172.jpg,val,engaged,1,4
confused_4532.jpg,train,confused,engaged_2213.jpg,val,engaged,1,4
confused_4532.jpg,train,confused,frustrated_9411.jpg,val,frustrated,5,6
confused_4532.jpg,train,confused,frustrated_9798.jpg,val,frustrated,2,6
confused_4536.jpg,train,confused,engaged_1775.jpg,val,engaged,2,4
confused_4536.jpg,train,confused,engaged_1779.jpg,val,engaged,2,4
confused_4536.jpg,train,confused,engaged_1836.jpg,val,engaged,1,4
confused_4536.jpg,train,confused,engaged_1867.jpg,val,engaged,2,4
confused_4536.jpg,train,confused,engaged_1979.jpg,val,engaged,2,4
confused_4536.jpg,train,confused,engaged_2045.jpg,val,engaged,2,4
confused_4536.jpg,train,confused,engaged_2079.jpg,val,engaged,1,4
confused_4536.jpg,train,confused,engaged_2080.jpg,val,engaged,1,4
confused_4536.jpg,train,confused,engaged_2086.jpg,val,engaged,1,4
confused_4536.jpg,train,confused,engaged_2096.jpg,val,engaged,1,4
confused_4536.jpg,train,confused,engaged_2103.jpg,val,engaged,1,4
confused_4536.jpg,train,confused,engaged_2121.jpg,val,engaged,1,4
confused_4536.jpg,train,confused,engaged_2136.jpg,val,engaged,1,4
confused_4536.jpg,train,confused,engaged_2166.jpg,val,engaged,1,4
confused_4536.jpg,train,confused,engaged_2172.jpg,val,engaged,1,4
confused_4536.jpg,train,confused,engaged_2213.jpg,val,engaged,1,4
confused_4536.jpg,train,confused,frustrated_9411.jpg,val,frustrated,5,6
confused_4536.jpg,train,confused,frustrated_9798.jpg,val,frustrated,2,6
confused_4540.jpg,train,confused,engaged_1775.jpg,val,engaged,2,4
confused_4540.jpg,train,confused,engaged_1779.jpg,val,engaged,2,4
confused_4540.jpg,train,confused,engaged_1836.jpg,val,engaged,1,4
confused_4540.jpg,train,confused,engaged_1867.jpg,val,engaged,2,4
confused_4540.jpg,train,confused,engaged_1979.jpg,val,engaged,2,4
confused_4540.jpg,train,confused,engaged_2045.jpg,val,engaged,2,4
confused_4540.jpg,train,confused,engaged_2079.jpg,val,engaged,1,4
confused_4540.jpg,train,confused,engaged_2080.jpg,val,engaged,1,4
confused_4540.jpg,train,confused,engaged_2086.jpg,val,engaged,1,4
confused_4540.jpg,train,confused,engaged_2096.jpg,val,engaged,1,4
confused_4540.jpg,train,confused,engaged_2103.jpg,val,engaged,1,4
confused_4540.jpg,train,confused,engaged_2121.jpg,val,engaged,1,4
confused_4540.jpg,train,confused,engaged_2136.jpg,val,engaged,1,4
confused_4540.jpg,train,confused,engaged_2166.jpg,val,engaged,1,4
confused_4540.jpg,train,confused,engaged_2172.jpg,val,engaged,1,4
confused_4540.jpg,train,confused,engaged_2213.jpg,val,engaged,1,4
confused_4540.jpg,train,confused,frustrated_9411.jpg,val,frustrated,5,6
confused_4540.jpg,train,confused,frustrated_9798.jpg,val,frustrated,2,6
confused_4544.jpg,train,confused,engaged_1775.jpg,val,engaged,2,4
confused_4544.jpg,train,confused,engaged_1779.jpg,val,engaged,2,4
confused_4544.jpg,train,confused,engaged_1836.jpg,val,engaged,1,4
confused_4544.jpg,train,confused,engaged_1867.jpg,val,engaged,2,4
confused_4544.jpg,train,confused,engaged_1979.jpg,val,engaged,2,4
confused_4544.jpg,train,confused,engaged_2045.jpg,val,engaged,2,4
confused_4544.jpg,train,confused,engaged_2079.jpg,val,engaged,1,4
confused_4544.jpg,train,confused,engaged_2080.jpg,val,engaged,1,4
confused_4544.jpg,train,confused,engaged_2086.jpg,val,engaged,1,4
confused_4544.jpg,train,confused,engaged_2096.jpg,val,engaged,1,4
confused_4544.jpg,train,confused,engaged_2103.jpg,val,engaged,1,4
confused_4544.jpg,train,confused,engaged_2121.jpg,val,engaged,1,4
confused_4544.jpg,train,confused,engaged_2136.jpg,val,engaged,1,4
confused_4544.jpg,train,confused,engaged_2166.jpg,val,engaged,1,4
confused_4544.jpg,train,confused,engaged_2172.jpg,val,engaged,1,4
confused_4544.jpg,train,confused,engaged_2213.jpg,val,engaged,1,4
confused_4544.jpg,train,confused,frustrated_9411.jpg,val,frustrated,5,6
confused_4544.jpg,train,confused,frustrated_9798.jpg,val,frustrated,2,6
confused_4563.jpg,train,confused,engaged_1775.jpg,val,engaged,2,4
confused_4563.jpg,train,confused,engaged_1779.jpg,val,engaged,2,4
confused_4563.jpg,train,confused,engaged_1836.jpg,val,engaged,1,4
confused_4563.jpg,train,confused,engaged_1867.jpg,val,engaged,2,4
confused_4563.jpg,train,confused,engaged_1979.jpg,val,engaged,2,4
confused_4563.jpg,train,confused,engaged_2045.jpg,val,engaged,2,4
confused_4563.jpg,train,confused,engaged_2079.jpg,val,engaged,1,4
confused_4563.jpg,train,confused,engaged_2080.jpg,val,engaged,1,4
confused_4563.jpg,train,confused,engaged_2086.jpg,val,engaged,1,4
confused_4563.jpg,train,confused,engaged_2096.jpg,val,engaged,1,4
confused_4563.jpg,train,confused,engaged_2103.jpg,val,engaged,1,4
confused_4563.jpg,train,confused,engaged_2121.jpg,val,engaged,1,4
confused_4563.jpg,train,confused,engaged_2136.jpg,val,engaged,1,4
confused_4563.jpg,train,confused,engaged_2166.jpg,val,engaged,1,4
confused_4563.jpg,train,confused,engaged_2172.jpg,val,engaged,1,4
confused_4563.jpg,train,confused,engaged_2213.jpg,val,engaged,1,4
confused_4563.jpg,train,confused,frustrated_9411.jpg,val,frustrated,5,6
confused_4563.jpg,train,confused,frustrated_9798.jpg,val,frustrated,2,6
confused_4568.jpg,train,confused,engaged_1775.jpg,val,engaged,2,4
confused_4568.jpg,train,confused,engaged_1779.jpg,val,engaged,2,4
confused_4568.jpg,train,confused,engaged_1836.jpg,val,engaged,1,4
confused_4568.jpg,train,confused,engaged_1867.jpg,val,engaged,2,4
confused_4568.jpg,train,confused,engaged_1979.jpg,val,engaged,2,4
confused_4568.jpg,train,confused,engaged_2045.jpg,val,engaged,2,4
confused_4568.jpg,train,confused,engaged_2079.jpg,val,engaged,1,4
confused_4568.jpg,train,confused,engaged_2080.jpg,val,engaged,1,4
confused_4568.jpg,train,confused,engaged_2086.jpg,val,engaged,1,4
confused_4568.jpg,train,confused,engaged_2096.jpg,val,engaged,1,4
confused_4568.jpg,train,confused,engaged_2103.jpg,val,engaged,1,4
confused_4568.jpg,train,confused,engaged_2121.jpg,val,engaged,1,4
confused_4568.jpg,train,confused,engaged_2136.jpg,val,engaged,1,4
confused_4568.jpg,train,confused,engaged_2166.jpg,val,engaged,1,4
confused_4568.jpg,train,confused,engaged_2172.jpg,val,engaged,1,4
confused_4568.jpg,train,confused,engaged_2213.jpg,val,engaged,1,4
confused_4568.jpg,train,confused,frustrated_9411.jpg,val,frustrated,5,6
confused_4568.jpg,train,confused,frustrated_9798.jpg,val,frustrated,2,6
confused_4573.jpg,train,confused,engaged_1775.jpg,val,engaged,2,4
confused_4573.jpg,train,confused,engaged_1779.jpg,val,engaged,2,4
confused_4573.jpg,train,confused,engaged_1836.jpg,val,engaged,1,4
confused_4573.jpg,train,confused,engaged_1867.jpg,val,engaged,2,4
confused_4573.jpg,train,confused,engaged_1979.jpg,val,engaged,2,4
confused_4573.jpg,train,confused,engaged_2045.jpg,val,engaged,2,4
confused_4573.jpg,train,confused,engaged_2079.jpg,val,engaged,1,4
confused_4573.jpg,train,confused,engaged_2080.jpg,val,engaged,1,4
confused_4573.jpg,train,confused,engaged_2086.jpg,val,engaged,1,4
confused_4573.jpg,train,confused,engaged_2096.jpg,val,engaged,1,4
confused_4573.jpg,train,confused,engaged_2103.jpg,val,engaged,1,4
confused_4573.jpg,train,confused,engaged_2121.jpg,val,engaged,1,4
confused_4573.jpg,train,confused,engaged_2136.jpg,val,engaged,1,4
confused_4573.jpg,train,confused,engaged_2166.jpg,val,engaged,1,4
confused_4573.jpg,train,confused,engaged_2172.jpg,val,engaged,1,4
confused_4573.jpg,train,confused,engaged_2213.jpg,val,engaged,1,4
confused_4573.jpg,train,confused,frustrated_9411.jpg,val,frustrated,5,6
confused_4573.jpg,train,confused,frustrated_9798.jpg,val,frustrated,2,6
confused_4578.jpg,train,confused,engaged_1775.jpg,val,engaged,2,4
confused_4578.jpg,train,confused,engaged_1779.jpg,val,engaged,2,4
confused_4578.jpg,train,confused,engaged_1836.jpg,val,engaged,1,4
confused_4578.jpg,train,confused,engaged_1867.jpg,val,engaged,2,4
confused_4578.jpg,train,confused,engaged_1979.jpg,val,engaged,2,4
confused_4578.jpg,train,confused,engaged_2045.jpg,val,engaged,2,4
confused_4578.jpg,train,confused,engaged_2079.jpg,val,engaged,1,4
confused_4578.jpg,train,confused,engaged_2080.jpg,val,engaged,1,4
confused_4578.jpg,train,confused,engaged_2086.jpg,val,engaged,1,4
confused_4578.jpg,train,confused,engaged_2096.jpg,val,engaged,1,4
confused_4578.jpg,train,confused,engaged_2103.jpg,val,engaged,1,4
confused_4578.jpg,train,confused,engaged_2121.jpg,val,engaged,1,4
confused_4578.jpg,train,confused,engaged_2136.jpg,val,engaged,1,4
confused_4578.jpg,train,confused,engaged_2166.jpg,val,engaged,1,4
confused_4578.jpg,train,confused,engaged_2172.jpg,val,engaged,1,4
confused_4578.jpg,train,confused,engaged_2213.jpg,val,engaged,1,4
confused_4578.jpg,train,confused,frustrated_9411.jpg,val,frustrated,5,6
confused_4578.jpg,train,confused,frustrated_9798.jpg,val,frustrated,2,6
confused_4584.jpg,train,confused,engaged_1775.jpg,val,engaged,2,4
confused_4584.jpg,train,confused,engaged_1779.jpg,val,engaged,2,4
confused_4584.jpg,train,confused,engaged_1836.jpg,val,engaged,1,4
confused_4584.jpg,train,confused,engaged_1867.jpg,val,engaged,2,4
confused_4584.jpg,train,confused,engaged_1979.jpg,val,engaged,2,4
confused_4584.jpg,train,confused,engaged_2045.jpg,val,engaged,2,4
confused_4584.jpg,train,confused,engaged_2079.jpg,val,engaged,1,4
confused_4584.jpg,train,confused,engaged_2080.jpg,val,engaged,1,4
confused_4584.jpg,train,confused,engaged_2086.jpg,val,engaged,1,4
confused_4584.jpg,train,confused,engaged_2096.jpg,val,engaged,1,4
confused_4584.jpg,train,confused,engaged_2103.jpg,val,engaged,1,4
confused_4584.jpg,train,confused,engaged_2121.jpg,val,engaged,1,4
confused_4584.jpg,train,confused,engaged_2136.jpg,val,engaged,1,4
confused_4584.jpg,train,confused,engaged_2166.jpg,val,engaged,1,4
confused_4584.jpg,train,confused,engaged_2172.jpg,val,engaged,1,4
confused_4584.jpg,train,confused,engaged_2213.jpg,val,engaged,1,4
confused_4584.jpg,train,confused,frustrated_9411.jpg,val,frustrated,5,6
confused_4584.jpg,train,confused,frustrated_9798.jpg,val,frustrated,2,6
confused_4697.jpg,train,confused,confused_3887.jpg,val,confused,2,6
confused_4697.jpg,train,confused,engaged_1376.jpg,val,engaged,5,6
confused_4697.jpg,train,confused,engaged_1405.jpg,val,engaged,5,6
confused_4697.jpg,train,confused,engaged_15057.jpg,val,engaged,5,6
confused_4701.jpg,train,confused,confused_3887.jpg,val,confused,1,6
confused_4701.jpg,train,confused,engaged_1376.jpg,val,engaged,4,6
confused_4701.jpg,train,confused,engaged_1405.jpg,val,engaged,4,6
confused_4701.jpg,train,confused,engaged_15057.jpg,val,engaged,4,6
confused_4706.jpg,train,confused,confused_3887.jpg,val,confused,2,6
confused_4706.jpg,train,confused,engaged_1376.jpg,val,engaged,5,6
confused_4706.jpg,train,confused,engaged_1405.jpg,val,engaged,5,6
confused_4706.jpg,train,confused,engaged_15057.jpg,val,engaged,5,6
confused_4711.jpg,train,confused,confused_3887.jpg,val,confused,2,6
confused_4711.jpg,train,confused,engaged_1376.jpg,val,engaged,5,6
confused_4711.jpg,train,confused,engaged_1405.jpg,val,engaged,5,6
confused_4711.jpg,train,confused,engaged_15057.jpg,val,engaged,5,6
confused_4716.jpg,train,confused,confused_3887.jpg,val,confused,2,6
confused_4716.jpg,train,confused,engaged_1376.jpg,val,engaged,5,6
confused_4716.jpg,train,confused,engaged_1405.jpg,val,engaged,5,6
confused_4716.jpg,train,confused,engaged_15057.jpg,val,engaged,5,6
confused_4721.jpg,train,confused,confused_3887.jpg,val,confused,2,6
confused_4721.jpg,train,confused,engaged_1376.jpg,val,engaged,5,6
confused_4721.jpg,train,confused,engaged_1405.jpg,val,engaged,5,6
confused_4721.jpg,train,confused,engaged_15057.jpg,val,engaged,5,6
confused_4726.jpg,train,confused,confused_3887.jpg,val,confused,1,6
confused_4726.jpg,train,confused,engaged_1376.jpg,val,engaged,4,6
confused_4726.jpg,train,confused,engaged_1405.jpg,val,engaged,4,6
confused_4726.jpg,train,confused,engaged_15057.jpg,val,engaged,4,6
confused_4730.jpg,train,confused,confused_3887.jpg,val,confused,2,6
confused_4730.jpg,train,confused,engaged_1376.jpg,val,engaged,5,6
confused_4730.jpg,train,confused,engaged_1405.jpg,val,engaged,5,6
confused_4730.jpg,train,confused,engaged_15057.jpg,val,engaged,5,6
confused_4739.jpg,train,confused,engaged_1775.jpg,val,engaged,4,6
confused_4739.jpg,train,confused,engaged_1779.jpg,val,engaged,4,6
confused_4739.jpg,train,confused,engaged_1836.jpg,val,engaged,3,6
confused_4739.jpg,train,confused,engaged_1867.jpg,val,engaged,4,6
confused_4739.jpg,train,confused,engaged_1979.jpg,val,engaged,4,6
confused_4739.jpg,train,confused,engaged_2045.jpg,val,engaged,4,6
confused_4739.jpg,train,confused,engaged_2079.jpg,val,engaged,3,6
confused_4739.jpg,train,confused,engaged_2080.jpg,val,engaged,3,6
confused_4739.jpg,train,confused,engaged_2086.jpg,val,engaged,3,6
confused_4739.jpg,train,confused,engaged_2096.jpg,val,engaged,3,6
confused_4739.jpg,train,confused,engaged_2103.jpg,val,engaged,3,6
confused_4739.jpg,train,confused,engaged_2121.jpg,val,engaged,3,6
confused_4739.jpg,train,confused,engaged_2136.jpg,val,engaged,3,6
confused_4739.jpg,train,confused,engaged_2166.jpg,val,engaged,3,6
confused_4739.jpg,train,confused,engaged_2172.jpg,val,engaged,3,6
confused_4739.jpg,train,confused,engaged_2213.jpg,val,engaged,3,6
confused_695.jpg,train,confused,engaged_412.jpg,val,engaged,0,6
confused_695.jpg,train,confused,engaged_430.jpg,val,engaged,0,6
confused_780.jpg,train,confused,engaged_412.jpg,val,engaged,1,2
confused_780.jpg,train,confused,engaged_430.jpg,val,engaged,1,2
confused_8595.jpg,train,confused,confused_8629.jpg,val,confused,0,0
confused_8595.jpg,train,confused,confused_8753.jpg,val,confused,1,4
confused_8698.jpg,train,confused,confused_8629.jpg,val,confused,1,4
confused_8698.jpg,train,confused,confused_8753.jpg,val,confused,0,0
confused_8743.jpg,train,confused,confused_8629.jpg,val,confused,1,4
confused_8743.jpg,train,confused,confused_8753.jpg,val,confused,0,0
confused_8748.jpg,train,confused,confused_8629.jpg,val,confused,1,4
confused_8748.jpg,train,confused,confused_8753.jpg,val,confused,0,0
confused_8778.jpg,train,confused,confused_8629.jpg,val,confused,1,4
confused_8778.jpg,train,confused,confused_8753.jpg,val,confused,0,0
engaged_1327.jpg,train,engaged,engaged_1314.jpg,val,engaged,0,0
engaged_1327.jpg,train,engaged,engaged_1343.jpg,val,engaged,0,0
engaged_1327.jpg,train,engaged,engaged_1347.jpg,val,engaged,0,0
engaged_1327.jpg,train,engaged,engaged_1376.jpg,val,engaged,0,2
engaged_1327.jpg,train,engaged,engaged_1405.jpg,val,engaged,0,2
engaged_1327.jpg,train,engaged,engaged_15057.jpg,val,engaged,0,6
engaged_1327.jpg,train,engaged,engaged_817.jpg,val,engaged,2,2
engaged_133.jpg,train,engaged,engaged_176.jpg,val,engaged,5,4
engaged_1330.jpg,train,engaged,engaged_1299.jpg,val,engaged,3,0
engaged_1339.jpg,train,engaged,engaged_1314.jpg,val,engaged,0,0
engaged_1339.jpg,train,engaged,engaged_1343.jpg,val,engaged,0,0
engaged_1339.jpg,train,engaged,engaged_1347.jpg,val,engaged,0,0
engaged_1339.jpg,train,engaged,engaged_1376.jpg,val,engaged,0,2
engaged_1339.jpg,train,engaged,engaged_1405.jpg,val,engaged,0,2
engaged_1339.jpg,train,engaged,engaged_15057.jpg,val,engaged,0,6
engaged_1339.jpg,train,engaged,engaged_817.jpg,val,engaged,2,2
engaged_1377.jpg,train,engaged,confused_3887.jpg,val,confused,3,6
engaged_1377.jpg,train,engaged,engaged_1314.jpg,val,engaged,0,2
engaged_1377.jpg,train,engaged,engaged_1343.jpg,val,engaged,0,2
engaged_1377.jpg,train,engaged,engaged_1347.jpg,val,engaged,0,2
engaged_1377.jpg,train,engaged,engaged_1376.jpg,val,engaged,0,0
engaged_1377.jpg,train,engaged,engaged_1405.jpg,val,engaged,0,0
engaged_1377.jpg,train,engaged,engaged_15057.jpg,val,engaged,0,4
engaged_1377.jpg,train,engaged,engaged_817.jpg,val,engaged,2,4
engaged_1379.jpg,train,engaged,confused_3887.jpg,val,confused,3,6
engaged_1379.jpg,train,engaged,engaged_1314.jpg,val,engaged,0,2
engaged_1379.jpg,train,engaged,engaged_1343.jpg,val,engaged,0,2
engaged_1379.jpg,train,engaged,engaged_1347.jpg,val,engaged,0,2
engaged_1379.jpg,train,engaged,engaged_1376.jpg,val,engaged,0,0
engaged_1379.jpg,train,engaged,engaged_1405.jpg,val,engaged,0,0
engaged_1379.jpg,train,engaged,engaged_15057.jpg,val,engaged,0,4
engaged_1379.jpg,train,engaged,engaged_817.jpg,val,engaged,2,4
engaged_1386.jpg,train,engaged,confused_3887.jpg,val,confused,3,6
engaged_1386.jpg,train,engaged,engaged_1314.jpg,val,engaged,0,2
engaged_1386.jpg,train,engaged,engaged_1343.jpg,val,engaged,0,2
engaged_1386.jpg,train,engaged,engaged_1347.jpg,val,engaged,0,2
engaged_1386.jpg,train,engaged,engaged_1376.jpg,val,engaged,0,0
engaged_1386.jpg,train,engaged,engaged_1405.jpg,val,engaged,0,0
engaged_1386.jpg,train,engaged,engaged_15057.jpg,val,engaged,0,4
engaged_1386.jpg,train,engaged,engaged_817.jpg,val,engaged,2,4
engaged_1387.jpg,train,engaged,confused_3887.jpg,val,confused,3,6
engaged_1387.jpg,train,engaged,engaged_1314.jpg,val,engaged,0,2
engaged_1387.jpg,train,engaged,engaged_1343.jpg,val,engaged,0,2
engaged_1387.jpg,train,engaged,engaged_1347.jpg,val,engaged,0,2
engaged_1387.jpg,train,engaged,engaged_1376.jpg,val,engaged,0,0
engaged_1387.jpg,train,engaged,engaged_1405.jpg,val,engaged,0,0
engaged_1387.jpg,train,engaged,engaged_15057.jpg,val,engaged,0,4
engaged_1387.jpg,train,engaged,engaged_817.jpg,val,engaged,2,4
engaged_1388.jpg,train,engaged,confused_3887.jpg,val,confused,3,6
engaged_1388.jpg,train,engaged,engaged_1314.jpg,val,engaged,0,2
engaged_1388.jpg,train,engaged,engaged_1343.jpg,val,engaged,0,2
engaged_1388.jpg,train,engaged,engaged_1347.jpg,val,engaged,0,2
engaged_1388.jpg,train,engaged,engaged_1376.jpg,val,engaged,0,0
engaged_1388.jpg,train,engaged,engaged_1405.jpg,val,engaged,0,0
engaged_1388.jpg,train,engaged,engaged_15057.jpg,val,engaged,0,4
engaged_1388.jpg,train,engaged,engaged_817.jpg,val,engaged,2,4
engaged_1389.jpg,train,engaged,confused_3887.jpg,val,confused,3,6
engaged_1389.jpg,train,engaged,engaged_1314.jpg,val,engaged,0,2
engaged_1389.jpg,train,engaged,engaged_1343.jpg,val,engaged,0,2
engaged_1389.jpg,train,engaged,engaged_1347.jpg,val,engaged,0,2
engaged_1389.jpg,train,engaged,engaged_1376.jpg,val,engaged,0,0
engaged_1389.jpg,train,engaged,engaged_1405.jpg,val,engaged,0,0
engaged_1389.jpg,train,engaged,engaged_15057.jpg,val,engaged,0,4
engaged_1389.jpg,train,engaged,engaged_817.jpg,val,engaged,2,4
engaged_1390.jpg,train,engaged,confused_3887.jpg,val,confused,3,6
engaged_1390.jpg,train,engaged,engaged_1314.jpg,val,engaged,0,2
engaged_1390.jpg,train,engaged,engaged_1343.jpg,val,engaged,0,2
engaged_1390.jpg,train,engaged,engaged_1347.jpg,val,engaged,0,2
engaged_1390.jpg,train,engaged,engaged_1376.jpg,val,engaged,0,0
engaged_1390.jpg,train,engaged,engaged_1405.jpg,val,engaged,0,0
engaged_1390.jpg,train,engaged,engaged_15057.jpg,val,engaged,0,4
engaged_1390.jpg,train,engaged,engaged_817.jpg,val,engaged,2,4
engaged_1391.jpg,train,engaged,confused_3887.jpg,val,confused,3,6
engaged_1391.jpg,train,engaged,engaged_1314.jpg,val,engaged,0,2
engaged_1391.jpg,train,engaged,engaged_1343.jpg,val,engaged,0,2
engaged_1391.jpg,train,engaged,engaged_1347.jpg,val,engaged,0,2
engaged_1391.jpg,train,engaged,engaged_1376.jpg,val,engaged,0,0
engaged_1391.jpg,train,engaged,engaged_1405.jpg,val,engaged,0,0
engaged_1391.jpg,train,engaged,engaged_15057.jpg,val,engaged,0,4
engaged_1391.jpg,train,engaged,engaged_817.jpg,val,engaged,2,4
engaged_1392.jpg,train,engaged,confused_3887.jpg,val,confused,3,6
engaged_1392.jpg,train,engaged,engaged_1314.jpg,val,engaged,0,2
engaged_1392.jpg,train,engaged,engaged_1343.jpg,val,engaged,0,2
engaged_1392.jpg,train,engaged,engaged_1347.jpg,val,engaged,0,2
engaged_1392.jpg,train,engaged,engaged_1376.jpg,val,engaged,0,0
engaged_1392.jpg,train,engaged,engaged_1405.jpg,val,engaged,0,0
engaged_1392.jpg,train,engaged,engaged_15057.jpg,val,engaged,0,4
engaged_1392.jpg,train,engaged,engaged_817.jpg,val,engaged,2,4
engaged_1393.jpg,train,engaged,confused_3887.jpg,val,confused,3,6
engaged_1393.jpg,train,engaged,engaged_1314.jpg,val,engaged,0,2
engaged_1393.jpg,train,engaged,engaged_1343.jpg,val,engaged,0,2
engaged_1393.jpg,train,engaged,engaged_1347.jpg,val,engaged,0,2
engaged_1393.jpg,train,engaged,engaged_1376.jpg,val,engaged,0,0
engaged_1393.jpg,train,engaged,engaged_1405.jpg,val,engaged,0,0
engaged_1393.jpg,train,engaged,engaged_15057.jpg,val,engaged,0,4
engaged_1393.jpg,train,engaged,engaged_817.jpg,val,engaged,2,4
engaged_1404.jpg,train,engaged,confused_3887.jpg,val,confused,3,6
engaged_1404.jpg,train,engaged,engaged_1314.jpg,val,engaged,0,2
engaged_1404.jpg,train,engaged,engaged_1343.jpg,val,engaged,0,2
engaged_1404.jpg,train,engaged,engaged_1347.jpg,val,engaged,0,2
engaged_1404.jpg,train,engaged,engaged_1376.jpg,val,engaged,0,0
engaged_1404.jpg,train,engaged,engaged_1405.jpg,val,engaged,0,0
engaged_1404.jpg,train,engaged,engaged_15057.jpg,val,engaged,0,4
engaged_1404.jpg,train,engaged,engaged_817.jpg,val,engaged,2,4
engaged_1406.jpg,train,engaged,confused_3887.jpg,val,confused,3,6
engaged_1406.jpg,train,engaged,engaged_1314.jpg,val,engaged,0,2
engaged_1406.jpg,train,engaged,engaged_1343.jpg,val,engaged,0,2
engaged_1406.jpg,train,engaged,engaged_1347.jpg,val,engaged,0,2
engaged_1406.jpg,train,engaged,engaged_1376.jpg,val,engaged,0,0
engaged_1406.jpg,train,engaged,engaged_1405.jpg,val,engaged,0,0
engaged_1406.jpg,train,engaged,engaged_15057.jpg,val,engaged,0,4
engaged_1406.jpg,train,engaged,engaged_817.jpg,val,engaged,2,4
engaged_1407.jpg,train,engaged,confused_3887.jpg,val,confused,3,6
engaged_1407.jpg,train,engaged,engaged_1314.jpg,val,engaged,0,2
engaged_1407.jpg,train,engaged,engaged_1343.jpg,val,engaged,0,2
engaged_1407.jpg,train,engaged,engaged_1347.jpg,val,engaged,0,2
engaged_1407.jpg,train,engaged,engaged_1376.jpg,val,engaged,0,0
engaged_1407.jpg,train,engaged,engaged_1405.jpg,val,engaged,0,0
engaged_1407.jpg,train,engaged,engaged_15057.jpg,val,engaged,0,4
engaged_1407.jpg,train,engaged,engaged_817.jpg,val,engaged,2,4
engaged_15068.jpg,train,engaged,confused_3887.jpg,val,confused,3,6
engaged_15068.jpg,train,engaged,engaged_1314.jpg,val,engaged,0,6
engaged_15068.jpg,train,engaged,engaged_1343.jpg,val,engaged,0,6
engaged_15068.jpg,train,engaged,engaged_1347.jpg,val,engaged,0,6
engaged_15068.jpg,train,engaged,engaged_1376.jpg,val,engaged,0,4
engaged_15068.jpg,train,engaged,engaged_1405.jpg,val,engaged,0,4
engaged_15068.jpg,train,engaged,engaged_15057.jpg,val,engaged,0,0
engaged_15068.jpg,train,engaged,frustrated_8926.jpg,val,frustrated,2,6
engaged_15068.jpg,train,engaged,frustrated_8932.jpg,val,frustrated,2,6
engaged_1711.jpg,train,engaged,engaged_1775.jpg,val,engaged,1,4
engaged_1711.jpg,train,engaged,engaged_1779.jpg,val,engaged,1,4
engaged_1711.jpg,train,engaged,engaged_1836.jpg,val,engaged,2,4
engaged_1711.jpg,train,engaged,engaged_1867.jpg,val,engaged,1,4
engaged_1711.jpg,train,engaged,engaged_1979.jpg,val,engaged,1,4
engaged_1711.jpg,train,engaged,engaged_2045.jpg,val,engaged,1,4
engaged_1711.jpg,train,engaged,engaged_2079.jpg,val,engaged,2,4
engaged_1711.jpg,train,engaged,engaged_2080.jpg,val,engaged,2,4
engaged_1711.jpg,train,engaged,engaged_2086.jpg,val,engaged,2,4
engaged_1711.jpg,train,engaged,engaged_2096.jpg,val,engaged,2,4
engaged_1711.jpg,train,engaged,engaged_2103.jpg,val,engaged,2,4
engaged_1711.jpg,train,engaged,engaged_2121.jpg,val,engaged,2,4
engaged_1711.jpg,train,engaged,engaged_2136.jpg,val,engaged,2,4
engaged_1711.jpg,train,engaged,engaged_2166.jpg,val,engaged,2,4
engaged_1711.jpg,train,engaged,engaged_2172.jpg,val,engaged,2,4
engaged_1711.jpg,train,engaged,engaged_2213.jpg,val,engaged,2,4
engaged_1711.jpg,train,engaged,frustrated_9798.jpg,val,frustrated,5,6
engaged_1714.jpg,train,engaged,engaged_1775.jpg,val,engaged,1,4
engaged_1714.jpg,train,engaged,engaged_1779.jpg,val,engaged,1,4
engaged_1714.jpg,train,engaged,engaged_1836.jpg,val,engaged,2,4
engaged_1714.jpg,train,engaged,engaged_1867.jpg,val,engaged,1,4
engaged_1714.jpg,train,engaged,engaged_1979.jpg,val,engaged,1,4
engaged_1714.jpg,train,engaged,engaged_2045.jpg,val,engaged,1,4
engaged_1714.jpg,train,engaged,engaged_2079.jpg,val,engaged,2,4
engaged_1714.jpg,train,engaged,engaged_2080.jpg,val,engaged,2,4
engaged_1714.jpg,train,engaged,engaged_2086.jpg,val,engaged,2,4
engaged_1714.jpg,train,engaged,engaged_2096.jpg,val,engaged,2,4
engaged_1714.jpg,train,engaged,engaged_2103.jpg,val,engaged,2,4
engaged_1714.jpg,train,engaged,engaged_2121.jpg,val,engaged,2,4
engaged_1714.jpg,train,engaged,engaged_2136.jpg,val,engaged,2,4
engaged_1714.jpg,train,engaged,engaged_2166.jpg,val,engaged,2,4
engaged_1714.jpg,train,engaged,engaged_2172.jpg,val,engaged,2,4
engaged_1714.jpg,train,engaged,engaged_2213.jpg,val,engaged,2,4
engaged_1714.jpg,train,engaged,frustrated_9798.jpg,val,frustrated,5,6
engaged_1737.jpg,train,engaged,confused_4212.jpg,val,confused,5,6
engaged_1737.jpg,train,engaged,engaged_1775.jpg,val,engaged,0,2
engaged_1737.jpg,train,engaged,engaged_1779.jpg,val,engaged,0,2
engaged_1737.jpg,train,engaged,engaged_1836.jpg,val,engaged,1,2
engaged_1737.jpg,train,engaged,engaged_1867.jpg,val,engaged,0,2
engaged_1737.jpg,train,engaged,engaged_1979.jpg,val,engaged,0,2
engaged_1737.jpg,train,engaged,engaged_2045.jpg,val,engaged,0,2
engaged_1737.jpg,train,engaged,engaged_2079.jpg,val,engaged,1,2
engaged_1737.jpg,train,engaged,engaged_2080.jpg,val,engaged,1,2
engaged_1737.jpg,train,engaged,engaged_2086.jpg,val,engaged,1,2
engaged_1737.jpg,train,engaged,engaged_2096.jpg,val,engaged,1,2
engaged_1737.jpg,train,engaged,engaged_2103.jpg,val,engaged,1,2
engaged_1737.jpg,train,engaged,engaged_2121.jpg,val,engaged,1,2
engaged_1737.jpg,train,engaged,engaged_2136.jpg,val,engaged,1,2
engaged_1737.jpg,train,engaged,engaged_2166.jpg,val,engaged,1,2
engaged_1737.jpg,train,engaged,engaged_2172.jpg,val,engaged,1,2
engaged_1737.jpg,train,engaged,engaged_2213.jpg,val,engaged,1,2
engaged_1737.jpg,train,engaged,frustrated_9798.jpg,val,frustrated,4,6
engaged_1741.jpg,train,engaged,confused_4212.jpg,val,confused,5,6
engaged_1741.jpg,train,engaged,engaged_1775.jpg,val,engaged,0,0
engaged_1741.jpg,train,engaged,engaged_1779.jpg,val,engaged,0,0
engaged_1741.jpg,train,engaged,engaged_1836.jpg,val,engaged,1,0
engaged_1741.jpg,train,engaged,engaged_1867.jpg,val,engaged,0,0
engaged_1741.jpg,train,engaged,engaged_1979.jpg,val,engaged,0,0
engaged_1741.jpg,train,engaged,engaged_2045.jpg,val,engaged,0,0
engaged_1741.jpg,train,engaged,engaged_2079.jpg,val,engaged,1,0
engaged_1741.jpg,train,engaged,engaged_2080.jpg,val,engaged,1,0
engaged_1741.jpg,train,engaged,engaged_2086.jpg,val,engaged,1,0
engaged_1741.jpg,train,engaged,engaged_2096.jpg,val,engaged,1,0
engaged_1741.jpg,train,engaged,engaged_2103.jpg,val,engaged,1,0
engaged_1741.jpg,train,engaged,engaged_2121.jpg,val,engaged,1,0
engaged_1741.jpg,train,engaged,engaged_2136.jpg,val,engaged,1,0
engaged_1741.jpg,train,engaged,engaged_2166.jpg,val,engaged,1,0
engaged_1741.jpg,train,engaged,engaged_2172.jpg,val,engaged,1,0
engaged_1741.jpg,train,engaged,engaged_2213.jpg,val,engaged,1,0
engaged_1741.jpg,train,engaged,frustrated_9411.jpg,val,frustrated,5,6
engaged_1741.jpg,train,engaged,frustrated_9580.jpg,val,frustrated,5,6
engaged_1741.jpg,train,engaged,frustrated_9798.jpg,val,frustrated,4,6
engaged_1745.jpg,train,engaged,confused_4212.jpg,val,confused,5,6
engaged_1745.jpg,train,engaged,engaged_1775.jpg,val,engaged,0,0
engaged_1745.jpg,train,engaged,engaged_1779.jpg,val,engaged,0,0
engaged_1745.jpg,train,engaged,engaged_1836.jpg,val,engaged,1,0
engaged_1745.jpg,train,engaged,engaged_1867.jpg,val,engaged,0,0
engaged_1745.jpg,train,engaged,engaged_1979.jpg,val,engaged,0,0
engaged_1745.jpg,train,engaged,engaged_2045.jpg,val,engaged,0,0
engaged_1745.jpg,train,engaged,engaged_2079.jpg,val,engaged,1,0
engaged_1745.jpg,train,engaged,engaged_2080.jpg,val,engaged,1,0
engaged_1745.jpg,train,engaged,engaged_2086.jpg,val,engaged,1,0
engaged_1745.jpg,train,engaged,engaged_2096.jpg,val,engaged,1,0
engaged_1745.jpg,train,engaged,engaged_2103.jpg,val,engaged,1,0
engaged_1745.jpg,train,engaged,engaged_2121.jpg,val,engaged,1,0
engaged_1745.jpg,train,engaged,engaged_2136.jpg,val,engaged,1,0
engaged_1745.jpg,train,engaged,engaged_2166.jpg,val,engaged,1,0
engaged_1745.jpg,train,engaged,engaged_2172.jpg,val,engaged,1,0
engaged_1745.jpg,train,engaged,engaged_2213.jpg,val,engaged,1,0
engaged_1745.jpg,train,engaged,frustrated_9411.jpg,val,frustrated,5,6
engaged_1745.jpg,train,engaged,frustrated_9580.jpg,val,frustrated,5,6
engaged_1745.jpg,train,engaged,frustrated_9798.jpg,val,frustrated,4,6
engaged_1771.jpg,train,engaged,confused_4212.jpg,val,confused,5,6
engaged_1771.jpg,train,engaged,engaged_1775.jpg,val,engaged,0,0
engaged_1771.jpg,train,engaged,engaged_1779.jpg,val,engaged,0,0
engaged_1771.jpg,train,engaged,engaged_1836.jpg,val,engaged,1,0
engaged_1771.jpg,train,engaged,engaged_1867.jpg,val,engaged,0,0
engaged_1771.jpg,train,engaged,engaged_1979.jpg,val,engaged,0,0
engaged_1771.jpg,train,engaged,engaged_2045.jpg,val,engaged,0,0
engaged_1771.jpg,train,engaged,engaged_2079.jpg,val,engaged,1,0
engaged_1771.jpg,train,engaged,engaged_2080.jpg,val,engaged,1,0
engaged_1771.jpg,train,engaged,engaged_2086.jpg,val,engaged,1,0
engaged_1771.jpg,train,engaged,engaged_2096.jpg,val,engaged,1,0
engaged_1771.jpg,train,engaged,engaged_2103.jpg,val,engaged,1,0
engaged_1771.jpg,train,engaged,engaged_2121.jpg,val,engaged,1,0
engaged_1771.jpg,train,engaged,engaged_2136.jpg,val,engaged,1,0
engaged_1771.jpg,train,engaged,engaged_2166.jpg,val,engaged,1,0
engaged_1771.jpg,train,engaged,engaged_2172.jpg,val,engaged,1,0
engaged_1771.jpg,train,engaged,engaged_2213.jpg,val,engaged,1,0
engaged_1771.jpg,train,engaged,frustrated_9411.jpg,val,frustrated,5,6
engaged_1771.jpg,train,engaged,frustrated_9580.jpg,val,frustrated,5,6
engaged_1771.jpg,train,engaged,frustrated_9798.jpg,val,frustrated,4,6
engaged_1795.jpg,train,engaged,confused_4212.jpg,val,confused,5,6
engaged_1795.jpg,train,engaged,engaged_1775.jpg,val,engaged,0,0
engaged_1795.jpg,train,engaged,engaged_1779.jpg,val,engaged,0,0
engaged_1795.jpg,train,engaged,engaged_1836.jpg,val,engaged,1,0
engaged_1795.jpg,train,engaged,engaged_1867.jpg,val,engaged,0,0
engaged_1795.jpg,train,engaged,engaged_1979.jpg,val,engaged,0,0
engaged_1795.jpg,train,engaged,engaged_2045.jpg,val,engaged,0,0
engaged_1795.jpg,train,engaged,engaged_2079.jpg,val,engaged,1,0
engaged_1795.jpg,train,engaged,engaged_2080.jpg,val,engaged,1,0
engaged_1795.jpg,train,engaged,engaged_2086.jpg,val,engaged,1,0
engaged_1795.jpg,train,engaged,engaged_2096.jpg,val,engaged,1,0
engaged_1795.jpg,train,engaged,engaged_2103.jpg,val,engaged,1,0
engaged_1795.jpg,train,engaged,engaged_2121.jpg,val,engaged,1,0
engaged_1795.jpg,train,engaged,engaged_2136.jpg,val,engaged,1,0
engaged_1795.jpg,train,engaged,engaged_2166.jpg,val,engaged,1,0
engaged_1795.jpg,train,engaged,engaged_2172.jpg,val,engaged,1,0
engaged_1795.jpg,train,engaged,engaged_2213.jpg,val,engaged,1,0
engaged_1795.jpg,train,engaged,frustrated_9411.jpg,val,frustrated,5,6
engaged_1795.jpg,train,engaged,frustrated_9580.jpg,val,frustrated,5,6
engaged_1795.jpg,train,engaged,frustrated_9798.jpg,val,frustrated,4,6
engaged_1796.jpg,train,engaged,confused_4212.jpg,val,confused,5,6
engaged_1796.jpg,train,engaged,engaged_1775.jpg,val,engaged,0,0
engaged_1796.jpg,train,engaged,engaged_1779.jpg,val,engaged,0,0
engaged_1796.jpg,train,engaged,engaged_1836.jpg,val,engaged,1,0
engaged_1796.jpg,train,engaged,engaged_1867.jpg,val,engaged,0,0
engaged_1796.jpg,train,engaged,engaged_1979.jpg,val,engaged,0,0
engaged_1796.jpg,train,engaged,engaged_2045.jpg,val,engaged,0,0
engaged_1796.jpg,train,engaged,engaged_2079.jpg,val,engaged,1,0
engaged_1796.jpg,train,engaged,engaged_2080.jpg,val,engaged,1,0
engaged_1796.jpg,train,engaged,engaged_2086.jpg,val,engaged,1,0
engaged_1796.jpg,train,engaged,engaged_2096.jpg,val,engaged,1,0
engaged_1796.jpg,train,engaged,engaged_2103.jpg,val,engaged,1,0
engaged_1796.jpg,train,engaged,engaged_2121.jpg,val,engaged,1,0
engaged_1796.jpg,train,engaged,engaged_2136.jpg,val,engaged,1,0
engaged_1796.jpg,train,engaged,engaged_2166.jpg,val,engaged,1,0
engaged_1796.jpg,train,engaged,engaged_2172.jpg,val,engaged,1,0
engaged_1796.jpg,train,engaged,engaged_2213.jpg,val,engaged,1,0
engaged_1796.jpg,train,engaged,frustrated_9411.jpg,val,frustrated,5,6
engaged_1796.jpg,train,engaged,frustrated_9580.jpg,val,frustrated,5,6
engaged_1796.jpg,train,engaged,frustrated_9798.jpg,val,frustrated,4,6
engaged_1802.jpg,train,engaged,confused_4212.jpg,val,confused,5,6
engaged_1802.jpg,train,engaged,engaged_1775.jpg,val,engaged,0,0
engaged_1802.jpg,train,engaged,engaged_1779.jpg,val,engaged,0,0
engaged_1802.jpg,train,engaged,engaged_1836.jpg,val,engaged,1,0
engaged_1802.jpg,train,engaged,engaged_1867.jpg,val,engaged,0,0
engaged_1802.jpg,train,engaged,engaged_1979.jpg,val,engaged,0,0
engaged_1802.jpg,train,engaged,engaged_2045.jpg,val,engaged,0,0
engaged_1802.jpg,train,engaged,engaged_2079.jpg,val,engaged,1,0
engaged_1802.jpg,train,engaged,engaged_2080.jpg,val,engaged,1,0
engaged_1802.jpg,train,engaged,engaged_2086.jpg,val,engaged,1,0
engaged_1802.jpg,train,engaged,engaged_2096.jpg,val,engaged,1,0
engaged_1802.jpg,train,engaged,engaged_2103.jpg,val,engaged,1,0
engaged_1802.jpg,train,engaged,engaged_2121.jpg,val,engaged,1,0
engaged_1802.jpg,train,engaged,engaged_2136.jpg,val,engaged,1,0
engaged_1802.jpg,train,engaged,engaged_2166.jpg,val,engaged,1,0
engaged_1802.jpg,train,engaged,engaged_2172.jpg,val,engaged,1,0
engaged_1802.jpg,train,engaged,engaged_2213.jpg,val,engaged,1,0
engaged_1802.jpg,train,engaged,frustrated_9411.jpg,val,frustrated,5,6
engaged_1802.jpg,train,engaged,frustrated_9580.jpg,val,frustrated,5,6
engaged_1802.jpg,train,engaged,frustrated_9798.jpg,val,frustrated,4,6
engaged_1803.jpg,train,engaged,confused_4212.jpg,val,confused,5,6
engaged_1803.jpg,train,engaged,engaged_1775.jpg,val,engaged,0,0
engaged_1803.jpg,train,engaged,engaged_1779.jpg,val,engaged,0,0
engaged_1803.jpg,train,engaged,engaged_1836.jpg,val,engaged,1,0
engaged_1803.jpg,train,engaged,engaged_1867.jpg,val,engaged,0,0
engaged_1803.jpg,train,engaged,engaged_1979.jpg,val,engaged,0,0
engaged_1803.jpg,train,engaged,engaged_2045.jpg,val,engaged,0,0
engaged_1803.jpg,train,engaged,engaged_2079.jpg,val,engaged,1,0
engaged_1803.jpg,train,engaged,engaged_2080.jpg,val,engaged,1,0
engaged_1803.jpg,train,engaged,engaged_2086.jpg,val,engaged,1,0
engaged_1803.jpg,train,engaged,engaged_2096.jpg,val,engaged,1,0
engaged_1803.jpg,train,engaged,engaged_2103.jpg,val,engaged,1,0
engaged_1803.jpg,train,engaged,engaged_2121.jpg,val,engaged,1,0
engaged_1803.jpg,train,engaged,engaged_2136.jpg,val,engaged,1,0
engaged_1803.jpg,train,engaged,engaged_2166.jpg,val,engaged,1,0
engaged_1803.jpg,train,engaged,engaged_2172.jpg,val,engaged,1,0
engaged_1803.jpg,train,engaged,engaged_2213.jpg,val,engaged,1,0
engaged_1803.jpg,train,engaged,frustrated_9411.jpg,val,frustrated,5,6
engaged_1803.jpg,train,engaged,frustrated_9580.jpg,val,frustrated,5,6
engaged_1803.jpg,train,engaged,frustrated_9798.jpg,val,frustrated,4,6
engaged_1804.jpg,train,engaged,confused_4212.jpg,val,confused,5,6
engaged_1804.jpg,train,engaged,engaged_1775.jpg,val,engaged,0,0
engaged_1804.jpg,train,engaged,engaged_1779.jpg,val,engaged,0,0
engaged_1804.jpg,train,engaged,engaged_1836.jpg,val,engaged,1,0
engaged_1804.jpg,train,engaged,engaged_1867.jpg,val,engaged,0,0
engaged_1804.jpg,train,engaged,engaged_1979.jpg,val,engaged,0,0
engaged_1804.jpg,train,engaged,engaged_2045.jpg,val,engaged,0,0
engaged_1804.jpg,train,engaged,engaged_2079.jpg,val,engaged,1,0
engaged_1804.jpg,train,engaged,engaged_2080.jpg,val,engaged,1,0
engaged_1804.jpg,train,engaged,engaged_2086.jpg,val,engaged,1,0
engaged_1804.jpg,train,engaged,engaged_2096.jpg,val,engaged,1,0
engaged_1804.jpg,train,engaged,engaged_2103.jpg,val,engaged,1,0
engaged_1804.jpg,train,engaged,engaged_2121.jpg,val,engaged,1,0
engaged_1804.jpg,train,engaged,engaged_2136.jpg,val,engaged,1,0
engaged_1804.jpg,train,engaged,engaged_2166.jpg,val,engaged,1,0
engaged_1804.jpg,train,engaged,engaged_2172.jpg,val,engaged,1,0
engaged_1804.jpg,train,engaged,engaged_2213.jpg,val,engaged,1,0
engaged_1804.jpg,train,engaged,frustrated_9411.jpg,val,frustrated,5,6
engaged_1804.jpg,train,engaged,frustrated_9580.jpg,val,frustrated,5,6
engaged_1804.jpg,train,engaged,frustrated_9798.jpg,val,frustrated,4,6
engaged_1805.jpg,train,engaged,confused_4212.jpg,val,confused,5,6
engaged_1805.jpg,train,engaged,engaged_1775.jpg,val,engaged,0,0
engaged_1805.jpg,train,engaged,engaged_1779.jpg,val,engaged,0,0
engaged_1805.jpg,train,engaged,engaged_1836.jpg,val,engaged,1,0
engaged_1805.jpg,train,engaged,engaged_1867.jpg,val,engaged,0,0
engaged_1805.jpg,train,engaged,engaged_1979.jpg,val,engaged,0,0
engaged_1805.jpg,train,engaged,engaged_2045.jpg,val,engaged,0,0
engaged_1805.jpg,train,engaged,engaged_2079.jpg,val,engaged,1,0
engaged_1805.jpg,train,engaged,engaged_2080.jpg,val,engaged,1,0
engaged_1805.jpg,train,engaged,engaged_2086.jpg,val,engaged,1,0
engaged_1805.jpg,train,engaged,engaged_2096.jpg,val,engaged,1,0
engaged_1805.jpg,train,engaged,engaged_2103.jpg,val,engaged,1,0
engaged_1805.jpg,train,engaged,engaged_2121.jpg,val,engaged,1,0
engaged_1805.jpg,train,engaged,engaged_2136.jpg,val,engaged,1,0
engaged_1805.jpg,train,engaged,engaged_2166.jpg,val,engaged,1,0
engaged_1805.jpg,train,engaged,engaged_2172.jpg,val,engaged,1,0
engaged_1805.jpg,train,engaged,engaged_2213.jpg,val,engaged,1,0
engaged_1805.jpg,train,engaged,frustrated_9411.jpg,val,frustrated,5,6
engaged_1805.jpg,train,engaged,frustrated_9580.jpg,val,frustrated,5,6
engaged_1805.jpg,train,engaged,frustrated_9798.jpg,val,frustrated,4,6
engaged_1807.jpg,train,engaged,confused_4212.jpg,val,confused,5,6
engaged_1807.jpg,train,engaged,engaged_1775.jpg,val,engaged,0,0
engaged_1807.jpg,train,engaged,engaged_1779.jpg,val,engaged,0,0
engaged_1807.jpg,train,engaged,engaged_1836.jpg,val,engaged,1,0
engaged_1807.jpg,train,engaged,engaged_1867.jpg,val,engaged,0,0
engaged_1807.jpg,train,engaged,engaged_1979.jpg,val,engaged,0,0
engaged_1807.jpg,train,engaged,engaged_2045.jpg,val,engaged,0,0
engaged_1807.jpg,train,engaged,engaged_2079.jpg,val,engaged,1,0
engaged_1807.jpg,train,engaged,engaged_2080.jpg,val,engaged,1,0
engaged_1807.jpg,train,engaged,engaged_2086.jpg,val,engaged,1,0
engaged_1807.jpg,train,engaged,engaged_2096.jpg,val,engaged,1,0
engaged_1807.jpg,train,engaged,engaged_2103.jpg,val,engaged,1,0
engaged_1807.jpg,train,engaged,engaged_2121.jpg,val,engaged,1,0
engaged_1807.jpg,train,engaged,engaged_2136.jpg,val,engaged,1,0
engaged_1807.jpg,train,engaged,engaged_2166.jpg,val,engaged,1,0
engaged_1807.jpg,train,engaged,engaged_2172.jpg,val,engaged,1,0
engaged_1807.jpg,train,engaged,engaged_2213.jpg,val,engaged,1,0
engaged_1807.jpg,train,engaged,frustrated_9411.jpg,val,frustrated,5,6
engaged_1807.jpg,train,engaged,frustrated_9580.jpg,val,frustrated,5,6
engaged_1807.jpg,train,engaged,frustrated_9798.jpg,val,frustrated,4,6
engaged_1808.jpg,train,engaged,confused_4212.jpg,val,confused,5,6
engaged_1808.jpg,train,engaged,engaged_1775.jpg,val,engaged,0,0
engaged_1808.jpg,train,engaged,engaged_1779.jpg,val,engaged,0,0
engaged_1808.jpg,train,engaged,engaged_1836.jpg,val,engaged,1,0
engaged_1808.jpg,train,engaged,engaged_1867.jpg,val,engaged,0,0
engaged_1808.jpg,train,engaged,engaged_1979.jpg,val,engaged,0,0
engaged_1808.jpg,train,engaged,engaged_2045.jpg,val,engaged,0,0
engaged_1808.jpg,train,engaged,engaged_2079.jpg,val,engaged,1,0
engaged_1808.jpg,train,engaged,engaged_2080.jpg,val,engaged,1,0
engaged_1808.jpg,train,engaged,engaged_2086.jpg,val,engaged,1,0
engaged_1808.jpg,train,engaged,engaged_2096.jpg,val,engaged,1,0
engaged_1808.jpg,train,engaged,engaged_2103.jpg,val,engaged,1,0
engaged_1808.jpg,train,engaged,engaged_2121.jpg,val,engaged,1,0
engaged_1808.jpg,train,engaged,engaged_2136.jpg,val,engaged,1,0
engaged_1808.jpg,train,engaged,engaged_2166.jpg,val,engaged,1,0
engaged_1808.jpg,train,engaged,engaged_2172.jpg,val,engaged,1,0
engaged_1808.jpg,train,engaged,engaged_2213.jpg,val,engaged,1,0
engaged_1808.jpg,train,engaged,frustrated_9411.jpg,val,frustrated,5,6
engaged_1808.jpg,train,engaged,frustrated_9580.jpg,val,frustrated,5,6
engaged_1808.jpg,train,engaged,frustrated_9798.jpg,val,frustrated,4,6
engaged_1809.jpg,train,engaged,confused_4212.jpg,val,confused,5,6
engaged_1809.jpg,train,engaged,engaged_1775.jpg,val,engaged,0,0
engaged_1809.jpg,train,engaged,engaged_1779.jpg,val,engaged,0,0
engaged_1809.jpg,train,engaged,engaged_1836.jpg,val,engaged,1,0
engaged_1809.jpg,train,engaged,engaged_1867.jpg,val,engaged,0,0
engaged_1809.jpg,train,engaged,engaged_1979.jpg,val,engaged,0,0
engaged_1809.jpg,train,engaged,engaged_2045.jpg,val,engaged,0,0
engaged_1809.jpg,train,engaged,engaged_2079.jpg,val,engaged,1,0
engaged_1809.jpg,train,engaged,engaged_2080.jpg,val,engaged,1,0
engaged_1809.jpg,train,engaged,engaged_2086.jpg,val,engaged,1,0
engaged_1809.jpg,train,engaged,engaged_2096.jpg,val,engaged,1,0
engaged_1809.jpg,train,engaged,engaged_2103.jpg,val,engaged,1,0
engaged_1809.jpg,train,engaged,engaged_2121.jpg,val,engaged,1,0
engaged_1809.jpg,train,engaged,engaged_2136.jpg,val,engaged,1,0
engaged_1809.jpg,train,engaged,engaged_2166.jpg,val,engaged,1,0
engaged_1809.jpg,train,engaged,engaged_2172.jpg,val,engaged,1,0
engaged_1809.jpg,train,engaged,engaged_2213.jpg,val,engaged,1,0
engaged_1809.jpg,train,engaged,frustrated_9411.jpg,val,frustrated,5,6
engaged_1809.jpg,train,engaged,frustrated_9580.jpg,val,frustrated,5,6
engaged_1809.jpg,train,engaged,frustrated_9798.jpg,val,frustrated,4,6
engaged_1810.jpg,train,engaged,confused_4212.jpg,val,confused,5,6
engaged_1810.jpg,train,engaged,engaged_1775.jpg,val,engaged,0,0
engaged_1810.jpg,train,engaged,engaged_1779.jpg,val,engaged,0,0
engaged_1810.jpg,train,engaged,engaged_1836.jpg,val,engaged,1,0
engaged_1810.jpg,train,engaged,engaged_1867.jpg,val,engaged,0,0
engaged_1810.jpg,train,engaged,engaged_1979.jpg,val,engaged,0,0
engaged_1810.jpg,train,engaged,engaged_2045.jpg,val,engaged,0,0
engaged_1810.jpg,train,engaged,engaged_2079.jpg,val,engaged,1,0
engaged_1810.jpg,train,engaged,engaged_2080.jpg,val,engaged,1,0
engaged_1810.jpg,train,engaged,engaged_2086.jpg,val,engaged,1,0
engaged_1810.jpg,train,engaged,engaged_2096.jpg,val,engaged,1,0
engaged_1810.jpg,train,engaged,engaged_2103.jpg,val,engaged,1,0
engaged_1810.jpg,train,engaged,engaged_2121.jpg,val,engaged,1,0
engaged_1810.jpg,train,engaged,engaged_2136.jpg,val,engaged,1,0
engaged_1810.jpg,train,engaged,engaged_2166.jpg,val,engaged,1,0
engaged_1810.jpg,train,engaged,engaged_2172.jpg,val,engaged,1,0
engaged_1810.jpg,train,engaged,engaged_2213.jpg,val,engaged,1,0
engaged_1810.jpg,train,engaged,frustrated_9411.jpg,val,frustrated,5,6
engaged_1810.jpg,train,engaged,frustrated_9580.jpg,val,frustrated,5,6
engaged_1810.jpg,train,engaged,frustrated_9798.jpg,val,frustrated,4,6
engaged_1817.jpg,train,engaged,confused_4212.jpg,val,confused,5,6
engaged_1817.jpg,train,engaged,engaged_1775.jpg,val,engaged,0,0
engaged_1817.jpg,train,engaged,engaged_1779.jpg,val,engaged,0,0
engaged_1817.jpg,train,engaged,engaged_1836.jpg,val,engaged,1,0
engaged_1817.jpg,train,engaged,engaged_1867.jpg,val,engaged,0,0
engaged_1817.jpg,train,engaged,engaged_1979.jpg,val,engaged,0,0
engaged_1817.jpg,train,engaged,engaged_2045.jpg,val,engaged,0,0
engaged_1817.jpg,train,engaged,engaged_2079.jpg,val,engaged,1,0
engaged_1817.jpg,train,engaged,engaged_2080.jpg,val,engaged,1,0
engaged_1817.jpg,train,engaged,engaged_2086.jpg,val,engaged,1,0
engaged_1817.jpg,train,engaged,engaged_2096.jpg,val,engaged,1,0
engaged_1817.jpg,train,engaged,engaged_2103.jpg,val,engaged,1,0
engaged_1817.jpg,train,engaged,engaged_2121.jpg,val,engaged,1,0
engaged_1817.jpg,train,engaged,engaged_2136.jpg,val,engaged,1,0
engaged_1817.jpg,train,engaged,engaged_2166.jpg,val,engaged,1,0
engaged_1817.jpg,train,engaged,engaged_2172.jpg,val,engaged,1,0
engaged_1817.jpg,train,engaged,engaged_2213.jpg,val,engaged,1,0
engaged_1817.jpg,train,engaged,frustrated_9411.jpg,val,frustrated,5,6
engaged_1817.jpg,train,engaged,frustrated_9580.jpg,val,frustrated,5,6
engaged_1817.jpg,train,engaged,frustrated_9798.jpg,val,frustrated,4,6
engaged_1852.jpg,train,engaged,engaged_1775.jpg,val,engaged,1,0
engaged_1852.jpg,train,engaged,engaged_1779.jpg,val,engaged,1,0
engaged_1852.jpg,train,engaged,engaged_1836.jpg,val,engaged,0,0
engaged_1852.jpg,train,engaged,engaged_1867.jpg,val,engaged,1,0
engaged_1852.jpg,train,engaged,engaged_1979.jpg,val,engaged,1,0
engaged_1852.jpg,train,engaged,engaged_2045.jpg,val,engaged,1,0
engaged_1852.jpg,train,engaged,engaged_2079.jpg,val,engaged,0,0
engaged_1852.jpg,train,engaged,engaged_2080.jpg,val,engaged,0,0
engaged_1852.jpg,train,engaged,engaged_2086.jpg,val,engaged,0,0
engaged_1852.jpg,train,engaged,engaged_2096.jpg,val,engaged,0,0
engaged_1852.jpg,train,engaged,engaged_2103.jpg,val,engaged,0,0
engaged_1852.jpg,train,engaged,engaged_2121.jpg,val,engaged,0,0
engaged_1852.jpg,train,engaged,engaged_2136.jpg,val,engaged,0,0
engaged_1852.jpg,train,engaged,engaged_2166.jpg,val,engaged,0,0
engaged_1852.jpg,train,engaged,engaged_2172.jpg,val,engaged,0,0
engaged_1852.jpg,train,engaged,engaged_2213.jpg,val,engaged,0,0
engaged_1852.jpg,train,engaged,frustrated_9580.jpg,val,frustrated,4,6
engaged_1852.jpg,train,engaged,frustrated_9798.jpg,val,frustrated,3,6
engaged_1853.jpg,train,engaged,engaged_1775.jpg,val,engaged,1,0
engaged_1853.jpg,train,engaged,engaged_1779.jpg,val,engaged,1,0
engaged_1853.jpg,train,engaged,engaged_1836.jpg,val,engaged,0,0
engaged_1853.jpg,train,engaged,engaged_1867.jpg,val,engaged,1,0
engaged_1853.jpg,train,engaged,engaged_1979.jpg,val,engaged,1,0
engaged_1853.jpg,train,engaged,engaged_2045.jpg,val,engaged,1,0
engaged_1853.jpg,train,engaged,engaged_2079.jpg,val,engaged,0,0
engaged_1853.jpg,train,engaged,engaged_2080.jpg,val,engaged,0,0
engaged_1853.jpg,train,engaged,engaged_2086.jpg,val,engaged,0,0
engaged_1853.jpg,train,engaged,engaged_2096.jpg,val,engaged,0,0
engaged_1853.jpg,train,engaged,engaged_2103.jpg,val,engaged,0,0
engaged_1853.jpg,train,engaged,engaged_2121.jpg,val,engaged,0,0
engaged_1853.jpg,train,engaged,engaged_2136.jpg,val,engaged,0,0
engaged_1853.jpg,train,engaged,engaged_2166.jpg,val,engaged,0,0
engaged_1853.jpg,train,engaged,engaged_2172.jpg,val,engaged,0,0
engaged_1853.jpg,train,engaged,engaged_2213.jpg,val,engaged,0,0
engaged_1853.jpg,train,engaged,frustrated_9580.jpg,val,frustrated,4,6
engaged_1853.jpg,train,engaged,frustrated_9798.jpg,val,frustrated,3,6
engaged_1854.jpg,train,engaged,confused_4212.jpg,val,confused,5,6
engaged_1854.jpg,train,engaged,engaged_1775.jpg,val,engaged,0,0
engaged_1854.jpg,train,engaged,engaged_1779.jpg,val,engaged,0,0
engaged_1854.jpg,train,engaged,engaged_1836.jpg,val,engaged,1,0
engaged_1854.jpg,train,engaged,engaged_1867.jpg,val,engaged,0,0
engaged_1854.jpg,train,engaged,engaged_1979.jpg,val,engaged,0,0
engaged_1854.jpg,train,engaged,engaged_2045.jpg,val,engaged,0,0
engaged_1854.jpg,train,engaged,engaged_2079.jpg,val,engaged,1,0
engaged_1854.jpg,train,engaged,engaged_2080.jpg,val,engaged,1,0
engaged_1854.jpg,train,engaged,engaged_2086.jpg,val,engaged,1,0
engaged_1854.jpg,train,engaged,engaged_2096.jpg,val,engaged,1,0
engaged_1854.jpg,train,engaged,engaged_2103.jpg,val,engaged,1,0
engaged_1854.jpg,train,engaged,engaged_2121.jpg,val,engaged,1,0
engaged_1854.jpg,train,engaged,engaged_2136.jpg,val,engaged,1,0
engaged_1854.jpg,train,engaged,engaged_2166.jpg,val,engaged,1,0
engaged_1854.jpg,train,engaged,engaged_2172.jpg,val,engaged,1,0
engaged_1854.jpg,train,engaged,engaged_2213.jpg,val,engaged,1,0
engaged_1854.jpg,train,engaged,frustrated_9411.jpg,val,frustrated,5,6
engaged_1854.jpg,train,engaged,frustrated_9580.jpg,val,frustrated,5,6
engaged_1854.jpg,train,engaged,frustrated_9798.jpg,val,frustrated,4,6
engaged_1858.jpg,train,engaged,confused_4212.jpg,val,confused,5,6
engaged_1858.jpg,train,engaged,engaged_1775.jpg,val,engaged,0,0
engaged_1858.jpg,train,engaged,engaged_1779.jpg,val,engaged,0,0
engaged_1858.jpg,train,engaged,engaged_1836.jpg,val,engaged,1,0
engaged_1858.jpg,train,engaged,engaged_1867.jpg,val,engaged,0,0
engaged_1858.jpg,train,engaged,engaged_1979.jpg,val,engaged,0,0
engaged_1858.jpg,train,engaged,engaged_2045.jpg,val,engaged,0,0
engaged_1858.jpg,train,engaged,engaged_2079.jpg,val,engaged,1,0
engaged_1858.jpg,train,engaged,engaged_2080.jpg,val,engaged,1,0
engaged_1858.jpg,train,engaged,engaged_2086.jpg,val,engaged,1,0
engaged_1858.jpg,train,engaged,engaged_2096.jpg,val,engaged,1,0
engaged_1858.jpg,train,engaged,engaged_2103.jpg,val,engaged,1,0
engaged_1858.jpg,train,engaged,engaged_2121.jpg,val,engaged,1,0
engaged_1858.jpg,train,engaged,engaged_2136.jpg,val,engaged,1,0
engaged_1858.jpg,train,engaged,engaged_2166.jpg,val,engaged,1,0
engaged_1858.jpg,train,engaged,engaged_2172.jpg,val,engaged,1,0
engaged_1858.jpg,train,engaged,engaged_2213.jpg,val,engaged,1,0
engaged_1858.jpg,train,engaged,frustrated_9411.jpg,val,frustrated,5,6
engaged_1858.jpg,train,engaged,frustrated_9580.jpg,val,frustrated,5,6
engaged_1858.jpg,train,engaged,frustrated_9798.jpg,val,frustrated,4,6
engaged_1859.jpg,train,engaged,confused_4212.jpg,val,confused,5,6
engaged_1859.jpg,train,engaged,engaged_1775.jpg,val,engaged,0,0
engaged_1859.jpg,train,engaged,engaged_1779.jpg,val,engaged,0,0
engaged_1859.jpg,train,engaged,engaged_1836.jpg,val,engaged,1,0
engaged_1859.jpg,train,engaged,engaged_1867.jpg,val,engaged,0,0
engaged_1859.jpg,train,engaged,engaged_1979.jpg,val,engaged,0,0
engaged_1859.jpg,train,engaged,engaged_2045.jpg,val,engaged,0,0
engaged_1859.jpg,train,engaged,engaged_2079.jpg,val,engaged,1,0
engaged_1859.jpg,train,engaged,engaged_2080.jpg,val,engaged,1,0
engaged_1859.jpg,train,engaged,engaged_2086.jpg,val,engaged,1,0
engaged_1859.jpg,train,engaged,engaged_2096.jpg,val,engaged,1,0
engaged_1859.jpg,train,engaged,engaged_2103.jpg,val,engaged,1,0
engaged_1859.jpg,train,engaged,engaged_2121.jpg,val,engaged,1,0
engaged_1859.jpg,train,engaged,engaged_2136.jpg,val,engaged,1,0
engaged_1859.jpg,train,engaged,engaged_2166.jpg,val,engaged,1,0
engaged_1859.jpg,train,engaged,engaged_2172.jpg,val,engaged,1,0
engaged_1859.jpg,train,engaged,engaged_2213.jpg,val,engaged,1,0
engaged_1859.jpg,train,engaged,frustrated_9411.jpg,val,frustrated,5,6
engaged_1859.jpg,train,engaged,frustrated_9580.jpg,val,frustrated,5,6
engaged_1859.jpg,train,engaged,frustrated_9798.jpg,val,frustrated,4,6
engaged_1866.jpg,train,engaged,confused_4212.jpg,val,confused,5,6
engaged_1866.jpg,train,engaged,engaged_1775.jpg,val,engaged,0,0
engaged_1866.jpg,train,engaged,engaged_1779.jpg,val,engaged,0,0
engaged_1866.jpg,train,engaged,engaged_1836.jpg,val,engaged,1,0
engaged_1866.jpg,train,engaged,engaged_1867.jpg,val,engaged,0,0
engaged_1866.jpg,train,engaged,engaged_1979.jpg,val,engaged,0,0
engaged_1866.jpg,train,engaged,engaged_2045.jpg,val,engaged,0,0
engaged_1866.jpg,train,engaged,engaged_2079.jpg,val,engaged,1,0
engaged_1866.jpg,train,engaged,engaged_2080.jpg,val,engaged,1,0
engaged_1866.jpg,train,engaged,engaged_2086.jpg,val,engaged,1,0
engaged_1866.jpg,train,engaged,engaged_2096.jpg,val,engaged,1,0
engaged_1866.jpg,train,engaged,engaged_2103.jpg,val,engaged,1,0
engaged_1866.jpg,train,engaged,engaged_2121.jpg,val,engaged,1,0
engaged_1866.jpg,train,engaged,engaged_2136.jpg,val,engaged,1,0
engaged_1866.jpg,train,engaged,engaged_2166.jpg,val,engaged,1,0
engaged_1866.jpg,train,engaged,engaged_2172.jpg,val,engaged,1,0
engaged_1866.jpg,train,engaged,engaged_2213.jpg,val,engaged,1,0
engaged_1866.jpg,train,engaged,frustrated_9411.jpg,val,frustrated,5,6
engaged_1866.jpg,train,engaged,frustrated_9580.jpg,val,frustrated,5,6
engaged_1866.jpg,train,engaged,frustrated_9798.jpg,val,frustrated,4,6
engaged_1868.jpg,train,engaged,confused_4212.jpg,val,confused,5,6
engaged_1868.jpg,train,engaged,engaged_1775.jpg,val,engaged,0,0
engaged_1868.jpg,train,engaged,engaged_1779.jpg,val,engaged,0,0
engaged_1868.jpg,train,engaged,engaged_1836.jpg,val,engaged,1,0
engaged_1868.jpg,train,engaged,engaged_1867.jpg,val,engaged,0,0
engaged_1868.jpg,train,engaged,engaged_1979.jpg,val,engaged,0,0
engaged_1868.jpg,train,engaged,engaged_2045.jpg,val,engaged,0,0
engaged_1868.jpg,train,engaged,engaged_2079.jpg,val,engaged,1,0
engaged_1868.jpg,train,engaged,engaged_2080.jpg,val,engaged,1,0
engaged_1868.jpg,train,engaged,engaged_2086.jpg,val,engaged,1,0
engaged_1868.jpg,train,engaged,engaged_2096.jpg,val,engaged,1,0
engaged_1868.jpg,train,engaged,engaged_2103.jpg,val,engaged,1,0
engaged_1868.jpg,train,engaged,engaged_2121.jpg,val,engaged,1,0
engaged_1868.jpg,train,engaged,engaged_2136.jpg,val,engaged,1,0
engaged_1868.jpg,train,engaged,engaged_2166.jpg,val,engaged,1,0
engaged_1868.jpg,train,engaged,engaged_2172.jpg,val,engaged,1,0
engaged_1868.jpg,train,engaged,engaged_2213.jpg,val,engaged,1,0
engaged_1868.jpg,train,engaged,frustrated_9411.jpg,val,frustrated,5,6
engaged_1868.jpg,train,engaged,frustrated_9580.jpg,val,frustrated,5,6
engaged_1868.jpg,train,engaged,frustrated_9798.jpg,val,frustrated,4,6
engaged_1869.jpg,train,engaged,confused_4212.jpg,val,confused,5,6
engaged_1869.jpg,train,engaged,engaged_1775.jpg,val,engaged,0,0
engaged_1869.jpg,train,engaged,engaged_1779.jpg,val,engaged,0,0
engaged_1869.jpg,train,engaged,engaged_1836.jpg,val,engaged,1,0
engaged_1869.jpg,train,engaged,engaged_1867.jpg,val,engaged,0,0
engaged_1869.jpg,train,engaged,engaged_1979.jpg,val,engaged,0,0
engaged_1869.jpg,train,engaged,engaged_2045.jpg,val,engaged,0,0
engaged_1869.jpg,train,engaged,engaged_2079.jpg,val,engaged,1,0
engaged_1869.jpg,train,engaged,engaged_2080.jpg,val,engaged,1,0
engaged_1869.jpg,train,engaged,engaged_2086.jpg,val,engaged,1,0
engaged_1869.jpg,train,engaged,engaged_2096.jpg,val,engaged,1,0
engaged_1869.jpg,train,engaged,engaged_2103.jpg,val,engaged,1,0
engaged_1869.jpg,train,engaged,engaged_2121.jpg,val,engaged,1,0
engaged_1869.jpg,train,engaged,engaged_2136.jpg,val,engaged,1,0
engaged_1869.jpg,train,engaged,engaged_2166.jpg,val,engaged,1,0
engaged_1869.jpg,train,engaged,engaged_2172.jpg,val,engaged,1,0
engaged_1869.jpg,train,engaged,engaged_2213.jpg,val,engaged,1,0
engaged_1869.jpg,train,engaged,frustrated_9411.jpg,val,frustrated,5,6
engaged_1869.jpg,train,engaged,frustrated_9580.jpg,val,frustrated,5,6
engaged_1869.jpg,train,engaged,frustrated_9798.jpg,val,frustrated,4,6
engaged_1900.jpg,train,engaged,confused_4212.jpg,val,confused,5,6
engaged_1900.jpg,train,engaged,engaged_1775.jpg,val,engaged,0,0
engaged_1900.jpg,train,engaged,engaged_1779.jpg,val,engaged,0,0
engaged_1900.jpg,train,engaged,engaged_1836.jpg,val,engaged,1,0
engaged_1900.jpg,train,engaged,engaged_1867.jpg,val,engaged,0,0
engaged_1900.jpg,train,engaged,engaged_1979.jpg,val,engaged,0,0
engaged_1900.jpg,train,engaged,engaged_2045.jpg,val,engaged,0,0
engaged_1900.jpg,train,engaged,engaged_2079.jpg,val,engaged,1,0
engaged_1900.jpg,train,engaged,engaged_2080.jpg,val,engaged,1,0
engaged_1900.jpg,train,engaged,engaged_2086.jpg,val,engaged,1,0
engaged_1900.jpg,train,engaged,engaged_2096.jpg,val,engaged,1,0
engaged_1900.jpg,train,engaged,engaged_2103.jpg,val,engaged,1,0
engaged_1900.jpg,train,engaged,engaged_2121.jpg,val,engaged,1,0
engaged_1900.jpg,train,engaged,engaged_2136.jpg,val,engaged,1,0
engaged_1900.jpg,train,engaged,engaged_2166.jpg,val,engaged,1,0
engaged_1900.jpg,train,engaged,engaged_2172.jpg,val,engaged,1,0
engaged_1900.jpg,train,engaged,engaged_2213.jpg,val,engaged,1,0
engaged_1900.jpg,train,engaged,frustrated_9411.jpg,val,frustrated,5,6
engaged_1900.jpg,train,engaged,frustrated_9580.jpg,val,frustrated,5,6
engaged_1900.jpg,train,engaged,frustrated_9798.jpg,val,frustrated,4,6
engaged_1923.jpg,train,engaged,confused_4212.jpg,val,confused,5,6
engaged_1923.jpg,train,engaged,engaged_1775.jpg,val,engaged,0,0
engaged_1923.jpg,train,engaged,engaged_1779.jpg,val,engaged,0,0
engaged_1923.jpg,train,engaged,engaged_1836.jpg,val,engaged,1,0
engaged_1923.jpg,train,engaged,engaged_1867.jpg,val,engaged,0,0
engaged_1923.jpg,train,engaged,engaged_1979.jpg,val,engaged,0,0
engaged_1923.jpg,train,engaged,engaged_2045.jpg,val,engaged,0,0
engaged_1923.jpg,train,engaged,engaged_2079.jpg,val,engaged,1,0
engaged_1923.jpg,train,engaged,engaged_2080.jpg,val,engaged,1,0
engaged_1923.jpg,train,engaged,engaged_2086.jpg,val,engaged,1,0
engaged_1923.jpg,train,engaged,engaged_2096.jpg,val,engaged,1,0
engaged_1923.jpg,train,engaged,engaged_2103.jpg,val,engaged,1,0
engaged_1923.jpg,train,engaged,engaged_2121.jpg,val,engaged,1,0
engaged_1923.jpg,train,engaged,engaged_2136.jpg,val,engaged,1,0
engaged_1923.jpg,train,engaged,engaged_2166.jpg,val,engaged,1,0
engaged_1923.jpg,train,engaged,engaged_2172.jpg,val,engaged,1,0
engaged_1923.jpg,train,engaged,engaged_2213.jpg,val,engaged,1,0
engaged_1923.jpg,train,engaged,frustrated_9411.jpg,val,frustrated,5,6
engaged_1923.jpg,train,engaged,frustrated_9580.jpg,val,frustrated,5,6
engaged_1923.jpg,train,engaged,frustrated_9798.jpg,val,frustrated,4,6
engaged_1924.jpg,train,engaged,confused_4212.jpg,val,confused,5,6
engaged_1924.jpg,train,engaged,engaged_1775.jpg,val,engaged,0,0
engaged_1924.jpg,train,engaged,engaged_1779.jpg,val,engaged,0,0
engaged_1924.jpg,train,engaged,engaged_1836.jpg,val,engaged,1,0
engaged_1924.jpg,train,engaged,engaged_1867.jpg,val,engaged,0,0
engaged_1924.jpg,train,engaged,engaged_1979.jpg,val,engaged,0,0
engaged_1924.jpg,train,engaged,engaged_2045.jpg,val,engaged,0,0
engaged_1924.jpg,train,engaged,engaged_2079.jpg,val,engaged,1,0
engaged_1924.jpg,train,engaged,engaged_2080.jpg,val,engaged,1,0
engaged_1924.jpg,train,engaged,engaged_2086.jpg,val,engaged,1,0
engaged_1924.jpg,train,engaged,engaged_2096.jpg,val,engaged,1,0
engaged_1924.jpg,train,engaged,engaged_2103.jpg,val,engaged,1,0
engaged_1924.jpg,train,engaged,engaged_2121.jpg,val,engaged,1,0
engaged_1924.jpg,train,engaged,engaged_2136.jpg,val,engaged,1,0
engaged_1924.jpg,train,engaged,engaged_2166.jpg,val,engaged,1,0
engaged_1924.jpg,train,engaged,engaged_2172.jpg,val,engaged,1,0
engaged_1924.jpg,train,engaged,engaged_2213.jpg,val,engaged,1,0
engaged_1924.jpg,train,engaged,frustrated_9411.jpg,val,frustrated,5,6
engaged_1924.jpg,train,engaged,frustrated_9580.jpg,val,frustrated,5,6
engaged_1924.jpg,train,engaged,frustrated_9798.jpg,val,frustrated,4,6
engaged_1933.jpg,train,engaged,confused_4212.jpg,val,confused,5,6
engaged_1933.jpg,train,engaged,engaged_1775.jpg,val,engaged,0,0
engaged_1933.jpg,train,engaged,engaged_1779.jpg,val,engaged,0,0
engaged_1933.jpg,train,engaged,engaged_1836.jpg,val,engaged,1,0
engaged_1933.jpg,train,engaged,engaged_1867.jpg,val,engaged,0,0
engaged_1933.jpg,train,engaged,engaged_1979.jpg,val,engaged,0,0
engaged_1933.jpg,train,engaged,engaged_2045.jpg,val,engaged,0,0
engaged_1933.jpg,train,engaged,engaged_2079.jpg,val,engaged,1,0
engaged_1933.jpg,train,engaged,engaged_2080.jpg,val,engaged,1,0
engaged_1933.jpg,train,engaged,engaged_2086.jpg,val,engaged,1,0
engaged_1933.jpg,train,engaged,engaged_2096.jpg,val,engaged,1,0
engaged_1933.jpg,train,engaged,engaged_2103.jpg,val,engaged,1,0
engaged_1933.jpg,train,engaged,engaged_2121.jpg,val,engaged,1,0
engaged_1933.jpg,train,engaged,engaged_2136.jpg,val,engaged,1,0
engaged_1933.jpg,train,engaged,engaged_2166.jpg,val,engaged,1,0
engaged_1933.jpg,train,engaged,engaged_2172.jpg,val,engaged,1,0
engaged_1933.jpg,train,engaged,engaged_2213.jpg,val,engaged,1,0
engaged_1933.jpg,train,engaged,frustrated_9411.jpg,val,frustrated,5,6
engaged_1933.jpg,train,engaged,frustrated_9580.jpg,val,frustrated,5,6
engaged_1933.jpg,train,engaged,frustrated_9798.jpg,val,frustrated,4,6
engaged_1934.jpg,train,engaged,confused_4212.jpg,val,confused,5,6
engaged_1934.jpg,train,engaged,engaged_1775.jpg,val,engaged,0,0
engaged_1934.jpg,train,engaged,engaged_1779.jpg,val,engaged,0,0
engaged_1934.jpg,train,engaged,engaged_1836.jpg,val,engaged,1,0
engaged_1934.jpg,train,engaged,engaged_1867.jpg,val,engaged,0,0
engaged_1934.jpg,train,engaged,engaged_1979.jpg,val,engaged,0,0
engaged_1934.jpg,train,engaged,engaged_2045.jpg,val,engaged,0,0
engaged_1934.jpg,train,engaged,engaged_2079.jpg,val,engaged,1,0
engaged_1934.jpg,train,engaged,engaged_2080.jpg,val,engaged,1,0
engaged_1934.jpg,train,engaged,engaged_2086.jpg,val,engaged,1,0
engaged_1934.jpg,train,engaged,engaged_2096.jpg,val,engaged,1,0
engaged_1934.jpg,train,engaged,engaged_2103.jpg,val,engaged,1,0
engaged_1934.jpg,train,engaged,engaged_2121.jpg,val,engaged,1,0
engaged_1934.jpg,train,engaged,engaged_2136.jpg,val,engaged,1,0
engaged_1934.jpg,train,engaged,engaged_2166.jpg,val,engaged,1,0
engaged_1934.jpg,train,engaged,engaged_2172.jpg,val,engaged,1,0
engaged_1934.jpg,train,engaged,engaged_2213.jpg,val,engaged,1,0
engaged_1934.jpg,train,engaged,frustrated_9411.jpg,val,frustrated,5,6
engaged_1934.jpg,train,engaged,frustrated_9580.jpg,val,frustrated,5,6
engaged_1934.jpg,train,engaged,frustrated_9798.jpg,val,frustrated,4,6
engaged_1956.jpg,train,engaged,confused_4212.jpg,val,confused,5,6
engaged_1956.jpg,train,engaged,engaged_1775.jpg,val,engaged,0,0
engaged_1956.jpg,train,engaged,engaged_1779.jpg,val,engaged,0,0
engaged_1956.jpg,train,engaged,engaged_1836.jpg,val,engaged,1,0
engaged_1956.jpg,train,engaged,engaged_1867.jpg,val,engaged,0,0
engaged_1956.jpg,train,engaged,engaged_1979.jpg,val,engaged,0,0
engaged_1956.jpg,train,engaged,engaged_2045.jpg,val,engaged,0,0
engaged_1956.jpg,train,engaged,engaged_2079.jpg,val,engaged,1,0
engaged_1956.jpg,train,engaged,engaged_2080.jpg,val,engaged,1,0
engaged_1956.jpg,train,engaged,engaged_2086.jpg,val,engaged,1,0
engaged_1956.jpg,train,engaged,engaged_2096.jpg,val,engaged,1,0
engaged_1956.jpg,train,engaged,engaged_2103.jpg,val,engaged,1,0
engaged_1956.jpg,train,engaged,engaged_2121.jpg,val,engaged,1,0
engaged_1956.jpg,train,engaged,engaged_2136.jpg,val,engaged,1,0
engaged_1956.jpg,train,engaged,engaged_2166.jpg,val,engaged,1,0
engaged_1956.jpg,train,engaged,engaged_2172.jpg,val,engaged,1,0
engaged_1956.jpg,train,engaged,engaged_2213.jpg,val,engaged,1,0
engaged_1956.jpg,train,engaged,frustrated_9411.jpg,val,frustrated,5,6
engaged_1956.jpg,train,engaged,frustrated_9580.jpg,val,frustrated,5,6
engaged_1956.jpg,train,engaged,frustrated_9798.jpg,val,frustrated,4,6
engaged_1957.jpg,train,engaged,confused_4212.jpg,val,confused,5,6
engaged_1957.jpg,train,engaged,engaged_1775.jpg,val,engaged,0,0
engaged_1957.jpg,train,engaged,engaged_1779.jpg,val,engaged,0,0
engaged_1957.jpg,train,engaged,engaged_1836.jpg,val,engaged,1,0
engaged_1957.jpg,train,engaged,engaged_1867.jpg,val,engaged,0,0
engaged_1957.jpg,train,engaged,engaged_1979.jpg,val,engaged,0,0
engaged_1957.jpg,train,engaged,engaged_2045.jpg,val,engaged,0,0
engaged_1957.jpg,train,engaged,engaged_2079.jpg,val,engaged,1,0
engaged_1957.jpg,train,engaged,engaged_2080.jpg,val,engaged,1,0
engaged_1957.jpg,train,engaged,engaged_2086.jpg,val,engaged,1,0
engaged_1957.jpg,train,engaged,engaged_2096.jpg,val,engaged,1,0
engaged_1957.jpg,train,engaged,engaged_2103.jpg,val,engaged,1,0
engaged_1957.jpg,train,engaged,engaged_2121.jpg,val,engaged,1,0
engaged_1957.jpg,train,engaged,engaged_2136.jpg,val,engaged,1,0
engaged_1957.jpg,train,engaged,engaged_2166.jpg,val,engaged,1,0
engaged_1957.jpg,train,engaged,engaged_2172.jpg,val,engaged,1,0
engaged_1957.jpg,train,engaged,engaged_2213.jpg,val,engaged,1,0
engaged_1957.jpg,train,engaged,frustrated_9411.jpg,val,frustrated,5,6
engaged_1957.jpg,train,engaged,frustrated_9580.jpg,val,frustrated,5,6
engaged_1957.jpg,train,engaged,frustrated_9798.jpg,val,frustrated,4,6
engaged_1983.jpg,train,engaged,confused_4212.jpg,val,confused,5,6
engaged_1983.jpg,train,engaged,engaged_1775.jpg,val,engaged,0,0
engaged_1983.jpg,train,engaged,engaged_1779.jpg,val,engaged,0,0
engaged_1983.jpg,train,engaged,engaged_1836.jpg,val,engaged,1,0
engaged_1983.jpg,train,engaged,engaged_1867.jpg,val,engaged,0,0
engaged_1983.jpg,train,engaged,engaged_1979.jpg,val,engaged,0,0
engaged_1983.jpg,train,engaged,engaged_2045.jpg,val,engaged,0,0
engaged_1983.jpg,train,engaged,engaged_2079.jpg,val,engaged,1,0
engaged_1983.jpg,train,engaged,engaged_2080.jpg,val,engaged,1,0
engaged_1983.jpg,train,engaged,engaged_2086.jpg,val,engaged,1,0
engaged_1983.jpg,train,engaged,engaged_2096.jpg,val,engaged,1,0
engaged_1983.jpg,train,engaged,engaged_2103.jpg,val,engaged,1,0
engaged_1983.jpg,train,engaged,engaged_2121.jpg,val,engaged,1,0
engaged_1983.jpg,train,engaged,engaged_2136.jpg,val,engaged,1,0
engaged_1983.jpg,train,engaged,engaged_2166.jpg,val,engaged,1,0
engaged_1983.jpg,train,engaged,engaged_2172.jpg,val,engaged,1,0
engaged_1983.jpg,train,engaged,engaged_2213.jpg,val,engaged,1,0
engaged_1983.jpg,train,engaged,frustrated_9411.jpg,val,frustrated,5,6
engaged_1983.jpg,train,engaged,frustrated_9580.jpg,val,frustrated,5,6
engaged_1983.jpg,train,engaged,frustrated_9798.jpg,val,frustrated,4,6
engaged_1993.jpg,train,engaged,confused_4212.jpg,val,confused,5,6
engaged_1993.jpg,train,engaged,engaged_1775.jpg,val,engaged,0,0
engaged_1993.jpg,train,engaged,engaged_1779.jpg,val,engaged,0,0
engaged_1993.jpg,train,engaged,engaged_1836.jpg,val,engaged,1,0
engaged_1993.jpg,train,engaged,engaged_1867.jpg,val,engaged,0,0
engaged_1993.jpg,train,engaged,engaged_1979.jpg,val,engaged,0,0
engaged_1993.jpg,train,engaged,engaged_2045.jpg,val,engaged,0,0
engaged_1993.jpg,train,engaged,engaged_2079.jpg,val,engaged,1,0
engaged_1993.jpg,train,engaged,engaged_2080.jpg,val,engaged,1,0
engaged_1993.jpg,train,engaged,engaged_2086.jpg,val,engaged,1,0
engaged_1993.jpg,train,engaged,engaged_2096.jpg,val,engaged,1,0
engaged_1993.jpg,train,engaged,engaged_2103.jpg,val,engaged,1,0
engaged_1993.jpg,train,engaged,engaged_2121.jpg,val,engaged,1,0
engaged_1993.jpg,train,engaged,engaged_2136.jpg,val,engaged,1,0
engaged_1993.jpg,train,engaged,engaged_2166.jpg,val,engaged,1,0
engaged_1993.jpg,train,engaged,engaged_2172.jpg,val,engaged,1,0
engaged_1993.jpg,train,engaged,engaged_2213.jpg,val,engaged,1,0
engaged_1993.jpg,train,engaged,frustrated_9411.jpg,val,frustrated,5,6
engaged_1993.jpg,train,engaged,frustrated_9580.jpg,val,frustrated,5,6
engaged_1993.jpg,train,engaged,frustrated_9798.jpg,val,frustrated,4,6
engaged_1994.jpg,train,engaged,confused_4212.jpg,val,confused,5,6
engaged_1994.jpg,train,engaged,engaged_1775.jpg,val,engaged,0,0
engaged_1994.jpg,train,engaged,engaged_1779.jpg,val,engaged,0,0
engaged_1994.jpg,train,engaged,engaged_1836.jpg,val,engaged,1,0
engaged_1994.jpg,train,engaged,engaged_1867.jpg,val,engaged,0,0
engaged_1994.jpg,train,engaged,engaged_1979.jpg,val,engaged,0,0
engaged_1994.jpg,train,engaged,engaged_2045.jpg,val,engaged,0,0
engaged_1994.jpg,train,engaged,engaged_2079.jpg,val,engaged,1,0
engaged_1994.jpg,train,engaged,engaged_2080.jpg,val,engaged,1,0
engaged_1994.jpg,train,engaged,engaged_2086.jpg,val,engaged,1,0
engaged_1994.jpg,train,engaged,engaged_2096.jpg,val,engaged,1,0
engaged_1994.jpg,train,engaged,engaged_2103.jpg,val,engaged,1,0
engaged_1994.jpg,train,engaged,engaged_2121.jpg,val,engaged,1,0
engaged_1994.jpg,train,engaged,engaged_2136.jpg,val,engaged,1,0
engaged_1994.jpg,train,engaged,engaged_2166.jpg,val,engaged,1,0
engaged_1994.jpg,train,engaged,engaged_2172.jpg,val,engaged,1,0
engaged_1994.jpg,train,engaged,engaged_2213.jpg,val,engaged,1,0
engaged_1994.jpg,train,engaged,frustrated_9411.jpg,val,frustrated,5,6
engaged_1994.jpg,train,engaged,frustrated_9580.jpg,val,frustrated,5,6
engaged_1994.jpg,train,engaged,frustrated_9798.jpg,val,frustrated,4,6
engaged_2000.jpg,train,engaged,confused_4212.jpg,val,confused,5,6
engaged_2000.jpg,train,engaged,engaged_1775.jpg,val,engaged,0,0
engaged_2000.jpg,train,engaged,engaged_1779.jpg,val,engaged,0,0
engaged_2000.jpg,train,engaged,engaged_1836.jpg,val,engaged,1,0
engaged_2000.jpg,train,engaged,engaged_1867.jpg,val,engaged,0,0
engaged_2000.jpg,train,engaged,engaged_1979.jpg,val,engaged,0,0
engaged_2000.jpg,train,engaged,engaged_2045.jpg,val,engaged,0,0
engaged_2000.jpg,train,engaged,engaged_2079.jpg,val,engaged,1,0
engaged_2000.jpg,train,engaged,engaged_2080.jpg,val,engaged,1,0
engaged_2000.jpg,train,engaged,engaged_2086.jpg,val,engaged,1,0
engaged_2000.jpg,train,engaged,engaged_2096.jpg,val,engaged,1,0
engaged_2000.jpg,train,engaged,engaged_2103.jpg,val,engaged,1,0
engaged_2000.jpg,train,engaged,engaged_2121.jpg,val,engaged,1,0
engaged_2000.jpg,train,engaged,engaged_2136.jpg,val,engaged,1,0
engaged_2000.jpg,train,engaged,engaged_2166.jpg,val,engaged,1,0
engaged_2000.jpg,train,engaged,engaged_2172.jpg,val,engaged,1,0
engaged_2000.jpg,train,engaged,engaged_2213.jpg,val,engaged,1,0
engaged_2000.jpg,train,engaged,frustrated_9411.jpg,val,frustrated,5,6
engaged_2000.jpg,train,engaged,frustrated_9580.jpg,val,frustrated,5,6
engaged_2000.jpg,train,engaged,frustrated_9798.jpg,val,frustrated,4,6
engaged_2046.jpg,train,engaged,confused_4212.jpg,val,confused,5,6
engaged_2046.jpg,train,engaged,engaged_1775.jpg,val,engaged,0,0
engaged_2046.jpg,train,engaged,engaged_1779.jpg,val,engaged,0,0
engaged_2046.jpg,train,engaged,engaged_1836.jpg,val,engaged,1,0
engaged_2046.jpg,train,engaged,engaged_1867.jpg,val,engaged,0,0
engaged_2046.jpg,train,engaged,engaged_1979.jpg,val,engaged,0,0
engaged_2046.jpg,train,engaged,engaged_2045.jpg,val,engaged,0,0
engaged_2046.jpg,train,engaged,engaged_2079.jpg,val,engaged,1,0
engaged_2046.jpg,train,engaged,engaged_2080.jpg,val,engaged,1,0
engaged_2046.jpg,train,engaged,engaged_2086.jpg,val,engaged,1,0
engaged_2046.jpg,train,engaged,engaged_2096.jpg,val,engaged,1,0
engaged_2046.jpg,train,engaged,engaged_2103.jpg,val,engaged,1,0
engaged_2046.jpg,train,engaged,engaged_2121.jpg,val,engaged,1,0
engaged_2046.jpg,train,engaged,engaged_2136.jpg,val,engaged,1,0
engaged_2046.jpg,train,engaged,engaged_2166.jpg,val,engaged,1,0
engaged_2046.jpg,train,engaged,engaged_2172.jpg,val,engaged,1,0
engaged_2046.jpg,train,engaged,engaged_2213.jpg,val,engaged,1,0
engaged_2046.jpg,train,engaged,frustrated_9411.jpg,val,frustrated,5,6
engaged_2046.jpg,train,engaged,frustrated_9580.jpg,val,frustrated,5,6
engaged_2046.jpg,train,engaged,frustrated_9798.jpg,val,frustrated,4,6
engaged_2049.jpg,train,engaged,confused_4212.jpg,val,confused,5,6
engaged_2049.jpg,train,engaged,engaged_1775.jpg,val,engaged,0,0
engaged_2049.jpg,train,engaged,engaged_1779.jpg,val,engaged,0,0
engaged_2049.jpg,train,engaged,engaged_1836.jpg,val,engaged,1,0
engaged_2049.jpg,train,engaged,engaged_1867.jpg,val,engaged,0,0
engaged_2049.jpg,train,engaged,engaged_1979.jpg,val,engaged,0,0
engaged_2049.jpg,train,engaged,engaged_2045.jpg,val,engaged,0,0
engaged_2049.jpg,train,engaged,engaged_2079.jpg,val,engaged,1,0
engaged_2049.jpg,train,engaged,engaged_2080.jpg,val,engaged,1,0
engaged_2049.jpg,train,engaged,engaged_2086.jpg,val,engaged,1,0
engaged_2049.jpg,train,engaged,engaged_2096.jpg,val,engaged,1,0
engaged_2049.jpg,train,engaged,engaged_2103.jpg,val,engaged,1,0
engaged_2049.jpg,train,engaged,engaged_2121.jpg,val,engaged,1,0
engaged_2049.jpg,train,engaged,engaged_2136.jpg,val,engaged,1,0
engaged_2049.jpg,train,engaged,engaged_2166.jpg,val,engaged,1,0
engaged_2049.jpg,train,engaged,engaged_2172.jpg,val,engaged,1,0
engaged_2049.jpg,train,engaged,engaged_2213.jpg,val,engaged,1,0
engaged_2049.jpg,train,engaged,frustrated_9411.jpg,val,frustrated,5,6
engaged_2049.jpg,train,engaged,frustrated_9580.jpg,val,frustrated,5,6
engaged_2049.jpg,train,engaged,frustrated_9798.jpg,val,frustrated,4,6
engaged_2068.jpg,train,engaged,confused_4212.jpg,val,confused,5,6
engaged_2068.jpg,train,engaged,engaged_1775.jpg,val,engaged,0,0
engaged_2068.jpg,train,engaged,engaged_1779.jpg,val,engaged,0,0
engaged_2068.jpg,train,engaged,engaged_1836.jpg,val,engaged,1,0
engaged_2068.jpg,train,engaged,engaged_1867.jpg,val,engaged,0,0
engaged_2068.jpg,train,engaged,engaged_1979.jpg,val,engaged,0,0
engaged_2068.jpg,train,engaged,engaged_2045.jpg,val,engaged,0,0
engaged_2068.jpg,train,engaged,engaged_2079.jpg,val,engaged,1,0
engaged_2068.jpg,train,engaged,engaged_2080.jpg,val,engaged,1,0
engaged_2068.jpg,train,engaged,engaged_2086.jpg,val,engaged,1,0
engaged_2068.jpg,train,engaged,engaged_2096.jpg,val,engaged,1,0
engaged_2068.jpg,train,engaged,engaged_2103.jpg,val,engaged,1,0
engaged_2068.jpg,train,engaged,engaged_2121.jpg,val,engaged,1,0
engaged_2068.jpg,train,engaged,engaged_2136.jpg,val,engaged,1,0
engaged_2068.jpg,train,engaged,engaged_2166.jpg,val,engaged,1,0
engaged_2068.jpg,train,engaged,engaged_2172.jpg,val,engaged,1,0
engaged_2068.jpg,train,engaged,engaged_2213.jpg,val,engaged,1,0
engaged_2068.jpg,train,engaged,frustrated_9411.jpg,val,frustrated,5,6
engaged_2068.jpg,train,engaged,frustrated_9580.jpg,val,frustrated,5,6
engaged_2068.jpg,train,engaged,frustrated_9798.jpg,val,frustrated,4,6
engaged_2069.jpg,train,engaged,engaged_1775.jpg,val,engaged,1,0
engaged_2069.jpg,train,engaged,engaged_1779.jpg,val,engaged,1,0
engaged_2069.jpg,train,engaged,engaged_1836.jpg,val,engaged,0,0
engaged_2069.jpg,train,engaged,engaged_1867.jpg,val,engaged,1,0
engaged_2069.jpg,train,engaged,engaged_1979.jpg,val,engaged,1,0
engaged_2069.jpg,train,engaged,engaged_2045.jpg,val,engaged,1,0
engaged_2069.jpg,train,engaged,engaged_2079.jpg,val,engaged,0,0
engaged_2069.jpg,train,engaged,engaged_2080.jpg,val,engaged,0,0
engaged_2069.jpg,train,engaged,engaged_2086.jpg,val,engaged,0,0
engaged_2069.jpg,train,engaged,engaged_2096.jpg,val,engaged,0,0
engaged_2069.jpg,train,engaged,engaged_2103.jpg,val,engaged,0,0
engaged_2069.jpg,train,engaged,engaged_2121.jpg,val,engaged,0,0
engaged_2069.jpg,train,engaged,engaged_2136.jpg,val,engaged,0,0
engaged_2069.jpg,train,engaged,engaged_2166.jpg,val,engaged,0,0
engaged_2069.jpg,train,engaged,engaged_2172.jpg,val,engaged,0,0
engaged_2069.jpg,train,engaged,engaged_2213.jpg,val,engaged,0,0
engaged_2069.jpg,train,engaged,frustrated_9580.jpg,val,frustrated,4,6
engaged_2069.jpg,train,engaged,frustrated_9798.jpg,val,frustrated,3,6
engaged_2070.jpg,train,engaged,engaged_1775.jpg,val,engaged,1,0
engaged_2070.jpg,train,engaged,engaged_1779.jpg,val,engaged,1,0
engaged_2070.jpg,train,engaged,engaged_1836.jpg,val,engaged,0,0
engaged_2070.jpg,train,engaged,engaged_1867.jpg,val,engaged,1,0
engaged_2070.jpg,train,engaged,engaged_1979.jpg,val,engaged,1,0
engaged_2070.jpg,train,engaged,engaged_2045.jpg,val,engaged,1,0
engaged_2070.jpg,train,engaged,engaged_2079.jpg,val,engaged,0,0
engaged_2070.jpg,train,engaged,engaged_2080.jpg,val,engaged,0,0
engaged_2070.jpg,train,engaged,engaged_2086.jpg,val,engaged,0,0
engaged_2070.jpg,train,engaged,engaged_2096.jpg,val,engaged,0,0
engaged_2070.jpg,train,engaged,engaged_2103.jpg,val,engaged,0,0
engaged_2070.jpg,train,engaged,engaged_2121.jpg,val,engaged,0,0
engaged_2070.jpg,train,engaged,engaged_2136.jpg,val,engaged,0,0
engaged_2070.jpg,train,engaged,engaged_2166.jpg,val,engaged,0,0
engaged_2070.jpg,train,engaged,engaged_2172.jpg,val,engaged,0,0
engaged_2070.jpg,train,engaged,engaged_2213.jpg,val,engaged,0,0
engaged_2070.jpg,train,engaged,frustrated_9580.jpg,val,frustrated,4,6
engaged_2070.jpg,train,engaged,frustrated_9798.jpg,val,frustrated,3,6
engaged_2074.jpg,train,engaged,engaged_1775.jpg,val,engaged,1,0
engaged_2074.jpg,train,engaged,engaged_1779.jpg,val,engaged,1,0
engaged_2074.jpg,train,engaged,engaged_1836.jpg,val,engaged,0,0
engaged_2074.jpg,train,engaged,engaged_1867.jpg,val,engaged,1,0
engaged_2074.jpg,train,engaged,engaged_1979.jpg,val,engaged,1,0
engaged_2074.jpg,train,engaged,engaged_2045.jpg,val,engaged,1,0
engaged_2074.jpg,train,engaged,engaged_2079.jpg,val,engaged,0,0
engaged_2074.jpg,train,engaged,engaged_2080.jpg,val,engaged,0,0
engaged_2074.jpg,train,engaged,engaged_2086.jpg,val,engaged,0,0
engaged_2074.jpg,train,engaged,engaged_2096.jpg,val,engaged,0,0
engaged_2074.jpg,train,engaged,engaged_2103.jpg,val,engaged,0,0
engaged_2074.jpg,train,engaged,engaged_2121.jpg,val,engaged,0,0
engaged_2074.jpg,train,engaged,engaged_2136.jpg,val,engaged,0,0
engaged_2074.jpg,train,engaged,engaged_2166.jpg,val,engaged,0,0
engaged_2074.jpg,train,engaged,engaged_2172.jpg,val,engaged,0,0
engaged_2074.jpg,train,engaged,engaged_2213.jpg,val,engaged,0,0
engaged_2074.jpg,train,engaged,frustrated_9580.jpg,val,frustrated,4,6
engaged_2074.jpg,train,engaged,frustrated_9798.jpg,val,frustrated,3,6
engaged_2075.jpg,train,engaged,engaged_1775.jpg,val,engaged,1,0
engaged_2075.jpg,train,engaged,engaged_1779.jpg,val,engaged,1,0
engaged_2075.jpg,train,engaged,engaged_1836.jpg,val,engaged,0,0
engaged_2075.jpg,train,engaged,engaged_1867.jpg,val,engaged,1,0
engaged_2075.jpg,train,engaged,engaged_1979.jpg,val,engaged,1,0
engaged_2075.jpg,train,engaged,engaged_2045.jpg,val,engaged,1,0
engaged_2075.jpg,train,engaged,engaged_2079.jpg,val,engaged,0,0
engaged_2075.jpg,train,engaged,engaged_2080.jpg,val,engaged,0,0
engaged_2075.jpg,train,engaged,engaged_2086.jpg,val,engaged,0,0
engaged_2075.jpg,train,engaged,engaged_2096.jpg,val,engaged,0,0
engaged_2075.jpg,train,engaged,engaged_2103.jpg,val,engaged,0,0
engaged_2075.jpg,train,engaged,engaged_2121.jpg,val,engaged,0,0
engaged_2075.jpg,train,engaged,engaged_2136.jpg,val,engaged,0,0
engaged_2075.jpg,train,engaged,engaged_2166.jpg,val,engaged,0,0
engaged_2075.jpg,train,engaged,engaged_2172.jpg,val,engaged,0,0
engaged_2075.jpg,train,engaged,engaged_2213.jpg,val,engaged,0,0
engaged_2075.jpg,train,engaged,frustrated_9580.jpg,val,frustrated,4,6
engaged_2075.jpg,train,engaged,frustrated_9798.jpg,val,frustrated,3,6
engaged_2076.jpg,train,engaged,engaged_1775.jpg,val,engaged,1,0
engaged_2076.jpg,train,engaged,engaged_1779.jpg,val,engaged,1,0
engaged_2076.jpg,train,engaged,engaged_1836.jpg,val,engaged,0,0
engaged_2076.jpg,train,engaged,engaged_1867.jpg,val,engaged,1,0
engaged_2076.jpg,train,engaged,engaged_1979.jpg,val,engaged,1,0
engaged_2076.jpg,train,engaged,engaged_2045.jpg,val,engaged,1,0
engaged_2076.jpg,train,engaged,engaged_2079.jpg,val,engaged,0,0
engaged_2076.jpg,train,engaged,engaged_2080.jpg,val,engaged,0,0
engaged_2076.jpg,train,engaged,engaged_2086.jpg,val,engaged,0,0
engaged_2076.jpg,train,engaged,engaged_2096.jpg,val,engaged,0,0
engaged_2076.jpg,train,engaged,engaged_2103.jpg,val,engaged,0,0
engaged_2076.jpg,train,engaged,engaged_2121.jpg,val,engaged,0,0
engaged_2076.jpg,train,engaged,engaged_2136.jpg,val,engaged,0,0
engaged_2076.jpg,train,engaged,engaged_2166.jpg,val,engaged,0,0
engaged_2076.jpg,train,engaged,engaged_2172.jpg,val,engaged,0,0
engaged_2076.jpg,train,engaged,engaged_2213.jpg,val,engaged,0,0
engaged_2076.jpg,train,engaged,frustrated_9580.jpg,val,frustrated,4,6
engaged_2076.jpg,train,engaged,frustrated_9798.jpg,val,frustrated,3,6
engaged_2093.jpg,train,engaged,engaged_1775.jpg,val,engaged,1,0
engaged_2093.jpg,train,engaged,engaged_1779.jpg,val,engaged,1,0
engaged_2093.jpg,train,engaged,engaged_1836.jpg,val,engaged,0,0
engaged_2093.jpg,train,engaged,engaged_1867.jpg,val,engaged,1,0
engaged_2093.jpg,train,engaged,engaged_1979.jpg,val,engaged,1,0
engaged_2093.jpg,train,engaged,engaged_2045.jpg,val,engaged,1,0
engaged_2093.jpg,train,engaged,engaged_2079.jpg,val,engaged,0,0
engaged_2093.jpg,train,engaged,engaged_2080.jpg,val,engaged,0,0
engaged_2093.jpg,train,engaged,engaged_2086.jpg,val,engaged,0,0
engaged_2093.jpg,train,engaged,engaged_2096.jpg,val,engaged,0,0
engaged_2093.jpg,train,engaged,engaged_2103.jpg,val,engaged,0,0
engaged_2093.jpg,train,engaged,engaged_2121.jpg,val,engaged,0,0
engaged_2093.jpg,train,engaged,engaged_2136.jpg,val,engaged,0,0
engaged_2093.jpg,train,engaged,engaged_2166.jpg,val,engaged,0,0
engaged_2093.jpg,train,engaged,engaged_2172.jpg,val,engaged,0,0
engaged_2093.jpg,train,engaged,engaged_2213.jpg,val,engaged,0,0
engaged_2093.jpg,train,engaged,frustrated_9580.jpg,val,frustrated,4,6
engaged_2093.jpg,train,engaged,frustrated_9798.jpg,val,frustrated,3,6
engaged_2097.jpg,train,engaged,engaged_1775.jpg,val,engaged,1,0
engaged_2097.jpg,train,engaged,engaged_1779.jpg,val,engaged,1,0
engaged_2097.jpg,train,engaged,engaged_1836.jpg,val,engaged,0,0
engaged_2097.jpg,train,engaged,engaged_1867.jpg,val,engaged,1,0
engaged_2097.jpg,train,engaged,engaged_1979.jpg,val,engaged,1,0
engaged_2097.jpg,train,engaged,engaged_2045.jpg,val,engaged,1,0
engaged_2097.jpg,train,engaged,engaged_2079.jpg,val,engaged,0,0
engaged_2097.jpg,train,engaged,engaged_2080.jpg,val,engaged,0,0
engaged_2097.jpg,train,engaged,engaged_2086.jpg,val,engaged,0,0
engaged_2097.jpg,train,engaged,engaged_2096.jpg,val,engaged,0,0
engaged_2097.jpg,train,engaged,engaged_2103.jpg,val,engaged,0,0
engaged_2097.jpg,train,engaged,engaged_2121.jpg,val,engaged,0,0
engaged_2097.jpg,train,engaged,engaged_2136.jpg,val,engaged,0,0
engaged_2097.jpg,train,engaged,engaged_2166.jpg,val,engaged,0,0
engaged_2097.jpg,train,engaged,engaged_2172.jpg,val,engaged,0,0
engaged_2097.jpg,train,engaged,engaged_2213.jpg,val,engaged,0,0
engaged_2097.jpg,train,engaged,frustrated_9580.jpg,val,frustrated,4,6
engaged_2097.jpg,train,engaged,frustrated_9798.jpg,val,frustrated,3,6
engaged_2098.jpg,train,engaged,engaged_1775.jpg,val,engaged,1,0
engaged_2098.jpg,train,engaged,engaged_1779.jpg,val,engaged,1,0
engaged_2098.jpg,train,engaged,engaged_1836.jpg,val,engaged,0,0
engaged_2098.jpg,train,engaged,engaged_1867.jpg,val,engaged,1,0
engaged_2098.jpg,train,engaged,engaged_1979.jpg,val,engaged,1,0
engaged_2098.jpg,train,engaged,engaged_2045.jpg,val,engaged,1,0
engaged_2098.jpg,train,engaged,engaged_2079.jpg,val,engaged,0,0
engaged_2098.jpg,train,engaged,engaged_2080.jpg,val,engaged,0,0
engaged_2098.jpg,train,engaged,engaged_2086.jpg,val,engaged,0,0
engaged_2098.jpg,train,engaged,engaged_2096.jpg,val,engaged,0,0
engaged_2098.jpg,train,engaged,engaged_2103.jpg,val,engaged,0,0
engaged_2098.jpg,train,engaged,engaged_2121.jpg,val,engaged,0,0
engaged_2098.jpg,train,engaged,engaged_2136.jpg,val,engaged,0,0
engaged_2098.jpg,train,engaged,engaged_2166.jpg,val,engaged,0,0
engaged_2098.jpg,train,engaged,engaged_2172.jpg,val,engaged,0,0
engaged_2098.jpg,train,engaged,engaged_2213.jpg,val,engaged,0,0
engaged_2098.jpg,train,engaged,frustrated_9580.jpg,val,frustrated,4,6
engaged_2098.jpg,train,engaged,frustrated_9798.jpg,val,frustrated,3,6
engaged_2102.jpg,train,engaged,engaged_1775.jpg,val,engaged,1,0
engaged_2102.jpg,train,engaged,engaged_1779.jpg,val,engaged,1,0
engaged_2102.jpg,train,engaged,engaged_1836.jpg,val,engaged,0,0
engaged_2102.jpg,train,engaged,engaged_1867.jpg,val,engaged,1,0
engaged_2102.jpg,train,engaged,engaged_1979.jpg,val,engaged,1,0
engaged_2102.jpg,train,engaged,engaged_2045.jpg,val,engaged,1,0
engaged_2102.jpg,train,engaged,engaged_2079.jpg,val,engaged,0,0
engaged_2102.jpg,train,engaged,engaged_2080.jpg,val,engaged,0,0
engaged_2102.jpg,train,engaged,engaged_2086.jpg,val,engaged,0,0
engaged_2102.jpg,train,engaged,engaged_2096.jpg,val,engaged,0,0
engaged_2102.jpg,train,engaged,engaged_2103.jpg,val,engaged,0,0
engaged_2102.jpg,train,engaged,engaged_2121.jpg,val,engaged,0,0
engaged_2102.jpg,train,engaged,engaged_2136.jpg,val,engaged,0,0
engaged_2102.jpg,train,engaged,engaged_2166.jpg,val,engaged,0,0
engaged_2102.jpg,train,engaged,engaged_2172.jpg,val,engaged,0,0
engaged_2102.jpg,train,engaged,engaged_2213.jpg,val,engaged,0,0
engaged_2102.jpg,train,engaged,frustrated_9580.jpg,val,frustrated,4,6
engaged_2102.jpg,train,engaged,frustrated_9798.jpg,val,frustrated,3,6
engaged_2107.jpg,train,engaged,engaged_1775.jpg,val,engaged,1,0
engaged_2107.jpg,train,engaged,engaged_1779.jpg,val,engaged,1,0
engaged_2107.jpg,train,engaged,engaged_1836.jpg,val,engaged,0,0
engaged_2107.jpg,train,engaged,engaged_1867.jpg,val,engaged,1,0
engaged_2107.jpg,train,engaged,engaged_1979.jpg,val,engaged,1,0
engaged_2107.jpg,train,engaged,engaged_2045.jpg,val,engaged,1,0
engaged_2107.jpg,train,engaged,engaged_2079.jpg,val,engaged,0,0
engaged_2107.jpg,train,engaged,engaged_2080.jpg,val,engaged,0,0
engaged_2107.jpg,train,engaged,engaged_2086.jpg,val,engaged,0,0
engaged_2107.jpg,train,engaged,engaged_2096.jpg,val,engaged,0,0
engaged_2107.jpg,train,engaged,engaged_2103.jpg,val,engaged,0,0
engaged_2107.jpg,train,engaged,engaged_2121.jpg,val,engaged,0,0
engaged_2107.jpg,train,engaged,engaged_2136.jpg,val,engaged,0,0
engaged_2107.jpg,train,engaged,engaged_2166.jpg,val,engaged,0,0
engaged_2107.jpg,train,engaged,engaged_2172.jpg,val,engaged,0,0
engaged_2107.jpg,train,engaged,engaged_2213.jpg,val,engaged,0,0
engaged_2107.jpg,train,engaged,frustrated_9580.jpg,val,frustrated,4,6
engaged_2107.jpg,train,engaged,frustrated_9798.jpg,val,frustrated,3,6
engaged_2117.jpg,train,engaged,engaged_1775.jpg,val,engaged,1,0
engaged_2117.jpg,train,engaged,engaged_1779.jpg,val,engaged,1,0
engaged_2117.jpg,train,engaged,engaged_1836.jpg,val,engaged,0,0
engaged_2117.jpg,train,engaged,engaged_1867.jpg,val,engaged,1,0
engaged_2117.jpg,train,engaged,engaged_1979.jpg,val,engaged,1,0
engaged_2117.jpg,train,engaged,engaged_2045.jpg,val,engaged,1,0
engaged_2117.jpg,train,engaged,engaged_2079.jpg,val,engaged,0,0
engaged_2117.jpg,train,engaged,engaged_2080.jpg,val,engaged,0,0
engaged_2117.jpg,train,engaged,engaged_2086.jpg,val,engaged,0,0
engaged_2117.jpg,train,engaged,engaged_2096.jpg,val,engaged,0,0
engaged_2117.jpg,train,engaged,engaged_2103.jpg,val,engaged,0,0
engaged_2117.jpg,train,engaged,engaged_2121.jpg,val,engaged,0,0
engaged_2117.jpg,train,engaged,engaged_2136.jpg,val,engaged,0,0
engaged_2117.jpg,train,engaged,engaged_2166.jpg,val,engaged,0,0
engaged_2117.jpg,train,engaged,engaged_2172.jpg,val,engaged,0,0
engaged_2117.jpg,train,engaged,engaged_2213.jpg,val,engaged,0,0
engaged_2117.jpg,train,engaged,frustrated_9580.jpg,val,frustrated,4,6
engaged_2117.jpg,train,engaged,frustrated_9798.jpg,val,frustrated,3,6
engaged_2118.jpg,train,engaged,engaged_1775.jpg,val,engaged,1,0
engaged_2118.jpg,train,engaged,engaged_1779.jpg,val,engaged,1,0
engaged_2118.jpg,train,engaged,engaged_1836.jpg,val,engaged,0,0
engaged_2118.jpg,train,engaged,engaged_1867.jpg,val,engaged,1,0
engaged_2118.jpg,train,engaged,engaged_1979.jpg,val,engaged,1,0
engaged_2118.jpg,train,engaged,engaged_2045.jpg,val,engaged,1,0
engaged_2118.jpg,train,engaged,engaged_2079.jpg,val,engaged,0,0
engaged_2118.jpg,train,engaged,engaged_2080.jpg,val,engaged,0,0
engaged_2118.jpg,train,engaged,engaged_2086.jpg,val,engaged,0,0
engaged_2118.jpg,train,engaged,engaged_2096.jpg,val,engaged,0,0
engaged_2118.jpg,train,engaged,engaged_2103.jpg,val,engaged,0,0
engaged_2118.jpg,train,engaged,engaged_2121.jpg,val,engaged,0,0
engaged_2118.jpg,train,engaged,engaged_2136.jpg,val,engaged,0,0
engaged_2118.jpg,train,engaged,engaged_2166.jpg,val,engaged,0,0
engaged_2118.jpg,train,engaged,engaged_2172.jpg,val,engaged,0,0
engaged_2118.jpg,train,engaged,engaged_2213.jpg,val,engaged,0,0
engaged_2118.jpg,train,engaged,frustrated_9580.jpg,val,frustrated,4,6
engaged_2118.jpg,train,engaged,frustrated_9798.jpg,val,frustrated,3,6
engaged_2119.jpg,train,engaged,engaged_1775.jpg,val,engaged,1,0
engaged_2119.jpg,train,engaged,engaged_1779.jpg,val,engaged,1,0
engaged_2119.jpg,train,engaged,engaged_1836.jpg,val,engaged,0,0
engaged_2119.jpg,train,engaged,engaged_1867.jpg,val,engaged,1,0
engaged_2119.jpg,train,engaged,engaged_1979.jpg,val,engaged,1,0
engaged_2119.jpg,train,engaged,engaged_2045.jpg,val,engaged,1,0
engaged_2119.jpg,train,engaged,engaged_2079.jpg,val,engaged,0,0
engaged_2119.jpg,train,engaged,engaged_2080.jpg,val,engaged,0,0
engaged_2119.jpg,train,engaged,engaged_2086.jpg,val,engaged,0,0
engaged_2119.jpg,train,engaged,engaged_2096.jpg,val,engaged,0,0
engaged_2119.jpg,train,engaged,engaged_2103.jpg,val,engaged,0,0
engaged_2119.jpg,train,engaged,engaged_2121.jpg,val,engaged,0,0
engaged_2119.jpg,train,engaged,engaged_2136.jpg,val,engaged,0,0
engaged_2119.jpg,train,engaged,engaged_2166.jpg,val,engaged,0,0
engaged_2119.jpg,train,engaged,engaged_2172.jpg,val,engaged,0,0
engaged_2119.jpg,train,engaged,engaged_2213.jpg,val,engaged,0,0
engaged_2119.jpg,train,engaged,frustrated_9580.jpg,val,frustrated,4,6
engaged_2119.jpg,train,engaged,frustrated_9798.jpg,val,frustrated,3,6
engaged_2120.jpg,train,engaged,engaged_1775.jpg,val,engaged,1,0
engaged_2120.jpg,train,engaged,engaged_1779.jpg,val,engaged,1,0
engaged_2120.jpg,train,engaged,engaged_1836.jpg,val,engaged,0,0
engaged_2120.jpg,train,engaged,engaged_1867.jpg,val,engaged,1,0
engaged_2120.jpg,train,engaged,engaged_1979.jpg,val,engaged,1,0
engaged_2120.jpg,train,engaged,engaged_2045.jpg,val,engaged,1,0
engaged_2120.jpg,train,engaged,engaged_2079.jpg,val,engaged,0,0
engaged_2120.jpg,train,engaged,engaged_2080.jpg,val,engaged,0,0
engaged_2120.jpg,train,engaged,engaged_2086.jpg,val,engaged,0,0
engaged_2120.jpg,train,engaged,engaged_2096.jpg,val,engaged,0,0
engaged_2120.jpg,train,engaged,engaged_2103.jpg,val,engaged,0,0
engaged_2120.jpg,train,engaged,engaged_2121.jpg,val,engaged,0,0
engaged_2120.jpg,train,engaged,engaged_2136.jpg,val,engaged,0,0
engaged_2120.jpg,train,engaged,engaged_2166.jpg,val,engaged,0,0
engaged_2120.jpg,train,engaged,engaged_2172.jpg,val,engaged,0,0
engaged_2120.jpg,train,engaged,engaged_2213.jpg,val,engaged,0,0
engaged_2120.jpg,train,engaged,frustrated_9580.jpg,val,frustrated,4,6
engaged_2120.jpg,train,engaged,frustrated_9798.jpg,val,frustrated,3,6
engaged_2123.jpg,train,engaged,engaged_1775.jpg,val,engaged,1,0
engaged_2123.jpg,train,engaged,engaged_1779.jpg,val,engaged,1,0
engaged_2123.jpg,train,engaged,engaged_1836.jpg,val,engaged,0,0
engaged_2123.jpg,train,engaged,engaged_1867.jpg,val,engaged,1,0
engaged_2123.jpg,train,engaged,engaged_1979.jpg,val,engaged,1,0
engaged_2123.jpg,train,engaged,engaged_2045.jpg,val,engaged,1,0
engaged_2123.jpg,train,engaged,engaged_2079.jpg,val,engaged,0,0
engaged_2123.jpg,train,engaged,engaged_2080.jpg,val,engaged,0,0
engaged_2123.jpg,train,engaged,engaged_2086.jpg,val,engaged,0,0
engaged_2123.jpg,train,engaged,engaged_2096.jpg,val,engaged,0,0
engaged_2123.jpg,train,engaged,engaged_2103.jpg,val,engaged,0,0
engaged_2123.jpg,train,engaged,engaged_2121.jpg,val,engaged,0,0
engaged_2123.jpg,train,engaged,engaged_2136.jpg,val,engaged,0,0
engaged_2123.jpg,train,engaged,engaged_2166.jpg,val,engaged,0,0
engaged_2123.jpg,train,engaged,engaged_2172.jpg,val,engaged,0,0
engaged_2123.jpg,train,engaged,engaged_2213.jpg,val,engaged,0,0
engaged_2123.jpg,train,engaged,frustrated_9580.jpg,val,frustrated,4,6
engaged_2123.jpg,train,engaged,frustrated_9798.jpg,val,frustrated,3,6
engaged_2124.jpg,train,engaged,engaged_1775.jpg,val,engaged,1,0
engaged_2124.jpg,train,engaged,engaged_1779.jpg,val,engaged,1,0
engaged_2124.jpg,train,engaged,engaged_1836.jpg,val,engaged,0,0
engaged_2124.jpg,train,engaged,engaged_1867.jpg,val,engaged,1,0
engaged_2124.jpg,train,engaged,engaged_1979.jpg,val,engaged,1,0
engaged_2124.jpg,train,engaged,engaged_2045.jpg,val,engaged,1,0
engaged_2124.jpg,train,engaged,engaged_2079.jpg,val,engaged,0,0
engaged_2124.jpg,train,engaged,engaged_2080.jpg,val,engaged,0,0
engaged_2124.jpg,train,engaged,engaged_2086.jpg,val,engaged,0,0
engaged_2124.jpg,train,engaged,engaged_2096.jpg,val,engaged,0,0
engaged_2124.jpg,train,engaged,engaged_2103.jpg,val,engaged,0,0
engaged_2124.jpg,train,engaged,engaged_2121.jpg,val,engaged,0,0
engaged_2124.jpg,train,engaged,engaged_2136.jpg,val,engaged,0,0
engaged_2124.jpg,train,engaged,engaged_2166.jpg,val,engaged,0,0
engaged_2124.jpg,train,engaged,engaged_2172.jpg,val,engaged,0,0
engaged_2124.jpg,train,engaged,engaged_2213.jpg,val,engaged,0,0
engaged_2124.jpg,train,engaged,frustrated_9580.jpg,val,frustrated,4,6
engaged_2124.jpg,train,engaged,frustrated_9798.jpg,val,frustrated,3,6
engaged_2126.jpg,train,engaged,engaged_1775.jpg,val,engaged,1,0
engaged_2126.jpg,train,engaged,engaged_1779.jpg,val,engaged,1,0
engaged_2126.jpg,train,engaged,engaged_1836.jpg,val,engaged,0,0
engaged_2126.jpg,train,engaged,engaged_1867.jpg,val,engaged,1,0
engaged_2126.jpg,train,engaged,engaged_1979.jpg,val,engaged,1,0
engaged_2126.jpg,train,engaged,engaged_2045.jpg,val,engaged,1,0
engaged_2126.jpg,train,engaged,engaged_2079.jpg,val,engaged,0,0
engaged_2126.jpg,train,engaged,engaged_2080.jpg,val,engaged,0,0
engaged_2126.jpg,train,engaged,engaged_2086.jpg,val,engaged,0,0
engaged_2126.jpg,train,engaged,engaged_2096.jpg,val,engaged,0,0
engaged_2126.jpg,train,engaged,engaged_2103.jpg,val,engaged,0,0
engaged_2126.jpg,train,engaged,engaged_2121.jpg,val,engaged,0,0
engaged_2126.jpg,train,engaged,engaged_2136.jpg,val,engaged,0,0
engaged_2126.jpg,train,engaged,engaged_2166.jpg,val,engaged,0,0
engaged_2126.jpg,train,engaged,engaged_2172.jpg,val,engaged,0,0
engaged_2126.jpg,train,engaged,engaged_2213.jpg,val,engaged,0,0
engaged_2126.jpg,train,engaged,frustrated_9580.jpg,val,frustrated,4,6
engaged_2126.jpg,train,engaged,frustrated_9798.jpg,val,frustrated,3,6
engaged_2134.jpg,train,engaged,engaged_1775.jpg,val,engaged,1,0
engaged_2134.jpg,train,engaged,engaged_1779.jpg,val,engaged,1,0
engaged_2134.jpg,train,engaged,engaged_1836.jpg,val,engaged,0,0
engaged_2134.jpg,train,engaged,engaged_1867.jpg,val,engaged,1,0
engaged_2134.jpg,train,engaged,engaged_1979.jpg,val,engaged,1,0
engaged_2134.jpg,train,engaged,engaged_2045.jpg,val,engaged,1,0
engaged_2134.jpg,train,engaged,engaged_2079.jpg,val,engaged,0,0
engaged_2134.jpg,train,engaged,engaged_2080.jpg,val,engaged,0,0
engaged_2134.jpg,train,engaged,engaged_2086.jpg,val,engaged,0,0
engaged_2134.jpg,train,engaged,engaged_2096.jpg,val,engaged,0,0
engaged_2134.jpg,train,engaged,engaged_2103.jpg,val,engaged,0,0
engaged_2134.jpg,train,engaged,engaged_2121.jpg,val,engaged,0,0
engaged_2134.jpg,train,engaged,engaged_2136.jpg,val,engaged,0,0
engaged_2134.jpg,train,engaged,engaged_2166.jpg,val,engaged,0,0
engaged_2134.jpg,train,engaged,engaged_2172.jpg,val,engaged,0,0
engaged_2134.jpg,train,engaged,engaged_2213.jpg,val,engaged,0,0
engaged_2134.jpg,train,engaged,frustrated_9580.jpg,val,frustrated,4,6
engaged_2134.jpg,train,engaged,frustrated_9798.jpg,val,frustrated,3,6
engaged_2135.jpg,train,engaged,engaged_1775.jpg,val,engaged,1,0
engaged_2135.jpg,train,engaged,engaged_1779.jpg,val,engaged,1,0
engaged_2135.jpg,train,engaged,engaged_1836.jpg,val,engaged,0,0
engaged_2135.jpg,train,engaged,engaged_1867.jpg,val,engaged,1,0
engaged_2135.jpg,train,engaged,engaged_1979.jpg,val,engaged,1,0
engaged_2135.jpg,train,engaged,engaged_2045.jpg,val,engaged,1,0
engaged_2135.jpg,train,engaged,engaged_2079.jpg,val,engaged,0,0
engaged_2135.jpg,train,engaged,engaged_2080.jpg,val,engaged,0,0
engaged_2135.jpg,train,engaged,engaged_2086.jpg,val,engaged,0,0
engaged_2135.jpg,train,engaged,engaged_2096.jpg,val,engaged,0,0
engaged_2135.jpg,train,engaged,engaged_2103.jpg,val,engaged,0,0
engaged_2135.jpg,train,engaged,engaged_2121.jpg,val,engaged,0,0
engaged_2135.jpg,train,engaged,engaged_2136.jpg,val,engaged,0,0
engaged_2135.jpg,train,engaged,engaged_2166.jpg,val,engaged,0,0
engaged_2135.jpg,train,engaged,engaged_2172.jpg,val,engaged,0,0
engaged_2135.jpg,train,engaged,engaged_2213.jpg,val,engaged,0,0
engaged_2135.jpg,train,engaged,frustrated_9580.jpg,val,frustrated,4,6
engaged_2135.jpg,train,engaged,frustrated_9798.jpg,val,frustrated,3,6
engaged_2137.jpg,train,engaged,engaged_1775.jpg,val,engaged,1,0
engaged_2137.jpg,train,engaged,engaged_1779.jpg,val,engaged,1,0
engaged_2137.jpg,train,engaged,engaged_1836.jpg,val,engaged,0,0
engaged_2137.jpg,train,engaged,engaged_1867.jpg,val,engaged,1,0
engaged_2137.jpg,train,engaged,engaged_1979.jpg,val,engaged,1,0
engaged_2137.jpg,train,engaged,engaged_2045.jpg,val,engaged,1,0
engaged_2137.jpg,train,engaged,engaged_2079.jpg,val,engaged,0,0
engaged_2137.jpg,train,engaged,engaged_2080.jpg,val,engaged,0,0
engaged_2137.jpg,train,engaged,engaged_2086.jpg,val,engaged,0,0
engaged_2137.jpg,train,engaged,engaged_2096.jpg,val,engaged,0,0
engaged_2137.jpg,train,engaged,engaged_2103.jpg,val,engaged,0,0
engaged_2137.jpg,train,engaged,engaged_2121.jpg,val,engaged,0,0
engaged_2137.jpg,train,engaged,engaged_2136.jpg,val,engaged,0,0
engaged_2137.jpg,train,engaged,engaged_2166.jpg,val,engaged,0,0
engaged_2137.jpg,train,engaged,engaged_2172.jpg,val,engaged,0,0
engaged_2137.jpg,train,engaged,engaged_2213.jpg,val,engaged,0,0
engaged_2137.jpg,train,engaged,frustrated_9580.jpg,val,frustrated,4,6
engaged_2137.jpg,train,engaged,frustrated_9798.jpg,val,frustrated,3,6
engaged_2145.jpg,train,engaged,engaged_1775.jpg,val,engaged,1,0
engaged_2145.jpg,train,engaged,engaged_1779.jpg,val,engaged,1,0
engaged_2145.jpg,train,engaged,engaged_1836.jpg,val,engaged,0,0
engaged_2145.jpg,train,engaged,engaged_1867.jpg,val,engaged,1,0
engaged_2145.jpg,train,engaged,engaged_1979.jpg,val,engaged,1,0
engaged_2145.jpg,train,engaged,engaged_2045.jpg,val,engaged,1,0
engaged_2145.jpg,train,engaged,engaged_2079.jpg,val,engaged,0,0
engaged_2145.jpg,train,engaged,engaged_2080.jpg,val,engaged,0,0
engaged_2145.jpg,train,engaged,engaged_2086.jpg,val,engaged,0,0
engaged_2145.jpg,train,engaged,engaged_2096.jpg,val,engaged,0,0
engaged_2145.jpg,train,engaged,engaged_2103.jpg,val,engaged,0,0
engaged_2145.jpg,train,engaged,engaged_2121.jpg,val,engaged,0,0
engaged_2145.jpg,train,engaged,engaged_2136.jpg,val,engaged,0,0
engaged_2145.jpg,train,engaged,engaged_2166.jpg,val,engaged,0,0
engaged_2145.jpg,train,engaged,engaged_2172.jpg,val,engaged,0,0
engaged_2145.jpg,train,engaged,engaged_2213.jpg,val,engaged,0,0
engaged_2145.jpg,train,engaged,frustrated_9580.jpg,val,frustrated,4,6
engaged_2145.jpg,train,engaged,frustrated_9798.jpg,val,frustrated,3,6
engaged_2146.jpg,train,engaged,engaged_1775.jpg,val,engaged,1,0
engaged_2146.jpg,train,engaged,engaged_1779.jpg,val,engaged,1,0
engaged_2146.jpg,train,engaged,engaged_1836.jpg,val,engaged,0,0
engaged_2146.jpg,train,engaged,engaged_1867.jpg,val,engaged,1,0
engaged_2146.jpg,train,engaged,engaged_1979.jpg,val,engaged,1,0
engaged_2146.jpg,train,engaged,engaged_2045.jpg,val,engaged,1,0
engaged_2146.jpg,train,engaged,engaged_2079.jpg,val,engaged,0,0
engaged_2146.jpg,train,engaged,engaged_2080.jpg,val,engaged,0,0
engaged_2146.jpg,train,engaged,engaged_2086.jpg,val,engaged,0,0
engaged_2146.jpg,train,engaged,engaged_2096.jpg,val,engaged,0,0
engaged_2146.jpg,train,engaged,engaged_2103.jpg,val,engaged,0,0
engaged_2146.jpg,train,engaged,engaged_2121.jpg,val,engaged,0,0
engaged_2146.jpg,train,engaged,engaged_2136.jpg,val,engaged,0,0
engaged_2146.jpg,train,engaged,engaged_2166.jpg,val,engaged,0,0
engaged_2146.jpg,train,engaged,engaged_2172.jpg,val,engaged,0,0
engaged_2146.jpg,train,engaged,engaged_2213.jpg,val,engaged,0,0
engaged_2146.jpg,train,engaged,frustrated_9580.jpg,val,frustrated,4,6
engaged_2146.jpg,train,engaged,frustrated_9798.jpg,val,frustrated,3,6
engaged_2148.jpg,train,engaged,engaged_1775.jpg,val,engaged,1,0
engaged_2148.jpg,train,engaged,engaged_1779.jpg,val,engaged,1,0
engaged_2148.jpg,train,engaged,engaged_1836.jpg,val,engaged,0,0
engaged_2148.jpg,train,engaged,engaged_1867.jpg,val,engaged,1,0
engaged_2148.jpg,train,engaged,engaged_1979.jpg,val,engaged,1,0
engaged_2148.jpg,train,engaged,engaged_2045.jpg,val,engaged,1,0
engaged_2148.jpg,train,engaged,engaged_2079.jpg,val,engaged,0,0
engaged_2148.jpg,train,engaged,engaged_2080.jpg,val,engaged,0,0
engaged_2148.jpg,train,engaged,engaged_2086.jpg,val,engaged,0,0
engaged_2148.jpg,train,engaged,engaged_2096.jpg,val,engaged,0,0
engaged_2148.jpg,train,engaged,engaged_2103.jpg,val,engaged,0,0
engaged_2148.jpg,train,engaged,engaged_2121.jpg,val,engaged,0,0
engaged_2148.jpg,train,engaged,engaged_2136.jpg,val,engaged,0,0
engaged_2148.jpg,train,engaged,engaged_2166.jpg,val,engaged,0,0
engaged_2148.jpg,train,engaged,engaged_2172.jpg,val,engaged,0,0
engaged_2148.jpg,train,engaged,engaged_2213.jpg,val,engaged,0,0
engaged_2148.jpg,train,engaged,frustrated_9580.jpg,val,frustrated,4,6
engaged_2148.jpg,train,engaged,frustrated_9798.jpg,val,frustrated,3,6
engaged_2149.jpg,train,engaged,engaged_1775.jpg,val,engaged,1,0
engaged_2149.jpg,train,engaged,engaged_1779.jpg,val,engaged,1,0
engaged_2149.jpg,train,engaged,engaged_1836.jpg,val,engaged,0,0
engaged_2149.jpg,train,engaged,engaged_1867.jpg,val,engaged,1,0
engaged_2149.jpg,train,engaged,engaged_1979.jpg,val,engaged,1,0
engaged_2149.jpg,train,engaged,engaged_2045.jpg,val,engaged,1,0
engaged_2149.jpg,train,engaged,engaged_2079.jpg,val,engaged,0,0
engaged_2149.jpg,train,engaged,engaged_2080.jpg,val,engaged,0,0
engaged_2149.jpg,train,engaged,engaged_2086.jpg,val,engaged,0,0
engaged_2149.jpg,train,engaged,engaged_2096.jpg,val,engaged,0,0
engaged_2149.jpg,train,engaged,engaged_2103.jpg,val,engaged,0,0
engaged_2149.jpg,train,engaged,engaged_2121.jpg,val,engaged,0,0
engaged_2149.jpg,train,engaged,engaged_2136.jpg,val,engaged,0,0
engaged_2149.jpg,train,engaged,engaged_2166.jpg,val,engaged,0,0
engaged_2149.jpg,train,engaged,engaged_2172.jpg,val,engaged,0,0
engaged_2149.jpg,train,engaged,engaged_2213.jpg,val,engaged,0,0
engaged_2149.jpg,train,engaged,frustrated_9580.jpg,val,frustrated,4,6
engaged_2149.jpg,train,engaged,frustrated_9798.jpg,val,frustrated,3,6
engaged_2150.jpg,train,engaged,engaged_1775.jpg,val,engaged,1,0
engaged_2150.jpg,train,engaged,engaged_1779.jpg,val,engaged,1,0
engaged_2150.jpg,train,engaged,engaged_1836.jpg,val,engaged,0,0
engaged_2150.jpg,train,engaged,engaged_1867.jpg,val,engaged,1,0
engaged_2150.jpg,train,engaged,engaged_1979.jpg,val,engaged,1,0
engaged_2150.jpg,train,engaged,engaged_2045.jpg,val,engaged,1,0
engaged_2150.jpg,train,engaged,engaged_2079.jpg,val,engaged,0,0
engaged_2150.jpg,train,engaged,engaged_2080.jpg,val,engaged,0,0
engaged_2150.jpg,train,engaged,engaged_2086.jpg,val,engaged,0,0
engaged_2150.jpg,train,engaged,engaged_2096.jpg,val,engaged,0,0
engaged_2150.jpg,train,engaged,engaged_2103.jpg,val,engaged,0,0
engaged_2150.jpg,train,engaged,engaged_2121.jpg,val,engaged,0,0
engaged_2150.jpg,train,engaged,engaged_2136.jpg,val,engaged,0,0
engaged_2150.jpg,train,engaged,engaged_2166.jpg,val,engaged,0,0
engaged_2150.jpg,train,engaged,engaged_2172.jpg,val,engaged,0,0
engaged_2150.jpg,train,engaged,engaged_2213.jpg,val,engaged,0,0
engaged_2150.jpg,train,engaged,frustrated_9580.jpg,val,frustrated,4,6
engaged_2150.jpg,train,engaged,frustrated_9798.jpg,val,frustrated,3,6
engaged_2155.jpg,train,engaged,engaged_1775.jpg,val,engaged,1,0
engaged_2155.jpg,train,engaged,engaged_1779.jpg,val,engaged,1,0
engaged_2155.jpg,train,engaged,engaged_1836.jpg,val,engaged,0,0
engaged_2155.jpg,train,engaged,engaged_1867.jpg,val,engaged,1,0
engaged_2155.jpg,train,engaged,engaged_1979.jpg,val,engaged,1,0
engaged_2155.jpg,train,engaged,engaged_2045.jpg,val,engaged,1,0
engaged_2155.jpg,train,engaged,engaged_2079.jpg,val,engaged,0,0
engaged_2155.jpg,train,engaged,engaged_2080.jpg,val,engaged,0,0
engaged_2155.jpg,train,engaged,engaged_2086.jpg,val,engaged,0,0
engaged_2155.jpg,train,engaged,engaged_2096.jpg,val,engaged,0,0
engaged_2155.jpg,train,engaged,engaged_2103.jpg,val,engaged,0,0
engaged_2155.jpg,train,engaged,engaged_2121.jpg,val,engaged,0,0
engaged_2155.jpg,train,engaged,engaged_2136.jpg,val,engaged,0,0
engaged_2155.jpg,train,engaged,engaged_2166.jpg,val,engaged,0,0
engaged_2155.jpg,train,engaged,engaged_2172.jpg,val,engaged,0,0
engaged_2155.jpg,train,engaged,engaged_2213.jpg,val,engaged,0,0
engaged_2155.jpg,train,engaged,frustrated_9580.jpg,val,frustrated,4,6
engaged_2155.jpg,train,engaged,frustrated_9798.jpg,val,frustrated,3,6
engaged_2157.jpg,train,engaged,engaged_1775.jpg,val,engaged,1,0
engaged_2157.jpg,train,engaged,engaged_1779.jpg,val,engaged,1,0
engaged_2157.jpg,train,engaged,engaged_1836.jpg,val,engaged,0,0
engaged_2157.jpg,train,engaged,engaged_1867.jpg,val,engaged,1,0
engaged_2157.jpg,train,engaged,engaged_1979.jpg,val,engaged,1,0
engaged_2157.jpg,train,engaged,engaged_2045.jpg,val,engaged,1,0
engaged_2157.jpg,train,engaged,engaged_2079.jpg,val,engaged,0,0
engaged_2157.jpg,train,engaged,engaged_2080.jpg,val,engaged,0,0
engaged_2157.jpg,train,engaged,engaged_2086.jpg,val,engaged,0,0
engaged_2157.jpg,train,engaged,engaged_2096.jpg,val,engaged,0,0
engaged_2157.jpg,train,engaged,engaged_2103.jpg,val,engaged,0,0
engaged_2157.jpg,train,engaged,engaged_2121.jpg,val,engaged,0,0
engaged_2157.jpg,train,engaged,engaged_2136.jpg,val,engaged,0,0
engaged_2157.jpg,train,engaged,engaged_2166.jpg,val,engaged,0,0
engaged_2157.jpg,train,engaged,engaged_2172.jpg,val,engaged,0,0
engaged_2157.jpg,train,engaged,engaged_2213.jpg,val,engaged,0,0
engaged_2157.jpg,train,engaged,frustrated_9580.jpg,val,frustrated,4,6
engaged_2157.jpg,train,engaged,frustrated_9798.jpg,val,frustrated,3,6
engaged_2158.jpg,train,engaged,engaged_1775.jpg,val,engaged,1,0
engaged_2158.jpg,train,engaged,engaged_1779.jpg,val,engaged,1,0
engaged_2158.jpg,train,engaged,engaged_1836.jpg,val,engaged,0,0
engaged_2158.jpg,train,engaged,engaged_1867.jpg,val,engaged,1,0
engaged_2158.jpg,train,engaged,engaged_1979.jpg,val,engaged,1,0
engaged_2158.jpg,train,engaged,engaged_2045.jpg,val,engaged,1,0
engaged_2158.jpg,train,engaged,engaged_2079.jpg,val,engaged,0,0
engaged_2158.jpg,train,engaged,engaged_2080.jpg,val,engaged,0,0
engaged_2158.jpg,train,engaged,engaged_2086.jpg,val,engaged,0,0
engaged_2158.jpg,train,engaged,engaged_2096.jpg,val,engaged,0,0
engaged_2158.jpg,train,engaged,engaged_2103.jpg,val,engaged,0,0
engaged_2158.jpg,train,engaged,engaged_2121.jpg,val,engaged,0,0
engaged_2158.jpg,train,engaged,engaged_2136.jpg,val,engaged,0,0
engaged_2158.jpg,train,engaged,engaged_2166.jpg,val,engaged,0,0
engaged_2158.jpg,train,engaged,engaged_2172.jpg,val,engaged,0,0
engaged_2158.jpg,train,engaged,engaged_2213.jpg,val,engaged,0,0
engaged_2158.jpg,train,engaged,frustrated_9580.jpg,val,frustrated,4,6
engaged_2158.jpg,train,engaged,frustrated_9798.jpg,val,frustrated,3,6
engaged_2159.jpg,train,engaged,engaged_1775.jpg,val,engaged,1,0
engaged_2159.jpg,train,engaged,engaged_1779.jpg,val,engaged,1,0
engaged_2159.jpg,train,engaged,engaged_1836.jpg,val,engaged,0,0
engaged_2159.jpg,train,engaged,engaged_1867.jpg,val,engaged,1,0
engaged_2159.jpg,train,engaged,engaged_1979.jpg,val,engaged,1,0
engaged_2159.jpg,train,engaged,engaged_2045.jpg,val,engaged,1,0
engaged_2159.jpg,train,engaged,engaged_2079.jpg,val,engaged,0,0
engaged_2159.jpg,train,engaged,engaged_2080.jpg,val,engaged,0,0
engaged_2159.jpg,train,engaged,engaged_2086.jpg,val,engaged,0,0
engaged_2159.jpg,train,engaged,engaged_2096.jpg,val,engaged,0,0
engaged_2159.jpg,train,engaged,engaged_2103.jpg,val,engaged,0,0
engaged_2159.jpg,train,engaged,engaged_2121.jpg,val,engaged,0,0
engaged_2159.jpg,train,engaged,engaged_2136.jpg,val,engaged,0,0
engaged_2159.jpg,train,engaged,engaged_2166.jpg,val,engaged,0,0
engaged_2159.jpg,train,engaged,engaged_2172.jpg,val,engaged,0,0
engaged_2159.jpg,train,engaged,engaged_2213.jpg,val,engaged,0,0
engaged_2159.jpg,train,engaged,frustrated_9580.jpg,val,frustrated,4,6
engaged_2159.jpg,train,engaged,frustrated_9798.jpg,val,frustrated,3,6
engaged_2160.jpg,train,engaged,engaged_1775.jpg,val,engaged,1,0
engaged_2160.jpg,train,engaged,engaged_1779.jpg,val,engaged,1,0
engaged_2160.jpg,train,engaged,engaged_1836.jpg,val,engaged,0,0
engaged_2160.jpg,train,engaged,engaged_1867.jpg,val,engaged,1,0
engaged_2160.jpg,train,engaged,engaged_1979.jpg,val,engaged,1,0
engaged_2160.jpg,train,engaged,engaged_2045.jpg,val,engaged,1,0
engaged_2160.jpg,train,engaged,engaged_2079.jpg,val,engaged,0,0
engaged_2160.jpg,train,engaged,engaged_2080.jpg,val,engaged,0,0
engaged_2160.jpg,train,engaged,engaged_2086.jpg,val,engaged,0,0
engaged_2160.jpg,train,engaged,engaged_2096.jpg,val,engaged,0,0
engaged_2160.jpg,train,engaged,engaged_2103.jpg,val,engaged,0,0
engaged_2160.jpg,train,engaged,engaged_2121.jpg,val,engaged,0,0
engaged_2160.jpg,train,engaged,engaged_2136.jpg,val,engaged,0,0
engaged_2160.jpg,train,engaged,engaged_2166.jpg,val,engaged,0,0
engaged_2160.jpg,train,engaged,engaged_2172.jpg,val,engaged,0,0
engaged_2160.jpg,train,engaged,engaged_2213.jpg,val,engaged,0,0
engaged_2160.jpg,train,engaged,frustrated_9580.jpg,val,frustrated,4,6
engaged_2160.jpg,train,engaged,frustrated_9798.jpg,val,frustrated,3,6
engaged_2163.jpg,train,engaged,engaged_1775.jpg,val,engaged,1,0
engaged_2163.jpg,train,engaged,engaged_1779.jpg,val,engaged,1,0
engaged_2163.jpg,train,engaged,engaged_1836.jpg,val,engaged,0,0
engaged_2163.jpg,train,engaged,engaged_1867.jpg,val,engaged,1,0
engaged_2163.jpg,train,engaged,engaged_1979.jpg,val,engaged,1,0
engaged_2163.jpg,train,engaged,engaged_2045.jpg,val,engaged,1,0
engaged_2163.jpg,train,engaged,engaged_2079.jpg,val,engaged,0,0
engaged_2163.jpg,train,engaged,engaged_2080.jpg,val,engaged,0,0
engaged_2163.jpg,train,engaged,engaged_2086.jpg,val,engaged,0,0
engaged_2163.jpg,train,engaged,engaged_2096.jpg,val,engaged,0,0
engaged_2163.jpg,train,engaged,engaged_2103.jpg,val,engaged,0,0
engaged_2163.jpg,train,engaged,engaged_2121.jpg,val,engaged,0,0
engaged_2163.jpg,train,engaged,engaged_2136.jpg,val,engaged,0,0
engaged_2163.jpg,train,engaged,engaged_2166.jpg,val,engaged,0,0
engaged_2163.jpg,train,engaged,engaged_2172.jpg,val,engaged,0,0
engaged_2163.jpg,train,engaged,engaged_2213.jpg,val,engaged,0,0
engaged_2163.jpg,train,engaged,frustrated_9580.jpg,val,frustrated,4,6
engaged_2163.jpg,train,engaged,frustrated_9798.jpg,val,frustrated,3,6
engaged_2164.jpg,train,engaged,engaged_1775.jpg,val,engaged,1,0
engaged_2164.jpg,train,engaged,engaged_1779.jpg,val,engaged,1,0
engaged_2164.jpg,train,engaged,engaged_1836.jpg,val,engaged,0,0
engaged_2164.jpg,train,engaged,engaged_1867.jpg,val,engaged,1,0
engaged_2164.jpg,train,engaged,engaged_1979.jpg,val,engaged,1,0
engaged_2164.jpg,train,engaged,engaged_2045.jpg,val,engaged,1,0
engaged_2164.jpg,train,engaged,engaged_2079.jpg,val,engaged,0,0
engaged_2164.jpg,train,engaged,engaged_2080.jpg,val,engaged,0,0
engaged_2164.jpg,train,engaged,engaged_2086.jpg,val,engaged,0,0
engaged_2164.jpg,train,engaged,engaged_2096.jpg,val,engaged,0,0
engaged_2164.jpg,train,engaged,engaged_2103.jpg,val,engaged,0,0
engaged_2164.jpg,train,engaged,engaged_2121.jpg,val,engaged,0,0
engaged_2164.jpg,train,engaged,engaged_2136.jpg,val,engaged,0,0
engaged_2164.jpg,train,engaged,engaged_2166.jpg,val,engaged,0,0
engaged_2164.jpg,train,engaged,engaged_2172.jpg,val,engaged,0,0
engaged_2164.jpg,train,engaged,engaged_2213.jpg,val,engaged,0,0
engaged_2164.jpg,train,engaged,frustrated_9580.jpg,val,frustrated,4,6
engaged_2164.jpg,train,engaged,frustrated_9798.jpg,val,frustrated,3,6
engaged_2165.jpg,train,engaged,engaged_1775.jpg,val,engaged,1,0
engaged_2165.jpg,train,engaged,engaged_1779.jpg,val,engaged,1,0
engaged_2165.jpg,train,engaged,engaged_1836.jpg,val,engaged,0,0
engaged_2165.jpg,train,engaged,engaged_1867.jpg,val,engaged,1,0
engaged_2165.jpg,train,engaged,engaged_1979.jpg,val,engaged,1,0
engaged_2165.jpg,train,engaged,engaged_2045.jpg,val,engaged,1,0
engaged_2165.jpg,train,engaged,engaged_2079.jpg,val,engaged,0,0
engaged_2165.jpg,train,engaged,engaged_2080.jpg,val,engaged,0,0
engaged_2165.jpg,train,engaged,engaged_2086.jpg,val,engaged,0,0
engaged_2165.jpg,train,engaged,engaged_2096.jpg,val,engaged,0,0
engaged_2165.jpg,train,engaged,engaged_2103.jpg,val,engaged,0,0
engaged_2165.jpg,train,engaged,engaged_2121.jpg,val,engaged,0,0
engaged_2165.jpg,train,engaged,engaged_2136.jpg,val,engaged,0,0
engaged_2165.jpg,train,engaged,engaged_2166.jpg,val,engaged,0,0
engaged_2165.jpg,train,engaged,engaged_2172.jpg,val,engaged,0,0
engaged_2165.jpg,train,engaged,engaged_2213.jpg,val,engaged,0,0
engaged_2165.jpg,train,engaged,frustrated_9580.jpg,val,frustrated,4,6
engaged_2165.jpg,train,engaged,frustrated_9798.jpg,val,frustrated,3,6
engaged_2170.jpg,train,engaged,engaged_1775.jpg,val,engaged,1,0
engaged_2170.jpg,train,engaged,engaged_1779.jpg,val,engaged,1,0
engaged_2170.jpg,train,engaged,engaged_1836.jpg,val,engaged,0,0
engaged_2170.jpg,train,engaged,engaged_1867.jpg,val,engaged,1,0
engaged_2170.jpg,train,engaged,engaged_1979.jpg,val,engaged,1,0
engaged_2170.jpg,train,engaged,engaged_2045.jpg,val,engaged,1,0
engaged_2170.jpg,train,engaged,engaged_2079.jpg,val,engaged,0,0
engaged_2170.jpg,train,engaged,engaged_2080.jpg,val,engaged,0,0
engaged_2170.jpg,train,engaged,engaged_2086.jpg,val,engaged,0,0
engaged_2170.jpg,train,engaged,engaged_2096.jpg,val,engaged,0,0
engaged_2170.jpg,train,engaged,engaged_2103.jpg,val,engaged,0,0
engaged_2170.jpg,train,engaged,engaged_2121.jpg,val,engaged,0,0
engaged_2170.jpg,train,engaged,engaged_2136.jpg,val,engaged,0,0
engaged_2170.jpg,train,engaged,engaged_2166.jpg,val,engaged,0,0
engaged_2170.jpg,train,engaged,engaged_2172.jpg,val,engaged,0,0
engaged_2170.jpg,train,engaged,engaged_2213.jpg,val,engaged,0,0
engaged_2170.jpg,train,engaged,frustrated_9580.jpg,val,frustrated,4,6
engaged_2170.jpg,train,engaged,frustrated_9798.jpg,val,frustrated,3,6
engaged_2171.jpg,train,engaged,engaged_1775.jpg,val,engaged,1,0
engaged_2171.jpg,train,engaged,engaged_1779.jpg,val,engaged,1,0
engaged_2171.jpg,train,engaged,engaged_1836.jpg,val,engaged,0,0
engaged_2171.jpg,train,engaged,engaged_1867.jpg,val,engaged,1,0
engaged_2171.jpg,train,engaged,engaged_1979.jpg,val,engaged,1,0
engaged_2171.jpg,train,engaged,engaged_2045.jpg,val,engaged,1,0
engaged_2171.jpg,train,engaged,engaged_2079.jpg,val,engaged,0,0
engaged_2171.jpg,train,engaged,engaged_2080.jpg,val,engaged,0,0
engaged_2171.jpg,train,engaged,engaged_2086.jpg,val,engaged,0,0
engaged_2171.jpg,train,engaged,engaged_2096.jpg,val,engaged,0,0
engaged_2171.jpg,train,engaged,engaged_2103.jpg,val,engaged,0,0
engaged_2171.jpg,train,engaged,engaged_2121.jpg,val,engaged,0,0
engaged_2171.jpg,train,engaged,engaged_2136.jpg,val,engaged,0,0
engaged_2171.jpg,train,engaged,engaged_2166.jpg,val,engaged,0,0
engaged_2171.jpg,train,engaged,engaged_2172.jpg,val,engaged,0,0
engaged_2171.jpg,train,engaged,engaged_2213.jpg,val,engaged,0,0
engaged_2171.jpg,train,engaged,frustrated_9580.jpg,val,frustrated,4,6
engaged_2171.jpg,train,engaged,frustrated_9798.jpg,val,frustrated,3,6
engaged_2173.jpg,train,engaged,engaged_1775.jpg,val,engaged,1,0
engaged_2173.jpg,train,engaged,engaged_1779.jpg,val,engaged,1,0
engaged_2173.jpg,train,engaged,engaged_1836.jpg,val,engaged,0,0
engaged_2173.jpg,train,engaged,engaged_1867.jpg,val,engaged,1,0
engaged_2173.jpg,train,engaged,engaged_1979.jpg,val,engaged,1,0
engaged_2173.jpg,train,engaged,engaged_2045.jpg,val,engaged,1,0
engaged_2173.jpg,train,engaged,engaged_2079.jpg,val,engaged,0,0
engaged_2173.jpg,train,engaged,engaged_2080.jpg,val,engaged,0,0
engaged_2173.jpg,train,engaged,engaged_2086.jpg,val,engaged,0,0
engaged_2173.jpg,train,engaged,engaged_2096.jpg,val,engaged,0,0
engaged_2173.jpg,train,engaged,engaged_2103.jpg,val,engaged,0,0
engaged_2173.jpg,train,engaged,engaged_2121.jpg,val,engaged,0,0
engaged_2173.jpg,train,engaged,engaged_2136.jpg,val,engaged,0,0
engaged_2173.jpg,train,engaged,engaged_2166.jpg,val,engaged,0,0
engaged_2173.jpg,train,engaged,engaged_2172.jpg,val,engaged,0,0
engaged_2173.jpg,train,engaged,engaged_2213.jpg,val,engaged,0,0
engaged_2173.jpg,train,engaged,frustrated_9580.jpg,val,frustrated,4,6
engaged_2173.jpg,train,engaged,frustrated_9798.jpg,val,frustrated,3,6
engaged_2174.jpg,train,engaged,engaged_1775.jpg,val,engaged,1,0
engaged_2174.jpg,train,engaged,engaged_1779.jpg,val,engaged,1,0
engaged_2174.jpg,train,engaged,engaged_1836.jpg,val,engaged,0,0
engaged_2174.jpg,train,engaged,engaged_1867.jpg,val,engaged,1,0
engaged_2174.jpg,train,engaged,engaged_1979.jpg,val,engaged,1,0
engaged_2174.jpg,train,engaged,engaged_2045.jpg,val,engaged,1,0
engaged_2174.jpg,train,engaged,engaged_2079.jpg,val,engaged,0,0
engaged_2174.jpg,train,engaged,engaged_2080.jpg,val,engaged,0,0
engaged_2174.jpg,train,engaged,engaged_2086.jpg,val,engaged,0,0
engaged_2174.jpg,train,engaged,engaged_2096.jpg,val,engaged,0,0
engaged_2174.jpg,train,engaged,engaged_2103.jpg,val,engaged,0,0
engaged_2174.jpg,train,engaged,engaged_2121.jpg,val,engaged,0,0
engaged_2174.jpg,train,engaged,engaged_2136.jpg,val,engaged,0,0
engaged_2174.jpg,train,engaged,engaged_2166.jpg,val,engaged,0,0
engaged_2174.jpg,train,engaged,engaged_2172.jpg,val,engaged,0,0
engaged_2174.jpg,train,engaged,engaged_2213.jpg,val,engaged,0,0
engaged_2174.jpg,train,engaged,frustrated_9580.jpg,val,frustrated,4,6
engaged_2174.jpg,train,engaged,frustrated_9798.jpg,val,frustrated,3,6
engaged_2175.jpg,train,engaged,engaged_1775.jpg,val,engaged,1,0
engaged_2175.jpg,train,engaged,engaged_1779.jpg,val,engaged,1,0
engaged_2175.jpg,train,engaged,engaged_1836.jpg,val,engaged,0,0
engaged_2175.jpg,train,engaged,engaged_1867.jpg,val,engaged,1,0
engaged_2175.jpg,train,engaged,engaged_1979.jpg,val,engaged,1,0
engaged_2175.jpg,train,engaged,engaged_2045.jpg,val,engaged,1,0
engaged_2175.jpg,train,engaged,engaged_2079.jpg,val,engaged,0,0
engaged_2175.jpg,train,engaged,engaged_2080.jpg,val,engaged,0,0
engaged_2175.jpg,train,engaged,engaged_2086.jpg,val,engaged,0,0
engaged_2175.jpg,train,engaged,engaged_2096.jpg,val,engaged,0,0
engaged_2175.jpg,train,engaged,engaged_2103.jpg,val,engaged,0,0
engaged_2175.jpg,train,engaged,engaged_2121.jpg,val,engaged,0,0
engaged_2175.jpg,train,engaged,engaged_2136.jpg,val,engaged,0,0
engaged_2175.jpg,train,engaged,engaged_2166.jpg,val,engaged,0,0
engaged_2175.jpg,train,engaged,engaged_2172.jpg,val,engaged,0,0
engaged_2175.jpg,train,engaged,engaged_2213.jpg,val,engaged,0,0
engaged_2175.jpg,train,engaged,frustrated_9580.jpg,val,frustrated,4,6
engaged_2175.jpg,train,engaged,frustrated_9798.jpg,val,frustrated,3,6
engaged_2180.jpg,train,engaged,engaged_1775.jpg,val,engaged,1,0
engaged_2180.jpg,train,engaged,engaged_1779.jpg,val,engaged,1,0
engaged_2180.jpg,train,engaged,engaged_1836.jpg,val,engaged,0,0
engaged_2180.jpg,train,engaged,engaged_1867.jpg,val,engaged,1,0
engaged_2180.jpg,train,engaged,engaged_1979.jpg,val,engaged,1,0
engaged_2180.jpg,train,engaged,engaged_2045.jpg,val,engaged,1,0
engaged_2180.jpg,train,engaged,engaged_2079.jpg,val,engaged,0,0
engaged_2180.jpg,train,engaged,engaged_2080.jpg,val,engaged,0,0
engaged_2180.jpg,train,engaged,engaged_2086.jpg,val,engaged,0,0
engaged_2180.jpg,train,engaged,engaged_2096.jpg,val,engaged,0,0
engaged_2180.jpg,train,engaged,engaged_2103.jpg,val,engaged,0,0
engaged_2180.jpg,train,engaged,engaged_2121.jpg,val,engaged,0,0
engaged_2180.jpg,train,engaged,engaged_2136.jpg,val,engaged,0,0
engaged_2180.jpg,train,engaged,engaged_2166.jpg,val,engaged,0,0
engaged_2180.jpg,train,engaged,engaged_2172.jpg,val,engaged,0,0
engaged_2180.jpg,train,engaged,engaged_2213.jpg,val,engaged,0,0
engaged_2180.jpg,train,engaged,frustrated_9580.jpg,val,frustrated,4,6
engaged_2180.jpg,train,engaged,frustrated_9798.jpg,val,frustrated,3,6
engaged_2182.jpg,train,engaged,engaged_1775.jpg,val,engaged,1,0
engaged_2182.jpg,train,engaged,engaged_1779.jpg,val,engaged,1,0
engaged_2182.jpg,train,engaged,engaged_1836.jpg,val,engaged,0,0
engaged_2182.jpg,train,engaged,engaged_1867.jpg,val,engaged,1,0
engaged_2182.jpg,train,engaged,engaged_1979.jpg,val,engaged,1,0
engaged_2182.jpg,train,engaged,engaged_2045.jpg,val,engaged,1,0
engaged_2182.jpg,train,engaged,engaged_2079.jpg,val,engaged,0,0
engaged_2182.jpg,train,engaged,engaged_2080.jpg,val,engaged,0,0
engaged_2182.jpg,train,engaged,engaged_2086.jpg,val,engaged,0,0
engaged_2182.jpg,train,engaged,engaged_2096.jpg,val,engaged,0,0
engaged_2182.jpg,train,engaged,engaged_2103.jpg,val,engaged,0,0
engaged_2182.jpg,train,engaged,engaged_2121.jpg,val,engaged,0,0
engaged_2182.jpg,train,engaged,engaged_2136.jpg,val,engaged,0,0
engaged_2182.jpg,train,engaged,engaged_2166.jpg,val,engaged,0,0
engaged_2182.jpg,train,engaged,engaged_2172.jpg,val,engaged,0,0
engaged_2182.jpg,train,engaged,engaged_2213.jpg,val,engaged,0,0
engaged_2182.jpg,train,engaged,frustrated_9580.jpg,val,frustrated,4,6
engaged_2182.jpg,train,engaged,frustrated_9798.jpg,val,frustrated,3,6
engaged_2183.jpg,train,engaged,engaged_1775.jpg,val,engaged,1,0
engaged_2183.jpg,train,engaged,engaged_1779.jpg,val,engaged,1,0
engaged_2183.jpg,train,engaged,engaged_1836.jpg,val,engaged,0,0
engaged_2183.jpg,train,engaged,engaged_1867.jpg,val,engaged,1,0
engaged_2183.jpg,train,engaged,engaged_1979.jpg,val,engaged,1,0
engaged_2183.jpg,train,engaged,engaged_2045.jpg,val,engaged,1,0
engaged_2183.jpg,train,engaged,engaged_2079.jpg,val,engaged,0,0
engaged_2183.jpg,train,engaged,engaged_2080.jpg,val,engaged,0,0
engaged_2183.jpg,train,engaged,engaged_2086.jpg,val,engaged,0,0
engaged_2183.jpg,train,engaged,engaged_2096.jpg,val,engaged,0,0
engaged_2183.jpg,train,engaged,engaged_2103.jpg,val,engaged,0,0
engaged_2183.jpg,train,engaged,engaged_2121.jpg,val,engaged,0,0
engaged_2183.jpg,train,engaged,engaged_2136.jpg,val,engaged,0,0
engaged_2183.jpg,train,engaged,engaged_2166.jpg,val,engaged,0,0
engaged_2183.jpg,train,engaged,engaged_2172.jpg,val,engaged,0,0
engaged_2183.jpg,train,engaged,engaged_2213.jpg,val,engaged,0,0
engaged_2183.jpg,train,engaged,frustrated_9580.jpg,val,frustrated,4,6
engaged_2183.jpg,train,engaged,frustrated_9798.jpg,val,frustrated,3,6
engaged_2184.jpg,train,engaged,engaged_1775.jpg,val,engaged,1,0
engaged_2184.jpg,train,engaged,engaged_1779.jpg,val,engaged,1,0
engaged_2184.jpg,train,engaged,engaged_1836.jpg,val,engaged,0,0
engaged_2184.jpg,train,engaged,engaged_1867.jpg,val,engaged,1,0
engaged_2184.jpg,train,engaged,engaged_1979.jpg,val,engaged,1,0
engaged_2184.jpg,train,engaged,engaged_2045.jpg,val,engaged,1,0
engaged_2184.jpg,train,engaged,engaged_2079.jpg,val,engaged,0,0
engaged_2184.jpg,train,engaged,engaged_2080.jpg,val,engaged,0,0
engaged_2184.jpg,train,engaged,engaged_2086.jpg,val,engaged,0,0
engaged_2184.jpg,train,engaged,engaged_2096.jpg,val,engaged,0,0
engaged_2184.jpg,train,engaged,engaged_2103.jpg,val,engaged,0,0
engaged_2184.jpg,train,engaged,engaged_2121.jpg,val,engaged,0,0
engaged_2184.jpg,train,engaged,engaged_2136.jpg,val,engaged,0,0
engaged_2184.jpg,train,engaged,engaged_2166.jpg,val,engaged,0,0
engaged_2184.jpg,train,engaged,engaged_2172.jpg,val,engaged,0,0
engaged_2184.jpg,train,engaged,engaged_2213.jpg,val,engaged,0,0
engaged_2184.jpg,train,engaged,frustrated_9580.jpg,val,frustrated,4,6
engaged_2184.jpg,train,engaged,frustrated_9798.jpg,val,frustrated,3,6
engaged_2185.jpg,train,engaged,engaged_1775.jpg,val,engaged,1,0
engaged_2185.jpg,train,engaged,engaged_1779.jpg,val,engaged,1,0
engaged_2185.jpg,train,engaged,engaged_1836.jpg,val,engaged,0,0
engaged_2185.jpg,train,engaged,engaged_1867.jpg,val,engaged,1,0
engaged_2185.jpg,train,engaged,engaged_1979.jpg,val,engaged,1,0
engaged_2185.jpg,train,engaged,engaged_2045.jpg,val,engaged,1,0
engaged_2185.jpg,train,engaged,engaged_2079.jpg,val,engaged,0,0
engaged_2185.jpg,train,engaged,engaged_2080.jpg,val,engaged,0,0
engaged_2185.jpg,train,engaged,engaged_2086.jpg,val,engaged,0,0
engaged_2185.jpg,train,engaged,engaged_2096.jpg,val,engaged,0,0
engaged_2185.jpg,train,engaged,engaged_2103.jpg,val,engaged,0,0
engaged_2185.jpg,train,engaged,engaged_2121.jpg,val,engaged,0,0
engaged_2185.jpg,train,engaged,engaged_2136.jpg,val,engaged,0,0
engaged_2185.jpg,train,engaged,engaged_2166.jpg,val,engaged,0,0
engaged_2185.jpg,train,engaged,engaged_2172.jpg,val,engaged,0,0
engaged_2185.jpg,train,engaged,engaged_2213.jpg,val,engaged,0,0
engaged_2185.jpg,train,engaged,frustrated_9580.jpg,val,frustrated,4,6
engaged_2185.jpg,train,engaged,frustrated_9798.jpg,val,frustrated,3,6
engaged_2187.jpg,train,engaged,engaged_1775.jpg,val,engaged,1,0
engaged_2187.jpg,train,engaged,engaged_1779.jpg,val,engaged,1,0
engaged_2187.jpg,train,engaged,engaged_1836.jpg,val,engaged,0,0
engaged_2187.jpg,train,engaged,engaged_1867.jpg,val,engaged,1,0
engaged_2187.jpg,train,engaged,engaged_1979.jpg,val,engaged,1,0
engaged_2187.jpg,train,engaged,engaged_2045.jpg,val,engaged,1,0
engaged_2187.jpg,train,engaged,engaged_2079.jpg,val,engaged,0,0
engaged_2187.jpg,train,engaged,engaged_2080.jpg,val,engaged,0,0
engaged_2187.jpg,train,engaged,engaged_2086.jpg,val,engaged,0,0
engaged_2187.jpg,train,engaged,engaged_2096.jpg,val,engaged,0,0
engaged_2187.jpg,train,engaged,engaged_2103.jpg,val,engaged,0,0
engaged_2187.jpg,train,engaged,engaged_2121.jpg,val,engaged,0,0
engaged_2187.jpg,train,engaged,engaged_2136.jpg,val,engaged,0,0
engaged_2187.jpg,train,engaged,engaged_2166.jpg,val,engaged,0,0
engaged_2187.jpg,train,engaged,engaged_2172.jpg,val,engaged,0,0
engaged_2187.jpg,train,engaged,engaged_2213.jpg,val,engaged,0,0
engaged_2187.jpg,train,engaged,frustrated_9580.jpg,val,frustrated,4,6
engaged_2187.jpg,train,engaged,frustrated_9798.jpg,val,frustrated,3,6
engaged_2188.jpg,train,engaged,engaged_1775.jpg,val,engaged,1,0
engaged_2188.jpg,train,engaged,engaged_1779.jpg,val,engaged,1,0
engaged_2188.jpg,train,engaged,engaged_1836.jpg,val,engaged,0,0
engaged_2188.jpg,train,engaged,engaged_1867.jpg,val,engaged,1,0
engaged_2188.jpg,train,engaged,engaged_1979.jpg,val,engaged,1,0
engaged_2188.jpg,train,engaged,engaged_2045.jpg,val,engaged,1,0
engaged_2188.jpg,train,engaged,engaged_2079.jpg,val,engaged,0,0
engaged_2188.jpg,train,engaged,engaged_2080.jpg,val,engaged,0,0
engaged_2188.jpg,train,engaged,engaged_2086.jpg,val,engaged,0,0
engaged_2188.jpg,train,engaged,engaged_2096.jpg,val,engaged,0,0
engaged_2188.jpg,train,engaged,engaged_2103.jpg,val,engaged,0,0
engaged_2188.jpg,train,engaged,engaged_2121.jpg,val,engaged,0,0
engaged_2188.jpg,train,engaged,engaged_2136.jpg,val,engaged,0,0
engaged_2188.jpg,train,engaged,engaged_2166.jpg,val,engaged,0,0
engaged_2188.jpg,train,engaged,engaged_2172.jpg,val,engaged,0,0
engaged_2188.jpg,train,engaged,engaged_2213.jpg,val,engaged,0,0
engaged_2188.jpg,train,engaged,frustrated_9580.jpg,val,frustrated,4,6
engaged_2188.jpg,train,engaged,frustrated_9798.jpg,val,frustrated,3,6
engaged_2189.jpg,train,engaged,engaged_1775.jpg,val,engaged,1,0
engaged_2189.jpg,train,engaged,engaged_1779.jpg,val,engaged,1,0
engaged_2189.jpg,train,engaged,engaged_1836.jpg,val,engaged,0,0
engaged_2189.jpg,train,engaged,engaged_1867.jpg,val,engaged,1,0
engaged_2189.jpg,train,engaged,engaged_1979.jpg,val,engaged,1,0
engaged_2189.jpg,train,engaged,engaged_2045.jpg,val,engaged,1,0
engaged_2189.jpg,train,engaged,engaged_2079.jpg,val,engaged,0,0
engaged_2189.jpg,train,engaged,engaged_2080.jpg,val,engaged,0,0
engaged_2189.jpg,train,engaged,engaged_2086.jpg,val,engaged,0,0
engaged_2189.jpg,train,engaged,engaged_2096.jpg,val,engaged,0,0
engaged_2189.jpg,train,engaged,engaged_2103.jpg,val,engaged,0,0
engaged_2189.jpg,train,engaged,engaged_2121.jpg,val,engaged,0,0
engaged_2189.jpg,train,engaged,engaged_2136.jpg,val,engaged,0,0
engaged_2189.jpg,train,engaged,engaged_2166.jpg,val,engaged,0,0
engaged_2189.jpg,train,engaged,engaged_2172.jpg,val,engaged,0,0
engaged_2189.jpg,train,engaged,engaged_2213.jpg,val,engaged,0,0
engaged_2189.jpg,train,engaged,frustrated_9580.jpg,val,frustrated,4,6
engaged_2189.jpg,train,engaged,frustrated_9798.jpg,val,frustrated,3,6
engaged_2190.jpg,train,engaged,engaged_1775.jpg,val,engaged,1,0
engaged_2190.jpg,train,engaged,engaged_1779.jpg,val,engaged,1,0
engaged_2190.jpg,train,engaged,engaged_1836.jpg,val,engaged,0,0
engaged_2190.jpg,train,engaged,engaged_1867.jpg,val,engaged,1,0
engaged_2190.jpg,train,engaged,engaged_1979.jpg,val,engaged,1,0
engaged_2190.jpg,train,engaged,engaged_2045.jpg,val,engaged,1,0
engaged_2190.jpg,train,engaged,engaged_2079.jpg,val,engaged,0,0
engaged_2190.jpg,train,engaged,engaged_2080.jpg,val,engaged,0,0
engaged_2190.jpg,train,engaged,engaged_2086.jpg,val,engaged,0,0
engaged_2190.jpg,train,engaged,engaged_2096.jpg,val,engaged,0,0
engaged_2190.jpg,train,engaged,engaged_2103.jpg,val,engaged,0,0
engaged_2190.jpg,train,engaged,engaged_2121.jpg,val,engaged,0,0
engaged_2190.jpg,train,engaged,engaged_2136.jpg,val,engaged,0,0
engaged_2190.jpg,train,engaged,engaged_2166.jpg,val,engaged,0,0
engaged_2190.jpg,train,engaged,engaged_2172.jpg,val,engaged,0,0
engaged_2190.jpg,train,engaged,engaged_2213.jpg,val,engaged,0,0
engaged_2190.jpg,train,engaged,frustrated_9580.jpg,val,frustrated,4,6
engaged_2190.jpg,train,engaged,frustrated_9798.jpg,val,frustrated,3,6
engaged_2192.jpg,train,engaged,engaged_1775.jpg,val,engaged,1,0
engaged_2192.jpg,train,engaged,engaged_1779.jpg,val,engaged,1,0
engaged_2192.jpg,train,engaged,engaged_1836.jpg,val,engaged,0,0
engaged_2192.jpg,train,engaged,engaged_1867.jpg,val,engaged,1,0
engaged_2192.jpg,train,engaged,engaged_1979.jpg,val,engaged,1,0
engaged_2192.jpg,train,engaged,engaged_2045.jpg,val,engaged,1,0
engaged_2192.jpg,train,engaged,engaged_2079.jpg,val,engaged,0,0
engaged_2192.jpg,train,engaged,engaged_2080.jpg,val,engaged,0,0
engaged_2192.jpg,train,engaged,engaged_2086.jpg,val,engaged,0,0
engaged_2192.jpg,train,engaged,engaged_2096.jpg,val,engaged,0,0
engaged_2192.jpg,train,engaged,engaged_2103.jpg,val,engaged,0,0
engaged_2192.jpg,train,engaged,engaged_2121.jpg,val,engaged,0,0
engaged_2192.jpg,train,engaged,engaged_2136.jpg,val,engaged,0,0
engaged_2192.jpg,train,engaged,engaged_2166.jpg,val,engaged,0,0
engaged_2192.jpg,train,engaged,engaged_2172.jpg,val,engaged,0,0
engaged_2192.jpg,train,engaged,engaged_2213.jpg,val,engaged,0,0
engaged_2192.jpg,train,engaged,frustrated_9580.jpg,val,frustrated,4,6
engaged_2192.jpg,train,engaged,frustrated_9798.jpg,val,frustrated,3,6
engaged_2194.jpg,train,engaged,engaged_1775.jpg,val,engaged,1,0
engaged_2194.jpg,train,engaged,engaged_1779.jpg,val,engaged,1,0
engaged_2194.jpg,train,engaged,engaged_1836.jpg,val,engaged,0,0
engaged_2194.jpg,train,engaged,engaged_1867.jpg,val,engaged,1,0
engaged_2194.jpg,train,engaged,engaged_1979.jpg,val,engaged,1,0
engaged_2194.jpg,train,engaged,engaged_2045.jpg,val,engaged,1,0
engaged_2194.jpg,train,engaged,engaged_2079.jpg,val,engaged,0,0
engaged_2194.jpg,train,engaged,engaged_2080.jpg,val,engaged,0,0
engaged_2194.jpg,train,engaged,engaged_2086.jpg,val,engaged,0,0
engaged_2194.jpg,train,engaged,engaged_2096.jpg,val,engaged,0,0
engaged_2194.jpg,train,engaged,engaged_2103.jpg,val,engaged,0,0
engaged_2194.jpg,train,engaged,engaged_2121.jpg,val,engaged,0,0
engaged_2194.jpg,train,engaged,engaged_2136.jpg,val,engaged,0,0
engaged_2194.jpg,train,engaged,engaged_2166.jpg,val,engaged,0,0
engaged_2194.jpg,train,engaged,engaged_2172.jpg,val,engaged,0,0
engaged_2194.jpg,train,engaged,engaged_2213.jpg,val,engaged,0,0
engaged_2194.jpg,train,engaged,frustrated_9580.jpg,val,frustrated,4,6
engaged_2194.jpg,train,engaged,frustrated_9798.jpg,val,frustrated,3,6
engaged_2199.jpg,train,engaged,engaged_1775.jpg,val,engaged,1,0
engaged_2199.jpg,train,engaged,engaged_1779.jpg,val,engaged,1,0
engaged_2199.jpg,train,engaged,engaged_1836.jpg,val,engaged,0,0
engaged_2199.jpg,train,engaged,engaged_1867.jpg,val,engaged,1,0
engaged_2199.jpg,train,engaged,engaged_1979.jpg,val,engaged,1,0
engaged_2199.jpg,train,engaged,engaged_2045.jpg,val,engaged,1,0
engaged_2199.jpg,train,engaged,engaged_2079.jpg,val,engaged,0,0
engaged_2199.jpg,train,engaged,engaged_2080.jpg,val,engaged,0,0
engaged_2199.jpg,train,engaged,engaged_2086.jpg,val,engaged,0,0
engaged_2199.jpg,train,engaged,engaged_2096.jpg,val,engaged,0,0
engaged_2199.jpg,train,engaged,engaged_2103.jpg,val,engaged,0,0
engaged_2199.jpg,train,engaged,engaged_2121.jpg,val,engaged,0,0
engaged_2199.jpg,train,engaged,engaged_2136.jpg,val,engaged,0,0
engaged_2199.jpg,train,engaged,engaged_2166.jpg,val,engaged,0,0
engaged_2199.jpg,train,engaged,engaged_2172.jpg,val,engaged,0,0
engaged_2199.jpg,train,engaged,engaged_2213.jpg,val,engaged,0,0
engaged_2199.jpg,train,engaged,frustrated_9580.jpg,val,frustrated,4,6
engaged_2199.jpg,train,engaged,frustrated_9798.jpg,val,frustrated,3,6
engaged_2200.jpg,train,engaged,engaged_1775.jpg,val,engaged,1,0
engaged_2200.jpg,train,engaged,engaged_1779.jpg,val,engaged,1,0
engaged_2200.jpg,train,engaged,engaged_1836.jpg,val,engaged,0,0
engaged_2200.jpg,train,engaged,engaged_1867.jpg,val,engaged,1,0
engaged_2200.jpg,train,engaged,engaged_1979.jpg,val,engaged,1,0
engaged_2200.jpg,train,engaged,engaged_2045.jpg,val,engaged,1,0
engaged_2200.jpg,train,engaged,engaged_2079.jpg,val,engaged,0,0
engaged_2200.jpg,train,engaged,engaged_2080.jpg,val,engaged,0,0
engaged_2200.jpg,train,engaged,engaged_2086.jpg,val,engaged,0,0
engaged_2200.jpg,train,engaged,engaged_2096.jpg,val,engaged,0,0
engaged_2200.jpg,train,engaged,engaged_2103.jpg,val,engaged,0,0
engaged_2200.jpg,train,engaged,engaged_2121.jpg,val,engaged,0,0
engaged_2200.jpg,train,engaged,engaged_2136.jpg,val,engaged,0,0
engaged_2200.jpg,train,engaged,engaged_2166.jpg,val,engaged,0,0
engaged_2200.jpg,train,engaged,engaged_2172.jpg,val,engaged,0,0
engaged_2200.jpg,train,engaged,engaged_2213.jpg,val,engaged,0,0
engaged_2200.jpg,train,engaged,frustrated_9580.jpg,val,frustrated,4,6
engaged_2200.jpg,train,engaged,frustrated_9798.jpg,val,frustrated,3,6
engaged_2201.jpg,train,engaged,engaged_1775.jpg,val,engaged,1,0
engaged_2201.jpg,train,engaged,engaged_1779.jpg,val,engaged,1,0
engaged_2201.jpg,train,engaged,engaged_1836.jpg,val,engaged,0,0
engaged_2201.jpg,train,engaged,engaged_1867.jpg,val,engaged,1,0
engaged_2201.jpg,train,engaged,engaged_1979.jpg,val,engaged,1,0
engaged_2201.jpg,train,engaged,engaged_2045.jpg,val,engaged,1,0
engaged_2201.jpg,train,engaged,engaged_2079.jpg,val,engaged,0,0
engaged_2201.jpg,train,engaged,engaged_2080.jpg,val,engaged,0,0
engaged_2201.jpg,train,engaged,engaged_2086.jpg,val,engaged,0,0
engaged_2201.jpg,train,engaged,engaged_2096.jpg,val,engaged,0,0
engaged_2201.jpg,train,engaged,engaged_2103.jpg,val,engaged,0,0
engaged_2201.jpg,train,engaged,engaged_2121.jpg,val,engaged,0,0
engaged_2201.jpg,train,engaged,engaged_2136.jpg,val,engaged,0,0
engaged_2201.jpg,train,engaged,engaged_2166.jpg,val,engaged,0,0
engaged_2201.jpg,train,engaged,engaged_2172.jpg,val,engaged,0,0
engaged_2201.jpg,train,engaged,engaged_2213.jpg,val,engaged,0,0
engaged_2201.jpg,train,engaged,frustrated_9580.jpg,val,frustrated,4,6
engaged_2201.jpg,train,engaged,frustrated_9798.jpg,val,frustrated,3,6
engaged_2202.jpg,train,engaged,engaged_1775.jpg,val,engaged,1,0
engaged_2202.jpg,train,engaged,engaged_1779.jpg,val,engaged,1,0
engaged_2202.jpg,train,engaged,engaged_1836.jpg,val,engaged,0,0
engaged_2202.jpg,train,engaged,engaged_1867.jpg,val,engaged,1,0
engaged_2202.jpg,train,engaged,engaged_1979.jpg,val,engaged,1,0
engaged_2202.jpg,train,engaged,engaged_2045.jpg,val,engaged,1,0
engaged_2202.jpg,train,engaged,engaged_2079.jpg,val,engaged,0,0
engaged_2202.jpg,train,engaged,engaged_2080.jpg,val,engaged,0,0
engaged_2202.jpg,train,engaged,engaged_2086.jpg,val,engaged,0,0
engaged_2202.jpg,train,engaged,engaged_2096.jpg,val,engaged,0,0
engaged_2202.jpg,train,engaged,engaged_2103.jpg,val,engaged,0,0
engaged_2202.jpg,train,engaged,engaged_2121.jpg,val,engaged,0,0
engaged_2202.jpg,train,engaged,engaged_2136.jpg,val,engaged,0,0
engaged_2202.jpg,train,engaged,engaged_2166.jpg,val,engaged,0,0
engaged_2202.jpg,train,engaged,engaged_2172.jpg,val,engaged,0,0
engaged_2202.jpg,train,engaged,engaged_2213.jpg,val,engaged,0,0
engaged_2202.jpg,train,engaged,frustrated_9580.jpg,val,frustrated,4,6
engaged_2202.jpg,train,engaged,frustrated_9798.jpg,val,frustrated,3,6
engaged_2204.jpg,train,engaged,engaged_1775.jpg,val,engaged,1,0
engaged_2204.jpg,train,engaged,engaged_1779.jpg,val,engaged,1,0
engaged_2204.jpg,train,engaged,engaged_1836.jpg,val,engaged,0,0
engaged_2204.jpg,train,engaged,engaged_1867.jpg,val,engaged,1,0
engaged_2204.jpg,train,engaged,engaged_1979.jpg,val,engaged,1,0
engaged_2204.jpg,train,engaged,engaged_2045.jpg,val,engaged,1,0
engaged_2204.jpg,train,engaged,engaged_2079.jpg,val,engaged,0,0
engaged_2204.jpg,train,engaged,engaged_2080.jpg,val,engaged,0,0
engaged_2204.jpg,train,engaged,engaged_2086.jpg,val,engaged,0,0
engaged_2204.jpg,train,engaged,engaged_2096.jpg,val,engaged,0,0
engaged_2204.jpg,train,engaged,engaged_2103.jpg,val,engaged,0,0
engaged_2204.jpg,train,engaged,engaged_2121.jpg,val,engaged,0,0
engaged_2204.jpg,train,engaged,engaged_2136.jpg,val,engaged,0,0
engaged_2204.jpg,train,engaged,engaged_2166.jpg,val,engaged,0,0
engaged_2204.jpg,train,engaged,engaged_2172.jpg,val,engaged,0,0
engaged_2204.jpg,train,engaged,engaged_2213.jpg,val,engaged,0,0
engaged_2204.jpg,train,engaged,frustrated_9580.jpg,val,frustrated,4,6
engaged_2204.jpg,train,engaged,frustrated_9798.jpg,val,frustrated,3,6
engaged_2210.jpg,train,engaged,engaged_1775.jpg,val,engaged,1,0
engaged_2210.jpg,train,engaged,engaged_1779.jpg,val,engaged,1,0
engaged_2210.jpg,train,engaged,engaged_1836.jpg,val,engaged,0,0
engaged_2210.jpg,train,engaged,engaged_1867.jpg,val,engaged,1,0
engaged_2210.jpg,train,engaged,engaged_1979.jpg,val,engaged,1,0
engaged_2210.jpg,train,engaged,engaged_2045.jpg,val,engaged,1,0
engaged_2210.jpg,train,engaged,engaged_2079.jpg,val,engaged,0,0
engaged_2210.jpg,train,engaged,engaged_2080.jpg,val,engaged,0,0
engaged_2210.jpg,train,engaged,engaged_2086.jpg,val,engaged,0,0
engaged_2210.jpg,train,engaged,engaged_2096.jpg,val,engaged,0,0
engaged_2210.jpg,train,engaged,engaged_2103.jpg,val,engaged,0,0
engaged_2210.jpg,train,engaged,engaged_2121.jpg,val,engaged,0,0
engaged_2210.jpg,train,engaged,engaged_2136.jpg,val,engaged,0,0
engaged_2210.jpg,train,engaged,engaged_2166.jpg,val,engaged,0,0
engaged_2210.jpg,train,engaged,engaged_2172.jpg,val,engaged,0,0
engaged_2210.jpg,train,engaged,engaged_2213.jpg,val,engaged,0,0
engaged_2210.jpg,train,engaged,frustrated_9580.jpg,val,frustrated,4,6
engaged_2210.jpg,train,engaged,frustrated_9798.jpg,val,frustrated,3,6
engaged_2211.jpg,train,engaged,engaged_1775.jpg,val,engaged,1,0
engaged_2211.jpg,train,engaged,engaged_1779.jpg,val,engaged,1,0
engaged_2211.jpg,train,engaged,engaged_1836.jpg,val,engaged,0,0
engaged_2211.jpg,train,engaged,engaged_1867.jpg,val,engaged,1,0
engaged_2211.jpg,train,engaged,engaged_1979.jpg,val,engaged,1,0
engaged_2211.jpg,train,engaged,engaged_2045.jpg,val,engaged,1,0
engaged_2211.jpg,train,engaged,engaged_2079.jpg,val,engaged,0,0
engaged_2211.jpg,train,engaged,engaged_2080.jpg,val,engaged,0,0
engaged_2211.jpg,train,engaged,engaged_2086.jpg,val,engaged,0,0
engaged_2211.jpg,train,engaged,engaged_2096.jpg,val,engaged,0,0
engaged_2211.jpg,train,engaged,engaged_2103.jpg,val,engaged,0,0
engaged_2211.jpg,train,engaged,engaged_2121.jpg,val,engaged,0,0
engaged_2211.jpg,train,engaged,engaged_2136.jpg,val,engaged,0,0
engaged_2211.jpg,train,engaged,engaged_2166.jpg,val,engaged,0,0
engaged_2211.jpg,train,engaged,engaged_2172.jpg,val,engaged,0,0
engaged_2211.jpg,train,engaged,engaged_2213.jpg,val,engaged,0,0
engaged_2211.jpg,train,engaged,frustrated_9580.jpg,val,frustrated,4,6
engaged_2211.jpg,train,engaged,frustrated_9798.jpg,val,frustrated,3,6
engaged_2212.jpg,train,engaged,engaged_1775.jpg,val,engaged,1,0
engaged_2212.jpg,train,engaged,engaged_1779.jpg,val,engaged,1,0
engaged_2212.jpg,train,engaged,engaged_1836.jpg,val,engaged,0,0
engaged_2212.jpg,train,engaged,engaged_1867.jpg,val,engaged,1,0
engaged_2212.jpg,train,engaged,engaged_1979.jpg,val,engaged,1,0
engaged_2212.jpg,train,engaged,engaged_2045.jpg,val,engaged,1,0
engaged_2212.jpg,train,engaged,engaged_2079.jpg,val,engaged,0,0
engaged_2212.jpg,train,engaged,engaged_2080.jpg,val,engaged,0,0
engaged_2212.jpg,train,engaged,engaged_2086.jpg,val,engaged,0,0
engaged_2212.jpg,train,engaged,engaged_2096.jpg,val,engaged,0,0
engaged_2212.jpg,train,engaged,engaged_2103.jpg,val,engaged,0,0
engaged_2212.jpg,train,engaged,engaged_2121.jpg,val,engaged,0,0
engaged_2212.jpg,train,engaged,engaged_2136.jpg,val,engaged,0,0
engaged_2212.jpg,train,engaged,engaged_2166.jpg,val,engaged,0,0
engaged_2212.jpg,train,engaged,engaged_2172.jpg,val,engaged,0,0
engaged_2212.jpg,train,engaged,engaged_2213.jpg,val,engaged,0,0
engaged_2212.jpg,train,engaged,frustrated_9580.jpg,val,frustrated,4,6
engaged_2212.jpg,train,engaged,frustrated_9798.jpg,val,frustrated,3,6
engaged_2215.jpg,train,engaged,engaged_1775.jpg,val,engaged,1,0
engaged_2215.jpg,train,engaged,engaged_1779.jpg,val,engaged,1,0
engaged_2215.jpg,train,engaged,engaged_1836.jpg,val,engaged,0,0
engaged_2215.jpg,train,engaged,engaged_1867.jpg,val,engaged,1,0
engaged_2215.jpg,train,engaged,engaged_1979.jpg,val,engaged,1,0
engaged_2215.jpg,train,engaged,engaged_2045.jpg,val,engaged,1,0
engaged_2215.jpg,train,engaged,engaged_2079.jpg,val,engaged,0,0
engaged_2215.jpg,train,engaged,engaged_2080.jpg,val,engaged,0,0
engaged_2215.jpg,train,engaged,engaged_2086.jpg,val,engaged,0,0
engaged_2215.jpg,train,engaged,engaged_2096.jpg,val,engaged,0,0
engaged_2215.jpg,train,engaged,engaged_2103.jpg,val,engaged,0,0
engaged_2215.jpg,train,engaged,engaged_2121.jpg,val,engaged,0,0
engaged_2215.jpg,train,engaged,engaged_2136.jpg,val,engaged,0,0
engaged_2215.jpg,train,engaged,engaged_2166.jpg,val,engaged,0,0
engaged_2215.jpg,train,engaged,engaged_2172.jpg,val,engaged,0,0
engaged_2215.jpg,train,engaged,engaged_2213.jpg,val,engaged,0,0
engaged_2215.jpg,train,engaged,frustrated_9580.jpg,val,frustrated,4,6
engaged_2215.jpg,train,engaged,frustrated_9798.jpg,val,frustrated,3,6
engaged_2559.jpg,train,engaged,frustrated_3525.jpg,val,frustrated,1,6
engaged_2594.jpg,train,engaged,frustrated_3525.jpg,val,frustrated,1,6
engaged_357.jpg,train,engaged,engaged_412.jpg,val,engaged,0,0
engaged_357.jpg,train,engaged,engaged_430.jpg,val,engaged,0,0
engaged_372.jpg,train,engaged,engaged_412.jpg,val,engaged,0,0
engaged_372.jpg,train,engaged,engaged_430.jpg,val,engaged,0,0
engaged_375.jpg,train,engaged,engaged_412.jpg,val,engaged,0,0
engaged_375.jpg,train,engaged,engaged_430.jpg,val,engaged,0,0
engaged_379.jpg,train,engaged,engaged_412.jpg,val,engaged,0,0
engaged_379.jpg,train,engaged,engaged_430.jpg,val,engaged,0,0
engaged_382.jpg,train,engaged,engaged_412.jpg,val,engaged,0,0
engaged_382.jpg,train,engaged,engaged_430.jpg,val,engaged,0,0
engaged_423.jpg,train,engaged,engaged_412.jpg,val,engaged,0,0
engaged_423.jpg,train,engaged,engaged_430.jpg,val,engaged,0,0
engaged_4270.jpg,train,engaged,engaged_4254.jpg,val,engaged,0,2
engaged_4305.jpg,train,engaged,engaged_4392.jpg,val,engaged,1,4
engaged_4367.jpg,train,engaged,engaged_4392.jpg,val,engaged,2,4
engaged_453.jpg,train,engaged,engaged_412.jpg,val,engaged,0,2
engaged_453.jpg,train,engaged,engaged_430.jpg,val,engaged,0,2
engaged_455.jpg,train,engaged,engaged_412.jpg,val,engaged,0,2
engaged_455.jpg,train,engaged,engaged_430.jpg,val,engaged,0,2
engaged_457.jpg,train,engaged,engaged_412.jpg,val,engaged,0,2
engaged_457.jpg,train,engaged,engaged_430.jpg,val,engaged,0,2
engaged_458.jpg,train,engaged,engaged_412.jpg,val,engaged,0,2
engaged_458.jpg,train,engaged,engaged_430.jpg,val,engaged,0,2
engaged_459.jpg,train,engaged,engaged_412.jpg,val,engaged,0,2
engaged_459.jpg,train,engaged,engaged_430.jpg,val,engaged,0,2
engaged_460.jpg,train,engaged,engaged_412.jpg,val,engaged,0,2
engaged_460.jpg,train,engaged,engaged_430.jpg,val,engaged,0,2
engaged_462.jpg,train,engaged,engaged_412.jpg,val,engaged,0,2
engaged_462.jpg,train,engaged,engaged_430.jpg,val,engaged,0,2
engaged_463.jpg,train,engaged,engaged_412.jpg,val,engaged,0,2
engaged_463.jpg,train,engaged,engaged_430.jpg,val,engaged,0,2
engaged_464.jpg,train,engaged,engaged_412.jpg,val,engaged,0,2
engaged_464.jpg,train,engaged,engaged_430.jpg,val,engaged,0,2
engaged_508.jpg,train,engaged,engaged_412.jpg,val,engaged,0,0
engaged_508.jpg,train,engaged,engaged_430.jpg,val,engaged,0,0
engaged_510.jpg,train,engaged,engaged_412.jpg,val,engaged,0,0
engaged_510.jpg,train,engaged,engaged_430.jpg,val,engaged,0,0
engaged_579.jpg,train,engaged,frustrated_2896.jpg,val,frustrated,5,6
engaged_582.jpg,train,engaged,frustrated_2896.jpg,val,frustrated,5,6
engaged_589.jpg,train,engaged,frustrated_2896.jpg,val,frustrated,5,6
engaged_592.jpg,train,engaged,frustrated_2896.jpg,val,frustrated,5,6
engaged_615.jpg,train,engaged,frustrated_2896.jpg,val,frustrated,5,6
engaged_622.jpg,train,engaged,frustrated_2896.jpg,val,frustrated,5,6
engaged_625.jpg,train,engaged,frustrated_2896.jpg,val,frustrated,5,6
engaged_643.jpg,train,engaged,frustrated_2896.jpg,val,frustrated,3,6
engaged_675.jpg,train,engaged,frustrated_2896.jpg,val,frustrated,4,6
engaged_686.jpg,train,engaged,engaged_412.jpg,val,engaged,3,2
engaged_686.jpg,train,engaged,engaged_430.jpg,val,engaged,3,2
engaged_690.jpg,train,engaged,engaged_412.jpg,val,engaged,4,4
engaged_690.jpg,train,engaged,engaged_430.jpg,val,engaged,4,4
engaged_911.jpg,train,engaged,engaged_1314.jpg,val,engaged,2,0
engaged_911.jpg,train,engaged,engaged_1343.jpg,val,engaged,2,0
engaged_911.jpg,train,engaged,engaged_1347.jpg,val,engaged,2,0
engaged_911.jpg,train,engaged,engaged_1376.jpg,val,engaged,2,2
engaged_911.jpg,train,engaged,engaged_1405.jpg,val,engaged,2,2
engaged_911.jpg,train,engaged,engaged_15057.jpg,val,engaged,2,6
engaged_911.jpg,train,engaged,engaged_817.jpg,val,engaged,0,2
frustrated_2542.jpg,train,frustrated,frustrated_2896.jpg,val,frustrated,0,6
frustrated_2545.jpg,train,frustrated,frustrated_2896.jpg,val,frustrated,0,6
frustrated_2549.jpg,train,frustrated,confused_3231.jpg,val,confused,4,6
frustrated_2549.jpg,train,frustrated,frustrated_2896.jpg,val,frustrated,0,4
frustrated_2553.jpg,train,frustrated,confused_3231.jpg,val,confused,4,6
frustrated_2553.jpg,train,frustrated,frustrated_2896.jpg,val,frustrated,0,6
frustrated_2655.jpg,train,frustrated,engaged_412.jpg,val,engaged,5,6
frustrated_2655.jpg,train,frustrated,engaged_430.jpg,val,engaged,5,6
frustrated_2655.jpg,train,frustrated,frustrated_2807.jpg,val,frustrated,1,6
frustrated_2660.jpg,train,frustrated,engaged_412.jpg,val,engaged,5,6
frustrated_2660.jpg,train,frustrated,engaged_430.jpg,val,engaged,5,6
frustrated_2660.jpg,train,frustrated,frustrated_2807.jpg,val,frustrated,1,6
frustrated_2665.jpg,train,frustrated,engaged_412.jpg,val,engaged,5,6
frustrated_2665.jpg,train,frustrated,engaged_430.jpg,val,engaged,5,6
frustrated_2665.jpg,train,frustrated,frustrated_2807.jpg,val,frustrated,1,6
frustrated_2670.jpg,train,frustrated,engaged_412.jpg,val,engaged,5,6
frustrated_2670.jpg,train,frustrated,engaged_430.jpg,val,engaged,5,6
frustrated_2709.jpg,train,frustrated,confused_3231.jpg,val,confused,1,6
frustrated_2709.jpg,train,frustrated,engaged_412.jpg,val,engaged,5,6
frustrated_2709.jpg,train,frustrated,engaged_430.jpg,val,engaged,5,6
frustrated_2709.jpg,train,frustrated,frustrated_2807.jpg,val,frustrated,1,6
frustrated_2709.jpg,train,frustrated,frustrated_2896.jpg,val,frustrated,3,6
frustrated_2713.jpg,train,frustrated,confused_3231.jpg,val,confused,1,6
frustrated_2713.jpg,train,frustrated,engaged_412.jpg,val,engaged,5,6
frustrated_2713.jpg,train,frustrated,engaged_430.jpg,val,engaged,5,6
frustrated_2713.jpg,train,frustrated,frustrated_2807.jpg,val,frustrated,1,6
frustrated_2713.jpg,train,frustrated,frustrated_2896.jpg,val,frustrated,3,6
frustrated_2718.jpg,train,frustrated,confused_3231.jpg,val,confused,1,6
frustrated_2718.jpg,train,frustrated,engaged_412.jpg,val,engaged,5,6
frustrated_2718.jpg,train,frustrated,engaged_430.jpg,val,engaged,5,6
frustrated_2718.jpg,train,frustrated,frustrated_2807.jpg,val,frustrated,1,6
frustrated_2718.jpg,train,frustrated,frustrated_2896.jpg,val,frustrated,3,6
frustrated_2803.jpg,train,frustrated,frustrated_2807.jpg,val,frustrated,1,2
frustrated_2811.jpg,train,frustrated,confused_3231.jpg,val,confused,4,6
frustrated_2811.jpg,train,frustrated,frustrated_2807.jpg,val,frustrated,2,2
frustrated_2829.jpg,train,frustrated,frustrated_2807.jpg,val,frustrated,3,6
frustrated_2829.jpg,train,frustrated,frustrated_2896.jpg,val,frustrated,1,4
frustrated_2833.jpg,train,frustrated,frustrated_2807.jpg,val,frustrated,3,6
frustrated_2833.jpg,train,frustrated,frustrated_2896.jpg,val,frustrated,1,6
frustrated_2843.jpg,train,frustrated,frustrated_2807.jpg,val,frustrated,2,6
frustrated_2843.jpg,train,frustrated,frustrated_2896.jpg,val,frustrated,0,6
frustrated_2846.jpg,train,frustrated,frustrated_2807.jpg,val,frustrated,2,6
frustrated_2851.jpg,train,frustrated,frustrated_2896.jpg,val,frustrated,0,6
frustrated_2857.jpg,train,frustrated,frustrated_2896.jpg,val,frustrated,0,6
frustrated_2860.jpg,train,frustrated,frustrated_2896.jpg,val,frustrated,0,6
frustrated_2893.jpg,train,frustrated,frustrated_3073.jpg,val,frustrated,2,4
frustrated_2893.jpg,train,frustrated,frustrated_3097.jpg,val,frustrated,2,4
frustrated_2902.jpg,train,frustrated,frustrated_3073.jpg,val,frustrated,3,4
frustrated_2902.jpg,train,frustrated,frustrated_3097.jpg,val,frustrated,3,4
frustrated_2906.jpg,train,frustrated,frustrated_3073.jpg,val,frustrated,3,4
frustrated_2906.jpg,train,frustrated,frustrated_3097.jpg,val,frustrated,3,4
frustrated_2909.jpg,train,frustrated,frustrated_3073.jpg,val,frustrated,3,4
frustrated_2909.jpg,train,frustrated,frustrated_3097.jpg,val,frustrated,3,4
frustrated_2911.jpg,train,frustrated,frustrated_3073.jpg,val,frustrated,2,4
frustrated_2911.jpg,train,frustrated,frustrated_3097.jpg,val,frustrated,2,4
frustrated_2925.jpg,train,frustrated,frustrated_3073.jpg,val,frustrated,2,4
frustrated_2925.jpg,train,frustrated,frustrated_3097.jpg,val,frustrated,2,4
frustrated_2926.jpg,train,frustrated,frustrated_3073.jpg,val,frustrated,2,4
frustrated_2926.jpg,train,frustrated,frustrated_3097.jpg,val,frustrated,2,4
frustrated_2928.jpg,train,frustrated,frustrated_3073.jpg,val,frustrated,2,4
frustrated_2928.jpg,train,frustrated,frustrated_3097.jpg,val,frustrated,2,4
frustrated_2930.jpg,train,frustrated,frustrated_3073.jpg,val,frustrated,2,4
frustrated_2930.jpg,train,frustrated,frustrated_3097.jpg,val,frustrated,2,4
frustrated_2949.jpg,train,frustrated,frustrated_2960.jpg,val,frustrated,0,2
frustrated_2949.jpg,train,frustrated,frustrated_3073.jpg,val,frustrated,4,2
frustrated_2949.jpg,train,frustrated,frustrated_3097.jpg,val,frustrated,4,4
frustrated_2956.jpg,train,frustrated,frustrated_2960.jpg,val,frustrated,0,0
frustrated_2956.jpg,train,frustrated,frustrated_3073.jpg,val,frustrated,4,4
frustrated_2956.jpg,train,frustrated,frustrated_3097.jpg,val,frustrated,4,6
frustrated_2964.jpg,train,frustrated,frustrated_2960.jpg,val,frustrated,0,0
frustrated_2964.jpg,train,frustrated,frustrated_3073.jpg,val,frustrated,4,4
frustrated_2964.jpg,train,frustrated,frustrated_3097.jpg,val,frustrated,4,6
frustrated_2967.jpg,train,frustrated,frustrated_2960.jpg,val,frustrated,0,0
frustrated_2967.jpg,train,frustrated,frustrated_3073.jpg,val,frustrated,4,4
frustrated_2967.jpg,train,frustrated,frustrated_3097.jpg,val,frustrated,4,6
frustrated_2970.jpg,train,frustrated,frustrated_2960.jpg,val,frustrated,0,0
frustrated_2970.jpg,train,frustrated,frustrated_3073.jpg,val,frustrated,4,4
frustrated_2970.jpg,train,frustrated,frustrated_3097.jpg,val,frustrated,4,6
frustrated_2974.jpg,train,frustrated,frustrated_2960.jpg,val,frustrated,0,2
frustrated_2974.jpg,train,frustrated,frustrated_3073.jpg,val,frustrated,4,4
frustrated_2974.jpg,train,frustrated,frustrated_3097.jpg,val,frustrated,4,6
frustrated_2979.jpg,train,frustrated,frustrated_2960.jpg,val,frustrated,1,2
frustrated_2979.jpg,train,frustrated,frustrated_3073.jpg,val,frustrated,3,4
frustrated_2979.jpg,train,frustrated,frustrated_3097.jpg,val,frustrated,3,6
frustrated_2985.jpg,train,frustrated,frustrated_2960.jpg,val,frustrated,3,2
frustrated_2985.jpg,train,frustrated,frustrated_3073.jpg,val,frustrated,1,2
frustrated_2985.jpg,train,frustrated,frustrated_3097.jpg,val,frustrated,1,4
frustrated_2996.jpg,train,frustrated,frustrated_2960.jpg,val,frustrated,3,4
frustrated_2996.jpg,train,frustrated,frustrated_3073.jpg,val,frustrated,1,0
frustrated_2996.jpg,train,frustrated,frustrated_3097.jpg,val,frustrated,1,2
frustrated_2996.jpg,train,frustrated,frustrated_3128.jpg,val,frustrated,1,6
frustrated_2996.jpg,train,frustrated,frustrated_3134.jpg,val,frustrated,1,6
frustrated_3002.jpg,train,frustrated,frustrated_2960.jpg,val,frustrated,3,4
frustrated_3002.jpg,train,frustrated,frustrated_3073.jpg,val,frustrated,1,0
frustrated_3002.jpg,train,frustrated,frustrated_3097.jpg,val,frustrated,1,2
frustrated_3002.jpg,train,frustrated,frustrated_3128.jpg,val,frustrated,1,6
frustrated_3002.jpg,train,frustrated,frustrated_3134.jpg,val,frustrated,1,6
frustrated_3005.jpg,train,frustrated,frustrated_2960.jpg,val,frustrated,3,2
frustrated_3005.jpg,train,frustrated,frustrated_3073.jpg,val,frustrated,1,2
frustrated_3005.jpg,train,frustrated,frustrated_3097.jpg,val,frustrated,1,4
frustrated_3021.jpg,train,frustrated,frustrated_2960.jpg,val,frustrated,3,2
frustrated_3021.jpg,train,frustrated,frustrated_3073.jpg,val,frustrated,1,2
frustrated_3021.jpg,train,frustrated,frustrated_3097.jpg,val,frustrated,1,4
frustrated_3023.jpg,train,frustrated,frustrated_2960.jpg,val,frustrated,2,4
frustrated_3023.jpg,train,frustrated,frustrated_3073.jpg,val,frustrated,2,0
frustrated_3023.jpg,train,frustrated,frustrated_3097.jpg,val,frustrated,2,2
frustrated_3023.jpg,train,frustrated,frustrated_3128.jpg,val,frustrated,2,6
frustrated_3023.jpg,train,frustrated,frustrated_3134.jpg,val,frustrated,2,6
frustrated_3069.jpg,train,frustrated,frustrated_2960.jpg,val,frustrated,4,4
frustrated_3069.jpg,train,frustrated,frustrated_3073.jpg,val,frustrated,0,0
frustrated_3069.jpg,train,frustrated,frustrated_3097.jpg,val,frustrated,0,2
frustrated_3069.jpg,train,frustrated,frustrated_3128.jpg,val,frustrated,0,6
frustrated_3069.jpg,train,frustrated,frustrated_3134.jpg,val,frustrated,0,6
frustrated_3076.jpg,train,frustrated,frustrated_2960.jpg,val,frustrated,4,6
frustrated_3076.jpg,train,frustrated,frustrated_3073.jpg,val,frustrated,0,2
frustrated_3076.jpg,train,frustrated,frustrated_3097.jpg,val,frustrated,0,0
frustrated_3076.jpg,train,frustrated,frustrated_3128.jpg,val,frustrated,0,6
frustrated_3076.jpg,train,frustrated,frustrated_3134.jpg,val,frustrated,0,6
frustrated_3082.jpg,train,frustrated,frustrated_2960.jpg,val,frustrated,4,4
frustrated_3082.jpg,train,frustrated,frustrated_3073.jpg,val,frustrated,0,0
frustrated_3082.jpg,train,frustrated,frustrated_3097.jpg,val,frustrated,0,2
frustrated_3082.jpg,train,frustrated,frustrated_3128.jpg,val,frustrated,0,6
frustrated_3082.jpg,train,frustrated,frustrated_3134.jpg,val,frustrated,0,6
frustrated_3084.jpg,train,frustrated,frustrated_2960.jpg,val,frustrated,4,6
frustrated_3084.jpg,train,frustrated,frustrated_3073.jpg,val,frustrated,0,2
frustrated_3084.jpg,train,frustrated,frustrated_3097.jpg,val,frustrated,0,0
frustrated_3084.jpg,train,frustrated,frustrated_3128.jpg,val,frustrated,0,6
frustrated_3084.jpg,train,frustrated,frustrated_3134.jpg,val,frustrated,0,6
frustrated_3094.jpg,train,frustrated,frustrated_2960.jpg,val,frustrated,4,6
frustrated_3094.jpg,train,frustrated,frustrated_3073.jpg,val,frustrated,0,2
frustrated_3094.jpg,train,frustrated,frustrated_3097.jpg,val,frustrated,0,0
frustrated_3094.jpg,train,frustrated,frustrated_3128.jpg,val,frustrated,0,6
frustrated_3094.jpg,train,frustrated,frustrated_3134.jpg,val,frustrated,0,6
frustrated_3100.jpg,train,frustrated,frustrated_2960.jpg,val,frustrated,4,6
frustrated_3100.jpg,train,frustrated,frustrated_3073.jpg,val,frustrated,0,2
frustrated_3100.jpg,train,frustrated,frustrated_3097.jpg,val,frustrated,0,0
frustrated_3100.jpg,train,frustrated,frustrated_3128.jpg,val,frustrated,0,6
frustrated_3100.jpg,train,frustrated,frustrated_3134.jpg,val,frustrated,0,6
frustrated_3102.jpg,train,frustrated,frustrated_2960.jpg,val,frustrated,4,6
frustrated_3102.jpg,train,frustrated,frustrated_3073.jpg,val,frustrated,0,2
frustrated_3102.jpg,train,frustrated,frustrated_3097.jpg,val,frustrated,0,2
frustrated_3102.jpg,train,frustrated,frustrated_3128.jpg,val,frustrated,0,4
frustrated_3102.jpg,train,frustrated,frustrated_3134.jpg,val,frustrated,0,4
frustrated_3106.jpg,train,frustrated,frustrated_2960.jpg,val,frustrated,4,6
frustrated_3106.jpg,train,frustrated,frustrated_3073.jpg,val,frustrated,0,2
frustrated_3106.jpg,train,frustrated,frustrated_3097.jpg,val,frustrated,0,2
frustrated_3106.jpg,train,frustrated,frustrated_3128.jpg,val,frustrated,0,4
frustrated_3106.jpg,train,frustrated,frustrated_3134.jpg,val,frustrated,0,4
frustrated_3115.jpg,train,frustrated,frustrated_2960.jpg,val,frustrated,4,6
frustrated_3115.jpg,train,frustrated,frustrated_3073.jpg,val,frustrated,0,2
frustrated_3115.jpg,train,frustrated,frustrated_3097.jpg,val,frustrated,0,2
frustrated_3115.jpg,train,frustrated,frustrated_3128.jpg,val,frustrated,0,4
frustrated_3115.jpg,train,frustrated,frustrated_3134.jpg,val,frustrated,0,4
frustrated_3119.jpg,train,frustrated,frustrated_3073.jpg,val,frustrated,0,4
frustrated_3119.jpg,train,frustrated,frustrated_3097.jpg,val,frustrated,0,4
frustrated_3119.jpg,train,frustrated,frustrated_3128.jpg,val,frustrated,0,4
frustrated_3119.jpg,train,frustrated,frustrated_3134.jpg,val,frustrated,0,4
frustrated_3122.jpg,train,frustrated,frustrated_3073.jpg,val,frustrated,0,6
frustrated_3122.jpg,train,frustrated,frustrated_3097.jpg,val,frustrated,0,6
frustrated_3122.jpg,train,frustrated,frustrated_3128.jpg,val,frustrated,0,2
frustrated_3122.jpg,train,frustrated,frustrated_3134.jpg,val,frustrated,0,2
frustrated_3138.jpg,train,frustrated,frustrated_3073.jpg,val,frustrated,0,6
frustrated_3138.jpg,train,frustrated,frustrated_3097.jpg,val,frustrated,0,6
frustrated_3138.jpg,train,frustrated,frustrated_3128.jpg,val,frustrated,0,0
frustrated_3138.jpg,train,frustrated,frustrated_3134.jpg,val,frustrated,0,0
frustrated_3150.jpg,train,frustrated,frustrated_3128.jpg,val,frustrated,1,6
frustrated_3150.jpg,train,frustrated,frustrated_3134.jpg,val,frustrated,1,6
frustrated_3155.jpg,train,frustrated,frustrated_3128.jpg,val,frustrated,1,4
frustrated_3155.jpg,train,frustrated,frustrated_3134.jpg,val,frustrated,1,4
frustrated_3625.jpg,train,frustrated,frustrated_3533.jpg,val,frustrated,0,2
frustrated_3646.jpg,train,frustrated,frustrated_3533.jpg,val,frustrated,1,2
frustrated_8033.jpg,train,frustrated,bored_5193.jpg,val,bored,0,0
frustrated_8033.jpg,train,frustrated,confused_12902.jpg,val,confused,1,0
frustrated_8033.jpg,train,frustrated,frustrated_8926.jpg,val,frustrated,0,6
frustrated_8033.jpg,train,frustrated,frustrated_8932.jpg,val,frustrated,0,6
frustrated_8033.jpg,train,frustrated,frustrated_9411.jpg,val,frustrated,3,6
frustrated_8033.jpg,train,frustrated,frustrated_9580.jpg,val,frustrated,1,4
frustrated_8036.jpg,train,frustrated,bored_5193.jpg,val,bored,0,0
frustrated_8036.jpg,train,frustrated,confused_12902.jpg,val,confused,1,0
frustrated_8036.jpg,train,frustrated,frustrated_8926.jpg,val,frustrated,0,6
frustrated_8036.jpg,train,frustrated,frustrated_8932.jpg,val,frustrated,0,6
frustrated_8036.jpg,train,frustrated,frustrated_9411.jpg,val,frustrated,3,6
frustrated_8036.jpg,train,frustrated,frustrated_9580.jpg,val,frustrated,1,4
frustrated_8449.jpg,train,frustrated,bored_5910.jpg,val,bored,3,0
frustrated_8449.jpg,train,frustrated,frustrated_9133.jpg,val,frustrated,2,2
frustrated_8456.jpg,train,frustrated,bored_5910.jpg,val,bored,3,0
frustrated_8456.jpg,train,frustrated,frustrated_9133.jpg,val,frustrated,2,2
frustrated_8462.jpg,train,frustrated,bored_5910.jpg,val,bored,3,2
frustrated_8462.jpg,train,frustrated,frustrated_9133.jpg,val,frustrated,2,2
frustrated_8472.jpg,train,frustrated,bored_5910.jpg,val,bored,3,2
frustrated_8472.jpg,train,frustrated,frustrated_9133.jpg,val,frustrated,2,2
frustrated_8643.jpg,train,frustrated,bored_5910.jpg,val,bored,3,0
frustrated_8643.jpg,train,frustrated,frustrated_9133.jpg,val,frustrated,2,2
frustrated_8648.jpg,train,frustrated,bored_5910.jpg,val,bored,3,2
frustrated_8648.jpg,train,frustrated,frustrated_9133.jpg,val,frustrated,2,2
frustrated_8653.jpg,train,frustrated,bored_5910.jpg,val,bored,3,2
frustrated_8653.jpg,train,frustrated,frustrated_9133.jpg,val,frustrated,2,0
frustrated_8658.jpg,train,frustrated,bored_5910.jpg,val,bored,4,2
frustrated_8658.jpg,train,frustrated,frustrated_9133.jpg,val,frustrated,1,0
frustrated_8667.jpg,train,frustrated,bored_5910.jpg,val,bored,3,2
frustrated_8667.jpg,train,frustrated,frustrated_9133.jpg,val,frustrated,2,2
frustrated_8672.jpg,train,frustrated,bored_5910.jpg,val,bored,4,2
frustrated_8672.jpg,train,frustrated,frustrated_9133.jpg,val,frustrated,1,2
frustrated_8677.jpg,train,frustrated,bored_5910.jpg,val,bored,4,2
frustrated_8677.jpg,train,frustrated,frustrated_9133.jpg,val,frustrated,1,0
frustrated_8681.jpg,train,frustrated,bored_5910.jpg,val,bored,4,2
frustrated_8681.jpg,train,frustrated,frustrated_9133.jpg,val,frustrated,1,0
frustrated_8685.jpg,train,frustrated,bored_5910.jpg,val,bored,4,2
frustrated_8685.jpg,train,frustrated,frustrated_9133.jpg,val,frustrated,1,0
frustrated_8690.jpg,train,frustrated,bored_5910.jpg,val,bored,4,2
frustrated_8690.jpg,train,frustrated,frustrated_9133.jpg,val,frustrated,1,0
frustrated_8761.jpg,train,frustrated,bored_5910.jpg,val,bored,4,2
frustrated_8761.jpg,train,frustrated,frustrated_9133.jpg,val,frustrated,1,0
frustrated_8766.jpg,train,frustrated,bored_5910.jpg,val,bored,4,2
frustrated_8766.jpg,train,frustrated,frustrated_9133.jpg,val,frustrated,1,0
frustrated_8781.jpg,train,frustrated,bored_5910.jpg,val,bored,4,2
frustrated_8781.jpg,train,frustrated,frustrated_9133.jpg,val,frustrated,1,0
frustrated_8786.jpg,train,frustrated,bored_5910.jpg,val,bored,4,2
frustrated_8786.jpg,train,frustrated,frustrated_9133.jpg,val,frustrated,1,0
frustrated_8936.jpg,train,frustrated,bored_5193.jpg,val,bored,0,6
frustrated_8936.jpg,train,frustrated,confused_12902.jpg,val,confused,1,6
frustrated_8936.jpg,train,frustrated,engaged_15057.jpg,val,engaged,2,6
frustrated_8936.jpg,train,frustrated,frustrated_8926.jpg,val,frustrated,0,0
frustrated_8936.jpg,train,frustrated,frustrated_8932.jpg,val,frustrated,0,0
frustrated_8936.jpg,train,frustrated,frustrated_9580.jpg,val,frustrated,1,4
frustrated_8946.jpg,train,frustrated,bored_5193.jpg,val,bored,0,4
frustrated_8946.jpg,train,frustrated,confused_12902.jpg,val,confused,1,4
frustrated_8946.jpg,train,frustrated,engaged_15057.jpg,val,engaged,2,6
frustrated_8946.jpg,train,frustrated,frustrated_8926.jpg,val,frustrated,0,2
frustrated_8946.jpg,train,frustrated,frustrated_8932.jpg,val,frustrated,0,2
frustrated_8946.jpg,train,frustrated,frustrated_9580.jpg,val,frustrated,1,2
frustrated_9014.jpg,train,frustrated,bored_5193.jpg,val,bored,0,4
frustrated_9014.jpg,train,frustrated,confused_12902.jpg,val,confused,1,4
frustrated_9014.jpg,train,frustrated,engaged_1775.jpg,val,engaged,4,6
frustrated_9014.jpg,train,frustrated,engaged_1779.jpg,val,engaged,4,6
frustrated_9014.jpg,train,frustrated,engaged_1836.jpg,val,engaged,3,6
frustrated_9014.jpg,train,frustrated,engaged_1867.jpg,val,engaged,4,6
frustrated_9014.jpg,train,frustrated,engaged_1979.jpg,val,engaged,4,6
frustrated_9014.jpg,train,frustrated,engaged_2045.jpg,val,engaged,4,6
frustrated_9014.jpg,train,frustrated,engaged_2079.jpg,val,engaged,3,6
frustrated_9014.jpg,train,frustrated,engaged_2080.jpg,val,engaged,3,6
frustrated_9014.jpg,train,frustrated,engaged_2086.jpg,val,engaged,3,6
frustrated_9014.jpg,train,frustrated,engaged_2096.jpg,val,engaged,3,6
frustrated_9014.jpg,train,frustrated,engaged_2103.jpg,val,engaged,3,6
frustrated_9014.jpg,train,frustrated,engaged_2121.jpg,val,engaged,3,6
frustrated_9014.jpg,train,frustrated,engaged_2136.jpg,val,engaged,3,6
frustrated_9014.jpg,train,frustrated,engaged_2166.jpg,val,engaged,3,6
frustrated_9014.jpg,train,frustrated,engaged_2172.jpg,val,engaged,3,6
frustrated_9014.jpg,train,frustrated,engaged_2213.jpg,val,engaged,3,6
frustrated_9014.jpg,train,frustrated,frustrated_8926.jpg,val,frustrated,0,4
frustrated_9014.jpg,train,frustrated,frustrated_8932.jpg,val,frustrated,0,4
frustrated_9014.jpg,train,frustrated,frustrated_9411.jpg,val,frustrated,3,6
frustrated_9014.jpg,train,frustrated,frustrated_9580.jpg,val,frustrated,1,0
frustrated_9019.jpg,train,frustrated,bored_5193.jpg,val,bored,0,4
frustrated_9019.jpg,train,frustrated,confused_12902.jpg,val,confused,1,4
frustrated_9019.jpg,train,frustrated,engaged_1775.jpg,val,engaged,4,6
frustrated_9019.jpg,train,frustrated,engaged_1779.jpg,val,engaged,4,6
frustrated_9019.jpg,train,frustrated,engaged_1836.jpg,val,engaged,3,6
frustrated_9019.jpg,train,frustrated,engaged_1867.jpg,val,engaged,4,6
frustrated_9019.jpg,train,frustrated,engaged_1979.jpg,val,engaged,4,6
frustrated_9019.jpg,train,frustrated,engaged_2045.jpg,val,engaged,4,6
frustrated_9019.jpg,train,frustrated,engaged_2079.jpg,val,engaged,3,6
frustrated_9019.jpg,train,frustrated,engaged_2080.jpg,val,engaged,3,6
frustrated_9019.jpg,train,frustrated,engaged_2086.jpg,val,engaged,3,6
frustrated_9019.jpg,train,frustrated,engaged_2096.jpg,val,engaged,3,6
frustrated_9019.jpg,train,frustrated,engaged_2103.jpg,val,engaged,3,6
frustrated_9019.jpg,train,frustrated,engaged_2121.jpg,val,engaged,3,6
frustrated_9019.jpg,train,frustrated,engaged_2136.jpg,val,engaged,3,6
frustrated_9019.jpg,train,frustrated,engaged_2166.jpg,val,engaged,3,6
frustrated_9019.jpg,train,frustrated,engaged_2172.jpg,val,engaged,3,6
frustrated_9019.jpg,train,frustrated,engaged_2213.jpg,val,engaged,3,6
frustrated_9019.jpg,train,frustrated,frustrated_8926.jpg,val,frustrated,0,4
frustrated_9019.jpg,train,frustrated,frustrated_8932.jpg,val,frustrated,0,4
frustrated_9019.jpg,train,frustrated,frustrated_9411.jpg,val,frustrated,3,6
frustrated_9019.jpg,train,frustrated,frustrated_9580.jpg,val,frustrated,1,0
frustrated_9029.jpg,train,frustrated,bored_5193.jpg,val,bored,0,4
frustrated_9029.jpg,train,frustrated,confused_12902.jpg,val,confused,1,4
frustrated_9029.jpg,train,frustrated,engaged_1775.jpg,val,engaged,4,6
frustrated_9029.jpg,train,frustrated,engaged_1779.jpg,val,engaged,4,6
frustrated_9029.jpg,train,frustrated,engaged_1836.jpg,val,engaged,3,6
frustrated_9029.jpg,train,frustrated,engaged_1867.jpg,val,engaged,4,6
frustrated_9029.jpg,train,frustrated,engaged_1979.jpg,val,engaged,4,6
frustrated_9029.jpg,train,frustrated,engaged_2045.jpg,val,engaged,4,6
frustrated_9029.jpg,train,frustrated,engaged_2079.jpg,val,engaged,3,6
frustrated_9029.jpg,train,frustrated,engaged_2080.jpg,val,engaged,3,6
frustrated_9029.jpg,train,frustrated,engaged_2086.jpg,val,engaged,3,6
frustrated_9029.jpg,train,frustrated,engaged_2096.jpg,val,engaged,3,6
frustrated_9029.jpg,train,frustrated,engaged_2103.jpg,val,engaged,3,6
frustrated_9029.jpg,train,frustrated,engaged_2121.jpg,val,engaged,3,6
frustrated_9029.jpg,train,frustrated,engaged_2136.jpg,val,engaged,3,6
frustrated_9029.jpg,train,frustrated,engaged_2166.jpg,val,engaged,3,6
frustrated_9029.jpg,train,frustrated,engaged_2172.jpg,val,engaged,3,6
frustrated_9029.jpg,train,frustrated,engaged_2213.jpg,val,engaged,3,6
frustrated_9029.jpg,train,frustrated,frustrated_8926.jpg,val,frustrated,0,4
frustrated_9029.jpg,train,frustrated,frustrated_8932.jpg,val,frustrated,0,4
frustrated_9029.jpg,train,frustrated,frustrated_9411.jpg,val,frustrated,3,6
frustrated_9029.jpg,train,frustrated,frustrated_9580.jpg,val,frustrated,1,0
frustrated_9033.jpg,train,frustrated,bored_5193.jpg,val,bored,0,4
frustrated_9033.jpg,train,frustrated,confused_12902.jpg,val,confused,1,4
frustrated_9033.jpg,train,frustrated,engaged_1775.jpg,val,engaged,4,6
frustrated_9033.jpg,train,frustrated,engaged_1779.jpg,val,engaged,4,6
frustrated_9033.jpg,train,frustrated,engaged_1836.jpg,val,engaged,3,6
frustrated_9033.jpg,train,frustrated,engaged_1867.jpg,val,engaged,4,6
frustrated_9033.jpg,train,frustrated,engaged_1979.jpg,val,engaged,4,6
frustrated_9033.jpg,train,frustrated,engaged_2045.jpg,val,engaged,4,6
frustrated_9033.jpg,train,frustrated,engaged_2079.jpg,val,engaged,3,6
frustrated_9033.jpg,train,frustrated,engaged_2080.jpg,val,engaged,3,6
frustrated_9033.jpg,train,frustrated,engaged_2086.jpg,val,engaged,3,6
frustrated_9033.jpg,train,frustrated,engaged_2096.jpg,val,engaged,3,6
frustrated_9033.jpg,train,frustrated,engaged_2103.jpg,val,engaged,3,6
frustrated_9033.jpg,train,frustrated,engaged_2121.jpg,val,engaged,3,6
frustrated_9033.jpg,train,frustrated,engaged_2136.jpg,val,engaged,3,6
frustrated_9033.jpg,train,frustrated,engaged_2166.jpg,val,engaged,3,6
frustrated_9033.jpg,train,frustrated,engaged_2172.jpg,val,engaged,3,6
frustrated_9033.jpg,train,frustrated,engaged_2213.jpg,val,engaged,3,6
frustrated_9033.jpg,train,frustrated,frustrated_8926.jpg,val,frustrated,0,4
frustrated_9033.jpg,train,frustrated,frustrated_8932.jpg,val,frustrated,0,4
frustrated_9033.jpg,train,frustrated,frustrated_9411.jpg,val,frustrated,3,6
frustrated_9033.jpg,train,frustrated,frustrated_9580.jpg,val,frustrated,1,0
frustrated_9115.jpg,train,frustrated,bored_5910.jpg,val,bored,3,2
frustrated_9115.jpg,train,frustrated,frustrated_9133.jpg,val,frustrated,0,0
frustrated_9121.jpg,train,frustrated,bored_5910.jpg,val,bored,3,2
frustrated_9121.jpg,train,frustrated,frustrated_9133.jpg,val,frustrated,0,0
frustrated_9127.jpg,train,frustrated,bored_5910.jpg,val,bored,3,2
frustrated_9127.jpg,train,frustrated,frustrated_9133.jpg,val,frustrated,0,0
frustrated_9138.jpg,train,frustrated,bored_5910.jpg,val,bored,3,2
frustrated_9138.jpg,train,frustrated,frustrated_9133.jpg,val,frustrated,0,0
frustrated_9363.jpg,train,frustrated,bored_5193.jpg,val,bored,3,6
frustrated_9363.jpg,train,frustrated,confused_12902.jpg,val,confused,2,6
frustrated_9363.jpg,train,frustrated,engaged_1775.jpg,val,engaged,5,6
frustrated_9363.jpg,train,frustrated,engaged_1779.jpg,val,engaged,5,6
frustrated_9363.jpg,train,frustrated,engaged_1867.jpg,val,engaged,5,6
frustrated_9363.jpg,train,frustrated,engaged_1979.jpg,val,engaged,5,6
frustrated_9363.jpg,train,frustrated,engaged_2045.jpg,val,engaged,5,6
frustrated_9363.jpg,train,frustrated,frustrated_9411.jpg,val,frustrated,0,0
frustrated_9363.jpg,train,frustrated,frustrated_9580.jpg,val,frustrated,2,6
frustrated_9363.jpg,train,frustrated,frustrated_9647.jpg,val,frustrated,4,6
frustrated_9363.jpg,train,frustrated,frustrated_9798.jpg,val,frustrated,5,6
frustrated_9369.jpg,train,frustrated,bored_5193.jpg,val,bored,2,6
frustrated_9369.jpg,train,frustrated,confused_12902.jpg,val,confused,1,6
frustrated_9369.jpg,train,frustrated,engaged_1775.jpg,val,engaged,4,6
frustrated_9369.jpg,train,frustrated,engaged_1779.jpg,val,engaged,4,6
frustrated_9369.jpg,train,frustrated,engaged_1836.jpg,val,engaged,5,6
frustrated_9369.jpg,train,frustrated,engaged_1867.jpg,val,engaged,4,6
frustrated_9369.jpg,train,frustrated,engaged_1979.jpg,val,engaged,4,6
frustrated_9369.jpg,train,frustrated,engaged_2045.jpg,val,engaged,4,6
frustrated_9369.jpg,train,frustrated,engaged_2079.jpg,val,engaged,5,6
frustrated_9369.jpg,train,frustrated,engaged_2080.jpg,val,engaged,5,6
frustrated_9369.jpg,train,frustrated,engaged_2086.jpg,val,engaged,5,6
frustrated_9369.jpg,train,frustrated,engaged_2096.jpg,val,engaged,5,6
frustrated_9369.jpg,train,frustrated,engaged_2103.jpg,val,engaged,5,6
frustrated_9369.jpg,train,frustrated,engaged_2121.jpg,val,engaged,5,6
frustrated_9369.jpg,train,frustrated,engaged_2136.jpg,val,engaged,5,6
frustrated_9369.jpg,train,frustrated,engaged_2166.jpg,val,engaged,5,6
frustrated_9369.jpg,train,frustrated,engaged_2172.jpg,val,engaged,5,6
frustrated_9369.jpg,train,frustrated,engaged_2213.jpg,val,engaged,5,6
frustrated_9369.jpg,train,frustrated,frustrated_9411.jpg,val,frustrated,1,0
frustrated_9369.jpg,train,frustrated,frustrated_9580.jpg,val,frustrated,3,6
frustrated_9369.jpg,train,frustrated,frustrated_9647.jpg,val,frustrated,5,6
frustrated_9374.jpg,train,frustrated,bored_5193.jpg,val,bored,3,6
frustrated_9374.jpg,train,frustrated,confused_12902.jpg,val,confused,2,6
frustrated_9374.jpg,train,frustrated,engaged_1775.jpg,val,engaged,5,6
frustrated_9374.jpg,train,frustrated,engaged_1779.jpg,val,engaged,5,6
frustrated_9374.jpg,train,frustrated,engaged_1867.jpg,val,engaged,5,6
frustrated_9374.jpg,train,frustrated,engaged_1979.jpg,val,engaged,5,6
frustrated_9374.jpg,train,frustrated,engaged_2045.jpg,val,engaged,5,6
frustrated_9374.jpg,train,frustrated,frustrated_9411.jpg,val,frustrated,0,0
frustrated_9374.jpg,train,frustrated,frustrated_9580.jpg,val,frustrated,2,6
frustrated_9374.jpg,train,frustrated,frustrated_9647.jpg,val,frustrated,4,6
frustrated_9374.jpg,train,frustrated,frustrated_9798.jpg,val,frustrated,5,6
frustrated_9402.jpg,train,frustrated,bored_5193.jpg,val,bored,3,6
frustrated_9402.jpg,train,frustrated,confused_12902.jpg,val,confused,2,6
frustrated_9402.jpg,train,frustrated,engaged_1775.jpg,val,engaged,5,6
frustrated_9402.jpg,train,frustrated,engaged_1779.jpg,val,engaged,5,6
frustrated_9402.jpg,train,frustrated,engaged_1867.jpg,val,engaged,5,6
frustrated_9402.jpg,train,frustrated,engaged_1979.jpg,val,engaged,5,6
frustrated_9402.jpg,train,frustrated,engaged_2045.jpg,val,engaged,5,6
frustrated_9402.jpg,train,frustrated,frustrated_9411.jpg,val,frustrated,0,0
frustrated_9402.jpg,train,frustrated,frustrated_9580.jpg,val,frustrated,2,6
frustrated_9402.jpg,train,frustrated,frustrated_9647.jpg,val,frustrated,4,6
frustrated_9402.jpg,train,frustrated,frustrated_9798.jpg,val,frustrated,5,6
frustrated_9407.jpg,train,frustrated,bored_5193.jpg,val,bored,3,6
frustrated_9407.jpg,train,frustrated,confused_12902.jpg,val,confused,2,6
frustrated_9407.jpg,train,frustrated,engaged_1775.jpg,val,engaged,5,6
frustrated_9407.jpg,train,frustrated,engaged_1779.jpg,val,engaged,5,6
frustrated_9407.jpg,train,frustrated,engaged_1867.jpg,val,engaged,5,6
frustrated_9407.jpg,train,frustrated,engaged_1979.jpg,val,engaged,5,6
frustrated_9407.jpg,train,frustrated,engaged_2045.jpg,val,engaged,5,6
frustrated_9407.jpg,train,frustrated,frustrated_9411.jpg,val,frustrated,0,0
frustrated_9407.jpg,train,frustrated,frustrated_9580.jpg,val,frustrated,2,6
frustrated_9407.jpg,train,frustrated,frustrated_9647.jpg,val,frustrated,4,6
frustrated_9407.jpg,train,frustrated,frustrated_9798.jpg,val,frustrated,5,6
frustrated_9550.jpg,train,frustrated,bored_5193.jpg,val,bored,1,4
frustrated_9550.jpg,train,frustrated,confused_12902.jpg,val,confused,2,4
frustrated_9550.jpg,train,frustrated,engaged_1775.jpg,val,engaged,5,6
frustrated_9550.jpg,train,frustrated,engaged_1779.jpg,val,engaged,5,6
frustrated_9550.jpg,train,frustrated,engaged_1836.jpg,val,engaged,4,6
frustrated_9550.jpg,train,frustrated,engaged_1867.jpg,val,engaged,5,6
frustrated_9550.jpg,train,frustrated,engaged_1979.jpg,val,engaged,5,6
frustrated_9550.jpg,train,frustrated,engaged_2045.jpg,val,engaged,5,6
frustrated_9550.jpg,train,frustrated,engaged_2079.jpg,val,engaged,4,6
frustrated_9550.jpg,train,frustrated,engaged_2080.jpg,val,engaged,4,6
frustrated_9550.jpg,train,frustrated,engaged_2086.jpg,val,engaged,4,6
frustrated_9550.jpg,train,frustrated,engaged_2096.jpg,val,engaged,4,6
frustrated_9550.jpg,train,frustrated,engaged_2103.jpg,val,engaged,4,6
frustrated_9550.jpg,train,frustrated,engaged_2121.jpg,val,engaged,4,6
frustrated_9550.jpg,train,frustrated,engaged_2136.jpg,val,engaged,4,6
frustrated_9550.jpg,train,frustrated,engaged_2166.jpg,val,engaged,4,6
frustrated_9550.jpg,train,frustrated,engaged_2172.jpg,val,engaged,4,6
frustrated_9550.jpg,train,frustrated,engaged_2213.jpg,val,engaged,4,6
frustrated_9550.jpg,train,frustrated,frustrated_8926.jpg,val,frustrated,1,4
frustrated_9550.jpg,train,frustrated,frustrated_8932.jpg,val,frustrated,1,4
frustrated_9550.jpg,train,frustrated,frustrated_9411.jpg,val,frustrated,2,6
frustrated_9550.jpg,train,frustrated,frustrated_9580.jpg,val,frustrated,0,0
frustrated_9555.jpg,train,frustrated,bored_5193.jpg,val,bored,0,4
frustrated_9555.jpg,train,frustrated,confused_12902.jpg,val,confused,1,4
frustrated_9555.jpg,train,frustrated,engaged_1775.jpg,val,engaged,4,6
frustrated_9555.jpg,train,frustrated,engaged_1779.jpg,val,engaged,4,6
frustrated_9555.jpg,train,frustrated,engaged_1836.jpg,val,engaged,3,6
frustrated_9555.jpg,train,frustrated,engaged_1867.jpg,val,engaged,4,6
frustrated_9555.jpg,train,frustrated,engaged_1979.jpg,val,engaged,4,6
frustrated_9555.jpg,train,frustrated,engaged_2045.jpg,val,engaged,4,6
frustrated_9555.jpg,train,frustrated,engaged_2079.jpg,val,engaged,3,6
frustrated_9555.jpg,train,frustrated,engaged_2080.jpg,val,engaged,3,6
frustrated_9555.jpg,train,frustrated,engaged_2086.jpg,val,engaged,3,6
frustrated_9555.jpg,train,frustrated,engaged_2096.jpg,val,engaged,3,6
frustrated_9555.jpg,train,frustrated,engaged_2103.jpg,val,engaged,3,6
frustrated_9555.jpg,train,frustrated,engaged_2121.jpg,val,engaged,3,6
frustrated_9555.jpg,train,frustrated,engaged_2136.jpg,val,engaged,3,6
frustrated_9555.jpg,train,frustrated,engaged_2166.jpg,val,engaged,3,6
frustrated_9555.jpg,train,frustrated,engaged_2172.jpg,val,engaged,3,6
frustrated_9555.jpg,train,frustrated,engaged_2213.jpg,val,engaged,3,6
frustrated_9555.jpg,train,frustrated,frustrated_8926.jpg,val,frustrated,0,4
frustrated_9555.jpg,train,frustrated,frustrated_8932.jpg,val,frustrated,0,4
frustrated_9555.jpg,train,frustrated,frustrated_9411.jpg,val,frustrated,3,6
frustrated_9555.jpg,train,frustrated,frustrated_9580.jpg,val,frustrated,1,0
frustrated_9561.jpg,train,frustrated,bored_5193.jpg,val,bored,0,6
frustrated_9561.jpg,train,frustrated,confused_12902.jpg,val,confused,1,6
frustrated_9561.jpg,train,frustrated,frustrated_8926.jpg,val,frustrated,0,2
frustrated_9561.jpg,train,frustrated,frustrated_8932.jpg,val,frustrated,0,2
frustrated_9561.jpg,train,frustrated,frustrated_9580.jpg,val,frustrated,1,2
frustrated_9565.jpg,train,frustrated,bored_5193.jpg,val,bored,0,4
frustrated_9565.jpg,train,frustrated,confused_12902.jpg,val,confused,1,4
frustrated_9565.jpg,train,frustrated,engaged_1775.jpg,val,engaged,4,6
frustrated_9565.jpg,train,frustrated,engaged_1779.jpg,val,engaged,4,6
frustrated_9565.jpg,train,frustrated,engaged_1836.jpg,val,engaged,3,6
frustrated_9565.jpg,train,frustrated,engaged_1867.jpg,val,engaged,4,6
frustrated_9565.jpg,train,frustrated,engaged_1979.jpg,val,engaged,4,6
frustrated_9565.jpg,train,frustrated,engaged_2045.jpg,val,engaged,4,6
frustrated_9565.jpg,train,frustrated,engaged_2079.jpg,val,engaged,3,6
frustrated_9565.jpg,train,frustrated,engaged_2080.jpg,val,engaged,3,6
frustrated_9565.jpg,train,frustrated,engaged_2086.jpg,val,engaged,3,6
frustrated_9565.jpg,train,frustrated,engaged_2096.jpg,val,engaged,3,6
frustrated_9565.jpg,train,frustrated,engaged_2103.jpg,val,engaged,3,6
frustrated_9565.jpg,train,frustrated,engaged_2121.jpg,val,engaged,3,6
frustrated_9565.jpg,train,frustrated,engaged_2136.jpg,val,engaged,3,6
frustrated_9565.jpg,train,frustrated,engaged_2166.jpg,val,engaged,3,6
frustrated_9565.jpg,train,frustrated,engaged_2172.jpg,val,engaged,3,6
frustrated_9565.jpg,train,frustrated,engaged_2213.jpg,val,engaged,3,6
frustrated_9565.jpg,train,frustrated,frustrated_8926.jpg,val,frustrated,0,4
frustrated_9565.jpg,train,frustrated,frustrated_8932.jpg,val,frustrated,0,4
frustrated_9565.jpg,train,frustrated,frustrated_9411.jpg,val,frustrated,3,6
frustrated_9565.jpg,train,frustrated,frustrated_9580.jpg,val,frustrated,1,0
frustrated_9570.jpg,train,frustrated,bored_5193.jpg,val,bored,0,4
frustrated_9570.jpg,train,frustrated,confused_12902.jpg,val,confused,1,4
frustrated_9570.jpg,train,frustrated,engaged_1775.jpg,val,engaged,4,6
frustrated_9570.jpg,train,frustrated,engaged_1779.jpg,val,engaged,4,6
frustrated_9570.jpg,train,frustrated,engaged_1836.jpg,val,engaged,3,6
frustrated_9570.jpg,train,frustrated,engaged_1867.jpg,val,engaged,4,6
frustrated_9570.jpg,train,frustrated,engaged_1979.jpg,val,engaged,4,6
frustrated_9570.jpg,train,frustrated,engaged_2045.jpg,val,engaged,4,6
frustrated_9570.jpg,train,frustrated,engaged_2079.jpg,val,engaged,3,6
frustrated_9570.jpg,train,frustrated,engaged_2080.jpg,val,engaged,3,6
frustrated_9570.jpg,train,frustrated,engaged_2086.jpg,val,engaged,3,6
frustrated_9570.jpg,train,frustrated,engaged_2096.jpg,val,engaged,3,6
frustrated_9570.jpg,train,frustrated,engaged_2103.jpg,val,engaged,3,6
frustrated_9570.jpg,train,frustrated,engaged_2121.jpg,val,engaged,3,6
frustrated_9570.jpg,train,frustrated,engaged_2136.jpg,val,engaged,3,6
frustrated_9570.jpg,train,frustrated,engaged_2166.jpg,val,engaged,3,6
frustrated_9570.jpg,train,frustrated,engaged_2172.jpg,val,engaged,3,6
frustrated_9570.jpg,train,frustrated,engaged_2213.jpg,val,engaged,3,6
frustrated_9570.jpg,train,frustrated,frustrated_8926.jpg,val,frustrated,0,4
frustrated_9570.jpg,train,frustrated,frustrated_8932.jpg,val,frustrated,0,4
frustrated_9570.jpg,train,frustrated,frustrated_9411.jpg,val,frustrated,3,6
frustrated_9570.jpg,train,frustrated,frustrated_9580.jpg,val,frustrated,1,0
frustrated_9657.jpg,train,frustrated,frustrated_9411.jpg,val,frustrated,3,6
frustrated_9657.jpg,train,frustrated,frustrated_9647.jpg,val,frustrated,1,0
frustrated_9664.jpg,train,frustrated,frustrated_9411.jpg,val,frustrated,3,6
frustrated_9664.jpg,train,frustrated,frustrated_9647.jpg,val,frustrated,1,0
frustrated_9724.jpg,train,frustrated,frustrated_9798.jpg,val,frustrated,1,2
frustrated_9729.jpg,train,frustrated,frustrated_9798.jpg,val,frustrated,1,2
frustrated_9776.jpg,train,frustrated,engaged_1775.jpg,val,engaged,4,6
frustrated_9776.jpg,train,frustrated,engaged_1779.jpg,val,engaged,4,6
frustrated_9776.jpg,train,frustrated,engaged_1836.jpg,val,engaged,3,6
frustrated_9776.jpg,train,frustrated,engaged_1867.jpg,val,engaged,4,6
frustrated_9776.jpg,train,frustrated,engaged_1979.jpg,val,engaged,4,6
frustrated_9776.jpg,train,frustrated,engaged_2045.jpg,val,engaged,4,6
frustrated_9776.jpg,train,frustrated,engaged_2079.jpg,val,engaged,3,6
frustrated_9776.jpg,train,frustrated,engaged_2080.jpg,val,engaged,3,6
frustrated_9776.jpg,train,frustrated,engaged_2086.jpg,val,engaged,3,6
frustrated_9776.jpg,train,frustrated,engaged_2096.jpg,val,engaged,3,6
frustrated_9776.jpg,train,frustrated,engaged_2103.jpg,val,engaged,3,6
frustrated_9776.jpg,train,frustrated,engaged_2121.jpg,val,engaged,3,6
frustrated_9776.jpg,train,frustrated,engaged_2136.jpg,val,engaged,3,6
frustrated_9776.jpg,train,frustrated,engaged_2166.jpg,val,engaged,3,6
frustrated_9776.jpg,train,frustrated,engaged_2172.jpg,val,engaged,3,6
frustrated_9776.jpg,train,frustrated,engaged_2213.jpg,val,engaged,3,6
frustrated_9776.jpg,train,frustrated,frustrated_9411.jpg,val,frustrated,5,6
frustrated_9776.jpg,train,frustrated,frustrated_9798.jpg,val,frustrated,0,0
frustrated_9782.jpg,train,frustrated,engaged_1775.jpg,val,engaged,4,6
frustrated_9782.jpg,train,frustrated,engaged_1779.jpg,val,engaged,4,6
frustrated_9782.jpg,train,frustrated,engaged_1836.jpg,val,engaged,3,6
frustrated_9782.jpg,train,frustrated,engaged_1867.jpg,val,engaged,4,6
frustrated_9782.jpg,train,frustrated,engaged_1979.jpg,val,engaged,4,6
frustrated_9782.jpg,train,frustrated,engaged_2045.jpg,val,engaged,4,6
frustrated_9782.jpg,train,frustrated,engaged_2079.jpg,val,engaged,3,6
frustrated_9782.jpg,train,frustrated,engaged_2080.jpg,val,engaged,3,6
frustrated_9782.jpg,train,frustrated,engaged_2086.jpg,val,engaged,3,6
frustrated_9782.jpg,train,frustrated,engaged_2096.jpg,val,engaged,3,6
frustrated_9782.jpg,train,frustrated,engaged_2103.jpg,val,engaged,3,6
frustrated_9782.jpg,train,frustrated,engaged_2121.jpg,val,engaged,3,6
frustrated_9782.jpg,train,frustrated,engaged_2136.jpg,val,engaged,3,6
frustrated_9782.jpg,train,frustrated,engaged_2166.jpg,val,engaged,3,6
frustrated_9782.jpg,train,frustrated,engaged_2172.jpg,val,engaged,3,6
frustrated_9782.jpg,train,frustrated,engaged_2213.jpg,val,engaged,3,6
frustrated_9782.jpg,train,frustrated,frustrated_9411.jpg,val,frustrated,5,6
frustrated_9782.jpg,train,frustrated,frustrated_9798.jpg,val,frustrated,0,0
bigdata_bored_engaged_aksan_50_1773299657014_008_jpg.rf.6b94288f95cb4a7b2528abb99511eec1.jpg,val,bored,bigdata_bored_engaged_aksan_50_1773299656187_003_jpg.rf.92207d86703dfebc8703f74c5907553d.jpg,test,bored,1,2
bigdata_bored_engaged_aksan_50_1773299657014_008_jpg.rf.6b94288f95cb4a7b2528abb99511eec1.jpg,val,bored,bigdata_bored_engaged_aksan_50_1773299658160_015_jpg.rf.624296902ef02a4f999acc966c303d98.jpg,test,bored,2,2
bigdata_bored_engaged_aksan_50_1773299657014_008_jpg.rf.6b94288f95cb4a7b2528abb99511eec1.jpg,val,bored,bigdata_bored_engaged_aksan_50_1773299658160_017_jpg.rf.6749973df3d7d41f4fdfa23cb462df9b.jpg,test,bored,3,2
bigdata_bored_engaged_aksan_50_1773299657014_008_jpg.rf.6b94288f95cb4a7b2528abb99511eec1.jpg,val,bored,bigdata_bored_engaged_aksan_50_1773299658704_021_jpg.rf.cc123dd299fe6df4290aa92518c12178.jpg,test,bored,4,4
bigdata_bored_engaged_aksan_50_1773299657014_008_jpg.rf.6b94288f95cb4a7b2528abb99511eec1.jpg,val,bored,bigdata_bored_engaged_aksan_50_1773299658704_022_jpg.rf.d74a001f244a6d7adc6f8cadc2ae3268.jpg,test,bored,4,2
bigdata_bored_engaged_ansyah_08_1774442990994_006_jpg.rf.9bf3ff2fa5fc3c61ee89baec7d65cefe.jpg,val,bored,bigdata_bored_engaged_ansyah_08_1774442989962_000_jpg.rf.0236f0c9f27488f710ab169102bcd926.jpg,test,bored,3,0
bigdata_bored_engaged_ansyah_08_1774442990994_007_jpg.rf.a0282594112e0a7cf2dd18000494336d.jpg,val,bored,bigdata_bored_engaged_ansyah_08_1774442989962_000_jpg.rf.0236f0c9f27488f710ab169102bcd926.jpg,test,bored,3,0
bigdata_bored_engaged_ansyah_08_1774442991608_011_jpg.rf.2528f51244a9e742f5afbb53090bfefd.jpg,val,bored,bigdata_bored_engaged_ansyah_08_1774442989962_000_jpg.rf.0236f0c9f27488f710ab169102bcd926.jpg,test,bored,5,2
bigdata_bored_engaged_ansyah_08_1774442992774_022_jpg.rf.bc2bb9067e93fc034766c21a00bfcfe3.jpg,val,bored,bigdata_bored_engaged_ansyah_08_1774442989962_000_jpg.rf.0236f0c9f27488f710ab169102bcd926.jpg,test,bored,5,2
bigdata_bored_engaged_ansyah_08_1774442992774_023_jpg.rf.10c06ea0057843e6ca9549e95ed55c81.jpg,val,bored,bigdata_bored_engaged_ansyah_08_1774442989962_000_jpg.rf.0236f0c9f27488f710ab169102bcd926.jpg,test,bored,4,2
bigdata_bored_engaged_ardiansyah_26_1774441955583_003_jpg.rf.3d18f55bf69273b34f5cae54f5be7061.jpg,val,bored,bigdata_bored_engaged_ardiansyah_26_1774441956742_008_jpg.rf.48f1c02f99e5a47fd205de22a3ede725.jpg,test,bored,5,0
bigdata_bored_engaged_ardiansyah_26_1774441955583_003_jpg.rf.3d18f55bf69273b34f5cae54f5be7061.jpg,val,bored,bigdata_bored_engaged_ardiansyah_26_1774441957290_011_jpg.rf.177141180e13d686e68f6a2242cc1696.jpg,test,bored,0,0
bigdata_bored_engaged_ardiansyah_26_1774441957290_012_jpg.rf.0096f72515c6cf894a641fc9124db463.jpg,val,bored,bigdata_bored_engaged_ardiansyah_26_1774441956742_008_jpg.rf.48f1c02f99e5a47fd205de22a3ede725.jpg,test,bored,4,0
bigdata_bored_engaged_ardiansyah_26_1774441957290_012_jpg.rf.0096f72515c6cf894a641fc9124db463.jpg,val,bored,bigdata_bored_engaged_ardiansyah_26_1774441957290_011_jpg.rf.177141180e13d686e68f6a2242cc1696.jpg,test,bored,3,0
bigdata_bored_engaged_ardiansyah_26_1774441958093_015_jpg.rf.e052ffb5c77260800fb363ca149520ae.jpg,val,bored,bigdata_bored_engaged_ardiansyah_26_1774441956742_008_jpg.rf.48f1c02f99e5a47fd205de22a3ede725.jpg,test,bored,3,0
bigdata_bored_engaged_ardiansyah_26_1774441958093_015_jpg.rf.e052ffb5c77260800fb363ca149520ae.jpg,val,bored,bigdata_bored_engaged_ardiansyah_26_1774441957290_011_jpg.rf.177141180e13d686e68f6a2242cc1696.jpg,test,bored,4,0
bigdata_bored_engaged_ardiansyah_26_1774441958093_019_jpg.rf.d8257ccec73373ac0e347944beaa34b4.jpg,val,bored,bigdata_bored_engaged_ardiansyah_26_1774441956742_008_jpg.rf.48f1c02f99e5a47fd205de22a3ede725.jpg,test,bored,3,2
bigdata_bored_engaged_arya_31_1773299394519_009_jpg.rf.b00310c25849086e808b479da9711743.jpg,val,bored,bigdata_bored_engaged_arya_31_1773299393144_002_jpg.rf.82e1cc9694f72af5f96862525ea056a7.jpg,test,bored,2,6
bigdata_bored_engaged_arya_31_1773299394519_009_jpg.rf.b00310c25849086e808b479da9711743.jpg,val,bored,bigdata_bored_engaged_arya_31_1773299395953_017_jpg.rf.b4143f8ee9aa1500d409ad7c17dd555d.jpg,test,bored,0,6
bigdata_bored_engaged_iann_62_1774442874007_010_jpg.rf.2519c1e9bac188d7c410e451a8726350.jpg,val,bored,bigdata_bored_engaged_iann_62_1774442872994_005_jpg.rf.e6cbcdaa107b60651f167a09aee963ac.jpg,test,bored,1,2
bigdata_bored_engaged_iann_62_1774442874007_010_jpg.rf.2519c1e9bac188d7c410e451a8726350.jpg,val,bored,bigdata_bored_engaged_iann_62_1774442872994_007_jpg.rf.ad007d9b22f331002d7f0e1f1f5076ce.jpg,test,bored,2,2
bigdata_bored_engaged_maguru_36_1774443974067_005_jpg.rf.0b99ba9261e096a248387cf5fe7637a0.jpg,val,bored,bigdata_bored_engaged_maguru_36_1774443974602_010_jpg.rf.ae9c1dfb20ab61276e6d4ecf157efef5.jpg,test,bored,0,2
bigdata_bored_engaged_maguru_36_1774443974067_005_jpg.rf.0b99ba9261e096a248387cf5fe7637a0.jpg,val,bored,bigdata_bored_engaged_maguru_36_1774443974602_013_jpg.rf.67d467c6c3d5f89b1573e0c2ca4adbb5.jpg,test,bored,2,0
bigdata_bored_engaged_maguru_36_1774443974067_005_jpg.rf.0b99ba9261e096a248387cf5fe7637a0.jpg,val,bored,bigdata_bored_engaged_maguru_36_1774443975781_022_jpg.rf.66bd59478eeb5d2763cadc5b736870e8.jpg,test,bored,0,2
bigdata_bored_engaged_maguru_36_1774443974067_005_jpg.rf.0b99ba9261e096a248387cf5fe7637a0.jpg,val,bored,bigdata_bored_engaged_maguru_36_1774443975781_023_jpg.rf.fa732af733c573fb57d7dcf4f96c2f4e.jpg,test,bored,0,2
bigdata_bored_engaged_maguru_36_1774443975200_018_jpg.rf.1c7e2b0c889d4571986e34e5ee3b0a61.jpg,val,bored,bigdata_bored_engaged_maguru_36_1774443974602_010_jpg.rf.ae9c1dfb20ab61276e6d4ecf157efef5.jpg,test,bored,2,0
bigdata_bored_engaged_maguru_36_1774443975200_018_jpg.rf.1c7e2b0c889d4571986e34e5ee3b0a61.jpg,val,bored,bigdata_bored_engaged_maguru_36_1774443974602_013_jpg.rf.67d467c6c3d5f89b1573e0c2ca4adbb5.jpg,test,bored,0,2
bigdata_bored_engaged_maguru_36_1774443975200_018_jpg.rf.1c7e2b0c889d4571986e34e5ee3b0a61.jpg,val,bored,bigdata_bored_engaged_maguru_36_1774443975781_022_jpg.rf.66bd59478eeb5d2763cadc5b736870e8.jpg,test,bored,2,0
bigdata_bored_engaged_maguru_36_1774443975200_018_jpg.rf.1c7e2b0c889d4571986e34e5ee3b0a61.jpg,val,bored,bigdata_bored_engaged_maguru_36_1774443975781_023_jpg.rf.fa732af733c573fb57d7dcf4f96c2f4e.jpg,test,bored,2,0
bigdata_bored_engaged_nabielrafi_73_1773300505375_003_jpg.rf.3d04dc29dee1e340976b35970d2a586b.jpg,val,bored,bigdata_bored_engaged_nabielrafi_73_1773300505375_000_jpg.rf.709d262405e57c9954f9bcdcbe7986d3.jpg,test,bored,1,0
bigdata_bored_engaged_nabielrafi_73_1773300505375_003_jpg.rf.3d04dc29dee1e340976b35970d2a586b.jpg,val,bored,bigdata_bored_engaged_nabielrafi_73_1773300505375_002_jpg.rf.ac1fec9bf1c22040522ea13157388725.jpg,test,bored,0,0
bigdata_bored_engaged_nabielrafi_73_1773300507126_006_jpg.rf.d0a5482d861e7445d44c78b1c0fad6c3.jpg,val,bored,bigdata_confused_engaged_nabielrafi_73_1773300490373_020_jpg.rf.824395371a555b29ff2c08acaae078d9.jpg,test,confused,5,6
bigdata_bored_engaged_nian_74_1774481802149_003_jpg.rf.532d39af1dc829a2318c1ccfe47f6325.jpg,val,bored,bigdata_bored_engaged_nian_74_1774481802826_008_jpg.rf.1658d417f1016f47fb2e2646c8e2c938.jpg,test,bored,4,0
bigdata_bored_engaged_nian_74_1774481802149_003_jpg.rf.532d39af1dc829a2318c1ccfe47f6325.jpg,val,bored,bigdata_bored_engaged_nian_74_1774481803462_010_jpg.rf.44c911a13a6195af4f81260278eb3f4f.jpg,test,bored,3,2
bigdata_bored_engaged_nian_74_1774481802149_004_jpg.rf.dfc843c391f9435b524ce7daf55c5db1.jpg,val,bored,bigdata_bored_engaged_nian_74_1774481802826_008_jpg.rf.1658d417f1016f47fb2e2646c8e2c938.jpg,test,bored,1,0
bigdata_bored_engaged_nian_74_1774481802149_004_jpg.rf.dfc843c391f9435b524ce7daf55c5db1.jpg,val,bored,bigdata_bored_engaged_nian_74_1774481803462_010_jpg.rf.44c911a13a6195af4f81260278eb3f4f.jpg,test,bored,2,2
bigdata_bored_engaged_nian_74_1774481804049_017_jpg.rf.451a5dbcc9dd8996353d4d1157934b3a.jpg,val,bored,bigdata_bored_engaged_nian_74_1774481802826_008_jpg.rf.1658d417f1016f47fb2e2646c8e2c938.jpg,test,bored,1,2
bigdata_bored_engaged_nian_74_1774481804049_017_jpg.rf.451a5dbcc9dd8996353d4d1157934b3a.jpg,val,bored,bigdata_bored_engaged_nian_74_1774481803462_010_jpg.rf.44c911a13a6195af4f81260278eb3f4f.jpg,test,bored,0,0
bigdata_bored_engaged_nian_74_1774481804049_019_jpg.rf.1047dfc4b4c6b38e3b7f03153cd82891.jpg,val,bored,bigdata_bored_engaged_nian_74_1774481802826_008_jpg.rf.1658d417f1016f47fb2e2646c8e2c938.jpg,test,bored,1,2
bigdata_bored_engaged_nian_74_1774481804049_019_jpg.rf.1047dfc4b4c6b38e3b7f03153cd82891.jpg,val,bored,bigdata_bored_engaged_nian_74_1774481803462_010_jpg.rf.44c911a13a6195af4f81260278eb3f4f.jpg,test,bored,0,0
bigdata_bored_engaged_sultanbudi_44_1773299448092_009_jpg.rf.5c2f6f124826d938947a5deaaf52e993.jpg,val,bored,bigdata_bored_engaged_sultanbudi_44_1773299447453_002_jpg.rf.6605b7fa0d9a67b0c21539fbeabc863c.jpg,test,bored,2,0
bigdata_bored_engaged_sultanbudi_44_1773299448092_009_jpg.rf.5c2f6f124826d938947a5deaaf52e993.jpg,val,bored,bigdata_bored_engaged_sultanbudi_44_1773299448092_005_jpg.rf.ef8fd60816bbba7bcd943727e22eb44b.jpg,test,bored,3,0
bigdata_bored_engaged_sultanbudi_44_1773299448092_009_jpg.rf.5c2f6f124826d938947a5deaaf52e993.jpg,val,bored,bigdata_bored_engaged_sultanbudi_44_1773299449096_017_jpg.rf.b71f522404379f847b63f590bc82a8b0.jpg,test,bored,1,4
bigdata_bored_engaged_sultanbudi_44_1773299449096_016_jpg.rf.4125f263cb89be68674665b5777b18e2.jpg,val,bored,bigdata_bored_engaged_sultanbudi_44_1773299447453_002_jpg.rf.6605b7fa0d9a67b0c21539fbeabc863c.jpg,test,bored,1,4
bigdata_bored_engaged_sultanbudi_44_1773299449096_016_jpg.rf.4125f263cb89be68674665b5777b18e2.jpg,val,bored,bigdata_bored_engaged_sultanbudi_44_1773299448092_005_jpg.rf.ef8fd60816bbba7bcd943727e22eb44b.jpg,test,bored,2,4
bigdata_bored_engaged_sultanbudi_44_1773299449096_016_jpg.rf.4125f263cb89be68674665b5777b18e2.jpg,val,bored,bigdata_bored_engaged_sultanbudi_44_1773299449096_017_jpg.rf.b71f522404379f847b63f590bc82a8b0.jpg,test,bored,0,0
bigdata_bored_engaged_sultanbudi_44_1773299449096_019_jpg.rf.b2a75984b9bb1e49610d55177adc5636.jpg,val,bored,bigdata_bored_engaged_sultanbudi_44_1773299447453_002_jpg.rf.6605b7fa0d9a67b0c21539fbeabc863c.jpg,test,bored,2,6
bigdata_bored_engaged_sultanbudi_44_1773299449096_019_jpg.rf.b2a75984b9bb1e49610d55177adc5636.jpg,val,bored,bigdata_bored_engaged_sultanbudi_44_1773299448092_005_jpg.rf.ef8fd60816bbba7bcd943727e22eb44b.jpg,test,bored,1,6
bigdata_bored_engaged_sultanbudi_44_1773299449096_019_jpg.rf.b2a75984b9bb1e49610d55177adc5636.jpg,val,bored,bigdata_bored_engaged_sultanbudi_44_1773299449096_017_jpg.rf.b71f522404379f847b63f590bc82a8b0.jpg,test,bored,1,6
bigdata_bored_engaged_sultanbudi_44_1773299449621_021_jpg.rf.6272d33f73d73d7c0c0a5857eed826e5.jpg,val,bored,bigdata_bored_engaged_sultanbudi_44_1773299447453_002_jpg.rf.6605b7fa0d9a67b0c21539fbeabc863c.jpg,test,bored,1,6
bigdata_bored_engaged_sultanbudi_44_1773299449621_021_jpg.rf.6272d33f73d73d7c0c0a5857eed826e5.jpg,val,bored,bigdata_bored_engaged_sultanbudi_44_1773299448092_005_jpg.rf.ef8fd60816bbba7bcd943727e22eb44b.jpg,test,bored,2,6
bigdata_bored_engaged_sultanbudi_44_1773299449621_021_jpg.rf.6272d33f73d73d7c0c0a5857eed826e5.jpg,val,bored,bigdata_bored_engaged_sultanbudi_44_1773299449096_017_jpg.rf.b71f522404379f847b63f590bc82a8b0.jpg,test,bored,2,4
bigdata_bored_engaged_sultanbudi_44_1773299449621_022_jpg.rf.d11c6654f1cbeaac2d79f16c08b9f3d1.jpg,val,bored,bigdata_bored_engaged_sultanbudi_44_1773299447453_002_jpg.rf.6605b7fa0d9a67b0c21539fbeabc863c.jpg,test,bored,2,6
bigdata_bored_engaged_sultanbudi_44_1773299449621_022_jpg.rf.d11c6654f1cbeaac2d79f16c08b9f3d1.jpg,val,bored,bigdata_bored_engaged_sultanbudi_44_1773299448092_005_jpg.rf.ef8fd60816bbba7bcd943727e22eb44b.jpg,test,bored,3,6
bigdata_bored_engaged_sultanbudi_44_1773299449621_022_jpg.rf.d11c6654f1cbeaac2d79f16c08b9f3d1.jpg,val,bored,bigdata_bored_engaged_sultanbudi_44_1773299449096_017_jpg.rf.b71f522404379f847b63f590bc82a8b0.jpg,test,bored,3,4
bigdata_confused_engaged_ansyah_08_1774442976497_022_jpg.rf.8df8d8ff377a080081af6ca319267aed.jpg,val,confused,bigdata_confused_engaged_ansyah_08_1774442976497_021_jpg.rf.053fe589b41b2f21cf68b67fd037e4b1.jpg,test,confused,4,6
bigdata_confused_engaged_ardiansyah_26_1774441941599_011_jpg.rf.fb7610596eac12a2af9ee978f6f7d3cd.jpg,val,confused,bigdata_confused_engaged_ardiansyah_26_1774441942517_015_jpg.rf.b713670298d165d6db5c5603efdf8eb6.jpg,test,confused,5,6
bigdata_confused_engaged_arya_31_1773299347954_000_jpg.rf.5412fbe8232e3555c01d15ed09703896.jpg,val,confused,bigdata_confused_engaged_arya_31_1773299348638_006_jpg.rf.579a846e2aa1793f9d1d29b1af8174d4.jpg,test,confused,0,2
bigdata_confused_engaged_arya_31_1773299347954_000_jpg.rf.5412fbe8232e3555c01d15ed09703896.jpg,val,confused,bigdata_confused_engaged_arya_31_1773299348638_007_jpg.rf.f8d1a859db4c68429d4705ddf1f1fd58.jpg,test,confused,1,2
bigdata_confused_engaged_arya_31_1773299347954_000_jpg.rf.5412fbe8232e3555c01d15ed09703896.jpg,val,confused,bigdata_confused_engaged_arya_31_1773299349998_016_jpg.rf.d66383e2a9f269d82f248b211c6d4e42.jpg,test,confused,2,6
bigdata_confused_engaged_arya_31_1773299347954_000_jpg.rf.5412fbe8232e3555c01d15ed09703896.jpg,val,confused,bigdata_confused_engaged_arya_31_1773299350773_020_jpg.rf.77ce0c72156c7c36b757fda040a377e5.jpg,test,confused,4,4
bigdata_confused_engaged_arya_31_1773299347954_000_jpg.rf.5412fbe8232e3555c01d15ed09703896.jpg,val,confused,bigdata_confused_engaged_arya_31_1773299350773_021_jpg.rf.3c6f8682635909c5031106e7d37b5f4e.jpg,test,confused,5,4
bigdata_confused_engaged_arya_31_1773299349324_013_jpg.rf.350cdd2c8870275afb4d83bfcf34d26b.jpg,val,confused,bigdata_confused_engaged_arya_31_1773299348638_006_jpg.rf.579a846e2aa1793f9d1d29b1af8174d4.jpg,test,confused,3,6
bigdata_confused_engaged_arya_31_1773299349324_013_jpg.rf.350cdd2c8870275afb4d83bfcf34d26b.jpg,val,confused,bigdata_confused_engaged_arya_31_1773299348638_007_jpg.rf.f8d1a859db4c68429d4705ddf1f1fd58.jpg,test,confused,2,6
bigdata_confused_engaged_arya_31_1773299349324_013_jpg.rf.350cdd2c8870275afb4d83bfcf34d26b.jpg,val,confused,bigdata_confused_engaged_arya_31_1773299349998_016_jpg.rf.d66383e2a9f269d82f248b211c6d4e42.jpg,test,confused,1,4
bigdata_confused_engaged_arya_31_1773299349324_013_jpg.rf.350cdd2c8870275afb4d83bfcf34d26b.jpg,val,confused,bigdata_confused_engaged_arya_31_1773299350773_020_jpg.rf.77ce0c72156c7c36b757fda040a377e5.jpg,test,confused,3,6
bigdata_confused_engaged_arya_31_1773299349324_013_jpg.rf.350cdd2c8870275afb4d83bfcf34d26b.jpg,val,confused,bigdata_confused_engaged_arya_31_1773299350773_021_jpg.rf.3c6f8682635909c5031106e7d37b5f4e.jpg,test,confused,4,6
bigdata_confused_engaged_arya_31_1773299349327_014_jpg.rf.d1d29c2f60b840b2ee7a8f5c19778666.jpg,val,confused,bigdata_confused_engaged_arya_31_1773299349998_016_jpg.rf.d66383e2a9f269d82f248b211c6d4e42.jpg,test,confused,1,6
bigdata_confused_engaged_arya_31_1773299349327_014_jpg.rf.d1d29c2f60b840b2ee7a8f5c19778666.jpg,val,confused,bigdata_confused_engaged_arya_31_1773299350773_021_jpg.rf.3c6f8682635909c5031106e7d37b5f4e.jpg,test,confused,4,6
bigdata_confused_engaged_arya_31_1773299350773_022_jpg.rf.0a2be411cd1d4cb47cc3a3e307e715a8.jpg,val,confused,bigdata_confused_engaged_arya_31_1773299349998_016_jpg.rf.d66383e2a9f269d82f248b211c6d4e42.jpg,test,confused,5,6
bigdata_confused_engaged_arya_31_1773299350773_022_jpg.rf.0a2be411cd1d4cb47cc3a3e307e715a8.jpg,val,confused,bigdata_confused_engaged_arya_31_1773299350773_020_jpg.rf.77ce0c72156c7c36b757fda040a377e5.jpg,test,confused,3,4
bigdata_confused_engaged_arya_31_1773299350773_022_jpg.rf.0a2be411cd1d4cb47cc3a3e307e715a8.jpg,val,confused,bigdata_confused_engaged_arya_31_1773299350773_021_jpg.rf.3c6f8682635909c5031106e7d37b5f4e.jpg,test,confused,2,2
bigdata_confused_engaged_iann_62_1774442856927_012_jpg.rf.e28d35db8f8d11d2fa423c55d3f05f29.jpg,val,confused,bigdata_confused_engaged_iann_62_1774442856927_013_jpg.rf.c9f0ecf318d2332562480c341609070b.jpg,test,confused,0,0
bigdata_confused_engaged_maguru_36_1774443959615_014_jpg.rf.58a45bc370906063ba49296f59363de3.jpg,val,confused,bigdata_confused_engaged_maguru_36_1774443959615_010_jpg.rf.6fd1d6ec4b5781c876484924c60725fe.jpg,test,confused,1,4
bigdata_confused_engaged_maguru_36_1774443959615_014_jpg.rf.58a45bc370906063ba49296f59363de3.jpg,val,confused,bigdata_confused_engaged_maguru_36_1774443960140_015_jpg.rf.8f1db2af2dc7a9050c401300b6ea4ba8.jpg,test,confused,1,0
bigdata_confused_engaged_maguru_36_1774443960140_016_jpg.rf.7174fe9a918c6cea2f56cac45bd9891d.jpg,val,confused,bigdata_confused_engaged_maguru_36_1774443959615_010_jpg.rf.6fd1d6ec4b5781c876484924c60725fe.jpg,test,confused,1,4
bigdata_confused_engaged_maguru_36_1774443960140_016_jpg.rf.7174fe9a918c6cea2f56cac45bd9891d.jpg,val,confused,bigdata_confused_engaged_maguru_36_1774443960140_015_jpg.rf.8f1db2af2dc7a9050c401300b6ea4ba8.jpg,test,confused,1,0
bigdata_confused_engaged_maguru_36_1774443960615_023_jpg.rf.966bed84fe5821834d44ea68241e45cd.jpg,val,confused,bigdata_confused_engaged_maguru_36_1774443959615_010_jpg.rf.6fd1d6ec4b5781c876484924c60725fe.jpg,test,confused,3,4
bigdata_confused_engaged_maguru_36_1774443960615_023_jpg.rf.966bed84fe5821834d44ea68241e45cd.jpg,val,confused,bigdata_confused_engaged_maguru_36_1774443960140_015_jpg.rf.8f1db2af2dc7a9050c401300b6ea4ba8.jpg,test,confused,3,2
bigdata_confused_engaged_muhdaryadn_00_1773299186669_000_jpg.rf.afd987fb4098eef58df05afe0660426f.jpg,val,confused,bigdata_confused_engaged_muhdaryadn_00_1773299194345_016_jpg.rf.fa7f9050d87d5624d1abb169512baa6f.jpg,test,confused,1,4
bigdata_confused_engaged_muhdaryadn_00_1773299186669_000_jpg.rf.afd987fb4098eef58df05afe0660426f.jpg,val,confused,bigdata_confused_engaged_muhdaryadn_00_1773299196116_020_jpg.rf.87207fb06374305b998e7ad452818394.jpg,test,confused,1,2
bigdata_confused_engaged_nabielrafi_73_1773300489697_019_jpg.rf.9d01eea07ca6a50b56b643d4d84298a0.jpg,val,confused,bigdata_confused_engaged_nabielrafi_73_1773300487959_005_jpg.rf.bde60e6603716fffaaccda12074e7159.jpg,test,confused,5,6
bigdata_confused_engaged_nian_74_1774481787589_008_jpg.rf.ce2c4c0b702a222a67780449825935a3.jpg,val,confused,bigdata_confused_engaged_nian_74_1774481787071_004_jpg.rf.8aa51a80f8470b5c7eeac39b14e93a90.jpg,test,confused,1,2
bigdata_confused_engaged_nian_74_1774481787589_008_jpg.rf.ce2c4c0b702a222a67780449825935a3.jpg,val,confused,bigdata_confused_engaged_nian_74_1774481787589_005_jpg.rf.053d7d102ed53ec59ebf1b14cabdae0d.jpg,test,confused,3,2
bigdata_confused_engaged_nian_74_1774481787589_008_jpg.rf.ce2c4c0b702a222a67780449825935a3.jpg,val,confused,bigdata_confused_engaged_nian_74_1774481788145_011_jpg.rf.2ab8b10c1e38083912f40165a66aa40a.jpg,test,confused,4,4
bigdata_confused_engaged_nian_74_1774481787589_008_jpg.rf.ce2c4c0b702a222a67780449825935a3.jpg,val,confused,bigdata_confused_engaged_nian_74_1774481788145_013_jpg.rf.112dd2d6bf2ca011a3d41bf92b6bee30.jpg,test,confused,5,4
bigdata_engaged_aksan_50_1773299596392_007_jpg.rf.97e7e692bf47af9401d5dd873805dae3.jpg,val,engaged,bigdata_engaged_aksan_50_1773299598115_015_jpg.rf.b9ffa9a19f6af55dde5cabbb3fd535c5.jpg,test,engaged,2,4
bigdata_engaged_aksan_50_1773299596392_007_jpg.rf.97e7e692bf47af9401d5dd873805dae3.jpg,val,engaged,bigdata_engaged_aksan_50_1773299598115_017_jpg.rf.107be64a729adc57e6383c3a67df377f.jpg,test,engaged,1,6
bigdata_engaged_aksan_50_1773299596392_007_jpg.rf.97e7e692bf47af9401d5dd873805dae3.jpg,val,engaged,bigdata_engaged_aksan_50_1773299598680_021_jpg.rf.30d9935016b12895ed2f5131eece7152.jpg,test,engaged,2,6
bigdata_engaged_aksan_50_1773299597324_011_jpg.rf.5a3e4ad75fdd124f170603be7666c516.jpg,val,engaged,bigdata_engaged_aksan_50_1773299598115_015_jpg.rf.b9ffa9a19f6af55dde5cabbb3fd535c5.jpg,test,engaged,1,2
bigdata_engaged_aksan_50_1773299597324_011_jpg.rf.5a3e4ad75fdd124f170603be7666c516.jpg,val,engaged,bigdata_engaged_aksan_50_1773299598115_017_jpg.rf.107be64a729adc57e6383c3a67df377f.jpg,test,engaged,0,4
bigdata_engaged_aksan_50_1773299597324_011_jpg.rf.5a3e4ad75fdd124f170603be7666c516.jpg,val,engaged,bigdata_engaged_aksan_50_1773299598680_021_jpg.rf.30d9935016b12895ed2f5131eece7152.jpg,test,engaged,1,4
bigdata_engaged_maguru_36_1774443944411_008_jpg.rf.9b6e2bf493fa6982de81e33b52a86142.jpg,val,engaged,bigdata_engaged_maguru_36_1774443944853_014_jpg.rf.60c0bcec9a1fe66902ad71b3729ab9ab.jpg,test,engaged,1,2
bigdata_engaged_maguru_36_1774443945269_019_jpg.rf.9d4dc24c167e117ab4ded1d82f6438b8.jpg,val,engaged,bigdata_engaged_maguru_36_1774443944853_014_jpg.rf.60c0bcec9a1fe66902ad71b3729ab9ab.jpg,test,engaged,3,6
bigdata_engaged_nabielrafi_73_1773300461552_007_jpg.rf.eab84fba2f4f8f170ffb846955c8c079.jpg,val,engaged,bigdata_engaged_nabielrafi_73_1773300462761_012_jpg.rf.a1237e2f904bda07ded9bf1bcb927f34.jpg,test,engaged,2,2
bigdata_engaged_nabielrafi_73_1773300464562_018_jpg.rf.cc8519493e022e83c6efc3a567088cce.jpg,val,engaged,bigdata_engaged_nabielrafi_73_1773300462761_012_jpg.rf.a1237e2f904bda07ded9bf1bcb927f34.jpg,test,engaged,4,2
bigdata_engaged_nian_74_1774481767290_007_jpg.rf.0c6dd64bceb631441040a841e35120a6.jpg,val,engaged,bigdata_engaged_nian_74_1774481767290_008_jpg.rf.eadbaac19760c055dd1cc875995bdcd6.jpg,test,engaged,1,0
bigdata_engaged_nian_74_1774481767290_007_jpg.rf.0c6dd64bceb631441040a841e35120a6.jpg,val,engaged,bigdata_engaged_nian_74_1774481767290_009_jpg.rf.bfc52320285fa04bce57ac4ace4b0b93.jpg,test,engaged,1,0
bigdata_engaged_nian_74_1774481767290_007_jpg.rf.0c6dd64bceb631441040a841e35120a6.jpg,val,engaged,bigdata_engaged_nian_74_1774481768295_015_jpg.rf.2e31329012497bed1263d22cfb3a4b63.jpg,test,engaged,2,2
bigdata_engaged_nian_74_1774481768295_017_jpg.rf.9411a4031783b2e183fb57a6f47c9b26.jpg,val,engaged,bigdata_engaged_nian_74_1774481767290_008_jpg.rf.eadbaac19760c055dd1cc875995bdcd6.jpg,test,engaged,5,6
bigdata_engaged_nian_74_1774481768295_017_jpg.rf.9411a4031783b2e183fb57a6f47c9b26.jpg,val,engaged,bigdata_engaged_nian_74_1774481767290_009_jpg.rf.bfc52320285fa04bce57ac4ace4b0b93.jpg,test,engaged,5,6
bigdata_engaged_nian_74_1774481768295_017_jpg.rf.9411a4031783b2e183fb57a6f47c9b26.jpg,val,engaged,bigdata_engaged_nian_74_1774481768295_015_jpg.rf.2e31329012497bed1263d22cfb3a4b63.jpg,test,engaged,4,4
bigdata_engaged_nian_74_1774481768295_017_jpg.rf.9411a4031783b2e183fb57a6f47c9b26.jpg,val,engaged,bigdata_engaged_nian_74_1774481768694_021_jpg.rf.906f7604f942cdf0ae5acb907badc585.jpg,test,engaged,2,2
bigdata_engaged_nian_74_1774481768295_017_jpg.rf.9411a4031783b2e183fb57a6f47c9b26.jpg,val,engaged,bigdata_engaged_nian_74_1774481768694_023_jpg.rf.48f42a65533ff9d484d28fa1e2339c22.jpg,test,engaged,2,4
bigdata_engaged_rahyan_94_1773299472478_007_jpg.rf.739277d03fe61b90cbe8ac80ce31ea15.jpg,val,engaged,bigdata_engaged_rahyan_94_1773299471184_004_jpg.rf.8a66c15fee88f36c79ff90fc8c0b058d.jpg,test,engaged,0,2
bigdata_engaged_rahyan_94_1773299472478_007_jpg.rf.739277d03fe61b90cbe8ac80ce31ea15.jpg,val,engaged,bigdata_engaged_rahyan_94_1773299472479_009_jpg.rf.5698d937010cadd1e25b5441cceb65d1.jpg,test,engaged,1,0
bigdata_engaged_rahyan_94_1773299472478_007_jpg.rf.739277d03fe61b90cbe8ac80ce31ea15.jpg,val,engaged,bigdata_engaged_rahyan_94_1773299473169_014_jpg.rf.78df71baee59f6dcd90b44241e5e47f1.jpg,test,engaged,0,2
bigdata_engaged_rahyan_94_1773299473169_012_jpg.rf.f10c375b5c92971bc69ef50b9bf1fd0a.jpg,val,engaged,bigdata_engaged_rahyan_94_1773299471184_004_jpg.rf.8a66c15fee88f36c79ff90fc8c0b058d.jpg,test,engaged,1,0
bigdata_engaged_rahyan_94_1773299473169_012_jpg.rf.f10c375b5c92971bc69ef50b9bf1fd0a.jpg,val,engaged,bigdata_engaged_rahyan_94_1773299472479_009_jpg.rf.5698d937010cadd1e25b5441cceb65d1.jpg,test,engaged,2,2
bigdata_engaged_rahyan_94_1773299473169_012_jpg.rf.f10c375b5c92971bc69ef50b9bf1fd0a.jpg,val,engaged,bigdata_engaged_rahyan_94_1773299473169_014_jpg.rf.78df71baee59f6dcd90b44241e5e47f1.jpg,test,engaged,1,0
bigdata_engaged_sultanbudi_44_1773299409453_021_jpg.rf.11f9bbc1e6c61bbefa13ae6edac7f4ca.jpg,val,engaged,bigdata_engaged_sultanbudi_44_1773299409452_020_jpg.rf.c82fca032df6d4c2b4fcafde8f1955dd.jpg,test,engaged,3,2
bigdata_frustrated_engaged_arya_31_1773299421946_003_jpg.rf.3d1fede39135e7909d61b9817488f5bd.jpg,val,frustrated,bigdata_frustrated_engaged_arya_31_1773299421946_002_jpg.rf.db46ff516a60a05752d205eba9e60434.jpg,test,frustrated,1,2
bigdata_frustrated_engaged_arya_31_1773299421946_003_jpg.rf.3d1fede39135e7909d61b9817488f5bd.jpg,val,frustrated,bigdata_frustrated_engaged_arya_31_1773299421946_004_jpg.rf.7371db79a00424137a065d274e4660cb.jpg,test,frustrated,1,6
bigdata_frustrated_engaged_arya_31_1773299422645_006_jpg.rf.4c010902d4aa7db0b720e173ea03b3b4.jpg,val,frustrated,bigdata_frustrated_engaged_arya_31_1773299421946_004_jpg.rf.7371db79a00424137a065d274e4660cb.jpg,test,frustrated,2,6
bigdata_frustrated_engaged_arya_31_1773299422645_006_jpg.rf.4c010902d4aa7db0b720e173ea03b3b4.jpg,val,frustrated,bigdata_frustrated_engaged_arya_31_1773299422645_005_jpg.rf.964404e82a7dff1192f49ef2ec196cce.jpg,test,frustrated,1,2
bigdata_frustrated_engaged_arya_31_1773299424204_019_jpg.rf.13331a54fe2e08224adda5205fe28573.jpg,val,frustrated,bigdata_frustrated_engaged_arya_31_1773299424986_022_jpg.rf.75b5eb9da796bddb176889e714e4ef12.jpg,test,frustrated,5,4
bigdata_frustrated_engaged_iann_62_1774442888909_003_jpg.rf.7c7f3121c47bb82c56301f83b46301bb.jpg,val,frustrated,bigdata_frustrated_engaged_iann_62_1774442888909_004_jpg.rf.f01d02def92f93dba5e707a82e48b69c.jpg,test,frustrated,3,0
bigdata_frustrated_engaged_nabielrafi_73_1773300532855_005_jpg.rf.0a45e809ab70e25614250cdd514028c5.jpg,val,frustrated,bigdata_frustrated_engaged_nabielrafi_73_1773300532856_007_jpg.rf.9240d8fdb8320d89b3f10da921454b1c.jpg,test,frustrated,4,2
bigdata_frustrated_engaged_nabielrafi_73_1773300533687_012_jpg.rf.f3508b10a82ecca8c1ec7da42f8d7732.jpg,val,frustrated,bigdata_frustrated_engaged_nabielrafi_73_1773300532856_007_jpg.rf.9240d8fdb8320d89b3f10da921454b1c.jpg,test,frustrated,4,4
bigdata_frustrated_engaged_nabielrafi_73_1773300533687_014_jpg.rf.8894e8594d59589fa700946905f86d04.jpg,val,frustrated,bigdata_frustrated_engaged_nabielrafi_73_1773300532856_007_jpg.rf.9240d8fdb8320d89b3f10da921454b1c.jpg,test,frustrated,4,6
bigdata_frustrated_engaged_nian_74_1774481818291_009_jpg.rf.daa819a1f6f8632ba6cf2b8c2e744bf9.jpg,val,frustrated,bigdata_frustrated_engaged_nian_74_1774481818291_006_jpg.rf.882fd5c47b1fac5dfed74965a3f07b69.jpg,test,frustrated,2,0
bigdata_frustrated_engaged_nian_74_1774481818291_009_jpg.rf.daa819a1f6f8632ba6cf2b8c2e744bf9.jpg,val,frustrated,bigdata_frustrated_engaged_nian_74_1774481819730_020_jpg.rf.7c23db828acdd47cfd225a809c1bc2de.jpg,test,frustrated,1,2
bigdata_frustrated_engaged_nian_74_1774481818873_011_jpg.rf.2876a1d80450fd8c94a9b89dff4d82cc.jpg,val,frustrated,bigdata_frustrated_engaged_nian_74_1774481818291_006_jpg.rf.882fd5c47b1fac5dfed74965a3f07b69.jpg,test,frustrated,4,2
bigdata_frustrated_engaged_nian_74_1774481818873_011_jpg.rf.2876a1d80450fd8c94a9b89dff4d82cc.jpg,val,frustrated,bigdata_frustrated_engaged_nian_74_1774481819730_020_jpg.rf.7c23db828acdd47cfd225a809c1bc2de.jpg,test,frustrated,1,0
bigdata_frustrated_engaged_nian_74_1774481818873_012_jpg.rf.f1680de49c83c94375537358b792b8e2.jpg,val,frustrated,bigdata_frustrated_engaged_nian_74_1774481818291_006_jpg.rf.882fd5c47b1fac5dfed74965a3f07b69.jpg,test,frustrated,5,6
bigdata_frustrated_engaged_nian_74_1774481818873_012_jpg.rf.f1680de49c83c94375537358b792b8e2.jpg,val,frustrated,bigdata_frustrated_engaged_nian_74_1774481819730_020_jpg.rf.7c23db828acdd47cfd225a809c1bc2de.jpg,test,frustrated,2,4
bigdata_frustrated_engaged_rahyan_94_1773299541318_012_jpg.rf.3ff2fee46b30751b34dd1fd9436dc4d9.jpg,val,frustrated,bigdata_frustrated_engaged_rahyan_94_1773299542064_019_jpg.rf.320a543b3edd755a330b37db4faf02f9.jpg,test,frustrated,5,6
bigdata_frustrated_engaged_rahyan_94_1773299541318_014_jpg.rf.991d2fe987f3e5ce7414e0c13dd9f218.jpg,val,frustrated,bigdata_frustrated_engaged_rahyan_94_1773299542063_015_jpg.rf.1136329858659f8d3a15633159525446.jpg,test,frustrated,3,0
bigdata_frustrated_engaged_rahyan_94_1773299542064_016_jpg.rf.eda8fbb920915a72e7a9140bfd5324c8.jpg,val,frustrated,bigdata_frustrated_engaged_rahyan_94_1773299542063_015_jpg.rf.1136329858659f8d3a15633159525446.jpg,test,frustrated,2,6
bigdata_frustrated_engaged_rahyan_94_1773299542064_016_jpg.rf.eda8fbb920915a72e7a9140bfd5324c8.jpg,val,frustrated,bigdata_frustrated_engaged_rahyan_94_1773299542064_019_jpg.rf.320a543b3edd755a330b37db4faf02f9.jpg,test,frustrated,2,4
bigdata_frustrated_engaged_sultanbudi_44_1773299494792_005_jpg.rf.eae0c6eb85169a076040c0e577411f6b.jpg,val,frustrated,bigdata_frustrated_engaged_sultanbudi_44_1773299494792_006_jpg.rf.958bb0294e189e906a7f49c03f446f76.jpg,test,frustrated,1,0
bored_4782.jpg,val,engaged,confused_4559.jpg,test,confused,4,0
bored_4839.jpg,val,bored,confused_4559.jpg,test,confused,3,2
bored_5193.jpg,val,bored,bored_5222.jpg,test,bored,1,0
bored_5193.jpg,val,bored,bored_5226.jpg,test,bored,0,0
bored_5193.jpg,val,bored,confused_13013.jpg,test,confused,1,0
bored_5193.jpg,val,bored,confused_13018.jpg,test,confused,1,0
bored_5193.jpg,val,bored,frustrated_8024.jpg,test,frustrated,0,0
bored_5193.jpg,val,bored,frustrated_8029.jpg,test,frustrated,0,0
bored_5193.jpg,val,bored,frustrated_8942.jpg,test,frustrated,0,4
bored_5193.jpg,val,bored,frustrated_9024.jpg,test,frustrated,0,4
bored_5193.jpg,val,bored,frustrated_9576.jpg,test,frustrated,0,4
bored_5695.jpg,val,bored,bored_5685.jpg,test,bored,2,2
bored_5910.jpg,val,bored,bored_5685.jpg,test,bored,5,2
bored_5910.jpg,val,bored,bored_6047.jpg,test,bored,1,0
bored_5910.jpg,val,bored,frustrated_9145.jpg,test,frustrated,3,2
bored_6290.jpg,val,bored,bored_6279.jpg,test,bored,0,0
bored_6290.jpg,val,bored,bored_6379.jpg,test,bored,2,4
bored_6290.jpg,val,bored,bored_6918.jpg,test,bored,1,4
bored_6290.jpg,val,bored,bored_7094.jpg,test,bored,2,4
bored_6290.jpg,val,bored,bored_7107.jpg,test,bored,2,4
bored_7035.jpg,val,bored,bored_6279.jpg,test,bored,3,4
bored_7035.jpg,val,bored,bored_6379.jpg,test,bored,1,2
bored_7035.jpg,val,bored,bored_6918.jpg,test,bored,4,6
bored_7035.jpg,val,bored,bored_7094.jpg,test,bored,1,0
bored_7035.jpg,val,bored,bored_7107.jpg,test,bored,1,0
bored_7074.jpg,val,bored,bored_6279.jpg,test,bored,2,4
bored_7074.jpg,val,bored,bored_6379.jpg,test,bored,0,2
bored_7074.jpg,val,bored,bored_6918.jpg,test,bored,3,6
bored_7074.jpg,val,bored,bored_7094.jpg,test,bored,0,0
bored_7074.jpg,val,bored,bored_7107.jpg,test,bored,0,0
bored_7114.jpg,val,bored,bored_6279.jpg,test,bored,2,4
bored_7114.jpg,val,bored,bored_6379.jpg,test,bored,0,2
bored_7114.jpg,val,bored,bored_6918.jpg,test,bored,3,6
bored_7114.jpg,val,bored,bored_7094.jpg,test,bored,0,0
bored_7114.jpg,val,bored,bored_7107.jpg,test,bored,0,0
confused_12902.jpg,val,confused,bored_5222.jpg,test,bored,2,0
confused_12902.jpg,val,confused,bored_5226.jpg,test,bored,1,0
confused_12902.jpg,val,confused,confused_13013.jpg,test,confused,0,0
confused_12902.jpg,val,confused,confused_13018.jpg,test,confused,0,0
confused_12902.jpg,val,confused,frustrated_8024.jpg,test,frustrated,1,0
confused_12902.jpg,val,confused,frustrated_8029.jpg,test,frustrated,1,0
confused_12902.jpg,val,confused,frustrated_8942.jpg,test,frustrated,1,4
confused_12902.jpg,val,confused,frustrated_9024.jpg,test,frustrated,1,4
confused_12902.jpg,val,confused,frustrated_9576.jpg,test,frustrated,1,4
confused_3887.jpg,val,confused,confused_4734.jpg,test,confused,1,6
confused_3887.jpg,val,confused,engaged_1378.jpg,test,engaged,3,6
confused_4212.jpg,val,confused,confused_4134.jpg,test,confused,4,6
confused_4212.jpg,val,confused,confused_4142.jpg,test,confused,4,4
confused_4212.jpg,val,confused,engaged_1806.jpg,test,engaged,5,6
confused_4212.jpg,val,confused,engaged_1860.jpg,test,engaged,5,6
confused_4212.jpg,val,confused,engaged_1916.jpg,test,engaged,5,6
confused_4212.jpg,val,confused,engaged_1925.jpg,test,engaged,5,6
confused_4212.jpg,val,confused,engaged_1982.jpg,test,engaged,5,6
confused_4212.jpg,val,confused,engaged_2048.jpg,test,engaged,5,6
engaged_1314.jpg,val,engaged,engaged_1056.jpg,test,engaged,1,0
engaged_1314.jpg,val,engaged,engaged_1333.jpg,test,engaged,0,0
engaged_1314.jpg,val,engaged,engaged_1378.jpg,test,engaged,0,2
engaged_1314.jpg,val,engaged,engaged_752.jpg,test,engaged,2,2
engaged_1343.jpg,val,engaged,engaged_1056.jpg,test,engaged,1,0
engaged_1343.jpg,val,engaged,engaged_1333.jpg,test,engaged,0,0
engaged_1343.jpg,val,engaged,engaged_1378.jpg,test,engaged,0,2
engaged_1343.jpg,val,engaged,engaged_752.jpg,test,engaged,2,2
engaged_1347.jpg,val,engaged,engaged_1056.jpg,test,engaged,1,0
engaged_1347.jpg,val,engaged,engaged_1333.jpg,test,engaged,0,0
engaged_1347.jpg,val,engaged,engaged_1378.jpg,test,engaged,0,2
engaged_1347.jpg,val,engaged,engaged_752.jpg,test,engaged,2,2
engaged_1376.jpg,val,engaged,confused_4734.jpg,test,confused,4,6
engaged_1376.jpg,val,engaged,engaged_1056.jpg,test,engaged,1,2
engaged_1376.jpg,val,engaged,engaged_1333.jpg,test,engaged,0,2
engaged_1376.jpg,val,engaged,engaged_1378.jpg,test,engaged,0,0
engaged_1376.jpg,val,engaged,engaged_752.jpg,test,engaged,2,4
engaged_1405.jpg,val,engaged,confused_4734.jpg,test,confused,4,6
engaged_1405.jpg,val,engaged,engaged_1056.jpg,test,engaged,1,2
engaged_1405.jpg,val,engaged,engaged_1333.jpg,test,engaged,0,2
engaged_1405.jpg,val,engaged,engaged_1378.jpg,test,engaged,0,0
engaged_1405.jpg,val,engaged,engaged_752.jpg,test,engaged,2,4
engaged_15057.jpg,val,engaged,confused_4734.jpg,test,confused,4,6
engaged_15057.jpg,val,engaged,engaged_1056.jpg,test,engaged,1,6
engaged_15057.jpg,val,engaged,engaged_1333.jpg,test,engaged,0,6
engaged_15057.jpg,val,engaged,engaged_1378.jpg,test,engaged,0,4
engaged_15057.jpg,val,engaged,frustrated_8942.jpg,test,frustrated,2,6
engaged_1775.jpg,val,engaged,confused_4134.jpg,test,confused,3,6
engaged_1775.jpg,val,engaged,confused_4142.jpg,test,confused,3,4
engaged_1775.jpg,val,engaged,confused_4744.jpg,test,confused,4,6
engaged_1775.jpg,val,engaged,engaged_1806.jpg,test,engaged,0,0
engaged_1775.jpg,val,engaged,engaged_1860.jpg,test,engaged,0,0
engaged_1775.jpg,val,engaged,engaged_1916.jpg,test,engaged,0,0
engaged_1775.jpg,val,engaged,engaged_1925.jpg,test,engaged,0,0
engaged_1775.jpg,val,engaged,engaged_1982.jpg,test,engaged,0,0
engaged_1775.jpg,val,engaged,engaged_2048.jpg,test,engaged,0,0
engaged_1775.jpg,val,engaged,engaged_2073.jpg,test,engaged,1,0
engaged_1775.jpg,val,engaged,engaged_2081.jpg,test,engaged,1,0
engaged_1775.jpg,val,engaged,engaged_2092.jpg,test,engaged,1,0
engaged_1775.jpg,val,engaged,engaged_2106.jpg,test,engaged,1,0
engaged_1775.jpg,val,engaged,engaged_2111.jpg,test,engaged,1,0
engaged_1775.jpg,val,engaged,engaged_2116.jpg,test,engaged,1,0
engaged_1775.jpg,val,engaged,engaged_2125.jpg,test,engaged,1,0
engaged_1775.jpg,val,engaged,engaged_2156.jpg,test,engaged,1,0
engaged_1775.jpg,val,engaged,engaged_2181.jpg,test,engaged,1,0
engaged_1775.jpg,val,engaged,engaged_2191.jpg,test,engaged,1,0
engaged_1775.jpg,val,engaged,engaged_2198.jpg,test,engaged,1,0
engaged_1775.jpg,val,engaged,engaged_2203.jpg,test,engaged,1,0
engaged_1775.jpg,val,engaged,engaged_2214.jpg,test,engaged,1,0
engaged_1775.jpg,val,engaged,engaged_2216.jpg,test,engaged,1,0
engaged_1775.jpg,val,engaged,frustrated_9024.jpg,test,frustrated,4,6
engaged_1775.jpg,val,engaged,frustrated_9576.jpg,test,frustrated,4,6
engaged_1775.jpg,val,engaged,frustrated_9812.jpg,test,frustrated,4,6
engaged_1779.jpg,val,engaged,confused_4134.jpg,test,confused,3,6
engaged_1779.jpg,val,engaged,confused_4142.jpg,test,confused,3,4
engaged_1779.jpg,val,engaged,confused_4744.jpg,test,confused,4,6
engaged_1779.jpg,val,engaged,engaged_1806.jpg,test,engaged,0,0
engaged_1779.jpg,val,engaged,engaged_1860.jpg,test,engaged,0,0
engaged_1779.jpg,val,engaged,engaged_1916.jpg,test,engaged,0,0
engaged_1779.jpg,val,engaged,engaged_1925.jpg,test,engaged,0,0
engaged_1779.jpg,val,engaged,engaged_1982.jpg,test,engaged,0,0
engaged_1779.jpg,val,engaged,engaged_2048.jpg,test,engaged,0,0
engaged_1779.jpg,val,engaged,engaged_2073.jpg,test,engaged,1,0
engaged_1779.jpg,val,engaged,engaged_2081.jpg,test,engaged,1,0
engaged_1779.jpg,val,engaged,engaged_2092.jpg,test,engaged,1,0
engaged_1779.jpg,val,engaged,engaged_2106.jpg,test,engaged,1,0
engaged_1779.jpg,val,engaged,engaged_2111.jpg,test,engaged,1,0
engaged_1779.jpg,val,engaged,engaged_2116.jpg,test,engaged,1,0
engaged_1779.jpg,val,engaged,engaged_2125.jpg,test,engaged,1,0
engaged_1779.jpg,val,engaged,engaged_2156.jpg,test,engaged,1,0
engaged_1779.jpg,val,engaged,engaged_2181.jpg,test,engaged,1,0
engaged_1779.jpg,val,engaged,engaged_2191.jpg,test,engaged,1,0
engaged_1779.jpg,val,engaged,engaged_2198.jpg,test,engaged,1,0
engaged_1779.jpg,val,engaged,engaged_2203.jpg,test,engaged,1,0
engaged_1779.jpg,val,engaged,engaged_2214.jpg,test,engaged,1,0
engaged_1779.jpg,val,engaged,engaged_2216.jpg,test,engaged,1,0
engaged_1779.jpg,val,engaged,frustrated_9024.jpg,test,frustrated,4,6
engaged_1779.jpg,val,engaged,frustrated_9576.jpg,test,frustrated,4,6
engaged_1779.jpg,val,engaged,frustrated_9812.jpg,test,frustrated,4,6
engaged_1836.jpg,val,engaged,confused_4134.jpg,test,confused,4,6
engaged_1836.jpg,val,engaged,confused_4142.jpg,test,confused,4,4
engaged_1836.jpg,val,engaged,confused_4744.jpg,test,confused,3,6
engaged_1836.jpg,val,engaged,engaged_1806.jpg,test,engaged,1,0
engaged_1836.jpg,val,engaged,engaged_1860.jpg,test,engaged,1,0
engaged_1836.jpg,val,engaged,engaged_1916.jpg,test,engaged,1,0
engaged_1836.jpg,val,engaged,engaged_1925.jpg,test,engaged,1,0
engaged_1836.jpg,val,engaged,engaged_1982.jpg,test,engaged,1,0
engaged_1836.jpg,val,engaged,engaged_2048.jpg,test,engaged,1,0
engaged_1836.jpg,val,engaged,engaged_2073.jpg,test,engaged,0,0
engaged_1836.jpg,val,engaged,engaged_2081.jpg,test,engaged,0,0
engaged_1836.jpg,val,engaged,engaged_2092.jpg,test,engaged,0,0
engaged_1836.jpg,val,engaged,engaged_2106.jpg,test,engaged,0,0
engaged_1836.jpg,val,engaged,engaged_2111.jpg,test,engaged,0,0
engaged_1836.jpg,val,engaged,engaged_2116.jpg,test,engaged,0,0
engaged_1836.jpg,val,engaged,engaged_2125.jpg,test,engaged,0,0
engaged_1836.jpg,val,engaged,engaged_2156.jpg,test,engaged,0,0
engaged_1836.jpg,val,engaged,engaged_2181.jpg,test,engaged,0,0
engaged_1836.jpg,val,engaged,engaged_2191.jpg,test,engaged,0,0
engaged_1836.jpg,val,engaged,engaged_2198.jpg,test,engaged,0,0
engaged_1836.jpg,val,engaged,engaged_2203.jpg,test,engaged,0,0
engaged_1836.jpg,val,engaged,engaged_2214.jpg,test,engaged,0,0
engaged_1836.jpg,val,engaged,engaged_2216.jpg,test,engaged,0,0
engaged_1836.jpg,val,engaged,frustrated_9024.jpg,test,frustrated,3,6
engaged_1836.jpg,val,engaged,frustrated_9576.jpg,test,frustrated,3,6
engaged_1836.jpg,val,engaged,frustrated_9812.jpg,test,frustrated,3,6
engaged_1867.jpg,val,engaged,confused_4134.jpg,test,confused,3,6
engaged_1867.jpg,val,engaged,confused_4142.jpg,test,confused,3,4
engaged_1867.jpg,val,engaged,confused_4744.jpg,test,confused,4,6
engaged_1867.jpg,val,engaged,engaged_1806.jpg,test,engaged,0,0
engaged_1867.jpg,val,engaged,engaged_1860.jpg,test,engaged,0,0
engaged_1867.jpg,val,engaged,engaged_1916.jpg,test,engaged,0,0
engaged_1867.jpg,val,engaged,engaged_1925.jpg,test,engaged,0,0
engaged_1867.jpg,val,engaged,engaged_1982.jpg,test,engaged,0,0
engaged_1867.jpg,val,engaged,engaged_2048.jpg,test,engaged,0,0
engaged_1867.jpg,val,engaged,engaged_2073.jpg,test,engaged,1,0
engaged_1867.jpg,val,engaged,engaged_2081.jpg,test,engaged,1,0
engaged_1867.jpg,val,engaged,engaged_2092.jpg,test,engaged,1,0
engaged_1867.jpg,val,engaged,engaged_2106.jpg,test,engaged,1,0
engaged_1867.jpg,val,engaged,engaged_2111.jpg,test,engaged,1,0
engaged_1867.jpg,val,engaged,engaged_2116.jpg,test,engaged,1,0
engaged_1867.jpg,val,engaged,engaged_2125.jpg,test,engaged,1,0
engaged_1867.jpg,val,engaged,engaged_2156.jpg,test,engaged,1,0
engaged_1867.jpg,val,engaged,engaged_2181.jpg,test,engaged,1,0
engaged_1867.jpg,val,engaged,engaged_2191.jpg,test,engaged,1,0
engaged_1867.jpg,val,engaged,engaged_2198.jpg,test,engaged,1,0
engaged_1867.jpg,val,engaged,engaged_2203.jpg,test,engaged,1,0
engaged_1867.jpg,val,engaged,engaged_2214.jpg,test,engaged,1,0
engaged_1867.jpg,val,engaged,engaged_2216.jpg,test,engaged,1,0
engaged_1867.jpg,val,engaged,frustrated_9024.jpg,test,frustrated,4,6
engaged_1867.jpg,val,engaged,frustrated_9576.jpg,test,frustrated,4,6
engaged_1867.jpg,val,engaged,frustrated_9812.jpg,test,frustrated,4,6
engaged_1979.jpg,val,engaged,confused_4134.jpg,test,confused,3,6
engaged_1979.jpg,val,engaged,confused_4142.jpg,test,confused,3,4
engaged_1979.jpg,val,engaged,confused_4744.jpg,test,confused,4,6
engaged_1979.jpg,val,engaged,engaged_1806.jpg,test,engaged,0,0
engaged_1979.jpg,val,engaged,engaged_1860.jpg,test,engaged,0,0
engaged_1979.jpg,val,engaged,engaged_1916.jpg,test,engaged,0,0
engaged_1979.jpg,val,engaged,engaged_1925.jpg,test,engaged,0,0
engaged_1979.jpg,val,engaged,engaged_1982.jpg,test,engaged,0,0
engaged_1979.jpg,val,engaged,engaged_2048.jpg,test,engaged,0,0
engaged_1979.jpg,val,engaged,engaged_2073.jpg,test,engaged,1,0
engaged_1979.jpg,val,engaged,engaged_2081.jpg,test,engaged,1,0
engaged_1979.jpg,val,engaged,engaged_2092.jpg,test,engaged,1,0
engaged_1979.jpg,val,engaged,engaged_2106.jpg,test,engaged,1,0
engaged_1979.jpg,val,engaged,engaged_2111.jpg,test,engaged,1,0
engaged_1979.jpg,val,engaged,engaged_2116.jpg,test,engaged,1,0
engaged_1979.jpg,val,engaged,engaged_2125.jpg,test,engaged,1,0
engaged_1979.jpg,val,engaged,engaged_2156.jpg,test,engaged,1,0
engaged_1979.jpg,val,engaged,engaged_2181.jpg,test,engaged,1,0
engaged_1979.jpg,val,engaged,engaged_2191.jpg,test,engaged,1,0
engaged_1979.jpg,val,engaged,engaged_2198.jpg,test,engaged,1,0
engaged_1979.jpg,val,engaged,engaged_2203.jpg,test,engaged,1,0
engaged_1979.jpg,val,engaged,engaged_2214.jpg,test,engaged,1,0
engaged_1979.jpg,val,engaged,engaged_2216.jpg,test,engaged,1,0
engaged_1979.jpg,val,engaged,frustrated_9024.jpg,test,frustrated,4,6
engaged_1979.jpg,val,engaged,frustrated_9576.jpg,test,frustrated,4,6
engaged_1979.jpg,val,engaged,frustrated_9812.jpg,test,frustrated,4,6
engaged_2045.jpg,val,engaged,confused_4134.jpg,test,confused,3,6
engaged_2045.jpg,val,engaged,confused_4142.jpg,test,confused,3,4
engaged_2045.jpg,val,engaged,confused_4744.jpg,test,confused,4,6
engaged_2045.jpg,val,engaged,engaged_1806.jpg,test,engaged,0,0
engaged_2045.jpg,val,engaged,engaged_1860.jpg,test,engaged,0,0
engaged_2045.jpg,val,engaged,engaged_1916.jpg,test,engaged,0,0
engaged_2045.jpg,val,engaged,engaged_1925.jpg,test,engaged,0,0
engaged_2045.jpg,val,engaged,engaged_1982.jpg,test,engaged,0,0
engaged_2045.jpg,val,engaged,engaged_2048.jpg,test,engaged,0,0
engaged_2045.jpg,val,engaged,engaged_2073.jpg,test,engaged,1,0
engaged_2045.jpg,val,engaged,engaged_2081.jpg,test,engaged,1,0
engaged_2045.jpg,val,engaged,engaged_2092.jpg,test,engaged,1,0
engaged_2045.jpg,val,engaged,engaged_2106.jpg,test,engaged,1,0
engaged_2045.jpg,val,engaged,engaged_2111.jpg,test,engaged,1,0
engaged_2045.jpg,val,engaged,engaged_2116.jpg,test,engaged,1,0
engaged_2045.jpg,val,engaged,engaged_2125.jpg,test,engaged,1,0
engaged_2045.jpg,val,engaged,engaged_2156.jpg,test,engaged,1,0
engaged_2045.jpg,val,engaged,engaged_2181.jpg,test,engaged,1,0
engaged_2045.jpg,val,engaged,engaged_2191.jpg,test,engaged,1,0
engaged_2045.jpg,val,engaged,engaged_2198.jpg,test,engaged,1,0
engaged_2045.jpg,val,engaged,engaged_2203.jpg,test,engaged,1,0
engaged_2045.jpg,val,engaged,engaged_2214.jpg,test,engaged,1,0
engaged_2045.jpg,val,engaged,engaged_2216.jpg,test,engaged,1,0
engaged_2045.jpg,val,engaged,frustrated_9024.jpg,test,frustrated,4,6
engaged_2045.jpg,val,engaged,frustrated_9576.jpg,test,frustrated,4,6
engaged_2045.jpg,val,engaged,frustrated_9812.jpg,test,frustrated,4,6
engaged_2079.jpg,val,engaged,confused_4134.jpg,test,confused,4,6
engaged_2079.jpg,val,engaged,confused_4142.jpg,test,confused,4,4
engaged_2079.jpg,val,engaged,confused_4744.jpg,test,confused,3,6
engaged_2079.jpg,val,engaged,engaged_1806.jpg,test,engaged,1,0
engaged_2079.jpg,val,engaged,engaged_1860.jpg,test,engaged,1,0
engaged_2079.jpg,val,engaged,engaged_1916.jpg,test,engaged,1,0
engaged_2079.jpg,val,engaged,engaged_1925.jpg,test,engaged,1,0
engaged_2079.jpg,val,engaged,engaged_1982.jpg,test,engaged,1,0
engaged_2079.jpg,val,engaged,engaged_2048.jpg,test,engaged,1,0
engaged_2079.jpg,val,engaged,engaged_2073.jpg,test,engaged,0,0
engaged_2079.jpg,val,engaged,engaged_2081.jpg,test,engaged,0,0
engaged_2079.jpg,val,engaged,engaged_2092.jpg,test,engaged,0,0
engaged_2079.jpg,val,engaged,engaged_2106.jpg,test,engaged,0,0
engaged_2079.jpg,val,engaged,engaged_2111.jpg,test,engaged,0,0
engaged_2079.jpg,val,engaged,engaged_2116.jpg,test,engaged,0,0
engaged_2079.jpg,val,engaged,engaged_2125.jpg,test,engaged,0,0
engaged_2079.jpg,val,engaged,engaged_2156.jpg,test,engaged,0,0
engaged_2079.jpg,val,engaged,engaged_2181.jpg,test,engaged,0,0
engaged_2079.jpg,val,engaged,engaged_2191.jpg,test,engaged,0,0
engaged_2079.jpg,val,engaged,engaged_2198.jpg,test,engaged,0,0
engaged_2079.jpg,val,engaged,engaged_2203.jpg,test,engaged,0,0
engaged_2079.jpg,val,engaged,engaged_2214.jpg,test,engaged,0,0
engaged_2079.jpg,val,engaged,engaged_2216.jpg,test,engaged,0,0
engaged_2079.jpg,val,engaged,frustrated_9024.jpg,test,frustrated,3,6
engaged_2079.jpg,val,engaged,frustrated_9576.jpg,test,frustrated,3,6
engaged_2079.jpg,val,engaged,frustrated_9812.jpg,test,frustrated,3,6
engaged_2080.jpg,val,engaged,confused_4134.jpg,test,confused,4,6
engaged_2080.jpg,val,engaged,confused_4142.jpg,test,confused,4,4
engaged_2080.jpg,val,engaged,confused_4744.jpg,test,confused,3,6
engaged_2080.jpg,val,engaged,engaged_1806.jpg,test,engaged,1,0
engaged_2080.jpg,val,engaged,engaged_1860.jpg,test,engaged,1,0
engaged_2080.jpg,val,engaged,engaged_1916.jpg,test,engaged,1,0
engaged_2080.jpg,val,engaged,engaged_1925.jpg,test,engaged,1,0
engaged_2080.jpg,val,engaged,engaged_1982.jpg,test,engaged,1,0
engaged_2080.jpg,val,engaged,engaged_2048.jpg,test,engaged,1,0
engaged_2080.jpg,val,engaged,engaged_2073.jpg,test,engaged,0,0
engaged_2080.jpg,val,engaged,engaged_2081.jpg,test,engaged,0,0
engaged_2080.jpg,val,engaged,engaged_2092.jpg,test,engaged,0,0
engaged_2080.jpg,val,engaged,engaged_2106.jpg,test,engaged,0,0
engaged_2080.jpg,val,engaged,engaged_2111.jpg,test,engaged,0,0
engaged_2080.jpg,val,engaged,engaged_2116.jpg,test,engaged,0,0
engaged_2080.jpg,val,engaged,engaged_2125.jpg,test,engaged,0,0
engaged_2080.jpg,val,engaged,engaged_2156.jpg,test,engaged,0,0
engaged_2080.jpg,val,engaged,engaged_2181.jpg,test,engaged,0,0
engaged_2080.jpg,val,engaged,engaged_2191.jpg,test,engaged,0,0
engaged_2080.jpg,val,engaged,engaged_2198.jpg,test,engaged,0,0
engaged_2080.jpg,val,engaged,engaged_2203.jpg,test,engaged,0,0
engaged_2080.jpg,val,engaged,engaged_2214.jpg,test,engaged,0,0
engaged_2080.jpg,val,engaged,engaged_2216.jpg,test,engaged,0,0
engaged_2080.jpg,val,engaged,frustrated_9024.jpg,test,frustrated,3,6
engaged_2080.jpg,val,engaged,frustrated_9576.jpg,test,frustrated,3,6
engaged_2080.jpg,val,engaged,frustrated_9812.jpg,test,frustrated,3,6
engaged_2086.jpg,val,engaged,confused_4134.jpg,test,confused,4,6
engaged_2086.jpg,val,engaged,confused_4142.jpg,test,confused,4,4
engaged_2086.jpg,val,engaged,confused_4744.jpg,test,confused,3,6
engaged_2086.jpg,val,engaged,engaged_1806.jpg,test,engaged,1,0
engaged_2086.jpg,val,engaged,engaged_1860.jpg,test,engaged,1,0
engaged_2086.jpg,val,engaged,engaged_1916.jpg,test,engaged,1,0
engaged_2086.jpg,val,engaged,engaged_1925.jpg,test,engaged,1,0
engaged_2086.jpg,val,engaged,engaged_1982.jpg,test,engaged,1,0
engaged_2086.jpg,val,engaged,engaged_2048.jpg,test,engaged,1,0
engaged_2086.jpg,val,engaged,engaged_2073.jpg,test,engaged,0,0
engaged_2086.jpg,val,engaged,engaged_2081.jpg,test,engaged,0,0
engaged_2086.jpg,val,engaged,engaged_2092.jpg,test,engaged,0,0
engaged_2086.jpg,val,engaged,engaged_2106.jpg,test,engaged,0,0
engaged_2086.jpg,val,engaged,engaged_2111.jpg,test,engaged,0,0
engaged_2086.jpg,val,engaged,engaged_2116.jpg,test,engaged,0,0
engaged_2086.jpg,val,engaged,engaged_2125.jpg,test,engaged,0,0
engaged_2086.jpg,val,engaged,engaged_2156.jpg,test,engaged,0,0
engaged_2086.jpg,val,engaged,engaged_2181.jpg,test,engaged,0,0
engaged_2086.jpg,val,engaged,engaged_2191.jpg,test,engaged,0,0
engaged_2086.jpg,val,engaged,engaged_2198.jpg,test,engaged,0,0
engaged_2086.jpg,val,engaged,engaged_2203.jpg,test,engaged,0,0
engaged_2086.jpg,val,engaged,engaged_2214.jpg,test,engaged,0,0
engaged_2086.jpg,val,engaged,engaged_2216.jpg,test,engaged,0,0
engaged_2086.jpg,val,engaged,frustrated_9024.jpg,test,frustrated,3,6
engaged_2086.jpg,val,engaged,frustrated_9576.jpg,test,frustrated,3,6
engaged_2086.jpg,val,engaged,frustrated_9812.jpg,test,frustrated,3,6
engaged_2096.jpg,val,engaged,confused_4134.jpg,test,confused,4,6
engaged_2096.jpg,val,engaged,confused_4142.jpg,test,confused,4,4
engaged_2096.jpg,val,engaged,confused_4744.jpg,test,confused,3,6
engaged_2096.jpg,val,engaged,engaged_1806.jpg,test,engaged,1,0
engaged_2096.jpg,val,engaged,engaged_1860.jpg,test,engaged,1,0
engaged_2096.jpg,val,engaged,engaged_1916.jpg,test,engaged,1,0
engaged_2096.jpg,val,engaged,engaged_1925.jpg,test,engaged,1,0
engaged_2096.jpg,val,engaged,engaged_1982.jpg,test,engaged,1,0
engaged_2096.jpg,val,engaged,engaged_2048.jpg,test,engaged,1,0
engaged_2096.jpg,val,engaged,engaged_2073.jpg,test,engaged,0,0
engaged_2096.jpg,val,engaged,engaged_2081.jpg,test,engaged,0,0
engaged_2096.jpg,val,engaged,engaged_2092.jpg,test,engaged,0,0
engaged_2096.jpg,val,engaged,engaged_2106.jpg,test,engaged,0,0
engaged_2096.jpg,val,engaged,engaged_2111.jpg,test,engaged,0,0
engaged_2096.jpg,val,engaged,engaged_2116.jpg,test,engaged,0,0
engaged_2096.jpg,val,engaged,engaged_2125.jpg,test,engaged,0,0
engaged_2096.jpg,val,engaged,engaged_2156.jpg,test,engaged,0,0
engaged_2096.jpg,val,engaged,engaged_2181.jpg,test,engaged,0,0
engaged_2096.jpg,val,engaged,engaged_2191.jpg,test,engaged,0,0
engaged_2096.jpg,val,engaged,engaged_2198.jpg,test,engaged,0,0
engaged_2096.jpg,val,engaged,engaged_2203.jpg,test,engaged,0,0
engaged_2096.jpg,val,engaged,engaged_2214.jpg,test,engaged,0,0
engaged_2096.jpg,val,engaged,engaged_2216.jpg,test,engaged,0,0
engaged_2096.jpg,val,engaged,frustrated_9024.jpg,test,frustrated,3,6
engaged_2096.jpg,val,engaged,frustrated_9576.jpg,test,frustrated,3,6
engaged_2096.jpg,val,engaged,frustrated_9812.jpg,test,frustrated,3,6
engaged_2103.jpg,val,engaged,confused_4134.jpg,test,confused,4,6
engaged_2103.jpg,val,engaged,confused_4142.jpg,test,confused,4,4
engaged_2103.jpg,val,engaged,confused_4744.jpg,test,confused,3,6
engaged_2103.jpg,val,engaged,engaged_1806.jpg,test,engaged,1,0
engaged_2103.jpg,val,engaged,engaged_1860.jpg,test,engaged,1,0
engaged_2103.jpg,val,engaged,engaged_1916.jpg,test,engaged,1,0
engaged_2103.jpg,val,engaged,engaged_1925.jpg,test,engaged,1,0
engaged_2103.jpg,val,engaged,engaged_1982.jpg,test,engaged,1,0
engaged_2103.jpg,val,engaged,engaged_2048.jpg,test,engaged,1,0
engaged_2103.jpg,val,engaged,engaged_2073.jpg,test,engaged,0,0
engaged_2103.jpg,val,engaged,engaged_2081.jpg,test,engaged,0,0
engaged_2103.jpg,val,engaged,engaged_2092.jpg,test,engaged,0,0
engaged_2103.jpg,val,engaged,engaged_2106.jpg,test,engaged,0,0
engaged_2103.jpg,val,engaged,engaged_2111.jpg,test,engaged,0,0
engaged_2103.jpg,val,engaged,engaged_2116.jpg,test,engaged,0,0
engaged_2103.jpg,val,engaged,engaged_2125.jpg,test,engaged,0,0
engaged_2103.jpg,val,engaged,engaged_2156.jpg,test,engaged,0,0
engaged_2103.jpg,val,engaged,engaged_2181.jpg,test,engaged,0,0
engaged_2103.jpg,val,engaged,engaged_2191.jpg,test,engaged,0,0
engaged_2103.jpg,val,engaged,engaged_2198.jpg,test,engaged,0,0
engaged_2103.jpg,val,engaged,engaged_2203.jpg,test,engaged,0,0
engaged_2103.jpg,val,engaged,engaged_2214.jpg,test,engaged,0,0
engaged_2103.jpg,val,engaged,engaged_2216.jpg,test,engaged,0,0
engaged_2103.jpg,val,engaged,frustrated_9024.jpg,test,frustrated,3,6
engaged_2103.jpg,val,engaged,frustrated_9576.jpg,test,frustrated,3,6
engaged_2103.jpg,val,engaged,frustrated_9812.jpg,test,frustrated,3,6
engaged_2121.jpg,val,engaged,confused_4134.jpg,test,confused,4,6
engaged_2121.jpg,val,engaged,confused_4142.jpg,test,confused,4,4
engaged_2121.jpg,val,engaged,confused_4744.jpg,test,confused,3,6
engaged_2121.jpg,val,engaged,engaged_1806.jpg,test,engaged,1,0
engaged_2121.jpg,val,engaged,engaged_1860.jpg,test,engaged,1,0
engaged_2121.jpg,val,engaged,engaged_1916.jpg,test,engaged,1,0
engaged_2121.jpg,val,engaged,engaged_1925.jpg,test,engaged,1,0
engaged_2121.jpg,val,engaged,engaged_1982.jpg,test,engaged,1,0
engaged_2121.jpg,val,engaged,engaged_2048.jpg,test,engaged,1,0
engaged_2121.jpg,val,engaged,engaged_2073.jpg,test,engaged,0,0
engaged_2121.jpg,val,engaged,engaged_2081.jpg,test,engaged,0,0
engaged_2121.jpg,val,engaged,engaged_2092.jpg,test,engaged,0,0
engaged_2121.jpg,val,engaged,engaged_2106.jpg,test,engaged,0,0
engaged_2121.jpg,val,engaged,engaged_2111.jpg,test,engaged,0,0
engaged_2121.jpg,val,engaged,engaged_2116.jpg,test,engaged,0,0
engaged_2121.jpg,val,engaged,engaged_2125.jpg,test,engaged,0,0
engaged_2121.jpg,val,engaged,engaged_2156.jpg,test,engaged,0,0
engaged_2121.jpg,val,engaged,engaged_2181.jpg,test,engaged,0,0
engaged_2121.jpg,val,engaged,engaged_2191.jpg,test,engaged,0,0
engaged_2121.jpg,val,engaged,engaged_2198.jpg,test,engaged,0,0
engaged_2121.jpg,val,engaged,engaged_2203.jpg,test,engaged,0,0
engaged_2121.jpg,val,engaged,engaged_2214.jpg,test,engaged,0,0
engaged_2121.jpg,val,engaged,engaged_2216.jpg,test,engaged,0,0
engaged_2121.jpg,val,engaged,frustrated_9024.jpg,test,frustrated,3,6
engaged_2121.jpg,val,engaged,frustrated_9576.jpg,test,frustrated,3,6
engaged_2121.jpg,val,engaged,frustrated_9812.jpg,test,frustrated,3,6
engaged_2136.jpg,val,engaged,confused_4134.jpg,test,confused,4,6
engaged_2136.jpg,val,engaged,confused_4142.jpg,test,confused,4,4
engaged_2136.jpg,val,engaged,confused_4744.jpg,test,confused,3,6
engaged_2136.jpg,val,engaged,engaged_1806.jpg,test,engaged,1,0
engaged_2136.jpg,val,engaged,engaged_1860.jpg,test,engaged,1,0
engaged_2136.jpg,val,engaged,engaged_1916.jpg,test,engaged,1,0
engaged_2136.jpg,val,engaged,engaged_1925.jpg,test,engaged,1,0
engaged_2136.jpg,val,engaged,engaged_1982.jpg,test,engaged,1,0
engaged_2136.jpg,val,engaged,engaged_2048.jpg,test,engaged,1,0
engaged_2136.jpg,val,engaged,engaged_2073.jpg,test,engaged,0,0
engaged_2136.jpg,val,engaged,engaged_2081.jpg,test,engaged,0,0
engaged_2136.jpg,val,engaged,engaged_2092.jpg,test,engaged,0,0
engaged_2136.jpg,val,engaged,engaged_2106.jpg,test,engaged,0,0
engaged_2136.jpg,val,engaged,engaged_2111.jpg,test,engaged,0,0
engaged_2136.jpg,val,engaged,engaged_2116.jpg,test,engaged,0,0
engaged_2136.jpg,val,engaged,engaged_2125.jpg,test,engaged,0,0
engaged_2136.jpg,val,engaged,engaged_2156.jpg,test,engaged,0,0
engaged_2136.jpg,val,engaged,engaged_2181.jpg,test,engaged,0,0
engaged_2136.jpg,val,engaged,engaged_2191.jpg,test,engaged,0,0
engaged_2136.jpg,val,engaged,engaged_2198.jpg,test,engaged,0,0
engaged_2136.jpg,val,engaged,engaged_2203.jpg,test,engaged,0,0
engaged_2136.jpg,val,engaged,engaged_2214.jpg,test,engaged,0,0
engaged_2136.jpg,val,engaged,engaged_2216.jpg,test,engaged,0,0
engaged_2136.jpg,val,engaged,frustrated_9024.jpg,test,frustrated,3,6
engaged_2136.jpg,val,engaged,frustrated_9576.jpg,test,frustrated,3,6
engaged_2136.jpg,val,engaged,frustrated_9812.jpg,test,frustrated,3,6
engaged_2166.jpg,val,engaged,confused_4134.jpg,test,confused,4,6
engaged_2166.jpg,val,engaged,confused_4142.jpg,test,confused,4,4
engaged_2166.jpg,val,engaged,confused_4744.jpg,test,confused,3,6
engaged_2166.jpg,val,engaged,engaged_1806.jpg,test,engaged,1,0
engaged_2166.jpg,val,engaged,engaged_1860.jpg,test,engaged,1,0
engaged_2166.jpg,val,engaged,engaged_1916.jpg,test,engaged,1,0
engaged_2166.jpg,val,engaged,engaged_1925.jpg,test,engaged,1,0
engaged_2166.jpg,val,engaged,engaged_1982.jpg,test,engaged,1,0
engaged_2166.jpg,val,engaged,engaged_2048.jpg,test,engaged,1,0
engaged_2166.jpg,val,engaged,engaged_2073.jpg,test,engaged,0,0
engaged_2166.jpg,val,engaged,engaged_2081.jpg,test,engaged,0,0
engaged_2166.jpg,val,engaged,engaged_2092.jpg,test,engaged,0,0
engaged_2166.jpg,val,engaged,engaged_2106.jpg,test,engaged,0,0
engaged_2166.jpg,val,engaged,engaged_2111.jpg,test,engaged,0,0
engaged_2166.jpg,val,engaged,engaged_2116.jpg,test,engaged,0,0
engaged_2166.jpg,val,engaged,engaged_2125.jpg,test,engaged,0,0
engaged_2166.jpg,val,engaged,engaged_2156.jpg,test,engaged,0,0
engaged_2166.jpg,val,engaged,engaged_2181.jpg,test,engaged,0,0
engaged_2166.jpg,val,engaged,engaged_2191.jpg,test,engaged,0,0
engaged_2166.jpg,val,engaged,engaged_2198.jpg,test,engaged,0,0
engaged_2166.jpg,val,engaged,engaged_2203.jpg,test,engaged,0,0
engaged_2166.jpg,val,engaged,engaged_2214.jpg,test,engaged,0,0
engaged_2166.jpg,val,engaged,engaged_2216.jpg,test,engaged,0,0
engaged_2166.jpg,val,engaged,frustrated_9024.jpg,test,frustrated,3,6
engaged_2166.jpg,val,engaged,frustrated_9576.jpg,test,frustrated,3,6
engaged_2166.jpg,val,engaged,frustrated_9812.jpg,test,frustrated,3,6
engaged_2172.jpg,val,engaged,confused_4134.jpg,test,confused,4,6
engaged_2172.jpg,val,engaged,confused_4142.jpg,test,confused,4,4
engaged_2172.jpg,val,engaged,confused_4744.jpg,test,confused,3,6
engaged_2172.jpg,val,engaged,engaged_1806.jpg,test,engaged,1,0
engaged_2172.jpg,val,engaged,engaged_1860.jpg,test,engaged,1,0
engaged_2172.jpg,val,engaged,engaged_1916.jpg,test,engaged,1,0
engaged_2172.jpg,val,engaged,engaged_1925.jpg,test,engaged,1,0
engaged_2172.jpg,val,engaged,engaged_1982.jpg,test,engaged,1,0
engaged_2172.jpg,val,engaged,engaged_2048.jpg,test,engaged,1,0
engaged_2172.jpg,val,engaged,engaged_2073.jpg,test,engaged,0,0
engaged_2172.jpg,val,engaged,engaged_2081.jpg,test,engaged,0,0
engaged_2172.jpg,val,engaged,engaged_2092.jpg,test,engaged,0,0
engaged_2172.jpg,val,engaged,engaged_2106.jpg,test,engaged,0,0
engaged_2172.jpg,val,engaged,engaged_2111.jpg,test,engaged,0,0
engaged_2172.jpg,val,engaged,engaged_2116.jpg,test,engaged,0,0
engaged_2172.jpg,val,engaged,engaged_2125.jpg,test,engaged,0,0
engaged_2172.jpg,val,engaged,engaged_2156.jpg,test,engaged,0,0
engaged_2172.jpg,val,engaged,engaged_2181.jpg,test,engaged,0,0
engaged_2172.jpg,val,engaged,engaged_2191.jpg,test,engaged,0,0
engaged_2172.jpg,val,engaged,engaged_2198.jpg,test,engaged,0,0
engaged_2172.jpg,val,engaged,engaged_2203.jpg,test,engaged,0,0
engaged_2172.jpg,val,engaged,engaged_2214.jpg,test,engaged,0,0
engaged_2172.jpg,val,engaged,engaged_2216.jpg,test,engaged,0,0
engaged_2172.jpg,val,engaged,frustrated_9024.jpg,test,frustrated,3,6
engaged_2172.jpg,val,engaged,frustrated_9576.jpg,test,frustrated,3,6
engaged_2172.jpg,val,engaged,frustrated_9812.jpg,test,frustrated,3,6
engaged_2213.jpg,val,engaged,confused_4134.jpg,test,confused,4,6
engaged_2213.jpg,val,engaged,confused_4142.jpg,test,confused,4,4
engaged_2213.jpg,val,engaged,confused_4744.jpg,test,confused,3,6
engaged_2213.jpg,val,engaged,engaged_1806.jpg,test,engaged,1,0
engaged_2213.jpg,val,engaged,engaged_1860.jpg,test,engaged,1,0
engaged_2213.jpg,val,engaged,engaged_1916.jpg,test,engaged,1,0
engaged_2213.jpg,val,engaged,engaged_1925.jpg,test,engaged,1,0
engaged_2213.jpg,val,engaged,engaged_1982.jpg,test,engaged,1,0
engaged_2213.jpg,val,engaged,engaged_2048.jpg,test,engaged,1,0
engaged_2213.jpg,val,engaged,engaged_2073.jpg,test,engaged,0,0
engaged_2213.jpg,val,engaged,engaged_2081.jpg,test,engaged,0,0
engaged_2213.jpg,val,engaged,engaged_2092.jpg,test,engaged,0,0
engaged_2213.jpg,val,engaged,engaged_2106.jpg,test,engaged,0,0
engaged_2213.jpg,val,engaged,engaged_2111.jpg,test,engaged,0,0
engaged_2213.jpg,val,engaged,engaged_2116.jpg,test,engaged,0,0
engaged_2213.jpg,val,engaged,engaged_2125.jpg,test,engaged,0,0
engaged_2213.jpg,val,engaged,engaged_2156.jpg,test,engaged,0,0
engaged_2213.jpg,val,engaged,engaged_2181.jpg,test,engaged,0,0
engaged_2213.jpg,val,engaged,engaged_2191.jpg,test,engaged,0,0
engaged_2213.jpg,val,engaged,engaged_2198.jpg,test,engaged,0,0
engaged_2213.jpg,val,engaged,engaged_2203.jpg,test,engaged,0,0
engaged_2213.jpg,val,engaged,engaged_2214.jpg,test,engaged,0,0
engaged_2213.jpg,val,engaged,engaged_2216.jpg,test,engaged,0,0
engaged_2213.jpg,val,engaged,frustrated_9024.jpg,test,frustrated,3,6
engaged_2213.jpg,val,engaged,frustrated_9576.jpg,test,frustrated,3,6
engaged_2213.jpg,val,engaged,frustrated_9812.jpg,test,frustrated,3,6
engaged_412.jpg,val,engaged,engaged_419.jpg,test,engaged,0,0
engaged_412.jpg,val,engaged,engaged_465.jpg,test,engaged,0,2
engaged_412.jpg,val,engaged,engaged_683.jpg,test,engaged,5,4
engaged_430.jpg,val,engaged,engaged_419.jpg,test,engaged,0,0
engaged_430.jpg,val,engaged,engaged_465.jpg,test,engaged,0,2
engaged_430.jpg,val,engaged,engaged_683.jpg,test,engaged,5,4
engaged_817.jpg,val,engaged,engaged_1056.jpg,test,engaged,3,2
engaged_817.jpg,val,engaged,engaged_1333.jpg,test,engaged,2,2
engaged_817.jpg,val,engaged,engaged_1378.jpg,test,engaged,2,4
engaged_817.jpg,val,engaged,engaged_752.jpg,test,engaged,0,0
frustrated_2896.jpg,val,frustrated,frustrated_2824.jpg,test,frustrated,0,6
frustrated_2960.jpg,val,frustrated,frustrated_2946.jpg,test,frustrated,2,4
frustrated_2960.jpg,val,frustrated,frustrated_3111.jpg,test,frustrated,4,6
frustrated_3073.jpg,val,frustrated,frustrated_2890.jpg,test,frustrated,2,4
frustrated_3073.jpg,val,frustrated,frustrated_2946.jpg,test,frustrated,2,0
frustrated_3073.jpg,val,frustrated,frustrated_3111.jpg,test,frustrated,0,2
frustrated_3097.jpg,val,frustrated,frustrated_2890.jpg,test,frustrated,2,4
frustrated_3097.jpg,val,frustrated,frustrated_2946.jpg,test,frustrated,2,2
frustrated_3097.jpg,val,frustrated,frustrated_3111.jpg,test,frustrated,0,2
frustrated_3128.jpg,val,frustrated,frustrated_2946.jpg,test,frustrated,2,6
frustrated_3128.jpg,val,frustrated,frustrated_3111.jpg,test,frustrated,0,4
frustrated_3128.jpg,val,frustrated,frustrated_3159.jpg,test,frustrated,1,4
frustrated_3134.jpg,val,frustrated,frustrated_2946.jpg,test,frustrated,2,6
frustrated_3134.jpg,val,frustrated,frustrated_3111.jpg,test,frustrated,0,4
frustrated_3134.jpg,val,frustrated,frustrated_3159.jpg,test,frustrated,1,4
frustrated_3525.jpg,val,frustrated,confused_2728.jpg,test,confused,3,4
frustrated_8926.jpg,val,frustrated,bored_5222.jpg,test,bored,1,6
frustrated_8926.jpg,val,frustrated,bored_5226.jpg,test,bored,0,6
frustrated_8926.jpg,val,frustrated,confused_13013.jpg,test,confused,1,6
frustrated_8926.jpg,val,frustrated,confused_13018.jpg,test,confused,1,6
frustrated_8926.jpg,val,frustrated,frustrated_8024.jpg,test,frustrated,0,6
frustrated_8926.jpg,val,frustrated,frustrated_8029.jpg,test,frustrated,0,6
frustrated_8926.jpg,val,frustrated,frustrated_8942.jpg,test,frustrated,0,2
frustrated_8926.jpg,val,frustrated,frustrated_9024.jpg,test,frustrated,0,4
frustrated_8926.jpg,val,frustrated,frustrated_9576.jpg,test,frustrated,0,4
frustrated_8932.jpg,val,frustrated,bored_5222.jpg,test,bored,1,6
frustrated_8932.jpg,val,frustrated,bored_5226.jpg,test,bored,0,6
frustrated_8932.jpg,val,frustrated,confused_13013.jpg,test,confused,1,6
frustrated_8932.jpg,val,frustrated,confused_13018.jpg,test,confused,1,6
frustrated_8932.jpg,val,frustrated,frustrated_8024.jpg,test,frustrated,0,6
frustrated_8932.jpg,val,frustrated,frustrated_8029.jpg,test,frustrated,0,6
frustrated_8932.jpg,val,frustrated,frustrated_8942.jpg,test,frustrated,0,2
frustrated_8932.jpg,val,frustrated,frustrated_9024.jpg,test,frustrated,0,4
frustrated_8932.jpg,val,frustrated,frustrated_9576.jpg,test,frustrated,0,4
frustrated_9133.jpg,val,frustrated,bored_6047.jpg,test,bored,4,2
frustrated_9133.jpg,val,frustrated,frustrated_9145.jpg,test,frustrated,0,0
frustrated_9411.jpg,val,frustrated,bored_5222.jpg,test,bored,4,6
frustrated_9411.jpg,val,frustrated,bored_5226.jpg,test,bored,3,6
frustrated_9411.jpg,val,frustrated,confused_13013.jpg,test,confused,2,6
frustrated_9411.jpg,val,frustrated,confused_13018.jpg,test,confused,2,6
frustrated_9411.jpg,val,frustrated,engaged_1806.jpg,test,engaged,5,6
frustrated_9411.jpg,val,frustrated,engaged_1860.jpg,test,engaged,5,6
frustrated_9411.jpg,val,frustrated,engaged_1916.jpg,test,engaged,5,6
frustrated_9411.jpg,val,frustrated,engaged_1925.jpg,test,engaged,5,6
frustrated_9411.jpg,val,frustrated,engaged_1982.jpg,test,engaged,5,6
frustrated_9411.jpg,val,frustrated,engaged_2048.jpg,test,engaged,5,6
frustrated_9411.jpg,val,frustrated,frustrated_8024.jpg,test,frustrated,3,6
frustrated_9411.jpg,val,frustrated,frustrated_8029.jpg,test,frustrated,3,6
frustrated_9411.jpg,val,frustrated,frustrated_9024.jpg,test,frustrated,3,6
frustrated_9411.jpg,val,frustrated,frustrated_9576.jpg,test,frustrated,3,6
frustrated_9411.jpg,val,frustrated,frustrated_9653.jpg,test,frustrated,3,6
frustrated_9411.jpg,val,frustrated,frustrated_9812.jpg,test,frustrated,5,6
frustrated_9580.jpg,val,frustrated,bored_5222.jpg,test,bored,2,4
frustrated_9580.jpg,val,frustrated,bored_5226.jpg,test,bored,1,4
frustrated_9580.jpg,val,frustrated,confused_13013.jpg,test,confused,2,4
frustrated_9580.jpg,val,frustrated,confused_13018.jpg,test,confused,2,4
frustrated_9580.jpg,val,frustrated,engaged_1806.jpg,test,engaged,5,6
frustrated_9580.jpg,val,frustrated,engaged_1860.jpg,test,engaged,5,6
frustrated_9580.jpg,val,frustrated,engaged_1916.jpg,test,engaged,5,6
frustrated_9580.jpg,val,frustrated,engaged_1925.jpg,test,engaged,5,6
frustrated_9580.jpg,val,frustrated,engaged_1982.jpg,test,engaged,5,6
frustrated_9580.jpg,val,frustrated,engaged_2048.jpg,test,engaged,5,6
frustrated_9580.jpg,val,frustrated,engaged_2073.jpg,test,engaged,4,6
frustrated_9580.jpg,val,frustrated,engaged_2081.jpg,test,engaged,4,6
frustrated_9580.jpg,val,frustrated,engaged_2092.jpg,test,engaged,4,6
frustrated_9580.jpg,val,frustrated,engaged_2106.jpg,test,engaged,4,6
frustrated_9580.jpg,val,frustrated,engaged_2111.jpg,test,engaged,4,6
frustrated_9580.jpg,val,frustrated,engaged_2116.jpg,test,engaged,4,6
frustrated_9580.jpg,val,frustrated,engaged_2125.jpg,test,engaged,4,6
frustrated_9580.jpg,val,frustrated,engaged_2156.jpg,test,engaged,4,6
frustrated_9580.jpg,val,frustrated,engaged_2181.jpg,test,engaged,4,6
frustrated_9580.jpg,val,frustrated,engaged_2191.jpg,test,engaged,4,6
frustrated_9580.jpg,val,frustrated,engaged_2198.jpg,test,engaged,4,6
frustrated_9580.jpg,val,frustrated,engaged_2203.jpg,test,engaged,4,6
frustrated_9580.jpg,val,frustrated,engaged_2214.jpg,test,engaged,4,6
frustrated_9580.jpg,val,frustrated,engaged_2216.jpg,test,engaged,4,6
frustrated_9580.jpg,val,frustrated,frustrated_8024.jpg,test,frustrated,1,4
frustrated_9580.jpg,val,frustrated,frustrated_8029.jpg,test,frustrated,1,4
frustrated_9580.jpg,val,frustrated,frustrated_8942.jpg,test,frustrated,1,2
frustrated_9580.jpg,val,frustrated,frustrated_9024.jpg,test,frustrated,1,0
frustrated_9580.jpg,val,frustrated,frustrated_9576.jpg,test,frustrated,1,0
frustrated_9647.jpg,val,frustrated,frustrated_9653.jpg,test,frustrated,1,0
frustrated_9798.jpg,val,frustrated,confused_4134.jpg,test,confused,5,6
frustrated_9798.jpg,val,frustrated,confused_4142.jpg,test,confused,5,4
frustrated_9798.jpg,val,frustrated,engaged_1806.jpg,test,engaged,4,6
frustrated_9798.jpg,val,frustrated,engaged_1860.jpg,test,engaged,4,6
frustrated_9798.jpg,val,frustrated,engaged_1916.jpg,test,engaged,4,6
frustrated_9798.jpg,val,frustrated,engaged_1925.jpg,test,engaged,4,6
frustrated_9798.jpg,val,frustrated,engaged_1982.jpg,test,engaged,4,6
frustrated_9798.jpg,val,frustrated,engaged_2048.jpg,test,engaged,4,6
frustrated_9798.jpg,val,frustrated,engaged_2073.jpg,test,engaged,3,6
frustrated_9798.jpg,val,frustrated,engaged_2081.jpg,test,engaged,3,6
frustrated_9798.jpg,val,frustrated,engaged_2092.jpg,test,engaged,3,6
frustrated_9798.jpg,val,frustrated,engaged_2106.jpg,test,engaged,3,6
frustrated_9798.jpg,val,frustrated,engaged_2111.jpg,test,engaged,3,6
frustrated_9798.jpg,val,frustrated,engaged_2116.jpg,test,engaged,3,6
frustrated_9798.jpg,val,frustrated,engaged_2125.jpg,test,engaged,3,6
frustrated_9798.jpg,val,frustrated,engaged_2156.jpg,test,engaged,3,6
frustrated_9798.jpg,val,frustrated,engaged_2181.jpg,test,engaged,3,6
frustrated_9798.jpg,val,frustrated,engaged_2191.jpg,test,engaged,3,6
frustrated_9798.jpg,val,frustrated,engaged_2198.jpg,test,engaged,3,6
frustrated_9798.jpg,val,frustrated,engaged_2203.jpg,test,engaged,3,6
frustrated_9798.jpg,val,frustrated,engaged_2214.jpg,test,engaged,3,6
frustrated_9798.jpg,val,frustrated,engaged_2216.jpg,test,engaged,3,6
frustrated_9798.jpg,val,frustrated,frustrated_9734.jpg,test,frustrated,1,2
frustrated_9798.jpg,val,frustrated,frustrated_9812.jpg,test,frustrated,0,0
